step,episode,reward_r1,reward_r2,falls_r1,falls_r2,hits_r1,hits_r2,winner
9,0,-0.365410880758235,42.7506165772065,1,0,0.014560110978384869,0.022462703268723978,2
325,1,221.62464264716706,171.00071428934822,0,1,0.0033394084637915545,0.0053363373674643316,1
381,2,29.246710441974948,74.41127893657716,1,0,0.012057280557577677,0.012439528356927455,2
389,3,40.61220073351354,-1.4510119670764343,0,1,0.06263511308076049,0.05002196780036154,1
401,4,2.0857500168595067,43.42878388375017,1,0,0.019291304555671,0.03619894204999718,2
410,5,42.65189887553555,-3.302088392167141,0,1,0.018767953813703428,0.011623255620560454,1
420,6,44.83469259973579,0.18008500606411637,0,1,0.03411547729518525,0.02142209251937235,1
434,7,42.80715915137877,-1.1222031588296844,0,1,0.026014049440889205,0.01682753859768454,1
444,8,43.640423497659114,1.3297500160260292,0,1,0.029350047016939013,0.01828332872647792,1
534,9,97.09690650067097,56.41452243162149,0,1,0.030698447960760586,0.018774146062398984,-2
542,10,40.48030079304089,1.5138686080994557,0,1,0.02208776439751126,0.014355358545203017,1
603,11,52.54863601020392,97.5835127608568,1,0,0.03846911476990662,0.027593103357872257,2
1103,12,287.14176072314194,277.66999994475174,0,0,0.0031198413221960163,0.0021451455069378842,0
1114,13,-2.874496525007892,42.16071226906635,1,0,0.01765127330784671,0.03510189094928935,2
1155,14,22.48657191223396,67.13530824679191,1,0,0.01559804121691792,0.018433336141890213,2
1162,15,-3.7413836486735086,38.36878202843463,1,0,0.015604019051803256,0.020550138176611,2
1194,16,23.54756460127285,14.976078325788638,0,1,0.013405410273127662,0.014624888493385151,-2
1206,17,42.443490911649356,-0.1682427515274476,0,1,0.028586435788778026,0.027339952981108622,1
1215,18,43.14604744281672,1.8015101970799297,0,1,0.021542273687808602,0.015113264943874593,1
1229,19,50.72079343903792,2.8316399322166035,0,1,0.018380337637596295,0.02592177838940208,1
1301,20,86.97337575147519,37.47263453766331,0,1,0.0157383626574393,0.02268105424607008,1
1308,21,-0.13581892461796485,37.788422786579666,1,0,0.01137694644136796,0.04072656835501524,2
1326,22,4.067104033854303,52.651633513234316,1,0,0.018182523501392947,0.028524052304158262,2
1336,23,39.95664320058216,1.489877308494787,0,1,0.025450523324256003,0.014776073391404946,1
18,0,46.110027883069705,13.646396169617557,0,1,0.04200665370681547,0.09708802219921063,1
28,1,2.165126452381159,47.640859708643674,1,0,0.026845882335569282,0.020497085871248225,2
58,2,18.238402139041366,64.62431766877614,1,0,0.022769648586568134,0.043601876235902136,2
67,3,39.42740427760729,0.4087462454398416,0,1,0.024959967613414145,0.015633905889175806,1
414,4,209.938274086386,243.68478064675423,1,0,0.008863463146885067,0.00553805285550161,2
423,5,37.6800342684558,0.18424162389758791,0,1,0.018113068134342197,0.013535347018945426,1
432,6,-1.9824888420564264,39.233829997566794,1,0,0.027796955798687056,0.027579895519381076,2
463,7,21.19476001310001,36.34902132123227,1,0,0.04074897226039878,0.040291377557733626,-1
963,8,310.3174163555136,316.8307700080898,0,0,0.007488833726990908,0.006554618419560701,0
974,9,2.3143256741949187,50.88870227754364,1,0,0.008622662097565674,0.02033115091054054,2
984,10,45.43097169164612,-1.3866776289459217,0,1,0.06137350206674519,0.029363922240831175,1
991,11,-0.3280103090228934,41.07829486702885,1,0,0.03582791684128746,0.036873601211904396,2
1007,12,54.45592203285524,8.327154242997906,0,1,0.049971068410836095,0.03376599940329586,1
1017,13,0.10190850538372054,3.6903492164161236,1,1,0.023786202744051237,0.023722534394031946,0
1025,14,-1.5929923465840758,39.74505142695573,1,0,0.023695262736990477,0.02878242244411803,2
1032,15,37.52630926808381,-4.389109060822154,0,1,0.040197234885153414,0.008986224156559785,1
1042,16,46.78322452921381,-2.7584614643989216,0,1,0.06780024092007633,0.024553469955989917,1
1050,17,8.643762693255535,-1.2634408595069555,0,1,0.006039691263195311,0.01953889366129334,-2
1058,18,-4.0906738167798515,40.50881548396929,1,0,0.011573022408272089,0.024710917493120314,2
1362,19,165.31714793053357,204.1073809874279,1,0,0.0033036330031872125,0.004171603656143841,2
1371,20,40.927923463712595,0.3411697000771774,0,1,0.036584854200099284,0.012958008489427745,1
1492,21,110.4765355822389,62.170897051983175,0,1,0.009734284866451962,0.009520355846282344,1
1501,22,2.249725611315826,41.819518799075,1,0,0.02486365241585848,0.037111014534432045,2
1510,23,-2.960414302561368,43.78686455892709,1,0,0.014881637024868024,0.012720310111113688,2
1529,24,5.494428376012742,48.599910557303865,1,0,0.02363425481129052,0.03099084555678527,2
1539,25,44.18639701659966,-0.019410342816359005,0,1,0.03561804915640182,0.0305207870321191,1
1558,26,46.88158393056163,13.467552032025843,0,1,0.025926814647267923,0.05830630593292981,1
1570,27,52.08157243464491,0.5846634029399169,0,1,0.035457991085071965,0.027711660195400608,1
1579,28,40.08862621482379,0.5215939231264493,0,1,0.019659217605277845,0.019223415754347106,1
1605,29,37.64770125261615,17.01528651192152,0,1,0.07248304431485712,0.0661133391286824,-2
1613,30,42.518402533956916,0.4454709563783794,0,1,0.03256982627835274,0.026917839601370397,1
1621,31,-0.27372724150778005,42.47328997938013,1,0,0.023272744575362866,0.023851968134287336,2
1631,32,-2.8199354208319143,41.29610505140627,1,0,0.01281826217536452,0.04457532270209351,2
1640,33,-1.7427062804066509,42.56233267963941,1,0,0.012156903561856823,0.01677698470015993,2
1647,34,0.1760077285744579,38.87967513382827,1,0,0.03610667410573876,0.0635771961795835,2
1726,35,44.26291557647602,89.26046170127796,1,0,0.012568055463752748,0.011563788046640712,2
1739,36,49.049228896671075,5.7767514036773555,0,1,0.05165858389426847,0.038121902310479246,1
1754,37,53.05021480985221,-1.9764848530487473,0,1,0.03352326689485711,0.01080470024600298,1
1851,38,129.98877430125418,66.50775030787025,0,1,0.03602065423139816,0.02859151660812183,1
1867,39,56.01240104351726,2.4051566512247664,0,1,0.03738924426606186,0.01447786242214336,1
1958,40,52.45599050982547,100.57885427660011,1,0,0.011512545381400265,0.013670398262840333,2
1968,41,39.83659031587943,1.0205226458828598,0,1,0.032187559734278656,0.022290385233334098,1
2194,42,129.85735449336428,166.87033037850478,1,0,0.006498862422476096,0.0042293335719667405,2
2202,43,43.07304328168701,-4.031013303309646,0,1,0.032902477372075016,0.012547040851218851,1
2212,44,43.930239866869215,-2.842761642913091,0,1,0.019263114189513496,0.012341295413365892,1
2219,45,46.025382305691224,0.9210048848765258,0,1,0.04544108808330898,0.03488431690016962,1
2227,46,1.642981507263368,42.82253891920246,1,0,0.039448543493593974,0.037590133067602005,2
2292,47,103.67419041127253,43.73806046082619,0,1,0.04469357293820492,0.022819129844364624,1
2300,48,43.2526495864329,0.7081770894531978,0,1,0.032756909502219836,0.03257141387665765,1
2309,49,42.35155704137114,-4.229885807498263,0,1,0.02868758908493179,0.011416872588006673,1
2323,50,5.6243571717193745,59.62491248381132,1,0,0.02590673413275581,0.08898442326910419,2
2330,51,47.49875920461152,3.106152444112176,0,1,0.0639984558300483,0.0617354703592571,1
2338,52,-1.4558420615410412,38.57827935945884,1,0,0.014947294300485038,0.032814897523036776,2
2347,53,42.37866891615223,-1.235003909505192,0,1,0.034788303709175974,0.020007971504401128,1
2674,54,185.24815339216096,229.94914236126903,1,0,0.0061830745473786235,0.002928130863112281,2
2729,55,32.41058262197213,40.01544734045098,1,0,0.013106348024939547,0.013859367086994765,-1
2744,56,-1.0519212202273476,43.83631227707306,1,0,0.0165665698714436,0.024299570178848772,2
2751,57,-2.119101278048383,42.603624213063156,1,0,0.03676737864867141,0.03566577659890962,2
2766,58,54.56132925520345,7.966948277027679,0,1,0.0582741526851326,0.045983765773392846,1
2774,59,2.5314080209329823,39.65630763005079,1,0,0.03790884095710357,0.041819315186069,2
3107,60,186.29445296360956,213.7712936956893,1,0,0.007219790383004219,0.007131519678686611,-1
3116,61,-1.3190466696866814,40.458043423601076,1,0,0.009337935597130724,0.037171175869023174,2
3341,62,155.08381748276668,177.65201944165918,1,0,0.016127963581607882,0.012953643575569341,-1
3355,63,43.33107334237496,1.8073298456314113,0,1,0.022572837890550583,0.009895314892101381,1
3380,64,26.80031468862871,19.89237915176313,0,1,0.02122546870208593,0.030609739360456956,-2
3585,65,192.5024504527881,134.11271501556536,0,1,0.019973342706596446,0.01119208494516645,1
3599,66,43.88183598640585,-0.5930280572606019,0,1,0.02790811104908234,0.009761749304218676,1
3613,67,2.8300902168501025,54.46312957980751,1,0,0.02055426275848252,0.05234251641223027,2
3708,68,62.16165095998661,123.83678712320152,1,0,0.030227669612559852,0.03633581999314076,2
3932,69,139.04442588263947,156.19370968637375,1,0,0.011910976986436391,0.015106424377869814,-1
3986,70,37.38910701564131,93.54254609746322,1,0,0.036137527785012453,0.0510401600218619,2
3996,71,53.79362049107996,5.9565580031451795,0,1,0.07087419769699359,0.03786066045108273,1
4031,72,21.72306967897959,68.00821823180729,1,0,0.06335452241838788,0.04948955145863241,2
4061,73,10.338772751421114,69.34790419146236,1,0,0.019786731958987967,0.048961111685521884,2
4074,74,46.49828873189254,5.288730392955031,0,1,0.03755681552442766,0.025735302485801605,1
4277,75,131.08338102981116,194.49173735729246,1,0,0.014080052668094055,0.022587677949300822,2
4385,76,77.47337143392978,129.63953989423825,1,0,0.02671988715363621,0.029982133966341907,2
4393,77,-2.0482226027737145,40.810948366279646,1,0,0.020559166353612823,0.038988410165045874,2
4495,78,70.3609108597413,67.74810423886011,1,1,0.01623127206356266,0.02245404564249171,0
4507,79,44.514767426279576,4.83940950039857,0,1,0.01444152807696023,0.01853082405724919,1
4518,80,39.95573358577391,6.039325704374733,0,1,0.02407463298168112,0.01827006348610725,1
4577,81,79.3788252538524,30.35291816415292,0,1,0.018152847360674608,0.013529015209096688,1
4631,82,62.26936872264617,105.24815455655376,1,0,0.07253133796044745,0.08644975256441291,2
4668,83,20.14560038587168,75.64709543985904,1,0,0.012353778424277487,0.04266019863494942,2
4717,84,26.503576209176092,47.298395328669685,1,0,0.03105423902376206,0.02080232152985113,-1
5140,85,249.6858434732864,281.52757577795524,1,0,0.004186641211091084,0.003556876909998452,2
5153,86,47.121826810447516,3.8591898533451072,0,1,0.020586814249468437,0.014563858062968615,1
5166,87,42.630086012187206,5.1277915105629255,0,1,0.03541322899275886,0.01985799175808723,1
5494,88,247.57375667891645,191.83647761705663,0,1,0.00693503658246784,0.007171670807495504,1
5504,89,44.16590932313305,3.370320510425991,0,1,0.045836953468572576,0.037477926570324685,1
5514,90,-3.937140882093736,44.78827896761454,1,0,0.00756497591776713,0.052320701499357226,2
5549,91,69.5374477493265,25.865819691191128,0,1,0.028280158835675324,0.016851829863331884,1
5563,92,5.877258812609696,45.11259219087162,1,0,0.01703990420390479,0.03444355050687469,2
5637,93,59.30375053390996,98.8679218126945,1,0,0.023855077990929143,0.02320307112265287,2
5647,94,-2.3846872635935163,40.95006705343458,1,0,0.00513154646329103,0.026386900180109363,2
5685,95,66.57506947516396,30.471301420194308,0,1,0.026787226123355747,0.03459820048774735,1
6070,96,299.50813129738344,257.7694241635614,0,1,0.01223727270803833,0.014179972667598373,1
6078,97,40.273581266896834,0.11970771572579864,0,1,0.06370731503686917,0.018866814582815594,1
6085,98,-5.781466103721282,40.0054943836257,1,0,0.008217979278735394,0.020051142294998263,2
6093,99,-3.213209854073087,39.62512576370047,1,0,0.010566293701446327,0.024463059911642653,2
6100,100,-3.876548719034737,39.536276397280794,1,0,0.020200647994883476,0.04720043627970856,2
6600,101,295.5029808667746,270.7101788758335,0,0,0.002376987497094169,0.0021416460093874076,0
6608,102,-1.6896571325260545,42.16903795408601,1,0,0.012692625542744147,0.05975074582056638,2
6615,103,2.231803502523359,39.07353635278703,1,0,0.015234805279636277,0.03148060614010932,2
6684,104,41.61883663177281,88.06379906375162,1,0,0.018102182545835413,0.01578341758129289,2
6728,105,41.173733864408895,30.68462626340275,1,1,0.06468930544666822,0.01922959580445968,0
6987,106,143.50657102824297,188.93483970027697,1,0,0.005318007756159837,0.005189737859385657,2
6995,107,-4.615582987096083,39.920691094189706,1,0,0.0020626612776599115,0.04066556606493929,2
7003,108,3.3626019237933775,41.006327479320476,1,0,0.02184479061180664,0.03134510467557282,2
7016,109,55.09552498875909,4.873789275342773,0,1,0.06008489308636359,0.02359850977210816,1
7027,110,41.61788237599239,2.7389920564682733,0,1,0.01004074496307724,0.015467818547701266,1
7065,111,31.736282052239318,31.229110864517907,1,1,0.05433040959875496,0.025531133884460974,0
7075,112,1.1999360923380316,41.30740429240989,1,0,0.01054329475274487,0.018796339620773643,2
7092,113,51.795943069355054,5.781195475046491,0,1,0.024815776077957465,0.02127904632490994,1
7103,114,41.1734763808802,0.7735419153600844,0,1,0.026890207565613958,0.019766195221090892,1
7118,115,57.32066849834766,8.056567269434677,0,1,0.0791910435417544,0.04733527775471935,1
7129,116,4.235355212492447,41.90659006426319,1,0,0.03976443092233403,0.052828979851333814,2
7195,117,27.489629929850885,56.918265934050886,1,0,0.007691724179027487,0.011716612310396663,-1
7335,118,94.17338173471857,94.48477292446604,1,1,0.018292395031518638,0.014640687337283945,0
7345,119,42.574375146345396,2.9903910825878857,0,1,0.04704747021825888,0.011599128235697705,1
7366,120,21.245711799878784,11.834142006719539,0,1,0.023039396617639138,0.010254746140645685,-2
7374,121,-1.0819332967298223,39.51092789601949,1,0,0.016383155273526056,0.03656071083266322,2
7402,122,63.248262394188885,14.244840874292336,0,1,0.045158351956462374,0.02331406942053857,1
7701,123,174.9281248812623,199.3773346111236,1,0,0.008495514349909616,0.005422373255070688,-1
7711,124,1.4746770914126088,41.18315240469767,1,0,0.011432579021664422,0.017587387477018778,2
7720,125,41.47794198757542,-1.738792721837303,0,1,0.014279676533912584,0.02227167775666823,1
7914,126,98.18231500035027,195.50983975465414,1,0,0.010439663073889967,0.027858428582603848,2
7951,127,25.714042820134594,88.588940524506,1,0,0.047183193836489855,0.08929495837441531,2
7993,128,31.951619422258695,75.38744381748528,1,0,0.034025165463351735,0.023921439738888977,2
8001,129,39.447332452218305,2.6283030992768595,0,1,0.05612288338473846,0.023764550763949434,1
8013,130,41.67252844948483,5.675236693745196,0,1,0.042239132488167984,0.024776460789199994,1
8165,131,84.75897178174847,87.60265621767192,1,1,0.010424032866155413,0.009187305456347326,0
8175,132,2.1901497165955934,40.564032573594424,1,0,0.0314983225891455,0.04722198431612008,2
8271,133,63.43665922731678,146.30097219958915,1,0,0.023286532315442764,0.06693256531652553,2
8280,134,43.82939467447221,-1.2309514228282215,0,1,0.09246611117061898,0.03381416816403154,1
8291,135,42.15417495756195,1.8431605792949206,0,1,0.049078034063464025,0.023526397187071623,1
8303,136,45.134376220422936,3.155221692436438,0,1,0.06948074009037998,0.01845356808495469,1
8316,137,3.6320781244866147,6.235034320447376,1,1,0.038653357880240775,0.07002522126850048,0
8816,138,342.36174756868166,304.3593186691849,0,0,0.00698102461647667,0.0043881945661571895,0
9177,139,198.1986255281,175.4471092734448,1,1,0.0031683829421162916,0.0024918756473698137,0
9359,140,110.61621618506742,131.76865591143024,1,0,0.00958752705402541,0.00924129542311137,-1
9594,141,146.1928661311636,129.43306744769038,1,1,0.008383914829453656,0.008733298726215016,0
9849,142,171.00673713781418,189.25028786377823,1,0,0.011421330646228613,0.0076891196690773616,2
9864,143,63.02074395047739,3.36808948425481,0,1,0.10655360754328372,0.04070811908710556,1
9871,144,-3.671411603082614,38.7078295112905,1,0,0.04440275277252952,0.04870832331300564,2
9879,145,-2.8064591725214747,40.07184223380515,1,0,0.03363542941371943,0.054164056985138376,2
9889,146,0.2739371401615447,40.28193959240679,1,0,0.026468303254229116,0.019324076984561855,2
10389,147,330.9597559261939,309.5589309182761,0,0,0.009611252091427713,0.006268417965441256,0
10648,148,185.8846583131942,154.51665223883245,1,1,0.02224574490514091,0.011209638007345722,0
10655,149,-2.032198165534753,38.69912275981503,1,0,0.039494706617907716,0.04550689666512777,2
10665,150,2.054139546522224,40.757578226125915,1,0,0.032524025908290136,0.03673317250776588,2
10672,151,-1.2204330061219402,38.88382802355959,1,0,0.040938373305084166,0.05631736010968343,2
10680,152,0.08058136374694769,40.01000453272689,1,0,0.03468369102471123,0.05467564647969787,2
10691,153,2.5193848125443328,43.11301352220471,1,0,0.03388819076198226,0.03993554208318544,2
10774,154,48.45745480239964,107.4411341678668,1,0,0.026225034003611213,0.02993766926653945,2
10863,155,53.89052183420526,103.07625666536518,1,0,0.02822310560876097,0.023121415166949044,2
10873,156,1.2507944323761748,46.23051873653106,1,0,0.026636013325140446,0.02581685661249806,2
11373,157,296.01155081745674,288.6513886350623,0,0,0.004063381690728366,0.003992741412188223,0
11383,158,-0.5519106838058896,42.63007767770212,1,0,0.02843933914044769,0.04722923662614642,2
11394,159,1.4681203261175249,49.08788039764501,1,0,0.023764150912404726,0.02630206983177756,2
11402,160,-1.4139181309165778,41.183552400937174,1,0,0.04126211372136099,0.06474533447278365,2
11411,161,-2.2349770476824276,40.801479783025215,1,0,0.030534851410061847,0.035248330933091,2
11419,162,-3.1908486539504715,39.9886644047398,1,0,0.03529273032932961,0.03584583574254889,2
11426,163,-4.3974817930858485,40.16741602051505,1,0,0.03755792855899511,0.05864032203149659,2
11438,164,1.6643900409122825,54.1414379420011,1,0,0.023217265263534802,0.03596885867674284,2
11448,165,0.42814645130574647,45.12819549244692,1,0,0.030913565459646342,0.07393248664138821,2
11456,166,-0.4307133095258049,42.784016930491035,1,0,0.03481399906300713,0.05419094256471397,2
11468,167,1.6835416740108435,44.81148612240336,1,0,0.026986463589925427,0.040317507810046525,2
11476,168,-3.858314948533245,41.7151980747627,1,0,0.02933997569645245,0.06353472954380149,2
11486,169,-3.9033985557215694,46.670480713043816,1,0,0.023783724947792816,0.03640415220568965,2
11496,170,-2.9948874131744265,42.76685284511323,1,0,0.025933466864032678,0.027428876512734946,2
11507,171,3.071115786185379,43.981673721241854,1,0,0.0336678085048683,0.03571964597153502,2
11516,172,-2.2728784401557114,44.06190285904725,1,0,0.0281508082186009,0.051365819530954454,2
11539,173,9.388316896549167,57.515059837483264,1,0,0.02018286213028202,0.032385552571426855,2
11557,174,3.581980409239634,22.91887870815759,1,0,0.014838424874998183,0.01947378172267052,-1
11705,175,170.29755522032343,78.42836462360592,0,1,0.040333027824011346,0.009389679114187578,1
11720,176,1.6236021816982813,43.870441322107816,1,0,0.0190453896128357,0.021540525202305004,2
11730,177,1.6569820583512538,43.88791012805498,1,0,0.025437654552577026,0.02453315126089019,2
11738,178,-4.579878069675756,40.48621181356618,1,0,0.02687423021983723,0.05134524926816623,2
11747,179,-3.232458721633659,40.909681424218604,1,0,0.02598421317947601,0.039630911927907235,2
11756,180,2.1833802305701653,40.306822326516865,1,0,0.027964178563235995,0.02495051122810171,2
11767,181,3.986509850820328,43.57549900507239,1,0,0.02231371371212722,0.022645838720063406,2
11781,182,1.2174427364936484,2.0115881056642664,1,1,0.019315210552882687,0.032585164435467925,0
12281,183,296.2811683869131,288.12624596938065,0,0,0.0040373391531461625,0.0070117047646480095,0
12781,184,326.2907712315357,377.2020318996614,0,0,0.01212920507276552,0.016216289362280114,0
12989,185,128.20898269187597,214.2362764857709,1,0,0.01398437464333528,0.031298683833314675,2
12996,186,38.29035508561355,-2.4814282443531805,0,1,0.02564040111160584,0.01831847576705311,1
13005,187,39.79949162570362,-0.4879986735702939,0,1,0.02732811558551667,0.017330008623803742,1
13102,188,39.38658504640654,128.32128755198585,1,0,0.01066793125959784,0.04403229308185648,2
13109,189,37.90352621113155,-2.178941734403791,0,1,0.039634132688268424,0.03612797166451894,1
13118,190,2.2784762158007297,45.67901735734131,1,0,0.016562865539636467,0.04061752541725944,2
13126,191,42.384006015160665,0.43633910675187515,0,1,0.0315370896659894,0.0249023630467513,1
13135,192,3.2361789338382305,42.03517869238956,1,0,0.03175439920253376,0.04167061130092584,2
13142,193,-4.275296345370997,38.26909744917767,1,0,0.02874970749030194,0.051428469335125335,2
13151,194,40.036658221983984,-3.680417386348232,0,1,0.021665301018334738,0.008301219547040418,1
13158,195,38.387533489939095,-2.9279366467374146,0,1,0.03195224376474407,0.017609379115457884,1
13168,196,40.899592365730946,0.13171057368461803,0,1,0.03926599367669827,0.026263977760238144,1
13185,197,53.20934977989143,12.977217817891294,0,1,0.02571505154997756,0.08583207497727417,1
13194,198,-1.640785351523192,41.72447329863861,1,0,0.02620914542291934,0.07391266474906474,2
13204,199,0.7512131341281894,40.23970806261827,1,0,0.016528236276443703,0.03202186348062701,2
13216,200,44.94770035690665,1.1553943749951525,0,1,0.035388337583565216,0.011776937329930128,1
13224,201,43.172806948271415,-0.6196767514494166,0,1,0.033438586054910124,0.027139181612186578,1
13233,202,41.111116133608775,-2.7831901009681967,0,1,0.0566632435213881,0.028419550564196594,1
13242,203,0.17761528974769192,39.647426302090956,1,0,0.022560121592957685,0.0298036057590613,2
13254,204,5.8467224349174565,42.714335619125315,1,0,0.01581671727142092,0.020656959612079594,2
13264,205,45.426599278220245,-1.4843642346828219,0,1,0.02276337115261153,0.013395424483689864,1
13271,206,39.28938986512762,-4.012967939722634,0,1,0.049153409263879747,0.03476326008295299,1
13280,207,38.592755813458034,2.2925562327268736,0,1,0.026393983578235917,0.00815993308066932,1
13290,208,47.14352619674472,-0.799042870415505,0,1,0.021355800849217257,0.017328537399551133,1
13298,209,0.859745182002225,39.701828410531135,1,0,0.021815139626617373,0.037846269322614125,2
13306,210,38.81561858913528,-2.44548565312361,0,1,0.016295143979638944,0.02062395883805066,1
13313,211,39.2788097030711,-0.8308283216020804,0,1,0.02587896235370792,0.023042732295324296,1
13592,212,151.07663297145209,199.429586117326,1,0,0.0074523901644120245,0.01033761967636259,2
13646,213,27.99007038244551,86.62281555602709,1,0,0.03384303622005453,0.042535873801362444,2
13654,214,41.65832308110469,-3.9370332030951047,0,1,0.07799731515992259,0.04217574238478404,1
13706,215,50.98388838635317,96.8180262758073,1,0,0.04568886374506506,0.06659613301782824,2
13716,216,41.20388128547465,-0.3435139918653576,0,1,0.04219998761646847,0.027321205083572997,1
13724,217,40.5046340412596,-3.136000460034616,0,1,0.06302990013700877,0.03881889845604347,1
13800,218,54.434466692921674,45.91180269296295,1,1,0.01532972783469342,0.025446293335177655,0
13842,219,29.133844532236743,37.11175531267133,1,1,0.027009399904250036,0.07245640766439038,0
14342,220,508.3044946978989,425.6001816758384,0,0,0.06390700314966014,0.04716331684583648,0
14538,221,170.5186417286409,164.3670509948433,1,0,0.03920569467891628,0.028436597378599594,-1
14546,222,39.66129162472296,-3.75366300447752,0,1,0.05586578570786444,0.03442612563427948,1
14564,223,12.639619912594824,5.825461148984932,1,1,0.06872348610156664,0.05177445323492305,0
14573,224,39.45045669474009,-1.0980992284388584,0,1,0.044915815868521544,0.0331897130352029,1
14579,225,40.20488635693619,-4.508867623915135,0,1,0.09244951800652083,0.07204172041923979,1
14585,226,42.79467356048122,-2.9169587610444143,0,1,0.16221543477615863,0.08371917352306128,1
14693,227,52.71701128856179,164.3466730521719,1,0,0.017738987372462107,0.05918988065743958,2
14887,228,190.8549265050205,157.28675773837074,1,0,0.05616823663591477,0.035833643681631944,-1
15065,229,248.3648241348501,123.78026724436161,0,1,0.08509039405207777,0.05237571527383932,1
15073,230,1.41474719719832,39.49010619818287,1,0,0.036371204737858126,0.024452753510180687,2
15120,231,74.26971929035473,37.6514156142991,0,1,0.01096857536591476,0.05568307834613595,1
15129,232,-0.8075589551262663,38.61452633653164,1,0,0.023729451435177056,0.030932018140126846,2
15139,233,0.0769338585211834,39.5222487655892,1,0,0.02647884650294522,0.02227587669906516,2
15146,234,-0.9846643787571185,39.39616209258591,1,0,0.04298649055117915,0.031561830766799484,2
15154,235,-2.709587962447321,38.74037864059484,1,0,0.030160475536537595,0.02721639981630783,2
15162,236,-0.08578409748684734,40.36801199189329,1,0,0.024655161164454303,0.04889327047953629,2
15171,237,-0.43600955449824674,39.07103123746122,1,0,0.0247522006244901,0.03302423607236819,2
15180,238,1.5260603212147323,37.88217720440736,1,0,0.026148443094574512,0.022704124024217367,2
15201,239,10.001160474754885,17.62843420995936,1,0,0.0103262895441616,0.014379402557489998,-1
15208,240,0.6349795719607307,38.24291266214304,1,0,0.030011964153316324,0.03143828709749557,2
15391,241,158.13141819247514,163.76039155040183,1,1,0.037755005998166315,0.0552827728903916,0
15399,242,38.87611197363721,-0.3702945505282038,0,1,0.01502997898562844,0.015460610230059957,1
15494,243,120.34055513256173,76.9348069257749,0,1,0.03829134777131402,0.022922995239915634,1
15502,244,42.02275836753033,-1.1071777464701889,0,1,0.017114932460059858,0.01671177252727862,1
15808,245,188.04050538644776,262.54173100420905,1,0,0.013819857131887027,0.016952533708445173,-1
15822,246,10.463250238316864,54.539598036626046,1,0,0.04312214085983057,0.05721903169933471,2
15832,247,41.45837127893508,3.418204548880606,0,1,0.02128699708543324,0.01649472915782883,1
15841,248,43.72002517352431,-2.8544356652377108,0,1,0.02881636052063479,0.02404655915865621,1
15864,249,3.7938500531943227,94.70468555227092,1,0,0.034119825899603204,0.20741782058224043,2
15872,250,-1.7831526485630196,42.881639404880076,1,0,0.03262511027604724,0.021099697997939773,2
15881,251,1.5586002351039205,43.45932840442734,1,0,0.03142995470229979,0.025197011221172752,2
15893,252,1.191197790868241,50.89646053549244,1,0,0.014522408830928849,0.014263492083355561,2
15904,253,44.279316948474225,1.4093626777080086,0,1,0.025388892710062293,0.019107522417532042,1
15935,254,12.573396960237261,81.84931746205119,1,0,0.02508898286522545,0.10299329053916108,2
16107,255,119.14986694154393,239.12943410104253,1,0,0.029338552696498033,0.07415364270522312,2
16116,256,43.37735010819818,-0.7440186276621503,0,1,0.02091108614254415,0.020671170498923197,1
16198,257,132.72404418050246,176.95106086389896,1,0,0.20238600341762392,0.20582077213599193,2
16207,258,-1.97976169013406,41.27676827768512,1,0,0.01809114768952061,0.02844023461272181,2
16216,259,-2.155964998936936,41.83750404960109,1,0,0.018503305752989647,0.017966444980922872,2
16227,260,43.77823877790986,-0.9294470716990624,0,1,0.02646720447817,0.01893276994298342,1
16234,261,39.503245734539114,-2.777825974734844,0,1,0.025093286142113765,0.02643677306515673,1
16289,262,34.495773362829496,85.35900619429859,1,0,0.01826311769921685,0.040231382476824624,2
16354,263,124.98744393335035,52.437860723551466,0,1,0.11785499198904445,0.09412165850887597,1
16854,264,310.89425841145226,366.1660928306453,0,0,0.014166815700893943,0.0249919455446309,0
16897,265,22.217787231102715,82.04373443517454,1,0,0.015020477531182153,0.06318198492676165,2
16937,266,19.576977300432404,70.77060959053995,1,0,0.03336264748698597,0.03593936415164571,2
16944,267,0.2758208282048429,39.990961943318496,1,0,0.02975664535308023,0.043724245276026925,2
16953,268,-2.7351908597065364,40.23464055616491,1,0,0.010112601667876838,0.03398139627645417,2
17008,269,34.467909838034345,91.18387357781171,1,0,0.03941121674898839,0.05508233167356842,2
17226,270,126.4822701996339,197.27795306555723,1,0,0.014426730256210732,0.017074690617198008,2
17342,271,81.53950154919396,192.0583457581238,1,1,0.06426486981613427,0.16412771455119274,0
17634,272,180.27832403215604,221.36110945486269,1,0,0.006321949567724159,0.0056177573587118295,2
17756,273,129.38921476834958,177.15996878413944,1,0,0.05900177672789267,0.07972426294164088,2
17807,274,42.83390385741669,86.69693138198143,1,0,0.02425839643291773,0.04613425254067084,2
18307,275,272.5623032366053,301.55454590407317,0,0,0.002921046618157621,0.007866224176553008,0
18414,276,141.9270529551958,78.39463856913957,0,1,0.03497130717166565,0.03906952324094588,1
18426,277,1.8485548177346764,44.71816387828063,1,0,0.02244447588485969,0.056624530043990116,2
18476,278,66.9477556889155,109.90472226751444,1,0,0.15568101347808563,0.17240393391995212,2
18564,279,68.0680437200139,144.23359657014916,1,0,0.0497322281571601,0.09557510574151547,2
18650,280,125.69540517776124,66.75899970316375,0,1,0.05934666869722072,0.049081647965213804,1
18663,281,1.4801353139720401,46.611633952591305,1,0,0.017970811810035937,0.04377812471005191,2
18816,282,94.96616895250513,103.504632517561,1,0,0.01021009366334444,0.0098187483043316,-1
18847,283,66.47841553157633,30.501748983929637,0,1,0.05898986087632178,0.07947195263737449,1
18961,284,63.40455846936874,127.81933960101708,1,0,0.015040348733048254,0.021631260784835963,2
19015,285,87.7555722945344,33.71694264097171,0,1,0.034802826936081686,0.029171537145689215,1
19026,286,2.298176893230906,42.14436254027008,1,0,0.013227582554601054,0.047062283102990314,2
19034,287,42.28162178203533,-2.8682863009623674,0,1,0.02928563176278949,0.03295638139248543,1
19105,288,99.03536367007841,58.72564512132383,0,1,0.03232245502547129,0.03729147855601651,1
19210,289,135.50213206270115,62.51045114536457,0,1,0.035402990634880505,0.0200219991999853,1
19222,290,44.28257343633328,2.7847597812585256,0,1,0.043311639895401106,0.0320599966495398,1
19288,291,67.87713496387721,55.88422127710635,1,0,0.07122197776177999,0.020092470986895008,-1
19534,292,280.0589380760458,254.9191671064522,0,1,0.08139154091067886,0.07803304558992755,-2
19981,293,316.210577533436,505.64930892255006,1,0,0.0353098784139681,0.05836320314752934,2
20481,294,773.5101987012108,540.1135384074855,0,0,0.16744926950420555,0.12234611167847072,0
20525,295,41.11643717783984,101.73659241600777,1,0,0.10349501731210003,0.1525076894298429,2
20542,296,5.0324343525781305,46.22577579836196,1,0,0.021191309903061093,0.041595134459171304,2
20588,297,35.8825435065832,97.48261411065427,1,0,0.12702412147569012,0.14680626446567677,2
20595,298,41.10081997149009,-1.5409277064410052,0,1,0.03743715621428823,0.029687579556956327,1
20676,299,65.41812499857312,72.11160447862663,1,0,0.038223327320409846,0.020636138322463415,-1
20686,300,46.706986229945585,0.9017784517947174,0,1,0.05921946670027858,0.03032451859727142,1
20706,301,56.701525652921546,10.111578100343639,0,1,0.05625669217286763,0.03752926243952025,1
20845,302,178.33270361342,187.86445644424896,1,0,0.1484903286083212,0.12292757345496484,2
20943,303,68.4532026209736,128.65847043858352,1,0,0.029859341004055562,0.03305321321901729,2
20953,304,52.15028090821008,1.2889312850843524,0,1,0.09644785496721286,0.05016668186237794,1
21031,305,123.5150949598436,61.419298360468865,0,1,0.06769928163272985,0.033302007793833965,1
21043,306,46.87652388472401,2.9674091152908133,0,1,0.05950617771304131,0.02806515243883546,1
21054,307,0.9888251643625043,43.287593105271625,1,0,0.03085082740734285,0.043785517797361576,2
21117,308,118.8221931491839,40.06051709443521,0,1,0.09669930776194878,0.049543025820667934,1
21442,309,465.16125412736494,460.8878327032803,1,0,0.16356595029681342,0.1502865304280551,2
21606,310,107.71245103585858,90.61150124845618,0,1,0.010701830514318602,0.007336913508446375,-2
21742,311,171.38161764728338,80.04192772544897,0,1,0.03250107355143183,0.02254987759857944,1
21928,312,161.4182678377855,156.17329069389194,1,0,0.04500164121578773,0.023647976608740823,-1
22428,313,771.3646654538271,121.00766972485133,0,0,0.13851462376196372,0.02131012695572287,0
22475,314,49.46406073440167,77.74205660144669,1,0,0.09614529067783167,0.06652357988516343,2
22509,315,80.56095677032164,29.86183359414666,0,1,0.10849879249966894,0.07013239496318395,1
22591,316,120.39906875257779,45.873430634924055,0,1,0.044327888456822645,0.015480173486713808,1
22687,317,253.1311420277292,79.57248980988618,0,1,0.2633812088820916,0.14428204904615016,1
22736,318,90.95306702938004,44.85595586426027,0,1,0.08497233139059064,0.07001414331343181,1
22750,319,0.5767638285647436,43.86456972896792,1,0,0.023254541062529287,0.03994431102357572,2
22786,320,16.666271233687272,101.03409326920321,1,0,0.060497371857802275,0.16639016070258852,2
22913,321,183.9151883743644,87.80970664186829,0,1,0.08692033711382777,0.056756700349981974,1
23413,322,245.63694641433077,255.87246099200513,0,0,0.0011858377657081958,0.0011923167748785519,0
23660,323,290.23664194577816,342.0909104161142,1,0,0.14116085551780652,0.14256850571709628,2
23734,324,142.7738448833231,27.181423513653233,1,0,0.20761789060133876,0.039335406151830926,-1
23964,325,385.4387442168747,252.21370162481426,0,1,0.16818739741171596,0.14022010569120022,1
23980,326,13.505512593532902,52.46440782355913,1,0,0.19954386994910875,0.11399175232927322,2
24000,327,8.926880825792423,58.95198696865059,1,0,0.032379703183515345,0.07173155787148286,2
24128,328,90.59330266185958,179.0378779370564,1,0,0.05264768609419986,0.09330524292821045,-1
24148,329,2.6817186250888483,91.4504334176363,1,0,0.14933871710533345,0.31652669230289193,2
24168,330,9.162950958193008,55.893096235671806,1,0,0.05147762514651101,0.06857550548599085,2
24185,331,2.149654655294423,77.40524835481938,1,0,0.1525178482429522,0.27485857363989086,2
24329,332,337.0957928233179,201.97801338581286,1,1,0.2931817151670649,0.2010782298594011,0
24361,333,33.595301196747286,52.97800081721716,1,0,0.1118116377853472,0.024629303887606063,2
24404,334,68.04085067206516,33.973833601227994,0,1,0.0360020334950167,0.05875652795819161,1
24421,335,2.439224502593092,56.92872532946586,1,0,0.02008772485580254,0.07674854396042587,2
24432,336,8.818461429043849,50.92099869668395,1,0,0.08037863413605363,0.060024975932231335,2
24451,337,30.060881022916693,55.983731488167614,1,0,0.2887474248637116,0.16770852801987107,2
24567,338,285.6423070058668,35.620227631776274,1,1,0.26878113212595145,0.05379651037170628,0
24686,339,124.73533595152918,196.8501868186819,1,0,0.13644479586018282,0.15476395901428336,2
24783,340,196.35055466186196,223.9177008078575,1,0,0.27381378050557065,0.25963188402995296,2
24990,341,507.55849686122457,43.771657606744384,0,1,0.21422109057887384,0.03580539756363152,1
25091,342,365.84556172387755,-36.03492054203544,0,1,0.34888214395760975,0.033546480057492646,1
25177,343,113.79823552988452,102.80271692900708,1,0,0.13281757571743696,0.0624574324200853,2
25677,344,904.8467184308687,44.440972208991745,0,0,0.17365292854194783,0.0155992243419618,0
25737,345,130.37293999484882,12.414412095680497,0,1,0.13747943537486448,0.027559426926564237,1
25757,346,11.147979886348137,49.8297335944589,1,0,0.04085312502563669,0.03790448622980154,2
25769,347,2.8738569867947845,51.31433694396003,1,0,0.09031481635614037,0.11616853482744899,2
25839,348,178.55302890141837,18.443250003424822,0,1,0.1739694302248613,0.03615391337122458,1
25965,349,173.24865767191392,94.50999157140511,0,1,0.05882731249427413,0.04459766876916566,1
25981,350,2.368842138887757,50.41478735852469,1,0,0.020582562266146152,0.04303795703107867,2
26167,351,541.7903268443416,-3.756609513708515,0,1,0.2756998386379897,0.03284398619925325,1
26184,352,-11.660081477929971,103.72502835126616,1,0,0.025751680768283183,0.40007452641157193,2
26199,353,6.242798221110444,50.97861522571857,1,0,0.0331407225604561,0.050323430836214066,2
26222,354,9.144000585761571,12.184802082017228,1,1,0.009415769941035757,0.05082508546131274,0
26237,355,0.15893829923821912,55.94708145291744,1,0,0.022298752581149613,0.09509715761116613,2
26245,356,-0.8662289030996941,41.13951295268846,1,0,0.03338444403834723,0.04655575824910476,2
26283,357,57.70663534397591,70.72444091230368,1,0,0.12533438917182968,0.06877474281990983,2
26376,358,272.72031797139414,7.512114491132202,0,1,0.24450375175280414,0.04307297406182546,1
26508,359,398.8598366888624,4.311328412306853,0,1,0.2738525522397762,0.042430916025011485,1
26533,360,10.762341336527466,77.17119974449253,1,0,0.017211853267502873,0.10729311232571943,2
26542,361,3.175234064257541,40.376929161567695,1,0,0.02990043787107978,0.04041024160753528,2
26550,362,-1.4513228277976875,40.38327375533726,1,0,0.030973426843739944,0.04656172919473229,2
26575,363,-13.641588670068847,121.3344484475255,1,0,0.00866128913605268,0.3410557309531789,2
27075,364,861.7685639379964,28.018848420940987,0,0,0.15582357451170492,0.003482570300860845,0
27575,365,988.471266783953,97.9395800741845,0,0,0.19668980456423188,0.03246827384686588,0
27630,366,99.76248319388617,22.1542379696679,0,1,0.06081329834380528,0.029598375548324153,1
27732,367,228.4392989261426,34.12648848544454,0,1,0.1736942923649881,0.039767665247348934,1
28232,368,795.3829130934815,82.74830981564945,0,0,0.1417851353309036,0.01444707468931774,0
28652,369,1239.4853562441533,389.0065966461731,1,0,0.346253969938249,0.14564019077807036,2
28959,370,596.275829148501,359.09932796820465,1,0,0.22406625914796655,0.1342439171628104,2
28971,371,3.2966963976068477,44.97127323514442,1,0,0.026587367152010804,0.06569735666656533,2
29178,372,196.21363112370014,217.4427860803275,1,0,0.09507746005761392,0.08044150155756098,2
29246,373,159.23456349860885,15.858052854741445,1,1,0.24521397809346782,0.03175784673099492,0
29259,374,2.7505682150908175,42.09790544282812,1,0,0.022494920784079577,0.03660323373093784,2
29759,375,577.1436035419808,180.52124857476093,0,0,0.08576217040450364,0.00471483486116313,0
29992,376,445.9783224788398,271.75881235315416,1,0,0.22152472006171947,0.13192121765652862,2
30076,377,243.89535144532587,-6.772116574340194,0,1,0.24254183739836813,0.02204202119656526,1
30576,378,1189.0405892596416,383.1767928298665,0,0,0.2657537573637664,0.10986868977150968,0
30824,379,269.1940029309404,318.62630064539997,1,0,0.12724181447127572,0.1266663686339005,2
30865,380,15.99875829744677,150.13806291991986,1,0,0.10016797210947123,0.2960062988050426,2
31365,381,952.647680511164,467.02097214813364,0,0,0.21903770963132946,0.12902564841952546,0
31713,382,727.8322595167114,317.50047290149087,1,0,0.23782362090687992,0.1145884262465322,2
31846,383,195.75853457553222,164.31803510747193,1,0,0.14963893418062246,0.08901854401755985,2
31901,384,194.01159005667537,-5.536857174421423,0,1,0.2889420604697194,0.03853746053737685,1
32048,385,233.69618777824076,179.6658011935296,1,0,0.18096955666630105,0.11342802403583517,2
32122,386,182.81668754422768,21.69079931279436,0,1,0.18432854953522473,0.04733522302420383,1
32217,387,188.24796924614304,56.92169207418657,1,0,0.21059252790309949,0.07649613706920641,-1
32393,388,351.79913668223344,278.16870844904463,1,0,0.26124786594773636,0.20127576184856244,2
32617,389,572.1321331699693,-10.23324541021997,0,1,0.23846432952087543,0.022517959265491307,1
33117,390,966.1519175099817,489.25525505447786,0,0,0.22428793513809625,0.1409840076779201,0
33168,391,79.53661765457731,36.82374786820753,1,0,0.17043684603155054,0.04288833504843226,-1
33269,392,279.9501879804452,103.15223826172533,0,1,0.2924315379187996,0.16623754045606182,1
33769,393,1016.9639158800177,450.7654932750462,0,0,0.22787700110631723,0.12228036988091989,0
33893,394,360.3182392707269,217.59836128454114,1,0,0.3831652471784609,0.24803942698856657,2
34016,395,353.9989442208993,144.73041455742322,1,0,0.3481812771816198,0.16695465044956412,2
34172,396,395.4610021448992,18.129124970970267,0,1,0.22609272559889504,0.032798325753963194,1
34231,397,95.62596914633328,77.1087073085033,1,0,0.16387052476565792,0.07826696487344029,2
34274,398,68.23426296906715,105.63796245826113,1,0,0.19740337883568113,0.20710968926493267,2
34631,399,721.2977392440217,319.14207599319724,1,0,0.2311654016651798,0.12372372724954901,-1
34918,400,654.3624010088314,315.2843132795018,1,0,0.2703180974151002,0.15347695043548032,2
35216,401,442.8332167043552,266.4903474323295,1,0,0.16632023462884116,0.11071738942160364,-1
35424,402,503.38192714906,16.10924473172513,0,1,0.22470141397748147,0.03245977787033644,1
35460,403,8.851409938504752,147.06023090488378,1,0,0.09786160203422191,0.338070827289252,2
35696,404,285.0143290869966,305.74460333401055,1,0,0.1351599032295079,0.12683980778545928,2
36196,405,1047.347682383141,413.0270096570131,0,0,0.23373621092385455,0.11382788224257165,0
36696,406,1010.9425213789649,672.8950605449716,0,0,0.2573584421408571,0.1973961586587681,0
36839,407,383.2088024982629,141.42930248362092,1,0,0.3177979402203569,0.1349755890719551,2
36914,408,217.44585697070113,20.4129839222661,0,1,0.2360893615300037,0.06712072781314661,1
37023,409,273.20940867171447,-8.361792773079435,0,1,0.2060637259897138,0.014407391049981007,1
37190,410,462.93199168227653,140.70639949361365,0,1,0.28261461103067714,0.13291022607598002,1
37690,411,818.8334696041206,499.8009945636472,0,0,0.18508472839261372,0.13042827383820205,0
37894,412,547.7777615874521,37.807934680643896,0,1,0.2619259116242787,0.05286509415291627,1
37908,413,3.5091516698072134,42.043788462648415,1,0,0.012374665456759451,0.028201006303124703,2
38196,414,208.4841137181765,376.156875216023,1,0,0.04017366646143589,0.06233225236612897,2
38405,415,220.8866270598764,204.52428418574058,1,0,0.10641862270322648,0.08736225858705524,-1
38665,416,186.79117065929705,138.98897664358486,0,1,0.01161441697284294,0.008973057655501602,-2
38853,417,125.04622091893916,367.636051090644,1,0,0.0938349524685393,0.2026297049006244,-1
38965,418,118.42480635882669,157.44815570393408,1,0,0.11292071887256373,0.11042527801741041,2
39245,419,330.868874341423,369.2680648559352,1,0,0.13351123646287588,0.13190843531125104,2
39419,420,169.3309663252701,191.93875149734538,1,0,0.0718790393458423,0.05767522256770313,2
39557,421,341.2871167122207,66.6379285988217,0,1,0.23050306483641694,0.05237034203454564,1
39714,422,123.94003761993366,193.4422779724635,1,0,0.07044395149161543,0.08135293134910015,2
39851,423,394.55102761299287,147.7893852291956,1,0,0.33505418752298444,0.15435890782143383,2
40050,424,508.91177928047847,271.2753693786564,0,1,0.28381053156606834,0.21080304771106376,1
40147,425,191.8332676873095,180.3031730974501,0,1,0.22324882341610605,0.22847651436416166,1
40265,426,153.18035746843196,112.20462900093851,1,0,0.13637426133878514,0.09502814068575303,-1
40385,427,265.5899166385396,68.90989639487199,0,1,0.21747961014284262,0.09573073109987168,-2
40501,428,143.07049642391127,173.31723993375846,1,0,0.1534787367183818,0.1349801787567848,2
40666,429,353.099205228799,214.08865499637312,0,1,0.231812300594658,0.1504770721933489,1
40677,430,1.8058131005666134,42.0600309809922,1,0,0.0233739430580252,0.04557383039117742,2
40987,431,343.90421682682324,390.74208271850233,1,0,0.12127974823680601,0.1197585616265785,2
41487,432,1013.788713225685,480.7683586203669,0,0,0.2342579676574677,0.14252901625740663,0
41637,433,69.69012469600116,320.5765241127776,1,0,0.05508975041831312,0.1551953701489501,2
41773,434,391.11100164610883,112.45194993525521,1,0,0.3421154663173941,0.1242425611990458,2
41998,435,252.15511433589398,402.2276065707259,1,0,0.14944669809492062,0.1852277491929693,2
42258,436,304.1446848080409,241.58244219072387,1,0,0.12181053649871468,0.09290512382144138,-1
42513,437,833.7023957942102,18.302194395041404,0,1,0.3425122346575152,0.06562771558368741,1
42661,438,413.3539484947632,-5.433903043183562,0,1,0.2568644716143614,0.0324604883246311,1
43161,439,1076.6653351823713,595.3779135803701,0,0,0.26134076488024777,0.17792432023512195,0
43251,440,165.27752096912462,228.43679054360285,0,1,0.22441053619573764,0.3109857958636779,1
43450,441,612.1769827895846,166.08831035545683,1,0,0.3585185798381466,0.14264326662385807,2
43568,442,226.53062279970192,72.48585583778492,0,1,0.14372933876639887,0.044477822162904065,1
43805,443,66.19200479340009,805.6413347094425,1,0,0.10435129832960562,0.3561483356179664,2
44190,444,-99.90948862016648,1576.8496405666501,1,0,0.06490670177562566,0.42766454724275094,2
44245,445,130.06763017216042,39.501657095230755,0,1,0.1688929175815605,0.10655307656467428,1
44625,446,417.90710828665704,820.6755371024374,1,0,0.16082280799488463,0.24549160163777697,2
44859,447,-16.792948395601154,932.2263237028011,1,0,0.08146911419455204,0.4143179368393972,2
44959,448,263.7487476260818,82.34973807890724,1,0,0.2881901364389641,0.09098510780354864,2
45459,449,422.45489822521085,423.92965890221353,0,0,0.0555804153899601,0.061853436141664594,0
45797,450,550.269220040092,80.61353455056495,1,0,0.14992158848289439,0.01572372281924077,-1
46066,451,410.58851640013285,589.6172620990739,0,1,0.20596956829769994,0.2600260548483084,1
46147,452,105.3144088879555,259.8562837074503,0,1,0.17856893021715253,0.3643313466327651,1
46182,453,109.06673654177945,3.0119496353498896,0,1,0.21415720623779708,0.0619645647026098,1
46305,454,332.151113807423,212.16588725915435,0,1,0.32598587320390077,0.26399887051452087,1
46491,455,429.7487363417296,2.9507675828982016,0,1,0.20147646327130653,0.015955846309992645,1
46916,456,975.8621777257645,377.701136678689,0,1,0.25996786320818693,0.14138112918602727,1
46970,457,149.79452676307974,54.95456788315875,0,1,0.2639366764194684,0.16432906908106507,1
47029,458,156.43013128196614,131.2719081583308,0,1,0.28901683334796224,0.30536571035553406,1
47325,459,431.77150881240715,644.5324016005229,1,1,0.22022344079587822,0.25733177618365755,0
47825,460,339.9717240436975,363.0326180811669,0,0,0.03238660577258016,0.04149041012943924,0
47880,461,205.25145462247576,71.22437684456168,0,1,0.4030045290456307,0.24652571875653015,1
48093,462,589.5152675654963,-11.175737634581886,0,1,0.2617222760361842,0.029522399563568513,1
48377,463,177.53197991154352,439.9526863788419,1,0,0.059660535770947404,0.1306080142085092,2
48623,464,433.35958143797535,431.1154613802592,0,1,0.22013513340879198,0.2291466281707142,1
48671,465,120.55956480413268,15.898394278503421,0,1,0.17205206698301465,0.06367813598275761,1
49104,466,101.4530862904379,834.9771508749491,1,0,0.030915363803202787,0.16975736336142097,2
49399,467,395.9213472570901,651.3426313116779,1,0,0.19876965278361622,0.2460303435863305,2
49899,468,868.4600026614526,158.58957650792152,0,0,0.17363437987968156,0.0467444943593324,0
50192,469,-128.29858570732472,1245.414048665237,1,0,0.04239143986667796,0.43362077016162104,2
50692,470,936.1179355797387,-2.8836283779746075,0,0,0.172854707189325,0.00668452599525305,0
51192,471,563.458918812668,357.9121909101916,0,0,0.09955679886086524,0.059360240828625,0
51435,472,646.0261872112096,-8.066838023680281,0,1,0.24890894462922333,0.026201244250177905,1
51619,473,415.70797896499465,219.24458589000153,0,1,0.2553901935408204,0.17664259870262605,1
51679,474,128.22856659168056,185.9503199233464,1,0,0.33713051723003656,0.36720353572573633,2
51765,475,242.32223995171734,59.440644766584526,0,1,0.254888406261101,0.11441436242578283,1
51846,476,209.44973425337182,21.252892403933103,0,1,0.21077776775258936,0.05697328421632784,1
52346,477,1447.8630204599183,887.339971778412,0,0,0.40398161453172804,0.3052329161351686,0
52444,478,272.38253729954585,-2.7846959907406266,0,1,0.235263586995755,0.027346204662203652,1
52802,479,-389.6380133325363,2010.0307961612702,1,0,0.013959240463026004,0.5771807597408296,2
53302,480,792.9576513562249,685.0737213185706,0,0,0.19974366255102874,0.18180027399448423,0
53327,481,-3.6962185242913517,89.89385863038603,1,0,0.016652960679036096,0.1866782663499745,2
53396,482,165.18669332002835,27.293877955522305,0,1,0.18573194107205362,0.06729073663247959,1
53432,483,10.940769885375037,75.34049334917424,1,0,0.01108431794864084,0.06593680209739768,2
53533,484,81.33352810304338,335.5903438408128,0,1,0.12587025739058919,0.3694094961969172,1
53606,485,112.89739683465766,241.54439610195226,0,1,0.19237833642633392,0.3903830322866369,1
54106,486,1002.3550904876868,615.5905001405231,0,0,0.24656011552359722,0.1809516373905216,0
54331,487,508.48081679128325,14.338799782397565,0,1,0.1969227039438285,0.011443051681776948,1
54461,488,267.48731862934534,174.02922239913846,0,1,0.2271078374395685,0.18623025826490758,1
54961,489,772.4216138431983,983.6284382207035,0,0,0.21431317226294555,0.25838944505509215,0
55044,490,37.51086977770353,152.8227581590642,1,1,0.050571502559549945,0.16880028562120739,0
55544,491,204.4983583680571,679.4190113929944,0,0,0.010960977261728767,0.10348113476282178,0
55597,492,102.9327316948277,145.7727488796881,0,1,0.21872980014905383,0.34906680537115303,1
55605,493,-2.7082800397609965,39.464340331395334,1,0,0.01844490490393598,0.041442723421245345,2
55666,494,31.55098326000069,213.68703470578313,0,1,0.05529191297711126,0.37291145313578977,1
56166,495,1064.9476927844812,694.207934729021,0,0,0.2680321129460744,0.20657670966818692,0
56314,496,-105.66135664093943,691.8112224565684,1,0,0.017568729334630197,0.4566474447473337,2
56536,497,352.9546634145023,117.42436494227971,1,0,0.15714557409991706,0.055349340486306874,-1
56685,498,323.57776909820564,50.22670846665818,0,1,0.192849532061192,0.05866828136060163,1
56715,499,44.03137050097175,56.52507642335338,0,1,0.04444943633097525,0.20417353747597475,1
56794,500,115.20320662032444,249.88823971158328,0,1,0.1919341867119501,0.376263339509426,1
56803,501,0.6102645547974372,39.70054909776354,1,0,0.026012896871195228,0.0463863594884993,2
56922,502,274.0049649446831,75.475931069291,0,1,0.22209060383529378,0.10664475772182028,1
57422,503,779.7491868792447,413.7070641757484,0,0,0.16436562239266572,0.10292247552273133,0
57534,504,-17.973714183924585,528.5318256279323,1,0,0.10359947909992862,0.4776035917844597,2
57571,505,85.08158638306315,61.60625604185715,0,1,0.1817596614656666,0.21410433694125414,1
57714,506,20.48578867697873,384.4519434676137,1,1,0.05754678767087016,0.27731261466994234,0
57760,507,53.227409254352,105.54353260295719,0,1,0.0649020184039332,0.23264702300664988,1
57796,508,65.0786025424392,84.72881837434072,0,1,0.13316969564169226,0.2742771067732527,1
58270,509,1770.4833048779099,789.4974936991285,1,0,0.4864940672736475,0.3108419065343218,2
58404,510,62.51209374138455,232.43072814785413,1,1,0.032783843385492374,0.1372548819478463,0
58415,511,0.13495948883238462,41.018000165107175,1,0,0.014332788335278552,0.03030705371458028,2
58915,512,974.9461731102524,974.6925152949325,0,0,0.2827623456589648,0.28635825707923607,0
59165,513,435.71512955782947,138.89342182951958,0,1,0.16244100861880872,0.06884399337762877,1
59583,514,461.5017717086572,495.1082696490091,0,1,0.10378587462462983,0.12131325364191001,1
59766,515,-85.16561711557449,805.0912530080177,1,0,0.04012127792316219,0.44121846468675435,2
59797,516,29.124617294001094,25.912161172100326,1,1,0.1214865640814379,0.09182505202634786,0
59892,517,-73.56957897334877,478.1255243658839,1,0,0.02043572077953348,0.48384876735223475,2
59990,518,39.52585069795543,182.46722087925562,1,1,0.054750496734532444,0.18249927400400642,0
50367,0,956.6376403503986,70.53856735665529,0,1,0.26082865714836473,0.05445150167391198,1
50376,1,1.1136407835865505,39.621750143451585,1,0,0.016964203911402336,0.03445117095809383,2
50597,2,415.0682234284016,366.0560713920562,0,1,0.23620300409832584,0.22748873041259302,1
51097,3,837.2972561052943,109.93802908498863,0,0,0.1537713311091832,0.021885541827417095,0
51371,4,603.4869611738109,269.3423452622241,0,1,0.24723244688180296,0.14942471425372547,1
51409,5,51.640677743367135,56.335165282759085,0,1,0.03564773142696592,0.12438716597835638,1
51466,6,-0.22586184179346347,178.2847549381534,1,0,0.03177787533246329,0.21902341806789385,2
51505,7,11.452660421693455,61.90199478290579,1,1,0.056452388692153195,0.15364462363865522,0
51587,8,-38.718304701158516,346.50269414560034,1,0,0.031020398783578478,0.3884904021350644,2
51612,9,52.69697930940342,26.01656950518996,0,1,0.051303843299759004,0.1056265058195088,1
51861,10,-131.35658246618058,966.8062437197519,1,0,0.013826104001300726,0.38411676803654493,2
52230,11,-48.44022134130198,1775.712964196181,1,0,0.11658184067910966,0.5187174281172889,2
52253,12,86.07986046370013,26.92075711485017,0,1,0.28235580601488885,0.21564712608014386,1
52307,13,56.34391033876767,113.99528849469093,0,1,0.045701119109099075,0.19859210697535937,1
52316,14,1.8391067416311966,40.2154012072953,1,0,0.041241276302019896,0.060216674085339955,2
52394,15,23.363058150957094,108.11062372957083,1,0,0.011114999723516318,0.08869562654365101,-1
52404,16,-1.0497962042874125,41.867468045936505,1,0,0.03601220159653231,0.04886698970506237,2
52432,17,67.313947946683,30.68726714489305,0,1,0.12990974971181862,0.1251090437617384,1
52932,18,304.07818066597383,546.5639198373499,0,0,0.03582877550460922,0.09253175783093294,0
53432,19,280.4998951080524,468.0220929455599,0,0,0.006591115287653408,0.038748191737732786,0
53490,20,88.70387577399663,42.91785643895001,0,1,0.03321388924938848,0.04858057804050234,1
53575,21,158.6245885209186,60.33037313337615,0,1,0.12121491950689417,0.08161742984087172,1
53824,22,431.6475274023108,296.5447759070311,0,1,0.18803033393770907,0.15941662868797446,1
54258,23,65.55074024296772,1272.5321273923998,0,1,0.036939061308218966,0.2865324814780328,1
54758,24,-358.0374950464367,2246.9458049730483,0,0,0.013528745650057449,0.4599753702630933,0
55116,25,55.94358873932916,647.7530919052782,1,0,0.010341393247617256,0.14993421591316686,2
55196,26,175.1057000340663,92.95182506748219,1,0,0.22723901599063043,0.09727679648828644,2
55696,27,-64.45423945664388,1976.4417894974854,0,0,0.072984628185276,0.4196918509667871,0
55743,28,112.28278087097559,5.3953838818255875,0,1,0.149722677250437,0.035142031327044174,1
55798,29,106.29686238422049,21.152815220802577,0,1,0.15927086893570375,0.052140233872341804,-2
56200,30,208.4247413207458,362.14905084112587,1,0,0.009864136532384373,0.038752018113841595,2
56590,31,-219.11293169270667,1541.30340921325,1,0,0.006353673604432876,0.37225348721597457,2
57090,32,713.1861081483258,642.7171832570741,0,0,0.1674039035219165,0.15607678972283745,0
57590,33,815.203364932345,462.75502713017124,0,0,0.17728173526491128,0.11418569253593387,0
57697,34,156.17303864698323,200.05665638797967,1,0,0.18268053461281425,0.1741833513470214,2
57739,35,64.70409187932009,10.701798910297768,0,1,0.08395706817068828,0.029975564978737778,-2
58148,36,850.6116667230242,273.1855818649213,0,1,0.2125101717513992,0.09536797158776109,1
58309,37,512.065342318884,316.62708659944514,1,0,0.4257544085724838,0.30529309490694073,2
58322,38,0.15912305439831087,43.054531777761454,1,0,0.011273600317788844,0.033449149934409346,2
58404,39,86.10638874276603,142.51664910640008,0,1,0.053565746037798706,0.1445341410777192,1
58904,40,250.33173765511256,418.8770391574074,0,0,0.0031829867703894663,0.03970473334620304,0
58913,41,1.052922778291121,40.94912599930183,1,0,0.016283421021778377,0.030387033051705963,2
59413,42,523.8398122866199,469.4628826971969,0,0,0.09501365277104404,0.08276074592437149,0
59913,43,515.3109164838247,187.09279798721994,0,0,0.0643918604365597,0.00495864665232096,0
60413,44,589.2984767843807,297.1595006414494,0,0,0.10601107100415963,0.0564905390343791,0
60450,45,139.6029364491995,46.38535491292946,0,1,0.35756117012363003,0.2292787798362119,1
60950,46,186.1226976299155,681.0718622886819,0,0,0.008290596861346727,0.10495875472887961,0
61095,47,261.1435376378633,475.9830302320468,0,1,0.2804728740113365,0.4268309901723086,1
61595,48,817.4146173479384,215.6635896426673,0,0,0.16097423586505574,0.04700753961025114,0
61680,49,299.0079271556162,167.38686580737277,0,1,0.43983468704262046,0.3568349300202137,1
62180,50,1136.0572944620183,-41.82684718070662,0,0,0.2177278719427234,0.0037686738493169078,0
62502,51,160.6996169703075,730.4927844709401,0,1,0.06650519167196008,0.2371801086577799,1
62712,52,375.2501003843233,95.38989936958254,0,1,0.14350541426423497,0.044782706766898724,1
62722,53,-0.7955932350337562,40.09553020566456,1,0,0.016076038061676547,0.032881100998412606,2
62757,54,160.6028500936343,39.99190101330484,0,1,0.47212336999089977,0.2708808168497638,1
62786,55,102.14719820371067,9.942540615409147,0,1,0.24576368294395845,0.09448005176687109,1
62908,56,221.7754951367354,397.7312920641548,0,1,0.28123428290777686,0.42141647381177966,1
62971,57,189.99670809581494,59.08620299180895,0,1,0.29766274362897915,0.17219450433240574,1
63142,58,81.84059115508742,420.89767064299485,1,0,0.08448786097936842,0.22825071378075043,2
63185,59,9.256589924386546,121.3868068190261,1,0,0.03934599868667749,0.15064704706777304,2
63228,60,112.25952989050748,84.78608661686206,0,1,0.23546435822161524,0.263063748718265,1
63728,61,83.52051334528406,859.3392571092567,0,0,0.004786603497844744,0.14768043486395263,0
63943,62,54.65864692889993,871.0743836599061,1,0,0.13426747098462088,0.4355119538397502,2
64025,63,25.617349968547707,317.06558345449344,0,1,0.05254150525549503,0.41069816394735814,1
64149,64,118.36055409750556,485.3708126444009,0,1,0.18168716730415496,0.4585888726516317,1
64194,65,25.47501407627593,88.04751168933092,1,1,0.10639151074058434,0.2041296817299841,0
64254,66,130.82740841240698,6.369519774922196,0,1,0.12047461925503737,0.01997007424358418,1
64338,67,252.3497717500342,90.76300412389283,0,1,0.3203787354699938,0.20173593616626967,1
64511,68,-26.03702876600993,742.9398494376871,1,0,0.0881194839976691,0.4488871548191712,2
64644,69,325.2657879467821,4.122120413328744,0,1,0.19555474999681666,0.016418489502221568,1
64657,70,-0.28592081707213524,42.282868523608734,1,0,0.019332539973059774,0.03690982541910785,2
64905,71,376.8480854914461,42.04316657896927,0,1,0.12095406260732364,0.007382241109044457,-2
64913,72,0.23978695622393786,38.57575206935758,1,0,0.035596855189074586,0.044240722686722495,2
64990,73,206.18410819760624,-0.37284046433395446,0,1,0.19439192380421222,0.02080522598939066,1
65015,74,103.32030737676757,18.880254834484553,0,1,0.33612801807403103,0.17623253946715248,1
65198,75,305.62780887902625,154.22989852568602,0,1,0.15894979812809107,0.10468299763241053,1
65208,76,-1.464480454147889,40.09411474521137,1,0,0.020050539056331435,0.03147044930370928,2
65236,77,132.8263451613383,18.514383131590456,0,1,0.42586795810665995,0.18999536536577535,1
65332,78,182.09540906390143,39.70567325580393,0,1,0.11914000401220866,0.04095570444270401,1
65615,79,27.18457492293259,553.8535692041143,1,0,0.00729216734870385,0.17646094530025455,-1
65765,80,168.56781216637853,240.9765533502394,0,1,0.10845304480907444,0.1810018506315539,1
66265,81,456.38355360307276,594.276392855781,0,0,0.06832797660925521,0.10148231396743705,0
66765,82,105.97507497422465,855.1605889973858,0,0,0.011262516535173833,0.15315856092625516,0
66807,83,128.50128797282576,96.31689925519555,0,1,0.3191118171422485,0.3329262914012146,1
66836,84,130.25734356253315,24.941900547206473,0,1,0.39406585065711175,0.19906839983925528,1
67336,85,131.56229312649035,737.0256011585433,0,0,0.0033315669353762953,0.12197138890396243,0
67836,86,82.95690490282688,904.3610424294401,0,0,0.002628717411308636,0.1598207328327111,0
67849,87,1.1852813654531893,42.14073368420931,1,0,0.017802856320580353,0.02402400577028981,2
67997,88,196.54309732815008,203.43293093394726,0,1,0.10964078560056574,0.1520263930925841,1
68497,89,591.126795432477,163.06602236636604,0,0,0.07969231491663971,0.004511543581482976,0
68879,90,229.5508321884184,1513.5691606713915,1,0,0.18265193146568842,0.4561375746234386,2
68889,91,42.63085588779089,1.786024252243898,0,1,0.047565324007395986,0.02713202145031986,1
69389,92,761.57969092605,848.4476438912076,0,0,0.19787177939728293,0.2172303415711013,0
69433,93,192.4992738312529,72.53905445213836,0,1,0.4839301491235595,0.3195979455782289,1
69933,94,89.54287550127356,856.4027038698988,0,0,0.005248304755456372,0.15295623487453458,0
69952,95,40.859314679658645,32.83487871423117,0,1,0.01806064138135168,0.16524680761632085,1
70075,96,210.71988923018012,27.276855229154975,1,1,0.16191420201818887,0.025168623771512515,0
70575,97,1015.5447937819162,36.613115377666006,0,0,0.18999605818874585,0.009932026340375582,0
71075,98,55.13144159491458,1024.3032861704755,0,0,0.007106787906087434,0.18356623197928776,0
71172,99,221.06424166488637,78.37058789637365,0,1,0.20267091111509838,0.1165179548156514,1
71237,100,222.47671620438257,175.29836114015419,0,1,0.43239104629761393,0.42968975171935814,1
71737,101,102.52361446840992,1007.2853458001954,0,0,0.015498491057908341,0.1855474427214919,0
71773,102,68.09292319737106,67.43783606448018,0,1,0.11301278856476937,0.20861030809240952,1
72273,103,233.91810324758754,607.5106407055409,0,0,0.010244017871333326,0.08053798428284809,0
72773,104,80.86249241992233,881.7179740529889,0,0,0.0016833188922769752,0.15675785640778578,0
73273,105,-369.3217659093025,2451.4179424812946,0,0,0.031240050311047384,0.5098326431049613,0
73377,106,80.37575014682463,372.2807936853051,0,1,0.13791325748707425,0.39484587552829226,1
73416,107,158.3706788276005,79.78072908947695,0,1,0.45815378607137164,0.37774793180224603,1
73916,108,102.07339225431595,882.0654254711126,0,0,0.0024985848564183953,0.1578956537235676,0
73943,109,109.97617825937832,36.026287780821434,0,1,0.36868750187656235,0.2630738072591801,1
74443,110,97.76376415731414,818.3853051763256,0,0,0.0021273796824654375,0.1445886061981216,0
74943,111,-520.8019382096012,2593.3829641729403,0,0,0.0038866469963249363,0.5331978237650913,0
75368,112,-271.297751336844,1745.5498953261458,0,1,0.005017207612767905,0.4074129268636589,-2
75868,113,-82.82278824046868,1490.777425960418,0,0,0.013633382252771508,0.29492519035301756,0
75924,114,37.59082042806159,157.8585191553049,0,1,0.03554595586517405,0.2803718034371118,1
76424,115,561.0587030192024,420.8733425928881,0,0,0.09038132146803281,0.07056556212939415,0
76436,116,46.239785266833074,3.0710863594003026,0,1,0.025530110613829357,0.02437888938761147,1
76936,117,275.72705776260767,400.135567638948,0,0,0.007541812828238897,0.034387253465338226,0
76953,118,46.17016731367513,5.660773479232024,0,1,0.032219791721034965,0.025364619343209212,1
77044,119,147.46034652097129,215.9840333324652,0,1,0.1883463902902957,0.27854586735917547,1
77156,120,96.25749543289204,346.71201055200436,0,1,0.11144118221374644,0.3471859821295658,1
77204,121,114.5018432863201,68.2033664333556,0,1,0.2052927194246794,0.200735517061945,1
77218,122,46.093937125757805,6.61930647586572,0,1,0.04071991835242522,0.026631711106402816,1
77718,123,254.60128394293787,488.5148601959438,0,0,0.0032320834223350994,0.06079502819183219,0
77749,124,120.11634950496052,28.447550492479536,0,1,0.2915961753355793,0.158225921081382,1
77776,125,77.83230913900748,24.3509567899873,0,1,0.15543298089893917,0.12289271049762727,1
78276,126,922.8400599266947,78.07280708928727,0,0,0.16628952517092227,0.01481080357557127,0
78375,127,65.45035361091328,357.78014274402034,0,1,0.11562514428742834,0.3987210954256927,1
78875,128,299.4882263394102,344.00663123571184,0,0,0.004140846187404793,0.02454592549442248,0
78942,129,-31.903148167696273,304.9655928414205,1,0,0.04372147892205134,0.4221754107050085,2
79114,130,118.42035831495603,659.1383908506281,1,0,0.1752810388341077,0.40958985184390806,2
79126,131,43.74196533819274,3.3868085820907456,0,1,0.01627141991589536,0.01890289690768844,1
79626,132,36.83722145319287,1019.5016231360958,0,0,0.007653112338697362,0.19123499503456384,0
79648,133,106.82897544277084,3.8271660424600107,0,1,0.38099321874137665,0.1376845978747914,1
79866,134,45.73499862591682,416.8584281263582,1,0,0.008189924014270938,0.14252018290390714,2
79952,135,-39.50090933296363,373.4925264155231,1,0,0.03611980544118713,0.40538413550819336,2
79989,136,73.21665029132916,81.05525250801388,0,1,0.15394026785695222,0.2616650088539372,1
80042,137,61.96949843020414,137.2123065157426,0,1,0.07530089928190013,0.2681718983792893,1
80089,138,45.3677246248543,96.67849103856037,0,1,0.02345485384340855,0.17654981364376052,1
80462,139,39.607268386579605,879.8684370401929,1,0,0.011972651282149199,0.20485852996309137,2
80962,140,60.4161717584588,971.173860897684,0,0,0.0070963837946925335,0.1823797504606048,0
81306,141,434.7249031392427,906.8707884993637,1,0,0.19900197535408198,0.29212354093768694,2
81468,142,11.059738095476934,472.4796012649914,1,0,0.036792106351553194,0.2748586210959429,-1
81477,143,41.511140113179366,3.604775979291027,0,1,0.024134635696516662,0.01242404985730064,1
81529,144,58.388589555517314,147.60900942013558,0,1,0.09615210363851548,0.30683901810067843,1
81620,145,172.13358702960727,157.84169891443437,0,1,0.19594643792297842,0.21876125307742889,1
82120,146,29.060761806618117,1009.2689294326664,0,0,0.0029489827082596273,0.18430837601215685,0
82181,147,115.61062416244225,140.61266164071458,0,1,0.19629459640752442,0.28482578405441467,1
82348,148,213.06727089315208,570.422050879559,0,1,0.21208684466500743,0.4049141817583597,1
82848,149,92.10513465664856,1010.7080641614996,0,0,0.013894570425472602,0.18862979063514373,0
82878,150,111.22830529395193,30.840688841434336,0,1,0.3239361786821122,0.2044472318091492,1
83378,151,61.46369886597193,1006.3628755050469,0,0,0.005150712387403542,0.18140975325352166,0
83523,152,-69.17161165448397,608.7444452644377,1,0,0.02335245706536937,0.40145912694145514,2
84023,153,83.41596856405938,895.8336423003814,0,0,0.003293655301683393,0.15863728909599648,0
84034,154,1.5264513375634472,43.4503057189619,1,0,0.02804600485983262,0.050238294022115104,2
84332,155,-256.04645775936785,1468.4727209146988,1,0,0.009317105822236006,0.49169298990642174,2
84591,156,76.70638276582783,1009.529350814013,1,0,0.1228814551243119,0.4093969247956105,2
85091,157,648.1601501597017,595.5496876673124,0,0,0.1588117257436737,0.14662872722996978,0
85142,158,102.50286085000135,139.2518004558459,1,0,0.27697493861776035,0.2743626231730614,2
85185,159,183.59747513887868,60.39930164643485,0,1,0.46124500347929787,0.2888538522334286,1
85502,160,395.959013230559,444.22542903751264,1,0,0.14905100303400415,0.15792308860885243,-1
85758,161,646.0705823188979,142.20058826962742,1,0,0.27291366913574855,0.07641055997286433,2
85789,162,15.413760109084578,31.829772798489852,1,0,0.019306044644987926,0.03598377248534508,-1
85921,163,367.4033782430156,54.951848171935566,0,1,0.2709529280166225,0.0907456792651856,1
86421,164,617.5776165930761,614.5702026904174,0,0,0.15283758533346836,0.14679332247514476,0
86921,165,722.9023814644453,578.8456779201013,0,0,0.17428080928053266,0.14716033105830115,0
86929,166,-2.674503452933731,39.235822125685075,1,0,0.0400339121239222,0.04251559696890842,2
87429,167,588.170687989676,548.4902659430462,0,0,0.13688618922571402,0.13037600765162957,0
87929,168,725.8680166505441,399.39538279076584,0,0,0.1563872304656804,0.08636088860334577,0
88000,169,162.04610510509065,149.37886480304962,0,1,0.2613448146998521,0.28324827410596587,1
88057,170,163.61661785086656,111.97756119236843,0,1,0.29633491273402585,0.28121205020657786,1
88557,171,-441.3333255926118,2422.1550831191516,0,0,0.006244756796358513,0.49094475558703327,0
88633,172,247.74883077062603,-10.562743199204355,0,1,0.27637355512159406,0.028839165672223298,1
89133,173,1191.8805897497105,101.7402214317197,0,0,0.2377755457172449,0.03915887582316986,0
89633,174,934.1964665484966,475.9272459652655,0,0,0.21775722400380024,0.14010449086078677,0
89910,175,590.4364342620967,138.9863110987496,0,1,0.19846500480477408,0.0749945234089487,1
89918,176,-0.7448222465797905,39.04625479267272,1,0,0.033768222731287455,0.05589937724155455,2
90040,177,360.5360932217488,24.86439135911228,0,1,0.27538074791454176,0.07328016447462893,1
90109,178,112.52579069465084,136.56192581642577,1,0,0.191251023693582,0.1709658519221345,2
90223,179,381.30065348320215,247.71047249585237,0,1,0.43493043033938467,0.35959951331684026,1
90723,180,706.5664507899327,509.8654010419473,0,0,0.1654590747934188,0.12505896163250255,0
90776,181,116.70215374116941,124.58582553574519,0,1,0.22642525041558775,0.30465921696204046,1
91242,182,550.1264258260334,1202.339478415585,0,1,0.18087324570309274,0.3006142600315827,1
91742,183,638.5551642248228,673.3386365448388,0,0,0.16028705443754826,0.15702772926515152,0
91867,184,20.249828509700972,520.000279117565,1,0,0.11857036695307183,0.4278121814456137,2
91876,185,1.4985190264173234,39.02272414904055,1,0,0.038261404053672225,0.04257766266090698,2
92376,186,631.1441857538106,551.4306235628791,0,0,0.14694091937086043,0.1334685896545442,0
92388,187,2.1518272827514604,41.62284808232436,1,0,0.025719383775719123,0.02609049701323231,2
92397,188,-1.5263112834443806,38.168867880137185,1,0,0.022982200662536534,0.031135099922158738,2
92897,189,824.5018276343671,497.31257293607786,0,0,0.19000525321340783,0.13410282750589012,0
93067,190,561.5808889242803,209.11633028640054,1,0,0.4132098586619939,0.20830529047885407,2
93077,191,-1.618376398297647,40.600673712159065,1,0,0.02984493427503877,0.04096016677878356,2
93107,192,55.66611528874467,50.11226424138076,0,1,0.06447013133535,0.17005390061026968,1
93607,193,917.4080678007557,32.34863924226493,0,0,0.16569539749839765,0.005601597343650112,0
93702,194,268.3453132863869,-3.7087359254040955,0,1,0.2332645393674016,0.02393702589184651,1
93710,195,0.6206774182253945,39.36413054964535,1,0,0.04730888805443735,0.05658326831307943,2
93909,196,555.2919858032768,94.16288293792867,1,0,0.295772760780412,0.07010295093055803,2
93916,197,-1.7738981728402141,38.809185423696476,1,0,0.05370700196210078,0.06383914471345523,2
94416,198,1092.8865921818528,246.62260781599866,0,0,0.22066661415703903,0.06967431073703179,0
94441,199,69.55643184077726,26.07237635988684,0,1,0.1399195325496742,0.11459097638044557,1
94559,200,290.2472359076781,85.33219064902973,0,1,0.21566790201983174,0.10206940289141651,1
94572,201,4.3263971048169125,11.671500040871974,1,0,0.021308303104191663,0.029650835204736135,-1
94660,202,-18.340657796653854,373.0419045304842,1,0,0.056751451797007024,0.3927302993471272,2
95160,203,622.3703308823386,543.5015187814812,0,0,0.14614968535872674,0.12867191901045907,0
95660,204,812.8315496364776,545.7268548666933,0,0,0.18851221022507114,0.14247903794826094,0
96160,205,928.2954955921532,182.76742194149804,0,0,0.17641723860638292,0.04049764669716632,0
96660,206,714.5999829348475,770.6535006673913,0,0,0.18296122207646,0.1919451414794194,0
96673,207,50.56246449533954,0.41830488005289723,0,1,0.053436789219819085,0.031142777358954047,1
96682,208,-1.7276113403794078,39.53857987205492,1,0,0.04193662169829144,0.05363002433576078,2
97182,209,1101.7509881786425,-6.420045130821389,0,0,0.2048023468999192,0.0038521681879470243,0
97334,210,368.70604361368424,110.1207780823593,0,1,0.24377998170439363,0.11545258261101898,1
97834,211,940.1068077025483,208.73784678962448,0,0,0.18752956760298875,0.05437512091471649,0
98334,212,915.3315452765975,70.50825237522466,0,0,0.16435647143724355,0.010213147000989213,0
98422,213,130.9154024859156,237.96530385098208,0,1,0.17687531762863376,0.3138309070214718,1
98481,214,-22.424647434112877,247.81008721234676,1,0,0.019593985220668804,0.35399924280698664,2
98981,215,943.6938149905947,29.427629939086625,0,0,0.1710347001654375,0.013124738930475801,0
99481,216,1017.0065030060478,38.82234583104917,0,0,0.18808687578381253,0.0088861129152981,0
99710,217,302.9155530434238,280.704398264259,1,0,0.12269958472141838,0.10356432017828121,2
100210,218,720.7356375908704,543.841715558787,0,0,0.16445996618273834,0.13681041868259589,0
100219,219,-2.7345048431113046,38.738695871294,1,0,0.03139768389746216,0.04064323936797834,2
100258,220,46.170415793880444,99.10865820422505,0,1,0.0551355199732069,0.26450725920785156,1
100390,221,-65.19016438831318,584.2524791719505,1,0,0.02674382254187026,0.42687126558869853,2
100398,222,-0.24681676078079562,41.538852176853055,1,0,0.03687042693083748,0.06783801494068055,2
100408,223,-1.8390612364738637,40.520223124968545,1,0,0.031170153191617277,0.03741153411882379,2
100451,224,156.2969095140111,52.11911574153725,0,1,0.3528532202700878,0.2207558244098691,1
100459,225,-2.7352158265775266,39.348073874029225,1,0,0.03983208378065518,0.057243303154623726,2
100468,226,0.759337418752601,39.28293611353482,1,0,0.03762146776962928,0.04889670093040255,2
100477,227,0.17915588389930903,39.0254099447056,1,0,0.03791746615022272,0.045410030586527865,2
100490,228,-0.566330170156963,44.46029571290645,1,0,0.018701104988976654,0.039968652132069654,2
100502,229,0.28533661905331265,42.818022000549796,1,0,0.02331455547495666,0.029595136001056885,2
100515,230,5.737465120900701,11.315843429367877,1,0,0.021579627621832027,0.023278980225993832,-1
100628,231,-58.29034830143872,562.3703622489203,1,0,0.04675712944836622,0.48695116038740865,2
101128,232,592.6625542625965,690.6172298028184,0,0,0.1506290218820315,0.1623457150001558,0
101138,233,3.8923677910926955,39.9314887223228,1,0,0.031751267917502005,0.03582905947322078,2
101152,234,56.04420130672618,5.12584496366145,0,1,0.0585885389511487,0.02854155316104098,1
101652,235,802.9676902603043,515.614094832741,0,0,0.18299268548529504,0.1353475789392463,0
102152,236,707.984847965302,608.4927665314424,0,0,0.1664922731906859,0.15007026981493718,0
102652,237,788.9730963263011,359.370195389817,0,0,0.16215042290155868,0.08291952174667343,0
102662,238,0.3184966737552717,39.97753229505031,1,0,0.030166438808926065,0.03446916932076112,2
103162,239,813.8153659451671,501.1523964087449,0,0,0.1859483425688176,0.1354113725181973,0
103662,240,412.43519348267074,739.157393278907,0,0,0.08375592384983033,0.15078243329142116,0
103670,241,-1.3101282230000209,38.7604655900866,1,0,0.03788902344905769,0.05778771912999597,2
103681,242,-0.183590235563166,44.96703617397475,1,0,0.037264491338755715,0.06745325579416515,2
104181,243,783.4592783750403,435.7348016000173,0,0,0.17071876229535876,0.10673848009796766,0
104242,244,8.397629953256075,232.78131554377518,1,0,0.06916754680553741,0.32583457826285317,2
104379,245,371.3697658438194,57.35212011730229,0,1,0.26111901448953306,0.08989384554652208,1
104879,246,588.4298346394422,670.2535777705318,0,0,0.14938185417981525,0.1642487354811781,0
105379,247,669.9687706038563,623.4252780785084,0,0,0.16783745643094936,0.15976877798120945,0
105424,248,143.52639257680798,28.294500186094204,0,1,0.25033158710991005,0.12436708850013617,1
105533,249,229.63633245879853,159.1393316015062,0,1,0.22394152394880057,0.20744605388418264,1
106033,250,830.168065074849,402.58567527846003,0,0,0.17415675706953912,0.09537249026514916,0
106053,251,55.720892596689104,8.534243533075117,0,1,0.0509378287628678,0.03193716321795,1
106553,252,948.5586861506717,97.89348221251502,0,0,0.17277016859669767,0.01614299676063211,0
106670,253,322.065133072794,355.8034235146449,0,1,0.38224779977453033,0.4477509980582958,1
106678,254,-0.14374204465974216,38.53661495539982,1,0,0.03793796710487043,0.0601993886009547,2
106686,255,-0.9146691508150546,39.60963767324125,1,0,0.0411621123294114,0.0630914020917868,2
106725,256,116.27996628968037,55.08439337138435,0,1,0.27769181448599445,0.24740594811618044,1
107225,257,530.7638109604825,628.7223416885723,0,0,0.12423352110778754,0.14038024817845396,0
107725,258,-41.586761888896746,1314.938266830728,0,0,0.00863821751541674,0.2541809699955881,0
107799,259,23.25816002523414,255.52773561877953,0,1,0.031774941096436,0.3451851076933868,1
108299,260,532.6540569741402,924.2189677202105,0,0,0.14822159078972127,0.20817363944180517,0
108308,261,-1.2656016984754146,40.819618824321715,1,0,0.033806566740261064,0.05362440816729116,2
108318,262,1.0268133300107323,40.339398171167,1,0,0.028718597110336953,0.04566958962499869,2
108592,263,540.4281309355508,129.03431893180328,0,1,0.19233443126194302,0.06718461660821766,1
108608,264,4.777064056883312,45.40402023609488,1,0,0.024476492758615027,0.03852686382479568,2
109108,265,1043.8880408160594,1097.3137087813157,0,0,0.2978874326334145,0.3104187400057537,0
109608,266,72.19643091073151,939.8516264703743,0,0,0.00345482985115162,0.16737605928034452,0
109636,267,82.6566774659008,21.611099181927052,0,1,0.1631547676959733,0.09521069547515586,1
109891,268,465.9489674373652,246.88722355230965,0,1,0.20433742728135526,0.1344934798575137,-2
110016,269,49.69579421872858,366.19438654303747,0,1,0.048449953430637537,0.30214268076521744,1
110047,270,84.79979506641763,64.39478928759237,0,1,0.2071401078750642,0.2603526313593935,1
110121,271,236.34079055644963,16.98567936799248,0,1,0.28827847406509916,0.08011480009355734,1
110621,272,759.7174671893232,525.6614606239718,0,0,0.1728546041991283,0.13368537762562285,0
111121,273,730.6872770198507,684.2102611532962,0,0,0.18835408739221446,0.17687192731271004,0
111621,274,179.27590670221565,885.9085152851198,0,0,0.02856448989913855,0.1644490263077943,0
111676,275,155.60455052531384,92.376288409582,0,1,0.29674149269768596,0.2580102557047844,1
111869,276,328.4859255213836,458.45971067457964,0,1,0.22505879825453023,0.28362559014783567,1
111934,277,138.1037307807855,92.16516154783557,0,1,0.17906050322355185,0.1735407462330126,1
112434,278,801.9854445383355,515.7620685603569,0,0,0.18152369667524645,0.13682076001792937,0
112463,279,90.48506092910925,40.01722647259922,0,1,0.23793814796258672,0.216069961747849,1
112963,280,994.1329031098671,75.45936687850805,0,0,0.18105438687944525,0.013988716354386177,0
113463,281,85.4391515020955,870.167447664636,0,0,0.0022098128563035817,0.15344931032361872,0
113543,282,203.36282982463104,96.45833621405187,0,1,0.25584873606083136,0.19280418320510526,1
114043,283,322.7339939941503,1416.1667997017628,0,0,0.12031622401057043,0.30439407014073394,0
114055,284,-0.6997005729786796,41.237241578826136,1,0,0.01861645123610615,0.03264612880559568,2
114127,285,202.3705147602254,2.476298023836705,0,1,0.22416199936824777,0.036940184016142665,1
114256,286,298.2403803902883,3.472282656965209,0,1,0.2008641823115437,0.02519971655382184,1
114403,287,61.37391062890068,262.3965497086793,1,1,0.041566251217142955,0.15820179107260293,0
114433,288,52.59142887612277,57.429504254006176,0,1,0.06995937009118072,0.19283879024662745,1
114933,289,74.47033122588049,897.5232324693036,0,0,0.0019270745306891584,0.15558372272195017,0
115014,290,152.46066813222706,152.70139406816963,1,1,0.2689838227942726,0.27509203900806933,0
115514,291,683.368598019768,561.4186550163058,0,0,0.15852024518380628,0.13840338777904748,0
115568,292,17.97842174123582,188.65898894232504,1,0,0.08539613929186618,0.2845855723938095,2
116068,293,1156.2925887840183,236.62871156862226,0,0,0.23356677547125948,0.06762683606405007,0
116123,294,131.5071661368026,151.27693884418014,0,1,0.2730281447046088,0.365185843525913,1
116212,295,88.50677424955526,275.10817825867855,0,1,0.12077486363099182,0.3428951802472648,1
116293,296,30.501724383321655,237.84292625857452,1,0,0.0689449258838691,0.24242788450421102,2
116793,297,1271.5634124193666,73.33406314039591,0,0,0.2507646611973961,0.03454442973510876,0
117293,298,816.3962190074361,391.0283686281443,0,0,0.17192947270383394,0.09383780284507981,0
117793,299,764.5682056251336,629.7682739616496,0,0,0.18113477658350385,0.16042005152929817,0
118293,300,829.037430292798,552.9805148751082,0,0,0.19521281303225071,0.14823261515967567,0
118308,301,5.344162051168018,13.334952273131464,1,0,0.0188325584482645,0.026417743227184987,-1
118319,302,-1.6897851188575341,41.55557306447629,1,0,0.026130125622241162,0.04232940347888538,2
118819,303,721.8811022328491,647.0215652944075,0,0,0.17101126566762834,0.15835893973458726,0
119319,304,872.6843720504966,483.4458193624717,0,0,0.20132501300323302,0.13821854656958402,0
119328,305,-1.2232516739414283,39.93940158457127,1,0,0.0362518201834706,0.04714209755500634,2
119341,306,3.9584903299438032,43.36726251693126,1,0,0.02788020019722461,0.041579010929784256,2
119387,307,202.49104319287616,63.80955740849729,0,1,0.4725863163473313,0.2771518891400195,1
119610,308,281.64544214684145,596.3151601075836,1,0,0.20775290439597083,0.2998024033702021,2
119620,309,1.7701050504437337,40.639708814305116,1,0,0.02659422755732166,0.04003864101556988,2
119909,310,366.8757185786741,968.3880918099721,0,1,0.21859345044817163,0.40058497864577164,1
119960,311,93.45196293129541,134.73811826570062,0,1,0.1692094477086857,0.316850379605741,1
119975,312,45.85000016042732,4.771749235751152,0,1,0.03495595458350985,0.030101038673381156,1
120016,313,125.38351098126915,52.7396564022978,0,1,0.2584630903965426,0.20408829171260068,1
120118,314,212.22984239746071,235.93764200884326,0,1,0.24583539224210849,0.29446707077156825,1
120249,315,262.25065220764407,286.75086920356273,0,1,0.24361731919977028,0.28094120613274853,1
120749,316,660.6757722697325,812.1764141058994,0,0,0.17066620080210845,0.1934783395428584,0
121249,317,653.7278545483422,791.5410976076862,0,0,0.1644190988638408,0.18598889846873795,0
121458,318,210.63787800237216,317.5404120437177,0,1,0.08974868312944848,0.15370786115102192,1
121469,319,3.0882510444588984,43.19561873509225,1,0,0.02814324409267712,0.04842946901872733,2
121969,320,922.6248492501159,473.7929035820707,0,0,0.21072895076426187,0.13699031565471728,0
122469,321,79.65246993300957,867.1215786995134,0,0,0.0028255634365857013,0.1524527008646467,0
122508,322,90.185715361288,48.7013415234354,0,1,0.1723380943325194,0.16749069921185342,1
122576,323,114.91776040736191,223.6196267960508,0,1,0.21232698419787788,0.3988111373251771,1
122635,324,147.27947186660236,86.59231299957872,0,1,0.24357378067299781,0.23002133809568412,1
123135,325,570.2005144096005,1017.4918458997887,0,0,0.16434602010113156,0.23636785019122336,0
123194,326,125.27686545977457,91.62237805328488,0,1,0.1851535241378117,0.1857963934216726,1
123694,327,756.8123089910499,628.4747474027448,0,0,0.18068588695974858,0.15700661377573039,0
124084,328,540.0311023491769,1021.4388744411274,1,0,0.22573419975501863,0.31033781026940904,2
124114,329,68.70048803492986,46.71796490206789,0,1,0.11054657752561091,0.15451307894361668,1
124614,330,681.8396556027033,579.1157909432653,0,0,0.1626160172651928,0.14435581450070503,0
125114,331,232.6216439415779,420.1258787176994,0,0,0.004672084307049653,0.04618281067223589,0
125328,332,356.6928145946182,166.155839483696,0,1,0.16177615372659176,0.10083685767140217,1
125564,333,575.1075469742879,-25.050994881807018,0,1,0.21699352308802006,0.010006587465141773,1
126064,334,598.6791484366347,1549.1246711526865,0,0,0.2181377435264976,0.3740937263523354,0
126095,335,126.91202571370773,34.57754194863215,0,1,0.3691094376055462,0.21773498253118997,1
126595,336,777.4441509973958,605.9013133686169,0,0,0.18236818878399397,0.15337420131790838,0
126778,337,319.6865958415105,477.8729256649889,0,1,0.24577481940812979,0.3344008914557078,1
127278,338,276.6729672100894,337.36955569131095,0,0,0.0028640517164180163,0.02369015236223899,0
127328,339,117.93511078033812,99.21173022875085,0,1,0.20861235996915536,0.24105483347842022,1
127828,340,725.0878259536632,915.4244485498766,0,0,0.1973658102938463,0.22096632676718347,0
127855,341,95.44493103224679,34.38676660287625,0,1,0.2700919832161134,0.21112383270945892,1
128355,342,825.8290481017045,503.36572834894304,0,0,0.1845224240348698,0.1264769798355705,0
128625,343,301.38812396282225,853.0616507110569,1,0,0.21056259594560964,0.3580794458166669,2
128746,344,410.4561740155668,-10.046934180121639,0,1,0.31681370299112377,0.043932788117464566,1
129127,345,178.40036976888067,826.4415456428037,1,0,0.0708533457050848,0.2108736566642801,2
129202,346,149.55829874863298,155.03407947749977,0,1,0.2137541723571058,0.26780831981141184,1
129320,347,77.08855450909628,311.83754256619545,1,1,0.11239811195107414,0.2823636448179314,0
129820,348,818.4749819862742,833.2226438407076,0,0,0.21293419642095934,0.21798658322790584,0
129861,349,153.20331711680012,60.34768259826832,0,1,0.3861322676313429,0.2804857311786958,1
130361,350,638.7551621737765,808.5437940045575,0,0,0.17167644611306485,0.19247479886661395,0
130390,351,122.51064151633048,41.725720556282184,0,1,0.3965189413669315,0.2643315633705734,1
130451,352,121.55955445934474,155.49288358443823,0,1,0.21303780589911486,0.3156149621819109,1
130951,353,22.060681278520782,1058.8345220586455,0,0,0.0032624152184988287,0.19312604168845243,0
131451,354,870.7709032673001,459.5155162405935,0,0,0.19342527028732362,0.11338829142887774,0
131951,355,697.4510621447533,365.5406958312117,0,0,0.12176552660841336,0.06163194379412332,0
131985,356,126.42676104064091,44.68274270471594,0,1,0.3452952975186252,0.23904713219068133,1
132123,357,215.752320561902,221.2153959059676,1,0,0.1971891363546269,0.19408580477331405,-1
132174,358,152.98461885672018,99.93070473990574,0,1,0.3177606094716118,0.29393387367933227,1
132298,359,342.3223585195487,169.6930254616624,1,0,0.32808541135870034,0.17823707894884683,2
132316,360,52.41149084983399,13.948638953307377,0,1,0.07500151340333391,0.06660466042241715,1
132355,361,131.34753210672562,44.95482304582761,0,1,0.31165569706261376,0.20679334109730435,1
132386,362,123.1203902961276,16.105534463635028,0,1,0.31492947162839097,0.13054225418237664,1
132686,363,3.505252913474674,692.9100463570472,1,0,0.008195679142024213,0.2057359102492744,2
132743,364,129.1820436314572,68.93453363478383,1,1,0.3076985734663824,0.19976073680843368,0
133243,365,896.6913108360127,334.35130389656354,0,0,0.18745972827908514,0.09016300224754624,0
133279,366,140.5674671594433,58.298545704184804,0,1,0.39452993875267856,0.29068337242462516,1
133336,367,-7.075700080803379,249.93188930283884,1,0,0.06077298221623189,0.37802367726007385,2
133390,368,125.50455967723528,143.71863765435003,0,1,0.2550805147678559,0.3544099868411979,1
133401,369,4.8535842705618695,39.93034401098353,1,0,0.027666114230773222,0.03516013877269372,2
133901,370,75.56125414842504,906.8042984076458,0,0,0.007586844008011606,0.16403027278589816,0
133944,371,41.5622227954852,113.14041876839377,0,1,0.047185857341760486,0.27189372190479877,1
134088,372,214.0320602966115,464.37224296841725,0,1,0.2312721811081763,0.39590522215304225,1
134128,373,96.82218624568117,74.3614966662193,0,1,0.1994620229566195,0.23759979826550084,1
134613,374,584.5761874137462,1599.6609600596648,1,0,0.23646947044346145,0.4015010646938515,2
134645,375,17.24732841023114,81.70199394964229,1,0,0.07839111442627676,0.09329987423130812,2
134681,376,109.55850759123607,56.33209968771365,0,1,0.23848885483094812,0.2139228220335911,1
134718,377,99.47392287877383,73.95336498628393,0,1,0.22623481698589815,0.27342640840907506,1
135180,378,1035.9717473784444,219.7667326068226,0,1,0.22834659098263574,0.07900674400491568,1
135680,379,571.1089006674397,781.0722987035699,0,0,0.1517879409768941,0.1821228554457571,0
136180,380,616.4193556286039,1546.0804723141325,0,0,0.22438225285860267,0.37419584081421114,0
136329,381,215.53854819488882,293.65821614326467,1,0,0.1910686349954899,0.2123455634514771,2
136509,382,427.0331944178591,247.77123988705,1,0,0.2834824690892884,0.1772973986016997,2
137009,383,651.9447952812951,783.8201870001774,0,0,0.16552738861954358,0.1850827792957497,0
137509,384,656.6267500071535,1605.4566158329746,0,0,0.2516145031305731,0.40539030603487014,0
137813,385,480.9600337618087,884.5936469283938,0,1,0.2479210401466013,0.36334292869357165,1
137826,386,46.813928427502105,4.344168361969206,0,1,0.05462126497680996,0.03390156862219691,1
138013,387,4.761347123274124,689.2009736140378,1,0,0.05956697581736724,0.3632776746590491,2
138088,388,198.48224402300264,122.11908167719385,0,1,0.28600817696093794,0.24458123060787026,1
138588,389,875.7555453261921,512.0711548690479,0,0,0.20213902332868772,0.1411145078567799,0
139088,390,804.3863582248996,499.3572627910705,0,0,0.18354839506442858,0.12689377048626388,0
139588,391,808.0621434457338,523.1609686818846,0,0,0.1840134970856741,0.12883269786373264,0
140088,392,661.1853410936602,530.3847509557953,0,0,0.14740539510635214,0.12502155648820906,0
140131,393,133.3095206687287,59.615069082073425,0,1,0.2952941998930872,0.23197800138859898,1
140190,394,89.78239374138883,200.77515354516325,0,1,0.1754954620628091,0.4056343335311864,1
140205,395,5.37445694307123,44.34854360209637,1,0,0.030186603764362267,0.04019393685132115,2
140705,396,858.2292506285488,853.7416488972198,0,0,0.23643501441742762,0.23266767579641826,0
140756,397,109.28932099760239,125.28409029316342,0,1,0.2131976932121078,0.3099044461675505,1
140856,398,152.5423384772811,325.71402183436777,0,1,0.21361769913748532,0.39427087416361656,1
141356,399,524.8363949124424,1084.6524180592428,0,0,0.15799646399025158,0.24996797929450293,0
141387,400,105.17333233211208,18.538646371096068,0,1,0.23088304993995998,0.12417442264178373,1
141887,401,758.5139248796066,908.4935844940461,0,0,0.20505900011451936,0.22712661252145913,0
142387,402,529.2208262600375,992.6777331120084,0,0,0.15401732070301596,0.22535003800941406,0
142887,403,289.7009816431067,393.27487548772257,0,0,0.005200769934561632,0.027740141385625732,0
143387,404,546.1445583461181,825.1445888941913,0,0,0.14777834906649212,0.1875028756737709,0
143887,405,637.2767501895416,691.0198722437462,0,0,0.16103245416452816,0.16730208872656419,0
144387,406,571.1224185734584,902.9637122620309,0,0,0.15355336389262694,0.20643467100004353,0
144572,407,-17.059924821140413,489.4257442350414,1,0,0.009984274792819749,0.23217316243880204,2
145072,408,775.5498159771643,880.4689108913874,0,0,0.21292562769998688,0.23013039175674457,0
145105,409,83.06601414789411,50.489616330670984,0,1,0.16746072198482378,0.19340696974031374,1
145209,410,265.49304010146705,167.94622336186816,0,1,0.2926810824840235,0.2400512037113496,1
145226,411,12.115777554458008,0.15095112886940854,1,1,0.08766955893687403,0.02391868380636675,0
145257,412,91.00570501128588,36.106340412964975,0,1,0.21867434840393205,0.1825268935217983,1
145326,413,225.96234235427056,127.02512224547914,0,1,0.37827660758407156,0.30401387235109023,1
145418,414,122.4682046693315,247.5576758977648,1,1,0.23452307799489022,0.3346328211174191,0
145457,415,102.21794758637137,40.94572043042008,0,1,0.18739600974341977,0.14995290605922418,1
145469,416,49.36282388710396,2.9991987107357048,0,1,0.04237585002045391,0.04024476879105656,1
145483,417,5.708562827977438,44.87066163245692,1,0,0.03148245248419871,0.05286376244260898,2
145524,418,104.4988127236916,85.93732208391918,0,1,0.2298694831366658,0.26634641022873395,1
145687,419,43.163718911662436,472.3323712015788,1,0,0.06746972179734916,0.2721585082097591,2
145698,420,46.66106571257943,3.4046852678284942,0,1,0.03928761630409539,0.03653992231102936,1
145896,421,329.86115186428896,400.4565293416124,1,0,0.22629489239471876,0.23789752333618194,2
145906,422,2.1151806874011037,42.00336517710096,1,0,0.03000842936068322,0.041542128061618555,2
146406,423,795.2438215378729,891.1160582952691,0,0,0.21472945301306134,0.2264484018724541,0
146634,424,415.52975803542455,41.351355638577076,0,1,0.14434949379875103,0.008804472652900236,1
147134,425,721.285947501316,809.9557634362208,0,0,0.1840069419510674,0.19416711834441144,0
147634,426,675.210939542342,868.3329886582309,0,0,0.1793599063713619,0.207498795997271,0
147796,427,275.8249702770945,348.22043811349164,1,0,0.24050548783187328,0.25530586694526897,2
148296,428,274.2836071466323,422.02022351001995,0,0,0.004866760334423549,0.04294127827457271,0
148523,429,383.363953230324,388.8938404361565,1,0,0.20444428410815418,0.19242097386452758,2
149023,430,650.7877955970699,890.0035706494223,0,0,0.17724504967341395,0.21023814499627036,0
149484,431,523.2492924549047,1367.7177783243285,0,1,0.1932906201318027,0.3564550917150394,1
149769,432,242.47582531647893,455.180746032491,1,0,0.10488762182796768,0.15309491696225372,2
149894,433,54.91056802299866,302.22650797557384,0,1,0.028675731721940587,0.24311569698573154,1
150394,434,550.553511662002,833.5046536988481,0,0,0.15159217228853472,0.19106416714426425,0
150461,435,91.791704432259,149.07216977161482,0,1,0.12972763603364318,0.257690655406846,1
150843,436,561.8128127135677,953.649889774539,1,0,0.23586019041513723,0.3062655758459833,2
150951,437,170.31791697766198,273.7962156316299,1,0,0.23812644460286997,0.28788791124878343,2
150993,438,122.75645069337214,59.01907173075555,0,1,0.26506541274509593,0.22001571548615437,1
151006,439,1.5281733124130952,11.958646210926421,1,0,0.02723597922738967,0.033025902747596605,-1
151228,440,284.2464437399341,460.87170679324026,1,0,0.1773062598759858,0.22908979125108314,2
151651,441,1070.3918102795437,924.8949477225339,0,1,0.34377060881243027,0.33422222558551146,1
152151,442,822.1995741546951,830.4694249032195,0,0,0.21475757422708305,0.21150653556252955,0
152161,443,1.5094623509030658,41.23547591661354,1,0,0.040412158002153656,0.05535086619957928,2
152630,444,523.3501919393087,1479.799993039534,1,0,0.21729239536605577,0.3744594726014892,2
153130,445,751.6113978034017,445.2669947240753,0,0,0.1623473330801942,0.09776304081446745,0
153172,446,69.01211106115733,78.14398568352831,1,1,0.2546653228227965,0.2504894537064114,0
153184,447,0.6644192433895597,44.35348036915178,1,0,0.033952652102768384,0.06167241582925653,2
153195,448,51.68713062667214,0.034325506554452545,0,1,0.04970859018262628,0.028928718045280164,1
153610,449,939.7861809127455,602.8808082796595,1,0,0.2893878830917994,0.20967003100705803,2
153672,450,136.92247619033168,69.34400626914424,0,1,0.1923534263100759,0.1568376768795528,1
154172,451,852.4077442644654,90.35030346576714,0,0,0.14832755554503396,0.0031408615787808314,0
154672,452,584.9511237901149,699.9858593244866,0,0,0.1488076305173114,0.16355160234258687,0
154708,453,121.14196504188098,62.08799971147117,0,1,0.32042133710455073,0.2818958213940262,1
154765,454,130.67255827792954,58.984236863811596,0,1,0.1924579854065119,0.1442169184586474,1
155138,455,763.5321473891374,77.4729529165006,1,0,0.19498523496607567,0.011788837956040644,2
155200,456,251.67862591923995,98.59784571203441,0,1,0.47590369027254986,0.31543048134434903,1
155229,457,121.96787222603683,23.93766941136362,0,1,0.3311974886662144,0.1643375295267015,1
155729,458,355.12154007661576,1199.4415674927038,0,0,0.11350479212578117,0.25466624475568544,0
155741,459,3.484727808637798,43.9471835768875,1,0,0.020668387563780408,0.031056665551379602,2
156001,460,884.5912715775569,490.15952915062775,1,0,0.46879551402279235,0.32164950381030777,2
156172,461,656.3419983708227,381.04430781580965,0,1,0.533734698168931,0.41668988077480845,1
156672,462,559.1319142329703,850.0241085218438,0,0,0.14845227736385624,0.1924458827779301,0
157172,463,572.1751737012502,611.1458497565042,0,0,0.1372620371406584,0.14495816632454075,0
157672,464,658.5989489998524,751.1182294725768,0,0,0.16561604465327592,0.17354875486954427,0
157703,465,92.49877731546178,30.28458834771796,0,1,0.20660325767990328,0.14337460498501312,1
157979,466,288.8120357094444,724.3359277837015,1,0,0.1798298913666976,0.29630235975164504,2
158479,467,660.6597566085159,516.7549862377942,0,0,0.13886433668566775,0.11023432903840676,0
158979,468,625.8034938108191,1026.5304229738074,0,0,0.17864972168601626,0.24277804626834967,0
159027,469,92.24999613785562,135.1608590255991,0,1,0.18638531930338784,0.3295405865995221,1
159066,470,134.30097286391828,61.453253746125895,0,1,0.3104977022421584,0.23684144308619942,1
159075,471,-1.053804681866037,40.93142355250441,1,0,0.03519600542859771,0.05116356693538034,2
159085,472,2.8705111217835384,41.37452022645748,1,0,0.033408266056279945,0.04082563910243053,2
159129,473,131.34767196341735,31.169058726866748,0,1,0.24655320917195486,0.13093972298271794,1
159327,474,191.52854991203665,770.9133831137137,0,1,0.18951993155848285,0.4492273661471094,1
159369,475,111.74091027426367,112.18420235311086,0,1,0.2646124936741573,0.35068946591086964,1
159406,476,106.73356215613737,56.202712726244,0,1,0.22919825841201125,0.20945609611095492,1
159656,477,361.1950479049633,689.2831510307362,1,1,0.2459445024940441,0.3486197445581807,0
160156,478,630.4685333634128,894.7492271738191,0,0,0.1678247748715707,0.2085576211538043,0
160190,479,114.94281171077792,49.96092156273583,0,1,0.27674324825777236,0.21888122937634916,1
160231,480,77.28819366690506,107.39676115720187,0,1,0.16761313167699976,0.31578647406502036,1
160267,481,161.50195645533083,50.17506830901802,0,1,0.4616517362932485,0.2797465855635694,1
160318,482,125.97650674503029,80.37777139113877,0,1,0.22283302832311477,0.21851374068236085,1
160408,483,143.9255024995595,249.60946743710105,0,1,0.20068332365226307,0.3335233659884099,1
160434,484,91.90299691159649,1.521258508313494,0,1,0.20847899346551635,0.04914489590776742,1
160476,485,99.727207966625,83.06600169497527,0,1,0.18563022842142227,0.23509575773726635,1
160504,486,89.46136905095767,40.90082106325332,0,1,0.22007334955997468,0.20671351617653874,1
161004,487,658.2371232505485,638.9241531928242,0,0,0.16088819286973594,0.15185467136884723,0
161038,488,116.39101602551165,49.98601211064896,0,1,0.3079727458915856,0.24908741326465608,1
161082,489,132.76893960667635,64.17766652025901,0,1,0.2925306394570883,0.23643504140826943,1
161117,490,113.10910871085673,56.449344049013845,0,1,0.2998544847642855,0.2662072617063878,1
161617,491,1163.1743725276663,678.4293456455224,0,0,0.2928861628847942,0.20689668614157533,0
161645,492,83.97076897182617,20.323133827458236,0,1,0.1851686167863184,0.11921959304929246,1
161659,493,46.42731567826596,4.9870554652812835,0,1,0.036075054615596396,0.03156795175507935,1
161688,494,104.8539771531989,24.15554399222401,0,1,0.2731688718085331,0.16264762336766833,1
162188,495,576.4731751128778,902.7987791243539,0,0,0.15947222130981892,0.20692466358249192,0
162688,496,611.3802553969864,913.9915589527124,0,0,0.16851232619954504,0.214101722848759,0
163188,497,544.3818511318943,1046.4235030183845,0,0,0.16597967462671362,0.24156798623910403,0
163239,498,212.0962383185054,102.05317758312917,0,1,0.4948084234298523,0.3746722197252624,1
163270,499,126.88885943173312,40.85881052047614,0,1,0.34456443098976075,0.23211687160538044,1
163770,500,680.2602515540927,830.2598240074755,0,0,0.1766947297445011,0.1963230709223657,0
163807,501,111.95981562084248,41.96657516534367,0,1,0.24254153274773518,0.1729241426604057,1
163861,502,196.5473283330745,42.958447332224026,0,1,0.35265727256998186,0.16817712844757432,1
163892,503,123.5583048789801,15.841776222187136,0,1,0.3179556852393063,0.13944440670652494,1
164074,504,184.08071982003537,553.6099435344051,1,1,0.20217050595175892,0.36749592169891915,0
164087,505,47.0386389735168,4.349529581363555,0,1,0.04390138784259305,0.026428132071276866,1
164503,506,341.8940875808376,1322.746764275771,1,0,0.17150425925354812,0.36148365579472913,2
164545,507,65.62687594329708,61.12188421020108,1,1,0.21587984483577335,0.19614349214819357,0
164555,508,-0.3282722181551154,41.5788388531927,1,0,0.03717843839307637,0.05503137079780618,2
164593,509,99.06645827499622,44.282704426110996,0,1,0.17704874078862823,0.14726945833591631,1
164623,510,106.09559709018356,36.23032972855357,0,1,0.2997765220096814,0.23527406484553645,1
164840,511,101.98188911997147,992.2201869800062,0,1,0.16840591266467647,0.5253073973616934,1
164869,512,110.26500883725893,23.003342759414306,0,1,0.31171859038715044,0.1741915812047446,1
164899,513,97.51431548482702,38.6094596291057,0,1,0.25456815255068876,0.1995994287306531,1
165020,514,266.7000486350868,147.28555100778672,0,1,0.23152753331000073,0.1771653813232504,1
165048,515,103.32724429920827,22.36558039608279,0,1,0.25771653010334755,0.12978281096296593,1
165548,516,567.4042401891803,1057.9181389848886,0,0,0.1685252969180774,0.24606308950787664,0
165571,517,86.4459047822102,10.6514974106584,0,1,0.2288738078689713,0.11386417269128808,1
165606,518,104.62872434598216,29.052117742421075,0,1,0.2125377524261418,0.13069758365270998,1
165727,519,228.92859198776875,199.82043499536834,1,1,0.26054542179536266,0.23478687653685715,0
165762,520,95.44933809034825,58.221721880402406,0,1,0.2173040556095696,0.240107963418976,1
165821,521,165.59437159931502,127.03504484446242,0,1,0.3084602961415894,0.30959939955620885,1
165855,522,104.63672913914223,38.33588976437464,0,1,0.24622852700082026,0.17742409711310128,1
166355,523,775.0087754687347,921.073569028286,0,0,0.2003904498896888,0.2302042963537538,0
166393,524,137.23065258383798,65.26171696878959,0,1,0.3438256165105882,0.2718112018465267,1
166425,525,129.1171815971881,22.84358918919783,0,1,0.32246810696045175,0.14078422517208172,1
166569,526,15.517836635606338,397.5041408883464,0,1,0.03306664697585662,0.2701794288070978,-2
166598,527,89.2701423453002,38.53783164235587,0,1,0.2456565702986729,0.21052137944666394,1
166825,528,544.5983818766363,228.76307047120042,0,1,0.2677580079868671,0.16236648977560447,1
166866,529,76.11682746352255,98.17761590864086,0,1,0.15790427010815355,0.2938974547865182,1
167341,530,460.6071119707103,1347.7988562486069,1,0,0.17875173444850953,0.3257673161833783,2
167841,531,678.5251098363207,1167.4980559197982,0,0,0.2062936440276396,0.28308720627558726,0
168341,532,501.149859231343,1308.698487018274,0,0,0.17847678932059824,0.31362139052926874,0
168358,533,9.293208866713165,2.751991296732264,1,1,0.07033685017556482,0.019656823810313476,0
168411,534,128.9851691789963,119.97747059469779,0,1,0.2475141078054004,0.29652607299339445,1
168911,535,856.6615042127647,714.3694132773959,0,0,0.21421322265506362,0.18492292852944806,0
168951,536,106.35086567608464,89.60472078345705,0,1,0.24920964106244708,0.3042303275710426,1
168984,537,87.97533715213225,42.99033684839226,0,1,0.17060281166080574,0.1580980936349377,1
169484,538,668.5107861989998,807.2155529692615,0,0,0.17705554018829683,0.19397676726272212,0
169522,539,93.84779240093201,70.23935809853616,0,1,0.19568609246832488,0.24125851878920898,1
169534,540,2.1887602611435995,44.749126521435954,1,0,0.03619779122234882,0.05371951393650259,2
169914,541,568.3242212815762,501.18020400294785,0,1,0.16504769456078294,0.16381645350708277,1
169955,542,73.72612335572228,90.4239164834492,0,1,0.12916249699782661,0.2515276605757772,1
170112,543,220.14173297727976,400.7927746201827,0,1,0.1909304178319271,0.3054583939320098,1
170612,544,972.8610443736239,732.8443355963656,0,0,0.24514720163411594,0.19932434419060624,0
170704,545,38.56087586035656,338.39869806259645,1,0,0.11264640889733166,0.346632667744002,2
171117,546,309.49494659186604,1727.3942335269662,0,1,0.20130131258537942,0.4946167496198809,1
171617,547,735.3393781694972,950.5618970021771,0,0,0.20732534505672764,0.2380075029410192,0
172117,548,526.8715147076222,978.0826092496418,0,0,0.15454655366702807,0.22330688482195665,0
172617,549,292.4890420848938,1840.7729836033602,0,0,0.1667802790177366,0.42825996422197726,0
173117,550,611.1668171733145,1489.0769616582277,0,0,0.22091505293915115,0.3681166824603816,0
173617,551,434.43761201325015,1434.3536629672808,0,0,0.1724954386167828,0.33990339517903373,0
174117,552,354.3822336393586,1805.957656447317,0,0,0.17784432226277952,0.4270124847411298,0
174156,553,99.78799192691858,54.16860032561178,0,1,0.1939096441460436,0.18110303526762217,1
174191,554,48.988790714668944,47.72809678928869,1,1,0.2148045534657275,0.1912362730413802,0
174235,555,101.24664674905361,86.48735502481215,0,1,0.19640029509666349,0.2382355710022873,1
174370,556,28.057886320726613,442.98564791179626,1,0,0.0845525821959721,0.3186703382421598,2
174808,557,376.42408079874366,1500.8236263048123,1,0,0.19584418805700493,0.40363278383419593,2
174846,558,57.62839595360578,41.373690567246385,1,1,0.2195602551256627,0.16251434114368718,0
174878,559,88.93367725060023,25.756524196203337,0,1,0.1731575810879891,0.11804712579031804,1
175193,560,258.14442273571046,951.1188724128097,1,0,0.1717586336610833,0.34081737313183247,2
175202,561,41.66537942294366,0.03519071366680038,0,1,0.03209010283216667,0.028123217877040432,1
175263,562,115.58763400342984,117.17219343292723,1,1,0.29143539479172514,0.27496888607556585,0
175323,563,144.3624683439558,93.12720242094352,0,1,0.22462332095805843,0.20759237294800117,1
175823,564,529.4225437404054,762.6889259294038,0,0,0.13470388159884558,0.17717864845144496,0
175943,565,212.76457776733875,327.46874302242134,0,1,0.23785164593918523,0.34094348787348755,1
175977,566,98.69916356826101,36.60882004622725,0,1,0.2008356605004613,0.1339663735926948,1
176477,567,205.5270865106641,2088.3387050456,0,0,0.17154942419248329,0.48891515078682496,0
176502,568,91.03658275541753,3.877144317316258,0,1,0.21889061267492294,0.06495416757032717,1
177002,569,213.77334219679938,2000.714624057493,0,0,0.16461708436660122,0.46300488033381726,0
177041,570,98.17009397204512,76.08071049619663,0,1,0.21666652429209604,0.2512278191654348,1
177074,571,120.18459157385067,34.66230469334738,0,1,0.29268954706099576,0.18036703897484005,1
177574,572,348.61099812586036,1859.7203855268267,0,0,0.1878463656103779,0.4395253274811177,0
178074,573,403.98715357750183,1789.3613774947294,0,0,0.18820816009804175,0.4251087626842412,0
178110,574,147.3855879174214,33.568250711797404,0,1,0.37585646199683653,0.20360475853557858,1
178125,575,3.121405371883011,12.266934519196072,1,0,0.01896109996208725,0.02166997100241695,-1
178625,576,620.7320945376499,878.4626814973163,0,0,0.16658859881812213,0.20470902757392379,0
178657,577,102.65868217209756,35.808876386437746,0,1,0.2448918338632805,0.18106307231154256,1
178694,578,78.75659922359834,77.89236629249996,0,1,0.17033447107419192,0.26704135635403276,1
178764,579,94.54202667874259,154.77737850770848,1,1,0.22892881900772294,0.28587498468566397,0
179264,580,414.1162035662548,1573.78544741357,0,0,0.1800747583504081,0.3771964028248178,0
179764,581,198.64526484890334,1909.2919118692782,0,0,0.15406115502918777,0.4438420470501345,0
179839,582,142.9354598233554,179.07519027772545,0,1,0.21875202313071226,0.3097621455668654,1
180339,583,501.3297212054526,945.1421501189067,0,0,0.14644580168333507,0.21341048532436172,0
180839,584,556.5106121659668,1541.2691317987678,0,0,0.20803329505451723,0.37685401546054226,0
180867,585,44.98933991512655,5.706414024341083,1,1,0.1969903909284804,0.05456181923773002,0
181367,586,577.6995139748209,1582.5653722270586,0,0,0.22117750420987126,0.39213277516081524,0
181450,587,172.40229868879157,187.4343975383699,0,1,0.2438310848449235,0.3027537935234645,1
181950,588,639.3737668093421,1492.6059307245453,0,0,0.23726213540550972,0.37866852387533556,0
181980,589,132.74190506710252,7.261978238364968,0,1,0.35025302252713236,0.10710304490180453,1
182480,590,376.3919437942091,1429.2118599524747,0,0,0.1553108145876589,0.33045958212718307,0
182980,591,353.2137212108866,1436.849462155663,0,0,0.15018145263306187,0.3296967276078598,0
183480,592,382.2425666885584,1701.1904777180653,0,0,0.18222986349891512,0.4092479745923029,0
183980,593,489.88854735525985,1587.0420389381004,0,0,0.1941167578134811,0.3828519149714449,0
184480,594,456.22530261926676,1856.1373593958967,0,0,0.21613939276112382,0.45026812869720295,0
184980,595,240.00448350733174,1813.1059702098269,0,0,0.15616362324045527,0.43262762616760964,0
185480,596,345.51127192388026,1722.067369113482,0,0,0.17262349178668826,0.4075859424810654,0
185980,597,295.3809041572386,1770.024704605373,0,0,0.16660499807313428,0.42152349466600375,0
186480,598,597.4984357009888,873.1041565119414,0,0,0.16038291736409296,0.19999041759351532,0
186509,599,44.050503686666474,12.52502298004044,1,1,0.205847159811229,0.09085504715925556,0
187009,600,1216.0573523369935,919.3539345735966,0,0,0.33619726381757037,0.2854715047352024,0
187444,601,440.0593067729387,1483.2911416006948,1,0,0.21421865232089374,0.40042865009575046,2
187761,602,199.86777137401197,1108.4153572926605,1,0,0.1680027191811503,0.3998108550391798,2
188261,603,528.8313125517477,1606.4358245285207,0,0,0.21710459555590597,0.39821363593379316,0
188284,604,91.77231882726328,14.363523715911292,0,1,0.29501509716308655,0.15469315769504574,1
188329,605,110.09336535006233,58.61618855359903,0,1,0.1945169267440972,0.17640542859893704,1
188675,606,202.8066821845739,1215.7052053327545,1,1,0.16784634413001498,0.41635202627758006,0
189175,607,434.30881195228386,1643.0803351785607,0,0,0.1899717567461678,0.39894052304462563,0
189675,608,537.4356305526202,1569.5836057697002,0,0,0.21662744356396346,0.39224236291046016,0
190175,609,487.43454417087526,1457.486778304255,0,0,0.18687258330886383,0.35380345840079086,0
190288,610,188.13595042809524,290.53360895022684,0,1,0.21551810928540227,0.3201776440914653,1
190356,611,188.7850852729896,150.5201962794329,0,1,0.3171761975575055,0.3136975745846378,1
190849,612,255.28340067526838,1015.5853380956879,1,0,0.0880021815660138,0.21573273656823663,2
190994,613,-29.891095650662713,599.6115491293168,1,0,0.05614468813279973,0.3985164624028533,2
191170,614,275.3224202489211,512.5038542240002,0,1,0.23071204487415475,0.36015232245724793,1
191268,615,73.17860023134017,301.7879900992353,1,0,0.1509723670542618,0.3043634405381343,2
191742,616,454.9805591848539,1820.242027755469,1,0,0.23149812975875048,0.45789761106258353,2
192242,617,-19.678147465957995,1212.735796882711,0,0,0.0028151736761477197,0.2218430239305844,0
192316,618,130.88943538602632,149.70073562575843,0,1,0.1809004955040645,0.24976207546590917,1
192816,619,33.73496606532604,1013.142763694175,0,0,0.002859304703597102,0.18020996095881128,0
193316,620,523.2525620866227,1043.6221272763125,0,0,0.15664973463822787,0.24334183502377943,0
193551,621,230.08938567425835,744.1813058042183,0,1,0.18648911589750947,0.37054219177850767,-2
193686,622,182.25829267414156,349.8976980461381,0,1,0.18951861928078795,0.3186829462770356,1
194186,623,583.4221779761498,1588.2104687789479,0,0,0.22927774531315046,0.396923235256086,0
194515,624,293.1385233954857,1180.1639324501116,1,0,0.20692938966495333,0.4196838154521867,2
194739,625,268.32959564141885,764.719240055605,1,0,0.24066270499253878,0.4003575789538064,2
194911,626,267.6444459826442,297.7165394358023,0,1,0.17213118289100285,0.20552010504011378,1
195411,627,516.19758917382,1676.1661792550397,0,0,0.21400786483892456,0.4120389304706718,0
195450,628,88.9017305164901,55.96575702073888,0,1,0.1615174822545456,0.1752319063498044,1
195777,629,285.35045418396254,1166.1512634511105,0,1,0.17841628971710302,0.413800902987752,1
196277,630,270.2475246931502,1821.502100649855,0,0,0.15854618399394418,0.4199070255000321,0
196777,631,655.9325948694919,496.07706573180303,0,0,0.1375505754217946,0.10232464763780244,0
196805,632,78.01669856612796,27.58789264672402,0,1,0.1737389022469214,0.1504275374562102,1
197275,633,82.33241752063823,1851.0049138737618,1,0,0.11791187176249449,0.4291549809832611,2
197378,634,121.38381132615075,327.917013238091,0,1,0.17322590251551281,0.38061755201999686,1
197563,635,287.52543132439354,246.90889763980977,0,1,0.178712814290586,0.16165292615023974,-2
197674,636,224.81697270868614,267.4523521845205,0,1,0.2604551301579469,0.31909169695352924,1
197708,637,151.27529200204586,27.418881840980713,0,1,0.41933214860363016,0.19431593380325113,1
198131,638,472.25829115827037,1466.7361075670249,1,0,0.2326719240139626,0.4144024634317521,2
198631,639,809.163876500504,215.29043277908832,0,0,0.15281672205837063,0.048430278959876984,0
198668,640,98.86316497295766,48.20262040502547,0,1,0.19644228074930623,0.1688058220969964,1
199168,641,620.4685606321672,1700.3279805219715,0,0,0.2519552540531268,0.43359827952038676,0
199668,642,556.3707669660874,961.070076046715,0,0,0.15640680757301087,0.2189801609456183,0
200168,643,-15.172869867714443,1191.3265146691372,0,0,0.002093341654511742,0.2173983394440426,0
200196,644,92.94623520753552,15.250447886080028,0,1,0.21802741336628237,0.11023308638194644,1
200227,645,93.19102680860988,9.30019480120377,0,1,0.1726048995257685,0.05241211105643348,1
200259,646,102.65721186027822,31.688410044979552,0,1,0.2411555218774179,0.1552819997004558,1
200298,647,125.68365602295768,33.23698575516465,0,1,0.26529456166171744,0.1530367637038919,1
200798,648,410.08435572311686,1954.8787646218136,0,0,0.20711404051640664,0.47132794367070646,0
200896,649,132.33313803402456,224.66869471552286,1,0,0.1949088969719735,0.23438531354871683,2
201396,650,491.08794949455654,1683.295997811441,0,0,0.2087141385816705,0.4014110154818554,0
201442,651,88.43738278656052,96.3096866000786,0,1,0.1573883011262108,0.24479293668650523,1
201942,652,403.6862060688875,1664.209989564911,0,0,0.18553234192426502,0.40249501507435564,0
201979,653,101.96366029187038,68.6723028511442,0,1,0.23140793005422303,0.25265203490133,1
202277,654,304.9714130828696,942.6548569089425,1,0,0.20320904430547765,0.3739240669364703,2
202434,655,306.4966055999173,287.58817280679045,0,1,0.24210355237309436,0.25596273862640817,1
202837,656,430.6362564555786,1582.6384931933005,1,0,0.24973456552986797,0.46617964259081834,2
203337,657,765.8324641838306,206.56739020684407,0,0,0.13425360510427514,0.030310998099057147,0
203837,658,289.7734178996056,1725.1598517660468,0,0,0.15739243948218634,0.40050872021466016,0
204337,659,462.2844000988237,1819.1492103673615,0,0,0.21013686513817476,0.4415311975627,0
204415,660,21.158636348427336,216.6953721748117,1,0,0.06340773536140089,0.2231086362020801,2
204915,661,271.6110056613995,1892.437897439587,0,0,0.17046028846806607,0.45049849387587454,0
205415,662,277.78961777668786,1745.9608975132069,0,0,0.15397312240653963,0.40661601689497623,0
205915,663,457.759197097001,1804.677645244586,0,0,0.20478250805402903,0.42982422491819644,0
206415,664,597.7918249244991,1521.172726711548,0,0,0.21509712103294115,0.3652131643894141,0
206454,665,102.97961222762541,56.90438127151579,0,1,0.2133413799034902,0.1971633554248585,1
206519,666,148.88880435377297,156.51557696378404,0,1,0.25139370300459146,0.315736105547947,1
206683,667,195.94108071696994,402.66959614998524,1,1,0.20442316628129037,0.3074694124402681,0
206713,668,107.24932506120905,20.26470364556592,0,1,0.2701005606983882,0.14640988357150259,1
206751,669,100.79423686628793,51.764750851478084,0,1,0.2002043298401228,0.17447747185319054,1
207251,670,680.8415631710461,1717.6716583929658,0,0,0.25210951813807514,0.42240603533854054,0
207751,671,531.117785358424,1854.4801109647478,0,0,0.23455170738017017,0.4500368823509666,0
208251,672,638.2464902348486,1573.8773395075325,0,0,0.23536983804131353,0.38608681019073354,0
208357,673,76.85842518322592,287.5684024188837,1,1,0.15327453112143313,0.31501981636268767,0
208391,674,94.85303267832904,35.99860394175269,0,1,0.20512332901711092,0.1590986576578146,1
208891,675,539.5229504971803,1924.1269201449886,0,0,0.24662509555817866,0.4652424666304315,0
209011,676,156.64596119257962,318.10565193408047,0,1,0.179238582245588,0.3171956615995055,1
209511,677,627.0266226297392,1664.8360837459556,0,0,0.23464950290006006,0.4042944954921681,0
209992,678,536.8071175485541,1594.6641453778918,0,1,0.21135077684715534,0.40582667321634364,1
210039,679,130.34218035579923,75.81043907118985,0,1,0.2556838972128871,0.22098991539228202,1
210539,680,760.8203491936831,219.471510423039,0,0,0.1367582236554761,0.030397315932762736,0
210576,681,109.29104570977768,41.434346760570726,0,1,0.24799621727930113,0.17810329458346733,1
210973,682,323.23716543892556,1444.881993258513,1,0,0.20173335316776964,0.4277048205029683,2
211473,683,563.4396526369322,1653.9777500150885,0,0,0.21474664028367324,0.3950792403371998,0
211508,684,88.77764717645667,50.04207943734347,0,1,0.180753005993038,0.1961152241149856,1
211689,685,284.26558238794166,561.9264684866715,0,1,0.24208737765455143,0.38868285315835827,1
211701,686,49.787651238459674,-0.1551488030729864,0,1,0.05260765499003894,0.030449327263710902,1
212201,687,382.49570215655405,1960.3787546002798,0,0,0.20194561295357838,0.47283838169419584,0
212701,688,451.8326214060293,1746.7488476040453,0,0,0.20333989301752856,0.42215675840421996,0
212745,689,98.37461352826018,87.77757437791612,0,1,0.19337641057929966,0.25834214565162344,1
212805,690,125.23763823390696,123.95917584359165,0,1,0.2028598990660173,0.25490233211852836,1
213305,691,435.98453762213745,1752.7832300024238,0,0,0.20176123337612026,0.4215860575871465,0
213681,692,432.5446377773056,1413.7924415651007,1,0,0.25302428942964555,0.45532617662439934,2
214181,693,531.6944356943741,1679.4055177060973,0,0,0.210127798483204,0.40287034139463984,0
214681,694,591.2531696938391,1613.3679076363676,0,0,0.21965420056696178,0.38852088467647855,0
215181,695,354.8887715028103,1795.7855454054818,0,0,0.17817845708488084,0.42740051192338946,0
215681,696,630.5194614368994,1711.6949281063457,0,0,0.24067946230487783,0.4188936819316729,0
215720,697,164.32176427469744,51.47360042970101,0,1,0.4338652638967392,0.2601153311612857,1
216146,698,557.8973840861266,1325.070221761954,0,1,0.227117141890222,0.3840964065518688,1
216161,699,4.875862569053908,3.0119789052303574,1,1,0.0674388089739796,0.026284712165049014,0
216275,700,125.28578906028443,378.5618189650138,1,1,0.22929353767038105,0.4107523323739892,0
216306,701,93.22573479237127,23.416450651676328,0,1,0.20078727837178664,0.12684133287880023,1
216665,702,396.8220248532275,1163.746620686493,0,1,0.20243545663677237,0.3952655616793466,1
217165,703,472.02233115626274,1703.2469313536842,0,0,0.20148522833643162,0.4112872121938696,0
217516,704,415.6144699030906,1123.8657022798568,1,1,0.227585198078394,0.39337485522941107,0
218016,705,412.00152818534264,1737.7182779983384,0,0,0.18746592887018973,0.4120731007079947,0
218516,706,491.5017799256854,1692.8812546459983,0,0,0.20685516014692312,0.4109987170907453,0
219011,707,427.1475328579313,1763.0792426683363,0,1,0.18972484449271051,0.4300267835763051,1
219363,708,307.8462953216122,1374.3866427586222,0,1,0.20107854070706654,0.4710053926902303,1
219405,709,112.90252385546567,46.874286786364856,0,1,0.21118892503449166,0.16166538861176077,1
219905,710,534.3474907598226,1757.5472462680289,0,0,0.22066930413627356,0.42810199295379303,0
220014,711,165.83785485702396,336.3417718284923,0,1,0.21664175643280306,0.38308140594740403,1
220514,712,289.6923531338975,1191.2644905519198,0,0,0.10229424638259492,0.25914076168773703,0
220527,713,49.172370808883606,4.054948142306918,0,1,0.04962213037106334,0.025916774337777084,1
220691,714,271.17233684589803,477.786283276594,0,1,0.23576567389009717,0.36017783234252054,1
220744,715,64.68878523263436,84.33347434745487,1,1,0.1852557038752565,0.19971661833867752,0
221244,716,455.52589782603326,1618.3869929301243,0,0,0.18560029258369096,0.3804985894214707,0
221744,717,346.3758458980409,1763.1745867175687,0,0,0.17788157492598683,0.4217666758146062,0
221782,718,136.20308469765325,31.017639441720437,0,1,0.3135091919581646,0.15768606936945398,1
221816,719,77.09657756210184,38.30004699593614,1,1,0.3030410274167621,0.18145712186314256,0
221831,720,0.12712735667949815,2.605697276094695,1,1,0.041469420600781154,0.025243209386730147,0
222331,721,382.0109431179453,1938.2234886260487,0,0,0.1949825772810061,0.4590578510764591,0
222430,722,197.01036988233668,276.62513597355985,0,1,0.2601582664189787,0.3597905790873221,1
222644,723,343.43855569460544,465.06468407837605,0,1,0.21726576692997066,0.28602393159829875,1
223144,724,680.0845599993179,519.7938544839933,0,0,0.14955211840230898,0.11594874909508081,0
223644,725,472.20206264974354,1640.0556554909704,0,0,0.19474385151486487,0.39272456100221,0
223689,726,98.53303417310642,82.6462009555006,0,1,0.18114609003795654,0.22498010672468854,1
224189,727,627.3330432086199,1065.2169456201684,0,0,0.18415570409338314,0.25614545956149887,0
224310,728,155.79563816226036,325.36479934374887,1,1,0.22766365904411046,0.3411896131472349,0
224513,729,311.4562619844784,516.8127331597552,1,1,0.24815196846874318,0.33127226829781736,0
224645,730,212.85932626535237,400.51780540565966,0,1,0.23492042003162755,0.38604758573760084,1
225145,731,617.0987822214383,1007.914586514998,0,0,0.175236560722934,0.23707863338365912,0
225177,732,97.96636486493973,39.4667472896071,0,1,0.23737409522924607,0.20296318963747514,1
225677,733,592.012256250661,1585.4440410850445,0,0,0.2159834994555795,0.38104392963197947,0
226177,734,456.8366911588603,1815.5396036688257,0,0,0.20478904729304015,0.43661961117667264,0
226209,735,91.37225776288216,51.80570946128233,0,1,0.20985560595988836,0.21248793124835783,1
226709,736,387.0105216676171,1833.4856920325844,0,0,0.18935730801222428,0.43350100199592984,0
227116,737,417.39008825042777,1266.3906761349142,1,1,0.20297488552377665,0.38395317745620555,0
227616,738,510.36137329674733,1632.9406460950051,0,0,0.20037760170648758,0.3912709796323134,0
227732,739,88.33565623865499,377.08235316832724,1,0,0.14910782373561018,0.32498035676878334,2
227787,740,123.66724771371892,86.87871762688049,0,1,0.20352334850337797,0.20758691563256473,1
228015,741,304.467208595636,728.1397364116023,0,1,0.22016750829680343,0.3966662273490992,1
228170,742,203.06164044893035,442.1357206643995,1,1,0.23704666538876462,0.3618427335762371,0
228471,743,305.43425526464154,1006.3055689091827,0,1,0.197752699528267,0.4076682371170779,1
228971,744,572.6022747703197,1828.4919310511389,0,0,0.23747771390481526,0.452001074748215,0
229471,745,437.42616092488043,1730.1446657542572,0,0,0.19296098908461176,0.4134242613958081,0
229971,746,570.794893998674,1070.2377228389003,0,0,0.16880177998265028,0.2546292956159658,0
230073,747,86.95023910196801,187.25973777372494,1,0,0.1214150116364985,0.16353230522707526,2
230167,748,117.23081114858545,257.6598916988498,1,1,0.21954972000002576,0.3390662597718222,0
230331,749,231.88192992324016,408.58144886747857,1,1,0.23754714718625064,0.3230534901315696,0
230608,750,126.8774271037052,1068.041833205415,1,0,0.15098197905157293,0.43026583066999174,2
230638,751,113.63730923774727,20.99643467563927,0,1,0.2901568826328871,0.13299820257363634,1
230676,752,87.01146238115241,56.46587445166842,0,1,0.17277918348158366,0.18833846255394573,1
231019,753,305.1787767309355,1287.1301176883437,0,1,0.19640919742223067,0.4520300935594401,1
231519,754,409.9520294181867,1745.893652215666,0,0,0.18413986950499553,0.41115630551446314,0
231790,755,224.2766173467058,690.7756743652326,1,0,0.1396020787366256,0.2732508115556689,2
231841,756,63.56268123302584,70.53572633835297,1,1,0.1771884758820257,0.16666488959003428,0
232166,757,164.57249587527522,1344.7420171240751,1,0,0.1724889940507433,0.4710126132627623,2
232382,758,277.4012513297722,682.0535848467334,0,1,0.21283421112318274,0.38786033782577056,1
232610,759,341.61239104366723,761.2054988767916,0,1,0.2437315347472733,0.4179836091913302,1
233110,760,458.1111841134431,1715.9471821249901,0,0,0.19977538270046036,0.4142412316689557,0
233501,761,303.1421556091424,1404.3612174368566,1,0,0.18743973211275855,0.41566001749989917,2
233538,762,121.66538663271646,54.515579683578245,0,1,0.3124333957349697,0.2515854538575289,1
233724,763,132.95133938440193,643.4298775748865,1,0,0.17185480175807272,0.38050123869816005,2
234224,764,420.0688985577473,1852.639624793967,0,0,0.19742343468841292,0.4423801272445571,0
234345,765,156.96395412219226,414.34452384311857,1,1,0.2572824328076323,0.42807403597004295,0
234845,766,609.4159454895577,1117.6463705850017,0,0,0.18217518687491258,0.26654736697803255,0
235016,767,214.99473388875563,561.3388052761081,0,1,0.2098171481304304,0.40527927128553726,1
235516,768,539.5487126077811,1540.1487814017228,0,0,0.20297137901054882,0.3698265609861531,0
235636,769,134.36543185410233,377.52378466848745,1,1,0.22783216503748835,0.39478905947134973,0
236136,770,477.61130220154405,1626.2948040600563,0,0,0.19253212448135473,0.38598307427009737,0
236165,771,106.8973157863435,19.808032781534898,0,1,0.28404869385642334,0.14089294162193458,1
236665,772,380.8008784811116,1685.756874845767,0,0,0.1746003464404484,0.3968706854228159,0
237165,773,391.1778758889782,1844.4996097735284,0,0,0.19165491494470202,0.4398279936155327,0
237665,774,739.8828772194886,678.1654644037184,0,0,0.18151179591770927,0.17067713208830257,0
238165,775,479.1928884545607,1739.2011496944633,0,0,0.20306569908227415,0.42036523364299483,0
238272,776,137.60863717284315,313.9606086045136,1,1,0.23424213690903403,0.36427428101672554,0
238301,777,105.68334175321286,18.50136769253337,0,1,0.26587838380112033,0.13033858166500845,1
238334,778,100.3297203398163,24.3442351669014,0,1,0.21334259050065638,0.12893686080243638,1
238557,779,321.7824419554728,779.9246525277777,0,1,0.24569477865491168,0.4338465216880358,1
239057,780,499.1737834962942,1636.6324492035135,0,0,0.19904351284834523,0.38925480410687086,0
239557,781,448.3501276470984,1764.8844067211005,0,0,0.19732706455143445,0.42054731479163426,0
240057,782,548.9436833687663,1608.2376039560543,0,0,0.21015627240914614,0.38670618609958973,0
240222,783,250.60900062523467,475.69852421824226,0,1,0.21934321839541251,0.35447326023918285,1
240722,784,409.1224003398761,1709.6110811504225,0,0,0.1838419670154702,0.4041610082527988,0
241222,785,759.6275769722263,812.2539101256818,0,0,0.19647689921590614,0.19877415262661408,0
241722,786,482.2763601127568,1565.9638034280056,0,0,0.19262805515980883,0.37466774461769337,0
242222,787,585.5163876644112,1638.7480793431591,0,0,0.21930384770070122,0.3960898255424153,0
242722,788,648.9874030911036,930.766368932877,0,0,0.17667428634011975,0.22083283095897716,0
242801,789,127.52398425441879,200.63729688786594,0,1,0.18268883079790144,0.30440737796966566,1
243301,790,528.5087548608976,1593.675309095421,0,0,0.2008043351288203,0.3801930112601525,0
243333,791,136.2666807467557,13.22481758644632,0,1,0.35141174949633486,0.13098388454741644,1
243507,792,307.67182417149235,536.0312989316436,0,1,0.2569808274736104,0.38807889972421716,1
243602,793,236.20992377326263,133.12500801866818,0,1,0.26666665110750787,0.21367270641616481,1
243977,794,271.3404628092129,1484.9685111186404,1,1,0.20175403868088085,0.47829743239454325,0
244477,795,429.60185300185515,1737.7890218001025,0,0,0.19092513338277642,0.4132320523502857,0
244796,796,275.2015868708015,1352.0815741985182,0,1,0.2130406228044087,0.5123660340474495,1
244833,797,107.71672247596456,57.61746147995895,0,1,0.24551684116735875,0.21935149517410008,1
244867,798,122.40159434986143,40.14480716934609,0,1,0.30887852430236085,0.20633424970293934,1
245367,799,519.7027599887986,1824.7594065824467,0,0,0.21817620499035317,0.4410760509308552,0
245867,800,430.5045723797935,1764.2719181403916,0,0,0.1915077282007917,0.41815015455759663,0
246126,801,407.1211850338484,808.4632890644231,0,1,0.24756281285150783,0.3931813892772584,1
246360,802,200.64583245744853,572.0986701264209,1,0,0.14202982054141525,0.26217636715287407,2
246778,803,215.437850993811,1792.394980969488,1,0,0.18390528381348306,0.49703559612543097,2
246811,804,110.72805474269335,51.62192702520787,0,1,0.2762219604592719,0.23666997153814734,1
247131,805,374.92973059351306,1087.5951535801435,0,1,0.2159155537509106,0.4160413152788383,1
247631,806,611.8021169344064,1455.5784498017904,0,0,0.21630594284970744,0.3519945007644305,0
247885,807,342.2246526536096,695.8930179299902,0,1,0.20500464482695183,0.3402418144270111,1
247954,808,132.2844678077942,164.2335293460134,0,1,0.21366961543725171,0.3065827647598229,1
248029,809,181.48733261700878,153.34440006596918,0,1,0.26611332980489616,0.27580625841104445,1
248136,810,123.22411507577297,288.84133636200795,1,0,0.1901806062207114,0.2774770427726664,2
248636,811,525.5700956367218,1603.8177612737018,0,0,0.20291725549429912,0.3850053898385323,0
248758,812,162.32952103627431,337.95963771680647,1,0,0.2233110831246634,0.30172411291332524,2
249258,813,334.87545332920206,1833.184541971743,0,0,0.17944298186303792,0.4346287963530559,0
249551,814,443.583927400471,886.1835299095395,0,1,0.23352648517109353,0.36998107044967354,1
249680,815,122.07005995059231,355.01810752189266,1,0,0.17083686656595054,0.2844465605964745,2
249752,816,167.62959074966267,144.22243704130545,0,1,0.2506033381912565,0.27151209296438755,1
249782,817,100.17810561443846,21.16207292163763,0,1,0.23929962693063844,0.12215321836918586,1
250282,818,229.1654981645667,2189.100237976973,0,0,0.18352552294091096,0.5211809705383391,0
250340,819,99.89766055198965,103.72006057817003,1,1,0.24918607731258574,0.23646021320518343,0
250466,820,220.6219823227908,300.8982527452027,0,1,0.2260304002084465,0.3129248525192859,1
250476,821,47.76395546802117,1.2728274023961106,0,1,0.04783735780296479,0.035823725858692534,1
250976,822,552.2360768927756,1733.8830013493318,0,0,0.21589675020601876,0.4164655563684038,0
251104,823,225.6644287094639,386.36885654250807,0,1,0.25288107688115496,0.38203652249007336,1
251239,824,147.9611556809556,450.2940476171665,0,1,0.1837394113240595,0.39782971010600915,1
251289,825,89.62153925673097,106.07575173815759,0,1,0.14781030930984213,0.24917703765551033,1
251594,826,254.37698030182133,1208.2576003370048,0,1,0.20049769085923694,0.4805366797532438,1
251768,827,229.83321166543004,504.0349721960067,1,1,0.24120081023990791,0.3699035302601637,0
252107,828,540.099650395692,1130.2585783215088,0,1,0.2585522957269132,0.4104969653432162,1
252216,829,137.51045189300226,253.61532108598362,1,0,0.19586453935440828,0.2359193607113355,2
252716,830,689.8645714031908,438.93212633322725,0,0,0.14809301793380555,0.1006015929330223,0
253216,831,552.8395917075281,1456.6991359590647,0,0,0.19738532218069324,0.3509790350896279,0
253297,832,202.39055685716022,159.0199446352372,0,1,0.27999021130567364,0.27750299327472944,1
253392,833,171.3775042120942,237.64550851601436,1,1,0.2894183506242388,0.33987622934797485,0
253423,834,57.1586563577362,28.343291258441745,1,1,0.2621754399436183,0.15684268552334393,0
253923,835,452.652753346606,1815.1593225312859,0,0,0.20491210470345392,0.4363269447949378,0
253980,836,154.35107345625997,107.84942737286359,0,1,0.2741878468672139,0.2600316584538293,1
254017,837,120.1072995564794,49.34334917232951,0,1,0.2832346623232693,0.20822586143067576,1
254045,838,135.43462261321994,15.573678050538948,0,1,0.4118032389127792,0.16567681267583434,1
254079,839,107.68217245144271,44.286782187858016,0,1,0.2484952674154219,0.1945418745260958,1
254131,840,91.34861087751119,110.49110672645155,1,1,0.26596249659428045,0.2850262369626863,0
254203,841,167.17749198403158,178.17865986939546,0,1,0.2617988717537187,0.3224569765918288,1
254637,842,593.5892274465248,937.1414893325541,0,1,0.18847184544921713,0.2615956259075006,1
255137,843,615.9056489654619,1720.4650133049288,0,0,0.22972796826088104,0.4151220329108201,0
255280,844,230.91455902232914,447.66143618036233,0,1,0.24362640029001253,0.39718848963064624,1
255515,845,290.7835557084512,814.1915961028955,1,1,0.24201434748806705,0.42848326458986524,0
256015,846,617.3401060076183,1577.7164733585112,0,0,0.23911254454866335,0.3949681287617966,0
256328,847,301.8124464123323,1352.580839756607,0,1,0.23128476628857594,0.5304061018427563,1
256364,848,106.52564591226893,48.77826575154906,0,1,0.23771096753293708,0.18815921955401574,1
256467,849,121.7801374448911,255.76268964564878,1,1,0.19942211709046348,0.301226547386546,0
256967,850,645.4226604232019,779.5163558930609,0,0,0.16322253953247448,0.18620975583677526,0
257002,851,83.61949959535535,21.219108242267026,1,1,0.3153188056101575,0.13329492896361464,0
257502,852,553.8230368140835,1495.6228761183684,0,0,0.20163378324919004,0.35576711395134064,0
257550,853,151.04856772737017,66.76105588859505,0,1,0.2911012501542565,0.21263353244088176,1
257608,854,127.16246103855937,135.94139431829913,0,1,0.22706084500489082,0.2992029841732235,1
257647,855,138.90028892052393,39.440005595985255,0,1,0.3183480427628296,0.1845389229373588,1
257688,856,115.17242423683064,60.09404737962197,0,1,0.23424647063162107,0.2008811394050003,1
258188,857,469.02446913989496,1722.148774115435,0,0,0.19445534463959727,0.4058901009380162,0
258233,858,100.3246421074277,85.7381358316957,0,1,0.17977272010541617,0.22629426849200399,1
258296,859,126.08631399138099,153.24762028542798,0,1,0.21462635754455345,0.3059967947490126,1
258796,860,474.31792515021624,1695.1921462834107,0,0,0.1952454485623347,0.4022125858436118,0
259139,861,250.7574812354813,1300.658574137037,1,1,0.19906548477109573,0.460064758845672,0
259178,862,128.25749651127046,36.2680798532561,0,1,0.2790777323594447,0.1645035470854348,1
259400,863,312.1971639644891,677.0569578003468,0,1,0.21913662097365572,0.3745253405744371,1
259445,864,156.8356434429735,56.3717603093619,0,1,0.3542064518455611,0.23497281967299435,1
259824,865,533.213374081816,1325.8969845648878,0,1,0.24584715084686684,0.43174778139894465,1
260324,866,584.4871539789204,1527.896086655691,0,0,0.20814867215265684,0.3636223298623114,0
260531,867,286.92399015432784,713.1203096573197,0,1,0.23533768766783902,0.42517874082242796,1
260568,868,76.95462916746612,73.66031241591514,0,1,0.14138058263542985,0.2240989830132235,1
260633,869,83.58886392271208,151.1323638278626,1,0,0.19166810611803042,0.20443990474802792,2
260849,870,30.51406055247388,1060.616758280734,1,0,0.15837804596545718,0.5502329480903781,2
261349,871,482.77103874210354,1821.9742361062206,0,0,0.20952362948143174,0.4348766887908649,0
261421,872,206.41116632559687,127.7956700900559,0,1,0.31294274710773284,0.270408202472596,1
261530,873,227.31608553938258,273.7360564495413,0,1,0.25260982640121415,0.31549825495182804,1
261771,874,275.8892814364392,858.5002683404163,1,0,0.22715609308591309,0.41603932170839986,2
261800,875,69.70661845767064,15.430385076448204,1,1,0.32059943510827904,0.11411613477546967,0
262300,876,714.9148478434535,706.5421866253628,0,0,0.17169952307077713,0.17012394139369763,0
262344,877,102.20283625549483,74.95388106976802,0,1,0.1889812052961303,0.21465580997374986,1
262472,878,205.98297782006335,353.5413573033677,0,1,0.2273385488692993,0.35282523578992814,1
262972,879,549.1021139798055,1669.8311530580067,0,0,0.2113332754462881,0.39887947981364175,0
263067,880,138.24854719042028,251.0875072372385,1,1,0.24575519726677905,0.3365712299925143,0
263169,881,187.29367344227092,275.9246626749557,0,1,0.2369447564686951,0.3405842994804066,1
263258,882,165.87358237912196,179.5531325428618,1,1,0.273375030321869,0.27188831437191396,0
263758,883,198.63333878027518,2280.7825663482454,0,0,0.183298330979542,0.5423690696108242,0
263788,884,106.15809992405207,25.90305965253147,0,1,0.2850330180494131,0.17212120784474855,1
264031,885,366.9908120776791,784.9571748130902,0,1,0.24224808239327109,0.40287164538768494,1
264349,886,139.43867520563293,1237.287812335169,1,1,0.16062208409820708,0.4579591103210523,0
264849,887,573.5462021383125,1618.7329242377966,0,0,0.2136179636901047,0.3871133271394901,0
264971,888,217.16051097179215,347.19882554858657,0,1,0.24492525243441787,0.36618705908309385,1
264997,889,77.34464869035277,6.895579077905364,1,1,0.402070420548829,0.13903408410535453,0
265497,890,683.0952692834987,1667.2855425906912,0,0,0.23962298509649307,0.4038054231586016,0
265529,891,104.94026373603919,20.34238188293939,0,1,0.2187793671572999,0.0963983615833699,1
265727,892,280.5337684519144,636.9126820622465,0,1,0.22931304007582728,0.3997888638224187,1
265843,893,192.8384090299754,372.8143187859306,0,1,0.23593618562893343,0.39757826494444604,1
265873,894,122.24431316868743,20.76946362221662,0,1,0.3353350044133338,0.1594190999048893,1
266237,895,407.6326956636686,1216.5779237419617,0,1,0.2066751542044991,0.40936179316219024,1
266315,896,152.66444317176405,187.2154197949474,1,1,0.2934058283288634,0.32349647254299585,0
266452,897,217.75836598407406,209.04440000879438,1,1,0.2146737404027505,0.20526662236959423,0
266952,898,449.0497178377281,1845.168772137246,0,0,0.2012409952562967,0.4387434365793081,0
266984,899,118.21749732350247,23.261250361273795,0,1,0.2809981026860429,0.13329790288711474,1
267060,900,128.0701084678993,222.16981500683144,1,1,0.2884014496875649,0.37938641618277247,0
267207,901,151.27174481069994,429.81361588006564,1,0,0.19093418669529963,0.3259973419000939,2
267248,902,173.43025728753386,65.75069417655226,0,1,0.45637569166323383,0.30947831069237325,1
267328,903,101.11438441821129,190.05240643529532,1,1,0.20587646580228558,0.2870639368214103,0
267432,904,115.06884251057184,276.7944966059628,1,0,0.18457576255466518,0.2700665071108369,2
267470,905,76.00298957758815,50.83153117284748,1,1,0.2876429901272152,0.20747149579944998,0
267587,906,236.40931915678308,328.25802160420477,0,1,0.26420387113590454,0.3580188156648803,1
267623,907,120.23318644447141,20.83894523888879,0,1,0.2539773279531283,0.10902930290582404,1
268123,908,583.0301051738016,1560.5217321445364,0,0,0.21045033149391917,0.37206612368549197,0
268159,909,61.31710469489633,38.91224032609745,1,1,0.23691895983940942,0.15969096797978574,0
268196,910,123.58320925362256,36.20152217232721,0,1,0.27409361947514194,0.16096723407133856,1
268276,911,188.0139142144893,169.78459310470572,0,1,0.26744165649644425,0.2941565581592592,1
268776,912,720.9376027257548,1657.9609016776662,0,0,0.24761740112399125,0.39871826514954745,0
269178,913,665.2817802311341,588.8233321948176,0,1,0.19311012898654642,0.1885760847042513,1
269391,914,289.77958331548575,682.345543001312,1,1,0.24471327777639965,0.4000384356632035,0
269891,915,554.6839802419671,1536.3523602787664,0,0,0.2023041102665899,0.36361514975816156,0
269920,916,107.30196902820447,7.516785911041978,0,1,0.25351822349156794,0.08313171984235983,1
269975,917,107.53400094472183,101.84634181543247,1,1,0.29250478664213697,0.26669203105003186,0
270035,918,131.72811040702905,153.36116074031426,0,1,0.24296850806324205,0.3332313238319736,1
270279,919,300.17080840119627,618.4020439025602,1,0,0.19708736014076933,0.2872217719821592,2
270382,920,117.38941918727815,283.3360524323702,1,0,0.19595437772005012,0.2827154802552966,2
270629,921,151.23939982279498,949.8413111088776,1,1,0.18161358907746644,0.457118475200384,0
270833,922,296.5330797840775,637.1042247384102,1,1,0.25116963715315227,0.38644038547897824,0
270990,923,248.97654701277224,435.23922320226046,0,1,0.2100104688624101,0.343544604186782,1
271026,924,131.17465557274633,21.457258432698655,0,1,0.2943070066418627,0.1300331316771826,1
271123,925,121.39364006848773,271.29170747429964,1,0,0.201834324872034,0.28183643378791207,2
271623,926,594.7131095635626,1554.1067790200307,0,0,0.21311928346685444,0.3707308063594854,0
271740,927,186.34396645497975,281.41101932544666,1,1,0.2499698425016769,0.31009594956823533,0
271772,928,106.81784461784443,24.175798191402993,0,1,0.24361319664097647,0.12996922568773447,1
271801,929,97.68508444537606,23.71828385109918,0,1,0.2284211228256651,0.13052391926651666,1
271975,930,289.94816926364143,531.4359299138839,0,1,0.24809102718015996,0.3848829429531247,1
272112,931,239.99623958901543,364.4123820236502,0,1,0.23067275061899364,0.3316745479444885,1
272612,932,692.1822457172037,1620.123998475807,0,0,0.23992276621737949,0.39363871446242166,0
273112,933,633.0363723478594,1557.7330256979883,0,0,0.22305303551217096,0.37575049440864755,0
273164,934,153.01873984180278,85.95899557275027,0,1,0.28281812653279353,0.23730421086451972,1
273228,935,102.1421954263419,120.35307399070342,1,1,0.2366286252363772,0.2405213113077642,0
273261,936,108.62903846938565,28.436465959241517,0,1,0.25458158608813886,0.1486814955561549,1
273397,937,232.40994899002797,354.04076341768814,1,1,0.27327674830730825,0.34021570148044084,0
273897,938,482.3226431079168,1938.8056303281467,0,0,0.21748554287025496,0.46256562338551765,0
273931,939,120.02971995903287,-0.9520777297566632,0,1,0.24501832985366606,0.045722085002662456,1
274006,940,190.2849099225803,123.10841508370179,0,1,0.2842902258927387,0.2551880334624455,1
274211,941,467.8359790276415,550.9372450225638,0,1,0.31959973760738386,0.36542004872894973,1
274711,942,729.9550669678616,798.0919281721885,0,0,0.1908943394020019,0.19633043501431355,0
275211,943,812.1803627314507,687.443823630169,0,0,0.1938249027414293,0.16954743701579134,0
275711,944,459.60888205331037,1757.2741650143905,0,0,0.20074520923098244,0.4207343968776624,0
275771,945,96.03473930796213,115.35661039054445,1,1,0.2346464789573997,0.247897177658895,0
275886,946,250.6918570945604,265.39129444971684,0,1,0.26600187620800897,0.29793786108245585,1
275913,947,115.61332246205515,9.563461232194253,0,1,0.331431943981796,0.12334393104744118,1
275940,948,116.96589833274945,11.989302394334285,0,1,0.3377658269119103,0.12968183305215408,1
276440,949,575.8897203017514,1574.2474279786152,0,0,0.21133648078273226,0.37654036582097933,0
276506,950,130.76949415282107,134.90931306683137,1,1,0.29490923744925895,0.2844982690529339,0
276605,951,104.87332766003234,218.75996686286913,1,0,0.16858164334668307,0.2149081891750811,2
276635,952,118.4468786695395,18.144276320427192,0,1,0.3116117626021946,0.13817436012372067,1
277135,953,929.8659644181138,155.21966649644298,0,0,0.17466319973241487,0.030321444144446028,0
277364,954,279.6203370855021,733.9867494732365,1,0,0.2186948694428923,0.36356168358375524,2
277402,955,158.41950380330837,49.78513305470773,0,1,0.4182376997062191,0.262514997422175,1
277519,956,157.5037641506254,373.93448727687814,1,1,0.25889493287427273,0.41330292967790694,0
277785,957,343.8208482756818,629.2329868938945,1,0,0.20156935288975653,0.27586916238056247,2
277852,958,95.39182292379229,183.56638954407967,1,0,0.2237275933525347,0.25925991220849975,2
277939,959,177.67323742759555,219.49250836220978,0,1,0.24344103577547174,0.3216543511767272,1
278149,960,340.9890367880663,714.2975723607867,0,1,0.256689778435123,0.4220859963980931,1
278177,961,117.3436894949148,7.674969703693183,0,1,0.3073774798700025,0.09556496937176015,1
278442,962,433.1854718576642,742.5864262103502,0,1,0.24310466780503082,0.35290736672980255,1
278518,963,158.02622407516355,158.51637339777037,0,1,0.23012739966767462,0.2770699996016431,1
278535,964,48.55329116885238,6.98925372195221,0,1,0.0368498108192815,0.02981389504355043,1
278620,965,202.52314959327626,211.577328703759,0,1,0.27799689027142555,0.32362831089650407,1
278914,966,490.51757470403965,973.1584117466197,0,1,0.26413061353043776,0.4100326282877239,1
279171,967,376.27084040147247,880.0967485550175,0,1,0.2372504861770943,0.4148054828023286,1
279321,968,216.73318086412837,288.27271532622115,1,0,0.20261869695755869,0.21346671676128892,2
279409,969,204.97654378671297,257.2484623236723,1,0,0.35156015826268966,0.3674044238199233,2
279481,970,72.74545218657933,182.32732286909786,1,0,0.1692874802787405,0.23322061006748682,2
279981,971,599.0928550928852,1656.2486620352,0,0,0.22202636090571734,0.398536963592294,0
280481,972,641.5855518694382,1642.7254491538213,0,0,0.22807115074211526,0.3916880015896913,0
280579,973,151.45223407601313,287.47610974800216,1,1,0.26891701950165997,0.37669445781974586,0
280816,974,544.0202084120841,376.1043568707766,0,1,0.26396420240346685,0.21871533157047657,1
280990,975,296.71690022010154,554.4996328469185,0,1,0.25235867048450344,0.39379307590618934,1
281490,976,559.5927240357292,1691.5355235610637,0,0,0.21697816539235304,0.40424035339951375,0
281561,977,177.35508929034916,124.47089397633651,0,1,0.26503157908534714,0.25029212039745824,1
281790,978,410.1558103612041,752.1295394742792,0,1,0.27123886808270387,0.4105142146591983,1
282139,979,510.9678774701857,1173.2260499246242,0,1,0.24651280975616816,0.41761114994199716,1
282256,980,240.9858531275492,299.90766267614026,0,1,0.2673253500058564,0.3342366966578712,1
282624,981,542.3119929733527,1204.3966652035595,0,1,0.23962928138477776,0.3974190867780572,1
282655,982,124.47666852668914,13.802955035162352,0,1,0.32125542182701233,0.12355315187018819,1
282715,983,146.01626250936584,108.12981992942632,1,1,0.3391962258422599,0.265995040742316,0
283071,984,439.19364736006736,1149.0988206114123,1,1,0.22835588750336727,0.39160439825490706,0
283290,985,352.62263908401326,771.287919180979,0,1,0.2648580880470166,0.444580991394109,1
283790,986,534.6691081781079,1725.0577052131277,0,0,0.2165230923790856,0.41420400694055914,0
283821,987,124.76994123106434,11.031897721611795,0,1,0.3074931413627021,0.10787325762777546,1
283904,988,145.00147158811882,211.65015659254598,0,1,0.2046448277998532,0.31611855324801574,1
284218,989,479.44942530316723,913.3572520256477,1,1,0.2500760365484508,0.36067530020161037,0
284510,990,414.3591094958218,930.4755516481266,0,1,0.23413051516758493,0.3924616041076487,1
285010,991,599.6126354727775,1724.8108922562203,0,0,0.2247294804537022,0.4114275542766846,0
285039,992,131.58733395141832,7.038042368813272,0,1,0.36756241123373534,0.11780529644192826,1
285539,993,510.41543935390877,1663.6873249324021,0,0,0.20879200827353112,0.40257933258692313,0
285638,994,196.9494774687406,150.79866860495247,1,1,0.27519005486155734,0.22486201855678886,0
285761,995,156.43183651608186,258.74347787549175,1,0,0.18496487036388481,0.20887803248482564,2
286261,996,661.0899564091554,1866.3956323441396,0,0,0.24971088994736274,0.44909588211616325,0
286391,997,247.96882118812175,396.14146087670946,0,1,0.2599833945269663,0.38223750351124686,1
286891,998,523.6113684541033,1715.5714758470017,0,0,0.21245329935890375,0.4131401163872615,0
287044,999,259.5543387183685,415.2558989729533,1,1,0.2667508960894752,0.34310022432655946,0
287108,1000,163.9701067026545,134.91881480288657,0,1,0.27466176486452115,0.28805789881338195,1
287360,1001,304.68212641301653,833.7072623175077,1,1,0.22966500980431667,0.4012186765331426,0
287595,1002,374.12576044683783,767.1318560963495,0,1,0.2477454316402938,0.4016733839464747,1
287639,1003,133.95888471948365,71.68349281030513,0,1,0.27259241174811594,0.2280614369047531,1
287728,1004,220.87355238282734,100.73596193716483,0,1,0.25193996228674853,0.18141582046239077,1
287761,1005,106.14633612693812,39.65615275877434,0,1,0.24099141943894828,0.17410813960872862,1
287792,1006,122.5292264899804,10.674503547866799,0,1,0.3066860966274534,0.10985453466915802,1
287881,1007,155.75074904657203,148.84651786170627,1,1,0.2463276967186558,0.2271288106984352,0
287907,1008,119.7972884791073,1.3011662434341211,0,1,0.3508489780534402,0.08770363154990948,1
288192,1009,245.43681354864648,1047.617003391291,1,0,0.19557722052586318,0.4204651906139123,2
288388,1010,323.75969765191894,687.5565101572935,0,1,0.2574845048870569,0.4287730673125875,1
288485,1011,231.86814195935494,256.1352778200896,0,1,0.28738529700832366,0.3485480544979535,1
288551,1012,217.07784394216338,92.78197055619353,0,1,0.34132158601987544,0.23096409016736327,1
289051,1013,620.683316838935,1663.884446269293,0,0,0.22888168770459708,0.39884529200791247,0
289083,1014,103.66536896411012,13.103176156936463,0,1,0.21224730199581562,0.07767195712475239,1
289205,1015,171.87509472480582,332.9609124450107,1,1,0.22621761070291208,0.3329548758082405,0
289705,1016,640.4008137186104,1726.2149871308934,0,0,0.23572677741009238,0.4150711663709186,0
289885,1017,284.89173737685024,506.6526647337506,0,1,0.22623674337656996,0.349134466855214,1
290091,1018,337.4682214883432,652.0384637877669,0,1,0.25317047829326617,0.398641607165207,1
290148,1019,114.91099221358502,105.34328800158775,1,1,0.2948545554250345,0.26157784153856345,0
290205,1020,185.62482662335555,75.62409941008303,0,1,0.33271625925957893,0.23577285796244674,1
290705,1021,436.6951010871981,1162.6329853844993,0,0,0.1370706598697467,0.2633828557072961,0
290956,1022,363.9150654023257,923.0928829799373,0,1,0.2412559257715358,0.43885233108574107,1
290986,1023,117.79327396280189,8.212082616131227,0,1,0.2985488559430619,0.10334948662287315,1
291486,1024,744.5261407800102,1705.890370680974,0,0,0.25692769898690665,0.4107195672507781,0
291986,1025,482.5169459977484,1750.0841657196002,0,0,0.21970713878090026,0.4319479346232197,0
292091,1026,373.7499013878662,233.4988885298408,0,1,0.45207368398888814,0.3672359004751582,1
292591,1027,617.1951670089188,536.0914153647242,0,0,0.12120323777021448,0.10251202305345147,0
292624,1028,119.63419451010502,23.595346840147084,0,1,0.2942415244192086,0.14994243772909477,1
292654,1029,118.15091197618042,6.9756852288269116,0,1,0.2988398841346499,0.10025985090669817,1
292705,1030,159.81771144389748,78.16940675801781,0,1,0.3010420059612256,0.23128947604539477,1
292881,1031,347.53596397625853,461.2780164958377,0,1,0.2651199659970478,0.3378404152794507,1
292956,1032,69.6923796691665,212.16133214306618,1,0,0.16130898984693384,0.2614687256980838,2
292989,1033,106.75600864020052,23.560177914643692,0,1,0.22606623940774756,0.10246360086333424,1
293195,1034,359.15968385903614,630.538946640934,0,1,0.25093062289064816,0.3735696445228842,1
293366,1035,243.1907351506365,519.2945675637561,1,1,0.2424235227278972,0.37028472381653027,0
293406,1036,150.69823964039816,33.49138391017454,0,1,0.34246146697101737,0.17890359141662965,1
293876,1037,724.8501558039088,636.0978199180278,0,1,0.17632328911088044,0.16668783320288233,1
294033,1038,209.64715815875857,368.4146287928333,1,0,0.21237167753407019,0.2568944240266224,2
294114,1039,192.9122583464443,189.21171933840935,0,1,0.2673561253339282,0.2992401029446743,1
294523,1040,514.0582810287257,1426.8799629301748,0,1,0.22762162948266518,0.4215151490548287,1
294563,1041,117.26295577586467,73.19271581176768,0,1,0.2624405075375167,0.2549860897086945,1
295063,1042,551.7385644687841,867.7421577109982,0,0,0.1493880904568157,0.19644228833907168,0
295189,1043,253.42257582372235,383.303813742837,0,1,0.2663315851203279,0.3794055863150576,1
295355,1044,186.68643671032743,607.1050576601273,1,1,0.24247858718530357,0.45881606285350657,0
295619,1045,361.2435653264255,898.0016644340528,0,1,0.23523732135026001,0.4249977092910971,1
295730,1046,202.21549769949073,313.84702404231695,1,1,0.2863317662644309,0.35806925312434823,0
295783,1047,146.13345493369766,122.53501819435284,0,1,0.2874584424795251,0.31084601870043027,1
295867,1048,184.5186316060931,269.8195453886226,0,1,0.2833875195208277,0.4089460388918229,1
295937,1049,197.1383060306622,153.77029878984317,0,1,0.31026522857938926,0.29751655616817196,1
296373,1050,663.7234329501056,1415.0704545514313,0,1,0.2530309497899522,0.40197130054628866,1
296417,1051,74.01966680296294,62.87866092493053,1,1,0.2361452042334953,0.1915024450976622,0
296592,1052,243.23614783502865,591.6859085970736,1,1,0.2529932375344405,0.4167405389513627,0
296642,1053,153.32046148315976,64.49569068760074,0,1,0.2780788809356934,0.1997230499558905,1
296844,1054,391.3553147800933,660.1431992240856,0,1,0.28241920434247914,0.40494717889859333,1
296907,1055,151.10012115619517,140.9936514612109,0,1,0.2625060553553012,0.29958861844115614,1
297407,1056,690.5005518618449,1783.955913320846,0,0,0.2523533961549571,0.4330834622208412,0
297629,1057,422.1677607282347,758.2948167366526,0,1,0.2862709083274068,0.424315195801358,1
297660,1058,112.29641047210548,17.418552106128125,0,1,0.27091791963626577,0.11906684554048844,1
298160,1059,725.8735842686964,1728.5663158485536,0,0,0.25336010127971376,0.4164824682141552,0
298190,1060,117.99120680601484,23.725255611451953,0,1,0.33398498511563735,0.1769393878239018,1
298690,1061,744.5644612436587,1821.8730473456649,0,0,0.2620424253641702,0.43615792772798034,0
299190,1062,622.1997892990127,1734.0705754034914,0,0,0.2300722900127614,0.4123825879378944,0
299315,1063,275.1429301596855,376.4376569928713,0,1,0.2935213168802137,0.3835574085483698,1
299346,1064,72.79858500289069,6.134319201720974,1,1,0.2944328923571088,0.08325090543804008,0
299505,1065,291.57598305940445,468.0784228236607,0,1,0.26150100636542073,0.37486797771487906,1
299535,1066,99.48697501414708,12.53590809479278,0,1,0.2154050960532796,0.08123281022167012,1
299673,1067,287.57509213910583,366.24382814174487,0,1,0.2844142760676029,0.35672099834766474,1
299735,1068,172.29291847849973,128.50374690646555,0,1,0.2950162057420102,0.28381577118413903,1
299883,1069,284.3230734909461,484.7921196953173,0,1,0.2728947299513641,0.4076172589391619,1
299939,1070,148.32863248728972,115.07270899450693,0,1,0.2748042483223545,0.2829520331001832,1
300004,1071,181.47189164843164,130.85530719997058,0,1,0.29337838322116416,0.2737265974207192,1
300034,1072,97.16760571428912,23.23571523087847,0,1,0.23199028952644907,0.13864939023090853,1
300115,1073,220.3060127606912,156.1173422691934,0,1,0.3111314955876484,0.28048261216983755,1
300152,1074,117.76562807236381,42.62358637713861,0,1,0.2399357830200388,0.16458181720101567,1
300245,1075,74.12317604962688,267.4665361221539,1,0,0.15657969396458182,0.279278989894919,2
300564,1076,577.6322801298642,1014.1763972460338,0,1,0.2821531901104758,0.4037053933387381,1
300703,1077,284.4228752914477,410.5591915640446,0,1,0.2811927948688491,0.37953407448626836,1
301097,1078,484.44683252980246,1441.020487300359,0,1,0.22987149943976595,0.4430446348138764,1
301299,1079,346.7735629249796,589.7898127944395,0,1,0.2523696986682564,0.37055342499080735,1
301332,1080,106.10542856781002,14.700160897078923,0,1,0.23361408069106254,0.09093608460854147,1
301359,1081,111.59187802958284,-3.758283376670029,0,1,0.27971483269437564,0.04393454402078444,1
301369,1082,43.98107595248878,2.600071915600571,0,1,0.041871342073603116,0.029360172832165694,1
301445,1083,183.60762000553513,186.2499673937556,0,1,0.2756206263846835,0.31864631184457953,1
301945,1084,507.44155017976834,1800.1476252320988,0,0,0.21327384287997292,0.43012852456157485,0
301971,1085,100.97909232798953,1.2312424371739326,0,1,0.2517676327879301,0.05344224684479079,1
302189,1086,404.61500468764683,656.3131067662513,0,1,0.2714340121216764,0.38121025930446384,1
302233,1087,142.8292736602251,51.416960339778015,0,1,0.29781341747007734,0.1899090350539141,1
302557,1088,413.72304828994965,1189.5238817903187,0,1,0.2303991225934159,0.43908228927926535,1
302589,1089,122.81012533186123,22.104589858110433,0,1,0.3054929121708284,0.14723866592037452,1
302637,1090,151.01319150556125,60.084239348782035,0,1,0.2995015005673493,0.2105674414152585,1
302671,1091,115.40880025588245,14.21909438617832,0,1,0.24796304868446495,0.09779776305275255,1
303171,1092,629.3998436939942,1699.8092591930233,0,0,0.23033910855762496,0.4072827732996969,0
303226,1093,165.23861208064298,108.71490734460914,0,1,0.3092800501656087,0.2818451730237868,1
303327,1094,202.1586945167888,285.532263683199,0,1,0.24879010710122051,0.3550543859556468,1
303827,1095,631.2018135291046,1748.5173317222836,0,0,0.23153330560375512,0.4131014351610028,0
303943,1096,99.81253591503213,310.57821753074995,1,0,0.15114895130456316,0.268427651224412,2
303973,1097,120.33968550600095,11.469845088451038,0,1,0.31460253177995656,0.11918448441670133,1
304473,1098,739.9309123601471,75.21912655392016,0,0,0.12656091497952865,0.0054241814837664975,0
304529,1099,157.72359707561003,101.19779500850822,0,1,0.28298961180237137,0.25537193928959173,1
305029,1100,587.2410027320104,1913.3759812727287,0,0,0.23519286710072737,0.4532277165289422,0
305059,1101,107.1453330819143,12.167947279911717,0,1,0.24697130399715087,0.08546022413250727,1
305126,1102,132.05720816264545,154.72461498989196,0,1,0.20147458886916,0.2800642431442916,1
305320,1103,341.3534488565915,499.9387541591437,0,1,0.24450680633070648,0.32742373059055513,1
305355,1104,116.32963954325538,24.872205044861815,0,1,0.25121654909917424,0.1256626477885332,1
305383,1105,91.17051619180752,22.631794437697437,0,1,0.20790338015814483,0.12499176148688562,1
305477,1106,224.79216439272085,229.21980184507032,0,1,0.28235831056527855,0.3163628341924996,1
305537,1107,145.13986008117698,155.68887223949093,0,1,0.26256800516885753,0.33339047284273476,1
305567,1108,101.65876236129208,16.677440057311102,0,1,0.2322978240931898,0.10756573637706617,1
305613,1109,134.05079400802012,83.47329764028012,0,1,0.2795485215190589,0.2620562634938573,1
305638,1110,81.93516582496157,21.55246670068626,0,1,0.2078223690138716,0.14047390841188226,1
305720,1111,191.1762215280814,204.04727314038388,0,1,0.26213399091836265,0.31430993548635816,1
305772,1112,122.21979684989032,61.426633846947524,1,1,0.3047729980006159,0.18933072618090013,0
306006,1113,155.80779111886656,633.6774509743755,1,0,0.13163083368276793,0.29523258420606796,-1
306033,1114,101.0885049971354,20.332791537326894,0,1,0.28047584237069184,0.15433161066214596,1
306065,1115,119.89848278808421,19.249359840174176,0,1,0.29371241744456894,0.13831423903418794,1
306133,1116,189.72424426299662,138.11962304896596,0,1,0.2936010870068295,0.2783087865106357,1
306162,1117,114.36627684522222,8.725795812075393,0,1,0.2835140056221701,0.09175679121106889,1
306662,1118,549.5806639016236,1879.7913866863278,0,0,0.22659515608579311,0.44658046222854075,0
306715,1119,188.86762926555463,75.94466791543931,0,1,0.36382304482852784,0.24583560353031636,1
307215,1120,543.5905443057376,1758.9135805651554,0,0,0.21051029550321934,0.41141908153325346,0
307271,1121,156.4022877079307,54.32630271560265,0,1,0.2582960074405368,0.16735476138307534,1
307377,1122,213.4212060653037,161.6503311425335,0,1,0.2166942196275518,0.2097055665947335,1
307429,1123,167.43808231966435,102.0564553328162,0,1,0.3314003003734254,0.28444200175866663,1
307675,1124,368.87225851925723,843.5217041833095,0,1,0.24186490831446258,0.41044368711239315,1
307761,1125,205.23546694833766,210.50363283139487,0,1,0.27120815181730445,0.31405581355433815,1
307771,1126,43.527630995569616,2.3628690680704914,0,1,0.028672140987661455,0.03570245871429015,1
307886,1127,235.44971796631387,326.6205241030359,1,1,0.3159492836078363,0.3721580612685587,0
308104,1128,345.9157021008827,611.6381340121886,0,1,0.2336760210219835,0.34985499920351304,1
308510,1129,565.6921060137857,1353.5363955318517,0,1,0.23345086850755234,0.40130497161447054,1
309010,1130,505.19174863486427,1430.7060395781139,0,0,0.19517439213366866,0.3505230568455472,0
309220,1131,430.86395945496156,668.6609198303224,0,1,0.2951561213324315,0.40164655462058674,1
309376,1132,268.92695105688705,448.2693700264828,0,1,0.24199284824824993,0.3589719690657726,1
309455,1133,202.83936273907005,215.5505284000976,0,1,0.29846856096557806,0.346693102746941,1
309955,1134,686.6117951558083,1824.2382329392715,0,0,0.251905560426592,0.4376727540471231,0
310455,1135,661.4361318940229,1579.679302112929,0,0,0.22818027338252742,0.3799546137603572,0
310878,1136,616.5037404859113,1503.0626155401012,0,1,0.2514172423096441,0.43141277324736865,1
310910,1137,128.00912960613897,6.581439997559563,0,1,0.3133055193416817,0.0960987226742751,1
310967,1138,172.40279033642022,125.8797306621041,0,1,0.322552744085692,0.3028378163754961,1
311107,1139,240.52809284251657,378.86265407355273,0,1,0.23861447785629042,0.35144832978390433,1
311149,1140,87.38923894419972,51.52708604854493,1,1,0.28389955477297407,0.18518092866141922,0
311649,1141,762.4222336192227,654.027624264837,0,0,0.18002124756754176,0.1617624559533634,0
311998,1142,422.0532940361305,1154.8961493329232,1,1,0.23156507036578847,0.4031530633213459,0
312029,1143,128.40485809933932,28.181081568613237,0,1,0.3740589844855035,0.20127607401296907,1
312096,1144,179.59165093802946,126.94036657665846,0,1,0.27836555327293033,0.25870666046615964,1
312131,1145,109.73385143368338,36.546534274225465,0,1,0.2728169050980359,0.19778881455183014,1
312221,1146,105.86910412932062,227.40579263558828,1,0,0.1879143752406181,0.2444277562538449,2
312317,1147,236.47347676968883,270.95849788503534,0,1,0.3142955828654566,0.3726159504087759,1
312664,1148,542.1243466905701,1228.0937019784465,0,1,0.25600507769517383,0.42668782269607514,1
312749,1149,203.34775292052237,200.90201158413805,0,1,0.2667210061304172,0.3040774745818893,1
312777,1150,105.91766486869173,17.511884057777657,0,1,0.2916254210617589,0.14899566119408617,1
312941,1151,261.8259589224699,463.06340426279803,1,1,0.2571093993182211,0.3535974339098012,0
313051,1152,242.68141619100004,317.73668307978176,0,1,0.2787601250166585,0.36415198935433396,1
313171,1153,241.19608147138257,327.48049980771685,0,1,0.269614100204255,0.3581346503737956,1
313206,1154,135.79053042573582,56.385391927766044,0,1,0.37648609024173574,0.27901133570412373,1
313342,1155,305.26946936775767,305.6021726720451,0,1,0.2755675121082652,0.29967282999384953,1
313842,1156,667.2424028453546,1805.8803799262557,0,0,0.24545950830923643,0.42868787251510715,0
314287,1157,587.6278514456914,1533.4860788545525,0,1,0.23229466557654171,0.4166169551499491,1
314585,1158,589.2703099151178,808.2722267569343,0,1,0.2793873047275113,0.34498654263293527,1
315085,1159,657.9314692369973,1604.230463828401,0,0,0.2308278252912061,0.3870170855268211,0
315133,1160,96.80708032148249,90.4460602432469,1,1,0.2863541960240642,0.2583186188751469,0
315633,1161,551.7056652400786,1710.258510931452,0,0,0.22230066495869263,0.415466114662356,0
315674,1162,133.6466131976348,71.95129434198554,0,1,0.2937086049605052,0.23999601153639244,1
315904,1163,429.3794287269304,807.771298639025,0,1,0.2802481713210937,0.42652587181162926,1
316080,1164,289.6999480693153,398.4907660976051,1,1,0.24430610578236414,0.2979034503822339,0
316580,1165,661.3988667726314,1825.7838941147404,0,0,0.24561764130922656,0.43525974471505063,0
316871,1166,456.62440414790706,880.8650040726677,0,1,0.24267083598066685,0.37355748841559233,1
316964,1167,234.06448342650714,180.3527564355949,0,1,0.29249857805583196,0.27997816733240527,1
317464,1168,581.1372063577032,1652.6277265532021,0,0,0.21490323725445876,0.3917388493191993,0
317520,1169,124.85897457047604,74.04384697594598,1,1,0.2973004102769687,0.20215368772885864,0
317885,1170,572.1178622691787,1309.9815737530187,1,1,0.2767920709205672,0.43825105988228685,0
317916,1171,97.8545071586618,1.2026475604233902,1,1,0.3974223845221545,0.09563759875090815,0
318110,1172,341.91014415922376,524.5386644139173,0,1,0.24478239090163967,0.3450928861650381,1
318198,1173,185.8876406222598,216.5183312193917,0,1,0.26015971137391225,0.3286724524945556,1
318698,1174,672.4641617907636,1486.525133129311,0,0,0.23193305788658003,0.3649890392480745,0
319198,1175,691.3563460272194,1950.5186045156013,0,0,0.2621154867106444,0.4653864578604442,0
319328,1176,256.07814247738486,377.7422401893386,0,1,0.26499859510011015,0.3672464217751976,1
319828,1177,664.6451661883367,1760.3378389352672,0,0,0.24760183883871656,0.4301748067679369,0
319903,1178,180.2836032928551,195.3599259163712,0,1,0.2700055692085193,0.33304650578427714,1
320325,1179,623.9339887862848,1251.2892235444829,0,1,0.23616671306988588,0.36601886569045033,1
320459,1180,236.4807779298589,312.6150162481189,0,1,0.22345115876017682,0.2994903191288513,1
320889,1181,582.1843673812399,1502.4360872841032,0,1,0.23637978898720655,0.4203573919551969,1
321291,1182,671.0703721297311,1422.562456291093,0,1,0.272323777207898,0.43088394156574555,1
321449,1183,332.3196919140861,492.3675923020695,0,1,0.2922388442099784,0.39555289950892536,1
321758,1184,694.4065482465511,189.67373085581735,1,0,0.22643491989901932,0.07017841058809987,2
321785,1185,79.29162004473633,-3.4449466614923594,1,1,0.3620007147781891,0.07349286377514455,0
322092,1186,526.9747214618083,1052.3200221231598,0,1,0.2658012216427319,0.41360649114343623,1
322592,1187,752.232797281087,748.3899724346837,0,0,0.18850776727280458,0.18344512596435428,0
322960,1188,625.8847891201801,1374.7165507906536,0,1,0.2848871125499582,0.4556875623700177,1
323148,1189,223.04627929521885,489.93920449616195,1,1,0.20533602458211014,0.32049166804502127,0
323232,1190,153.56037670483894,91.60046996539944,0,1,0.19913706992489782,0.15014064452554968,-2
323273,1191,125.08409082009983,67.34003067452956,0,1,0.26846088477645325,0.22888995325789205,1
323299,1192,107.47372686524807,25.974961823807607,0,1,0.35295351903158045,0.2193355493315572,1
323335,1193,148.7675918837992,13.659267429483748,0,1,0.3475275067201479,0.12375516700637079,1
323464,1194,185.92140964940677,433.3487154296849,1,1,0.26639667138843554,0.4222212170945565,0
323494,1195,98.82547585314897,18.64657055260315,0,1,0.2373150609325552,0.12754684453408902,1
323994,1196,863.3706483953938,685.5488258371387,0,0,0.21404428303657771,0.18017790457831412,0
324494,1197,799.522583329222,680.6149316008157,0,0,0.19564168664911794,0.17291728061477854,0
324952,1198,633.3711531246435,1559.7558133600187,0,1,0.2393030477914334,0.4136061446614062,1
325008,1199,155.87527617976158,92.46257645936237,0,1,0.2573122899132473,0.22138573555867921,1
325043,1200,159.58149279840876,30.955231325444863,0,1,0.4444861556975189,0.22027179230072208,1
325383,1201,482.21750273807766,1194.9037587740247,0,1,0.24232810967509844,0.4271001519599875,1
325883,1202,646.7610435389229,1806.8871901299003,0,0,0.23933742546254816,0.431856408743152,0
326241,1203,591.4846748659188,1265.6557390745434,1,1,0.2819231929483885,0.42893330343010505,0
326496,1204,528.9382501201069,810.4543790287667,0,1,0.29452517928386396,0.39672499430947494,1
326521,1205,102.70512484205588,-0.0866526396976397,0,1,0.27852519439648044,0.06826228655651267,1
327021,1206,677.3422727174025,1766.2753445247597,0,0,0.24486396420736248,0.42334782775516466,0
327098,1207,194.79649495306037,189.32058543117887,0,1,0.30472540841133766,0.34428372124615403,1
327598,1208,632.0852536443118,1827.44626523031,0,0,0.2380069204398102,0.43336560344483355,0
327836,1209,411.0480029494607,778.6717500402857,0,1,0.26174122650926096,0.4015027501567926,1
328336,1210,913.4975763525912,741.1178359312063,0,0,0.22880270671633549,0.19433216353820726,0
328836,1211,736.3082898591938,1877.6594280691047,0,0,0.26440500904818826,0.4470052222749828,0
329336,1212,645.5610695105659,1779.0001934752631,0,0,0.23842414497776962,0.4242075112513215,0
329412,1213,119.27191633422186,181.3851586784594,1,1,0.25761697680214385,0.31477241117791127,0
329422,1214,-1.7704084255376067,43.41388877948245,1,0,0.028441749994064257,0.0786758848953453,2
329637,1215,317.9685805857819,680.9782299900369,1,1,0.25578046388583875,0.3893883098504731,0
330037,1216,580.9859575585012,1190.7234871156074,1,1,0.24139063323318571,0.36432283011153466,0
330194,1217,358.8742808159103,495.4061343749417,0,1,0.308449920406177,0.39336442971500535,1
330300,1218,251.7313512505623,292.4463100780055,0,1,0.29901438868435587,0.3590070915667209,1
330550,1219,415.0874621576312,882.3151848532267,1,1,0.2809110208923727,0.4250737488341051,0
330861,1220,574.5506887126062,1111.5624692324607,0,1,0.2922131702480226,0.4408491848561655,1
330962,1221,210.16232089519752,296.24049860988976,0,1,0.2708812887297179,0.3748368958076158,1
331099,1222,275.9470828322235,387.95409549044604,0,1,0.26658704605360145,0.35824176140607694,1
331279,1223,354.54147439315454,570.2655253814316,0,1,0.2866290206068361,0.4026220410237529,1
331369,1224,217.90931501828976,246.9783106227344,0,1,0.29366797243048903,0.35380502036282896,1
331794,1225,620.5590707492508,1425.8696682368088,0,1,0.24541036317834167,0.40956201362294087,1
331923,1226,133.45256640055385,308.85357578986265,1,0,0.16210778191611733,0.23988571291854843,2
332077,1227,319.776162919753,413.65475985933784,0,1,0.2745348772068474,0.34243333299526707,1
332577,1228,577.4134824693606,727.3895854947107,0,0,0.1426428736402841,0.16172595555359795,0
332672,1229,156.47031606905068,270.7479571455192,1,1,0.270793783471847,0.3541480663224216,0
332772,1230,218.57889682226332,289.9595863496261,0,1,0.2730986420229605,0.3624345811052466,1
332954,1231,383.0231031985644,585.8073784600151,0,1,0.30019746347936943,0.4062953220518266,1
333135,1232,368.67735727375646,508.8033931910023,0,1,0.28101815875916125,0.36213836805201083,1
333189,1233,126.39969959555705,78.44896607519513,1,1,0.32200127656973004,0.22573684366044128,0
333589,1234,698.4846054363011,1492.4331815441633,0,1,0.2910214491911171,0.45672204021778656,1
333825,1235,467.8922275077336,831.448350719193,0,1,0.30036598486407057,0.43677298253186875,1
334043,1236,479.4587257552711,705.2091803179106,0,1,0.31364150733076096,0.4104096180695769,1
334101,1237,144.41159122089184,99.63877338884451,1,1,0.34674489860329816,0.25837818231717685,0
334333,1238,429.6078738447825,729.829833367102,0,1,0.2720642315874541,0.3895282951883245,1
334833,1239,574.4249844101288,1575.573093427868,0,0,0.21065977446453346,0.3773203224303444,0
335333,1240,554.9797011941455,984.5787309318109,0,0,0.1548399240933876,0.22556265649646318,0
335497,1241,342.39915685096526,552.4850054250363,0,1,0.30382463991893477,0.4284398835636567,1
335574,1242,208.72007538741565,170.59002361811747,0,1,0.30363297328138,0.3009350472949897,1
336074,1243,613.9100067957655,1700.2813555191137,0,0,0.2228926282784884,0.40321882900925565,0
336574,1244,691.5476392258371,1653.6688207609484,0,0,0.2453511988089384,0.40243049123722585,0
336612,1245,144.0898331774781,47.44340130979924,0,1,0.35058203174124036,0.22127369399426722,1
336681,1246,202.3071708633384,121.69738085160206,0,1,0.3160966396024792,0.25976738109212416,1
336728,1247,159.1745559763878,66.67458075453524,0,1,0.3148619768595331,0.22460404450151292,1
337228,1248,603.4308267971059,1786.2391286511818,0,0,0.23796725019076062,0.4349401652516201,0
337277,1249,135.4630683008415,68.7801416851225,0,1,0.26164803010652327,0.23213207544914136,1
337675,1250,685.9998549584657,1486.9873287171943,0,1,0.2845102198647385,0.45099237458369945,1
337791,1251,234.96690491428637,277.6328475854917,0,1,0.2519758571511101,0.31012209047609623,1
338043,1252,457.30764038956744,880.5747058741472,0,1,0.2813477717861684,0.427095206547502,1
338543,1253,813.4781343704873,1804.7378129121562,0,0,0.27983001815371616,0.4377866889880718,0
338672,1254,205.75305428128348,367.60592518170165,1,1,0.268249398191358,0.3680322594428636,0
338805,1255,265.06371003160876,393.7506052005037,1,1,0.3020770670455881,0.36799987595457495,0
338976,1256,275.8101875682123,421.07880144738203,0,1,0.21592715505211535,0.30848969594549996,1
339114,1257,273.18257053264097,413.26627886483226,0,1,0.2673484702862641,0.37838590943697503,1
339256,1258,222.24477484798862,386.10383313809524,1,0,0.22964242122172687,0.3086668407737062,2
339756,1259,595.7943339155897,1984.4692923336138,0,0,0.24081073280766188,0.46854783514855547,0
339855,1260,175.6955577734623,279.83474755958144,1,1,0.28206853193452763,0.36300131882558406,0
339903,1261,118.1202372142645,70.69900629143638,1,1,0.3259953685981928,0.21637696623182542,0
339979,1262,208.8791558572603,108.73989874971576,0,1,0.2914409317051855,0.23141291376207496,1
340479,1263,612.7609638394996,1791.8953349524309,0,0,0.2299705773141278,0.4247104828391623,0
340534,1264,153.85915605787662,101.31038945709822,0,1,0.2757743168453625,0.25089063724803856,1
340942,1265,488.85344919826184,1283.2534432713549,1,0,0.2150390869941183,0.36487437008727436,2
341442,1266,470.25026437189797,1636.1681379925192,0,0,0.19946426387758276,0.39942263948530654,0
341942,1267,730.9649593773788,1828.537495284029,0,0,0.2595597972977049,0.4345813395837867,0
342098,1268,241.3586268284288,492.9214961124343,1,1,0.26500911793825577,0.3932362249006284,0
342598,1269,574.2661185167678,1673.222113225144,0,0,0.21252529738269657,0.3977353491242617,0
343098,1270,675.6989811659938,1688.2988915513668,0,0,0.23698873352689168,0.4053965168672552,0
343598,1271,709.609512491473,1578.6395086917166,0,0,0.23949698565255223,0.37892412460492764,0
344098,1272,654.0158063881744,1481.0160574116094,0,0,0.22009806424200357,0.3569025770766015,0
344171,1273,143.872215876259,171.74966170492536,0,1,0.21589947054096015,0.29211533141810875,1
344344,1274,386.9219659082187,491.1161377077117,0,1,0.2937296602145866,0.36166832881717254,1
344386,1275,84.10527216645127,68.0478357284152,1,1,0.27709394019957934,0.22264229518395126,0
344886,1276,532.4598879846405,1681.2520425070331,0,0,0.20289245181826707,0.39601042107589934,0
345095,1277,262.38726039830834,622.6756445481611,0,1,0.1788894847306584,0.34648416453595776,1
345239,1278,278.7310258661888,424.5633168264592,0,1,0.2682939341898569,0.3709687743633914,1
345290,1279,168.31077280437086,86.65023883695177,0,1,0.3285336326457806,0.2576638518998332,1
345325,1280,115.34299027285401,11.47263257292268,0,1,0.23771445946024333,0.07270997383940586,1
345365,1281,85.86698279079405,54.56163565493425,1,1,0.29834137815316886,0.20913181561175304,0
345715,1282,581.8930637340299,1258.5433540960032,0,1,0.2694194317167629,0.4325681071197929,1
345744,1283,141.88548669471447,0.6227583033468775,0,1,0.40857223000777637,0.10627874977045289,1
345784,1284,122.56246395596533,57.40399057393128,0,1,0.26350527739525953,0.20427721183380684,1
346284,1285,565.7463003432747,1800.7906133444008,0,0,0.21906435622578058,0.42396803786689896,0
346486,1286,150.5717930261325,749.2510577154486,1,0,0.18411276700579046,0.4160699113235127,2
346847,1287,664.2962123754884,1233.897602006532,0,1,0.28398921632941637,0.4185167993490603,1
346902,1288,161.6529994787562,106.08335213508364,0,1,0.30933748925436316,0.2846203643642451,1
347172,1289,512.9804821541549,895.8557695700016,0,1,0.2796453091418803,0.4077099110310994,1
347454,1290,486.2429755997029,903.3362900251162,0,1,0.2643320915626989,0.3918355713314557,1
347545,1291,200.54217878795222,237.71058732438942,0,1,0.25285804105615683,0.3290693559087834,1
348045,1292,521.3185200245531,1784.0121351364164,0,0,0.21396215323659035,0.42632884853140723,0
348545,1293,686.6811478147299,1674.6474618653583,0,0,0.23922946354462407,0.3999004486763879,0
348591,1294,83.28136932064902,66.6882965909941,1,1,0.24966238777972247,0.19487258059967183,0
348630,1295,132.34663386888263,41.62075478558328,0,1,0.2950341195301066,0.17837335562483356,1
349130,1296,801.1585014689097,758.5313806492397,0,0,0.1962569596421578,0.18847764763366734,0
349630,1297,574.9598207659692,1548.7882400864476,0,0,0.20545479176720347,0.3670463040211933,0
349682,1298,133.48936101732085,42.04327140521084,1,1,0.33277317765167036,0.1572584393031982,0
349872,1299,401.7059250006887,536.8349891413865,0,1,0.2932100146261247,0.36147698274338946,1
350372,1300,627.4550091302949,1593.137259501433,0,0,0.2200068846849588,0.3791634984372326,0
350509,1301,264.578386908824,351.1839380082235,0,1,0.25339523257277996,0.32924980714676694,1
350786,1302,498.45719558165575,937.2850431838893,0,1,0.27490889110463923,0.4148638655841701,1
350834,1303,102.28307469509238,85.91680639295429,1,1,0.3090159366750106,0.25447405296882225,0
350974,1304,296.6345334874222,437.61246044250584,0,1,0.2922347382193948,0.39216728329147577,1
351474,1305,754.6185399095137,1719.3379589578174,0,0,0.26026211034519064,0.4191543743125871,0
351727,1306,433.3711190896719,870.9207763718848,0,1,0.26841764500566323,0.41762407083040953,1
352227,1307,753.0685353225724,1795.4048097996795,0,0,0.2611547984727633,0.43059708948671227,0
352727,1308,702.2626012154352,1796.9385325755957,0,0,0.24952552026628255,0.42790977112903006,0
353068,1309,633.8645194364133,858.339321616662,0,1,0.2633842687716749,0.32855491226572037,1
353448,1310,567.7502361366885,1198.6895780535672,1,1,0.2545281021319467,0.3879919865874414,0
353596,1311,303.46606205911297,486.95114788111863,0,1,0.2852633779888995,0.4073549082059598,1
353857,1312,267.4016279928019,518.8607170504471,1,0,0.14963666087747832,0.2163490301243703,2
353928,1313,143.85056972125656,168.9521607009328,1,1,0.29885480715237706,0.31339355076355324,0
353965,1314,170.73721732268677,21.641304093203182,0,1,0.43890425503181824,0.18322564642192818,1
354465,1315,373.39516416756743,804.3900086530052,0,0,0.08485427947955165,0.1564230578150217,0
354965,1316,662.2692023377571,1783.341000396147,0,0,0.23806477873570514,0.42459149298141585,0
355465,1317,784.3841259658457,1696.4624496291287,0,0,0.2653578109783416,0.4125200457933068,0
355653,1318,338.4500836405744,580.7350975066562,0,1,0.2596704788702044,0.37530836695648806,1
356153,1319,797.0431200561145,1815.7132159275543,0,0,0.273935878539497,0.43617489461903997,0
356282,1320,266.19449002400535,387.8839873332855,1,1,0.31761402286030255,0.38120716903454405,0
356782,1321,660.0921145767368,1746.2806119806844,0,0,0.23670673341651471,0.4150989366250717,0
357282,1322,820.830874434808,1802.9614709123691,0,0,0.2777670809549299,0.43864643158234756,0
357430,1323,294.57451970810035,510.71755671119536,0,1,0.2894980390815025,0.42489683400524864,1
357684,1324,413.0282597533564,917.0415176086493,0,1,0.262023215301512,0.4330929594472711,1
357727,1325,150.77288206178818,82.72364157655684,0,1,0.33675328262713633,0.27119555006013835,1
358002,1326,450.5816071636757,1020.6843244312265,0,1,0.26698959526682875,0.44334885512307337,1
358078,1327,176.87756077912934,192.78538015167845,0,1,0.26353604324963614,0.3178640436452566,1
358311,1328,413.82052719175874,736.4401731146837,0,1,0.2606655364895259,0.3822649087275073,1
358386,1329,201.63068889628585,160.67472129473342,0,1,0.29221506783157325,0.285469405229475,1
358472,1330,174.2885409681581,216.5079896649901,1,1,0.3086608527362365,0.33579350269023356,0
358659,1331,229.6100353105281,473.1122276424388,1,0,0.19082400794728668,0.27577694061052493,2
359159,1332,691.1953230069917,1618.248372798512,0,0,0.23783980993926543,0.38901424606175294,0
359242,1333,193.6510110305807,201.39871860869877,0,1,0.2648231830584577,0.3057014470076498,1
359413,1334,346.6771295756013,511.2209758057953,0,1,0.28156056869739726,0.37454240912565173,1
359655,1335,413.0206833685136,517.1154470129057,1,0,0.24169756437254966,0.2576369822500669,2
359733,1336,201.54271862316492,189.54182998507184,0,1,0.29598577839872253,0.31527254389919207,1
359913,1337,342.4271921047448,577.133817229787,1,1,0.2993993573475116,0.39592909223256023,0
360304,1338,718.9555181963769,1324.262825859261,0,1,0.2806119882726518,0.4095054206190964,1
360357,1339,184.50951302946245,85.89258942295396,0,1,0.3652990666359349,0.26651717370472777,1
360857,1340,697.1022617896714,1488.2483953099922,0,0,0.2319370766565279,0.35945010566402885,0
361330,1341,531.1653578358436,1246.48971150364,1,0,0.19168615702244618,0.30936272454294045,2
361830,1342,615.5642766640851,1877.7482828836942,0,0,0.23552960631493666,0.4459936747761093,0
361862,1343,130.5352040363871,18.538413458112576,0,1,0.33537168906532083,0.137841666797562,1
362362,1344,746.2923936995437,1847.075378707939,0,0,0.2652419273414496,0.44038354613003694,0
362862,1345,689.4227405404208,1757.3407465211385,0,0,0.24495240817454403,0.42061890640332883,0
363362,1346,798.3149859025307,1807.6052427044178,0,0,0.2750320804643743,0.4354799835110438,0
363533,1347,378.9090600054651,513.0644913646992,0,1,0.29886614756175445,0.37785209838550815,1
363656,1348,134.71737798558223,362.8492559406284,1,0,0.1849639950478668,0.30916666199999027,2
363702,1349,185.77573183380318,50.373415367118575,0,1,0.3953574614148909,0.2085513174604318,1
363777,1350,166.09475507647355,145.3822323001425,0,1,0.23320346852365978,0.24882590983411537,1
364070,1351,528.6983342351963,1007.0173137333076,0,1,0.28180581389803966,0.4233350120117964,1
364473,1352,716.1573048208855,1436.806531025793,0,1,0.286228605988289,0.4343920133117453,1
364516,1353,131.90588483928107,49.561472964356255,0,1,0.26661683828028837,0.1765658640718567,1
364618,1354,240.3887398277144,225.61653379358168,0,1,0.28482938231265115,0.3053661768378403,1
364832,1355,361.75703650999554,688.9021537615292,0,1,0.24996494650500917,0.3899007611779705,1
365332,1356,802.9523770661236,1851.823929834037,0,0,0.27630534014829755,0.4432807278204865,0
365465,1357,263.6452848226117,318.3412780583619,0,1,0.2579223788992806,0.31963797660134924,1
365570,1358,234.1697046135139,289.29578902466545,0,1,0.2753720517814938,0.344127856385536,1
365768,1359,236.6022530317235,520.974137309846,1,0,0.19104012075888901,0.2868316147449338,2
366268,1360,760.7761756748773,1818.1138106633057,0,0,0.269133209414906,0.4373554460280667,0
366768,1361,802.7752375672231,1812.961122148146,0,0,0.27290117175837675,0.434733221727123,0
366801,1362,145.19256081897083,22.6552119427689,0,1,0.3879403383751235,0.16864900024917878,1
367128,1363,523.8967940682837,1015.3695507682572,0,1,0.24728290440167444,0.38237879363542515,1
367187,1364,187.9990729418894,98.70031208761736,0,1,0.3277020869035358,0.2508035840285162,1
367499,1365,563.7381266944589,1061.2583600921064,0,1,0.27830579446431597,0.41472622357807964,1
367625,1366,212.21740977325845,349.9525891959528,1,0,0.25430660753403206,0.3053048654099237,2
368125,1367,800.0026349830182,1484.7048935829714,0,0,0.2518564041458076,0.36228271515344734,0
368312,1368,286.9502013294592,591.4621563485159,0,1,0.23163799027240198,0.38969791111745766,1
368812,1369,533.4679692323884,1782.6099891608726,0,0,0.2094614902364353,0.420507827493213,0
368908,1370,234.47906109533056,266.8775697739049,0,1,0.2951716503560543,0.35922648946759733,1
369014,1371,175.61554485604236,273.52063363809356,1,1,0.2653621164487109,0.3423046094891354,0
369338,1372,502.25126566844847,925.951407521156,0,1,0.22990577907308282,0.34869909958442497,1
369795,1373,673.6729397893538,1543.877354425746,1,0,0.25087529627486665,0.39414166972489645,2
369918,1374,267.7149782647028,320.63810162540386,1,1,0.3156106044120195,0.3390556518746641,0
370418,1375,676.8993629591731,1708.5352638864372,0,0,0.24066885541516647,0.4102580660755294,0
370523,1376,232.18930107514643,277.5033288237555,0,1,0.27333764025691604,0.33590678641098753,1
370632,1377,98.72712798387394,287.99073611252686,1,0,0.14956774615813723,0.2594296655166876,2
370771,1378,328.40272573660474,354.1233139892259,0,1,0.29340496941274047,0.32922891627362894,1
371271,1379,717.3077651937817,1754.459915787035,0,0,0.25001014784697334,0.4199421030963999,0
371341,1380,203.1044697542321,169.0548366857683,0,1,0.3328352309449605,0.33483591476322483,1
371433,1381,227.30581412330702,260.73604454362714,0,1,0.3061599889266469,0.3713345900943624,1
371933,1382,818.0518754271377,1907.7706123114651,0,0,0.2861012346895817,0.4595973066324962,0
371969,1383,148.1450187800478,21.24726483167226,0,1,0.36615977019826107,0.16386611885664873,1
372469,1384,665.85704915192,1752.0561645078333,0,0,0.23653291034612375,0.41566742500512904,0
372562,1385,81.68610565530632,214.1311440233295,1,0,0.14016289144645133,0.21097873544269055,2
372695,1386,140.03778948858954,366.8854677244855,1,0,0.17543599690507514,0.2907922646327019,2
372741,1387,116.23618000009067,29.98626640942569,1,1,0.3227283631345816,0.14035820684095476,0
372915,1388,370.6683087628775,476.7134283442326,0,1,0.28148073450719907,0.34685569669424565,1
373415,1389,773.4640286242186,1505.5733019127458,0,0,0.24993916690927728,0.3683534421698677,0
373480,1390,184.27956397388425,105.99475188050792,0,1,0.29503225353932844,0.23714820963176914,1
373980,1391,1128.4498637111938,328.17617264964605,0,0,0.24359148203005443,0.09840942106462457,0
374480,1392,862.2513006968434,1774.177246224897,0,0,0.2844281375876565,0.42778666273724736,0
374916,1393,711.0370643877062,1464.1019791016586,1,0,0.26812691909631503,0.3959919916295939,2
375416,1394,735.4869009283549,1689.8372558035971,0,0,0.24853005015935867,0.40386985520671925,0
375445,1395,148.18422037529555,14.595483577242426,0,1,0.46325501583269174,0.18878368033463,1
375490,1396,123.89694642054314,70.08037064808155,0,1,0.2478574132093712,0.21605019648100507,1
375990,1397,525.8651278748945,1783.9587373574195,0,0,0.2070519173796094,0.41961890585733236,0
376230,1398,350.4863932617803,785.2653559525817,1,0,0.24136611280972303,0.3713756467481299,2
376730,1399,649.005590426881,1877.0830734742424,0,0,0.24452499315807072,0.4459935248399569,0
376898,1400,304.2721100970307,556.138262510559,1,1,0.2965609858647543,0.4086087014820053,0
376943,1401,90.52180783028376,64.21150909900724,1,1,0.27537417646513607,0.1994852945550498,0
377041,1402,217.61896939104358,246.90080732696217,0,1,0.2713372097984532,0.3281966270808354,1
377288,1403,357.9259182582576,742.7016506748598,1,1,0.2455317602195198,0.36829760432379005,0
377408,1404,220.29172131719747,313.0939598716598,1,1,0.29613688632361057,0.3514319861499635,0
377431,1405,99.83802228713824,-2.8342774383778977,0,1,0.27716297136588536,0.04482100820250446,1
377526,1406,130.02790773844436,244.71515223660523,1,0,0.20745766092807255,0.26059213169784784,2
378026,1407,842.2246811960198,1666.3766428933684,0,0,0.2719336899800141,0.4031646274595841,0
378467,1408,707.3808345471209,1452.4273262702359,1,0,0.2627467660689895,0.3890310859109256,2
378629,1409,72.22275923842457,561.9394130747033,1,0,0.11638467613134089,0.35935483857586187,2
378820,1410,190.86820030601095,489.5898293581729,1,0,0.16251120800278,0.2714044820213357,2
379320,1411,489.94340309588324,1746.0998700360094,0,0,0.20078885796511756,0.4147116381208073,0
379820,1412,856.7430578580696,1777.595177991442,0,0,0.28122370230625116,0.4296124839118402,0
379852,1413,115.36704400325158,13.131480091054968,0,1,0.26461188653972156,0.0863729478390813,1
380352,1414,689.0980407610504,1750.4452206257965,0,0,0.24556125019373595,0.4209268487038096,0
380852,1415,658.8152345354172,1773.3332464839361,0,0,0.2360552306866662,0.4202203872594567,0
380966,1416,178.8586965921108,213.1689467381857,1,1,0.23061056816999706,0.25050213827935275,0
381466,1417,520.4502141371854,1734.4409718636987,0,0,0.20265801751069099,0.40714895203541024,0
381646,1418,365.30029062325235,551.7620881165772,0,1,0.28411783495950416,0.37824501127647586,1
382146,1419,543.9829156440608,1718.183048803817,0,0,0.20867649899707974,0.40583718378640143,0
382338,1420,390.17996627180145,601.6074263517798,0,1,0.28380462646959453,0.38317489352333123,1
382838,1421,806.8753882854058,1844.7210017909915,0,0,0.2799647214834506,0.4438926027111288,0
383338,1422,562.8278239423922,1163.1615545880038,0,0,0.18425671219642265,0.2819993031009722,0
383423,1423,176.5859783077305,204.94515543552265,1,1,0.31119770708579836,0.32388732259145997,0
383688,1424,488.72650483251937,824.3061044036566,0,1,0.2755377966453114,0.38732385813262316,1
383954,1425,544.0898610660779,817.5005267844506,0,1,0.28996224362222256,0.3818308970497101,1
383986,1426,126.32238442536114,33.14496231798653,0,1,0.34778622469176446,0.20518068377483334,1
384101,1427,244.4935686800602,326.1149576119064,0,1,0.2695147597681915,0.3576204337154807,1
384192,1428,208.9950515770066,218.72639364731216,0,1,0.2785165789230344,0.3229273544794072,1
384291,1429,224.01595777204437,268.79494291091413,0,1,0.2764479324015633,0.33615476133327826,1
384441,1430,290.6992290617859,470.0799423869425,0,1,0.26950124348131094,0.38647650197536604,1
384941,1431,895.9115586650004,1783.7578786004576,0,0,0.29035773777010876,0.43080373951031947,0
385184,1432,410.1360032445655,741.9921685939693,1,0,0.2588416159998788,0.3505187557532806,2
385472,1433,557.5799512569037,1060.4265450365353,0,1,0.30013745703600025,0.4474805849503286,1
385741,1434,456.58488189096,850.1733711419328,0,1,0.25917460336869935,0.3861678733108517,1
386187,1435,814.2062786290853,1499.0815981476105,0,1,0.28204769247176786,0.40878414058315765,1
386218,1436,99.49510769162312,11.493557704852662,0,1,0.2124543288000662,0.07613283572042343,1
386244,1437,110.07714788119067,7.418509416007836,0,1,0.3267340192382821,0.12341405076914318,1
386302,1438,159.7062621611547,93.78584021993794,0,1,0.28964987797483016,0.2652378430451951,1
386601,1439,588.5316499329549,1090.4254658541633,0,1,0.3062154981821299,0.4449580754160418,1
386655,1440,180.50403239481116,130.04388021740317,0,1,0.3745527651688963,0.3524589500273524,1
386847,1441,308.77928511242806,517.5864661655912,0,1,0.22901152413355283,0.3407229736356449,1
387347,1442,742.2459905019556,1780.8074944155253,0,0,0.2570978178248929,0.4254296891541967,0
387472,1443,266.9882982909276,337.6327508720894,1,1,0.3151794752137982,0.34961366351169015,0
387549,1444,204.18218125300498,90.6806914226757,0,1,0.2676070719526446,0.18845866352569543,1
387640,1445,186.07284668270876,123.04668461810805,0,1,0.1941601801018646,0.17477710160113377,1
387686,1446,130.49835277503823,71.72976727826132,0,1,0.2513026324963957,0.20655603370740233,1
388098,1447,685.9662971356169,1400.9599506264428,1,0,0.2730943373064933,0.40035372165748906,2
388598,1448,753.520250814714,836.3125572885464,0,0,0.19342472141981404,0.20609024500270653,0
388688,1449,215.72671223389878,234.3038600374557,0,1,0.2882174841302411,0.331658713512223,1
388982,1450,528.4987560311127,1077.6920723653857,0,1,0.28291609297740616,0.44063439020876904,1
389442,1451,774.8238631639,1656.9345324546152,1,0,0.28163568157040697,0.4265584102355632,2
389549,1452,137.62024536112375,257.7426874126784,1,0,0.19495378896293145,0.24425710025713407,2
389765,1453,430.7924007665209,659.0604669051133,0,1,0.27711438075602696,0.3760106009435065,1
389829,1454,170.4116316767143,131.73218694517575,0,1,0.2756612807089409,0.2687775121924417,1
390329,1455,698.2377411293072,1651.2256157345432,0,0,0.24142190241688202,0.39787117373492376,0
390606,1456,439.2581059077473,808.204759420512,1,1,0.24775048536156336,0.35186413210733647,0
390964,1457,547.05392742477,1170.0091205630793,0,1,0.243279842104418,0.39555992317958566,1
391464,1458,832.4189466878337,1828.8395008059008,0,0,0.281539494866811,0.43666367577469906,0
391519,1459,193.4588322482885,101.47662688213374,0,1,0.36713717954882513,0.2755234397580771,1
392019,1460,532.9987559848976,1202.6772589590687,0,0,0.16939877501301825,0.28060489486103185,0
392047,1461,86.68983133629547,26.62280200967117,0,1,0.21530433606217292,0.1577837276550284,1
392091,1462,134.8805520224985,42.16722916330153,0,1,0.2615310155939786,0.15806831851319533,1
392152,1463,101.57343681444283,134.5365122359214,1,1,0.2540040635551775,0.2792706957718995,0
392295,1464,323.2480390595955,463.89897353116993,0,1,0.3091667782847197,0.4082950309969528,1
392795,1465,897.5287752291014,1790.8663293151258,0,0,0.29601553957818966,0.4371033061193142,0
393101,1466,660.1043656555797,380.9562084603977,0,1,0.253656527851864,0.19221366714361054,1
393601,1467,832.6085276121676,1920.6227301753438,0,0,0.28579595303349786,0.45767776005463073,0
394101,1468,1217.0414037038443,1147.2797881369158,0,0,0.35615159522235196,0.345010421124524,0
394156,1469,159.7119366890641,111.40277877859009,0,1,0.2936109825478985,0.2712189370752113,1
394254,1470,221.8272979909401,272.1433218829864,0,1,0.27586733933749014,0.34335389715548237,1
394324,1471,174.1224617233816,120.97277040085221,0,1,0.261241621245787,0.23933126990268988,1
394569,1472,387.19051688617344,797.1270642706412,0,1,0.2453611134061658,0.39412677194383516,1
395049,1473,885.5863973472375,1753.9369112646611,0,1,0.30095431196015693,0.44660109033981077,1
395428,1474,714.6369549577684,1019.6145195331328,1,0,0.2739677547040612,0.3294673393130418,-1
395459,1475,105.9306256312342,25.7991239172387,0,1,0.25992100055130524,0.14647436521648927,1
395517,1476,167.6840428488123,98.84689531677601,0,1,0.29720060825107397,0.25889213250250653,1
395568,1477,141.95219346064266,82.32471509770203,0,1,0.2590470563244011,0.21892038422795665,1
396068,1478,843.1467176147657,1847.1758126199227,0,0,0.2842431730107605,0.4442870490981349,0
396202,1479,225.983809781278,400.0317730508124,1,1,0.28610080564859464,0.3847428810009025,0
396277,1480,203.28472399017298,141.31513069919077,0,1,0.31079007549735677,0.28390722177207955,1
396471,1481,371.514741566369,680.4894260035485,0,1,0.2886094364927098,0.43038271350443147,1
396593,1482,144.56827623911775,328.625523923968,1,0,0.19037379068127874,0.27484448128151345,2
396817,1483,423.8223797780681,698.552579865743,0,1,0.2773056940402266,0.3850266201881021,1
397317,1484,640.8350305943939,1748.6205415803802,0,0,0.23386188145945974,0.41712602316384023,0
397413,1485,135.4218097544732,284.3658797520197,1,0,0.2197953969656766,0.3038595528994145,2
397673,1486,343.433016951296,652.0466237879367,1,0,0.20508235325818433,0.2870330113990128,2
397761,1487,198.99358345437832,202.49275744261163,0,1,0.24980385038914166,0.28840365474758883,1
397849,1488,213.69389123832286,214.9873446175909,0,1,0.29512946676991125,0.3283019913152693,1
397894,1489,124.37397095387695,80.29126504495287,0,1,0.26075834798377273,0.2516317777335766,1
398160,1490,498.7184349591822,935.200515600366,0,1,0.290067080489572,0.4331287648894574,1
398391,1491,469.45399618812394,746.6157344015579,0,1,0.2959521868000201,0.40057945456068994,1
398474,1492,206.39503571284735,209.8086463565657,0,1,0.2900403414333877,0.32703693609530526,1
398974,1493,447.74982523444555,1260.7100658588977,0,0,0.16518687602172705,0.3033323529074945,0
399058,1494,218.72550836963248,249.07778174786682,0,1,0.31570459269264145,0.37754197435647846,1
399313,1495,486.0562881349134,861.5727317333403,0,1,0.28780119997003184,0.4165205771213244,1
399813,1496,852.8440721147155,1859.1325271880826,0,0,0.29034214954756365,0.44866920585472136,0
400313,1497,800.391615992291,1607.381753823565,0,0,0.26050213707629866,0.3842585281080421,0
400806,1498,702.8844024292607,1690.4297826759853,0,1,0.23845677548867922,0.41068151624021226,1
401237,1499,570.8201629375504,1325.6065217528514,1,0,0.22497569780882398,0.3565476071798208,2
401418,1500,234.16911434786402,558.1965893980515,1,0,0.2170149148132279,0.33731820466752443,2
401818,1501,640.7744817976995,1374.0532887117854,1,0,0.26812508800835283,0.3993724597603787,2
402207,1502,614.8510481743606,1269.333212603903,0,1,0.2509738647972036,0.39165110041466916,1
402478,1503,452.4715612832871,805.8795883158971,1,0,0.2591892987743048,0.34686895562505377,2
402978,1504,796.6661056066679,1848.3971178615377,0,0,0.27304134325017076,0.4417343229249202,0
403442,1505,696.7881631521699,1465.398837029735,1,0,0.24666329369298648,0.3736642261406036,2
403549,1506,248.02155192406474,326.3005811462263,0,1,0.30485908454387006,0.38564931983048983,1
403716,1507,336.5686894224529,595.7388259537515,0,1,0.29139883106277875,0.43530732372257835,1
403961,1508,404.55971651378496,251.0379368683257,0,1,0.15886536885637356,0.11755671403777485,1
404014,1509,100.50426822018227,94.8642788492124,1,1,0.2728245771601243,0.24253403001129925,0
404233,1510,381.5355327879606,585.6576047265626,0,1,0.24332546257579668,0.33380195771026794,1
404434,1511,179.16786061826778,551.6547496069774,1,0,0.15440169076492322,0.2922689556554118,2
404526,1512,112.05490925075351,187.2392457180013,1,0,0.17470981154592036,0.18723492318086818,2
404780,1513,377.79959168647065,748.0048869596984,1,0,0.23869103141448633,0.33949650982757984,2
405280,1514,592.6470857331456,1667.7195617119703,0,0,0.22105349611619918,0.398217919574697,0
405780,1515,682.4187538970227,1658.0298916320212,0,0,0.2377234445046591,0.3970272022417495,0
405817,1516,102.39877912414325,37.86969151421944,0,1,0.21826374703269774,0.15932701399860166,1
405875,1517,154.15655416078891,112.42281776000748,0,1,0.27215469411242604,0.26403817781644895,1
405934,1518,168.7077502519357,109.29485114457411,0,1,0.29205298704394056,0.26250292672837244,1
406179,1519,421.49957593754397,813.0977056653671,1,0,0.2720781044200199,0.3821011686142191,2
406644,1520,669.3753748497337,1339.0074319930457,1,0,0.23212535431666517,0.3414660066874186,-1
406674,1521,99.53863577119404,25.19506234501607,0,1,0.2391268811790849,0.1393292838471658,1
406988,1522,459.7356637175958,963.4865205108525,1,0,0.24097217865621093,0.3529722971272798,2
407190,1523,320.60046170155755,597.8479068096174,1,0,0.24684037748894658,0.33797946208457497,2
407474,1524,418.033447647908,961.6195430519797,1,1,0.2583293411952326,0.40311618684457634,0
407912,1525,833.7745525676421,1473.3150721618674,0,1,0.2923795947371778,0.4151435518874698,1
408344,1526,696.9012414175197,1537.1409089630693,0,1,0.2695418473640326,0.43416797662420437,1
408844,1527,723.9698330605981,1807.91242839326,0,0,0.25639739029585185,0.43270289642725057,0
409344,1528,728.8747139766624,1850.9951636081141,0,0,0.2580745407767085,0.4437092462671178,0
409594,1529,507.65312651403895,861.4188190223683,0,1,0.30243049866425653,0.42323750711756664,1
410094,1530,666.0294245168245,1740.3519817978045,0,0,0.23727493036075553,0.4122679266899922,0
410594,1531,726.7115433903795,1814.822787935107,0,0,0.25727717911859527,0.43490343153055244,0
410683,1532,236.83104977768056,232.30070890473846,0,1,0.31954896551884965,0.34641974404483833,1
411183,1533,798.8635815713918,1885.635592607681,0,0,0.2802694476792459,0.45321273676652035,0
411683,1534,722.1391811863933,1904.3390876317765,0,0,0.2649362940449616,0.46170251474582613,0
412028,1535,602.0309354153339,1019.7191856515633,1,0,0.2630136438602947,0.34852274635925723,2
412528,1536,758.5636322300173,1757.7277540426414,0,0,0.26073251793873203,0.4166539836384573,0
412624,1537,210.91559285076144,193.50625113379266,0,1,0.25135631222796945,0.26459812442644787,1
412972,1538,723.2016966773448,1130.5473252675156,0,1,0.30080783253098553,0.40235773135886493,1
413282,1539,459.47391881838746,898.131064453892,1,0,0.2365055627958899,0.3342309945148289,2
413376,1540,108.42442043492892,181.68384312169377,1,0,0.16254308803949663,0.18108330500778222,2
413757,1541,657.1862865445314,1385.3609209468102,0,1,0.2823285752668906,0.44282946110929977,1
414257,1542,924.4168101199143,1491.1110140960434,0,0,0.2877473206487644,0.3780140752620315,0
414573,1543,491.4932112680577,922.6353944205943,1,0,0.24779874077204145,0.34918926371952946,-1
414832,1544,377.729322437908,819.6052695499471,1,0,0.24022307214016544,0.36042681059427767,2
415332,1545,750.4834759548952,1812.3836509740624,0,0,0.2654292842892516,0.42907675916555377,0
415832,1546,794.8609719007762,1987.8804358770471,0,0,0.2865960941832359,0.4743469979672953,0
416332,1547,833.2530507331338,1876.3447112557785,0,0,0.2880583322094482,0.45638247311206404,0
416778,1548,726.3334298457276,1402.6559747165832,1,1,0.2645469780318647,0.38524533226644647,0
416915,1549,333.04598031911786,70.41299985006795,0,1,0.2336508768773368,0.093570605027462,1
417355,1550,826.3404377620395,1665.736403041665,0,1,0.31563348631162014,0.4695123300006761,1
417845,1551,701.481087780825,1688.8457509698167,0,1,0.2429251990930028,0.41391919582220105,1
417911,1552,140.3303745283277,152.0284064173271,1,1,0.31647061442471947,0.30737673322040887,0
418411,1553,836.5493193232927,1282.505467780341,0,0,0.24298787795394067,0.3152913721499148,0
418576,1554,306.09137639931794,537.6980292866663,0,1,0.2694072136069318,0.4009250911306034,1
419076,1555,706.2722017029786,1607.6387573229738,0,0,0.23777115790225753,0.38782393516760577,0
419115,1556,174.13165895399004,31.688005286509192,0,1,0.4310784784379031,0.20541542644835983,1
419211,1557,222.72690975848207,180.77079006174364,0,1,0.2634505138847707,0.2591801136359633,1
419546,1558,544.5168179474675,1087.6999043794442,1,0,0.2611306961535727,0.3788631258582699,2
419783,1559,364.3060343520671,649.28380291762,0,1,0.21833804048604433,0.3348817150350801,1
420283,1560,824.1657491058403,1997.2040760206032,0,0,0.29254763520992794,0.47743174255350385,0
420740,1561,667.5464489134133,1641.775826567778,0,1,0.24836523378968323,0.4302014769507177,1
421240,1562,760.0502261724606,1769.3049109420547,0,0,0.26222109799765353,0.4198573451024492,0
421740,1563,714.7024453642706,1769.3063624061854,0,0,0.2535696417305629,0.42553815066330125,0
422048,1564,522.7760803252991,989.4466373959149,0,1,0.2596936915357218,0.39237874337192963,1
422340,1565,594.8714738845396,1040.6729071499265,0,1,0.3109712861099209,0.44141664968032784,1
422412,1566,201.14402742804833,110.82114509823609,0,1,0.30230543434198476,0.24555001458537026,1
422700,1567,480.1351236166014,757.1279635699179,0,1,0.24368696990609764,0.34089687717102235,1
423157,1568,796.453262256096,1743.855447005729,1,1,0.30448892498730323,0.4648852028408461,0
423657,1569,832.1581412639185,1199.8484791568212,0,0,0.23589999590673957,0.28911334258996163,0
423926,1570,476.08994176145546,932.2668671594388,0,1,0.2758463477252837,0.42599996708694643,1
423958,1571,105.5388870736246,19.18344462747033,0,1,0.25535282525073805,0.1374344961416399,1
424005,1572,152.03900994975368,59.264457180504365,0,1,0.3049494030930431,0.21179633699270028,1
424277,1573,482.96747729150457,902.4985876733858,0,1,0.27449095814696006,0.40963513223999803,1
424594,1574,558.5437862981208,525.8402304567213,1,0,0.22119859593240634,0.20208904478495082,2
424796,1575,422.13627179795833,666.927821908745,0,1,0.30698556855951314,0.42113980964085246,1
425296,1576,1126.1758999893486,218.98426570182966,0,0,0.23079432539245115,0.06526627632588752,0
425796,1577,1088.405373050429,1225.6988033424166,0,0,0.32601292443080576,0.35166276058209395,0
426296,1578,694.6638913941501,1751.5610046703582,0,0,0.24574293958414808,0.4180191414981266,0
426647,1579,500.12938058677037,1009.623021396001,1,0,0.22709404168956646,0.332743070356107,2
427009,1580,318.2244559710633,695.1770859497234,1,0,0.1305845502726153,0.21173987039331932,2
427509,1581,786.0594200143604,1718.578989660183,0,0,0.2687636647091251,0.41645717273963906,0
428009,1582,716.050670853388,1660.4557521044683,0,0,0.24425222600198745,0.398108157602656,0
428509,1583,720.4302093213765,1777.7721818625764,0,0,0.2540710343462999,0.4200328933369655,0
429009,1584,862.1593467311335,1850.5819785430417,0,0,0.28923218672229906,0.4440416518615514,0
429262,1585,254.52092834242424,723.174053877773,1,0,0.1747166328152483,0.31764249474046996,2
429500,1586,456.4297395798428,712.6212068341536,0,1,0.2764405862896624,0.3745435762973741,1
429618,1587,251.70533851748834,317.00233114619266,0,1,0.2654248535448142,0.3313714573994823,1
430118,1588,820.1722243040829,1989.6577953421422,0,0,0.2930293262203878,0.4766521551833437,0
430400,1589,432.9313225795831,757.318882255983,1,1,0.24445035191428016,0.33314800459882815,0
430769,1590,470.2719465858216,946.3740162976337,1,0,0.20270751647526986,0.2971129846078914,2
431269,1591,728.3220988881351,1745.4343874162887,0,0,0.25553781887888344,0.4163823357525446,0
431769,1592,833.164339103981,1671.0673077705296,0,0,0.26897675280026245,0.4066091090883608,0
432001,1593,438.30315079159953,723.4145274206307,0,1,0.2753281284332452,0.38811780609520735,1
432119,1594,146.99506188740614,315.9593096301398,1,0,0.19523808729718786,0.2777601865751504,2
432619,1595,1046.3452174873637,585.2555743997026,0,0,0.2520037315761209,0.1682730889717349,0
432885,1596,525.9129167158213,805.7880360909495,0,1,0.28115881333810533,0.37327555391061407,1
433267,1597,542.9915458215138,1347.657797661277,1,0,0.24876527732616763,0.4045105143310832,2
433588,1598,533.5602194473436,962.8315513389812,0,1,0.2552600919020859,0.37467877260995197,1
433692,1599,77.01663738098623,352.9106301843245,1,0,0.15207691143252908,0.34413237606979197,2
434114,1600,707.8154683437776,1393.4342375629724,0,1,0.26689407532722115,0.40075858070059445,1
434614,1601,778.921432231696,1794.8176750327223,0,0,0.266309173155248,0.42910836832330385,0
435114,1602,686.4998160595393,693.9639221728297,0,0,0.1730296578908292,0.16787308475071966,0
435334,1603,438.96080773078614,431.5349408254069,0,1,0.2371196490502965,0.2576362634764712,1
435562,1604,405.8878621124179,669.6619628232022,0,1,0.2579668893917806,0.36699492155103686,1
435804,1605,491.2184976272375,854.4335727069132,0,1,0.3011370451140214,0.430196982569756,1
435849,1606,134.3442762602654,58.51454747310503,0,1,0.2810239799349118,0.22956774022401405,1
436058,1607,339.88674034481994,471.4706888398618,0,1,0.2091732672091473,0.2863550346699456,1
436360,1608,463.60611955292825,982.4919451408358,0,1,0.24221520087184314,0.39485484123563,1
436860,1609,694.78439802792,1624.677025620482,0,0,0.23835657199460608,0.387232940269449,0
437360,1610,700.7576863668548,1771.8338235640374,0,0,0.25068293895522553,0.42568162968819256,0
437860,1611,710.3158492409092,1595.8441106824084,0,0,0.2413946015315276,0.38446783447451566,0
438163,1612,541.8590890287885,1038.3855873258574,0,1,0.2770240630692311,0.4181130568466696,1
438663,1613,825.6142014067054,1792.9785717311345,0,0,0.27961710267237355,0.4317369956457293,0
439163,1614,837.6084641023091,1987.215914451758,0,0,0.2931717881959144,0.47417266306530215,0
439557,1615,684.0248944168884,1407.9113937163702,0,1,0.27780103191269157,0.43283527329927013,1
439689,1616,257.8559235067021,318.3042665968313,0,1,0.248082325109644,0.30839885362393776,1
440189,1617,750.5182612789434,1769.028055056011,0,0,0.2612017137734265,0.4243490876610636,0
440435,1618,356.6421588277256,755.1391598018357,1,0,0.2333819186691766,0.34365006765602996,2
440753,1619,500.3008896615583,990.9880808135731,0,1,0.24289391798220353,0.3785203517146689,1
440935,1620,323.41704625569025,532.2131742027694,0,1,0.24989575503790318,0.3619194356321839,1
441143,1621,328.4829974753456,533.2092032259245,1,0,0.2292395604327163,0.2867441039029094,2
441279,1622,301.5809714991836,396.97052592824343,0,1,0.2906605588126588,0.36686754389526177,1
441325,1623,70.00318889237691,163.77861131170081,1,0,0.26788886845686727,0.36804628387063487,2
441672,1624,591.1447193124983,978.4591908137471,1,1,0.2613356281837035,0.3470001817819743,0
442172,1625,805.5629669072247,1961.8266731627314,0,0,0.2851351281668004,0.46873143451869215,0
442672,1626,783.5533173725462,1810.2039595792207,0,0,0.2725295819892772,0.4338538006892683,0
442697,1627,111.37993348821954,17.253267540599794,0,1,0.3283878972075285,0.15704484335487784,1
442846,1628,351.79626755663935,398.8770959093855,0,1,0.31117577923095907,0.35359542988514087,1
442942,1629,249.55478531490724,243.73557980263254,0,1,0.3272467397403467,0.3501901903167542,1
443355,1630,797.1068289078717,1542.8533268584943,0,1,0.30842278205379076,0.4536057505835454,1
443368,1631,46.70938945437764,2.582152218194036,0,1,0.034314896651632745,0.029982348428256003,1
443868,1632,681.0372231887885,1659.072594960872,0,0,0.23734516991570562,0.39644851576344803,0
444368,1633,661.271851806319,1779.8020082430453,0,0,0.24152420142148726,0.4222373490062565,0
444433,1634,141.58119431100732,122.99194795140345,0,1,0.22709000391198747,0.2548937914655825,1
444933,1635,730.0032358515195,1647.8042577248304,0,0,0.24745970749233337,0.3958071864156769,0
445266,1636,521.3171947019921,1092.7776618121743,1,1,0.2669475094012494,0.40119211877385913,0
445766,1637,715.5746655692716,1529.5989770959593,0,0,0.2353893898927262,0.36819388654399904,0
446117,1638,608.7670690989665,1117.0676033041723,1,0,0.26715426884346305,0.3749502924328099,2
446617,1639,722.7369002549533,1766.176262283218,0,0,0.2533848269299415,0.4237671009455655,0
447032,1640,600.813749129638,1230.1344029863762,0,1,0.22506318722565197,0.35747947407212527,1
447339,1641,477.9674621751328,994.0905373334731,1,0,0.253344605764013,0.3756555569198086,2
447574,1642,477.9156817152383,505.3346534340809,0,1,0.2622607365249997,0.29564020667377294,1
447718,1643,319.16455760077935,453.75794484492434,0,1,0.29921059663787686,0.39108478526067275,1
448218,1644,691.624036673645,1548.0562454506546,0,0,0.23483688144652293,0.37294120564299776,0
448718,1645,954.8765632269581,73.88162303596208,0,0,0.17505517378895347,0.0214118450279806,0
448754,1646,160.3903005245425,21.488486019848445,0,1,0.407022765039946,0.1705302125424594,1
449254,1647,725.2560068263854,1637.2167324358668,0,0,0.2457846667710633,0.3932210111465351,0
449754,1648,846.951134855845,1785.8485935002384,0,0,0.28428754296935116,0.43323048351893106,0
449786,1649,135.34169809039605,23.19575155478775,0,1,0.36309026461792043,0.16526396944141689,1
450286,1650,715.7880409040856,1862.5068337660493,0,0,0.25942365774989745,0.4417407776398718,0
450786,1651,822.4500566172701,1958.029724846256,0,0,0.29279174519061457,0.4693817541081832,0
451286,1652,898.045070760669,1683.1142642611903,0,0,0.2821930824357952,0.4065594711490367,0
451786,1653,718.0420074144598,1738.4804205043856,0,0,0.25053463909182094,0.4116233144884719,0
451907,1654,288.63999740690406,356.92012978460326,0,1,0.30611243021861356,0.36847926259658026,1
452190,1655,525.9174889133575,1006.539026197621,0,1,0.292872286540753,0.43906752986523856,1
452598,1656,681.0903223895075,1338.0243627674524,0,1,0.2597163381565229,0.39606135031143497,1
452797,1657,313.2150373139138,441.81346507321314,1,0,0.23393961015292905,0.2723872683993495,2
453297,1658,847.1922760613953,1877.5252976522233,0,0,0.2905145461503109,0.4537239714488444,0
453797,1659,816.0019414045191,1899.820103200609,0,0,0.28138511891163254,0.45550023514862537,0
454086,1660,546.1529240406537,952.7795536315708,0,1,0.27965887029660247,0.4025318836573064,1
454448,1661,525.4726890599218,1131.8449222993963,1,0,0.24077640785998994,0.3628448218504999,2
454948,1662,645.9459262668347,1732.2966355673439,0,0,0.23396770689036506,0.4125923959477466,0
455448,1663,750.1044919898807,1825.3809997346295,0,0,0.26702334353647933,0.43606175997545626,0
455948,1664,982.1284786478594,761.5243035000296,0,0,0.24996737426103374,0.20941006955781538,0
456126,1665,422.59459975367713,327.76605818626973,0,1,0.2894161666866035,0.2661951168629585,1
456154,1666,96.39737148186299,38.16567313713888,0,1,0.2847887776596204,0.23425000500706925,1
456228,1667,86.01161596402993,174.82520103583727,1,0,0.16581529824324362,0.20469046254492368,2
456249,1668,61.00840644808491,6.726029760904041,0,1,0.0738922957608876,0.023920500547205827,1
456723,1669,766.5120682922001,1640.941793479279,0,1,0.264233287105722,0.41916064328309505,1
456922,1670,413.78292833457556,627.1254070232767,0,1,0.28818190382887915,0.3854109509199382,1
457422,1671,503.6792989732231,830.0260716500364,0,0,0.13406453595701642,0.18334594980162572,0
457681,1672,451.5866124532906,874.2444435917985,0,1,0.2727569042603304,0.41714135734104857,1
457757,1673,134.1930786438947,150.449593669332,1,0,0.21913260391958514,0.19206390270175697,2
458257,1674,626.379041263751,727.8289968936891,0,0,0.1566689154055691,0.16735219993728373,0
458757,1675,761.636870798,1814.6035662557765,0,0,0.26286002487404775,0.4314294384985477,0
459257,1676,782.4543300998565,1735.1145338484498,0,0,0.2636864223896277,0.41527395100385733,0
459307,1677,133.51705889705642,92.64955337255323,0,1,0.26141919708630135,0.2739108632135138,1
459572,1678,395.1486620271149,678.5088435103293,1,0,0.22057132741541752,0.2944012823910327,2
460072,1679,783.6161285420967,749.216343108014,0,0,0.19383349667273403,0.18493907511773935,0
460572,1680,752.5724774434161,1703.4629217296424,0,0,0.25945652274566916,0.4122930433939202,0
461072,1681,879.3419322899504,1849.0846668598936,0,0,0.2937628266090697,0.4504936809460484,0
461120,1682,137.03576510641244,103.87993043054158,0,1,0.2841250259645472,0.29548234258896283,1
461268,1683,311.90797010438564,484.7822628506281,0,1,0.2991738406073903,0.4108542185513793,1
461711,1684,869.4099219949994,1707.9617510142407,0,1,0.31655857386526587,0.4714600078806265,1
461999,1685,615.4955669470735,417.1401948586578,0,1,0.25727044802534926,0.2108911537933972,1
462079,1686,220.47348266747105,175.12054861490276,0,1,0.32955328597893596,0.3188878033335751,1
462579,1687,716.2659159768024,1708.3593209183582,0,0,0.24908733929686852,0.4114944181254248,0
462656,1688,211.1747605125526,194.47877733606882,0,1,0.3164486398437946,0.338407104883102,1
462914,1689,315.779263815003,914.1286866767206,0,1,0.2124076893164749,0.4229647436613946,1
463026,1690,275.86849410736966,157.08838082930083,1,1,0.31882934105782085,0.2209529007754305,0
463246,1691,323.8726900917543,574.2696718308032,1,0,0.22890642991648275,0.29971601593580255,2
463675,1692,729.4073556250587,1509.90468734231,0,1,0.2736321409820495,0.43007507265787287,1
463816,1693,247.10597372906167,115.38629641739224,0,1,0.1730828176415799,0.10390080754770266,-2
464316,1694,804.006569606568,1971.1840662369618,0,0,0.28821086291032855,0.4689933667526066,0
464526,1695,297.9405137344033,619.6193752259493,1,0,0.23186972107060402,0.3347487467084683,2
465026,1696,579.0996880553643,794.9983010961022,0,0,0.14005702662640956,0.17989826725893607,0
465526,1697,675.8965954704563,1894.3785236962985,0,0,0.25345944090596967,0.453011969797394,0
465580,1698,165.7370800201364,79.25280818363845,0,1,0.292681210551518,0.20772822657649004,1
465980,1699,807.7500387772529,1515.3537466815926,0,1,0.31526115614835787,0.4605420283259948,1
466227,1700,413.1490685171377,792.6322600596889,0,1,0.2582049265775905,0.40061612450473394,1
466727,1701,628.545831541723,1826.622997149371,0,0,0.2361062266831905,0.4348590504466858,0
466990,1702,461.5670247817706,622.4823613703827,0,1,0.24112886904099373,0.3127709748980083,1
467134,1703,231.2616565487365,375.8589931471545,0,1,0.21721416656452924,0.32206354854770697,1
467634,1704,745.308603661883,1819.2890365035498,0,0,0.2623684968712995,0.4336648742366005,0
467709,1705,140.95073452321057,81.363210341067,0,1,0.14389583245623114,0.12342071666070815,1
468209,1706,1009.0940438789368,602.4841018735704,0,0,0.24359834305719122,0.17060070504186267,0
468709,1707,905.705711242341,1958.9929330752445,0,0,0.3074506370005872,0.4742923501668062,0
469209,1708,651.4498317890769,1762.0413474592883,0,0,0.2357297163621562,0.41782139768397886,0
469635,1709,731.0576575707569,1461.6227781762495,0,1,0.2722640489148069,0.4173582713330021,1
469897,1710,408.3866841362212,894.0213710590194,1,0,0.2634496774244158,0.392316396953304,2
470134,1711,336.9295981177056,748.5961581817348,0,1,0.22289114558544287,0.3839920086862646,1
470634,1712,742.628878458245,1737.8976901465014,0,0,0.25885126199135583,0.4180726885450844,0
470841,1713,432.7374878565492,661.7046753844962,0,1,0.30165661260086835,0.40289489901264536,1
471341,1714,826.8788711992996,1806.0346017286397,0,0,0.278246935643121,0.4379557415443719,0
471841,1715,714.0726864613777,1712.8037671947652,0,0,0.24932355258412878,0.41135626978882356,0
472341,1716,742.378407795087,1697.4646698798633,0,0,0.2558423711683654,0.4079862640880017,0
472779,1717,451.4301570700014,866.0780003011735,1,0,0.15315202260565466,0.22709275724092132,2
473279,1718,959.6458974780346,1011.9721046518401,0,0,0.2600992978001525,0.27159359302386465,0
473527,1719,521.3271148233788,874.588171300882,0,1,0.3175647247873021,0.4382841597185908,1
474027,1720,705.5739966065222,722.249434788745,0,0,0.17558127874295287,0.17581986484887013,0
474079,1721,172.53604193211885,62.14065039434834,0,1,0.3307235371605847,0.2277015852058161,1
474579,1722,690.8950984705178,1816.2911302328453,0,0,0.25135114453374197,0.43229311082689487,0
475079,1723,952.6983533633081,81.9924778782901,0,0,0.1664299607914871,0.0170318518979962,0
475579,1724,796.085732681894,1956.9179183424735,0,0,0.28188237763268037,0.46504389130260787,0
476079,1725,732.835204822054,1595.8656212290455,0,0,0.24273037670009262,0.38751967980555585,0
476579,1726,727.7827542433728,1798.343390465013,0,0,0.2584491724475081,0.43182828131244205,0
476835,1727,501.16432089532435,965.5358054869581,0,1,0.3127845737194508,0.46632354868157444,1
477335,1728,691.5444935029442,1770.1962437885427,0,0,0.24679845726451594,0.4243294760046051,0
477608,1729,433.9826586981026,715.7859812829887,0,1,0.2260757457019716,0.32753240511185855,1
477897,1730,409.0535757193132,852.8668973227313,0,1,0.22107544528421322,0.3660814901985648,1
478204,1731,557.1700555313349,1084.7602670735475,0,1,0.2868697140979092,0.43365711565973225,1
478260,1732,167.57784454220965,98.72499268067274,0,1,0.30341218795491104,0.256150037121515,1
478760,1733,845.4397610430935,1970.044877431177,0,0,0.29609980808957437,0.4736926220301609,0
479071,1734,660.7834319685165,113.05182266196573,0,1,0.19459211184843886,0.053841952684455546,1
479359,1735,456.80922822081095,665.2298232424553,0,1,0.21552953353725113,0.29406540644684376,1
479502,1736,227.14088362323943,320.90362205782105,1,0,0.23874321336134083,0.2703522864729647,2
479538,1737,145.7808350995616,41.18450887790145,0,1,0.36804061716115977,0.21465789792405976,1
479664,1738,238.7392438197777,342.29760619607356,0,1,0.24514949275872885,0.3412882965208582,1
480164,1739,708.2369716918995,1806.0051511342153,0,0,0.2517890560866345,0.43060873610399325,0
480256,1740,216.5451246605825,275.6665979824436,0,1,0.30010895433414414,0.3831102519615046,1
480322,1741,164.59436362181788,92.03810746276879,0,1,0.2259605907640595,0.18637799974329908,1
480482,1742,271.0745396902229,402.55887364027626,0,1,0.22228991416295746,0.31843292038052246,1
480748,1743,393.6176646781353,836.8130825413185,0,1,0.23209644153932057,0.3854782927340509,1
481008,1744,365.18837056995324,795.357894546182,0,1,0.22149756245216815,0.3766427474602295,1
481508,1745,721.3989008122817,1715.5081930639985,0,0,0.25524420178210616,0.41577849871949873,0
481751,1746,514.4789124604487,520.2607330385308,0,1,0.270573556230579,0.291238794530246,1
482033,1747,319.5138368365255,789.2648535313966,0,1,0.1730411680065543,0.32867464017698,1
482533,1748,718.6145174681401,1781.3763143476638,0,0,0.2542778890756032,0.42394566072124135,0
483033,1749,666.6618008509088,1735.2477106694867,0,0,0.23971876703352007,0.4136764719307496,0
483125,1750,211.4966104203946,207.19737775073224,0,1,0.2861492919853939,0.32583626047280456,1
483567,1751,823.3028034761867,1773.8102802300998,0,1,0.3097953772169314,0.48491283776428407,1
483823,1752,492.0323889633326,825.4638292981265,0,1,0.282353748763333,0.40077543879232314,1
483880,1753,184.9869844699672,117.1983938727715,0,1,0.35143180059450935,0.3012329994939713,1
484155,1754,373.78764204481354,800.262832688968,1,0,0.21846303046129034,0.33081434540991883,2
484220,1755,165.45367877607617,163.44094768055092,0,1,0.29037570228844317,0.33478496722851303,1
484483,1756,552.1600798281956,679.6971203060237,0,1,0.2754530909009194,0.32760789271952995,1
484575,1757,235.35199348328172,125.10973746754627,0,1,0.26091303313736014,0.20504425015629063,1
484656,1758,159.35209378269397,96.46029804704689,0,1,0.17092254751271765,0.15141857265765823,1
485156,1759,826.5980247834365,1967.648926052195,0,0,0.2927480774080894,0.47241977210391844,0
485479,1760,497.65725240562176,924.3577454112742,1,1,0.2483205518455123,0.3573684216180828,0
485979,1761,772.7082591831107,1775.464589274187,0,0,0.26715554806339215,0.42560127000490977,0
486047,1762,191.58076289073364,81.01733245339275,0,1,0.26949220438767946,0.1887693972861822,1
486547,1763,584.487265418622,1636.1646134278103,0,0,0.21471555667338785,0.3911088868208578,0
487035,1764,738.559985891053,1746.7996185157076,0,1,0.25833245205699085,0.43481882089105417,1
487535,1765,729.4928849964275,1799.7466784292455,0,0,0.2565388466203515,0.4312031837848406,0
488035,1766,671.0315047084404,1747.2608521334757,0,0,0.2428425360119033,0.41760619435732216,0
488386,1767,465.3847511524235,734.2186688811292,1,0,0.18758773623172645,0.24618441924203815,2
488886,1768,706.6487845181266,1712.9726933826407,0,0,0.24880319184624825,0.41054441722523927,0
489386,1769,502.9213966810478,683.2700406281729,0,0,0.1213967068556079,0.14782141665316795,0
489506,1770,263.3109977576962,334.2401265626261,0,1,0.28718687132626797,0.3609448691486966,1
489932,1771,699.5488579526063,1504.296487690387,0,1,0.269314129691511,0.43000167058542493,1
490432,1772,713.8200970207859,1908.770661422338,0,0,0.2628593950891665,0.44888952505379953,0
490833,1773,729.8317132003573,1621.6406799971285,1,1,0.3194764167731226,0.48984594167655693,0
491253,1774,698.4003530159929,1374.4359918473563,1,1,0.27205740116336063,0.4014540441483859,0
491753,1775,940.0690030776195,1907.2462495453065,0,0,0.3072222074079502,0.46023583928372697,0
491821,1776,173.38688793783137,143.22188011558154,0,1,0.28060672359571665,0.2912642366122698,1
491947,1777,299.6293282148683,402.80460651514034,0,1,0.3230995156104092,0.40923218141702333,1
492447,1778,647.8164776890897,1755.1955052247229,0,0,0.23702374644087013,0.4204870303487368,0
492862,1779,755.3267270251533,1672.3851648352652,0,1,0.3009551005920617,0.4809970968592377,1
492997,1780,312.75358811344,420.20541744355154,0,1,0.3105221250918459,0.3911142240299539,1
493497,1781,685.2837949069769,1841.5307176867495,0,0,0.24888907967901513,0.4365409421422197,0
493997,1782,700.4416375639827,1673.958284087914,0,0,0.24117992661285478,0.4010013961781675,0
494497,1783,793.0355519955782,1535.4418950759282,0,0,0.25258591008897235,0.371304739836082,0
494997,1784,874.3613781151532,1649.4775201985678,0,1,0.27304163751653215,0.40418842322951376,1
495234,1785,370.76568067684707,479.471235515027,1,0,0.22307630871280015,0.25027380570172486,2
495530,1786,465.931388287241,570.7454289919993,0,1,0.20072842993116033,0.24883332815766507,1
496030,1787,961.7870522978513,1996.5418326841582,0,0,0.3222702944915636,0.48342205367283764,0
496530,1788,695.5439017575387,1860.3947863415879,0,0,0.2564184725891698,0.4454269678488935,0
496878,1789,516.0049356807957,1150.862438517266,1,0,0.2512939658500072,0.3851937949131131,2
496919,1790,169.77549147114843,59.332918198281845,0,1,0.44911503003948344,0.3005826847024952,1
497226,1791,574.1369233918275,1091.8088140918799,0,1,0.2948618779755946,0.438345848072295,1
497726,1792,910.5960473418417,673.147043677359,0,0,0.22434217348737412,0.17855305662248583,0
498042,1793,530.6154661617741,1072.3896928575953,1,1,0.2803073462496866,0.4139761773084731,0
498542,1794,884.9475489137543,1853.5941161251096,0,0,0.29457068028950684,0.4513584349542574,0
498855,1795,537.3539031718417,755.7478354021089,0,1,0.2324454440303401,0.3000246671789896,1
499355,1796,394.7743645111481,1717.85742762411,0,0,0.18392164604537964,0.41169905847414034,0
499617,1797,308.1022684304149,785.4260387714206,0,1,0.18898315055401485,0.36147507135691104,1
500117,1798,1013.6031139432208,-28.473766437412532,0,0,0.19180979438646512,0.0041958113351874635,0
500403,1799,497.95908148425127,1009.4462529556279,1,1,0.2934019478296165,0.42884501062625946,0
500602,1800,303.4176446097211,636.4296064000473,0,1,0.24107685146635807,0.3984953928888014,1
500660,1801,150.87227067122606,112.33316591147802,0,1,0.2645795435511095,0.28773458510092625,1
501132,1802,918.2091608534845,1738.9699674501132,0,1,0.3085731064723355,0.4513588463133446,1
501336,1803,303.5155806669003,594.9274196699761,1,1,0.2508764996310615,0.3577449668897228,0
501679,1804,503.4944387784553,1071.8853900441488,1,0,0.24131786058944746,0.3639294330936811,2
502179,1805,864.4216310469045,503.87830304139413,0,0,0.2013635806588096,0.13507712028148794,0
502679,1806,983.564106396207,2019.1480209169288,0,0,0.32635104372691226,0.49090126447235405,0
502719,1807,146.07373843798158,59.36003995508366,0,1,0.3447533233560839,0.24398240819739528,1
503219,1808,755.321284260076,1853.3101442886893,0,0,0.2665321538046301,0.4411895256259321,0
503664,1809,524.1281343993242,880.6129834732717,1,0,0.15808507059629742,0.222046211691137,2
503770,1810,264.3447227377779,335.3658494335338,0,1,0.3251342286552685,0.4001878005472474,1
504032,1811,496.6218652957485,1093.9704818513412,0,1,0.31240766007465903,0.5028247472939725,1
504532,1812,696.9594438556218,1651.0640747825407,0,0,0.23553218826280026,0.3945324273270812,0
505032,1813,972.8078796448691,1929.5738890131643,0,0,0.31942116320037006,0.4691642650158126,0
505098,1814,165.7936102323386,109.24134714134418,0,1,0.2630131143759465,0.2412254633508976,1
505598,1815,704.5886690236024,1857.5085554660627,0,0,0.2546531087891003,0.4410659396455701,0
505844,1816,491.15461876313236,822.925178322994,0,1,0.29511237046445826,0.4108036223100982,1
506091,1817,386.26918956706425,765.4516690495767,1,1,0.262670397811014,0.38680406752632507,0
506184,1818,237.61691433815898,264.93228886482655,0,1,0.31803632787424585,0.37326509561863297,1
506533,1819,558.6949254845638,1270.288937068344,1,0,0.27372380543794317,0.4268944516736314,2
507033,1820,870.8692189123514,2217.559896100922,0,0,0.31869135347690886,0.5326118449396765,0
507491,1821,944.8426751943733,1932.8249919498116,0,1,0.3376482891674443,0.5111923973127462,1
507963,1822,875.6187640416481,1341.1605042031713,0,1,0.2688084631305896,0.3542206590529423,1
508102,1823,286.4354500465746,426.8748727473184,0,1,0.2796545328852851,0.3824199450950361,1
508602,1824,936.4203379863263,126.73240748205241,0,0,0.18239112442892869,0.037218908044072005,0
508706,1825,249.6561427295415,319.88573453304247,0,1,0.3175627565739819,0.39718823390241553,1
509144,1826,759.5700057506743,1384.2113261764453,0,1,0.26259910721198915,0.38483823394977507,1
509202,1827,163.47251158233053,72.52543166395404,0,1,0.26677225312397757,0.19452047099949932,1
509702,1828,863.1767801249372,1723.5556618844587,0,0,0.2836129724201124,0.4207029077278962,0
510047,1829,550.9444047244837,1165.6011844697969,0,1,0.2534009357774521,0.40610020894525845,1
510118,1830,202.53826599600438,144.4154871974356,0,1,0.3182785475134993,0.2931388410609133,1
510611,1831,813.2504615964608,1835.8405382892695,0,1,0.2743329284345119,0.4482509515164272,1
510780,1832,402.39779120760943,520.0581269848126,0,1,0.3301998178422833,0.3968249593313587,1
511280,1833,734.4014654291016,1692.9793578905349,0,0,0.25259736488164614,0.4084017429165172,0
511768,1834,853.5895948581654,1500.8592925938374,0,1,0.26445405124509064,0.3755006688880771,1
512219,1835,815.4508210018782,1722.606513899102,1,0,0.3036223525162903,0.4532486413717519,2
512485,1836,497.66027982379165,1020.4867823451285,0,1,0.29969003077340806,0.4660515197639859,1
512985,1837,654.8246456398058,1800.5143200922278,0,0,0.2419184271293605,0.4306627838360305,0
513394,1838,732.9483064651367,1553.1572508673914,0,1,0.29810404561227344,0.4631182018122128,1
513432,1839,122.25181800907359,56.25972912964296,0,1,0.29740263122891947,0.2408356123668482,1
513767,1840,610.1659573985892,1191.0939586077768,0,1,0.2895225828428189,0.43765775602506113,1
514033,1841,457.46712635375013,945.7555060399761,0,1,0.2749107198239953,0.4280052185441386,1
514148,1842,254.48777424106237,273.36531931727905,0,1,0.26926916974733267,0.3119162012241038,1
514648,1843,795.434641476786,1882.7770060490554,0,0,0.2741633950412822,0.44941892196125655,0
515031,1844,611.6469310401641,1408.4056299546794,0,1,0.2668166708835025,0.4444873300195979,1
515531,1845,733.6494550294672,1882.5228811244797,0,0,0.2657165165140147,0.4493627132542424,0
515719,1846,320.6840156306431,573.0218795852824,0,1,0.253935717419446,0.3863852120860098,1
516219,1847,921.6402977906243,2037.1858194106067,0,0,0.31658175119440357,0.491171950143844,0
516719,1848,892.5194916436244,237.17233418927347,0,0,0.1867215823132826,0.06509798915498262,0
516765,1849,148.5026433292129,60.27149097729293,0,1,0.2927706054967129,0.2013887830024567,1
517047,1850,536.7160731854256,1043.986360774048,0,1,0.3015571773413431,0.45190534683530426,1
517547,1851,810.4954799801586,1563.2753202561987,0,0,0.258607233190248,0.3769692045627202,0
517815,1852,334.2519018355809,867.8479185381209,1,1,0.23295690576441966,0.3980885060538591,0
518315,1853,801.8619414552836,677.4813154266869,0,0,0.19756118547012252,0.17269575964020098,0
518424,1854,230.22696957804118,315.84079275829464,0,1,0.272968988906397,0.3661717182096186,1
518924,1855,900.0511757725153,2064.0598044131098,0,0,0.31002748012809933,0.4942198835344664,0
519115,1856,399.3876158571214,314.33179841026055,0,1,0.25009071535967564,0.23374097777568825,1
519615,1857,830.7737564750078,2082.818161310466,0,0,0.3011701374295027,0.4975220026172014,0
520115,1858,696.6803609585879,1784.0410431888622,0,0,0.2531087931494927,0.43094162945232656,0
520548,1859,907.0326303705913,1663.6324827153808,0,1,0.32676317232017876,0.46882263422848874,1
520670,1860,237.80931140847713,333.28778446449695,1,1,0.29539690394245793,0.3509107156108993,0
521040,1861,546.9409455615283,1370.464534840225,1,1,0.2689780930245069,0.4488510557897005,0
521472,1862,508.0034835664891,872.9344453901867,1,0,0.16278622597818795,0.22711906352571581,2
521503,1863,94.31094454231751,14.392837350282228,0,1,0.19977013254092968,0.08732491508891281,1
521586,1864,212.82937843032525,234.4842254847374,0,1,0.3159857218947605,0.3718776643882822,1
521869,1865,480.6680845507452,815.7286901269632,1,1,0.2710425059961764,0.3622751357933388,0
522060,1866,381.86235308273416,402.1539222575867,0,1,0.25690345691435845,0.2897633840170263,1
522187,1867,258.7394591123362,361.0991682136986,0,1,0.27164978649823707,0.3610534691903079,1
522687,1868,1008.2093772888135,1942.1273271198238,0,0,0.3254477147856087,0.47635238262363805,0
522969,1869,416.3280300380467,882.1310482512152,1,0,0.2369059333410135,0.3617897121341552,2
522996,1870,104.55055978631749,28.027108133910705,0,1,0.3171184643413001,0.19854233936208365,1
523329,1871,700.6632875687104,1299.0350833830516,0,1,0.3244885608425182,0.4745168584543491,1
523369,1872,166.3299795172893,38.6896361624773,0,1,0.395660723152676,0.21235367145761525,1
523787,1873,677.0339854689873,1570.1167661163108,0,1,0.2788421654228666,0.46012415057319855,1
524287,1874,676.4635020752178,1894.6007021509406,0,0,0.2472208004947457,0.4450557427531908,0
524787,1875,738.6293621397571,1946.5532777499207,0,0,0.2695176292510629,0.45939217172207875,0
525138,1876,649.2696916198117,1375.8285972249314,0,1,0.298024121032507,0.4746820981130489,1
525248,1877,224.94264418443794,285.83968456010837,0,1,0.26480290546680635,0.3424096578293701,1
525748,1878,682.4888240163841,1822.354534643862,0,0,0.24995329692634766,0.4322169993376274,0
525799,1879,155.84156231936993,98.21454462170011,0,1,0.3195638086524605,0.289446667668389,1
526059,1880,454.9794718108694,970.0234090761448,0,1,0.2862000435657118,0.4603244625655114,1
526198,1881,281.790189018178,435.2736957706355,0,1,0.281732122610909,0.389939669321579,1
526295,1882,204.07972130098523,227.08072902933836,0,1,0.25403351432546445,0.30267892632571003,1
526367,1883,191.3959934543452,187.680437910077,0,1,0.31313632758192067,0.35192074212650826,1
526406,1884,142.44087337390363,40.63514106360475,0,1,0.32965494339689616,0.20219732622207584,1
526726,1885,340.72907869155034,1203.353417890069,0,1,0.2102535129944046,0.4522070917788364,1
527039,1886,539.3252875606962,893.2334326429789,0,1,0.258710130834733,0.36599597328692646,1
527126,1887,223.63774714637358,207.90272306632795,0,1,0.31219092068318827,0.3343089673954768,1
527330,1888,313.75321481039714,660.4099530208712,1,1,0.27089008319758934,0.40843215830096896,0
527432,1889,181.38218122262526,135.24169036747938,0,1,0.19116125164259767,0.1661919084730139,-2
527791,1890,649.1467417428835,1461.1053386277315,1,1,0.3193885280709066,0.4946346101301516,0
527928,1891,294.3222934570259,372.02075215542425,0,1,0.28495515572080143,0.3584845665631268,1
528076,1892,348.2134661421286,485.93798497841595,0,1,0.3315417974158777,0.42232025885536106,1
528304,1893,492.52041258557466,820.1485070586987,0,1,0.3237465595154388,0.4489985742710768,1
528804,1894,861.0090107925953,506.1593176898698,0,0,0.19533232204282308,0.13394219933844834,0
528935,1895,298.9347034725572,371.3103607990097,0,1,0.3056770185329229,0.37179978276598213,1
529117,1896,365.15242831666137,391.9957956665375,0,1,0.25268408524857827,0.29035703441868876,1
529412,1897,397.4004940453251,1024.976974853454,0,1,0.22647793155136808,0.41755799074244504,1
529615,1898,408.21724934700865,751.2770100603739,0,1,0.30774253463594925,0.4561641234072997,1
530069,1899,904.9855877733215,1930.1565866910337,1,1,0.3421760382603075,0.516242570804293,0
530228,1900,309.1188991297927,505.7132077922067,0,1,0.2837797163686212,0.4064640837186608,1
530607,1901,599.8453049202268,1346.5487428965314,1,1,0.27247965656178164,0.42873265956332024,0
530686,1902,202.31928745486337,194.83214947750648,0,1,0.29868466931952403,0.3284916776571463,1
530857,1903,337.8786202753768,607.7224262303154,0,1,0.2984341118015489,0.44122886202181366,1
531018,1904,341.83667674718987,282.0482005234779,0,1,0.24034624983047848,0.22630377802169568,1
531364,1905,450.6824784277668,944.6152550751423,0,1,0.19959301846132493,0.3323753270957667,1
531585,1906,465.1034334778377,779.8882666971145,0,1,0.316451820804973,0.4416684283938393,1
531869,1907,359.09486415394946,634.514853544079,1,0,0.17352433047505736,0.2496035951418772,2
532149,1908,447.02418545492264,627.1413010530804,0,1,0.2168369049146078,0.2857062902001816,1
532649,1909,809.5074240257358,2012.699212064755,0,0,0.29044306054546265,0.47904220120776597,0
533149,1910,1042.0933570286643,1961.196606636225,0,0,0.3307827466416666,0.47709026817945144,0
533314,1911,315.0259834401895,538.7656728617596,0,1,0.28044547714431467,0.40614742559017414,1
533345,1912,111.7915093707313,27.489515369459593,0,1,0.28273123207729006,0.1600709135262995,1
533441,1913,224.30891934075117,303.15572901577326,0,1,0.31316103931370304,0.409109323067437,1
533941,1914,584.8926101381036,758.5375382289815,0,0,0.13427625835068313,0.16289964478981317,0
533991,1915,174.7680862825429,104.72481729787512,0,1,0.3498009254090954,0.29483032014501637,1
534491,1916,885.6347799941688,2089.791765420658,0,0,0.3136515330833744,0.5019164422008884,0
534695,1917,330.48322007452725,735.9836432942722,1,1,0.2870508893001294,0.4479437309755476,0
534782,1918,240.3561269829296,221.6874174407577,0,1,0.3421254820304347,0.35483672082139617,1
534839,1919,178.09952884177045,100.6507923987968,0,1,0.3124159823779452,0.24625222622256346,1
534895,1920,159.3271934942066,90.84751502887701,0,1,0.29013173889850596,0.24949484423201457,1
535395,1921,378.4362460103926,1224.7994371035215,0,0,0.1297550948772288,0.27540801646970264,0
535472,1922,211.0699194807114,183.87379944316027,0,1,0.3181853139247812,0.3228918109704473,1
535591,1923,251.93452923902746,354.79449851828906,0,1,0.28605525825323463,0.3890261239076691,1
535937,1924,671.8899512709169,1185.102731161959,0,1,0.2933021606320394,0.4207987922105326,1
536075,1925,299.74941212381043,499.24143937343376,0,1,0.30963617584346764,0.44345495552345504,1
536226,1926,323.807571418705,531.0041513702087,0,1,0.30923169239994075,0.4335205391509718,1
536659,1927,927.6098706104949,1743.2249051374918,0,1,0.3385686521858823,0.49327476906755785,1
536693,1928,107.58353545220471,40.584389808822465,0,1,0.2645651866698141,0.18819162579598114,1
536775,1929,197.18212139680867,197.9344744084152,0,1,0.2840811166678791,0.31969134084728423,1
536828,1930,166.78096262773897,93.08174462205321,0,1,0.32217579413823855,0.2770145771481499,1
536876,1931,100.21307845607339,132.0398356207572,1,0,0.3208260249888532,0.2856763613774283,2
537376,1932,967.9857053797905,1904.532828734274,0,0,0.31390762383041443,0.46525514059454237,0
537415,1933,133.45335937259858,49.61607422354348,0,1,0.3036170669043609,0.21210138420172867,1
537915,1934,830.7044004694438,1937.18059754747,0,0,0.2896752898440957,0.4619049945324716,0
538152,1935,421.14801765509327,866.2732794743437,0,1,0.2816987115646112,0.4492576688102689,1
538205,1936,135.8874473297793,77.37287524953874,0,1,0.2356502016301528,0.20719580029045032,1
538705,1937,753.7672514191207,1975.424054087274,0,0,0.2765352094012427,0.4682793759934948,0
538746,1938,171.90898327485536,53.398523805971955,0,1,0.42292068948040173,0.2602083810977334,1
539167,1939,648.1408594751077,677.0355730514698,0,1,0.19047022177717016,0.20205167512237593,-2
539260,1940,222.81061870672735,251.3135366737386,0,1,0.2988521777083938,0.3573203346562548,1
539760,1941,918.1238846514116,1959.1226100929885,0,0,0.3094368260202676,0.4729472072442435,0
539881,1942,228.63105766275106,265.4786750293261,1,1,0.28164115309903526,0.2979899816754384,0
539924,1943,139.40454687480764,71.17910648676443,0,1,0.3249012264084694,0.2653683836765646,1
540273,1944,549.0494055666724,1257.7646268058195,1,1,0.2761126800328321,0.4360393289053255,0
540773,1945,688.3797370770004,1862.5407625822907,0,0,0.2524112267563144,0.4449841919834769,0
540854,1946,187.37353277299746,200.55163424350968,0,1,0.27510751281825013,0.3269384954999888,1
540963,1947,289.0040665592113,300.6552454974076,0,1,0.3405890870492894,0.3664812875176881,1
541014,1948,128.79875260301625,100.89139917133365,0,1,0.2387540723050954,0.25674975721109533,1
541514,1949,860.4402344775432,2086.8515310856656,0,0,0.30525878208428414,0.5006885244715765,0
542014,1950,730.1596300154982,1815.4735463618379,0,0,0.2623854763368961,0.4343084973459413,0
542090,1951,206.1337297356049,182.08870455309145,0,1,0.31548855082166555,0.33052876951633564,1
542284,1952,312.9178400713326,589.8480510334688,0,1,0.24019275140434937,0.37462633843891197,1
542571,1953,505.3062655865641,1013.9422777341694,0,1,0.2785554888246811,0.4326596551677865,1
543071,1954,935.4973076033428,215.75062101637656,0,0,0.17475378082913595,0.05208269398284871,0
543532,1955,825.5896777072841,1691.762607472782,1,0,0.29575017260698927,0.43500279600623243,2
543561,1956,114.60815985580484,16.61798619461179,0,1,0.3229804373572306,0.1478887815467645,1
543954,1957,463.16254163620596,1170.6421416428616,0,1,0.19515770106314945,0.36257716327728073,1
544094,1958,259.2364920498626,394.0344053562456,0,1,0.2539839333570435,0.3550474249253924,1
544390,1959,627.9420497962032,1046.4060797504674,0,1,0.3163958012244348,0.4371057248663822,1
544531,1960,317.7209076457059,399.2968600247058,0,1,0.3040641086834123,0.36818970797626976,1
545031,1961,769.5537021056773,2047.0480899541458,0,0,0.2862466832149047,0.48617879407918996,0
545323,1962,565.0311909789427,1018.4906164476939,0,1,0.3015205599136039,0.43449201160133627,1
545687,1963,713.2374154623374,1438.8582262668774,0,1,0.3195843020398694,0.4813570967302135,1
546187,1964,886.2578073568845,1932.487190383708,0,0,0.3013840142466709,0.4677720929292609,0
546687,1965,812.8938770885126,1841.4790308773881,0,0,0.26837392011627575,0.4329531331774564,0
546827,1966,298.83767093500256,370.16783109557156,0,1,0.2810307485561576,0.34327726304682543,1
547327,1967,861.9852826930759,54.1937888455596,0,0,0.15012856221254414,0.008047728534096295,0
547374,1968,155.87979531438071,43.201531458531605,0,1,0.29383668150771775,0.16454659917199863,1
547475,1969,210.46322405894963,303.5291596865085,0,1,0.2751617527094959,0.3823886657223424,1
547566,1970,237.07793013549968,243.36257760772185,0,1,0.3195769669218264,0.35371907192380014,1
547645,1971,214.64157848621772,203.91300167896287,0,1,0.32871158280037727,0.3528119051896046,1
548120,1972,538.6656987512555,990.9093314819586,1,0,0.16959734390593656,0.24366525603840788,2
548230,1973,235.05979304841222,291.9546143704515,0,1,0.2772289499983371,0.35039059295403396,1
548422,1974,394.3511069683508,709.5908912322502,0,1,0.3121973592488358,0.4532587478153744,1
548922,1975,873.2495210673919,1989.2034763637137,0,0,0.3035583903039185,0.4830271094973861,0
549129,1976,364.733347702355,738.8582479960334,0,1,0.27628000305937234,0.43677503548121555,1
549487,1977,666.502792122,1384.6017592595429,0,1,0.30636938748155795,0.4712163082833871,1
549753,1978,530.8671618987637,1095.3531721912975,0,1,0.3195600665805117,0.49700230087775665,1
550079,1979,545.3972430302383,1041.1754583077604,1,1,0.2722213168954518,0.3914023591119825,0
550423,1980,640.3745112125563,1253.005932315435,1,0,0.3012827544314905,0.4317527267814072,2
550649,1981,438.6474372741618,959.82041010426,0,1,0.31800706115827726,0.511219924372795,1
551149,1982,935.2646375467737,2253.7086950187413,0,0,0.32942747010738055,0.5361579299765427,0
551297,1983,313.5354792895641,450.9341201053661,0,1,0.29091995523735137,0.3854151563431379,1
551546,1984,563.9665363553625,269.3280221826533,1,0,0.27247765732628826,0.15337984380865363,2
551633,1985,237.3771690145811,216.33799515213755,0,1,0.32391828064437195,0.3369269975807509,1
551807,1986,356.01136045856043,648.394307049954,0,1,0.3075193568831114,0.45842094982660303,1
551884,1987,213.5010409128562,200.43197450883181,0,1,0.3268664929068126,0.35137607623463335,1
551915,1988,117.47653106033364,28.3752930903063,0,1,0.3159193693707208,0.17972662155008023,1
552252,1989,520.093513048504,1027.7711350925572,0,1,0.23988378285093442,0.36892573029369985,1
552619,1990,768.4811415643441,1511.8924846799025,0,1,0.33051882539027616,0.4949804690497833,1
552945,1991,613.5446209741372,1332.9018249587016,0,1,0.3138216774476047,0.493665557036347,1
553288,1992,497.1680976973011,1143.7190009479152,0,1,0.2371025423706989,0.39743131448245633,1
553788,1993,742.7096641426292,1876.9408336799054,0,0,0.2652027070976528,0.442417158237667,0
553885,1994,233.16658587877458,273.8293024836265,0,1,0.30823647790673997,0.3691445172671735,1
554385,1995,814.1107990960373,1935.3737414506595,0,0,0.2811927018497904,0.46129891604934287,0
554634,1996,496.3648083054551,992.9791145895728,0,1,0.3196189877978642,0.48712183133521386,1
555012,1997,756.8619630436015,1484.0320072942516,0,1,0.3176401286767675,0.47528909518676055,1
555312,1998,575.0393457297226,1214.789611278869,0,1,0.31684935496028055,0.49279816507788593,1
555453,1999,310.43152167023055,378.64166959304066,0,1,0.28763967962989223,0.3467260544878274,1
555840,2000,962.8215428375698,237.3598536498603,0,1,0.2690584468585406,0.11525201229773022,1
555982,2001,274.0465935195455,486.2994375602459,0,1,0.2814667775095816,0.4250076909882268,1
556021,2002,113.63419674584796,72.29515149555266,0,1,0.2801668568516386,0.27930816412785947,1
556319,2003,486.76733957655057,1106.4532715923342,1,1,0.29245628415682273,0.4538274961948008,0
556819,2004,954.7219349705845,1933.260640228834,0,0,0.31601673788585477,0.4713195379763248,0
557027,2005,430.42295449394976,779.2393748303749,0,1,0.3161146941244169,0.4589496339187245,1
557527,2006,819.5233196203005,2227.0094007886482,0,0,0.3052888866905358,0.5275710462831005,0
557642,2007,246.3965535231453,305.2488748154016,0,1,0.2771686860712485,0.34211664809723996,1
557822,2008,350.24182543134896,587.0438676897937,0,1,0.27991881135914987,0.40199956621134275,1
557863,2009,146.09181564881578,42.7136451289327,0,1,0.3245530087881165,0.20175750047200064,1
557966,2010,237.9039328605682,272.20808805458125,0,1,0.2944113603740679,0.34772888545173497,1
558010,2011,132.51865610086506,70.5971775856751,0,1,0.279538402252008,0.23061646609524858,1
558050,2012,145.3808162732898,34.231025465610095,0,1,0.3222098914927186,0.17599697978315978,1
558359,2013,608.1141722752449,1222.1176127769138,0,1,0.3158422730995778,0.4801690037621795,1
558504,2014,306.5047718100624,506.81475634378177,0,1,0.30609431522708286,0.43463254721883876,1
558537,2015,139.97023350192495,26.449664849243135,0,1,0.3796258987110546,0.19592424636963363,1
558848,2016,566.55329809907,1195.1791223965981,0,1,0.3004421073025248,0.4662034812600977,1
559275,2017,719.731260389951,1739.0194559130637,0,1,0.2904925957027287,0.4859491724378035,1
559494,2018,449.5507603277999,771.1879145969266,0,1,0.30670121681622897,0.4368700905419555,1
559601,2019,230.32830704804087,328.1190898927125,0,1,0.28536704047867617,0.391565812535903,1
560101,2020,973.4857996975409,1976.478534119548,0,0,0.3232946349108168,0.48322634400349507,0
560170,2021,201.5242503737811,123.48427444768173,0,1,0.3109218344632443,0.2691531286118425,1
560604,2022,746.6805007994025,1436.8042071738553,1,0,0.2735797291185028,0.39512171113298655,2
560695,2023,213.9375708721163,230.64680469896683,0,1,0.28095158217087757,0.33072958233467414,1
561195,2024,753.1267082465953,2049.180218392833,0,0,0.28156061402189747,0.4849829163194628,0
561278,2025,204.48820869184632,215.93791808540286,0,1,0.2916179659652884,0.33937230406451685,1
561438,2026,310.6904960311985,509.2473858432814,0,1,0.2785836047805811,0.4015422934501857,1
561498,2027,191.95466026088758,145.23195036874301,0,1,0.3566527231255954,0.334096453408218,1
561588,2028,225.86237047321094,259.3960119087171,0,1,0.32890821085666794,0.3967755387012523,1
562088,2029,604.1503779984563,1623.5064699948512,0,0,0.19985267618654856,0.3727219339080687,0
562309,2030,372.63663280104623,699.631803610114,0,1,0.25549059397106044,0.39232180299686126,1
562809,2031,752.9758882320887,1876.7396103439103,0,0,0.2717452720896086,0.45020200818766803,0
562878,2032,201.07413863814307,174.11760206767747,0,1,0.33200396645894625,0.34179966986899213,1
563378,2033,804.9287421240739,1633.1551541370807,0,0,0.2622024671699452,0.393740090457354,0
563434,2034,165.84515664104492,45.72949399889367,0,1,0.26455800603284235,0.14688554296874815,1
563872,2035,673.4278145630043,1605.037104573691,0,1,0.2629870450613541,0.4456678717056213,1
564372,2036,830.5594423565655,1850.957693618859,0,0,0.28509979549488795,0.44563788733709564,0
564758,2037,661.8090868890248,1333.704738930623,0,1,0.2723455365404087,0.4193694856394266,1
565258,2038,951.3416000761679,2082.667029432118,0,0,0.3249983513347225,0.5018838331369232,0
565758,2039,836.3550968334447,116.12068838730055,0,0,0.1564612112759706,0.027495088001311358,0
565806,2040,138.95404073018426,100.5538646317073,0,1,0.2744528751343523,0.2680008282784459,1
565887,2041,204.98882026098806,193.7201616078886,0,1,0.294488833156031,0.3235515543296831,1
566387,2042,952.1988338826707,1979.0072347970174,0,0,0.3159401504663619,0.4818487634971626,0
566785,2043,957.3339733959489,510.04144866986945,1,0,0.29815764627719493,0.18972181964098594,2
567285,2044,795.8940786978172,2045.0517975430234,0,0,0.29204545071367544,0.49218123522053464,0
567572,2045,504.72745615418415,931.1087432664743,0,1,0.2662561730594873,0.3934563310932809,1
567762,2046,419.00446472599594,611.2767084911668,0,1,0.31149052005194244,0.4108884769289601,1
568262,2047,641.002409196239,1605.5878664847942,0,0,0.22604869019705415,0.38195045959399226,0
568459,2048,368.6916684802247,703.7574417819856,0,1,0.2878821054573563,0.4422856081664192,1
568539,2049,211.25363929331803,201.41354912301523,0,1,0.3201470495690052,0.34999260309549257,1
569039,2050,578.31241998209,1622.3156728096972,0,0,0.2081582454279456,0.3845956713382581,0
569085,2051,125.87252163372204,85.45523818004676,0,1,0.27794554946987754,0.27570956908853067,1
569585,2052,1159.0588989577561,247.31549893910355,0,0,0.2508505423262238,0.0935689823772492,0
569885,2053,313.2356083603002,600.468090754929,1,0,0.13920714294748848,0.20858686247574187,2
570375,2054,807.2870793758851,1629.7215433055505,1,0,0.27188044753733326,0.3998336202918237,2
570422,2055,172.36086891755517,90.08763526393835,0,1,0.3809841665868089,0.29790608145549546,1
570595,2056,359.4829590929594,487.5766263850237,0,1,0.2863930138137692,0.3594123763308128,1
570759,2057,288.49770536998807,468.3287468834306,1,1,0.280196360103247,0.36150718235825224,0
570959,2058,327.43607788430626,538.6915865638413,1,0,0.2382983659973833,0.30250921360362404,2
571056,2059,279.1701810962482,259.7022906596667,0,1,0.3632934284510497,0.3709587803850635,1
571124,2060,192.55463833707202,141.97429922462382,0,1,0.3211583156187902,0.2983518692802695,1
571534,2061,798.1304132348204,1804.1853563374427,0,1,0.3308304966028751,0.5325201722419055,1
572026,2062,674.4769163119137,1412.5135671406877,0,1,0.21568285256616868,0.35123199762448953,1
572526,2063,682.185765815618,2039.647783819159,0,0,0.26457510216818647,0.48068005973590744,0
572625,2064,238.97802265783383,253.11925719917795,0,1,0.30048562958208236,0.3450307284401984,1
572829,2065,319.57050371602304,513.6296762808022,1,0,0.22734964000965108,0.2872139487171649,2
572879,2066,163.36632116020044,99.80648488488706,0,1,0.3354689416901104,0.29547698204684103,1
572920,2067,142.11610929216127,62.18744334464956,0,1,0.319460721548597,0.2362149383958674,1
573420,2068,938.5763493228682,2085.115362723517,0,0,0.31917949555568415,0.4988384014528322,0
573920,2069,1023.508963087198,2042.5470607758552,0,0,0.33454708857922605,0.4936526996383468,0
574073,2070,341.4649113077719,518.9880778291397,0,1,0.31965223438319157,0.4291470660860031,1
574261,2071,427.269810014831,572.1433846152638,0,1,0.31416874379908444,0.3904186912942332,1
574415,2072,306.39300037305117,497.8195195572949,0,1,0.2852771116987632,0.4063496759269313,1
574456,2073,165.20990757707062,45.34497651009597,0,1,0.4002369174633725,0.23702246657889187,1
574956,2074,1005.287061936004,1811.2129796197426,0,0,0.3154684701167742,0.4467491033474789,0
575382,2075,760.9916838391365,1526.5989194808876,1,0,0.2914639025744536,0.4219769875680043,2
575496,2076,213.15751283691742,348.9158048330427,0,1,0.249887147237893,0.37574077375068876,1
575911,2077,697.6992809001722,1302.4635909928684,1,0,0.27029672565544616,0.37584645277459566,2
576020,2078,271.827543318737,358.60881604481324,0,1,0.34170708118738674,0.42926901595816785,1
576520,2079,905.6629104104529,1970.5033401554545,0,0,0.30483765295049187,0.4726866580656836,0
577020,2080,757.3875606459934,2010.2349385153582,0,0,0.2797784576411809,0.4775168273434297,0
577153,2081,273.03064425121534,420.90208221746445,0,1,0.2765678438905562,0.3857000756885183,1
577653,2082,748.9656555008836,1983.0436217628474,0,0,0.2745032553256069,0.4679418507487283,0
578153,2083,899.9188082009363,2091.5878086461307,0,0,0.31672538143213824,0.5058889930641502,0
578246,2084,265.1950696073729,277.8527528675293,0,1,0.35251843115331416,0.3895331920431391,1
578746,2085,816.044651907597,1876.9619005043562,0,0,0.2813697238991039,0.450341800735357,0
578780,2086,127.412314493313,23.93392961169078,0,1,0.3048723198037842,0.1539795807331239,1
578859,2087,209.84621642596613,218.304961765024,0,1,0.3169906343673468,0.3579562826917995,1
578983,2088,323.1081947638928,366.1116120540842,0,1,0.34279429840046016,0.39452446892010423,1
579483,2089,758.3951763689219,2005.2817152602536,0,0,0.27836519632641693,0.47520666003361056,0
579511,2090,109.31053794881095,27.66370288182528,0,1,0.3134774393677741,0.19797297946672657,1
579736,2091,433.5030303460774,896.4426810372116,0,1,0.30865867634531136,0.48425331057378274,1
580236,2092,765.5176399877736,2031.994330120157,0,0,0.28210412393591894,0.4833073073340378,0
580271,2093,95.78530044169182,51.663245290861155,0,1,0.22753969152920397,0.21908616694817826,1
580771,2094,911.9554310523765,2038.7197952881936,0,0,0.3130104195188096,0.4912443316749731,0
581005,2095,489.80213910530716,851.9017986410571,0,1,0.30653822209758785,0.4437479572696122,1
581147,2096,290.41455010444054,441.0629562911788,0,1,0.27827461079423094,0.3842086366033846,1
581193,2097,168.48237024692867,49.370905165882974,0,1,0.34665176319576707,0.19877720083838166,1
581430,2098,538.5977347196277,263.25869463228514,1,0,0.27404786969556105,0.15363759548482955,2
581582,2099,320.70868757707234,493.76947836667176,0,1,0.2978987501246166,0.4089714518239077,1
582082,2100,800.462686963498,1851.832575335512,0,0,0.276761349695078,0.4428935440425199,0
582312,2101,437.4474629593193,826.9034746422567,1,1,0.3123179971836912,0.4408098555121117,0
582355,2102,146.83347533653017,53.63246485013313,0,1,0.3073152409813969,0.20185524068796756,1
582582,2103,473.3737663778261,926.9303938310544,0,1,0.3289730662900832,0.49391116173392324,1
583028,2104,772.0914553317351,1603.6479622162835,1,0,0.28597674595291317,0.4232022971531402,2
583088,2105,156.68553229163737,110.69011537540696,0,1,0.27175211626619167,0.2584047010463891,1
583588,2106,536.1329600232662,1806.502665010051,0,0,0.21289500207848389,0.4278545689672177,0
583893,2107,524.3178269911513,850.777319888776,1,0,0.25773744101628965,0.3285132936010883,2
584393,2108,763.1988391880777,1897.8807106837883,0,0,0.2722486387443807,0.45496820107117486,0
584893,2109,758.6662810271846,1955.535241628037,0,0,0.2774120987413485,0.46581697152585033,0
585093,2110,411.3898493701562,810.8756985993721,0,1,0.32147416021619024,0.4907477438653277,1
585593,2111,888.86361164581,2116.1731135753716,0,0,0.31257916766759714,0.5086683528332463,0
585633,2112,155.83363535724214,60.42793843761202,0,1,0.3711212152747484,0.24755878589703156,1
585709,2113,207.3415870058198,166.7775741185224,0,1,0.31275717255165475,0.30341290982748575,1
585752,2114,159.653189864182,58.09992832734836,0,1,0.3385218188812269,0.21061499882615198,1
585923,2115,337.6526593787252,592.0394860161283,0,1,0.2931905245166793,0.427901872526298,1
586066,2116,300.74956146464615,452.5786665334,0,1,0.29185264472209593,0.3989428173783369,1
586310,2117,513.5145185477503,850.9807135479481,1,1,0.3319137903720392,0.4398994823813492,0
586346,2118,144.3603010210038,34.589014966235254,0,1,0.35650058153648445,0.18826458521894684,1
586846,2119,1012.1067495919502,2007.5572078269327,0,0,0.3329542096347053,0.48836327306197425,0
587136,2120,548.7844542606215,1077.1136368421046,0,1,0.29954480242573883,0.452471893958172,1
587255,2121,320.3642941608369,343.5771200565702,0,1,0.3432664549879816,0.38207790758234783,1
587309,2122,174.56260850247764,101.0242514396617,0,1,0.33619125616628753,0.2783855201745163,1
587809,2123,1028.573066655871,1922.992990206196,0,0,0.3298768403791824,0.47387684687528436,0
587959,2124,298.97366104885214,475.40266014831263,0,1,0.2864554472816326,0.4017729357801959,1
588459,2125,988.5532852411429,2095.509590931758,0,0,0.3327544190473169,0.5025878336967708,0
588536,2126,222.355100620744,200.12300151270196,0,1,0.32361140532644844,0.34117205763843317,1
589036,2127,782.3040915196167,2195.13519049527,0,0,0.2914834392110774,0.5147611630091813,0
589496,2128,838.1582689441897,1869.7553544770612,0,1,0.30449158752727123,0.4887744433712921,1
589885,2129,459.99231041018675,1090.53955625581,1,0,0.20704690165483994,0.3344235912101265,2
589922,2130,90.01984424884654,34.47380076513521,0,1,0.1653711537269563,0.13807258109058915,1
590409,2131,842.8214375520657,1879.3540701430363,0,1,0.2932879959814788,0.4661616736127319,1
590653,2132,463.3429707896629,881.4929875275755,0,1,0.294071082552969,0.4431243145893962,1
591041,2133,726.864039160259,1353.7108518088492,0,1,0.2884121323429048,0.4254361310049528,1
591137,2134,223.30293952968194,240.03287277836196,0,1,0.2802311086965807,0.32632683547089203,1
591388,2135,449.69695293674226,1002.4357127656742,0,1,0.2892507826601361,0.4757020817588423,1
591431,2136,153.401969788396,55.213853786357845,0,1,0.33396946386275506,0.22922244328330024,1
591502,2137,169.7966592140392,179.96370026297768,0,1,0.2736486515491437,0.3315811667174051,1
591791,2138,518.7648122438513,1079.429743837698,0,1,0.29014495286602476,0.4538710340125705,1
592193,2139,498.944302044763,1332.83839113138,0,1,0.21129118812888556,0.3904682748148468,1
592278,2140,231.21211378667766,206.75291305449431,0,1,0.32339502521374136,0.3349176341026939,1
592305,2141,92.1970723099252,16.248660690248776,0,1,0.23256733875334207,0.11487403247532743,1
592444,2142,254.16598233647179,482.58182463794867,0,1,0.268185601050621,0.4276617770060309,1
592493,2143,162.73392238423497,56.717760654163385,0,1,0.3224538823416423,0.2029670519697831,1
592556,2144,249.672341231482,103.70721861335454,0,1,0.45966565093434786,0.3181721807792002,1
592666,2145,248.8255518285257,337.1141085772705,0,1,0.3017621070750192,0.3939068126263901,1
592800,2146,292.6663939436508,340.7381416550153,0,1,0.2955215617139441,0.3595485420521434,1
592866,2147,141.3900640321544,118.42296162014688,0,1,0.2106713007465269,0.2343658899433083,1
592889,2148,83.06987966644162,7.357845946029329,0,1,0.22588314944363388,0.09346022277493878,1
592977,2149,223.38670328526285,127.67436394719186,0,1,0.27207473705507745,0.22565032887156325,1
593447,2150,739.0453369642814,1637.039973246026,0,1,0.2616134847183733,0.42433868926586493,1
593826,2151,728.7009344879286,1422.897726770009,0,1,0.30301002196748655,0.4526777195001375,1
594051,2152,403.0243046127566,715.6292263087915,0,1,0.2684118900450857,0.39314111132657276,1
594551,2153,704.4984212999321,1743.1241831844488,0,0,0.2449252426535813,0.41362659315162953,0
594760,2154,539.6211222264775,21.140099808915746,0,1,0.22789014807522467,0.02993119158760829,1
595260,2155,818.5416587660567,2033.2628347418613,0,0,0.2954157189255112,0.4874291331850108,0
595333,2156,188.52838505883378,99.64875996801972,0,1,0.25549410360648417,0.19986258030105883,1
595393,2157,178.86630971184326,118.79054043871206,0,1,0.31070671235794856,0.2785650086909072,1
595433,2158,125.49461556953769,41.66032118477362,0,1,0.27698630332372093,0.18565500064024987,1
595570,2159,244.54820329760514,506.87029742685814,1,1,0.31345210054031436,0.4594324730176468,0
595606,2160,144.01931823305208,30.367170092836712,0,1,0.3570751417647727,0.19190554097866597,1
596106,2161,787.4025785636968,982.7191322965718,0,0,0.21010548440992607,0.24499907136850252,0
596140,2162,78.41936534687491,53.40703575971657,0,1,0.15746528550394295,0.20074601010337723,1
596377,2163,396.65088740928263,894.9985860674675,1,1,0.3009574093058108,0.4691031884477144,0
596877,2164,890.9742128433592,1231.5808040140096,0,0,0.2535283603570732,0.3119009132330827,0
596917,2165,130.95220324218351,50.06547372097181,0,1,0.30579678114562364,0.22013539846906421,1
597417,2166,604.1134927132774,1041.2905058670135,0,0,0.18279924121852503,0.2520572615378737,0
597917,2167,649.5151572070944,1924.574372955494,0,0,0.250380012798179,0.45988623992375743,0
598035,2168,271.9043992639008,335.6905749990939,0,1,0.3019814299670429,0.36614678222338193,1
598081,2169,127.62968334711188,46.498031430365245,0,1,0.23384366212294153,0.15333435437886198,1
598576,2170,882.4612465819712,1533.0462174799147,1,0,0.2752338751737535,0.3767269399371181,-1
598727,2171,333.53792808882463,515.5473660836462,0,1,0.30703567802578446,0.41891279083478344,1
599040,2172,514.6870015120103,92.30333706044567,0,1,0.13162835937695455,0.02786173921446534,1
599540,2173,1002.3481702030468,1998.8706379706077,0,0,0.3281742808197269,0.48501847783000474,0
599692,2174,290.0859096525832,425.2883192570982,0,1,0.2528346665463297,0.3446408240044668,1
599847,2175,339.9465035255769,544.6922107884318,0,1,0.31879513561452705,0.4402896382086294,1
600201,2176,553.6403770927195,1272.302066225763,0,1,0.25842701764515363,0.432001786200427,1
600285,2177,249.3214565020266,195.89170850346386,0,1,0.3563927451941399,0.33261244436684756,1
600579,2178,727.0666553405657,247.87776333014295,0,1,0.27423121704198666,0.14521860801492392,1
600680,2179,230.82904932842382,345.69160679017733,0,1,0.3077568727150892,0.42410830946056605,1
600824,2180,176.79439468717658,404.93074221722134,1,0,0.20554978599060325,0.31095569802220147,2
601324,2181,620.2084269564118,1746.720761324209,0,0,0.2305094704801788,0.41839024481763665,0
601610,2182,361.9330898074968,1001.4319251236311,1,1,0.24259038394510588,0.42758202041459226,0
601640,2183,140.55821016765168,31.52462854634934,0,1,0.4351650453834817,0.25109879492740217,1
601757,2184,277.00978866480807,325.82067146485423,0,1,0.29989158072199645,0.36328788161962056,1
601792,2185,162.28512704149358,29.189913685083702,0,1,0.44609689208563896,0.22864689717655073,1
601913,2186,275.8570746799161,98.37429000249455,0,1,0.20409780050953433,0.11107642015532695,1
602413,2187,706.6464656839958,1631.7847275294334,0,0,0.24317208171845006,0.39149303766495636,0
602846,2188,712.0782527785984,1435.0053047100487,0,1,0.2621926751410246,0.40713257458461405,1
603346,2189,805.4434915054624,2040.1728223264527,0,0,0.2917289895132738,0.4875031391286017,0
603846,2190,800.6875006228411,1774.4621602633338,0,0,0.27574685748080724,0.4304283908653414,0
603905,2191,183.7755535446617,124.61431988905221,0,1,0.3401924638183666,0.3102321952807443,1
604159,2192,496.0378955297332,868.3216000098716,0,1,0.2986076141283356,0.4266903313168206,1
604194,2193,111.1494017245929,27.661920891820152,0,1,0.2582631944554475,0.14997789575742018,1
604230,2194,111.8593996513277,25.23865930349565,0,1,0.24208385669492655,0.12854262889696055,1
604261,2195,92.52310063578228,40.007485931125,0,1,0.23236624246853102,0.1994152204415118,1
604761,2196,711.5047827408822,1508.7491969738317,0,0,0.23688143972823303,0.36081915663778835,0
605161,2197,743.0932303904699,1628.250308708778,1,1,0.3244508362390199,0.4957183709735544,0
605661,2198,880.3023647933409,1560.2137013497938,0,0,0.26763147306354057,0.37748432900043755,0
605699,2199,118.04054736751988,42.01842446140286,0,1,0.2760898401318667,0.1945804111423966,1
605802,2200,238.06229671322794,253.1041105816904,0,1,0.2995039716278608,0.34931593836600666,1
606302,2201,746.0378424600922,1679.1359396440268,0,0,0.25805562599239357,0.40705627084503915,0
606401,2202,226.8068814800575,252.60058310505528,0,1,0.2860985678194483,0.3393317705055495,1
606456,2203,103.60730545309491,77.30005623580806,1,1,0.27059970869740363,0.20940608944075603,0
606649,2204,508.41371835952674,606.4090629719857,0,1,0.349543765360817,0.4091502068484425,1
606681,2205,129.9226892621722,35.03592483847545,0,1,0.3549080971096292,0.210409076881229,1
606905,2206,361.4498841445268,760.0457369794578,0,1,0.2538531951500963,0.41592010147811315,1
607009,2207,218.23055946538875,276.9929388472362,1,1,0.32360565377506345,0.35483547834119444,0
607509,2208,617.1346397868505,1561.0482222706269,0,0,0.22130911727335645,0.3732475039808298,0
607866,2209,633.9053107359196,484.2566515716379,1,0,0.2125886723014909,0.17228799106472795,-1
607904,2210,143.69059484817916,42.85001857716048,0,1,0.33139563901513425,0.19433346032941287,1
607959,2211,119.29281262038563,141.10052306586084,1,1,0.3158296610060766,0.33009125971578146,0
608385,2212,673.2849419806994,1497.943566380794,0,1,0.26269962209328673,0.42292637700717345,1
608508,2213,263.29950690843265,351.59239949905566,0,1,0.2858858387386683,0.3705858867217899,1
608577,2214,201.7185530208351,185.44621689821037,0,1,0.3447791805134278,0.3616032027652235,1
609077,2215,726.3504024946533,1811.9821624243532,0,0,0.26059244619812516,0.4314914702049422,0
609554,2216,747.0373781076646,1794.128552261596,0,1,0.2688953893409603,0.44664135352878453,1
610054,2217,622.1422812674033,1593.120391699862,0,0,0.22341076751577052,0.3821876875669612,0
610387,2218,549.382336231618,1191.1959036283515,0,1,0.2733509923955435,0.4390619904917401,1
610887,2219,473.9418298642715,1437.8757808550142,0,0,0.17996981477748725,0.340084735045777,0
610924,2220,152.34645948629543,20.36284028554568,0,1,0.36563501547919625,0.160843967558154,1
611011,2221,215.47367665757588,221.58222609285454,0,1,0.3010171680649999,0.33983400610182396,1
611077,2222,228.31530948328293,150.7790909730528,0,1,0.39847037219213655,0.3419330962242289,1
611577,2223,653.6515326376751,1869.778396647157,0,0,0.2445567756270838,0.441190493307467,0
611966,2224,763.9053456980589,1562.1113851798984,0,1,0.31602980354425503,0.48638061440229163,1
612452,2225,943.7662277771277,1958.018636879718,0,1,0.3159776699448859,0.4879338301183769,1
612558,2226,229.00571795573998,282.7343550024001,0,1,0.27803698075657507,0.3455949808986567,1
613058,2227,562.8948807153281,1578.3488809281891,0,0,0.20817282339566592,0.3764388500173675,0
613108,2228,181.13360240682493,87.87133306150515,0,1,0.40184521664594636,0.30866706884059425,1
613232,2229,284.09070109591596,61.17551836895484,0,1,0.20364740391488334,0.08090967846096936,1
613528,2230,503.63255088373546,1024.6480011237848,0,1,0.27024671605697687,0.4201953090910381,1
613577,2231,128.4214092594377,48.4908449125467,1,1,0.33710153382325503,0.18211095660559357,0
613846,2232,497.97934372624803,1084.6636875575755,0,1,0.3071603082763903,0.48986450142666754,1
614346,2233,861.119304397483,2078.6493076907486,0,0,0.3057055162312473,0.49753852406287835,0
614502,2234,309.6121279108078,516.5484057836886,0,1,0.2885982518615605,0.4141767346440366,1
614793,2235,514.5046927812127,979.5659151146416,0,1,0.275950328546429,0.41240661092080044,1
615293,2236,913.3163721540857,1793.291483423173,0,0,0.29654422565312916,0.43806967408315656,0
615369,2237,220.4952592609802,224.1831724731618,0,1,0.355025452445281,0.393106335192046,1
615869,2238,1037.3506330145212,1693.5565782794388,0,0,0.314242330201003,0.42261412515641145,0
616005,2239,251.0344654591369,175.2508275885893,1,0,0.21410297423731844,0.1397459933531453,2
616505,2240,756.4517402900892,563.833039867482,0,0,0.16951078668889477,0.12885377959246477,0
616812,2241,688.6755434647087,1229.076161335422,0,1,0.3448103493199731,0.49384556066812246,1
617312,2242,993.4215166602675,1747.3888859269923,0,0,0.31005950642745456,0.4287839181344126,0
617812,2243,882.4738798163417,1707.6142356952423,0,0,0.2819553639498562,0.4130283942187968,0
617923,2244,240.49147288312986,351.52667484410546,0,1,0.2972784224186747,0.40623835188340873,1
617966,2245,175.5354456552569,52.01409773695745,0,1,0.4092949967756134,0.2494291739898325,1
618466,2246,747.5327231077152,1463.3712936232494,0,0,0.23967598010076963,0.36318998560849364,0
618966,2247,770.3361632228977,1969.197416543521,0,0,0.27770200870928063,0.4678473990961683,0
619319,2248,611.0548948645719,1234.0046709043597,0,1,0.2767136295860938,0.42936048945476313,1
619387,2249,150.2526656638705,138.63816364039687,0,1,0.23741861550443608,0.2747738017030972,1
619887,2250,713.3428395715548,1629.3872701165694,0,0,0.24103195631237717,0.38736967608159495,0
620387,2251,764.5988743979125,1884.490883404611,0,0,0.27319553642198285,0.45271618660876756,0
620619,2252,411.8327802699275,763.2829429197567,0,1,0.26985703230036046,0.4056160214864699,1
620658,2253,112.75547803417169,42.718089629523725,0,1,0.23623125718326157,0.16018350986188054,1
620983,2254,611.5819874889208,1058.6670991759274,1,0,0.2964919648069692,0.38777427120899394,2
621018,2255,145.8053267525108,21.453785454324233,0,1,0.36956403669184407,0.16637689949312,1
621407,2256,588.0301962900774,1420.3330771292128,0,1,0.2573696861894901,0.4399910109489936,1
621527,2257,205.41708952330916,422.2185822202994,1,0,0.29716067121856626,0.42725672455818736,2
622027,2258,1034.9859845892265,1932.231591592921,0,0,0.33320420518736743,0.46989060685113554,0
622527,2259,831.1935197958063,93.51709047060025,0,0,0.13966633039581342,0.0035815485352670524,0
622647,2260,274.37186915275424,274.4387605244746,0,1,0.2917079373527522,0.3263394717924901,1
623147,2261,850.581616017972,1888.0322525524386,0,0,0.2906403449154657,0.45413555889521157,0
623373,2262,519.1476910870624,919.1307698323764,0,1,0.3508345944265345,0.49603421725400754,1
623873,2263,827.3237369108746,1928.991739442215,0,0,0.2915203636266504,0.45780527109776376,0
624373,2264,678.2431345829779,1796.131664460054,0,0,0.25027692982146177,0.43241488504318454,0
624754,2265,676.2343815749553,1549.2968572779864,1,1,0.3157267965981153,0.49368956973120337,0
624987,2266,463.19897649949974,829.7200356383304,0,1,0.30586835321432493,0.443429501200807,1
625113,2267,303.2740124884309,428.30257654169736,0,1,0.32734608714838204,0.4242981118780136,1
625161,2268,162.57227641856832,75.11400081675421,0,1,0.34653652299466375,0.26610357393306544,1
625590,2269,728.4032856141704,1708.6020659769547,0,1,0.2895728558334909,0.47805263406609716,1
626090,2270,700.3229590861855,1842.1298447885363,0,0,0.25504448609144265,0.43576884370273294,0
626590,2271,909.5228155477045,1842.8675497045526,0,0,0.3032425514997536,0.44886516199719484,0
627090,2272,946.5095418041667,1946.4775824092633,0,0,0.30979358687389624,0.46634587447164827,0
627122,2273,116.49680440319284,9.041501241541368,0,1,0.28179969775476443,0.09450504673934046,1
627573,2274,953.7770616979152,1810.1415136274227,0,1,0.3340091021264187,0.48694105430450685,1
627647,2275,163.2579756905361,147.87523157595305,0,1,0.23392668081123477,0.2646776544227289,1
628147,2276,689.9748776779523,192.16953609635922,0,0,0.10314091768816443,0.012545387726843,0
628179,2277,114.05224808299734,26.91804002279764,0,1,0.2985458320263546,0.15901802984362548,1
628504,2278,657.5714792915919,1133.3529364344008,0,1,0.3059941888465632,0.42953740671713453,1
629004,2279,764.3332025787341,1827.0903045675639,0,0,0.2676013942887092,0.437549336282778,0
629031,2280,100.34348960904087,13.842345153065224,0,1,0.2726665779924819,0.11641633728441757,1
629354,2281,819.6765131998626,112.9173723288694,0,1,0.24994011502137028,0.06934075305101654,1
629382,2282,93.63861010501356,24.036257032803253,0,1,0.25200930234534136,0.1610026858850932,1
629436,2283,185.68566652556098,90.34796806859184,0,1,0.3589520069380551,0.2682265121999518,1
629483,2284,165.83495449168112,74.78261938776106,0,1,0.3555972508176225,0.26691495784756075,1
629831,2285,665.5665755058966,1454.920503256287,0,1,0.3177755209498433,0.5057659496281047,1
629888,2286,187.346098139644,133.85835837986644,0,1,0.36521268985200755,0.33759085518759224,1
630320,2287,792.0039790835509,1756.7928283394663,0,1,0.3091260422335648,0.4958110616781838,1
630598,2288,489.99214103483376,921.8467067397869,0,1,0.273921889948215,0.4082389454619459,1
631061,2289,892.0549756755817,1774.9950867367695,0,1,0.3117116822191741,0.4646980683595328,1
631088,2290,106.25398266998843,10.094439632406448,0,1,0.2993506319917124,0.11451631466042878,1
631297,2291,353.7759407020539,570.014112014764,0,1,0.2425155825026748,0.3433280688934007,1
631700,2292,711.0439434306583,1515.2515582322774,0,1,0.2866484475384955,0.45298887397622767,1
631785,2293,226.37087625546593,155.83208799575795,0,1,0.30025614791177124,0.266391416438961,1
632285,2294,714.1990670089309,1299.2451606106695,0,0,0.21608075838618832,0.3197785768299401,0
632671,2295,803.6050333652476,1625.1302888333653,0,1,0.3364758906994603,0.5108234147211891,1
632987,2296,535.6168845291411,1095.0738108663172,0,1,0.27119752351931026,0.423776608004028,1
633084,2297,185.21897774957625,227.88489842598074,1,1,0.2942789303432787,0.31846107793654455,0
633351,2298,645.9504390534006,185.85859158419302,0,1,0.22310021884954334,0.09541363732296615,1
633565,2299,414.2013035581514,727.2309316310808,0,1,0.2927326765775164,0.41894785925642586,1
633598,2300,106.06906658836667,24.879348082804274,0,1,0.2362074095471683,0.12346487430424145,1
634098,2301,950.5733241597828,2197.0845686082002,0,0,0.3274067666608732,0.5213306152087915,0
634188,2302,214.75034267206917,284.40067707458394,0,1,0.31154079340905255,0.407107618657097,1
634688,2303,1025.2747996091334,2034.2595859101443,0,0,0.339424601286362,0.49700190283649437,0
635171,2304,617.5865875053034,1307.620108864554,0,1,0.20030756312732412,0.32576706591115046,1
635340,2305,174.64433725540005,420.56554395138545,1,0,0.17079730270111126,0.2711133613406493,2
635840,2306,1015.2512384085273,17.26679320364137,0,0,0.18679040744423311,0.010979755489401458,0
636098,2307,465.01830980220666,941.5952452804293,0,1,0.2869599719271278,0.4445053149265893,1
636140,2308,152.10571941442834,43.33012227854002,0,1,0.35791940804810457,0.21082260689129637,1
636174,2309,106.73256765182843,42.558843285206784,0,1,0.2649978879854294,0.20218607259838933,1
636603,2310,732.1041127326087,1485.026450348571,0,1,0.27325138951516653,0.4223805122842555,1
636736,2311,241.6356413063359,358.2919862612271,0,1,0.23835018108516354,0.33381044854748443,1
636781,2312,158.18869169677652,51.63125664794172,0,1,0.3451249397438639,0.21116434668675885,1
636960,2313,319.7281645278473,617.9887451413582,0,1,0.27415954842898643,0.4285053826894268,1
637441,2314,899.8976051625515,882.3865744795868,0,1,0.23161413803445952,0.24491448142917116,1
637941,2315,700.4025485677275,1664.9457216595622,0,0,0.23986350067985054,0.4002147097603587,0
637971,2316,86.55220727504428,29.630813079813414,0,1,0.20894680394466641,0.16485382771459625,1
638025,2317,142.25761057748022,97.02919227483916,0,1,0.27349718771719644,0.26968862517859093,1
638156,2318,303.06913862743414,282.1309168555305,0,1,0.2954090722746011,0.3114790981180545,1
638511,2319,320.139103441533,1070.2945238053217,0,1,0.164298510688279,0.3536366644249063,1
638889,2320,652.1698152753067,624.10502648204,1,0,0.21525835289244905,0.20601787523699178,2
639306,2321,592.1788462249309,1225.7055368751664,0,1,0.22159915312400352,0.3543985380210589,1
639806,2322,915.9365822844077,2096.051770617463,0,0,0.31958581289703203,0.5063122907625791,0
639968,2323,168.02713203695916,494.7039406846693,1,0,0.1875478956571199,0.33343015381765995,2
640468,2324,860.076819942699,2011.9100397720015,0,0,0.30395659406546083,0.48128949681653205,0
640495,2325,111.98315149488695,16.385405881606015,0,1,0.3441810283339325,0.16576654009737748,1
640794,2326,506.81470582025975,1031.2929867890937,0,1,0.2664669720878483,0.4176538298336483,1
641294,2327,746.0705578538656,1976.337767224447,0,0,0.27241442317778775,0.47176340479989676,0
641545,2328,345.1311637868629,413.6133881424384,1,0,0.17871243631814052,0.18445793159797877,2
641702,2329,315.0891833871328,547.2953759138871,0,1,0.2928406958419846,0.4323059012231757,1
641792,2330,233.55085775554787,231.08589421718978,0,1,0.31739487600404886,0.3471952678191691,1
641850,2331,181.8051265661854,113.49168010855433,0,1,0.3355883323073267,0.2875651980976012,1
641875,2332,105.48737529128793,8.734076038453374,0,1,0.3144543238156594,0.10941877684273452,1
641903,2333,99.97548635044649,21.029238426244117,0,1,0.273952625128388,0.15683253664223612,1
642403,2334,675.4262454858163,1738.691469904095,0,0,0.24141330779276374,0.413397192522205,0
642611,2335,436.9870651670037,597.96334966815,0,1,0.29503887960577785,0.36964201378864026,1
642982,2336,549.8754419670062,1337.959622099532,1,1,0.2690479242172993,0.436326859871622,0
643012,2337,96.99039431430829,30.10992525421985,0,1,0.2547653383654126,0.18483850722297263,1
643052,2338,131.24430525527154,49.12014163021078,0,1,0.30495927099196274,0.2162486216803859,1
643145,2339,238.88161203348682,272.9321503304475,0,1,0.3225328628182566,0.38426545792222877,1
643645,2340,773.0021234082019,1800.5040238979836,0,0,0.26825018899143277,0.43462016191751673,0
643680,2341,116.73301943370122,26.960225000314583,0,1,0.275904240862751,0.15295238464651878,1
644094,2342,1034.4459572523554,-59.40170116104716,0,1,0.2357848964756311,0.009883177525893991,1
644594,2343,1003.5133578772466,49.62395147896387,0,0,0.1864400078539295,0.01540199194406487,0
644635,2344,121.9505972490853,52.995633956131066,0,1,0.263613610890327,0.20613271547078427,1
644755,2345,248.57732776865413,371.6642804291779,0,1,0.28464769864068745,0.3929263690570299,1
644797,2346,135.052581597421,60.06553567450346,0,1,0.3125101935004115,0.2417693382244755,1
644990,2347,360.10100364561447,630.5591571038251,0,1,0.2777720481302723,0.40459068439978674,1
645102,2348,232.04434478961156,250.7367191532028,0,1,0.25284704839343225,0.29535439990579143,1
645137,2349,127.9154025930788,32.792985203371565,0,1,0.3287834656253705,0.18956402999981997,1
645183,2350,141.85217283832677,88.02879210191912,0,1,0.2974300211682122,0.2704167948205597,1
645683,2351,810.2265199886435,1651.0446014031593,0,0,0.2647145390562235,0.40598668430345336,0
645887,2352,373.3860465427696,711.4975196558552,0,1,0.27847352201597647,0.4233261243931331,1
645977,2353,185.24314633452497,199.15615997350108,0,1,0.23566220170060098,0.28178686285211596,1
646248,2354,347.41446065293553,505.66164649267984,0,1,0.16453910076410885,0.22735963446413807,1
646450,2355,381.66866496350934,710.38751185142,0,1,0.2852650026131509,0.4296845138232617,1
646541,2356,196.92612736800731,259.0191202165923,0,1,0.2695753422172753,0.3522558506134832,1
646802,2357,466.29573209488615,954.7897535106882,0,1,0.28610263380889855,0.44598219882832957,1
647149,2358,601.8800711590737,1287.275790183562,0,1,0.2848776624126449,0.4519695435222389,1
647321,2359,374.94047235602636,578.3235596091823,0,1,0.3127232827192778,0.4198134999544864,1
647544,2360,426.9871674453045,870.596635833226,0,1,0.30847504120927355,0.4740062819190719,1
647576,2361,104.26205482053318,33.44619373254098,0,1,0.26425609981959375,0.19082064581467822,1
647894,2362,334.9053683296266,730.4414648613762,1,0,0.16859177898617583,0.261925875266509,2
648014,2363,275.6499339993526,332.34679648757333,0,1,0.30061720553433047,0.36607992486240776,1
648358,2364,592.7826553372715,1305.6039404930116,0,1,0.28522854466752173,0.4565208574825597,1
648858,2365,810.6545060160394,1719.8624951149823,0,0,0.2730459504452664,0.4177192762848617,0
648903,2366,149.67745287303345,57.0165573664121,0,1,0.3265688822748381,0.2244299827323934,1
649403,2367,729.7023309250453,1832.4198418154624,0,0,0.2597338020618147,0.4411038089705408,0
649789,2368,680.4835759265382,1397.5838226862816,0,1,0.28477510115794513,0.4421835059377793,1
649819,2369,105.70863336283303,31.53060184148423,0,1,0.2824868063261175,0.1833687055838932,1
650217,2370,750.4439696435303,529.7818737208307,0,1,0.21522480380999537,0.18404348936399023,1
650248,2371,107.39613959869703,19.726077246361633,0,1,0.2588561461088219,0.11957349585847546,1
650607,2372,623.0470385369118,721.6148630250146,1,0,0.24065811831167166,0.2584351622205049,2
650655,2373,120.55990946575312,35.78638143580926,0,1,0.18699623479954064,0.12136563830789242,1
651134,2374,905.031087520981,629.5293771471576,0,1,0.21490859632307507,0.180640613337814,1
651435,2375,555.4931227212394,1026.6300135335568,0,1,0.28563572134155146,0.4204659566232056,1
651469,2376,122.63319164347047,32.497638815237494,0,1,0.3140775474309452,0.18685547491526822,1
651969,2377,727.3397219387257,1964.0118048661511,0,0,0.2724130374297265,0.4720067142295003,0
652119,2378,280.211104263835,353.26106403469794,0,1,0.23558506022518946,0.2997339934797203,1
652242,2379,203.3161746545812,351.03638414941224,1,1,0.27009744154014936,0.3646921169087417,0
652277,2380,136.4022938814485,14.294109606205001,0,1,0.32291920272678953,0.1285092385931938,1
652383,2381,256.5451406337413,325.68312494647535,0,1,0.3151688762776685,0.3973637916349614,1
652883,2382,770.2986838262945,1811.4634367246756,0,0,0.26999560967973635,0.4330900534857873,0
653383,2383,728.8544132690887,1605.0813257984346,0,0,0.24293819027473362,0.38181394328477264,0
653517,2384,294.98340304472265,442.70001377655603,0,1,0.30290605452671815,0.40840510857027307,1
653630,2385,243.32062564669562,373.96154697880036,0,1,0.29868327202405565,0.41622015253701694,1
653653,2386,90.32278624268537,11.981057034122363,0,1,0.2681052983307142,0.11005965846701708,1
654153,2387,909.2574580480758,691.7753831596112,0,0,0.22078804481076786,0.187197643377554,0
654653,2388,814.3196681661409,2161.6504144706328,0,0,0.30065243715061296,0.5104355575901044,0
655153,2389,860.7690905708721,1983.5394795270956,0,0,0.2954587157865223,0.47100505640882484,0
655276,2390,285.3317504972034,375.74579495546425,0,1,0.31300804446518865,0.3959363951000134,1
655542,2391,691.9952685651232,301.5201112805252,0,1,0.30004188840944734,0.18551738313570737,1
655800,2392,517.0106549674458,447.2209858571663,1,0,0.25262192855255194,0.21188535628695787,2
656116,2393,628.9152556980756,1310.2584666848065,0,1,0.3267269870635144,0.5040411636194304,1
656616,2394,753.5725353893797,628.4638497580798,0,0,0.16549635029675086,0.14812960924719495,0
657102,2395,751.7198264911383,734.9712465893616,1,0,0.19021842453777843,0.18342764918702195,2
657602,2396,1081.2274201279602,241.78050296246522,0,0,0.22911610210035666,0.07904566670730896,0
658102,2397,986.8735592711622,2047.8098250679752,0,0,0.33269046774446215,0.49622543914862344,0
658232,2398,258.0128589489299,318.33634974648874,0,1,0.2537848246549633,0.319847494883572,1
658619,2399,675.1810190740972,521.4309637382944,0,1,0.20409916572581813,0.182416361860189,1
659119,2400,798.1195182929192,2059.167944896527,0,0,0.2880858211062118,0.485445124846182,0
659619,2401,1005.6226610696699,1940.0641333512942,0,0,0.3255627436088067,0.4716170917565,0
660025,2402,668.5569870466619,531.8016784772495,1,0,0.20041424110986117,0.16243115663545557,2
660307,2403,577.6895602826319,1045.0229479552572,0,1,0.3121050575002009,0.4606333180099153,1
660807,2404,788.0771639259915,2107.182157889074,0,0,0.2917135121819715,0.4959404638953044,0
660993,2405,360.72871223687196,533.194273493079,0,1,0.27526378300897425,0.3720674420832951,1
661224,2406,365.00041809400693,647.3239810436842,0,1,0.2313940107169137,0.3513302705333547,1
661710,2407,865.5601290423295,1981.2698308050733,0,1,0.3044439478370515,0.49173471148024167,1
661766,2408,165.07152761048172,115.3891576117196,0,1,0.31068431969079163,0.2951461501852278,1
662266,2409,795.2423761496557,1646.6356791702258,0,0,0.2645523863534046,0.40420845867196764,0
662294,2410,97.26691991434991,30.888391635027936,0,1,0.2785427384528562,0.1899376818662371,1
662672,2411,680.6994944319571,1479.3665963184067,0,1,0.29647153240583846,0.46761378498244915,1
663114,2412,765.961607044845,622.991190734312,0,1,0.20529596873425324,0.19010873547032256,1
663614,2413,1002.1982406451148,1963.2533500165912,0,0,0.32582775507409123,0.4791364500859005,0
663903,2414,647.5497655932805,1118.5409561801735,0,1,0.33841633437391705,0.4739887807820661,1
664304,2415,654.908509572417,540.9140248994034,0,1,0.18306509184735567,0.17230761321811464,1
664804,2416,818.0213596611578,1900.4836542232804,0,0,0.28282167525085244,0.45059921086878824,0
664838,2417,110.35977695318762,28.697067285836347,0,1,0.2604742254220842,0.15328941340156121,1
664874,2418,122.52144985865884,36.722578772250635,0,1,0.29686352961356405,0.19096455747614924,1
665363,2419,949.1896866941895,2005.8150237458171,0,1,0.3193212325088904,0.4949177185515817,1
665460,2420,127.06285311336521,306.86805491434933,1,0,0.22627260504504126,0.35667369042904207,2
665495,2421,116.22379721004312,39.815482677770746,0,1,0.2840314498078677,0.19268027425547496,1
665787,2422,402.9973714705685,468.7035347079871,1,0,0.168938836658976,0.17483340927956986,2
665860,2423,203.14702442186132,171.20305718934517,0,1,0.31910088988012664,0.3245590887985369,1
665968,2424,255.12722895134544,229.4722364348799,0,1,0.29063718786283277,0.30657967677591413,1
666403,2425,825.9920666431944,1675.6119929162346,0,1,0.3054404956081932,0.46365160083207946,1
666481,2426,211.81892764643226,206.62764413267314,0,1,0.3320884314477804,0.3623544449795543,1
666521,2427,133.10584556118536,53.7243802673664,0,1,0.31554007833275477,0.23210226748133328,1
667021,2428,753.1959588655528,2044.591089775784,0,0,0.27677522520981834,0.48156251909764863,0
667489,2429,790.9140442035031,2053.496477964433,0,1,0.2983864340650574,0.5195487351589578,1
667521,2430,112.3289368421904,25.71658762706745,0,1,0.29634150628434164,0.1696392666939094,1
667554,2431,133.6435952431251,32.71940774030103,0,1,0.35942380142970415,0.20859910045542884,1
668054,2432,833.9548972843495,2037.7326768500236,0,0,0.29710360208283576,0.48654546452812775,0
668465,2433,565.3905722236059,778.0262942343036,0,1,0.17092427305751356,0.22883798000782887,1
668491,2434,91.51948547903132,25.49894769072062,0,1,0.260885766059149,0.17918864546112667,1
668989,2435,792.328099577638,1624.6176563520316,1,0,0.25835060732879134,0.38928627767071894,2
669291,2436,543.7969485186741,716.112441581771,1,1,0.2549946820096618,0.30009801963503613,0
669791,2437,805.1077301536875,2093.792101976929,0,0,0.29283857392343143,0.5018558347181499,0
670259,2438,638.7024970965534,784.4086489522284,1,0,0.16653226671800256,0.1892443244366755,2
670419,2439,330.63210001242527,619.3361778379006,0,1,0.3182849452935446,0.48142262174076017,1
670919,2440,1227.7389465653719,-16.106946929403655,0,0,0.24733157707127773,0.02627342193596395,0
671125,2441,403.5569522074015,758.6714339565393,0,1,0.3011234935708126,0.4516954410200037,1
671531,2442,732.1857835187768,1263.130684829521,0,1,0.27485603997415703,0.3847777153804444,1
671562,2443,109.99354141803948,27.36420081223439,0,1,0.2919850181166222,0.1811931979845453,1
671650,2444,194.11612157015804,199.85422697478944,0,1,0.26340894460023817,0.3054787359124802,1
671690,2445,146.84946148034646,53.05273331301081,0,1,0.34046063694033335,0.2243482529960002,1
671790,2446,228.83963280198628,253.4977612968108,0,1,0.2847596795626201,0.3377549827901418,1
671998,2447,406.45291624967,801.3707473818729,0,1,0.30648587615923634,0.4724724623213704,1
672100,2448,213.3688354384454,267.66674040203725,0,1,0.2700864695364703,0.3476485026768814,1
672600,2449,736.3667926821964,2002.138742894814,0,0,0.27114480024495397,0.4720204609595145,0
673100,2450,793.7118073698326,2034.2946354328758,0,0,0.28648144149189353,0.48380772801331207,0
673600,2451,804.3186693639483,731.1470735022931,0,0,0.19625875502471618,0.18655294504934644,0
674100,2452,747.8315097520235,1742.0491942633926,0,0,0.2585678358097748,0.41876648436800157,0
674331,2453,402.37472843403486,577.2997416432038,0,1,0.24878629038802696,0.33414260889907266,1
674430,2454,221.89880880573182,279.87533511916246,0,1,0.28430189236239123,0.36011323916926397,1
674647,2455,378.19505475276924,727.9084101713032,0,1,0.2730918860905962,0.4202051360122357,1
675147,2456,837.034983790268,2084.2506399387785,0,0,0.2980668096896648,0.4948833219074021,0
675647,2457,832.1583150923684,2033.4088190040802,0,0,0.2951851439554912,0.4843950392566271,0
675770,2458,223.96669477876435,351.06835723692956,0,1,0.23787871424369392,0.34247433148714573,1
676270,2459,1128.983525205745,99.98361064527718,0,0,0.2329444593526344,0.047922514258629645,0
676770,2460,795.5392506065087,2115.9967470409156,0,0,0.2921664633028194,0.5006553797069132,0
676941,2461,385.32577778491117,583.5683700992479,0,1,0.3127036059306689,0.4225651487497848,1
677441,2462,858.8169232558413,1992.6370471322618,0,0,0.2959201737867033,0.4729885427368376,0
677514,2463,228.60364728332752,166.54662590478154,0,1,0.3591528589869013,0.3311770525742385,1
678014,2464,783.464752833,743.4457782758284,0,0,0.19164681481088836,0.18835397552287172,0
678338,2465,537.9499643395219,1147.8626672128137,0,1,0.26894570356570785,0.4304405155048059,1
678838,2466,795.4649723597615,1772.3366128604628,0,0,0.2726291020643995,0.42804436499979176,0
679304,2467,733.5022449483558,626.3210783234496,0,1,0.1848516162324392,0.17298057406532874,1
679674,2468,554.5927239585064,1281.0639633219082,0,1,0.2472539739376389,0.4182522116131696,1
680174,2469,883.5148253596049,809.3404797926296,0,0,0.22228896555955885,0.21307721210605227,0
680596,2470,704.6622753544657,649.0904675066595,0,1,0.2010067179332316,0.20331910315086013,1
680981,2471,653.4244471281861,1471.7315054903731,0,1,0.2840411640167092,0.4652154528451818,1
681481,2472,811.9239885853426,2000.440584813826,0,0,0.2917498272878702,0.47774750843370606,0
681981,2473,836.8100158386195,738.0180181652516,0,0,0.20527453244184865,0.19024406269756483,0
682481,2474,914.5801101032202,2027.7167922158433,0,0,0.3154971674365553,0.4898466399054959,0
682819,2475,632.6611517362043,1112.7223145614437,0,1,0.28145342660466205,0.40913394218810234,1
683319,2476,881.1935838433089,1980.13609273087,0,0,0.30095812339544187,0.4725151980101482,0
683351,2477,102.2353321639529,27.133084493070758,0,1,0.2441026717485805,0.14799364729912431,1
683851,2478,855.3974014333592,1956.5375959267362,0,0,0.2970598059697712,0.46673799741923816,0
683883,2479,122.67149174357111,28.235317949429707,0,1,0.3365780135403536,0.18176167124131062,1
684251,2480,651.3020441012397,604.7768035112251,0,1,0.21115581086408303,0.2189819454525846,1
684287,2481,149.25463290742036,30.604940438770324,0,1,0.37612830086819754,0.18473327228175362,1
684644,2482,576.4240054317706,1367.8438737643232,0,1,0.27413396090307784,0.45955973284099166,1
685144,2483,921.9882411438427,53.539030395325476,0,0,0.17271718542508877,0.014888770445404364,0
685316,2484,358.43669781675925,656.5202695534076,0,1,0.31540198417435616,0.4665664554072806,1
685503,2485,577.8665855629372,64.93031352882822,0,1,0.3229475021047369,0.10251464228941401,1
685992,2486,977.3227556614028,1830.23872531384,0,1,0.3166835737345382,0.4589174310974168,1
686111,2487,286.4504633267085,397.99336865674553,0,1,0.3304936559934125,0.43080678508132253,1
686289,2488,336.17602534464817,534.9872106174332,0,1,0.2714267704715224,0.37803036298268106,1
686330,2489,121.87332451096904,31.66043081286955,0,1,0.243601083262979,0.13521603635364648,1
686369,2490,118.96153563979881,51.70410843947492,0,1,0.2741062710462439,0.21160270772067863,1
686539,2491,306.4703042170055,497.2897885296669,0,1,0.2545438354105825,0.3629918282402983,1
687039,2492,799.138869093348,1992.9149943028292,0,0,0.2848657184877322,0.47416024982885696,0
687539,2493,883.9276989633439,2067.884097124448,0,0,0.3095801008761338,0.4953013003570489,0
687571,2494,125.2839621752675,16.98256128228781,0,1,0.32448286936386783,0.14866692428157727,1
688071,2495,901.989648304578,2077.3971303435133,0,0,0.31470325554286976,0.49795087697286344,0
688325,2496,476.31760532646217,1052.1098550193,0,1,0.30864280018100115,0.49498916944836535,1
688825,2497,964.0740524740119,185.01635802893318,0,0,0.19070448224450737,0.04513968789138411,0
688860,2498,109.5764680957464,33.970661946392184,0,1,0.24178526660781244,0.15087876857306307,1
688875,2499,9.993577349648858,2.1588907329846485,1,1,0.06190843992380451,0.020822159142103044,0
689375,2500,724.056700763125,1955.6877827916342,0,0,0.26876929231381086,0.4641572656827277,0
689875,2501,987.055693845447,1855.997084882148,0,0,0.32062891851815456,0.459435239836372,0
689902,2502,93.64615869064023,27.235557476189495,0,1,0.2647385259270713,0.17960011863544562,1
689959,2503,177.63008807074198,109.9650003965018,0,1,0.3294287901828589,0.28575829960260113,1
690034,2504,182.98859560227694,184.56582008119014,0,1,0.2914552606869231,0.3293978818171218,1
690534,2505,739.5568761526719,1731.3392485968168,0,0,0.256392206177278,0.4228224284561417,0
691034,2506,893.7712312274564,816.1360260614092,0,0,0.22467591172041537,0.21592090101784797,0
691534,2507,780.6802809660799,2014.7526795276872,0,0,0.28356530873982144,0.478278102898433,0
691755,2508,432.7517031573166,714.9479631654616,0,1,0.2819856155431869,0.4002335264079648,1
692255,2509,761.4907688541409,1923.9695957591591,0,0,0.27209286204452526,0.4576220899008065,0
692755,2510,830.0231433110231,1767.219076815182,0,0,0.27628857706710147,0.4306804646352809,0
692900,2511,236.407239936368,397.4623237523462,0,1,0.22732907412710096,0.3408011898186703,1
693400,2512,822.0916237003983,2029.0228222443222,0,0,0.2889449075891412,0.4818554131122824,0
693900,2513,884.5699312492136,2045.7161448345396,0,0,0.30723554880534953,0.4912656551648524,0
693942,2514,107.81836663927486,48.85248001387331,0,1,0.20406794496513447,0.1716876581905873,1
694442,2515,873.1287983575211,25.24729854188081,0,0,0.15684961037772865,0.004595248610451812,0
694823,2516,650.5572922954188,1504.7747456850452,0,1,0.2872041550509367,0.4763314607486234,1
695033,2517,321.7337835205431,547.1212799640645,1,1,0.2406094578172511,0.32437217111474487,0
695441,2518,729.9936702880055,1647.7968700473812,0,1,0.29991126086685643,0.4855292448833084,1
695470,2519,105.00656901444442,20.553231859904983,0,1,0.2672307754208271,0.13707477066689197,1
695970,2520,779.1587632369743,1908.8338173262232,0,0,0.27508937964184604,0.45389260999889774,0
696409,2521,792.2772586115681,1749.2028998100454,0,1,0.29922517770227014,0.47481233567010345,1
696501,2522,233.80291702617382,275.6373588675698,0,1,0.31549297070854626,0.3788383425476225,1
696546,2523,151.85201992890387,74.3217843491366,0,1,0.324725571154178,0.25217930416083206,1
696577,2524,102.86732379118362,27.759993013578757,0,1,0.2564430285390328,0.16220396705161613,1
697024,2525,846.0847610435042,1854.1625811773392,0,1,0.31860767793642497,0.5050414717913861,1
697524,2526,841.179235767002,2107.690243746049,0,0,0.3032773495641132,0.5027741303587708,0
697550,2527,104.59582472224764,15.413623290976531,0,1,0.3126154072166868,0.14799587873807207,1
698050,2528,1048.705560114478,1687.8915753926126,0,0,0.31558423260356877,0.4203063186361997,0
698079,2529,110.24491454157229,16.15165969098573,0,1,0.30385688739009586,0.14515323132526278,1
698370,2530,459.1095858012875,870.2962713562101,1,0,0.2357951451543061,0.3406063243340094,2
698511,2531,298.03769985902215,471.5450100139315,0,1,0.28975975557244293,0.4106357706508761,1
698696,2532,402.24786170124264,574.0899806225315,0,1,0.3115133199933215,0.3943482315002464,1
699196,2533,959.9188699269368,2043.3599984184164,0,0,0.3226597777168118,0.4947898206150646,0
699337,2534,355.16508517825855,504.57117155444166,0,1,0.3474817750231752,0.4538079327871708,1
699837,2535,892.6098492216084,1755.6544519897955,0,0,0.2745027960819621,0.4154167478664959,0
700062,2536,401.2195492652485,699.4063412047075,0,1,0.2689639634022127,0.396066874308782,1
700102,2537,144.82731464185943,24.016522590380845,0,1,0.3222278146999225,0.15024432445143265,1
700179,2538,187.85415556245215,204.58921196481882,0,1,0.29252267885993455,0.3492620357537175,1
700510,2539,666.9159091127608,1297.2736852230335,0,1,0.3162791417936561,0.4769946083776484,1
701010,2540,760.2448850185194,2079.3000136618325,0,0,0.28264442379163096,0.4912603880793362,0
701432,2541,844.9788390881336,1704.9139790409163,0,1,0.3235579878248598,0.48815547971180806,1
701932,2542,765.8887446019875,2117.3802740804394,0,0,0.28932068378802905,0.5060858367745542,0
702056,2543,271.8621836682173,312.41032105811735,0,1,0.28197911283742383,0.3286298528148323,1
702108,2544,122.42873429485458,89.6374189357667,0,1,0.22985530024090556,0.25837672181005567,1
702608,2545,857.4745305969938,1925.0234719352884,0,0,0.292581733547623,0.4594664326688629,0
703084,2546,410.58113929606856,700.2543694101125,1,0,0.09510021672324502,0.14425545482946706,2
703236,2547,309.83755588587314,478.24865327925056,0,1,0.29289813496868816,0.40305704427186884,1
703266,2548,117.53322166673536,17.529586040431862,0,1,0.33038345820119924,0.154928291829192,1
703766,2549,679.9041683021615,1003.5266801283552,0,0,0.18046540985453197,0.24061122702062426,0
704043,2550,585.2345251684795,971.4254012327224,0,1,0.31365924033549303,0.4359321460948385,1
704137,2551,220.1723321652709,241.2887263603021,0,1,0.30445592839611096,0.3667880782769076,1
704314,2552,332.9538977506336,572.3248414105024,0,1,0.2768295283423585,0.402103303765348,1
704707,2553,683.4514583409753,1666.110347633109,0,1,0.30326806414016305,0.5116188744215457,1
705207,2554,807.9418237012943,994.7992291907742,0,0,0.23163288067815072,0.2605306244626422,0
705329,2555,241.29816418337754,362.34299542447485,0,1,0.2718041700573095,0.3767090306479903,1
705769,2556,776.0300560434234,1465.540844037038,0,1,0.2805421363207264,0.4150488664202717,1
706269,2557,858.0962232264914,878.2997723864504,0,0,0.217569713756496,0.22622043704710354,0
706720,2558,832.8747191263018,1878.1553388971663,0,1,0.30843277407575104,0.48992164129126825,1
707006,2559,624.5968101975328,1243.6425983972485,0,1,0.3485232949444991,0.5292012863866974,1
707506,2560,782.9097828844974,2231.8906355453546,0,0,0.29777103324674153,0.5249840911558169,0
707609,2561,239.32570695078292,183.38794504184392,0,1,0.2537172019253678,0.2453496137275451,1
707921,2562,540.2219069380078,1142.5952513009688,0,1,0.2780466512828401,0.44302347736203546,1
708015,2563,237.74918776529142,264.21057741033036,0,1,0.3188546607615592,0.373762663896198,1
708050,2564,112.6228096974985,34.344217664072126,0,1,0.2672311756164603,0.17224357137309232,1
708177,2565,266.6793156495169,463.5476504618747,0,1,0.30151499656708275,0.4458113236922509,1
708213,2566,124.08812941335039,25.707677991329376,0,1,0.2911729630543741,0.1460014916682419,1
708713,2567,791.4191357995115,2141.4617200126963,0,0,0.29267636175719014,0.5048369047104068,0
708968,2568,433.60841203077865,1017.6738079427782,0,1,0.281859585056243,0.4779027028976771,1
709162,2569,380.922925312782,686.4806341650252,0,1,0.3004327330627692,0.43865717879974575,1
709204,2570,124.65362835307376,64.5882000196446,0,1,0.2763547792448759,0.23797927238417185,1
709704,2571,713.959850289265,1218.078919665036,0,0,0.21898242224916134,0.30814638411651446,0
709774,2572,178.59655187382032,136.4345300041581,0,1,0.27902241519688126,0.27011928801120066,1
710274,2573,797.9049944007337,2017.5893231688392,0,0,0.2912232161337872,0.48282253213366516,0
710343,2574,170.73196302727706,192.80030345855968,0,1,0.29550776275261503,0.36864427351353524,1
710843,2575,968.0611419749188,2120.7798650111304,0,0,0.3291222569945535,0.5101173308044795,0
710880,2576,112.1632694019013,32.916229950446066,0,1,0.24081376546557332,0.15973273529947216,1
711020,2577,248.2430960671628,426.3159795232628,0,1,0.2513211214156615,0.38235707811514036,1
711277,2578,477.85338833348953,1048.6947320302088,0,1,0.30941738634666194,0.5011783968812771,1
711484,2579,355.0839661887274,754.9970956677082,0,1,0.2680632219892741,0.4418289873022625,1
711984,2580,855.7416823370991,898.2376373030793,0,0,0.22274268301710476,0.2353459810290086,0
712233,2581,432.4390550507127,833.5229557009553,0,1,0.26550407449179875,0.4105249362105173,1
712635,2582,703.4857118688163,1373.0291113540898,0,1,0.2769743279036768,0.4170234078906731,1
712866,2583,435.21298365780444,855.8219295114988,1,1,0.317427058544293,0.4538948831303845,0
712900,2584,108.55116996936569,43.09420983474811,0,1,0.2767759908352696,0.2136239705339937,1
713400,2585,771.131343311768,1744.1050811504304,0,0,0.2627495917375911,0.41620444047137395,0
713479,2586,220.35427090639004,220.9667745492515,0,1,0.3318847688559052,0.36613975349684497,1
713569,2587,221.7366944513913,208.81813185235157,0,1,0.2917750628789382,0.3158806108163373,1
713876,2588,548.6581755580708,860.5068754584095,0,1,0.25856486834812964,0.3469932213994842,1
714172,2589,605.9357528102596,1155.4177918715575,0,1,0.3231197780777225,0.47847209344807645,1
714223,2590,124.4621094600765,68.37490372550454,0,1,0.21351336096272525,0.2017181223496793,1
714723,2591,758.7431455564864,2132.924005402018,0,0,0.28686681434471817,0.5102968411497922,0
714904,2592,352.473702850405,494.6169091324104,0,1,0.26450650783120816,0.3451595238900182,1
715404,2593,785.5702645125567,1926.9505409456042,0,0,0.2783640117820939,0.46213411677227273,0
715508,2594,214.75026402528172,137.20650629866407,0,1,0.20489052030691562,0.185213245768114,1
715537,2595,96.57500337326725,30.777233803659747,0,1,0.26534696844524946,0.1906337600948464,1
715781,2596,405.963843363672,872.290523675457,0,1,0.2658607259809291,0.4356583111897756,1
715841,2597,145.3694783227467,97.41937862262782,0,1,0.2470779327290828,0.24932456407605025,1
716341,2598,776.2278137500153,1889.868010660391,0,0,0.277197127559762,0.45416447559431883,0
716841,2599,773.011805885066,2162.081403885679,0,0,0.28979165133867557,0.5088203331734806,0
717341,2600,770.6596321773118,1873.897549775678,0,0,0.26987729383087694,0.44411179193497463,0
717522,2601,173.8990161026569,441.15897254063265,1,0,0.16156070469030648,0.26493505582655985,2
717576,2602,182.24711373325232,108.48277529946893,0,1,0.35687989331881065,0.2970518536027278,1
717642,2603,160.58987910326584,160.1975812696081,0,1,0.2693593970126358,0.3169225269318652,1
718142,2604,1057.6598222775021,2012.2935387070956,0,0,0.34515211472294555,0.4905333978918626,0
718642,2605,1041.0416723802475,922.3717290130196,0,0,0.27567201385826645,0.2563128043232592,0
719142,2606,940.0212572552515,1989.0436017540421,0,0,0.31660281143642505,0.4789255260082283,0
719298,2607,330.72068778070997,409.67736198114073,0,1,0.2776785411342333,0.3380015148482068,1
719798,2608,799.5527337826419,2249.36942725289,0,0,0.3024552946740171,0.532142640705978,0
720027,2609,473.2587271901276,954.2068738940751,0,1,0.3255158967261672,0.5010722634749647,1
720167,2610,303.9756054502308,503.56608151116745,0,1,0.31224190732252366,0.44461515481017155,1
720667,2611,1019.2991143039142,2065.1080159709436,0,0,0.33855388091018424,0.5038092577641389,0
720861,2612,335.5430945325892,681.2457700644147,0,1,0.26520760730449733,0.42222373320696316,1
721220,2613,740.6470839871773,1482.1718886583576,0,1,0.33481503905161314,0.5026251249997425,1
721720,2614,923.2360238422162,1835.2921366706123,0,0,0.301034755505523,0.44582630385164074,0
722034,2615,521.630477628037,1197.9580198042815,0,1,0.27856944545969287,0.46323216795937827,1
722090,2616,133.07136788972159,69.44110949192313,0,1,0.21116572593357238,0.18827638023416518,1
722152,2617,186.5682432537623,136.14002246464696,0,1,0.3432063071561067,0.32600048852864805,1
722232,2618,187.07285158051485,176.49993618936446,0,1,0.2701150148703962,0.30322380574814656,1
722732,2619,818.5035226461888,2104.7719906910916,0,0,0.29897771254155264,0.5034692042431614,0
722894,2620,291.80845659158035,534.7599383204667,0,1,0.2653517137343646,0.4109234461858402,1
723394,2621,963.0255423914818,952.4708174193905,0,0,0.25252501138419264,0.25518203289344626,0
723894,2622,901.406818951286,2172.668317879883,0,0,0.31771132635377886,0.5160816322127182,0
723966,2623,152.75635350388427,102.85868944023805,0,1,0.20431900882556864,0.20395515385006224,1
723977,2624,-0.8586727480263203,42.14155692808617,1,0,0.022029793474974777,0.04387238781953731,2
724477,2625,948.8798468107044,1996.460328087832,0,0,0.3190962787435193,0.4817052246083151,0
724692,2626,382.14609910345604,806.6195384103798,0,1,0.273854702815989,0.4485950763280981,1
724847,2627,380.809880844948,16.034808674117347,0,1,0.2147445618517525,0.030757474522741485,1
725034,2628,368.0088752530537,771.9320580443847,0,1,0.3119819168369,0.5006008151176236,1
725102,2629,207.8380091459896,138.72321597267924,0,1,0.3442958480442763,0.30899457033895156,1
725602,2630,758.2881458235481,2072.3378433144203,0,0,0.28111737195286207,0.4918087560168665,0
725957,2631,773.3290024249923,1560.6442547185761,0,1,0.3544203722915431,0.5348215363654276,1
726399,2632,823.9005597807673,645.6662230062456,0,1,0.21939431248134578,0.1983223774937279,1
726522,2633,279.58118217869674,411.19018370611326,0,1,0.3149272642360416,0.4205959665481108,1
726541,2634,1.9575553273157666,59.06912147250114,1,0,0.018070891121833063,0.09590555126343668,2
727041,2635,749.3346717908055,2059.895912944855,0,0,0.2786047393384019,0.4852927267464826,0
727088,2636,113.88183575105334,61.08455092588275,0,1,0.19852307098448854,0.17578041463808824,1
727560,2637,630.206580412113,1536.375934597801,0,1,0.2267266827325482,0.39113377045938225,1
728060,2638,942.137242694058,2250.8205475223253,0,0,0.33315807230107464,0.5372099514234892,0
728178,2639,245.6052015297623,324.0721858857143,0,1,0.2688320983115719,0.35269262585372074,1
728553,2640,832.0779290363486,80.67837651531858,0,1,0.20659179845555845,0.03852567205843872,1
728588,2641,113.33404350172097,33.63775895752827,0,1,0.2587299250832311,0.1526705416559556,1
728884,2642,554.2995305377235,470.48246598410293,0,1,0.22190688238006126,0.21678297844408964,1
729384,2643,847.804248443886,2235.528189393847,0,0,0.3117386280856539,0.5286093230140447,0
729696,2644,602.062390709759,1141.976154693729,1,1,0.3191986410089564,0.4532729833585852,0
730196,2645,1032.8832562566492,1435.5517959426138,0,0,0.33092059023928233,0.4084967188420636,0
730696,2646,807.2188520162206,2060.930704180442,0,0,0.2906723358590534,0.4875540641540186,0
731196,2647,996.1571955121722,1969.3512118834672,0,0,0.32473613817565256,0.4745801866137942,0
731696,2648,878.2576508024456,2277.0874445201016,0,0,0.3200350907954936,0.5400288384090641,0
731726,2649,113.10735285332669,25.864290455444376,0,1,0.3179752448521125,0.17678691177092873,1
732094,2650,649.3133544067114,1507.7147076513402,0,1,0.3006020690818655,0.49227449488905056,1
732482,2651,576.3068158238668,1348.249120699817,0,1,0.24950181278784778,0.42405857671106945,1
732525,2652,141.60599321801817,41.13413391839521,0,1,0.3013002918882886,0.17646092934803181,1
732876,2653,677.4338520038394,1515.8479035283403,0,1,0.3234091565517538,0.5179335666422178,1
733011,2654,329.8990938828169,458.31551986663123,0,1,0.3376569461081438,0.430658269986494,1
733445,2655,732.1444119160976,1758.954555113855,1,1,0.3004442168307382,0.4848789950101637,0
733747,2656,514.4406801152649,1072.5364167135208,0,1,0.27327737487191767,0.43103994475234136,1
733915,2657,360.11363420811165,681.4079071807213,0,1,0.3256070638630796,0.4940073110491423,1
734415,2658,759.9482037259513,1976.7936904768387,0,0,0.27959267116446535,0.4766544555045374,0
734757,2659,596.3533165495996,1361.866017499757,0,1,0.290584387604746,0.4784191658063463,1
734947,2660,427.05756737030583,701.9724524691629,1,1,0.35986695831429366,0.47016418651515973,0
735147,2661,375.69162335614595,647.1283695976092,0,1,0.27734726266767834,0.40536829528961943,1
735235,2662,225.11493922933693,225.23787900057835,0,1,0.3131228125718288,0.3467460344831152,1
735424,2663,391.160847617362,756.5611992780483,0,1,0.3174833482334079,0.4862484478297185,1
735924,2664,758.9373058154439,1907.624451414572,0,0,0.2689706040522315,0.4519264510645565,0
735997,2665,186.28057414197687,192.37941290772855,0,1,0.28431621398918194,0.3328693944605811,1
736497,2666,749.2394358912793,1968.0779616054251,0,0,0.2734061419611757,0.46787521954648187,0
736731,2667,446.70444829641883,937.7664013378636,0,1,0.30733355676667523,0.48099148963748695,1
736807,2668,200.09966310417838,151.4953472252915,0,1,0.288892391701239,0.28281399581106775,1
737307,2669,967.8063484682086,2145.3101373125205,0,0,0.3305843548068076,0.5136913927014216,0
737344,2670,105.06240841143824,39.09541196971369,0,1,0.20889635147746455,0.14475100908923763,1
737844,2671,1024.7463925570385,30.584907653195778,0,0,0.19119563388800326,0.007227347270163792,0
737899,2672,178.46438973284205,127.28601383667662,0,1,0.3475849308138375,0.33007072211082045,1
737958,2673,161.61528239451906,97.00347561349614,0,1,0.2658958120175159,0.2325158210325953,1
738204,2674,508.9824449399562,1017.0022228399272,0,1,0.3313648649824166,0.502175838393639,1
738242,2675,121.94254142179568,45.048460639389624,0,1,0.27609183845947266,0.1841536680756824,1
738742,2676,930.8838895446955,838.5809824588384,0,0,0.23509247799374797,0.21485942600598407,0
739242,2677,778.0674344096421,2075.5850708179423,0,0,0.2864045616218919,0.48660079885956586,0
739381,2678,262.59198601691253,463.3874234194048,0,1,0.26883754732824383,0.41168169646215946,1
739881,2679,945.9769680708642,2235.044988205903,0,0,0.33041700053360484,0.5305783929653252,0
740381,2680,804.9369985003322,1970.5652365045655,0,0,0.2868208137768075,0.4687823828043913,0
740881,2681,955.3810557587764,2050.3314805379196,0,0,0.3237239151143812,0.4968006304972982,0
740940,2682,180.0119023708143,106.18483905497945,0,1,0.31954405110304507,0.2723163196598495,1
740969,2683,102.02515138336909,18.158109915630195,0,1,0.2573272877046837,0.11954472717456192,1
741469,2684,797.8278887969822,1912.8852060018983,0,0,0.28358894485882497,0.4618666537758538,0
741505,2685,130.90158420198838,14.217973428234828,0,1,0.29195909034685114,0.11129703486749189,1
742005,2686,889.5671704389765,2120.288633330439,0,0,0.3130070727188355,0.5010291043825069,0
742505,2687,1253.005555896425,-69.58029979463842,0,0,0.24705449516330463,0.012624147976373701,0
742751,2688,526.760292721557,952.0541550297891,0,1,0.32611790188476325,0.47580234109968333,1
743251,2689,1007.3145573124062,2152.4674590237696,0,0,0.3378996795065303,0.5146828430853205,0
743751,2690,972.2627092848919,12.556238998348233,0,0,0.17413654224403335,0.0071962799425250865,0
744085,2691,590.407475081345,1264.3006789739864,0,1,0.29132959020064414,0.4579308889802432,1
744263,2692,484.62882344064514,93.37928952302346,0,1,0.27988441478546294,0.10634233682972408,1
744680,2693,831.9664148418804,1589.91699318707,0,1,0.3101288817129485,0.461428094419119,1
745180,2694,877.1143794287813,2140.8412447896294,0,0,0.3152655474789304,0.5122591240141315,0
745252,2695,169.49152835876168,131.7202241117276,0,1,0.24242962236061416,0.2418452585861356,1
745524,2696,445.7497018181452,927.8745119142199,0,1,0.26008312809039574,0.42010979117102165,1
746024,2697,793.5989166901273,2099.0757523428565,0,0,0.2891359949134742,0.49412447110971786,0
746062,2698,95.68595510311296,46.88498442292343,0,1,0.18555797168878216,0.17803294493328048,1
746254,2699,397.7468806484702,727.8908852832841,0,1,0.3119158360409513,0.46290874960736034,1
746363,2700,237.24551889103944,391.98170820484773,0,1,0.2999553282810438,0.44405227398639063,1
746391,2701,106.602909965326,17.853730726814454,0,1,0.29690842800352807,0.14913665334080564,1
746587,2702,363.61645956600574,709.3172369545966,0,1,0.28484860045220817,0.4419945578636273,1
