step,episode,reward_r1,reward_r2,falls_r1,falls_r2,hits_r1,hits_r2,winner
449,0,642.7854512767658,667.0492990548568,1,0,0.0,0.0,2
896,1,644.3473697373879,661.9653830541488,1,0,0.0009949044900892804,0.0006707458353668643,2
1312,2,593.824328729601,619.0276728261449,1,0,7.112377313604942e-05,5.8651481843508125e-05,2
1752,3,628.6549902309413,659.844783376413,1,0,0.000622364467984788,0.0008197434979828912,2
2186,4,660.7252424651784,622.8858090286126,0,1,0.0007192741844101386,0.0008162744738775434,1
2566,5,572.5208904243576,541.3096737400206,0,1,0.0007574177590257617,4.697164246298582e-05,1
2967,6,569.1819430537917,603.1215988663727,1,0,0.0011384097564085755,0.0,2
3393,7,609.9480320161366,634.1577072938833,1,0,0.0006429434657693832,0.0008400213997401329,2
3849,8,682.6158236004838,653.0195399755219,0,1,0.0006014995092321906,0.000690224293212406,1
4294,9,665.3465936136632,639.9173995990822,0,1,0.0007102351992015312,0.00042988423468897204,1
4732,10,627.8195841213628,656.6418605606947,1,0,0.0005798323072190769,0.0011753988853615695,2
5166,11,619.6322035977814,646.4503858639551,1,0,0.0,2.6890740185120852e-05,2
5506,12,513.8888198815195,479.7583994221093,0,1,0.0005139525440156133,0.000300768077979514,1
5957,13,641.3304169249801,681.1482903897432,1,0,0.0006917895161833693,0.002513396574462521,2
6378,14,598.7606098860433,631.6746651662463,1,0,0.00046778265627333497,6.680508616593042e-06,2
6800,15,596.3230416274346,638.718817515658,1,0,0.000550550999964252,0.0011004194223049328,2
7225,16,604.02596490695,638.0006279743689,1,0,8.249109049650883e-05,0.00022228392336184102,2
7651,17,634.0468603698034,614.2944467178482,0,1,0.00045493042536157944,0.00048676159845878003,1
7670,18,48.804513813676294,9.02585202273455,0,1,0.023531261719897407,0.03942638200547027,1
8094,19,638.0726601347272,610.7179266380377,0,1,0.0005725874860409571,0.0009889505752330916,1
8533,20,659.2185691790513,630.4646167375419,0,1,0.0005731681611703876,0.00048295754091753706,1
8976,21,633.6385639757742,662.0859508732419,1,0,0.0,4.024411408152188e-05,2
9412,22,623.5347509236807,646.6932541342823,1,0,0.0,0.0,2
9844,23,621.7716329012029,640.8891842039151,1,0,0.0002747604983707738,0.00042158039137946135,2
10290,24,646.3851787977184,662.4686168224243,1,0,0.000160770637781858,0.0009126765459246659,2
10722,25,654.5289979805509,622.4503049737427,0,1,0.0,0.0,1
11110,26,560.0345451390011,580.4468710254005,1,0,0.0010759557446103165,9.395248501772696e-05,2
11178,27,123.11071953013717,78.77223794720962,0,1,0.012513275404092498,0.010549018699355069,1
11220,28,39.82430561223707,93.23322963848571,1,0,0.005246837656083643,0.027809460919189115,2
11619,29,566.9586865580052,591.7171952380405,1,0,0.00022745307180796657,0.0022494627304009245,2
12007,30,544.688324018581,572.0553565953264,1,0,0.00021582170546769543,0.00040208291843309726,2
12432,31,598.6204172773023,620.3205736053804,1,0,0.0002647159194614165,0.00020601078513023436,2
12872,32,625.136017315749,649.8207875316017,1,0,0.0,0.0,2
13283,33,582.0966042855488,612.631865659809,1,0,0.0004454432244980746,0.000456014626206961,2
13601,34,447.40894697575396,477.3694082625475,1,0,0.0,0.0005954769150191614,2
13886,35,397.9228167003166,434.88176030745404,1,0,0.0015619430732486234,0.0008235794541860554,2
14295,36,583.174349152584,620.6934547295059,1,0,2.053033086736993e-06,0.00036778527862921554,2
14718,37,614.0254259381359,641.4144771053165,1,0,7.835758824453275e-05,6.836576434269663e-05,2
15138,38,615.9465821878775,642.9579518405376,1,0,8.74910838714736e-05,0.00010106280552831324,2
15555,39,607.6801010678791,639.5559712586044,1,0,0.0006348204354991883,1.3458056068454488e-05,2
15995,40,643.3872407652053,678.6692528511469,1,0,0.000352356584154798,0.0008870980673132403,2
16407,41,603.7667548418374,602.8814813076378,1,1,0.00012355694876928734,0.000246390965146794,0
16792,42,600.1721249951928,557.9799328995706,0,1,0.0,0.0,1
16830,43,36.947745802609475,77.48221168574938,1,0,0.01056661413875743,0.005855403756654085,2
17245,44,615.5800142428491,643.3793434210365,1,0,0.0007946836799776527,0.0006593862913682899,2
17660,45,620.0946158996438,636.7964250284109,1,0,0.0010224714370252726,5.609879922543198e-05,2
18096,46,640.1188021987361,660.9186518282612,1,0,0.00027057450180208354,0.0009424025065118832,2
18528,47,640.2544639342506,646.2675340253187,1,0,0.00045962978358554506,0.0002749668900775761,2
18966,48,679.375086089559,617.9230385998775,0,1,0.0007476002143154865,0.0002412324882637915,1
19409,49,684.0853082830134,623.735008381278,0,1,4.32209815750542e-05,0.00032289493143501663,1
19847,50,675.5896450013377,621.6744419222632,0,1,9.836588583942348e-06,0.00043249455901981824,1
20253,51,627.6284370094751,559.7820975864364,0,1,0.001549517027156777,0.000918500367586884,1
20660,52,581.2354150810121,590.3082747916844,1,0,0.0006811085331119044,0.0003554762953284136,2
21031,53,520.8304308542592,567.3690617050585,1,0,0.0009652101935364938,0.0009546452867866601,2
21403,54,527.2371050949049,585.310113875335,1,0,0.0003486726279110589,0.0001614776697552126,2
21836,55,634.0962850386562,678.454924086911,1,0,0.005278868127421307,0.006195622681337515,2
22251,56,646.6143953054288,605.0343035026756,0,1,0.0008564470137736775,0.0005466845008674768,1
22674,57,621.7873905027288,617.1777630562507,1,1,0.0005015385666213442,7.15879088532281e-05,0
23098,58,619.8306354926812,643.2828797264435,1,0,0.0005594184297012591,0.0031738778867680907,2
23472,59,555.8641408055925,575.9579293564226,1,0,0.0007746510240501219,0.0011472277954424526,2
23514,60,81.07840320934825,47.99150165290233,0,1,0.0070873562624524855,0.006801184621722435,1
23929,61,635.6576043180535,601.2586623400096,0,1,0.00022842126356323843,0.0009354244806683103,1
24396,62,717.6035324893937,675.4201326470891,0,1,0.00013128256966469718,0.001831833006788854,1
24803,63,630.7257857551723,588.544733579147,0,1,0.00015855111012484516,0.0014278735590342025,1
25222,64,647.8367062137227,613.6538812244509,0,1,0.00068104481845798,0.0002605336081331347,1
25263,65,84.37910627561182,37.75989587597314,0,1,0.010056829486487869,0.01131703321142918,1
25691,66,655.6354934164367,616.5525594742933,0,1,9.409998898544217e-05,0.0002782501959837804,1
26110,67,640.964197464418,601.6719009024276,0,1,0.00024146320343521009,0.00055474111110656,1
26541,68,661.0857071960932,622.474553213174,0,1,8.831777782692134e-05,0.00033325187910032564,1
26958,69,646.2138118914291,595.2413899414439,0,1,0.0007278800133388675,0.0005202798743854444,1
27375,70,648.0539493495172,601.9276644306093,0,1,2.6952352181166814e-05,4.179906600649847e-05,1
27402,71,19.544102280382877,62.88061695777945,1,0,0.012205243532445972,0.01357096824302783,2
27799,72,586.8435247821453,601.2582723740898,1,0,0.0004461959563655662,0.0005484629474444002,2
28220,73,613.5576502545525,639.6100064324418,1,0,0.0006222104036947271,0.0001788121431485257,2
28640,74,619.7460136359003,637.8330519204151,1,0,0.0004377141273587268,0.0003482050881279352,2
29069,75,650.2632842337109,627.8837249067793,0,1,0.00014689847452579945,5.938487311385235e-05,1
29428,76,521.1875776058112,559.1072772957873,1,0,0.0003115206944310385,8.354167978489818e-05,2
29841,77,638.3388660611828,591.8128603464069,0,1,0.0001846067647399756,0.0009602499286440561,1
30222,78,582.0386992143632,549.073534009629,0,1,0.0013914082914286865,0.011178260452264114,1
30648,79,647.3496725648874,612.3164983394382,0,1,0.00027809699564228284,0.001251718360751691,1
31062,80,610.012961657083,634.468083169456,1,0,0.0,0.0002737138217235231,2
31492,81,656.5244439139891,622.534583063282,0,1,0.0,0.0,1
31907,82,600.7960050590391,626.9880436883388,1,0,0.0,0.00033810566260659703,2
32332,83,621.2969664181264,651.7855874844613,1,0,3.3489998624960005e-05,0.00010100571055566261,2
32752,84,614.4768927755938,646.2902258314095,1,0,0.00033565484151912436,0.00041015584717360573,2
33175,85,627.908646068926,651.6185720282444,1,0,0.00042505300743746297,0.0009259994956810192,2
33614,86,672.8501020442908,646.8842453251615,0,1,0.000419063267875676,7.235910926728434e-05,1
34007,87,612.6314507474735,581.347151190686,0,1,1.123764986075207e-05,0.0004972191281411786,1
34436,88,637.774426792141,659.0934506723717,1,0,0.0,0.0,2
34853,89,640.0076166125219,607.5767478524486,0,1,0.0006070092892218432,0.0009410571947584248,1
34923,90,87.45957237330524,87.06219403347778,1,1,0.0003075404618867169,0.001969413278934473,0
35340,91,622.114103987515,632.6514633310072,1,0,0.0,0.0,2
35407,92,80.34864389147666,120.01209345201576,1,0,0.004837478478051257,0.0048729421236422986,2
35826,93,647.2162608333407,603.412579032975,0,1,1.9482921318846e-05,9.307234339538992e-05,1
35874,94,53.45468551275558,93.77933824838487,1,0,0.02247573619918275,0.01859241476494983,2
36309,95,673.9159813332612,638.4069144373864,0,1,0.00030702491911665375,0.00021233002633373404,1
36737,96,626.9794148890095,654.9168786341446,1,0,0.0001012947556931135,0.0005335648015549543,2
37168,97,667.9645153953704,630.512736635627,0,1,0.00025271769994302743,0.0,1
37586,98,621.8948503262383,635.20220795997,1,0,0.00045714961004629897,8.360203350461388e-06,2
38025,99,652.0689025493394,673.0930900712243,1,0,8.22658689039023e-05,9.19546862988879e-05,2
38468,100,680.8822169802933,649.3134175506266,0,1,0.0001677110461254659,0.0,1
38902,101,665.5167979494498,641.4695717820754,0,1,0.0,0.0,1
39332,102,629.9328246745944,657.5470537477368,1,0,0.00013027658475600208,0.0,2
39750,103,612.8388129726769,638.4394107981941,1,0,0.00035729458973323303,0.0,2
40134,104,549.3321172295861,595.4279669967815,1,0,0.0007301498161669472,0.0019440342126548036,2
40199,105,82.31324575590071,123.34219067401088,1,0,0.018693878686631287,0.026262908124076535,2
40217,106,6.875185033667435,14.866236773928598,1,1,0.011458664248017728,0.009404569351162304,0
40630,107,586.8773324610223,633.9608036774723,1,0,0.0004936635513291445,0.0002971737811393469,2
41088,108,667.3688564225487,676.8605569115534,0,1,0.00013082855144478089,0.0,1
41532,109,650.3797553800999,657.9685874771512,0,1,0.0,3.154533094747212e-05,1
41991,110,674.442913389915,676.4093816752904,0,1,0.0004524678654139929,0.0002628813679811276,1
42457,111,664.2582159420414,713.8195217486987,1,0,0.0003477287665315601,3.927141585470541e-05,2
42920,112,688.8494117596358,690.1019057857409,0,1,0.00022906601243128494,0.00021737515714725076,1
43377,113,683.8040139460533,677.5185459521332,0,1,0.0006122115220639181,0.00019802438144825275,1
43827,114,685.4709364603325,668.3123289357566,0,1,0.0006028118048153066,0.00031692473217167046,1
44276,115,656.3207049473194,695.4940066836833,1,0,0.0,0.0006224303343092439,2
44712,116,669.2837913979004,645.8363660017908,0,1,1.5874300555026712e-06,0.00027870160699490905,1
45147,117,631.6436933932779,675.5792656632059,1,0,0.0003295559569400944,8.989054544929022e-05,2
45500,118,512.8171497273819,547.4655636745998,1,0,0.000225680732038062,5.2938517003006325e-05,2
45878,119,410.62858896170536,756.8958547826005,1,0,0.00014477322473913727,0.1170665814064599,2
46320,120,647.093767639857,681.2534099930322,1,0,0.0001061719430971037,0.00035102451777489286,2
46754,121,667.5047922411318,646.1189573138562,0,1,0.00038391032424555245,0.00045033896968624514,1
47197,122,693.6727529517035,657.3343496215039,0,1,0.0004756652824791102,8.14945376965015e-05,1
47642,123,658.9400752117303,684.1799044908521,1,0,0.0,0.0,2
47721,124,100.77937402550248,98.9489476184074,1,1,0.0008607428641310462,0.0022692039754635043,0
48162,125,653.5573783330566,679.172145170496,1,0,0.0006584428108845864,0.0002939255612180713,2
48564,126,626.8986253333495,593.5748714522313,0,1,0.0,0.0,1
49000,127,678.3548474685,642.5140317588746,0,1,0.00012310198822004136,0.0001777026725123314,1
49413,128,547.0974351085493,724.4604347771325,0,1,0.0005322902286563013,0.06967313739902811,1
49836,129,406.6884884025368,948.1784744407512,0,1,0.00022093139617971892,0.1914360075457369,1
50260,130,309.08831719004485,1095.5934126587445,0,1,0.0002055137323202638,0.26951821946606913,1
50693,131,406.8184263195824,932.0832927035034,1,1,0.00011512424681672723,0.1817147762586345,0
50771,132,-99.36991409708466,451.68680830166016,1,0,6.559694781928438e-05,0.8461538461538461,2
51205,133,253.48362553545084,1190.0038264412494,1,1,4.1736738197998e-05,0.2989839660047888,0
51658,134,-227.31961957120708,2098.6317518520427,1,0,0.0004435569468907743,0.6666539162994849,2
52103,135,291.92675870443986,1200.449268397906,0,1,0.00045483135293628707,0.2924353863210964,1
52543,136,-17.098072137918283,1671.436107794532,1,0,0.0002992868066840537,0.4998968136029781,2
52976,137,229.69084697529962,1238.1918508533574,1,0,0.0001408692922048947,0.3075234937464652,2
53410,138,-417.67008099491716,2292.4376049924144,1,0,2.807720696509333e-05,0.7972189328061265,2
53842,139,-267.95235181427125,2046.6323362387577,1,0,4.241548524021424e-05,0.6882919337626243,2
54283,140,255.7572810249049,1225.8130378596236,1,0,6.272622185330804e-07,0.2951502214687125,2
54729,141,-5.056607208930647,1669.4361585507183,1,0,0.0,0.48823262376230747,2
55122,142,-518.1414535220813,2327.2770404182243,1,0,0.0,0.9240546264253051,2
55577,143,-650.0672312781638,2796.300725421195,1,0,0.0,0.9705389621885464,2
56030,144,-451.62537726292487,2409.4409621993873,1,0,0.000197052527471298,0.8051422741734723,2
56463,145,-644.2240675356891,2657.2387552612304,1,0,0.00014285960132504717,0.9681582965340679,2
56908,146,-435.12091786945166,2370.2997158156045,1,0,0.00014875423429225052,0.8063094064950324,2
57333,147,-368.7036238612527,2185.904192251077,1,0,0.0002646077801433223,0.7696537785499341,2
57757,148,-638.2315548060128,2623.8608419989805,1,0,0.0,0.9787735849056604,2
58200,149,-616.5685063218688,2676.2013383280782,1,0,0.0,0.9495795268319008,2
58648,150,-665.2613002124091,2772.555717766277,1,0,0.0,0.9791157550403893,2
59089,151,-655.398049187646,2729.471161066981,1,0,0.0,0.9790340648706019,2
59500,152,-616.5094871947359,2542.540380289874,1,0,0.00016698471272901373,0.9776540974679823,2
59906,153,-603.0379832396375,2510.17781023966,1,0,0.0005597913372759468,0.976739172574091,2
60309,154,-592.0283598159226,2485.034612425233,1,0,4.459536798031535e-05,0.9734148690258666,2
60794,155,-725.3248560487195,2994.9120993963434,1,0,6.579510137977346e-05,0.9770593930102461,2
61286,156,-727.7765261521052,3007.0028468669993,1,0,0.0,0.9641994890020071,2
61729,157,-658.4362837330093,2733.917754948278,1,0,0.0,0.9753264067694696,2
62099,158,-549.3634707982683,2277.281935425943,1,0,0.0003697141848970244,0.9703257530639822,2
62491,159,-587.0962838312169,2418.536556969243,1,0,0.0006224597920775248,0.9737873966365627,2
62902,160,-617.5279344431791,2535.634085815713,1,0,0.0002332318390508331,0.9741056838595441,2
63339,161,-649.4694988251566,2693.7599714299777,1,0,1.1580590728633362e-05,0.9734639452226973,2
63791,162,-667.3146713382366,2783.8258397574136,1,0,0.0,0.9728489954145211,2
64238,163,-669.1347851488188,2761.27478139039,1,0,0.0,0.976232812102269,2
64655,164,-617.4012999267048,2576.535353467798,1,0,0.0,0.9758013035072334,2
65082,165,-615.2766835801284,2634.696066378217,1,0,1.6716513433656108e-06,0.9742388758782201,2
65509,166,-611.934082454918,2625.7388549866873,1,0,2.4395654446497015e-05,0.9698375901444781,2
65915,167,-584.8380401920431,2494.036673797573,1,0,1.2317379933871037e-05,0.9680090623069476,2
66352,168,-630.2403769778247,2688.0924409733475,1,0,1.8630622354376404e-05,0.970219888026696,2
66811,169,-667.8349113299638,2823.4843262335453,1,0,0.0,0.9708223905266359,2
67255,170,-644.0281763556386,2734.449560265621,1,0,0.0,0.9714799120039178,2
67691,171,-636.9600736493201,2687.8135963927057,1,0,0.0,0.9725638179635003,2
68109,172,-598.4503803234015,2573.9136570100313,1,0,0.0001406753645353197,0.9707758946973204,2
68521,173,-607.0488555428776,2539.1326470554595,1,0,0.0,0.9710546146256344,2
68946,174,-581.8543279372101,2571.1010731232614,1,0,3.7175403447121715e-05,0.9482882017748586,2
69377,175,-615.0030407929571,2659.3581011053166,1,0,8.839402241153967e-07,0.9722654128264737,2
69816,176,-636.5636189056177,2701.8231540066945,1,0,0.0,0.9691737455344507,2
70270,177,-61.280261133609045,1819.2471314320487,1,0,0.0,0.5378423740111304,2
70703,178,88.73595920445335,1491.7340519715783,1,0,0.00010809310084816532,0.4268601114187943,2
71122,179,159.33784296470714,1313.9905663292302,1,0,0.0,0.36537058011377543,2
71528,180,77.99539090944575,1398.6704016590575,1,0,0.0,0.42736234652939575,2
71942,181,159.49876070383763,1285.9622174191506,1,0,0.0,0.35928654773898205,2
72360,182,173.96949076173047,1285.7886045994182,1,0,0.0,0.35295204381111855,2
72768,183,129.3146630524567,1330.3429671244887,1,0,0.0,0.38936052223408907,2
73179,184,80.89207548283255,1426.092751349373,1,0,0.0,0.4312185822058714,2
73596,185,55.79410498105151,1497.809230195285,1,0,0.0,0.4549710024760527,2
74016,186,-248.40565553036708,2011.4541894262097,1,0,1.9342486150831494e-05,0.6935429197668423,2
74400,187,-294.17719421062395,1944.8971462418715,1,0,1.3990606514641199e-05,0.7457624822080492,2
74801,188,-170.16889208337176,1829.5937775140949,0,1,1.4504907487267092e-05,0.6572934192346189,1
74865,189,-24.101931899722725,282.56354162952437,1,0,0.00202439788689097,0.5558786811727666,2
74923,190,-38.623632136817406,245.60961578515128,1,1,0.0,0.6482787497189704,0
74981,191,23.395086113052336,144.05160458198327,1,1,0.0,0.2967036744697155,0
75400,192,-517.9169827689776,2461.4692062983554,1,0,0.0,0.9068226657569057,2
75833,193,-571.4935966297796,2582.7453954665343,1,0,0.0,0.9311684167542122,2
76223,194,-244.5842489459773,1906.9433452913179,0,1,0.0004164785693393885,0.7258680803135266,1
76679,195,-469.61419495059545,2480.3608898670345,1,0,0.0,0.8254149050495687,2
77112,196,-294.5110149040796,2113.817466994478,1,0,0.0,0.709171631312487,2
77505,197,-408.10666294563737,2133.8342120397465,1,0,0.0,0.8202226643487114,2
77910,198,-620.6123934860522,2511.315711746728,1,0,0.00012288230177396462,0.9782579537156778,2
78295,199,-567.2079770858194,2386.1697685152953,1,0,0.0,0.9753466657299292,2
78723,200,-534.9247106071563,2449.923602456195,1,0,0.00013103841474702155,0.8800753113707401,2
79177,201,-664.3514540259885,2806.092684336991,0,1,0.00010817492607487228,0.9853887147586113,1
79638,202,-573.2851270152485,2636.2774548896873,1,0,0.00041117284428896845,0.8827081779936604,2
80062,203,-805.2784355859804,2939.44521591853,0,1,5.316044325876689e-05,1.1353978493104133,1
80520,204,-578.0502863094708,2675.018935232637,1,0,0.0,0.9076720166955586,2
80948,205,-762.1654200222358,2876.8224544570394,0,1,0.0008628395828226573,1.0945623220121752,1
81345,206,-718.2307920224874,2636.3023449507546,1,0,0.0004241194811854124,1.0641104867191584,2
81739,207,-785.7830575167733,2744.162607362442,1,0,0.0007147570512422624,1.1291161374270482,2
82137,208,-458.94315207260274,2248.4714404609085,1,0,6.598895784654917e-05,0.8663407644597583,2
82560,209,-494.69841772628723,2398.523464426506,1,0,0.0004051081102942726,0.8708196397669619,2
82893,210,-491.30960255789427,2043.69238717474,1,0,0.00031827541610642923,0.957264145288171,2
83196,211,-371.4618902411366,1740.8554744364897,1,0,0.0004985543307203891,0.8802016793504374,2
83661,212,-594.1589022629506,2710.245876755595,1,0,0.00018937749791132934,0.9037981039670927,2
84112,213,-443.1533275183744,2433.2069367813688,0,1,0.00020727146865106452,0.8242002256448347,1
84611,214,-607.701993553191,2871.9261040361653,0,1,8.825623827582702e-07,0.9013576425200124,1
85081,215,-585.4539742129996,2711.4099808658807,1,0,4.220261962544765e-05,0.8924007734203764,2
85509,216,-626.6684172498371,2637.0758370731846,1,0,0.0,0.9673933718935117,2
85544,217,21.302387214295166,121.82941110410505,0,1,0.02718388059598377,0.5257982166206832,1
85892,218,-360.6959598345461,1896.1761780100578,1,0,0.0018056342778786803,0.8221458339922818,2
86285,219,-929.0332251290496,3012.6450136564717,1,0,4.1873037947203584e-05,1.2692275864545737,2
86681,220,-714.0410806025955,2666.0492938883085,1,0,0.000563108758123406,1.0826724933403595,2
87064,221,-549.049105163215,2340.136456091524,1,0,0.0,0.957917565340596,2
87452,222,-588.014710363795,2436.4841742054346,1,0,0.0,0.9912699582071923,2
87858,223,-1325.352562241796,3716.3425010474575,1,0,0.0,1.5702335805145458,2
88308,224,-611.1553026413908,2714.534804720632,1,0,0.0005031351333439424,0.9453728112868388,2
88736,225,-1393.0408649869719,3922.976875486842,1,0,0.00013633360853922328,1.5739573579728992,2
89177,226,-885.1553848055737,3129.3644620216696,1,0,0.0,1.1601292863291612,2
89601,227,-852.3839217972916,2997.2717568926737,1,0,0.0,1.154688098985418,2
90022,228,-841.886900617006,2955.1240809248516,1,0,0.0,1.1448234338138097,2
90448,229,-861.9123885299075,2999.293433094685,1,0,0.0,1.149136494378486,2
90874,230,-872.0944024044703,3020.395124217183,1,0,0.0,1.1588869500028078,2
91321,231,-891.3208092314416,3116.879679541091,1,0,0.0,1.1356582175799301,2
91757,232,-861.8947356689428,3049.053600164622,1,0,0.0,1.1393197647113715,2
92182,233,-831.7008264406849,2963.5988159110766,1,0,0.0,1.135363192690101,2
92610,234,-815.5781475799585,2952.22118040584,1,0,0.0,1.1200501397864744,2
93051,235,-798.1369198993054,2975.2539048609287,1,0,0.0003115827602782456,1.090337060418964,2
93478,236,-790.9187003971745,2904.0136491956664,1,0,0.0,1.100520478459795,2
93948,237,-792.6241222678826,3087.151977751777,1,0,0.015232387169492496,1.063742637832066,2
94401,238,-801.0207515183649,3013.2318002525135,1,0,0.0,1.0705648904316476,2
94816,239,-804.6101445064642,2859.978552912965,1,0,0.0,1.1181290023387183,2
95222,240,-774.3983509377294,2783.1135692408425,1,0,0.0,1.1106138289033796,2
95659,241,-1138.4985493692554,3510.114800771356,1,0,0.0,1.34739870092108,2
96113,242,-897.9212806195421,3176.261093110581,1,0,0.0,1.1400810590073454,2
96577,243,-907.0648953367278,3185.678333790394,1,0,0.0002917877656673999,1.1141308256962914,2
97017,244,-781.4116997451625,2904.703933880901,1,0,0.0,1.061096527006449,2
97443,245,-974.022846906963,3170.244063720147,1,0,0.0020339024335787673,1.2300034152469759,2
97857,246,-780.2799786996736,2844.9319611892997,1,0,0.0,1.114736288473961,2
98290,247,-803.5629240502489,2935.914303853174,1,0,0.0,1.0964645076066644,2
98756,248,-950.4755557509588,3284.73546703507,1,0,0.0,1.1508253245276032,2
99205,249,-1097.983323882715,3459.557614397881,1,0,0.0012890212916788,1.2825699785008644,2
99642,250,-859.8978013717309,3020.664080406857,1,0,0.0002658202596440202,1.1231551600258702,2
100099,251,-1161.8601361092424,3610.0740829284728,1,0,0.0010232314655715564,1.3215575141496425,2
100564,252,-1155.8961050726987,3651.1879265758103,1,0,0.0,1.311287475781386,2
101011,253,-1098.965103169531,3492.3467462395743,1,0,0.0,1.3034918303816074,2
101436,254,-1505.9042743061048,4101.373372629856,1,0,0.0,1.6711259476542537,2
101871,255,-1395.4149488831792,3957.702980328025,1,0,0.0,1.5607618361360915,2
102320,256,-996.0552012374674,3332.9931920681697,1,0,0.0,1.2256200322824515,2
102787,257,-1231.8278891793175,3785.672673477968,1,0,0.0,1.362512114438492,2
103244,258,-1243.6749419747598,3782.9238926263356,0,1,0.0,1.408726383769982,1
103659,259,-1558.7925294697816,4120.642994933778,1,0,0.0,1.726672137490314,2
104082,260,-1507.7203534521836,4076.6128920542733,1,0,0.0,1.6683383149308977,2
104506,261,-1380.6030790503773,3879.8509081363186,1,0,0.0,1.5709002500242883,2
104948,262,-1410.3598664874748,3959.143973744401,1,1,0.0,1.5430617384348266,0
105361,263,-1340.1051809282394,3767.8163029337297,1,0,0.0,1.564658257396605,2
105767,264,-1282.2160966652239,3631.4006223065267,1,0,0.0,1.5283164481662108,2
106194,265,-1270.5418291315882,3696.1552247418585,1,0,0.0,1.471422632016806,2
106627,266,-1374.6563758143218,3898.7025706000036,1,0,0.0,1.541087317327837,2
106987,267,-1072.658421441355,3151.999823062713,0,1,0.0,1.505383989218943,1
107427,268,-1356.9152573740441,3907.606440639734,0,1,0.0,1.5279380629336135,1
107861,269,-1338.7079958102938,3873.6051289722204,0,1,0.0,1.5381399906689326,1
108296,270,-1404.8048749335542,3982.919471305464,0,1,0.0,1.584869412208774,1
108727,271,-1359.6489068446256,3872.688862783228,0,1,0.0,1.5504958292540898,1
109158,272,-1414.94913559601,3966.009274756113,0,1,0.0,1.5922457668026848,1
109572,273,-1337.3903207748347,3763.8123725953615,1,0,0.0,1.557806704416979,2
109988,274,-1425.6561194673404,3938.6470926485,0,1,0.0,1.6477019818720344,1
110415,275,-1386.8399166802528,3923.755576328047,0,1,0.0,1.590389117529841,1
110840,276,-1380.688804976811,3873.373338039529,1,0,0.0,1.5626858063750775,2
111258,277,-1364.3440448389003,3820.330456180896,1,0,0.0,1.5679349242986185,2
111652,278,-1419.4503160982736,3850.676494404416,0,1,0.0,1.7087245527330215,1
112049,279,-1444.2455955777693,3914.298281213368,0,1,0.0,1.7244428472444122,1
112465,280,-1351.7785244560496,3811.7657426541837,1,0,0.0,1.5716105534452287,2
112872,281,-1438.1097272965435,3910.9078472192923,0,1,0.0,1.6742743766091746,1
113269,282,-1452.4245316482616,3912.7439498958297,0,1,0.0,1.7238359983296083,1
113699,283,-1422.6854240484697,3983.5809543757473,0,1,0.0,1.6046572141607234,1
113997,284,-1070.824138374721,2933.5839627731766,0,1,0.0,1.7221682401115797,1
114401,285,-1447.7766407014708,3952.0179776841264,0,1,0.0,1.7101820632364888,1
114798,286,-1438.0490142056583,3899.1515944801176,0,1,0.0,1.718638309841984,1
114822,287,38.641271363284694,44.83547429461588,0,1,0.0,0.22002273266323927,1
115217,288,-1500.6004633419514,3974.8654211397547,0,1,0.0,1.7662646350045006,1
115272,289,-0.5954814038916929,224.10352699295203,0,1,0.0003002457402000012,0.6279950335996174,1
115678,290,-1475.08784399844,3960.835645598281,0,1,0.0,1.7025650439063218,1
116073,291,-1405.3324033171175,3823.2527444759203,0,1,0.0,1.6882591229031183,1
116461,292,-1315.0858860990775,3583.9967967890652,0,1,0.0,1.598666912505613,1
116861,293,-1471.7735169657046,3961.3703857932546,0,1,0.0,1.7325831872818998,1
117291,294,-1420.722766302749,3973.534141065969,1,1,0.0,1.597810702700282,0
117414,295,-142.69339263465685,667.9101150237768,1,1,0.00015569419128319518,0.8485847644381076,0
117808,296,-1475.8808392170313,3938.32017228564,0,1,0.0,1.7525876898434807,1
118207,297,-1429.4921455253289,3888.5357082941987,0,1,0.01959258015028016,1.7150426879348737,1
118550,298,-754.2296083384969,3096.4670569919926,0,1,0.33554431012613317,1.7614565021988253,1
118994,299,-1462.4046453933224,4091.55300692776,0,1,0.0014607045845358474,1.5964095845999615,1
119425,300,-1411.1429128513214,3979.68129140469,0,1,0.0,1.5985993914421281,1
119499,301,-96.57082657466022,403.55887302968955,1,1,0.0014615083164302997,0.863800757706032,0
119929,302,-1417.8359466090903,3995.2661326098696,0,1,0.0,1.6101075392493442,1
120364,303,-1327.452970203245,3827.3690409222695,1,0,0.0,1.4998023583698301,2
120781,304,-1283.6277091839686,3681.1387884198884,1,0,0.0,1.504449764370506,2
121197,305,-1252.638192119147,3635.162006725952,1,0,0.0,1.4861941363940214,2
121590,306,-1455.5317418546017,3900.3044462934,0,1,0.0,1.7384005038276709,1
121999,307,-1373.7542930320958,3801.374346272397,1,0,0.0,1.5975791868853007,2
122436,308,-1391.1776531211885,3972.2131366883195,0,1,0.0,1.5698378023106703,1
122828,309,-1217.1465363411803,3516.005142036809,0,1,3.391876285123241e-05,1.5446176922271597,1
123268,310,-1358.161332854857,3937.628681287758,0,1,0.0,1.5421436382878464,1
123708,311,-1322.2037246659868,3853.5998720249586,0,1,0.0,1.5024942510345844,1
124120,312,-1422.462508737936,3890.04295811276,1,0,0.0008872136950457836,1.627373840458616,2
124515,313,-1192.0894025277994,3430.2179276720826,0,1,0.011801653296881265,1.4945775942881698,1
124717,314,-486.12536745195956,1529.1284656921016,1,1,0.0032031484463122834,1.2706921289827768,0
125145,315,-1403.328524758348,3947.008381906833,0,1,0.0,1.5948590132116476,1
125587,316,-1358.6534916448475,3912.7791096422225,0,1,0.0004996885991224134,1.522245841263815,1
125606,317,7.028226803551473,52.86554700237453,1,0,0.0,0.0,2
125635,318,-12.87049376810856,133.4545910121161,1,0,0.045113776387228625,0.5090480429076599,2
125649,319,-0.24779528346101998,46.42507677007514,1,0,0.0,0.0022704672094252735,2
126031,320,-1227.8635915848454,3487.5502658311975,0,1,0.0,1.5773160532213446,1
126066,321,-38.97567595175177,184.13148206101712,1,0,0.0031270226286531345,0.6700101024988753,2
126439,322,-1367.7186218444238,3668.8433164179837,0,1,0.0008102324641915252,1.7195502391896926,1
126454,323,1.1969295940548292,8.79360994279481,1,1,0.0,0.0,0
126502,324,22.031771000767257,106.25064647226307,1,1,0.0290002540860065,0.26295493705013506,0
127002,325,-1515.9091456320546,4456.216917440441,0,0,0.0036931634993322185,1.5288520942757495,0
127071,326,89.7213438099372,124.24204088547782,1,0,0.03869268228389565,0.045889755950131304,2
127385,327,-1151.0523153099969,3106.2214290371708,0,1,0.0006726720053056989,1.7319910170529342,1
127599,328,-661.2892872546514,1897.5358673081676,1,0,0.0013217459570383434,1.501329423403699,2
127667,329,-101.9996426795449,430.9483519835248,1,0,0.009705661452418846,0.935133103884583,2
128083,330,-1414.4775719592947,3888.305256975999,1,0,0.00017271636687444646,1.6080232886318628,2
128504,331,-1261.534981080388,3664.983224576805,1,0,0.0010503746026945195,1.478537146760325,2
128762,332,-851.5916634389248,2348.2511493921133,1,0,0.0010002322666462866,1.5493709517078142,2
129091,333,-1211.0667210316633,3266.2638468177574,0,1,0.0003259139247708976,1.7390926993417823,1
129126,334,72.16480013214985,29.719993649973674,0,1,0.012287820210659033,0.021646592594600167,1
129342,335,-559.8738360899627,1822.2408141978506,0,1,0.07283552682738229,1.484370598657918,1
129431,336,-14.246660831037214,387.3619443381903,0,1,0.008773227786508844,0.644208128975049,1
129931,337,-1643.7802796586434,4623.672529145595,0,0,0.000911139185245686,1.5972185288734027,0
129988,338,36.82312827514494,173.78276771474094,0,1,0.005804797251597698,0.41428290351982,1
130249,339,-918.8133480729895,2521.051078190629,0,1,3.203412497055948e-05,1.6887519349683495,1
130540,340,-828.0827313284101,2497.044143210394,0,1,0.0,1.4694556821639393,1
130557,341,1.6514086835960349,16.009084148781284,1,1,0.011097658103218926,0.05843718183187924,0
130575,342,3.5210610365728527,16.444618980158783,1,1,0.004168895398624519,0.061721707566971755,0
130911,343,-1181.1645057736978,3230.2929686063426,0,1,0.0,1.6776838593399037,1
131297,344,-1303.673030058462,3621.9104076642293,0,1,0.0,1.628808887140572,1
131610,345,-1115.9253985531689,3056.136659922913,0,1,0.0,1.7060793837886417,1
131997,346,-1387.5023773103487,3767.5248066914955,0,1,0.00038926946865184734,1.6997995274322317,1
132019,347,-16.497776669127962,102.92021045159802,1,0,0.0025152903421195765,0.4290590197554641,2
132396,348,-1372.1863208120776,3671.7796167816396,0,1,0.0,1.7017391419863788,1
132755,349,-1320.8158257091118,3544.523965406053,0,1,8.500512824670078e-05,1.7291940024848176,1
133058,350,-1092.0744784107353,2960.356131234095,0,1,0.000490784649181598,1.7076082383901467,1
133369,351,-1078.0567842892094,2965.2336680950143,0,1,9.675146628923801e-05,1.6598692460080586,1
133448,352,-96.12473160684962,474.89710647745125,0,1,0.0,0.9905053798178753,1
133815,353,-1277.4544453912044,3500.0684070899556,0,1,5.175602937175545e-05,1.6616308395082313,1
134091,354,-876.5532288434358,2516.4601789764756,0,1,0.0009099425388399538,1.574569389177898,1
134170,355,-229.99566803922312,630.5196387502148,1,1,0.0007411779192711972,1.3847220003200134,0
134248,356,-180.60645012255463,552.4304218251141,1,1,0.004611289490193696,1.199007339659182,0
134341,357,-269.3224981350744,753.9467539870725,1,1,0.00021207811463657067,1.3982309436333944,0
134580,358,-795.3849892534117,2245.630115503904,0,1,0.00014604179759299482,1.6339186268551824,1
134987,359,-1456.4859250149389,3940.6447116159443,0,1,0.0015587924703446608,1.6907924485507002,1
135230,360,-846.8457124922747,2321.952453790541,0,1,0.0007315704918207714,1.665989393591201,1
135326,361,-156.80882728540183,579.0709392779979,1,1,0.016840260758306726,0.9842535625326541,0
135723,362,-1298.070656145639,3632.54060240932,0,1,0.0006768397326491674,1.5819508567152833,1
136223,363,-1590.6010624658043,4534.790417692006,0,0,0.009030742265235599,1.5655871532695325,0
136556,364,-1270.2684643392179,3379.4661699532053,0,1,0.0,1.7835781213832256,1
136840,365,-987.027096975678,2709.1181748408358,0,1,0.0008240719258393162,1.662862637517965,1
137246,366,-1317.409079206398,3720.584157146141,0,1,0.00039141088094195574,1.5853481853025007,1
137669,367,-1468.5523183152184,4014.117359151015,1,0,0.0025479911245596455,1.638664638314716,2
138080,368,-1424.9418560330816,3933.1117898976204,0,1,0.00039405625512607245,1.6661665628512392,1
138476,369,-1287.1894689608341,3647.0232931720043,0,1,9.359213369546841e-05,1.594680323440153,1
138812,370,-1061.2731863422168,3044.7151937059384,0,1,0.0,1.5660787278418904,1
139131,371,-1125.0143677188053,3100.6562823222316,0,1,0.0024376033835492804,1.6991874108703187,1
139540,372,-1310.496108831101,3738.8679205416997,0,1,0.0005255482362551294,1.580076158480229,1
139904,373,-1235.4541300954256,3451.87211562313,0,1,0.0006944847539398783,1.6499640363371066,1
139947,374,-81.11476832343274,285.2867388052257,1,0,0.002385345370601277,0.9653733177180278,2
140274,375,-1221.2551273684242,3278.9875757664763,0,1,3.956975067300419e-05,1.7595950818864396,1
140689,376,-1416.4711860298266,3916.8516205550004,0,1,0.0015720080634918155,1.6399041294311218,1
141099,377,-1389.0487973440183,3820.4459385870846,0,1,0.0012478889640027142,1.615389138615166,1
141456,378,-1335.7884928516382,3565.0455485538255,0,1,0.0003521868710198695,1.7524770747988205,1
141867,379,-1320.9496954064405,3711.3033758007573,1,0,0.0026223603950749855,1.546447377566977,2
142254,380,-1285.5642662165858,3575.6537013065554,0,1,0.00015364073996036569,1.5992240933010944,1
142667,381,-1314.1504353981618,3707.5924114035424,0,1,0.00038271568039740156,1.547154857901264,1
143035,382,-1242.2784319862942,3431.3085647748608,0,1,0.0015803314558486524,1.6191198242337153,1
143464,383,-1443.8913105819802,3986.8888071908764,0,1,0.0014061450168027583,1.6100991875507908,1
143895,384,-1360.052138642759,3827.866409146422,0,1,0.0005651002132088581,1.5289529972439873,1
144324,385,-1326.9983731779746,3782.936642350236,0,1,0.0006009372180564518,1.5155412474058505,1
144663,386,-1271.6258243364464,3385.6003354438826,0,1,0.001268444715958357,1.7530212675769843,1
145042,387,-1146.3767328783533,3330.3078408015035,1,0,0.004478210156610943,1.4973820539483989,2
145461,388,-1429.755697737661,3937.0089789429658,0,1,0.0004768545926782898,1.6315398561314611,1
145859,389,-1443.326506184435,3910.6570453067384,0,1,0.0013625849446596845,1.719537273236896,1
146235,390,-1271.1309032683046,3532.6067159236254,1,0,0.0012863057806112355,1.6178724019708874,2
146642,391,-1439.129760935108,3936.7504027932505,0,1,0.0007403911252451043,1.6877424025721708,1
147011,392,-1394.8551780030982,3725.395150238069,0,1,0.0012197749791365918,1.7743160521888082,1
147427,393,-1325.1388602979184,3760.8202762166165,0,1,0.0005612034270310185,1.5608844305944827,1
147827,394,-1368.98773573482,3791.7318298482546,0,1,0.0012003996287226132,1.6492546123132363,1
148258,395,-1295.8212804180198,3771.627839549478,0,1,0.0006228309975123892,1.5017241496155447,1
148662,396,-1333.5617795773107,3727.990862934825,0,1,0.0003651187246741133,1.5988432279492433,1
148979,397,-1140.8276124575482,3093.987803360183,0,1,0.0009844588579372157,1.7067987458419012,1
149382,398,-1361.858155424812,3772.2440391920404,0,1,0.0006810974435457082,1.6243181097851764,1
149789,399,-1374.6044972632285,3808.16106203831,0,1,0.0005525699579611085,1.6241894267657544,1
150205,400,-1357.6350229116522,3821.750636171481,0,1,0.00032622636865411547,1.5893536265631727,1
150627,401,-1356.59854537007,3845.639635097298,0,1,0.0,1.5750047022506968,1
151031,402,-1382.5932123291793,3819.8931750770735,0,1,0.0004497435042523917,1.643026503646022,1
151444,403,-1399.7583456035459,3879.966639072115,0,1,0.00029071756718605525,1.6310450177274118,1
151854,404,-1390.3694583124927,3854.3536246863205,0,1,0.0,1.63248032063387,1
152205,405,-1267.7634280754824,3453.8973070165885,0,1,0.0,1.720921108495857,1
152634,406,-1400.211750319952,3965.4562055841043,0,1,0.00046144862779635997,1.600056148356917,1
153029,407,-1375.256050052852,3740.902673869601,1,0,0.0002888217650704387,1.6330560719273763,2
153462,408,-1312.8518640346078,3756.9633203538447,1,1,0.0005141165529608763,1.4866667995827725,0
153867,409,-1342.4865281707132,3780.9796959123973,0,1,0.0010395514577421004,1.6218620017556142,1
154291,410,-1357.9888265446878,3875.1089370047043,0,1,0.0003399308600000431,1.5796392799683319,1
154680,411,-1229.6695944921496,3533.8407169241013,0,1,0.0006397979916062083,1.5692246340869904,1
155010,412,-1195.04214793082,3254.6563637881873,0,1,0.000968362240467534,1.7270174024476908,1
155373,413,-1353.156503417929,3634.5133779051025,0,1,0.0010108036063659095,1.757133138601841,1
155773,414,-1180.73315854444,3493.593098389877,0,1,0.00044166088527571273,1.498172859885354,1
156152,415,-1248.1183790510224,3518.9795772131915,0,1,0.00013336992684013775,1.6094117758397801,1
156197,416,-93.27133797464754,317.5008316398604,1,0,0.01350664896222559,1.0680335035774913,2
156251,417,-120.52668747975392,396.637124930981,1,0,0.004153865954036654,1.1325622570879477,2
156577,418,-1159.6486864409046,3187.675642184028,0,1,0.0014050680838259622,1.7090921073316463,1
156976,419,-1271.8991433122756,3618.716489782722,0,1,0.0,1.566938171769179,1
157097,420,-121.4776199321455,696.6717212569572,0,1,0.00232229299333591,0.9210500206251898,1
157496,421,-1355.3914252055458,3768.3815226002316,0,1,0.00044130836591207815,1.6412677860519074,1
157822,422,-1169.1478929203336,3188.4399018592185,0,1,0.00021752687059619377,1.7099806541108156,1
158235,423,-1468.3841395928275,4010.17954498574,0,1,0.00044905522315210933,1.694435860328377,1
158629,424,-1290.0987509059812,3618.4701952192427,0,1,0.0,1.5894087361481615,1
158984,425,-1135.631403692659,3240.787053089236,0,1,0.0009420102345868191,1.5784839401682715,1
159349,426,-1326.9459570529639,3599.374911388868,0,1,0.00038930910488892427,1.7248908197037403,1
159764,427,-1334.9917405640067,3795.559286660294,0,1,0.00038507178864186407,1.5807004093210568,1
160190,428,-1361.6601867254324,3875.951902087463,0,1,0.0004291013338691744,1.5703036406183508,1
160585,429,-1284.2470625500655,3620.7194508240473,0,1,0.0,1.58519709667188,1
161013,430,-1221.474129942332,3638.3882914527917,0,1,0.0007544307962677668,1.4498308800500153,1
161452,431,-1278.6822824463623,3799.7745796097033,0,1,0.0003030893794129016,1.48093333976962,1
161849,432,-1250.4145971832493,3602.5871847004864,0,1,0.015431527565587699,1.5748815047691211,1
162262,433,-1241.435795138584,3640.394901213484,0,1,0.0010561073016241045,1.5146292210667707,1
162593,434,-1124.7561294581126,3145.0754726613754,0,1,0.013597318956716288,1.660542677308984,1
162969,435,-1211.212552121529,3446.3442565788937,0,1,0.000504172306722181,1.5852171027771629,1
163374,436,-1340.026577361821,3779.444318734675,0,1,0.0007652102007113317,1.6180243425759344,1
163759,437,-1240.2867570565847,3531.668830705875,0,1,0.0010248201508435938,1.587758799654615,1
164096,438,-1226.4126602833892,3344.977013747683,0,1,0.0004512248887958702,1.7390956923721281,1
164519,439,-1265.9083171682732,3709.9608179155293,0,1,0.0006020635527981769,1.5068792392902859,1
164643,440,-167.38975474189516,694.9461412108126,1,1,0.0016062115960888191,0.8924892072158338,0
165080,441,-1300.014967119875,3793.200462595155,1,1,0.006036865597579779,1.4907095442333667,0
165476,442,-1302.5748505027723,3671.904011334928,0,1,0.0002422385738472441,1.6053678051848888,1
165891,443,-1340.340197857799,3787.902815763693,0,1,0.00037853964757100794,1.5765813945543579,1
166326,444,-1276.1395801166527,3759.814412831484,0,1,0.0007806004798504778,1.4807384595297062,1
166732,445,-1294.0716854256652,3684.692902552486,0,1,0.0005939141391793063,1.5661033990673492,1
167149,446,-1382.9513088987883,3890.3945943108974,0,1,0.0009822942237013564,1.6188926675181115,1
167562,447,-1374.914673104291,3853.063206799167,0,1,0.0005777359303410232,1.6171838875748432,1
167987,448,-1279.1304860077826,3723.4498845112,1,0,0.00044048758845381046,1.4906058854626263,2
168025,449,-6.4070745177852935,146.30265047095435,1,0,0.022106963674749413,0.4058241163206281,2
168056,450,-22.441276402923638,148.37089171680313,1,0,0.011342443462269805,0.5670139583795771,2
168337,451,-1030.2283732980459,2740.847245765878,1,0,0.0017221152096849235,1.6857202816098333,2
168370,452,-32.10094666043592,168.09566664634025,1,0,0.025007388773430436,0.6348851659506056,2
168818,453,-1400.5290124770015,4022.8894487935654,1,0,0.0006702693190667975,1.535104903205813,2
169216,454,-1269.5972640567102,3587.4041475135323,1,1,0.0004825296568158683,1.5542772586599833,0
169276,455,-112.58488387210345,410.94645901779484,1,0,0.046631373641489456,1.0694450208462551,2
169303,456,-5.36751734831407,122.13160556330439,1,0,0.06624031872207807,0.5149606751171294,2
169331,457,-23.579365997558103,146.09700088069457,1,0,0.028091243892795548,0.6377661954692947,2
169363,458,-34.70953009807182,175.63682997491074,1,0,0.02250854471036136,0.7152005798994192,2
169397,459,-27.77153140142611,167.58543943884234,1,0,0.025014741790756502,0.6200805677593917,2
169434,460,-74.36174660598152,254.7408140885412,1,0,0.015860360483685148,1.014986906299148,2
169830,461,-1289.71370643254,3634.46742114699,1,0,0.0010536204338203873,1.5739599901044492,2
169869,462,-51.353603024495776,227.42845122412373,1,0,0.01684387210357856,0.7926071671540598,2
170180,463,-1213.7534702099692,3180.667890289875,1,0,0.0006964045388236084,1.7826257967200279,2
170553,464,-1129.3534009080065,3268.3668501550214,0,1,0.010292220093814908,1.5101297757612018,1
170612,465,-123.2752933052115,427.0822348882813,1,0,0.0360771728243652,1.135187937578231,2
170700,466,-179.1017894495421,623.4770537451924,1,0,0.009840328084082289,1.103020040847956,2
170778,467,-68.62113575465835,359.8727833327557,1,1,0.008411835412412607,0.7037016708345748,0
170802,468,-12.142598569501201,111.67212085424231,1,0,0.02771727935569519,0.498803618527538,2
170833,469,-27.515408118488114,158.798537149409,1,0,0.01751218121096921,0.6382002490877573,2
170923,470,-264.63176284015697,734.5682593812537,1,1,0.012167282411611849,1.4129257805727935,0
170952,471,-26.470437161072557,148.81149410017946,1,0,0.021906351691730573,0.6305989275541385,2
170984,472,-40.37163033125111,180.15845158721152,1,0,0.00328439909314755,0.7331344289969206,2
171346,473,-1336.8272201784514,3575.0939570747523,0,1,0.0007748535849025643,1.7287715161249568,1
171381,474,-28.334244668277666,178.7749547511737,1,0,0.00847221376246175,0.6433800340796866,2
171676,475,-1035.736277398765,2840.294863338732,0,1,0.001255104372028807,1.6792339078858285,1
171769,476,-220.24578208769205,726.9275590841607,1,0,0.052158120506399265,1.2801625019817917,2
171799,477,-19.902453610803306,156.82184445859187,1,0,0.13670434414594268,0.7270910228878563,2
172146,478,-1049.1739630780203,3034.690490883825,1,0,0.0008964757185486466,1.4848614477993094,2
172474,479,-1001.7037737227989,2871.9706697672314,1,0,0.001971585901135506,1.4870596201843733,2
172510,480,-99.80336160502294,293.8063056890748,1,0,0.009005569959359623,1.2581040736419773,2
172891,481,-1165.4076291335848,3345.292252826408,1,0,0.0011236414656949202,1.4943045546069358,2
173256,482,-1177.0563425768705,3305.2217502347853,1,0,0.006257983916895778,1.5513336103147874,2
173602,483,-1330.2533662902058,3485.7213478086596,1,0,0.0005789572828019099,1.7529305048842314,2
173918,484,-1214.9807648218175,3189.597033869746,1,0,0.0006559378965450308,1.755539212159992,2
174244,485,-1023.3773838062202,2911.4228978103592,1,0,0.00036458887058205144,1.5208660856773073,2
174612,486,-1325.7329204019063,3545.500506234293,1,0,0.001469311685866168,1.665785510095422,2
174693,487,-213.00743742283916,675.8997099246953,1,0,0.08466876043546302,1.4052672236758639,2
175040,488,-1228.5735287745522,3330.878162726004,1,0,0.011086274468900132,1.6639192152254252,2
175359,489,-1072.834196630848,2960.407033546673,1,0,0.0008445054141948345,1.5919375263319542,2
175763,490,-1234.0113927172226,3528.322242173256,1,0,0.0018027155304526407,1.485325768425318,2
176150,491,-1202.7065210878538,3420.3368609698196,1,0,0.0005146785383303058,1.5056442600225848,2
176507,492,-1284.5656774917472,3446.6623576874285,1,0,7.146662905413636e-05,1.6685049492494208,2
176821,493,-976.8100058363719,2783.0597193978374,1,0,0.0009526118441367197,1.5070688457376893,2
176900,494,-189.4828506108997,595.7831551299951,1,0,0.005350912250474696,1.193650881344252,2
176954,495,-110.23148649619213,336.74900721038756,1,1,0.0011659458703669036,1.0351942764021826,0
177048,496,-288.61950155587994,816.1170510903232,1,0,0.008177780395752919,1.431876999605838,2
177132,497,-218.92803856368258,666.1358001515233,1,0,0.008972933897154844,1.2735036547386542,2
177242,498,-324.60295924539633,960.1402658066447,1,0,0.0687465972125446,1.4845995016831006,2
177324,499,-245.96062918271542,697.99760825642,1,0,0.013221520468191654,1.3973559196348446,2
177418,500,-287.21187017889844,812.6689806861511,1,0,0.0188163133004781,1.4342706338766105,2
177471,501,-71.7658261297267,322.56762120250517,1,0,0.06609118260616256,0.9085101978558798,2
177547,502,-142.57623822272564,516.2543921849121,1,0,0.01560318341715203,1.0439826216388324,2
177647,503,-282.0975523186685,830.2574986024247,1,0,0.01951975455658345,1.3651635920284004,2
177700,504,-105.87361972822734,369.4045239746249,1,0,0.028872928413704695,1.061530100644205,2
177749,505,-83.38281726624358,318.2954676448822,1,0,0.01915511432340698,0.9639981689115659,2
178124,506,-1383.4835717424519,3684.3385228686893,1,0,0.00033673126673097276,1.7034378528285652,2
178196,507,-181.50487413890065,557.83340871131,1,0,0.010084108360613108,1.2316636285230969,2
178535,508,-1048.4021316879,3007.461385774204,1,0,2.648747668122026e-05,1.5098043734619733,2
178910,509,-1335.794191534683,3607.7549385326315,1,0,7.287320578894383e-05,1.6620422887015305,2
179267,510,-1120.4525922930618,3187.765632460285,1,0,0.0001431223993538753,1.52220242369668,2
179307,511,-90.59088753756922,293.0740202588436,1,0,0.005966823617802924,1.1054263612811008,2
179629,512,-1233.1622741105946,3248.2028498593286,1,0,0.0001795164065625591,1.7545939349895392,2
179993,513,-1115.4832591634508,3219.758242911596,1,0,2.3196758407052362e-05,1.505639223758002,2
180333,514,-1190.009702010683,3228.60808509722,1,0,8.672676758179185e-05,1.635585561084665,2
180433,515,-305.45465052369,864.7860476543509,1,0,0.0006945772928092866,1.4231250229596428,2
180802,516,-1271.0916705733332,3489.1615376342015,1,0,0.00018141723603209417,1.6291423581762958,2
181197,517,-1220.4531359079767,3508.1190770314715,1,0,0.0002402760585865895,1.514091287272009,2
181603,518,-1361.6850073406288,3785.596454476266,0,1,0.00028491302498467386,1.6164152516650472,1
181997,519,-1289.6441879290696,3593.8266191527164,1,0,0.0002039383843071221,1.5618670586082197,2
182429,520,-1322.4409227109923,3812.8161310494174,1,0,0.00021280875937987833,1.5007554144239863,2
182774,521,-1160.3611685903413,3222.64373472807,1,0,0.00036607146770112944,1.6044213539548977,2
183134,522,-1292.598938398857,3488.8618812203445,1,0,4.227942587057663e-06,1.6760376401730184,2
183499,523,-1392.0735722733277,3663.632761940731,1,0,0.00025076910167836936,1.7459547771047117,2
183555,524,-105.4697974022026,370.76109666256855,1,0,0.0071124823118284535,0.9965486464387092,2
183857,525,-1164.107890817815,3054.66884595486,1,0,0.0017384409463992165,1.7596636420447909,2
184239,526,-1294.0969767703625,3569.382019939779,1,0,0.00032927246576984254,1.6068190634961814,2
184588,527,-1318.7350310475774,3504.4939881466335,1,0,0.0010696804793996232,1.7473579587871562,2
184993,528,-1226.1567461835364,3555.826176814982,1,0,0.00022335567778469827,1.4938412237532948,2
185358,529,-1311.179466458997,3524.2990097841366,1,0,0.0,1.6687198207198233,2
185691,530,-1268.2975461585756,3321.8501724664643,1,0,0.000435349618125047,1.732486352045497,2
185999,531,-1040.8753440330909,2886.5506788118346,1,0,0.0011248180347507477,1.6100132382141006,2
186323,532,-1099.691793634673,3006.946807583954,1,0,5.679678965362223e-05,1.5907860570177015,2
186677,533,-1105.5772338992344,3088.333983437627,1,0,0.0,1.4809345666368658,2
187051,534,-1186.4526072015617,3314.006068045032,1,0,0.00020969710598725744,1.5093558264903224,2
187422,535,-1255.0958153785778,3431.1980927207073,1,0,0.0019125533869404777,1.588150061216576,2
187747,536,-866.9337180624784,2616.1478009637963,1,0,0.00031062136010058376,1.342335807688484,2
188170,537,-1422.0879315096327,3940.6950563986525,0,1,0.00128346227055659,1.6142398248845016,1
188553,538,-1417.263675885032,3790.6922521497577,0,1,0.000519623565505868,1.7325804396614533,1
188973,539,-1439.4394343979468,3951.2831406969785,0,1,0.00029378268578771316,1.6326101438041816,1
189392,540,-1435.6249123926202,3940.1269235076984,0,1,0.0002681289852767312,1.6309703072479824,1
189742,541,-1324.6858221137604,3502.255953720147,1,0,0.014684167969312802,1.7481637178157732,2
190109,542,-1138.6632461641282,3318.140207648939,1,0,0.04351618532386943,1.5707740936031478,2
190468,543,-1331.84637758599,3554.8027743547573,0,1,0.0006204592593326196,1.7339978506567435,1
190822,544,-1223.5406123031446,3344.772646047526,1,0,0.0,1.6261965859445089,2
191217,545,-1393.0968124105257,3767.1651758840726,1,0,0.00036070508486652045,1.645493932775045,2
191606,546,-1225.456316822751,3460.948485414957,1,0,0.001020297949983543,1.5172746113180493,2
191992,547,-1335.2615828193311,3654.0752111528163,1,0,0.0008442574964151629,1.6310973606978891,2
192377,548,-1239.5522634517179,3526.581616537676,0,1,0.0018060024617429678,1.5842656683303622,1
192775,549,-1404.267459704838,3804.3791253961617,1,0,0.0,1.6499617622685439,2
193156,550,-1393.8473119838857,3753.541773681612,0,1,0.0003146143551037846,1.7224353405126478,1
193563,551,-1402.315315239369,3852.1721420606,1,0,0.00012723430142410117,1.6316203156253635,2
193969,552,-1340.5735026534396,3781.2312035435343,0,1,0.0013704376232047016,1.614815086668859,1
194345,553,-1341.4118191116042,3667.4429068318364,0,1,0.008767622718976322,1.70848788258059,1
194692,554,-1019.216893377772,3045.78014944233,1,0,0.041134005052450275,1.5158848686768303,2
195071,555,-1218.3397985594115,3429.7881578320325,1,0,0.002291353637360808,1.5482554224475442,2
195465,556,-1310.6367706575381,3681.446619960903,0,1,0.0020071081776393595,1.6201872706208156,1
195515,557,13.035676636970479,249.9902391208568,1,0,0.3892987162297563,0.8908817554227602,2
195572,558,-107.68058430495884,401.5397400728879,1,0,0.07279539695642057,1.1153156892719087,2
196004,559,-1261.9962646708072,3720.239497651939,1,0,0.0011301258570090014,1.4612370466648419,2
196049,560,-82.46380470004397,297.1408781118834,1,0,0.038210727011155556,0.9924289917574131,2
196075,561,14.007688507239111,107.52177076076165,0,1,0.09192005478745172,0.7804674060376215,1
196439,562,-1340.4428309430648,3555.099322295763,0,1,0.005914683195870928,1.7094128120257268,1
196485,563,-0.3318898569473028,177.09560538207427,1,0,0.042094523217265874,0.4392092358823736,2
196893,564,-1407.2911517268446,3867.238078089817,0,1,0.00023186778980261263,1.6480821648680335,1
197289,565,-1400.853414683587,3818.770560227252,1,0,0.001806367170312092,1.6673667904986544,2
197691,566,-1515.6609507641062,4009.9962810324064,1,1,0.0015295086894507853,1.7489532340915936,0
198107,567,-1418.2637824896758,3921.1485916770002,1,0,0.0008890192609065864,1.623782821774751,2
198503,568,-1352.010073367845,3729.5580195533976,1,0,6.249947196856399e-05,1.621642313923993,2
198571,569,-158.97009443994799,510.8271576027235,1,0,0.019009686904092705,1.194556305522511,2
198921,570,-1338.7008738436211,3534.594353634318,1,0,0.001974432935194669,1.7585307078332493,2
199309,571,-1353.3899183867068,3678.110733458666,1,0,0.0,1.6335055430071996,2
199711,572,-1396.0471341638245,3815.1624345838472,1,0,0.003405306359579894,1.6352271095842172,2
200094,573,-911.1428672416488,3352.052259613204,1,0,0.22598874789393975,1.6236056788483086,2
200440,574,-1228.2898458404243,3314.28382351987,1,0,0.001566223320001596,1.653250863638839,2
200845,575,-1461.9326969899148,3950.3256293820727,1,0,0.008746407130558582,1.6902898280559902,2
201241,576,-1421.5375287659251,3813.4702251869717,1,0,0.0,1.6629182545686203,2
201669,577,-1351.4855603806136,3847.568383612935,1,0,0.002107100532632095,1.537062975398476,2
202089,578,-1416.9027727018424,3957.3693822023815,0,1,0.002153463664267831,1.6358811363301844,1
202506,579,-1367.2465577949056,3834.0947029586073,0,1,0.000367913648811824,1.589671329725105,1
202928,580,-1494.2221512113051,4039.608091459588,1,0,0.000813468452813818,1.6536241459003236,2
203358,581,-1370.289082684846,3898.3704335198363,0,1,0.0038681507973287537,1.56774443840107,1
203786,582,-1144.1477259255278,3894.402592107511,1,1,0.2031454241313053,1.6934034714609276,0
204189,583,-1427.1456822272187,3865.6479877851416,1,0,1.2821802460764853e-05,1.6567879453014824,2
204616,584,-1467.9408405368824,4067.8530078570143,0,1,0.00032454452829907583,1.6567406753360658,1
205009,585,-1384.1184161821739,3755.0174733571143,1,0,0.00023011987352019225,1.649236186864521,2
205405,586,-721.7938645117396,3390.0517962041413,1,0,0.36813346631880567,1.6709193602419365,2
205718,587,-1166.0828567476824,3122.497608302332,0,1,5.1639067335351065e-05,1.7487597688141787,1
206102,588,-1293.9383986079542,3564.0304469522725,1,0,8.183307554033556e-05,1.5934215486937475,2
206500,589,-1363.8133885364846,3779.4328633013633,0,1,0.0008155935803765215,1.651130722670538,1
206923,590,-1491.8159317810937,4071.8310705501312,0,1,0.0,1.6761777309501564,1
207353,591,-1425.8696121864675,3997.4961320838042,0,1,0.001164720612406206,1.6106522831033152,1
207722,592,-1239.0403441919111,3400.3115003793396,1,0,0.002274467456159323,1.5810773036552384,2
208141,593,-1397.5733332394257,3916.4906927261263,0,1,0.003396875661383323,1.6219364020441172,1
208501,594,-1228.1626170693592,3418.775676406161,0,1,0.0025522824497784305,1.653493186280754,1
208859,595,-1130.9697162249734,3242.3902524166583,0,1,0.0,1.5630848385478198,1
209282,596,-1367.8592136974182,3884.601111576337,0,1,0.0029999362777341676,1.5884258291602231,1
209710,597,-1451.2453277349416,4046.5393114029926,0,1,0.0007645291371483529,1.6423314225001435,1
210127,598,-1498.0791468740035,4087.216701000871,0,1,0.011778766722655895,1.718780868454531,1
210531,599,-1386.6031861449112,3851.9593741256936,0,1,0.001084136417288971,1.6577424189041694,1
210938,600,-1330.4031213026974,3755.0221739507674,0,1,0.0014523869181854185,1.5967242447906898,1
210988,601,-106.77386290687242,360.3747327082945,1,0,0.02699118389358376,1.0969484391465105,2
211419,602,-1510.0603929032552,4080.1193243415346,0,1,0.0009271238725600208,1.6448029797549544,1
211833,603,-1504.2068001891284,4044.624271753032,0,1,0.00012143403339945957,1.7055264120491123,1
212246,604,-1478.2719683408625,4022.6660727381354,0,1,0.033734270002174924,1.7193228324999714,1
212631,605,-1375.7895184830757,3752.3896909187256,0,1,0.0011518775559476357,1.7021413759840018,1
213035,606,-1425.0545679252402,3869.530498678531,1,0,9.034605337317949e-06,1.653717899319801,2
213459,607,-1488.496720254107,4033.078257603761,1,0,3.3098932461438e-06,1.639390028889282,2
213890,608,-1440.8346067078705,4010.2816913601405,0,1,0.00016695310932333208,1.612056992345227,1
214325,609,-1432.3165734309882,4010.621054246725,0,1,0.00028081828526957343,1.595131704955877,1
214745,610,-1532.9426049784897,4079.989834052261,1,1,0.0,1.6942822495528809,0
215159,611,-1332.6123106498426,3808.1197727453323,1,0,0.021341412984836237,1.5904320845688102,2
215571,612,-1352.2376964676057,3810.2862024358833,0,1,0.0,1.5991841185941755,1
215929,613,-1162.926653773366,3282.9236295714772,1,0,0.014297347422913739,1.5784285086331045,2
216342,614,-1310.3511691777405,3735.9628235518453,1,0,0.0,1.5473248403346525,2
216730,615,-1311.99036472971,3624.501570245922,1,0,0.0,1.6053534094346502,2
217131,616,-1442.9524647959581,3895.06732080292,1,0,0.0,1.680276410237749,2
217559,617,-1403.2080558104124,3933.888432851514,1,0,9.540596288127325e-05,1.5765411357854402,2
217994,618,-1455.9605202848447,4074.535649714108,0,1,0.0,1.624852090527503,1
218386,619,-1401.774268924919,3800.7349532286535,1,0,0.0,1.6770343770251863,2
218809,620,-1418.0608750311894,3944.81996415869,1,0,0.0,1.6033083804737756,2
219214,621,-1331.1802280757527,3744.121513405046,0,1,0.0030681763822213086,1.6014001673057268,1
219624,622,-1343.2128811420619,3787.0561793776556,0,1,0.0,1.599452658826509,1
219650,623,20.169161484456012,87.79773477311775,0,1,0.05497647503511876,0.5930391954220157,1
220076,624,-1472.5442736321372,4052.972958370547,0,1,0.0,1.65518394041345,1
220099,625,-24.769238171102963,130.98043571011542,1,0,0.1148029172460211,0.7664368213881115,2
220130,626,-46.30569535763151,185.35261192243777,1,0,0.03468557124195313,0.8221072047826915,2
220163,627,9.000369803448848,148.1037975235156,0,1,0.12277164458165213,0.7938030842853206,1
220585,628,-1452.0322470676751,4012.332607477018,0,1,2.10357769781332e-05,1.6529315660254786,1
220629,629,-27.62959977778837,204.2717415484679,1,0,0.032977535828255626,0.5897550678308854,2
220682,630,62.76634577023806,114.58082291270266,0,1,0.019128475921206353,0.24363899302133843,1
220710,631,-34.947933830928164,161.02770240548378,1,0,0.030413419302165973,0.7653694784575683,2
220760,632,-102.3367531926796,350.64861957739754,1,0,0.016617173980884675,1.0616069092616396,2
220787,633,-36.057095216225584,148.77749655403792,1,0,0.0115513345165554,0.6828083519741,2
220816,634,3.7943503863581114,132.0802053137804,0,1,0.07676223188074399,0.8314289971155687,1
221228,635,-1425.5670001054536,3920.0665923704896,1,0,0.0,1.64109545872926,2
221265,636,-78.87195909646243,257.33722980736263,1,0,0.013882281849168225,1.030862148179684,2
221304,637,-49.42488337416761,210.72634767218022,1,0,0.00731743313418676,0.7134814824627527,2
221337,638,-48.695804565685776,192.09085250383686,1,0,0.008047323644813179,0.7703506654899575,2
221764,639,-1453.2260140423007,4026.191126228772,0,1,0.0,1.6374904490592754,1
221801,640,-59.37347628448471,231.58050201143521,1,0,0.043849329411933334,0.901457847173823,2
221831,641,-55.8769385419611,196.67686549311028,1,0,0.03774913031461066,0.9306994880409424,2
221868,642,-52.30754993112238,228.83309958320825,1,0,0.061531885481028274,0.899708683614389,2
221902,643,-18.916105300198065,154.57159255813815,1,0,0.06127720234383028,0.5627373582517737,2
221953,644,-143.3400986609405,423.12356393074,1,0,0.05068667839184462,1.333272322820171,2
221984,645,-42.24899838616676,179.62045700414382,1,0,0.04969834923264127,0.7932826480410247,2
222020,646,-29.086115252018548,178.06467847436903,1,0,0.02961405434873554,0.630277742910955,2
222050,647,-32.94578916643748,155.06081682843774,1,0,0.01873785180832268,0.6413936183112623,2
222081,648,-18.178990331980398,161.06549426878772,1,0,0.1244674807603386,0.717999702196894,2
222202,649,225.78566827589884,617.3376343586558,1,0,0.8921313889840043,1.248206668916104,2
222234,650,-57.93629465589253,209.6421802571221,1,0,0.04657293889503305,0.9483866387995146,2
222279,651,-47.946406680608135,239.02557981535494,1,0,0.03136700055556424,0.7205846261580511,2
222318,652,51.219920908695954,98.56690713669701,0,1,0.10364229243609593,0.38172658347023497,1
222350,653,-22.68390952646974,162.43859154240545,1,0,0.0637287534930997,0.6685937718954257,2
222767,654,-1452.8468069695978,3985.363788774626,1,0,4.818492511383355e-05,1.649820703439259,2
223151,655,-1301.3688788207994,3632.272424927752,1,0,0.020932874563401177,1.6418311110563761,2
223186,656,-21.196029613668994,137.15594289696892,1,1,0.08533578567077316,0.6423518206039929,0
223218,657,-52.70836145599541,206.3645917596724,1,0,0.03784178079315817,0.9201941140830742,2
223547,658,-79.40928201745815,2476.688616668623,1,0,0.6881156664793221,1.654695401316189,2
223579,659,-58.16890719087223,214.4657958474747,1,0,0.04548560466618099,0.9806803772962529,2
223611,660,-27.104531965572463,168.5673084114072,1,0,0.05133424504994552,0.6946751714026181,2
223686,661,-174.63137313386096,557.7424180775122,1,0,0.0032857891774599685,1.1711062211998202,2
223726,662,-77.61857858247343,268.2821482745747,1,0,0.016969837272713766,0.9873346497731497,2
223789,663,-119.2039675481175,444.9405754013841,1,0,0.05914488126046615,1.1213688103004928,2
224097,664,-719.3943320560758,2809.956817615921,1,0,0.31815985414546566,1.7518279565750376,2
224125,665,4.957474939223861,124.99223264408026,0,1,0.08037640143151843,0.8054044189192784,1
224153,666,22.116225038583764,99.86995680614379,0,1,0.07428860525333385,0.5978064689677681,1
224189,667,-73.7654404287333,259.2925303620486,1,0,0.05202696687759165,1.1002377954082094,2
224218,668,-47.506979399721295,185.25061528293944,1,0,0.0451841397826252,0.9071171725403694,2
224246,669,31.205510502657603,82.93275444552032,0,1,0.0936018494954124,0.4954871483404325,1
224285,670,-32.21452987639496,166.83225528726607,1,1,0.09314447646365312,0.7450648248369343,0
224392,671,49.00117261664006,687.0389808442304,0,1,0.6648743607584672,1.4594775416900676,1
224720,672,-493.83596718337685,2799.5425124001695,0,1,0.46498054461133254,1.738015363520342,1
224984,673,-977.7386465058828,2601.3416886038826,0,1,0.0002235786903740461,1.7249137361576046,1
225036,674,-61.94735428873325,320.99743591539817,0,1,0.0026965128466254363,1.029561928467304,1
225357,675,-523.7148146041682,2747.4282970175054,0,1,0.42911941924070696,1.7230338939244905,1
225783,676,-1527.9379207495274,4106.114499256006,0,1,0.0002102771297365414,1.6784928498620906,1
226200,677,-753.4718982176424,3545.261986200009,0,1,0.3768030373630403,1.679111899892729,1
226611,678,-1306.624467892174,3828.157259718264,1,0,0.08328323047083405,1.6511544659668071,2
227011,679,-127.26753918286745,3044.67743001872,1,0,0.6781706182681938,1.6675589035335667,2
227426,680,-1457.6039146880048,3956.347751611339,0,1,0.0006217304650908379,1.659165871756782,1
227551,681,-221.13927770972668,830.2068369530533,1,0,0.006651610005331794,1.0330665987212067,2
227704,682,-296.9267598485777,1014.5315734597579,1,1,0.0017542107390564308,1.0793519734321533,0
228128,683,-1455.213713249488,4006.2760644843383,0,1,0.0002656058616251249,1.6419563558041472,1
228545,684,-1460.1416539126553,3997.4736184522485,0,1,0.00010847914762794436,1.6692854603448246,1
228956,685,101.02775724532495,2981.8297412474303,1,0,0.7927734563604002,1.6655373103829119,2
229041,686,-236.4344101683882,704.4375895358544,1,0,0.010784214222890009,1.3590438050018436,2
229140,687,-225.9423246679905,733.1723199757508,1,0,0.0,1.17818679781012,2
229239,688,-263.36237686690765,794.4657045316491,1,0,0.0021843653362971123,1.306258174815968,2
229356,689,-215.681919625271,780.2273820292518,1,0,0.001229656618066806,1.0336173289176969,2
229774,690,-1464.9844410134776,4019.7195889307322,0,1,0.0,1.6760818467051402,1
230170,691,17.245097332774815,2963.317553999486,1,0,0.7693649800199683,1.6968859412718804,2
230225,692,-12.827299230032434,218.63014088274204,1,0,0.003451172060464442,0.4444758881786884,2
230641,693,-1498.938851652522,4068.250079091607,0,1,0.0,1.7074276918414835,1
230692,694,-91.5288890739398,340.44902469118904,1,0,0.010208129781401265,1.001924827151385,2
230759,695,-140.99830170108103,478.41066577720255,1,0,0.0038179493861660273,1.1106961352823932,2
231171,696,-1461.2578705334315,3982.2229414373855,1,0,0.0,1.6718870302693911,2
231274,697,-202.40578355832656,709.4267227393177,1,0,0.0,1.069416180299618,2
231395,698,-272.1754233473853,910.5921195109034,1,0,0.028909724866428652,1.2138327325211042,2
231817,699,-1410.4418232118865,3949.077534598549,0,1,0.0,1.6237842773019069,1
232204,700,-153.8492347452051,3001.5218624530717,1,0,0.6743644290730058,1.6944029732372363,2
232590,701,-1315.5619320997253,3661.2408688839137,0,1,0.0001901875986555465,1.648710639857785,1
232996,702,-612.5379704299464,3388.3706062633855,0,1,0.4090005974606445,1.6663944661062113,1
233372,703,76.71551740558351,2677.101018093791,1,0,0.7470397881885109,1.6089554834931308,2
233739,704,-1384.5456087657087,3700.9709599987036,0,1,0.0,1.7709251449965733,1
234115,705,-1399.5229830655521,3765.1689880679446,0,1,0.0002868781900775943,1.7546757597209752,1
234159,706,-52.249882273326975,253.01650264035626,1,0,0.015182652847503492,0.7938406894297227,2
234200,707,-59.042865804596204,252.4149541957327,1,0,0.026625616855061613,0.8868126472538478,2
234488,708,-927.6899781463432,2770.9065227720944,0,1,0.0998943223375093,1.7375151993293276,1
234838,709,-160.93070238767572,2769.2419433432697,0,1,0.6784177803389677,1.7418173249556148,1
235136,710,-1073.3533535517186,2911.4847408575233,0,1,0.0018137628287092707,1.7070851018277189,1
235386,711,-562.2893835509554,2230.82373921557,0,1,0.2750113783538185,1.705112921970191,1
235433,712,-3.6322013731512452,184.51899827826443,1,0,0.061807145232104406,0.4694665595160008,2
235492,713,-110.58719080496297,415.0703170734853,0,1,0.005834883123035164,1.2140284841424618,1
235533,714,-32.68809133407222,224.76015895382488,0,1,0.02763339427049264,0.9412071629839147,1
235591,715,-22.67827115137102,276.71425881734183,0,1,0.03124809613480912,0.7714952760193442,1
235647,716,-54.71941643610545,339.02272192869583,0,1,0.09235275319676584,1.0691188236925464,1
235690,717,4.931163468321111,171.61116468585578,0,1,0.019690402152387917,0.6300622792065735,1
235754,718,-108.79867138757433,367.95672376283744,1,1,0.00541581184771082,0.9422300206835512,0
235853,719,-142.47529854981735,624.7647503883657,0,1,0.009933191435729658,1.047197981615811,1
236234,720,-291.00455774473926,3078.7003025945583,0,1,0.6212248444246149,1.7430553231733028,1
236285,721,-39.803537145858215,277.04885209455693,0,1,0.017257914542337986,0.8994298173033392,1
236644,722,90.88035321687718,2630.3836094082644,0,1,0.7994752721032309,1.6968256692157762,1
236691,723,-77.21209192419644,304.3849133505004,1,0,0.025372154793286906,0.9626464691400405,2
236711,724,-22.616995691615166,105.16518393688912,1,0,0.0031314518733711015,0.5168936484774647,2
236740,725,4.1384741966127745,125.02699184720895,0,1,0.05340012365791648,0.7380695093447105,1
236776,726,-43.4602438837406,221.27055373207085,1,0,0.11881973276935949,0.9105667905359114,2
236796,727,-19.600203927416512,100.33164113727841,1,0,0.007900845308835659,0.4805500864612224,2
237069,728,-44.86555854698933,2087.810787196866,0,1,0.7156095452011839,1.7113784760308404,1
237117,729,19.177783664224368,189.87333602881023,0,1,0.08938610201771986,0.6123701160911251,1
237175,730,-14.380513975575504,259.7579881898422,1,0,0.09252527693219698,0.5932971470357573,2
237223,731,-56.0237913643831,289.59248009978506,0,1,0.01297653467358499,1.0239620723591059,1
237536,732,5.823077789512524,2384.3438949539172,0,1,0.7751851833303403,1.74157455592399,1
237828,733,-568.2584889405703,2578.1720884684573,0,1,0.3639145036806068,1.7391711837577821,1
238130,734,187.15538441861304,2168.585124393858,0,1,0.8853405151813124,1.7204070263987497,1
238498,735,81.26835596370333,2697.1696625242503,1,0,0.7973877412536948,1.6818267526254573,2
238929,736,226.89468619719148,3061.460881759775,0,1,0.8413404278529762,1.6764959394675873,1
239320,737,-1359.553389689787,3736.4425261916203,0,1,0.0007377055740075213,1.6647803824957965,1
239690,738,98.36882630822478,2662.5386323680086,1,0,0.7851867339518914,1.6480384035072762,2
240105,739,-1447.3468993941533,3958.529948153507,0,1,0.0,1.6586831350296942,1
240488,740,159.99279335856735,2781.774000235029,1,0,0.8516560281457057,1.701873662219225,2
240827,741,-1240.7416324711394,3353.3192378460976,0,1,0.002738271815709621,1.7314072712465092,1
240866,742,-71.83759342114496,220.24292744861484,1,1,0.000323730486180608,0.9303652818385171,0
241259,743,-1504.9216064682066,3966.661987512074,0,1,3.7927081461965585e-06,1.7716742974139268,1
241593,744,-1228.1402071241855,3293.868037663312,1,0,0.00022364580881470476,1.7096121696452837,2
241909,745,-1230.0808058558923,3226.9891451184894,1,0,0.007661889775277051,1.783876332647706,2
241968,746,-0.34070307144507694,214.3677794268127,1,0,0.030897908590105296,0.4080614813169572,2
242014,747,-24.938807290159538,208.99705880439097,1,0,0.014657298966032524,0.56362640135111,2
242370,748,243.20801145072136,2489.6301208041,1,0,0.8778438686554363,1.662451177106457,2
242413,749,-63.131860772004934,258.0576444849949,1,0,0.004264168677844873,0.84558601790835,2
242454,750,-46.21124748143298,237.96837931181898,1,0,0.10315348138852583,0.8628453797285718,2
242493,751,9.51995402965574,169.58363588789962,0,1,0.10176205161214445,0.7675434108926806,1
242533,752,23.60104304572789,79.23504023844724,1,1,0.09418402623188801,0.28435637950118303,0
242585,753,-54.9796025017842,303.92599084728386,1,0,0.11165523880264167,0.897450879226454,2
242624,754,-5.3942934545721695,151.28351307666472,1,0,0.04177094714901971,0.4260991434645055,2
242711,755,-39.00055733320477,585.2531086169039,1,0,0.4770867923742801,1.3290299291338832,2
242758,756,-66.4658773681809,287.6349410481116,1,0,0.03255506082791962,0.8925594725376829,2
242786,757,7.724977997267274,84.8380274346044,1,0,0.010911887949497465,0.19901463824424306,2
243134,758,-573.6481486338674,3021.9686915935513,1,0,0.4595708730186207,1.7500412666856278,2
243164,759,15.339670683685185,94.84839072919655,1,0,0.08373708381845996,0.2693219647232787,2
243499,760,93.38325405409668,2459.217178369984,1,0,0.8174063447041992,1.694854205181707,2
243518,761,2.432539524291329,59.00556182112528,1,0,0.026160929089597322,0.1436919156587139,2
243869,762,169.83258882254384,2605.1074646110387,1,0,0.9030615667797025,1.7643485888247803,2
243932,763,94.11055376542535,204.6905366966526,1,0,0.4323489784199973,0.5823798945497972,2
243987,764,-91.0612627127851,339.9087992256525,1,0,0.003440682078200965,0.9022769896836432,2
244068,765,291.59557624174613,94.1250301514277,1,0,0.6908003784577605,0.31720391135272646,2
244118,766,-19.340627222110992,230.28109423186748,1,0,0.0824485321733132,0.6227086268669563,2
244511,767,-1210.073902878457,3662.7407469335794,0,1,0.09595806584872282,1.6744974551978622,1
244539,768,-16.597668252080698,128.2956224153471,1,0,0.019706869582186974,0.5107058897513891,2
244953,769,-1502.807006355284,4056.4950871410915,0,1,0.0,1.7125227599683683,1
245242,770,-602.3353370697827,2517.2410412746713,1,0,0.3325366907809235,1.676466205905685,2
245292,771,-2.139783166628689,252.5816894663728,0,1,0.18888053317091238,0.9325035284331578,1
245367,772,-172.5393085281479,561.1594705015783,1,0,0.023410881972500044,1.1930305914654826,2
245405,773,-34.39870040845574,197.65542099234762,1,0,0.03721192387178538,0.6927249782622005,2
245728,774,-121.02477851722625,2501.955585180586,0,1,0.6776292580991414,1.7087152147299618,1
246149,775,-1492.3192224431575,4020.870985483706,1,0,0.0004792579611709515,1.6487929136269464,2
246485,776,-500.10550796071124,2905.3155550239535,1,0,0.4883447292892719,1.7587513588858095,2
246557,777,189.8509382931006,227.72031356572649,1,0,0.7932238610535552,0.787656996766584,2
246602,778,-0.44473637958959955,225.46421654652468,0,1,0.18153539010754174,0.9283777324974349,1
246920,779,-129.38134536926287,1538.9105154600693,0,1,0.059601792182612384,0.7398746367517265,1
246983,780,251.3794924243967,6.911276790224752,1,0,0.5806783838976849,0.001800937730003249,2
247310,781,-751.2039516256787,2609.716825043399,1,0,0.09202211781513078,1.3829534345984784,2
247620,782,-606.5422300968393,2316.847302618269,1,0,0.09322363454633893,1.2759231721358981,2
247643,783,13.70615331902778,21.796254019143205,1,1,0.020710910335702385,0.0,0
248030,784,46.11583556059202,2660.9765802144752,1,0,0.6801119204490906,1.5190695938085945,2
248105,785,292.42802536205977,17.34292625099257,1,0,0.6118780370766846,0.08628116965887393,2
248124,786,6.658613196579704,16.742970886546182,1,1,0.005222473257665896,0.0,0
248146,787,-14.539993485496666,61.494208432997866,1,1,0.017113022076010908,0.40591267440614476,0
248175,788,65.59715790832924,66.87095327819989,0,1,0.36649291393373706,0.5419105704411394,1
248216,789,69.57921057355107,163.61930737676747,0,1,0.5065437998695395,0.9247185088226415,1
248553,790,300.4784710986232,2366.6054732269154,0,1,0.9451929853487904,1.723757805989756,1
248575,791,-14.082983248877845,97.36716605181513,1,0,0.021187730166458543,0.39953848441733725,2
248594,792,7.567097503839442,15.037360490802758,1,1,0.020000336871042045,0.0004955656176561978,0
248610,793,3.9357071055021464,11.883013976716196,1,1,0.033323609002102225,0.0,0
248688,794,219.50051794171404,220.47853330189514,1,0,0.7653836675557281,0.7041575189761395,2
249098,795,282.4330177981031,2389.568576648502,0,1,0.6584135386521808,1.3076796960729853,1
249501,796,714.5840291507046,2235.957876441532,1,0,0.9511065401352732,1.41534727679105,2
249924,797,-915.6355054880138,3138.3372742272413,1,0,0.026281872164095034,1.2301732132667798,2
249991,798,125.56047993990678,69.82021640898466,0,1,0.006474567653032819,0.0013989527309861574,1
250069,799,331.75806000272826,3.4266683775457807,0,1,0.6064265280321575,0.13959790086914775,1
250132,800,256.32281029149374,29.101312094725866,0,1,0.6228229957279747,0.2634488254266153,1
250537,801,1056.5519269198498,1700.731258037319,1,0,0.9532007651270685,1.1427610702503919,2
250966,802,1356.8455980212673,1416.2504082844214,1,0,0.9626133589267041,0.9685229007003269,2
250983,803,3.5487579214347917,13.531821672939436,1,1,0.0,0.0,0
251052,804,351.45220585527295,-65.14526812246342,0,1,0.6871957744075268,0.0,1
251071,805,6.708843463207959,15.275603570168972,1,1,0.002211996518451465,0.0,0
251094,806,11.73186498858145,19.97797722699452,1,1,0.00801711996891649,0.0013335285338813587,0
251111,807,3.098320591064624,43.79991938011264,1,0,0.003836288974640283,0.002359809066175331,2
251172,808,236.34139003278108,4.035110291094764,1,0,0.5727834104820129,0.005283211963239242,2
251490,809,425.66187311225735,2005.1453065529618,1,0,0.9575127804493335,1.567492526051208,2
251861,810,583.2108378486308,2191.4557013163267,1,0,0.956712713610901,1.4886676122530487,2
251955,811,376.7255464305351,-39.746858574644094,1,1,0.5554233899666733,0.004616103375707034,0
252357,812,1451.0585234850212,1066.2276834008283,0,1,0.9636808860111964,0.8437364307441488,1
252749,813,1740.9502734563503,493.2905795450338,0,1,0.9577592146318291,0.5565665069053909,1
253147,814,1423.0546088309031,1002.7651694588245,0,1,0.9320273308346526,0.7994490181826897,1
253197,815,190.20696620153552,11.110417540780368,1,0,0.5727570676312469,0.014752432423832458,2
253242,816,197.84772290778423,-21.122102544133213,0,1,0.4861844621151464,0.0026181643563125043,1
253285,817,229.80238757341704,-46.02416320413788,0,1,0.7200184596203029,0.004469073017131876,1
253367,818,440.287329268621,-109.00005273633657,1,1,0.8544722007879646,0.0017730446671039455,0
253441,819,421.59731359521777,-98.09475440378863,0,1,0.8184175261039904,0.0008624744088582488,1
253533,820,461.82468655978374,-56.89170412572251,1,0,0.7909179353145268,0.006630792454929002,2
253549,821,2.191430638993719,11.759070381809057,1,1,0.011037821523985455,0.009939851129589066,0
253626,822,290.63269028697687,10.10310026020278,1,0,0.5421793044180916,0.00045217596503582623,2
253692,823,313.1742384376149,-30.123038147004664,1,0,0.7488340771524049,0.006361810393222304,2
254100,824,869.4660869552241,1592.570588755422,0,1,0.7411113679627898,0.9635427161227642,1
254462,825,1199.7800782919228,1110.8175876007688,0,1,0.9482370437348862,0.9175087115538754,1
254841,826,1179.9329165641566,1330.981525262632,0,1,0.9706094036026965,1.0215580254316614,1
255289,827,1413.0815810871788,968.341876242836,0,1,0.7285789867706945,0.598317195506402,1
255732,828,2025.1466141157732,-243.18912102450588,0,1,0.6469688113346034,0.0,1
256178,829,2147.3042944862104,-320.639110840125,0,1,0.7015760823696483,0.0,1
256630,830,2190.6612446081785,-331.1641542863369,0,1,0.7081339595686036,0.0,1
257076,831,996.0988784754101,1669.401128747308,0,1,0.7439816923722151,0.9311409859765795,1
257526,832,1173.8343643960084,1392.865130041712,0,1,0.7375111862609012,0.795089167840513,1
257959,833,2080.0280986968037,-305.418922886185,0,1,0.697291942166834,0.0,1
258071,834,644.3314309764695,-170.04568745384583,1,1,0.9243233305633696,0.0,0
258491,835,2318.4314371012692,-480.03027405387826,0,1,0.8412687950241855,0.0,1
258559,836,368.27734224110907,-62.3344102891085,1,0,0.8762661191274269,0.0028796719631155837,2
258970,837,2196.402451596297,-422.92670231673225,0,1,0.8062700954080392,0.0,1
259406,838,255.37209665498688,2865.873533516581,0,1,0.769801652057184,1.5277929260658556,1
259530,839,629.6792002998226,-86.73950296508309,0,1,0.755318197922019,0.06415044412315919,1
259931,840,-105.33673266545071,2890.624467351454,0,1,0.6205105456504446,1.5648572487178303,1
260353,841,-22.30563775702936,3025.9536026547403,0,1,0.6804974806070858,1.594616113973114,1
260763,842,185.0871200368066,2887.3754193434156,0,1,0.8153152954300387,1.6502893648374266,1
260848,843,62.46689057524334,522.7858287150144,1,0,0.76199319229915,1.3761721639484659,2
261340,844,215.9128365622685,3387.5230503872376,0,1,0.7831113529756085,1.5969022348024826,1
261784,845,1602.9907647795728,1210.5652584293368,0,1,0.9813610466605417,0.8718451360047053,1
262170,846,2342.195836983366,-508.2832952459676,0,1,0.9728118822050629,0.04361984531325047,1
262592,847,240.08888797109722,2804.9210197032176,0,1,0.7791355920677835,1.5474219320770128,1
263043,848,1952.5930224561082,-101.06762854425847,0,1,0.6315758547663409,0.05450696170893443,1
263415,849,2271.2158751220777,-507.3640301475479,0,1,0.9744818353352583,0.03465620110323838,1
263450,850,60.15544277440132,107.30368973262516,1,0,0.5048298819266384,0.5248050079768689,2
263501,851,29.86594262423873,265.5009143690315,1,0,0.542051380110855,1.0244991769850007,2
263786,852,1475.9864221191247,-134.95901337530483,0,1,0.8454101041359923,0.14116231664610573,1
264216,853,143.3857522788278,2911.3417258294644,0,1,0.727494517899463,1.5424851709361898,1
264608,854,-140.5754689568807,2965.8203314861776,0,1,0.658267347540673,1.6587832296618616,1
264697,855,525.8768966323405,-126.67932750234608,0,1,0.8789693215457584,0.002553071999225132,1
264758,856,167.65829052355312,149.31376618446924,1,0,0.6956441850564186,0.5732036082725686,2
265092,857,1452.6415355207105,-68.51440587529092,0,1,0.6420076990282106,0.0765561186489384,1
265506,858,-227.18017224723937,3135.1994781879525,1,0,0.602846616705747,1.6134582614899704,2
265529,859,62.677517440944264,54.36136060670397,0,1,0.5019369873004331,0.6727233715658621,1
266029,860,2465.0892532447597,-388.32750167488007,0,0,0.7299132180730984,0.0024599581067275495,0
266478,861,1582.190344056576,806.9172543628584,0,1,0.7592231702623968,0.5430047010095636,1
266878,862,167.92605183922515,2965.4242893651463,1,0,0.878671881365628,1.7484558626143194,2
267192,863,453.5255948940658,1586.3185446891707,0,1,0.7383809604556553,1.2033502748967757,1
267231,864,80.88849863658979,121.95245679864325,1,0,0.6419438121681672,0.6396464824313118,2
267674,865,689.2924128797079,2314.0388148633815,0,1,0.8084396585276674,1.2738730492927302,1
267725,866,79.9009889300336,251.6252067225376,1,0,0.7969805479128813,1.1152677580265387,2
268173,867,491.1389386886847,2869.823589902725,0,1,0.8952957739477858,1.5691557272236831,1
268605,868,228.18660919942857,3012.509740326611,0,1,0.8247463440696401,1.6412549048806455,1
269038,869,543.2133013367405,2739.1633761822864,0,1,0.9314008490995104,1.5755515677870302,1
269495,870,554.3246013333287,2803.4398298016354,0,1,0.8816768635621847,1.5051571866681124,1
269924,871,432.42179933506844,2815.4769823196116,1,0,0.9029748342760846,1.5918729059400962,2
270348,872,384.3222921322051,2819.627933921792,0,1,0.8761162669044562,1.6047815316025524,1
270784,873,600.003135179264,2764.044616764936,0,1,0.9731312047362322,1.6016662916447828,1
271228,874,134.5653565147409,2919.100681229751,0,1,0.6799077006814485,1.4727302353096872,1
271317,875,229.88867950565387,159.93046864228833,1,1,0.5453046381204218,0.45213820670653426,0
271766,876,-485.0163983676755,3322.1580451303294,0,1,0.4028264766257806,1.4714896175546897,1
272212,877,611.4807433513678,2633.562559901131,0,1,0.8910601545120649,1.4653220939096367,1
272644,878,315.4040087651951,2887.784578996979,0,1,0.8385826001323322,1.5911058831952818,1
273093,879,-471.74826949142323,3261.6724471216753,0,1,0.38870934163214893,1.4358671426252962,1
273544,880,-482.4867598274486,3309.3040618489476,0,1,0.39327783286851203,1.454287001496544,1
273994,881,-447.7359977454106,3257.0768292084995,0,1,0.40067738098523176,1.4382586923089966,1
274432,882,-559.2157679800413,3370.227132640461,0,1,0.3978133623296991,1.5275419606669591,1
274866,883,393.2114375016397,2776.524560695883,0,1,0.840157874231317,1.5352652306469403,1
275298,884,468.3654153453404,2739.5251081682204,0,1,0.8837556133625415,1.5486676939388577,1
275736,885,-607.1870898568997,3404.8450650910772,0,1,0.37785381712309896,1.5329548918901819,1
276177,886,-563.4860536534198,3358.5684261952283,0,1,0.38209515656894005,1.5025103555077812,1
276615,887,-557.8255823048023,3343.986819685557,0,1,0.3814196860238071,1.5060509867359986,1
277053,888,-540.4574768085205,3302.866785083947,0,1,0.37876443126955567,1.486812121339008,1
277490,889,-542.6218454311854,3309.624685349984,0,1,0.3793038708775908,1.4926722697054995,1
277923,890,-587.7543414453539,3350.6130513806256,0,1,0.37312504219431925,1.521454857618276,1
278367,891,-457.381167614693,3229.457642521163,0,1,0.38848173133944897,1.4379399234914532,1
278806,892,-646.2931787909455,3457.0320716631695,0,1,0.3621847827345226,1.5434091946493136,1
279240,893,-666.8959452762045,3479.24054281,0,1,0.36755165096207215,1.574357477785287,1
279683,894,-375.2823987180268,3182.2837825664415,0,1,0.4237619888292424,1.4413711010194115,1
280127,895,-512.3478400795416,3260.165867745691,0,1,0.3568763866807616,1.433772700192642,1
280558,896,-697.0787122012005,3436.588028410466,0,1,0.3288275285051847,1.5435689347422137,1
280974,897,-858.7243825476189,3593.6650474171615,0,1,0.31417891755181004,1.6685923059410663,1
281383,898,-993.692781303231,3702.0237118445593,0,1,0.27071419092117455,1.7254649726858042,1
281797,899,206.22193694011375,2918.786653023329,0,1,0.8351613586604758,1.6637947749920268,1
282226,900,389.5507021062211,2850.5783451693324,0,1,0.8800629404173208,1.6084179483829364,1
282656,901,326.1422517986537,2919.7117549398254,0,1,0.8597541165984981,1.6246905969827339,1
283073,902,215.08671788256322,2878.246293013412,0,1,0.810536021073644,1.618013696599311,1
283497,903,259.3243359657558,2907.061070039646,0,1,0.8324130844683011,1.6228206271790229,1
283908,904,170.49508590257093,2932.4102297397208,0,1,0.8208866508143473,1.6716525740112382,1
284335,905,574.6915181003206,2677.5833868535547,0,1,0.9530266755826409,1.5767375334742706,1
284770,906,454.4663106555335,2712.7609706200133,0,1,0.8500503318173053,1.50825578485189,1
285257,907,1828.2884835646312,-11.172901257136683,0,1,0.478557245777847,0.0011268285144611174,1
285684,908,246.04257977255597,2882.3263254592202,0,1,0.7995565692408599,1.5806423767154532,1
286146,909,1530.1125475884253,1488.043697619574,0,1,0.9814137443491436,0.9699423086128521,1
286574,910,422.7120826937527,2793.90065872583,0,1,0.8859766637569423,1.5874569290905785,1
287004,911,310.9021098503413,2873.482194467849,0,1,0.8319728828878138,1.5868366381849894,1
287425,912,184.2776028774195,2874.405549699755,0,1,0.7661999209999283,1.576629503288823,1
287861,913,812.617947429588,2421.7987774173357,0,1,0.9778657500500374,1.4477549171162964,1
288272,914,2511.480343305277,-589.7282492020203,1,0,0.9729683517269935,6.373852294294899e-05,2
288424,915,927.5791995503704,-237.812271676508,0,1,0.939709548985041,0.00013664190349580712,1
288733,916,1599.171495479966,-197.55183592752292,1,0,0.8169551304466798,0.0552344833609521,2
289155,917,695.5150002518473,2468.721048880549,1,0,0.97126204679814,1.4883265815838211,2
289461,918,1815.350826152351,-405.97745820779426,1,0,0.9366310416695498,0.0002828494178480674,2
289887,919,447.8389036144584,2797.294965929593,0,1,0.9156184983729619,1.6133882153316748,1
290387,920,2764.1872248492546,-456.1463619148885,0,0,0.8867094495436938,0.06551688659898107,0
290821,921,641.0186612320531,2649.6558681938027,0,1,0.9580600062520416,1.5457206304926234,1
291248,922,541.3711983435819,2675.3172620840023,0,1,0.919875820635804,1.5557737733582144,1
291748,923,2256.4299954474855,-242.8979269639628,0,0,0.6378761580928907,0.0015724036347324495,0
292213,924,2822.4165200130096,-645.5870157819263,1,0,0.9633534149936747,0.0011578132554085046,2
292642,925,522.4652927200132,2687.3891288558143,0,1,0.9092996392393803,1.5498733565963636,1
293072,926,530.8089555994233,2738.330354450526,0,1,0.937314720936355,1.5877213991421293,1
293498,927,447.196444754535,2798.1102692354725,0,1,0.9126180282789516,1.6121235007998724,1
293925,928,491.0311170305453,2841.7586621754003,0,1,0.959921779681113,1.6578621120259183,1
294291,929,1101.7786805041555,1325.6619039942861,1,0,0.9709336181397932,1.0296157724921342,2
294791,930,2983.33385215232,-622.4283849012979,0,0,0.9590819924851379,0.03893479977685149,0
295226,931,636.1370519699831,2663.4972043410125,0,1,0.958302099942238,1.5502967732711357,1
295634,932,338.8240110986406,2809.6722946772024,0,1,0.9047959604975169,1.6718823920990729,1
296065,933,608.480381339784,2669.42536142705,0,1,0.9569991043751427,1.5644912692213324,1
296490,934,514.9617514537464,2728.2911815240413,0,1,0.9349757568219687,1.5951589903917789,1
296905,935,475.38166381300385,2744.0015454012228,0,1,0.9515224971437666,1.6437803265838242,1
297321,936,228.40721383057775,2919.5806954105337,0,1,0.8366141009233257,1.655656820069334,1
297821,937,2401.6766755147983,-203.8611913672025,0,0,0.7396057112001018,0.07192927211776232,0
298191,938,533.891498130779,2272.3114574282645,0,1,0.9542051152398446,1.5531301794429142,1
298668,939,2376.424623813447,-254.16916935680072,0,1,0.7794807790672919,0.08134394764086547,1
298979,940,1727.6162764959297,-281.4242509299695,0,1,0.8701111673713111,0.0612235717844763,1
299079,941,443.365667425557,35.80542178322038,1,0,0.7897836845604067,0.21035623957923807,2
299437,942,573.6167969265052,2116.1967862556494,1,0,0.9679000481862584,1.49728830983599,2
299523,943,105.7748135558119,495.78765456485667,1,0,0.8313880629155053,1.3420836058124785,2
299945,944,555.4128330324796,2696.8596781205033,1,0,0.9712491477850987,1.5982339913919963,2
299997,945,49.23181599578115,254.9079437089493,1,0,0.605336087213676,0.9961439262199975,2
300062,946,172.83189277479073,221.83111805416098,1,0,0.8440163682450562,0.8624871962500252,2
300457,947,628.648614086999,2357.22984401256,1,0,0.9775418083289878,1.516443291009312,2
300522,948,273.0306669440551,-3.666780864234262,1,0,0.6582721383556515,0.03330806168606152,2
300613,949,492.89684957216355,-93.80482824120703,0,1,0.7989331665437694,0.028793101077109848,1
300672,950,55.99608728544104,338.1353061532187,1,0,0.7582262004170177,1.2639020603316173,2
300758,951,478.1154218197357,-78.54912415992749,1,0,0.8967581798709534,0.007148989280329315,2
301217,952,1541.5947423791283,1446.3168947440906,0,1,0.9785479114086932,0.9529783695593067,1
301573,953,2103.8499896318463,-422.4222920609313,0,1,0.9457666940850201,0.051051259585121,1
301639,954,350.2400401232603,-52.8308906225734,1,0,0.8645378844804871,0.0035698694646221405,2
302139,955,2946.2363551929084,-659.3423105697551,0,0,0.9258234217096861,0.006172993012917776,0
302553,956,452.267750865438,2784.7455499904313,1,0,0.9645135949099726,1.6611114327374337,2
302599,957,123.13776170728931,130.2578892207187,1,0,0.75492057231003,0.6647788674153754,2
302982,958,461.7427004434779,2519.4732211052738,1,0,0.9713452351709391,1.6356829894155192,2
303363,959,471.05073668724896,2483.1271880094832,1,0,0.9698191042276455,1.6219628922297904,2
303751,960,510.2692452542215,2478.0151574863544,1,0,0.9710062033721348,1.5962956875789882,2
304041,961,404.9709487899598,1846.1498363543808,0,1,0.9739446220929745,1.609861456619942,1
304455,962,644.1791986943543,2492.1094135746603,1,0,0.9757994102998562,1.5259666873196747,2
304885,963,795.7541135179818,2363.5898145755777,1,0,0.9674901988115998,1.4151685864125705,2
305254,964,736.0663674705594,1950.7050026173413,1,0,0.9741910266286858,1.3738936641104995,2
305620,965,764.4475150732861,1864.3418752878197,1,0,0.9677415868702459,1.3310618399783392,2
305701,966,436.16505781011097,-68.44189568151403,1,0,0.8625659164540905,0.002626687533964207,2
306065,967,923.8123895645692,1582.3802429505092,1,0,0.9664552974698387,1.1796236002562606,2
306143,968,226.41946827675082,252.8372187897017,1,0,0.8579792458632399,0.8342479439703109,2
306560,969,2545.3849766296457,-591.4331984999528,1,0,0.9691321572278847,0.0004280795889044026,2
306640,970,434.3373428115016,-70.34663908460874,1,0,0.8776159538837074,0.002492451944227449,2
306694,971,274.77820829843483,-33.95508910842233,1,0,0.8225565706014566,0.0033910147458254556,2
307125,972,769.8671741824368,2460.06973701078,1,0,0.9891603180246172,1.4712893959376518,2
307535,973,2498.850537858957,-576.0367033515997,1,0,0.9686381910027323,0.0008459914764743298,2
307957,974,2579.6675824160093,-605.3559043422047,1,0,0.9725932906463968,0.000837417418687804,2
308024,975,351.9468203785199,-50.442875300152735,1,0,0.8454041248970201,0.004567787346781626,2
308077,976,265.84781757826426,-29.65840447355489,1,0,0.8116361374181427,0.0043386075444103115,2
308503,977,1184.667528915591,1734.0278694433862,1,0,0.985859745340868,1.1335813857812562,2
308917,978,579.6163464804742,2595.1187618467925,1,0,0.9730240739574586,1.572411408701521,2
309328,979,678.2929894178197,2400.570651152227,1,0,0.9706299749887344,1.4868129886154813,2
309766,980,810.2164540799947,2424.490020368466,1,0,0.969833841934298,1.4194924227705867,2
309819,981,310.67205738632396,-75.17688390588349,0,1,0.8378827863362464,0.005898372344774293,1
310264,982,2723.5463350858163,-638.1014974877199,1,0,0.9731660735516318,0.0004936693256976262,2
310704,983,616.0476898845114,2787.88257503395,0,1,0.9794053201330547,1.6058620496796432,1
310834,984,195.51237419120457,751.3535086126359,1,0,0.9231355678819453,1.421322266224311,2
311282,985,854.0102694223251,2463.3615960422703,0,1,0.9788509901625032,1.4342156608716148,1
311479,986,463.73370480680023,884.2346951472043,1,0,0.939910853834166,1.1769990954970107,2
311854,987,2283.493825611389,-522.7525480882629,1,0,0.9668618529596985,0.0008951268541348711,2
312276,988,2583.9599222831703,-602.7788363338337,1,0,0.9743843525106962,0.00040086740198420906,2
312724,989,829.7865196904984,2501.738498405068,0,1,0.9788766235823038,1.4534660998342832,1
313037,990,1788.4963989900914,-389.4813906766567,0,1,0.8707410897412631,0.004324179389067437,1
313419,991,1081.5435697353141,1498.7655462071168,1,0,0.969986864772993,1.093918342184403,2
313819,992,635.5190180338076,2389.1828896411557,1,0,0.9752719441338371,1.515132105645307,2
314264,993,796.3175732114867,2529.8195931921223,0,1,0.9763708089759748,1.468992582899265,1
314681,994,923.9470976773438,2053.2941770315733,1,0,0.9721555242385748,1.2989654615218242,2
315074,995,871.6798761516723,1928.8442348589574,1,0,0.9703107323452074,1.2965932193702083,2
315424,996,774.9876002296953,1720.8932602497362,1,0,0.9636812281282433,1.2884270847953294,2
315754,997,589.0151505061492,1844.8269126324426,1,0,0.9622964594636592,1.426292909485605,2
315789,998,152.7169288355436,-1.0360807273513224,1,0,0.7198983092325391,0.01870660359861523,2
316289,999,1721.391493448466,1519.015344164487,0,0,0.9904449602348303,0.9383472046756753,0
316695,1000,562.504852538045,2562.3593921477504,1,0,0.9790329069613366,1.586047518137761,2
317100,1001,751.3789119727909,2269.7671208992506,0,1,0.9777827559031138,1.4531057793355457,1
317139,1002,213.31121281308856,-45.73914323438324,0,1,0.7351064496048237,0.005021590386459301,1
317165,1003,95.92679257221269,11.236855437828893,1,0,0.596763369473564,0.0081422407979987,2
317538,1004,2312.903018105588,-563.2445113120797,0,1,0.9739095025951853,0.0006299856491332223,1
317928,1005,736.4056582355091,2133.932723015842,1,0,0.9732481733265652,1.4101047155231807,2
318337,1006,1063.7643380322538,1798.3593514803972,1,0,0.990596806067536,1.2009212682008465,2
318726,1007,2381.9944733352318,-550.4555215204558,1,0,0.975935032752641,0.0004655126695334273,2
319095,1008,970.5121654490746,1592.0410479950622,0,1,0.9719749463361196,1.1870560924787015,1
319170,1009,390.882784013269,-41.4950678551632,1,0,0.8717031391891896,0.06891383468537715,2
319560,1010,815.010758098798,2018.023758292503,1,0,0.9781763508885066,1.3499416816821668,2
319598,1011,171.4165696956875,-5.940496211396383,1,0,0.7236434405670769,0.01157592847522923,2
319999,1012,2448.123362346587,-567.0353002585119,1,0,0.9707055029456261,0.0005296324914484154,2
320427,1013,973.7949531555383,2080.6795518533736,1,0,0.9772184054754472,1.2881271644888836,2
320844,1014,2595.784301648676,-633.4338920444994,0,1,0.9796532665498284,0.0006781786736635698,1
320918,1015,390.2421879834526,-53.34151005033846,1,0,0.8427193868985844,0.008699800596343099,2
320962,1016,212.31363848820445,-17.000739668034605,1,0,0.7700323751401638,0.006216798541003369,2
321379,1017,836.8792549593849,2210.584165582515,1,0,0.9774062503704852,1.3765586654298285,2
321823,1018,960.6873934785732,2216.3102997345063,1,0,0.9709500061943581,1.3142028375093453,2
321896,1019,375.5658646220692,-49.85212948495561,1,0,0.8175901204299725,0.005133455824472187,2
321912,1020,9.628584286427674,41.80718107912385,1,0,0.05698414866380927,0.024955255330423594,2
322254,1021,534.2458060939767,2049.317980072836,1,0,0.9644619520152355,1.5059989717829272,2
322324,1022,364.1587244748831,-48.38431132827941,1,0,0.8266508091245304,0.004285655356310752,2
322336,1023,5.439684330741521,35.20297924508113,1,0,0.03727732001184072,0.010656098248388533,2
322747,1024,943.0381240548222,1984.5051036504228,1,0,0.9757855607594272,1.2807522342000588,2
323130,1025,539.7005514836196,2364.451557981206,1,1,0.9709636420596791,1.5654146366917074,0
323630,1026,1945.0568331373618,-58.22647356965974,0,0,0.5166892330234572,0.0006804524814493924,0
323697,1027,347.3543802866677,-45.42456639869309,1,0,0.8315470816918462,0.009949702698751424,2
324115,1028,1031.514190777953,1894.2610972128457,1,0,0.9753533011257728,1.2213675945671318,2
324131,1029,12.081608419298945,2.2317732130929,1,1,0.024676688793964993,0.018438782279380877,0
324497,1030,568.7646390095442,2195.814125064219,1,0,0.9657144921064288,1.512475704383075,2
324867,1031,529.0288351966782,2293.931554364465,1,0,0.9674436651570737,1.5546617025835272,2
325260,1032,472.6454402130967,2608.8404707968853,0,1,0.9718589376057578,1.662058285506323,1
325637,1033,516.7323945856292,2396.099175341225,1,0,0.9789543526564819,1.5914731400980617,2
325681,1034,210.20960715986558,-18.647506526385186,1,0,0.77900438647114,0.0,2
326076,1035,775.4085586989435,2118.8337679416263,1,0,0.9765377388118178,1.393128679392009,2
326496,1036,572.804522151076,2659.340793512053,1,0,0.9711935980667423,1.5846983306465865,2
326892,1037,537.2044318909792,2519.4871231765264,1,0,0.9768521546435343,1.5934689460571652,2
327289,1038,893.1553662201574,1938.3412113053687,1,0,0.9769538943556288,1.295596107429319,2
327695,1039,624.1075111933334,2471.655378532741,1,0,0.9814602513755409,1.5415446464373515,2
328195,1040,533.1319458953633,3446.4302471009196,0,0,0.9831812846656843,1.713377586303896,0
328213,1041,51.436309737971136,25.26774140127186,1,0,0.5375244135812816,0.021730929716958333,2
328633,1042,558.6543329792916,2753.6876563435485,1,0,1.009305205846107,1.6537044676064774,2
328694,1043,359.03106758932825,-85.85051171334995,0,1,0.8544155669631878,0.002759943507833615,1
329106,1044,603.9311012611745,2542.881720959945,1,0,0.9729477206004667,1.5528110856580164,2
329523,1045,963.8157249212901,1993.790091099144,1,0,0.9772410682546881,1.276283835024511,2
329966,1046,673.9559536323474,2704.3418990336354,1,0,0.9783253668371612,1.5452199133439442,2
330325,1047,551.4136565763284,2205.9842786156128,0,1,0.9737859620809031,1.5606142466119368,1
330425,1048,326.3793379328406,287.65044659853567,1,0,0.915705703872417,0.8052156053921631,2
330828,1049,697.468997292372,2377.321458800875,0,1,0.9982698689908551,1.5282367708720173,1
331207,1050,545.4483772852521,2370.740909075623,1,0,0.9844346015554246,1.5768699069657885,2
331606,1051,717.1034767052429,2274.473439777946,1,0,0.9915724110933384,1.4697177334188598,2
332002,1052,605.3495961567805,2424.5347660452344,1,0,0.9859215050065346,1.5513600919169475,2
332407,1053,531.4755678113834,2660.5623837841385,1,0,1.0057995902777472,1.654858231381727,2
332769,1054,827.3207827877868,1774.4925796598457,0,1,0.9775869121148935,1.3135305922565168,1
333127,1055,786.3886767463969,1802.282470452824,1,0,0.9876887634276285,1.329792128102234,2
333202,1056,239.82728776656543,209.7263064708917,1,0,0.8804649110456171,0.7575581883006468,2
333287,1057,443.6354011477018,-56.67055221287595,1,0,0.8236048170021218,0.009628304722411336,2
333539,1058,1527.0901643907932,-389.9139216957311,1,1,0.9649597225884541,0.0030524276380841688,0
333591,1059,281.304514558693,-56.2330952465119,0,1,0.7500212974295061,0.023709064840286922,1
333931,1060,438.5579157948595,2198.2585964240275,1,0,0.9737534489222235,1.6112686906741855,2
334007,1061,418.20353880317367,-106.5189634471555,1,1,0.8800683169617058,0.003057989801091964,0
334083,1062,383.85343604717895,-84.33027205009795,1,1,0.7986164811024697,0.012095110718610871,0
334134,1063,245.6523057314698,-23.23344982706057,1,0,0.7766008828703477,0.006139665837509283,2
334551,1064,542.60228522702,2741.5031904368298,1,0,1.0045382441182433,1.655665376573645,2
334616,1065,348.53780795213675,-53.60360246605211,1,0,0.8657860521221232,0.004399330974519254,2
334947,1066,1408.3821704825473,540.4338414258597,1,0,0.9737014062748254,0.6206378418647851,2
334970,1067,80.0617760102906,13.258991964557126,1,0,0.5771523823859811,0.007242816980656689,2
335414,1068,823.1773703237129,2471.0672971238178,1,0,0.9809118748762583,1.4351212547845644,2
335486,1069,389.25751467134944,-64.57038077459082,1,0,0.8751328349940698,0.0011787074213403968,2
335553,1070,168.62729835290276,249.1869344922871,1,0,0.858434035256237,0.9329526960840652,2
335629,1071,417.39237387537173,-70.02069518918469,1,0,0.8855965471157936,0.002246867393999205,2
335996,1072,576.1388214757006,2212.2914534232664,1,0,0.9796352353280392,1.5265026624116897,2
336082,1073,472.1139519972258,-81.21685093282203,1,0,0.8825332949838923,0.0008289294050812346,2
336477,1074,722.3306316689868,2206.140002122178,1,0,0.9782315625793728,1.43583280859292,2
336890,1075,811.0601168576039,2276.4612923543527,1,0,1.0065998704231374,1.4411496932379657,2
337034,1076,889.3980006070336,-211.81125352963014,0,1,0.9398827072925651,0.0023356786158502474,1
337462,1077,2632.5340382762392,-619.638446791161,1,0,0.9810739597237932,0.0008129913924861949,2
337688,1078,1170.6946974420814,-195.19083020744216,0,1,0.755251274749221,0.0033953459234719783,1
338087,1079,605.5484866757689,2436.3489337625338,1,0,0.9797703660563675,1.5435876639189274,2
338182,1080,533.4030571550198,-134.49878480524274,1,1,0.909593805550446,0.011235828493527295,0
338541,1081,744.5713099467175,1849.7725321389785,1,0,0.9676636561472752,1.3405911676437454,2
338634,1082,499.733153891253,-58.23616821936228,1,0,0.9067138385874643,0.08499737495350708,2
339091,1083,2539.1111926816006,-493.3656191691201,1,0,0.8556789994376872,0.0004007533641154848,2
339591,1084,2612.0574887481484,47.82374192687699,0,0,0.9836236563545102,0.32258753614706404,0
339673,1085,452.50583344417913,-77.11357488173654,1,0,0.8947284608296097,0.004123580663493571,2
340104,1086,897.1107294471708,2190.227526986231,0,1,0.9467311362034085,1.327990726068362,1
340192,1087,492.2189943461673,-88.97838291474156,1,0,0.9008947368055812,0.001677130329844981,2
340282,1088,490.50770759931686,-80.61068609044116,1,0,0.8747508143360089,0.0029296341105886432,2
340706,1089,664.1684274987879,2351.358995906712,0,1,0.8690349386176442,1.3744776020004998,1
340789,1090,455.6599566033,-76.01716072408891,1,0,0.8876856629013686,0.0044743828590207745,2
340908,1091,685.036022233914,-132.73279788354432,1,0,0.924866054002332,0.004443386206006492,2
341336,1092,598.0252858316594,2163.5999835037937,0,1,0.7172590486799126,1.1798837287523372,1
341754,1093,927.5038716615124,2063.4277980255792,1,0,0.9764389488785248,1.3059413252767071,2
341837,1094,453.987500847787,-75.11794441150992,1,0,0.8834437101727557,0.0037544530995211513,2
342239,1095,907.9739761702942,1961.8177536134285,1,0,0.9779201885975553,1.2937326852094302,2
342661,1096,536.9915356778849,2354.650283915847,0,1,0.7816397421712604,1.3281421312792632,1
343047,1097,614.1455338903273,2309.71243839546,1,0,0.9788419611148318,1.5172959093547078,2
343466,1098,797.9755376753508,2290.157353473994,1,0,0.9783384522447349,1.4136486957202232,2
343533,1099,359.67710986387476,-56.38355897752234,1,0,0.8698948314780134,0.0037378758792549144,2
343619,1100,469.2201114395984,-115.92983551344003,1,1,0.8725421777168765,0.002090180412006882,0
344011,1101,645.4351103562576,2296.0711474500035,1,0,0.9704150250927829,1.4869724578724535,2
344413,1102,603.2134319981513,2465.8411350519527,1,0,0.9783799272182383,1.5487680844311593,2
344812,1103,954.2238351209443,1875.7599525343753,0,1,0.9756288496185185,1.26943235225178,1
344894,1104,450.4563091158381,-75.94959538398737,1,0,0.8898416260925086,0.003359200927793302,2
345394,1105,2247.273468342118,-219.61839197851577,0,0,0.6381962923679949,0.001390550412894065,0
345743,1106,424.145495524745,2298.96417477858,1,0,0.9762994756952605,1.637861066334423,2
345827,1107,453.9884338744298,-74.39772388830644,1,0,0.8707773331610944,0.0022591049083587294,2
346243,1108,470.53182646327156,2616.2883435310678,1,0,0.8885657529772641,1.524615602078164,2
346335,1109,502.10129928108813,-83.5691551928065,1,0,0.8797476617989234,0.0040569549415505205,2
346414,1110,431.5765171119227,-71.3915709803203,1,0,0.8842778858954403,0.003666705213233516,2
346800,1111,526.6386482426793,2264.0188858575966,1,0,0.8787522593078553,1.4304460959503866,2
347193,1112,333.69488570738827,2280.30923878023,1,0,0.7010201361590938,1.310930187126401,2
347276,1113,458.2121954083751,-79.29939270956447,1,0,0.8939038381574252,0.004115805627994244,2
347354,1114,180.0885284647192,341.7059698762708,1,0,0.8945961078604991,1.0806084590658225,2
347431,1115,421.7085207123141,-71.746538055639,1,0,0.8873954961405596,0.0029821340246702363,2
347820,1116,140.26652466877752,2669.476238820176,1,0,0.7521588812258728,1.5570329493068245,2
348203,1117,690.6008189267736,2159.84545530271,1,0,0.9786386973372904,1.4469328977203664,2
348593,1118,668.6091187732992,2253.365158484111,1,0,0.9770676837540637,1.475790555071446,2
349029,1119,189.42296339742774,2910.3027257044905,1,0,0.7386920174191673,1.511653212706845,2
349462,1120,351.5647685537019,2672.691515121774,0,1,0.7427588497394626,1.4243275486690912,1
349962,1121,1526.5293514425862,179.66388402341164,0,0,0.347331788121764,0.0014140711597012694,0
350208,1122,1236.6008810284077,-189.66532493488427,0,1,0.7276475090147387,0.0020725406847922085,1
350569,1123,446.3362009217656,2368.962961934219,1,0,0.9769392031066912,1.6332923422263685,2
350649,1124,427.513562015624,-104.64472654201606,1,1,0.8596796910419776,0.005681141770963645,0
351037,1125,467.5037275130049,2547.7930896932,1,0,0.9657373380159961,1.627394402511592,2
351449,1126,601.2789281397421,2576.038224419722,1,0,0.9873537943932407,1.5780468149398983,2
351894,1127,2636.9755189699126,-568.9634490283528,0,1,0.9430319100266685,0.040290116612375214,1
352311,1128,630.511926056335,2474.520747068548,0,1,0.9306058364851827,1.4933390447282002,1
352749,1129,834.5985257244056,2404.787164508615,0,1,0.9677671856310694,1.4244676455416894,1
353123,1130,694.0361253236392,2073.4193841357946,1,0,0.9774127235965024,1.428681044566922,2
353452,1131,492.5195339203005,2014.556118966327,1,0,0.9737300490433352,1.5412499306458765,2
353526,1132,198.09016099787723,272.54629207484663,1,0,0.8878656053564116,0.934179569075548,2
353973,1133,-532.3341000839188,3382.032593154147,0,1,0.37882045402334813,1.4872581745989206,1
354014,1134,161.17545780751072,4.458389907426874,1,0,0.6258351838088441,0.00677518898931696,2
354104,1135,287.4361834907818,266.8860767157962,1,0,0.9051015399033882,0.8083662080597311,2
354478,1136,482.49030614283686,2422.195780742675,1,0,0.9778212887259347,1.6173839090721411,2
354887,1137,696.5964482568925,2361.5764802084072,1,0,0.9756384393249743,1.4754822517728319,2
355344,1138,1174.7006337464818,1300.0712699630537,0,1,0.6723881303738074,0.7068219338852327,1
355754,1139,580.3911915698403,2582.6430798517117,0,1,0.9631178430008878,1.5850383992292667,1
356138,1140,535.1120623140702,2423.8041048307155,1,0,0.9730792086793857,1.5813062143987933,2
356548,1141,758.6734275025358,2303.5156718408603,1,0,0.987456478416861,1.4508291445050636,2
356929,1142,741.1137765786635,2053.282561736307,1,0,0.9747738087720773,1.3971976184041919,2
357011,1143,223.32233998678595,294.208430853196,1,0,0.8887230224432653,0.924727380098579,2
357434,1144,919.8647514677713,2157.5036369392437,1,0,0.9920974235357727,1.3507431074210352,2
357525,1145,513.2413390840926,-128.34633127853505,1,1,0.9103088179018306,0.014608530716378616,0
357920,1146,987.8798950048541,304.41007513197343,0,1,0.21852154228923365,0.001488350094073537,1
358340,1147,760.2461186638513,2462.82960921693,1,0,1.0180189893897693,1.5142479308287995,2
358732,1148,1002.6021867009587,1724.5506307943303,1,0,0.9764402375465249,1.1960098438931164,2
358795,1149,196.73085037057552,167.5904908714607,1,0,0.8388776725867311,0.700930617680565,2
358867,1150,382.7708724557965,-59.76037767969686,1,0,0.8575376464679813,0.003084999622459234,2
358950,1151,456.73293609449,-83.62707877965033,1,0,0.8965899389181038,0.002708966068420169,2
359377,1152,664.8787534809026,2531.2569507827384,0,1,0.9436347322646438,1.500269937813338,1
359755,1153,736.475287298508,2040.8351133831272,1,0,0.9783737942026502,1.4021929186713522,2
360191,1154,974.8091727787813,2182.2346020992604,1,0,0.990826822462593,1.3295655837547617,2
360581,1155,649.7395951825248,2324.318639712503,1,0,0.9946472781018,1.522667380567599,2
360652,1156,373.64318518690624,-57.42313453465837,1,0,0.8490987134618805,0.0021301183288792986,2
360737,1157,464.9450945563727,-77.27713566526126,1,0,0.898725848718017,0.019809638786534776,2
361080,1158,820.2322824841834,1603.791869843281,1,0,0.975742559407452,1.2504851583404066,2
361445,1159,489.237650100681,2366.854327725388,1,0,0.9900069831067235,1.6251745885412054,2
361833,1160,678.8718932027439,2330.3811709254155,1,0,1.026972922754913,1.5530652158704477,2
362261,1161,2393.8099157548377,-481.8235692768696,0,1,0.8479619358386108,0.000893265973145848,1
362684,1162,855.693722405784,2354.7487004711925,0,1,1.01619175284209,1.468583807683862,1
363090,1163,636.9948192143474,2458.574078506393,0,1,0.9632471110029429,1.5372474171455137,1
363166,1164,223.53310887400335,246.7605093302057,1,0,0.8930521477525563,0.8524322006876787,2
363522,1165,627.1787378081646,2081.480829118393,0,1,0.9863539471803671,1.5100811974384662,1
363589,1166,354.21589332166434,-55.336191076130774,1,0,0.8639166745907652,0.004523888591984292,2
363901,1167,1901.3051313205226,-431.6137418726854,1,0,0.9674106972371153,0.0006057011230553788,2
364309,1168,314.7810106718059,2686.94545503551,0,1,0.8245712645763126,1.562045499600454,1
364761,1169,2844.1944261101944,-685.833878232708,1,0,1.0008373324552777,0.0006316837560508542,2
364846,1170,460.32864318118294,-80.41551337886568,1,0,0.8680059359974533,0.0,2
364925,1171,423.39900292038357,-68.90841916166912,1,0,0.8699958312722386,0.01185601071089033,2
365331,1172,2463.409197042717,-560.8561786838584,1,0,0.957164333343882,0.0005685745112928642,2
365420,1173,490.26783393563176,-90.7450489681134,1,0,0.8914330737071379,0.0011597992532957943,2
365830,1174,314.8615995392606,2752.5751462454145,0,1,0.8430788839160384,1.5981764655766395,1
365876,1175,166.12251997202176,73.36014281216298,1,0,0.8042286498270055,0.44647208998182186,2
365970,1176,517.2640369813093,-92.18988694169576,1,0,0.8871574768498015,0.005157054089019376,2
366374,1177,607.0931349263033,2476.774068323622,1,0,0.9705215598704998,1.5446090471324156,2
366814,1178,952.9665785532026,2402.599578773886,0,1,1.0407528913387167,1.4635441395202715,1
366883,1179,369.9459358623374,-57.752505426100186,1,0,0.8766835269702363,0.015272891800191597,2
367236,1180,2157.238515913553,-477.3939253623518,0,1,0.9733940148290157,0.041394093250673766,1
367654,1181,2176.16320092885,-382.4920436680343,0,1,0.7762284957563571,0.0004346372302366994,1
367745,1182,498.3566008910268,-87.82921343193527,1,0,0.8819660098278064,0.0017300742109696821,2
368178,1183,1037.5143540074453,2156.9840485279956,0,1,1.0161746034951973,1.3472877817197597,1
368271,1184,514.7270272143332,-134.94237469194744,1,1,0.8900355118366564,0.0006466860112381259,0
368663,1185,2456.3115411597555,-589.0044141519262,1,0,0.998414994994898,0.00047784119090464865,2
368936,1186,551.7185957604959,1434.4839895644016,1,0,0.9646950991803558,1.3579492609507975,2
369331,1187,738.5010566510832,2262.292197601656,1,0,1.0088600351477364,1.48571760797644,2
369453,1188,622.7161501964736,-108.82583383119504,0,1,0.7276328212718398,0.0010693589206216042,1
369803,1189,841.0764749221565,1672.526128002493,1,0,0.9883242427210049,1.275298730578464,2
369887,1190,460.6029120182352,-72.50119604598456,1,0,0.8927316440421706,0.023940102282174053,2
370323,1191,968.9044889514734,2055.02003716069,0,1,0.9195672785056757,1.237432779583429,1
370757,1192,2130.898845457762,-304.17567957000716,1,0,0.7320753673626963,0.0024478613500004296,2
371217,1193,288.2979352356676,2863.304919179343,0,1,0.705387292186289,1.4127820974716785,1
371577,1194,443.587943019434,2240.3260970097845,0,1,0.8914155596559125,1.52902433154221,1
371689,1195,368.248835463982,336.7163150056534,0,1,0.8874350304316152,0.9007032583779975,1
372081,1196,882.5354772517471,1959.1501780095905,1,0,0.9882833443264591,1.3246955190143201,2
372461,1197,553.9888711906613,2465.710407018293,1,0,1.0262889719271233,1.649329048529977,2
372819,1198,693.0078515687328,1930.3869194660183,1,0,0.9658544072791307,1.3888504305895595,2
373216,1199,710.2826253192325,2359.351782478092,1,0,1.0260210806095342,1.5395946077515643,2
373596,1200,607.2195941458373,2310.178377647146,1,0,0.9917082630262455,1.5456261690122688,2
373966,1201,2278.3287854666055,-532.4331071186703,1,0,0.9759195722943906,0.0005801444982987628,2
374333,1202,649.2414810898057,2093.9218649785453,1,0,0.9740327799086933,1.4584879653321103,2
374705,1203,763.0448117597659,2025.6972850677948,1,0,1.0113052893554721,1.4285768685589477,2
374754,1204,165.68444019490823,104.53285616208223,1,0,0.8133204671312338,0.5568949829918022,2
375137,1205,859.5256206427484,1909.311670234438,1,0,0.9832571992878405,1.3163922748115806,2
375516,1206,2331.8177372912705,-540.6186509074249,1,0,0.9748446391942986,0.0008499996159429697,2
375932,1207,345.58002103788465,2833.4103554632393,0,1,0.8788487251220538,1.6421768049806582,1
376211,1208,1742.4981564506763,-435.5988030346131,0,1,0.9698356841177096,0.0,1
376576,1209,2274.7305083301226,-553.0119800972732,0,1,0.9741370446918431,6.072357482158637e-05,1
377046,1210,-338.75268287988354,3210.6271113352896,1,0,0.38916554388009306,1.328968917327238,2
377504,1211,1072.9317328067693,1811.0941661435793,1,0,0.8129707651420396,1.001333993852273,2
377916,1212,419.8851193737438,2657.4322709462845,0,1,0.8661723511148193,1.5574542457342853,1
378021,1213,541.177256137408,-99.68968883780167,0,1,0.7313789671079378,0.0,1
378086,1214,321.7259972914344,-53.31212139459366,0,1,0.6856934361850351,0.03494576465740694,1
378474,1215,1969.8112028385458,-321.25782432944925,0,1,0.7473117785212576,0.0015340629301343548,1
378659,1216,937.308659160524,-151.39100059924831,0,1,0.7259031870176093,0.0010520596925039719,1
379085,1217,295.81352640002893,2918.7390415196733,0,1,0.8425088127948627,1.6263317494459966,1
379505,1218,483.480779919951,2559.3064288075393,0,1,0.8356491994961238,1.4664402381777828,1
379638,1219,671.6741814135652,-98.04592491689866,0,1,0.7367398031458535,0.03886049907782944,1
380138,1220,-1291.477530990376,4566.665364343067,0,0,0.2550406967571482,1.7261441376869924,0
380538,1221,256.3996816840913,2854.785218790559,0,1,0.8795287591936654,1.7073004785901043,1
380607,1222,344.96863586034794,-62.43940564954912,0,1,0.6811174840029145,0.0017954786442710914,1
380661,1223,308.0657148616548,-68.67388150707876,0,1,0.788376802753404,0.009377916352587437,1
380754,1224,528.1386534652975,-136.18767789107454,1,1,0.9009879324431499,0.007675326901177547,0
381254,1225,2199.408934012443,355.95686453232855,0,0,0.8614558560888846,0.4014570665310539,0
381642,1226,2393.9332120370636,-554.6653496063393,1,0,0.9779717900343718,0.001089452983110896,2
382060,1227,2075.509270448536,-304.5803065580835,1,0,0.7441920166917869,0.007039667145127851,2
382215,1228,689.1137958125245,187.9025075244482,0,1,0.9426349581493857,0.5664687944196686,1
382286,1229,364.82314828041063,-47.79057329281086,1,0,0.8250895992099615,0.015360222759093838,2
382699,1230,638.3330791501589,2383.3008142281683,0,1,0.8992294938841727,1.439808941858323,1
382807,1231,69.50933552954928,672.2347159415236,1,0,0.7363918374040949,1.3930043304945472,2
383246,1232,1215.4814965801056,1927.18752349999,0,1,1.0186301623539564,1.2291167870192041,1
383336,1233,495.04699942921667,-58.23170416426461,0,1,0.8943664591592949,0.17054045916112015,1
383836,1234,1432.5184155333397,1348.1413857927662,0,0,0.7351337264609278,0.7030617062295067,0
383922,1235,439.63685153034527,-80.27087850845854,0,1,0.7124812137218911,0.0020837701404534947,1
384397,1236,1077.1562869580164,2094.8053980187815,0,1,0.8668469954998597,1.140601211905933,1
384440,1237,151.64204068491924,14.554737523995303,1,0,0.5435052348913509,0.005417486366747026,2
384830,1238,230.91608642140125,2848.671490738632,0,1,0.8961652222643953,1.750285232523773,1
384891,1239,351.0781397783554,-76.79472106203607,0,1,0.8352317529228785,0.03401295245578468,1
385276,1240,512.9356886706163,2463.996236587826,1,0,0.9705409778043437,1.5976621739378734,2
385711,1241,740.7306293039736,2540.88704505046,1,0,0.9785826324618863,1.4904429797726009,2
386134,1242,896.5129413356626,2225.831040330617,0,1,0.9883206067991318,1.3897091684367329,1
386634,1243,2153.0582208136757,75.73964188789088,0,0,0.6981188758736875,0.16403276693204194,0
386984,1244,405.8440358708019,2368.95763472318,0,1,0.9753024693597647,1.6898394669186911,1
387484,1245,2815.619803222039,-559.809710593894,1,0,0.8684525138965901,0.00015309649436089337,2
387594,1246,567.9168903700906,-96.08824098665039,0,1,0.7238040061103295,0.0031225520014961775,1
388094,1247,2569.6869332226506,-438.105761932345,0,0,0.769265711667032,0.002076261370210091,0
388465,1248,374.9693029473695,2594.945446000804,0,1,0.9724563293302966,1.7349152730930741,1
388965,1249,2878.0738393031406,-616.5425023315419,0,0,0.890406248989136,4.149596628014335e-05,0
389323,1250,2027.729545916713,-227.14926714730274,1,0,0.9730550474345224,0.15570738625497715,2
389742,1251,2583.5959040614935,-602.4888437535448,1,0,0.9796475613108586,0.001000757805315432,2
389836,1252,557.9906830542457,-133.1100915838371,0,1,0.8759677622436319,0.0018255377914206915,1
389915,1253,435.8823524108357,-76.32485152217056,1,0,0.8933324122150308,0.002673141088546559,2
389993,1254,464.4344742994977,-113.41002440363322,0,1,0.8731586249553681,0.0010674808754088268,1
390049,1255,330.3726951931172,-80.73211194611463,0,1,0.8447088875746447,0.009057973553570757,1
390112,1256,335.5316528269303,-87.65578893666039,1,1,0.8448504028499092,0.006203627692409579,0
390212,1257,487.13186344162534,-79.15658845074593,0,1,0.6687095824995274,0.004772943519782462,1
390593,1258,1816.396199821354,-245.03215360075814,0,1,0.6809710367055649,0.0011013781048051319,1
390955,1259,411.3428970002718,2464.4729557254796,0,1,0.9725235773575286,1.6967631180624518,1
391318,1260,772.0893098531013,1859.9892904432165,0,1,0.9693088840230617,1.353530264602852,1
391818,1261,2451.259308478007,-359.8940973295001,0,0,0.7322062885838709,0.015397188163849955,0
392244,1262,1337.3671542925642,1579.2092275729647,0,1,1.0067147831069687,1.0824020151079026,1
392621,1263,1997.9860245686245,-341.4135323296701,1,0,0.8075685618756971,0.0011904137139054716,2
392738,1264,602.223522058314,-108.49075844970011,0,1,0.7213068370264414,7.849379029150043e-06,1
392806,1265,76.14776848170328,404.0784334856683,1,0,0.8490953527000312,1.3796011108307145,2
392870,1266,94.7660588600419,348.6290059628439,1,0,0.8408572482615714,1.2706847228019984,2
393122,1267,370.37421219941734,1520.1492924057568,0,1,0.9363687160500599,1.520986315916325,1
393578,1268,664.2134128186882,2620.517474748151,0,1,0.8731713812756886,1.4207585512526884,1
393793,1269,537.0604789585283,882.7670430015639,1,0,0.9064361517030816,1.0817571875712082,2
393822,1270,145.2367313029414,-31.377301226431502,0,1,0.5944106592684825,0.002039287117760567,1
394322,1271,-22.208106197877996,3550.4951509572747,0,0,0.6647290663202754,1.565361794992289,0
394371,1272,287.07222797823647,-71.50695949405092,0,1,0.822843212372885,0.004802871203762249,1
394780,1273,626.3035643562363,2504.949512997586,1,0,0.9777570839016861,1.545831189033943,2
394831,1274,294.89617931079556,-68.08156199979173,0,1,0.8101409692820958,0.005075190485012093,1
394865,1275,192.00919923181854,-43.99241653185984,0,1,0.7435910980282259,0.0009620045746613093,1
395249,1276,591.8654532272351,2427.3427533955373,1,0,1.0222072042939507,1.612799443674106,2
395749,1277,2277.6259383624947,-238.1150478273319,0,0,0.6513944556109128,0.004650821294502127,0
396067,1278,304.23112759637905,1870.3995952185226,1,0,0.7558665218232984,1.3574914321846967,2
396133,1279,121.23113200293915,323.6366588874789,1,0,0.8675690229774191,1.1769652841128273,2
396171,1280,224.54133407782294,-52.75159133189919,0,1,0.7702616078663691,0.0012873180290156217,1
396227,1281,219.2442821061642,2.838668897615225,1,0,0.6007018365518164,0.006445692600108416,2
396311,1282,458.94112488680025,-78.37583845383902,1,0,0.880886100656778,0.0037058667884779634,2
396811,1283,2465.6650379901666,-104.09004592053384,0,0,0.8376782606406596,0.18810100444027814,0
397233,1284,544.628552506209,2730.2689078993967,0,1,0.9603869823624476,1.6198578234506498,1
397297,1285,377.7678164699494,-89.4459105513711,0,1,0.8584928997434738,0.008301440926557732,1
397320,1286,87.42495418576655,0.8497672134180796,0,1,0.3716993824059271,0.11786115920045667,1
397792,1287,911.9780435289136,2583.7723266178373,1,0,0.9817898316490249,1.4189378461525683,2
398292,1288,2620.5369235227727,-190.9473490899592,0,0,0.9041475009166979,0.1913502760915523,0
398377,1289,434.09310889018803,-78.03184075981518,0,1,0.7123339439017004,0.0014953017006005696,1
398431,1290,319.06827882939115,-77.68987336633575,0,1,0.8412842070653167,0.0046343757590333505,1
398546,1291,-7.600933062505035,773.6504058949954,1,0,0.6122882821795282,1.421791090899103,2
398638,1292,57.2510043610165,638.9157532811839,1,0,0.8811862377613504,1.6143394949065182,2
399030,1293,427.13165387191566,2678.9920564843874,0,1,0.9678158159021082,1.6990219350910618,1
399105,1294,73.74678965683924,474.9950394125032,1,0,0.8788817649010616,1.4819996967232112,2
399128,1295,78.89590005653827,38.71387346013471,0,1,0.5884706589297867,0.584168992398317,1
399184,1296,80.37303955223317,297.72145259831564,1,0,0.8290727671796373,1.2288854567850767,2
399550,1297,357.7221477434485,2583.346199430613,0,1,0.9742314797756384,1.7477658682572432,1
399649,1298,601.0280138206934,-145.71594285316195,0,1,0.9144918342261406,0.004071402595799243,1
399709,1299,80.73364265584149,320.98493632371515,1,0,0.8068561682756091,1.2241734889323654,2
400118,1300,908.7598567973776,2050.502141575284,0,1,0.9713631214023664,1.3270122468752856,1
400183,1301,82.94052584419646,357.16202881330076,1,0,0.8131674242103458,1.2615380893891672,2
400634,1302,990.0283526826527,2302.0024410930087,0,1,0.9801046376749573,1.3544821429669975,1
400951,1303,383.9270764277602,2094.683597941719,1,0,0.9696324725130527,1.6383005616254382,2
401366,1304,519.2420392992523,2370.6646846821623,0,1,0.8016975155732807,1.3718432539102823,1
401418,1305,308.00408937246124,-70.74566205692629,0,1,0.8333825378472282,0.01562463669934173,1
401791,1306,1830.2487075722427,-269.9007449153552,0,1,0.7087234308035896,0.00013388430736386864,1
402264,1307,1051.6936823252083,2283.580796449892,1,0,0.9473212826171664,1.2659405534289716,2
402337,1308,396.2337030334147,-63.0571150288787,1,0,0.8776453267754034,0.009466492085191187,2
402773,1309,1069.1084247541457,2213.5559816210657,0,1,1.0549575667452065,1.390976036027237,1
402814,1310,228.4629052970854,-53.115395974638105,0,1,0.7603324047863224,0.013331199723250788,1
403273,1311,1223.4955045430256,2069.6852316428917,1,0,1.0262654222065104,1.2493543587706621,2
403340,1312,267.38062370238293,101.49390002116814,1,0,0.8680247104602747,0.4833259572424579,2
403676,1313,2095.7640268888945,-504.11696042874416,0,1,0.9726205500194455,0.000827941530209025,1
403760,1314,458.09979670646965,-115.83041953189796,1,1,0.872537727112914,0.004253547407780206,0
404260,1315,-1201.5311287943557,4516.092261308599,0,0,0.2824884460401742,1.7224071167382038,0
404373,1316,679.3381067544847,-162.3811830521539,0,1,0.9007692123256785,0.00795692124480897,1
404530,1317,722.703734337164,-22.72602230990781,1,0,0.7512700377089319,0.11536602476268779,2
404621,1318,548.2160899516163,-130.17860865462296,0,1,0.8976098444523791,0.012887324518945338,1
404994,1319,672.6798683889348,2103.9066816892455,1,0,0.972780601365312,1.4451598480354089,2
405075,1320,425.84869365774944,-102.5572778565308,1,1,0.8321247880713711,0.004120673376744808,0
405453,1321,595.576987649272,2418.9203134674476,1,0,1.0454203450871722,1.6426055694245278,2
405756,1322,388.93192850140787,1814.6603921242233,1,0,0.8790106325817149,1.4553827144107236,2
406143,1323,712.4131749878762,2257.838984392479,1,0,1.0162372376350293,1.509364526647941,2
406643,1324,1288.016260159306,1356.7841908310013,0,0,0.6573826805646259,0.6650906398023022,0
406775,1325,325.1683263300473,521.3172345730251,1,1,0.9225502517339078,1.0996588886274485,0
407275,1326,-269.15189684013876,3479.089337849693,0,0,0.4783948626684557,1.4184951678969113,0
407695,1327,890.5094365851164,2252.5641967540882,1,0,1.0170577581220681,1.4142438961741755,2
408011,1328,609.8704252332776,1311.6680410780864,1,0,0.7260544803291583,0.9842913003525979,2
408473,1329,988.4080395287203,2452.309360918349,0,1,1.0072583282489844,1.4129057558895395,1
408503,1330,165.0666159462105,-42.061593719272295,0,1,0.6982413141513165,0.000868451549739859,1
409003,1331,-886.3096121774428,4149.271953491486,0,0,0.3500197395131656,1.6159450046771,0
409047,1332,251.33993760888015,-62.315699519708396,0,1,0.7934753803298126,0.00906674158968074,1
409463,1333,614.5065986047529,2644.271094561585,1,0,1.0117492521948,1.6143662962357292,2
409543,1334,210.86139848864377,294.1046217794809,1,0,0.8845948381233658,0.94573049472903,2
409618,1335,409.9789299398048,-67.54915622591548,1,0,0.883559197122002,0.003413174939062173,2
409697,1336,431.2451134584201,-73.19639789410937,1,0,0.8816938691008449,0.0,2
410042,1337,435.88409878507457,2256.6400672659092,1,0,0.9727521637410323,1.625786355750615,2
410140,1338,579.6217585410095,-121.48388524885505,0,1,0.9067242701848219,0.04570977489237066,1
410214,1339,396.51237667517415,-60.70543453745324,1,0,0.8579539672844806,0.0027839492923332166,2
410618,1340,320.98744752839514,2683.60386656315,0,1,0.833579007026612,1.5768201086060094,1
411003,1341,780.8676035237077,2165.3144793927645,1,0,1.0381497383445648,1.4817326837582063,2
411350,1342,814.2730575046069,1872.7285469053388,1,0,1.0980873880866888,1.4720939146272685,2
411765,1343,19.8485012340734,3041.618747840433,0,1,0.7391047494362504,1.6616877832633041,1
411879,1344,353.3883701853338,362.4754569041676,1,0,0.9210988589819786,0.8776456481586454,2
412306,1345,785.8786856212536,2477.0298876771353,0,1,1.0030230485716447,1.5097051569816602,1
412705,1346,-363.899347310719,3094.5621870054883,0,1,0.5085814076504,1.6056237305258008,1
412979,1347,488.31375115342036,1543.7556316348123,1,0,0.9642111909628719,1.4355542171653122,2
413405,1348,363.01624514074734,2692.943015609301,0,1,0.7918354652565635,1.4873168345587284,1
413493,1349,485.23713869458766,-87.5444163330007,1,0,0.8877113571190633,0.0,2
413904,1350,512.273189659192,2547.8214332390626,0,1,0.8913467999753744,1.5215749326845267,1
414298,1351,83.33352926358114,2667.846129431722,0,1,0.682346188640173,1.5118458318462484,1
414708,1352,306.91893504853334,2472.939737330898,0,1,0.71060589630686,1.3783081112170212,1
415091,1353,397.9351395668576,2146.8900669038712,0,1,0.7178937201378928,1.3006314809613155,1
415520,1354,410.4543386548507,2467.8019717033726,0,1,0.7193824947998525,1.328353633704685,1
415934,1355,1342.4185474336864,137.55387149705118,0,1,0.36297375143021166,0.0003100228163247558,1
416356,1356,192.85802438217138,3032.0824024957196,0,1,0.8305060625423916,1.686335143709443,1
416433,1357,420.28528819629526,-77.03973894562537,1,0,0.8783966478326889,0.0,2
416836,1358,587.878197011717,2230.601532016505,0,1,0.8390652864805714,1.3591052415965061,1
417256,1359,-684.5317978183452,3318.8506428055084,0,1,0.2923112934519865,1.5043746040409336,1
417681,1360,214.07917063696806,2932.7986763314766,0,1,0.8063289745196974,1.6157325055615726,1
418083,1361,-35.63059594464,2778.280286932286,0,1,0.6051166888224685,1.495026653273513,1
418508,1362,246.66643681981162,2736.128690087721,0,1,0.7385262761245486,1.4785711897517502,1
418912,1363,242.24344843131985,2670.24022857779,0,1,0.7757341925568102,1.5373980519376709,1
419341,1364,567.5665635752179,2364.373662425077,1,0,0.7915112467126272,1.3111928096140466,2
419754,1365,-217.31348873813027,2811.754230029915,0,1,0.43761514107468646,1.370163534406651,1
419837,1366,34.30745415023466,475.1713147285926,1,1,0.6521120844487895,1.3209731623589727,0
420263,1367,-679.2413368017861,3310.8446667076587,1,0,0.28380271632156173,1.4578541472224378,2
420655,1368,306.1618706149225,2610.710098504141,1,0,0.8405677572635805,1.5730677774313366,2
421084,1369,-862.5494943315928,3623.8752552475203,0,1,0.2779684545495115,1.6065969339126915,1
421484,1370,-626.0071542725454,2952.431277814275,0,1,0.21238677611056864,1.3517651810202036,1
421888,1371,552.0249570416956,2502.5328294178134,1,0,0.9388449054262433,1.537467130774789,2
422321,1372,405.95834367560116,2880.4723818775915,0,1,0.8861976580801694,1.6129656797579284,1
422738,1373,-772.4059398734418,3465.7946852164364,0,1,0.30552730536061395,1.594353468164028,1
423137,1374,-1041.2726237113998,3618.230812096748,0,1,0.20296255059265617,1.6871263895247912,1
423264,1375,591.4650191446377,36.55490911135555,1,1,0.9265039503361971,0.369920892109336,0
423681,1376,-973.4761731183622,3541.7831050230475,1,0,0.19147627058727218,1.5490254198223992,2
424077,1377,-963.3866379356324,3477.5794261651163,0,1,0.20609972494874398,1.6303794875320272,1
424469,1378,-536.9134614632571,3058.880950485058,0,1,0.3520675607823311,1.5214647589464243,1
424569,1379,214.5990276637842,478.6950479442286,0,1,0.8738174061265525,1.2606930394213778,1
425003,1380,-432.398598483579,3277.068604850752,1,0,0.4392939101156718,1.5108538438704557,2
425418,1381,380.51101878239257,2861.643264206399,0,1,0.9298830266305805,1.6867666151130396,1
425820,1382,387.29019895584776,2682.9849092507184,1,0,0.9004842280546779,1.6119612865161708,2
426226,1383,294.1601257465314,2798.918340819592,0,1,0.8557985753073908,1.6423782476634508,1
426296,1384,374.95536406183095,-61.349317581276594,1,0,0.8660489498110177,0.0,2
426376,1385,438.4431681790211,-80.17313508336477,1,0,0.8835064912844774,0.0,2
426783,1386,-856.9838976159944,3518.770156912229,0,1,0.28754632657943485,1.652497233443273,1
426844,1387,205.1475841603671,127.40336954810493,1,0,0.8141827967417898,0.5691253932034745,2
426927,1388,449.9592889688875,-117.1315492432474,1,1,0.8702364312625349,0.0,0
427007,1389,430.1806729053909,-72.05012828292764,1,0,0.8609541604326416,0.00020672065354864115,2
427111,1390,310.56028502067807,326.573367840747,1,0,0.8912451097958082,0.8532012591043107,2
427184,1391,259.6261269522445,109.24535261618865,1,1,0.8628366148217754,0.6061990645337019,0
427581,1392,50.34220885550595,2937.2644208876964,1,0,0.7834011604629479,1.6878178379006428,2
427867,1393,-681.1237171435521,2542.370695152349,0,1,0.23785687069596342,1.6740080087683022,1
427949,1394,443.26069689026303,-117.6555737619087,1,1,0.8630374076968091,0.0,0
428360,1395,-770.4026342244414,3392.7254496729056,1,0,0.29149174625183466,1.5620487432466805,2
428763,1396,-851.7500370769034,3497.5132773015184,0,1,0.2899595364189244,1.660103570177984,1
428826,1397,334.1950827859536,-47.938920118720645,1,0,0.8517490790188025,0.0012131309557590413,2
428887,1398,318.05130128902147,-45.588695257567935,1,0,0.83957838101638,0.0,2
428957,1399,377.9205778401095,-62.97453314820919,1,0,0.8713044894308679,0.0012891812042430514,2
429019,1400,329.9365961263215,-52.21514912475469,1,0,0.8602574468672084,0.0031157834736147043,2
429090,1401,383.72531627541673,-63.101530088786085,1,0,0.8708572111240336,0.0013318875554782926,2
429163,1402,396.61787238590165,-66.72308783705442,1,0,0.878015732493308,0.000641670971741722,2
429237,1403,393.4863110055452,-62.414930107021064,1,0,0.8537368722459704,0.0002517755659629774,2
429638,1404,-975.4128351735853,3432.0017656157675,0,1,0.16106647065818205,1.556356161517903,1
429752,1405,631.1859115912574,-96.80865774324376,1,0,0.918367068432445,0.057020551883593035,2
429837,1406,470.0027148287871,-125.62176257799788,1,1,0.8861526713988926,0.0,0
429923,1407,410.6652398465666,-20.68559311983246,1,1,0.8984689682805542,0.2694124629062751,0
429995,1408,369.81373573639127,-40.44263838202359,1,0,0.8611500995113225,0.0768218118990283,2
430064,1409,372.466559055192,-102.56756689285805,1,1,0.869552393699316,0.0,0
430449,1410,896.0848722384814,2048.763864084935,1,0,1.072281957215958,1.4407319296979872,2
430516,1411,355.81382559934065,-55.0346606301369,1,0,0.863145211248198,0.003693628091366764,2
430582,1412,351.8393874153138,-57.675942229693064,1,0,0.8619403975294713,0.0,2
430666,1413,235.8576037547564,283.18126216162693,1,0,0.8829006060147836,0.8881878868731613,2
430743,1414,420.39835905763425,-70.95910423919443,1,0,0.8802870578163111,0.0019132767903331112,2
430829,1415,448.1909427663842,-42.09272471053938,1,0,0.8941264101864083,0.11048433153468279,2
430886,1416,296.0295186730435,-42.08553828637652,1,0,0.838285708085516,0.0018931451897408007,2
430952,1417,352.4169487032631,-94.75480708417886,1,1,0.8621378529232339,0.0007281062158097102,0
431321,1418,660.3996852546796,2304.0304918566435,1,0,1.081853737355866,1.6340198041418112,2
431675,1419,595.4717715383604,2120.709365077213,1,0,0.9968463035475159,1.5298745935396465,2
431732,1420,294.7413802912649,-37.894572240348396,1,0,0.8379803790039722,0.009863807351276095,2
431841,1421,126.56472073127388,553.3257446975686,1,1,0.7357781260506363,1.2357111647353232,0
431915,1422,162.09527435540994,290.4665689766874,1,1,0.8796565690490055,1.0937735468816536,0
431995,1423,437.30845122616176,-75.60541094444196,1,0,0.881889415954829,0.0,2
432073,1424,427.18758322863283,-69.62442872880501,1,0,0.88205703499247,0.004269370467370718,2
432142,1425,366.84121762844535,-56.28211171858497,1,0,0.8546874755247379,0.0029654921079978846,2
432224,1426,448.90926624393416,-114.32635957471004,1,1,0.8770057134375858,0.0,0
432295,1427,381.00293697448024,-60.48613755908476,1,0,0.8688086868941735,0.003694673807691663,2
432371,1428,380.1347342107235,-29.09633574711301,1,0,0.848532456314331,0.09766675591480692,2
432442,1429,381.0286590576747,-62.32797842561469,1,0,0.865835487740501,0.00215881857115444,2
432517,1430,405.41207221898725,-70.40603903702184,1,0,0.8689879355715548,0.0,2
432890,1431,645.7490435391418,2202.7937591781715,1,0,0.9936466880922616,1.5117565452329838,2
433261,1432,623.1709146620061,2263.971778342243,1,0,1.0162905034466514,1.5657041774541882,2
433349,1433,484.26157676301534,-83.5379818022979,1,0,0.8868713443930315,0.0003957218206790701,2
433411,1434,228.22834270186786,104.4966416433451,1,0,0.814131258536585,0.48441236446237274,2
433776,1435,342.6659617401942,2375.2529386713186,1,0,0.859157637842893,1.5510221854296236,2
433857,1436,443.6446683701684,-116.65682722281797,1,1,0.8766583353597927,0.0,0
433931,1437,397.0414142467021,-63.48036712679851,1,0,0.8605881324438827,0.0,2
433981,1438,255.31477793981594,-31.165002870076187,1,0,0.8335326803055498,0.007939313833255308,2
434351,1439,741.6042481738589,2215.327997653759,1,0,1.09996708793248,1.5931395705885463,2
434711,1440,853.1020756133637,1831.204261025342,1,0,1.0430907062344967,1.375837376910033,2
435056,1441,703.2706312538929,2001.270381513945,1,0,1.0751114443585645,1.5392240774128951,2
435443,1442,874.822715857765,2193.5828501876326,0,1,1.1086940613625804,1.5484071632409058,1
435521,1443,425.4127949102969,-72.88165046607801,1,0,0.8749240659118942,0.0,2
435596,1444,410.2049399115283,-65.71693382749864,1,0,0.8736510929003896,0.0,2
435688,1445,514.8519767621043,-90.6615587597371,1,0,0.8988529617745994,0.0,2
435723,1446,192.7577312199025,-42.21660259264861,0,1,0.7206399337004289,0.0,1
435803,1447,438.5647168899356,-76.08600326525045,1,0,0.8823766069792753,0.0009104042870701878,2
435835,1448,52.89236980842242,107.59752245605827,1,0,0.5503715060921947,0.6151874471927425,2
435893,1449,307.7724418492729,-46.79681259185484,1,0,0.865485753561225,0.0,2
436234,1450,2088.727582343601,-492.85618433957643,1,0,0.9729916916610809,0.0,2
436295,1451,354.21935360168663,-86.13163839079552,0,1,0.8302921382815786,0.0,1
436344,1452,244.5258591071608,-26.529845459706944,1,0,0.8049220903974158,0.007962892070491629,2
436380,1453,166.27193521652003,-9.41782102648077,1,0,0.7370547219102803,0.0,2
436463,1454,457.15906985378456,-81.83921789834895,1,0,0.8900090283052066,0.0004592006870072769,2
436536,1455,391.4131702461685,-63.31081745384999,1,0,0.8695100358729418,0.0038126819408904164,2
436601,1456,347.1749089870582,-53.97898290469716,1,0,0.8621366281517754,0.0,2
436660,1457,308.4054765708204,-44.024704924318826,1,0,0.8454212683430798,0.0018940609691684835,2
436732,1458,371.09323239863426,-77.380498195231,1,1,0.8612432451466848,0.07514913841360074,0
436797,1459,385.89141579333756,-93.48128056361531,0,1,0.86328473726754,0.007490832979744253,1
436867,1460,380.8388543363799,-100.80980466498292,1,1,0.8726493461195424,0.0,0
437207,1461,1043.3640629316235,1481.0267587415744,1,0,1.1215287811212176,1.2718063563424709,2
437257,1462,285.6592904979584,-67.27680596665682,0,1,0.79970220670466,0.0,1
437554,1463,1842.997959637228,-461.49824715508487,0,1,0.9699330121045655,0.0,1
437595,1464,191.1632956875274,-11.814191507521347,1,0,0.7687617402804515,0.014800304604963033,2
437630,1465,157.7063854757485,-4.2733791480910845,1,0,0.7291890305265329,0.01112165281443895,2
437668,1466,176.09344997190416,-8.538201950333555,1,0,0.7404963063520448,0.0029954992019482927,2
437738,1467,374.55343183341336,-58.21155583620927,1,0,0.8663527936131635,0.005664750598073876,2
437785,1468,231.73492807138115,-21.489663842439505,1,0,0.8066862474098084,0.02069681323882912,2
437847,1469,323.9441760148497,-46.60663365453782,1,0,0.8433667822312089,0.0001806949862960009,2
437909,1470,324.15955258636745,-83.93485255307337,1,1,0.8425631415890531,0.009118530946519258,0
437950,1471,234.09703511262782,-53.86271717351657,0,1,0.7799575086833318,0.0,1
438039,1472,495.2927290633178,-127.0893282459541,1,1,0.890884185230225,0.0021239969380959685,0
438124,1473,468.8069943280091,-81.07310914818152,1,0,0.8902074370753444,0.0017716956273708029,2
438175,1474,250.50346862289996,-25.52220314885372,1,0,0.7971705150009774,0.011382069938384549,2
438211,1475,201.99300757372873,-45.07936186261411,0,1,0.7442003783805016,0.0003803773090478618,1
438257,1476,225.13516380886279,-60.22818506726586,1,1,0.7899935341633956,0.014925670552507972,0
438331,1477,404.50758762345964,-102.90156167371822,1,1,0.8683688188603182,0.0,0
438392,1478,319.02209089413554,-45.387472611604636,1,0,0.842252438971079,0.005192132093238065,2
438436,1479,250.5580142097311,-57.520005347045654,0,1,0.7879759388377873,0.0011747794901931972,1
438475,1480,218.80586222623126,-48.83035255435601,0,1,0.7559089464935346,0.0017359423686156433,1
438541,1481,355.3307665513428,-96.06033546605464,1,1,0.8630406352492964,0.002345471995934903,0
438600,1482,309.97485369485,-83.530283411764,1,1,0.8475510673493523,0.005083785573397692,0
438664,1483,341.0330123737902,-51.956537617100395,1,0,0.8573729676104643,0.00026450129599534097,2
438713,1484,243.042883840433,-27.53516532289654,1,0,0.803914343937662,0.005588686124952539,2
438767,1485,273.86124451272485,-33.25593021068747,1,0,0.82328508503974,0.011495360868689212,2
438821,1486,276.70251309514873,-35.64579874594602,1,0,0.820061508528078,0.0,2
438876,1487,316.0506651301435,-71.46986114252644,0,1,0.8292511138936122,0.030769003692981554,1
438919,1488,247.11294726190897,-57.06598503636579,0,1,0.7934269042918674,0.0020278294914679975,1
438950,1489,165.57153547534497,-32.927011226446695,0,1,0.6775789270988846,0.0,1
439009,1490,306.10052581314557,-46.51518462893567,1,0,0.8397113726144623,0.0,2
439044,1491,192.72013192052117,-41.7554651797217,0,1,0.722327541508597,0.0,1
439093,1492,241.22401910328898,-26.86277801861769,1,0,0.7925605649570822,0.0,2
439170,1493,421.1712401933797,-112.86976651202446,1,1,0.8819138336781711,0.0,0
439238,1494,364.8631690722355,-60.03930794523696,1,0,0.8657512322989591,0.0006984234433459443,2
439291,1495,268.3584401889009,-34.06269220427399,1,0,0.8186766296795319,0.0071257818484063385,2
439357,1496,351.45771986548505,-57.27262622888685,1,0,0.861877883586598,0.0031648606350222143,2
439410,1497,269.2626500531453,-35.909560585077315,1,0,0.8172664779697235,0.0012358120068926407,2
439471,1498,318.7671472158694,-85.78107393783421,1,1,0.832071815628411,0.0005098600286031426,0
439569,1499,554.5040968495779,-139.03970400054894,1,1,0.9052451924024463,0.0054521740439217896,0
439613,1500,215.9428989892465,-22.195391126423715,1,0,0.796622547772701,0.0023675650747815888,2
439675,1501,323.56877309891075,-46.29600160333758,1,0,0.8393522277471731,0.0076084058157770435,2
439730,1502,282.4126963320073,-36.961727984625625,1,0,0.8272399228459106,0.0014690791323937232,2
439811,1503,444.9345859235596,-115.26339995113065,1,1,0.8784902986738615,0.0002205188311691034,0
439880,1504,373.23479629938697,-62.72924547188077,1,0,0.86860878465909,0.0007602376222122502,2
439943,1505,338.07319957319254,-93.55978862508657,1,1,0.859230360205804,0.0,0
440006,1506,334.50509128269937,-92.48888573346332,1,1,0.8576941622754443,0.0012622178121845537,0
440076,1507,375.39546455867435,-61.22877673693805,1,0,0.8649078208175741,0.0,2
440142,1508,346.58856629537735,-50.20532125730218,1,0,0.8416719956947315,0.0005890590954839797,2
440197,1509,276.42675035432904,-33.213355863091515,1,0,0.8121296705515434,0.003526895061189246,2
440251,1510,277.76976126068934,-36.81752963425444,1,0,0.8266548785612728,0.000527934483211023,2
440398,1511,402.62013873295524,566.4813973890421,1,0,0.9343187284522447,1.0254570101637444,2
440469,1512,224.33708718071694,186.87590874476905,1,0,0.8519180862173149,0.7136587152344159,2
440513,1513,252.8927831796244,-57.83123221867279,0,1,0.7908952589947013,0.0,1
440582,1514,366.58748051554073,-54.185640656809234,1,0,0.8697772244485112,0.015369934566105234,2
440632,1515,134.8635234966667,159.19803734700068,1,0,0.8015282106955098,0.7735123684878319,2
440700,1516,361.32315625327186,-57.8548464035883,1,0,0.8626958118574938,0.0029365075410373847,2
440835,1517,540.7712949856751,246.6908930490832,1,0,0.9303514509654127,0.60932542791919,2
440893,1518,300.6111770627061,-40.59685619665521,1,0,0.8412065031980996,0.007229989771281411,2
441222,1519,784.7064046004676,1991.863180090038,1,0,1.2330327646911625,1.686189857093972,2
441586,1520,1028.9787883387332,1854.9767288528617,1,0,1.1893121326769605,1.4670721051741697,2
441958,1521,834.7757559278789,2163.075125653526,1,0,1.1428523179864696,1.5844782782770228,2
442343,1522,2202.2807596483067,-287.2357084805447,1,0,0.9762440341316405,0.14249122981874712,2
442394,1523,177.29341559904302,92.23617842046042,1,0,0.7854271266508632,0.4806462269334921,2
442473,1524,349.4721112102341,52.779772457065036,1,0,0.8597878347266258,0.3129042758018569,2
442554,1525,311.5658244190579,157.35906130159142,1,0,0.9396717644922135,0.6258744800531774,2
442583,1526,53.30584071447595,86.99607899261099,1,0,0.5481847674920789,0.5261138733924792,2
442618,1527,157.08274447756867,-5.366584337122905,1,0,0.7245932612720712,0.004747122047476751,2
442664,1528,226.68175598358732,-59.29869807721495,1,1,0.7978204887264214,0.0167316966405086,0
443000,1529,682.5925289034162,2054.2452972203746,1,0,1.131681320005828,1.636242317615331,2
443054,1530,221.12426539745837,56.63382636165053,1,0,0.832168774756443,0.35946774545258103,2
443395,1531,580.5763355435711,1974.3547107952825,1,0,0.9720905355756443,1.475799980994553,2
443508,1532,417.56875951877703,246.94317349964066,1,0,0.9179553771854001,0.6724699013668042,2
443553,1533,222.95283628675898,-62.326273177238676,1,1,0.7968235953426424,0.0042217779102785595,0
443602,1534,248.25741328351884,-27.248238315353497,1,0,0.8146662154496159,0.0035498424689128917,2
443648,1535,226.87663249832644,-24.873980425590844,1,0,0.792710464980341,0.0,2
443812,1536,557.9368781409008,458.6783134302713,1,0,0.9425142454611896,0.8233011163544025,2
444195,1537,893.9873903992443,2223.1194003767414,1,0,1.1691671153166678,1.5986339913626209,2
444271,1538,365.005231300557,-54.31411017017894,0,1,0.6353127505887616,0.0017118800734128804,1
444573,1539,1871.8737915220245,-467.2569436931316,0,1,0.9702403379153692,0.0,1
444693,1540,720.640724990019,-154.3563980993189,0,1,0.929709229297641,0.04375381706047374,1
445137,1541,2734.195473181087,-636.1243211767984,1,0,0.9732765588854794,0.0005079013875757855,2
445586,1542,1413.9599657291503,2022.7460370477595,1,0,1.1740143628244428,1.335925326687676,2
446030,1543,3077.5933186363054,-843.9069065001959,1,0,1.1278978442640142,0.000516113407806206,2
446530,1544,846.0843399782847,2688.3956746957283,0,0,0.880424502752605,1.345581019970252,0
446554,1545,118.65348674883263,-23.356544449930485,0,1,0.5324148981855393,0.005548228820466389,1
446995,1546,2984.016945979067,-805.447781375572,0,1,1.0818310664243076,0.00028075717292424445,1
447454,1547,1343.6729709350404,2144.81433191393,1,0,1.1358478369706388,1.3477514654602807,2
447912,1548,1159.13914275582,2330.2333069541314,0,1,1.0840042886048489,1.413686104976006,1
447961,1549,65.9982011828703,265.28449444563125,1,0,0.8145897657600745,1.2311421792373767,2
448375,1550,767.1054685913167,2315.4895156131374,1,0,0.9740352546450896,1.4349249786403362,2
448423,1551,243.41588526201485,-42.858641299978395,0,1,0.6546388163542247,0.007883881894002165,1
448463,1552,225.3141724063473,-51.68036013959539,0,1,0.7654441508614983,0.013580287910929207,1
448566,1553,621.0806512670401,-141.38210419273634,0,1,0.9112437054014503,0.02137590324150897,1
448655,1554,540.4441185647629,-120.7203226928788,0,1,0.9284895283913644,0.04503591470073903,1
449099,1555,3315.0572770323174,-986.6157411986591,1,0,1.236347486169848,0.0004223819626866245,2
449495,1556,612.4082911784536,2430.6955699204004,1,0,0.9874232204402074,1.5547056627764366,2
449921,1557,3182.2937385218456,-943.9550860614955,1,0,1.237661911198324,0.0004353071037404344,2
450386,1558,2724.575830162142,-591.3804048710044,1,0,0.9131789262400785,0.0004470989290729574,2
450824,1559,2865.8964791395065,-731.4220925177294,1,0,1.0520821762345873,0.00039006764967736135,2
450905,1560,485.2135194749493,-115.28929117317128,0,1,0.8928543181524143,0.01795659753868731,1
451333,1561,1314.9156538618922,2017.5765557896284,1,0,1.1920837116547085,1.3895567168230043,2
451380,1562,273.7808924372351,-64.33816060066094,0,1,0.8232251594946088,0.021548437399180023,1
451798,1563,601.8317497433029,2655.084422097991,0,1,0.9846046502843794,1.6109144813657938,1
452041,1564,1503.47810859564,-373.72285019952545,0,1,0.9646295484217888,0.0008475620629658004,1
452283,1565,1489.464617597133,-347.9112254951365,0,1,0.9662764839745323,0.017409837289637686,1
452384,1566,606.8369909679292,-133.38759966683202,0,1,0.9206235133526821,0.044576508113301376,1
452539,1567,415.8893394717029,603.4550996161098,1,0,0.9187007074106237,1.0361864720400704,2
452988,1568,848.9474915883034,2513.6071828008007,0,1,0.9809734802604554,1.453669555161723,1
453137,1569,906.6493748052636,-216.17294589777381,0,1,0.9347516029675925,0.015238786142544907,1
453577,1570,3475.2504793206795,-1093.4985838965315,1,0,1.3251172274257013,0.0004636572695582732,2
454051,1571,659.7693898819108,3013.8404912901724,0,1,0.9794514259311005,1.610380484534398,1
454551,1572,-1160.3943213351495,4557.1688533994375,0,0,0.32945960682512454,1.7666745798640378,0
454584,1573,132.30765902228802,13.392491005737009,1,0,0.7002943562491657,0.0695724707854954,2
454632,1574,278.924823072576,-66.72353150393614,0,1,0.8151597302528603,0.006317585343866759,1
455069,1575,3366.8605949433154,-1034.7490302313406,1,0,1.284879406433972,0.0003360886895776654,2
455555,1576,1707.927327682423,2179.605499734672,0,1,1.278733447275056,1.4088756806315301,1
455990,1577,1450.5496110745262,2114.793594309251,1,0,1.3041228294085783,1.489253981252904,2
456439,1578,1579.344085403427,1850.859022603328,1,0,1.217122219385269,1.2867588858514303,2
456888,1579,1009.1000718169742,2194.12034207906,0,1,0.9495087467296784,1.2895030319916432,1
456933,1580,262.2937014959154,-57.71337369450909,0,1,0.7953050500065888,0.020279916540445853,1
457370,1581,1512.9754692612469,1970.9451476649717,1,0,1.279100501850408,1.4043242003827723,2
457800,1582,1673.7990336658306,1795.2655808523332,1,0,1.351408265872554,1.3792477434048456,2
457833,1583,180.7664357067254,-41.7656204683568,0,1,0.7029763586587129,0.006887985353256117,1
458196,1584,-17.991581100490915,2607.8274599747906,0,1,0.6709469506615764,1.5903891795447078,1
458561,1585,736.9567496080898,2024.7606426770199,1,0,1.025846380676176,1.458743718629535,2
458981,1586,756.1707027626841,2498.609846657033,0,1,1.018744954776437,1.5473269047705562,1
459017,1587,203.380586758179,-47.61901783022333,0,1,0.759406578758705,0.018016705539246287,1
459425,1588,3030.5731366707696,-895.095272578339,1,0,1.2293064837794396,0.00038047738744999526,2
459767,1589,682.9500859261655,1928.45214180548,1,0,1.0335284917425969,1.480383389027795,2
460148,1590,790.5680771596693,1987.2465443974993,1,0,0.9758933223974885,1.360335801227811,2
460188,1591,230.6614045130425,-51.89610572498765,0,1,0.777072430602113,0.016009011683918994,1
460564,1592,2658.6767270608634,-746.8910430731079,1,0,1.1618681882067519,0.00041075105051771734,2
460968,1593,2916.899019556983,-835.9496613938481,1,0,1.1909575885499437,0.0006474354025895667,2
461319,1594,1190.1723350893838,1354.265170833773,1,0,1.1377143795051512,1.1800119047773463,2
461375,1595,265.2741276866755,-22.223446786120263,1,0,0.7531270620553095,0.008074319480784627,2
461780,1596,493.1834609423562,2806.995019130791,0,1,1.0291020193660667,1.7575808307606138,1
462182,1597,954.6784366582245,2232.771965920103,1,0,1.1395000300951317,1.5319548498488322,2
462589,1598,2030.470625564337,1287.523668971668,1,0,1.5037434096714157,1.2643631498862102,2
462966,1599,3361.481305731638,-1166.1150849269295,1,0,1.5322100968274672,0.0014033135123871464,2
463294,1600,2828.80571761548,-955.433399770623,1,0,1.477465651305039,0.0004922743496953743,2
463697,1601,1180.6135190807288,2018.7039533508444,1,0,1.2135301316699187,1.4622447850632496,2
464104,1602,1569.6619190618987,1897.386027193942,1,0,1.4373094897095449,1.5323394627482718,2
464493,1603,761.8085619640154,2112.6582656091837,1,0,0.9785388995215076,1.4071517071470883,2
464905,1604,3556.0443246836135,-1209.8725666850514,1,0,1.4736310461819189,0.00040991177692815674,2
465305,1605,1473.8372315023773,2022.0720655072569,1,0,1.457180497254907,1.6226401129597035,2
465707,1606,1262.7263240547163,1902.7879612551158,1,0,1.2248772456471073,1.412867232218739,2
466118,1607,1542.7672177152715,1953.9560667818807,1,0,1.425126577052231,1.5431900326290835,2
466408,1608,1390.1281129379884,1073.6583157518628,1,0,1.5468347827634892,1.3953448823928813,2
466800,1609,2807.34414529514,-795.8228693042541,1,0,1.181277883495763,0.00045012867161731525,2
467204,1610,2961.2219795190726,-868.0909694306965,1,0,1.2157537543603603,0.0005074574288320186,2
467632,1611,952.3739066397707,2483.942067807529,1,0,1.1387062383852462,1.5796673039336064,2
468054,1612,1942.3969667051824,1517.1383323512223,1,0,1.4666995609954472,1.330311529335542,2
468126,1613,580.603180533158,-178.1781123725582,1,0,1.4060626806080556,0.004025799764553631,2
