step,episode,reward_r1,reward_r2,falls_r1,falls_r2,hits_r1,hits_r2,winner,strikes_r1,strikes_r2,clinch_r1,clinch_r2
10,0,67.84749883744664,-1.841076586784002,0,1,0.03719896019113257,0.013617360038508636,1,3,1,0,0
21,1,81.78903172826166,17.77779445542747,0,1,0.02280400733260929,0.015099792472997399,1,5,3,0,0
43,2,48.43985170581973,28.791579402093895,0,1,0.028564631389129857,0.05668046239184846,-2,4,3,7,0
50,3,7.7015305345200815,62.95602870529485,1,0,0.01298222608700324,0.02664394460241843,2,2,3,0,0
402,4,209.99639674827492,255.17967555657398,1,0,0.00924118339652535,0.005903872993123427,-1,4,6,22,38
410,5,12.569381779128696,51.552747348322896,1,0,0.02087409955449222,0.01667514650207022,2,2,2,0,0
416,6,62.65998672611562,10.211152564519946,0,1,0.05819392581663732,0.049916004696843375,1,3,2,0,0
495,7,85.09517862027363,108.36388299234008,1,0,0.01682814394198842,0.023036328754171338,2,5,4,4,23
508,8,13.553934654662466,63.828295935678256,1,0,0.01623058306731281,0.027012172337055218,2,2,2,0,0
822,9,206.37676152160407,216.816789217848,1,0,0.009757296239944487,0.007857886547376364,2,4,3,26,46
1222,10,249.96258731372566,244.47031839465578,0,1,0.008023701657261318,0.006507702725972351,-2,4,6,11,41
1263,11,39.51665982251254,58.346846810813226,1,0,0.016241247274013958,0.01685460071333318,-1,3,4,0,8
1408,12,132.02435570312332,91.86943320113753,0,1,0.011830926995582974,0.009850853696648785,1,3,3,29,5
1417,13,61.21980293470291,15.439371002796307,0,1,0.022625684537799375,0.02973174769413972,1,2,2,0,0
1651,14,131.91644134057293,175.73414281041607,1,0,0.005968073109319676,0.004723186153222881,2,2,3,9,32
1658,15,14.413571224685388,61.552876457276334,1,0,0.05167077437846757,0.04823277624381727,2,2,2,0,0
1664,16,54.5427823250957,15.01898308011458,0,1,0.08634359465424495,0.08276818354791295,1,2,2,0,0
1671,17,13.498860242083175,55.43636074060611,1,0,0.050702401185639775,0.04196036640369426,2,2,2,0,0
1678,18,12.489768461727742,56.516413337904794,1,0,0.04585377755339066,0.054197073355151594,2,2,2,0,0
1685,19,16.637368875610953,55.047189500879924,1,0,0.04939613607595215,0.06287941617859205,2,2,2,0,0
1692,20,13.396946667634351,13.318988016656105,1,1,0.050278589078352316,0.046714425095740496,0,2,2,0,0
1700,21,57.1772536702194,16.836039043949864,0,1,0.03340955225442436,0.036929849059142886,1,2,2,0,0
1705,22,13.096404921696738,53.099514500570095,1,0,0.09226458325985461,0.08611447082980583,2,2,2,0,0
1711,23,54.60601254690279,15.853851193371323,0,1,0.06765451626330209,0.07372516783023643,1,2,2,0,0
1719,24,60.07244142074987,14.556390343926711,0,1,0.03642294547613227,0.03675532394085538,1,2,2,0,0
1725,25,15.491233116330513,52.03245472414308,1,0,0.06312459053483609,0.054253904223993975,2,2,2,0,0
1733,26,16.939549349881506,15.897243475200872,1,1,0.036776543728531876,0.040661837964064376,0,2,2,0,0
1741,27,57.86842008851523,16.635105126639534,0,1,0.03501609255980304,0.04006820559806652,1,2,2,0,0
1747,28,17.673887553663903,54.166606009507056,1,0,0.0739823322406661,0.060822696834350404,2,2,2,0,0
1754,29,17.653419319760264,56.52098721803921,1,0,0.05606578585874084,0.056066122562624235,2,2,2,0,0
1760,30,55.02490967142134,12.113924401493172,0,1,0.06795662830872172,0.05989492222414445,1,2,2,0,0
1767,31,16.331660163745905,54.42015573419357,1,0,0.04833431167357215,0.0410831979207325,2,2,2,0,0
1773,32,53.511225071400276,12.711636299067592,0,1,0.0713088593856458,0.06599688554215821,1,2,2,0,0
1780,33,54.59824434834386,13.82939102861426,0,1,0.042867478491883666,0.050377848804551394,1,2,2,0,0
1787,34,15.156902293129038,55.618100090901365,1,0,0.059001265915043385,0.05068813611965306,2,2,2,0,0
1794,35,55.263849742853125,14.670315314207429,0,1,0.06767430552701226,0.06878031023474143,1,2,2,0,0
1803,36,69.61740692598468,9.96629128796263,0,1,0.07647060605181862,0.03181419363175942,1,3,2,0,0
1810,37,11.04806587196953,66.18586571211685,1,0,0.03579086250300329,0.04114990388110359,2,2,3,0,0
1821,38,76.16201476003629,9.727171419338308,0,1,0.06417439632900555,0.028511566864798114,1,3,2,1,0
1829,39,67.88187396021715,12.11502891617128,0,1,0.04297723936304014,0.03797398302905841,1,3,2,0,0
1869,40,39.08051663315376,89.95875787622937,1,0,0.07173183659477707,0.031010639613774184,2,3,3,9,11
1878,41,67.4279840989874,13.86203272805288,0,1,0.0585632364000048,0.03525836985277455,1,3,2,0,0
1884,42,11.956924439306647,53.66605404003296,1,0,0.05747880393217505,0.06264444320775114,2,2,2,0,0
1896,43,66.56234066362657,11.596652591774417,0,1,0.026008309045713884,0.019215911506892655,1,3,2,0,0
1905,44,65.70174536502178,12.556769317041539,0,1,0.03252915342817948,0.025373763691109705,1,3,2,0,0
1912,45,56.14298962394258,13.086177608151722,0,1,0.040558565346058506,0.050360957942050054,1,2,2,0,0
1926,46,22.93042627885538,67.67564072175253,1,0,0.021457297956769286,0.04826995509039266,2,3,3,0,0
1938,47,74.77525476356578,13.073073216579612,0,1,0.03091710671033561,0.020421162426628572,1,3,2,2,0
2191,48,179.00767645089707,164.7924428185433,0,1,0.00836947016462511,0.007519027755809913,1,3,4,39,12
2202,49,71.73455734486055,10.659857241377981,0,1,0.10249385478796423,0.034835044540075306,1,3,2,2,0
2225,50,76.83529920700485,44.921374977176455,0,1,0.06968864992339657,0.026710915898046687,1,3,4,9,0
2561,51,215.13320222078468,178.76866359136494,0,1,0.004517207115561238,0.0054927009913122975,-2,4,4,27,58
2571,52,81.50692429555369,20.855714020404747,0,1,0.04235779953866892,0.023205314624653674,1,5,3,0,0
2636,53,110.5635955034122,42.60351043466176,0,1,0.02733729936169052,0.028991844592203442,1,4,3,5,14
2656,54,46.786325567759015,71.03265947711871,1,0,0.03422727393760215,0.07812121056049615,2,5,4,0,6
2668,55,32.8905984643778,68.6295064908865,1,0,0.027918638159010186,0.04323347430540209,2,4,4,0,0
2693,56,39.68336483854649,85.41330612027957,1,0,0.02424671189868663,0.06630273852109725,2,4,5,0,19
2727,57,33.73340751713589,85.04039815228592,1,0,0.012249235896565184,0.015424234584910464,2,3,4,0,14
2734,58,62.356398632027336,7.645052043237561,0,1,0.048294098497607886,0.028329784156020332,1,3,2,0,0
2760,59,36.98059430548547,64.66524743338354,1,0,0.01581870882622782,0.021827423066430707,2,4,2,7,2
2770,60,28.66194605142659,59.94358747797284,1,0,0.025299231686223434,0.12341220514499243,2,4,3,0,1
2782,61,4.168071177883469,60.24370871159238,1,0,0.012970397717672786,0.039769537040429924,2,1,2,0,0
2794,62,15.077214011089735,63.84443203406933,1,0,0.013280903001021437,0.014682026859368263,2,2,2,0,0
2978,63,120.62728360063753,158.4032125521141,1,0,0.012464092477940539,0.012200690161674249,2,4,4,25,44
2987,64,16.36494693173807,78.69425011039587,1,0,0.024679017701684906,0.12536402743975006,2,3,4,0,0
2997,65,73.37690915368837,17.2145663692568,0,1,0.019442065365501367,0.013770896927346343,1,4,3,0,0
3021,66,109.78459553366596,32.5831484584366,0,1,0.04162267120423482,0.02506071152690766,1,7,4,8,0
3094,67,30.555124323077173,73.99715722320192,1,0,0.019333780667342128,0.011413234485350286,-1,3,3,50,4
3192,68,152.0950517025584,69.1953628627417,0,1,0.021189706693762814,0.017994998671885726,1,6,3,19,11
3313,69,79.6897375475003,119.27521811519517,1,0,0.008887568910774942,0.018316090700517533,2,4,2,28,11
3321,70,56.947137307278496,6.960043628667712,0,1,0.03728920265064272,0.0238845949283305,1,2,1,0,0
3361,71,30.50685476023233,44.72423980928233,1,1,0.04081584391821204,0.016426806830719128,0,3,3,26,7
3373,72,85.69668079071644,20.981534262307047,0,1,0.09192703704447475,0.030505138973260366,1,4,3,0,0
3386,73,63.354190997798014,26.070549690120572,0,1,0.04315307444396563,0.036098605299705856,1,3,3,0,0
3608,74,177.56071972032484,143.12748256530926,0,1,0.012615975604149872,0.015087848155003657,-2,5,3,4,0
3622,75,84.97037745401796,17.781457228212055,0,1,0.06128008615479658,0.03274540472176848,1,5,3,0,0
3630,76,13.64710032422768,63.38289539127199,1,0,0.019158296492512543,0.051391134619892184,2,2,3,0,0
3655,77,48.41782888708332,18.359684254980422,0,1,0.01788038537000865,0.023095923631656405,-2,3,2,0,0
3664,78,5.158728307279073,51.97181491016825,1,0,0.006923609357958159,0.016459957443549514,2,1,1,0,0
3673,79,-2.027744920181508,67.97537278056349,1,0,0.02444116412212916,0.05110813979000321,2,1,3,0,0
3709,80,50.78414299540222,47.33271598321406,1,1,0.035443350658497935,0.027195895297109127,0,5,4,10,0
3724,81,61.08893726769705,32.35748162116889,0,1,0.028755506066680585,0.014587593513240077,1,3,4,0,0
3732,82,65.46205774642472,-0.424529305650017,0,1,0.026878020162538034,0.024562994371317086,1,3,1,0,0
3790,83,29.47769234530185,62.14232214607769,1,1,0.0825849333765104,0.016095427322730713,0,3,3,58,0
3840,84,45.853359665841765,108.94380478584668,1,0,0.08037773861241745,0.03820588961913076,2,4,4,24,0
3848,85,56.23268956367069,2.31195130570352,0,1,0.036567062219938246,0.024579334476948714,1,2,1,0,0
3856,86,12.690221403128689,56.52487534769865,1,0,0.027808084137917227,0.024081484305234244,2,2,2,0,0
3865,87,-1.1619500874634312,81.5453541936923,1,0,0.008024263413499884,0.08763657558430925,2,1,4,0,3
3887,88,31.625783144493134,75.20865389968625,1,0,0.021478111132649046,0.08548675817378427,2,3,3,0,9
3899,89,87.62503379501302,-4.205108899542601,0,1,0.03556473590285788,0.010600808660315637,1,5,1,0,0
3909,90,3.7113978272969064,64.51790358351693,1,0,0.014646982640937172,0.018021021035601624,2,1,2,0,0
3938,91,47.40085898524322,56.0106355719547,1,0,0.014107220417936122,0.033319598879500784,-1,5,5,0,6
4038,92,97.03665888207482,138.75428435033737,1,0,0.06089972872352109,0.0365872533592721,2,4,3,17,7
4047,93,49.46246539155976,8.773408791853583,0,1,0.013417723770108532,0.003159997232608876,1,1,1,0,0
4061,94,90.25944581024837,10.779125169319322,0,1,0.06258774497947958,0.011228169091599668,1,4,2,1,0
4100,95,48.829449453688554,80.98248114125968,1,0,0.08153823984781838,0.04090146808401431,2,4,4,1,20
4172,96,44.48293515826628,114.24078575816836,1,0,0.02677078372878712,0.012215252753091634,2,5,4,49,0
4233,97,69.16976683567097,45.49461492606849,0,1,0.02054349816815357,0.023293893405760224,-2,3,3,0,19
4242,98,14.57543442543469,59.30763749967868,1,0,0.016103572193864026,0.020932516459719854,2,2,2,0,0
4428,99,162.8505161159292,203.94984240860578,1,0,0.03477757869824995,0.020816335029024503,2,5,4,13,1
4438,100,30.51108474077695,71.17037590324333,1,0,0.027341914047233528,0.07054129927241884,2,4,4,0,0
4447,101,51.16192689358246,8.587323777962371,0,1,0.01968157481656027,0.01150216598053636,1,1,1,0,0
4497,102,52.884841302032115,98.66910642774333,1,0,0.009924007014210487,0.034390461074908264,2,5,4,29,3
4997,103,257.9731302688266,326.4232877736537,0,0,0.004120163289085458,0.00281162921055893,0,3,4,120,3
5011,104,21.270282672519002,66.9017641252205,1,0,0.01889378684590579,0.015675365422288333,2,2,2,0,0
5024,105,12.541814444791264,85.41779130451809,1,0,0.029701380909988306,0.07805867150338797,2,2,4,0,0
5034,106,11.634434195478164,73.04125378533719,1,0,0.01946240053642982,0.06338897016344189,2,2,3,0,0
5099,107,40.34587724215095,88.54142155519502,1,1,0.01104309547927881,0.03444890085410977,0,3,5,27,0
5111,108,70.30648464627996,-10.376142653753762,0,1,0.026929170739094923,0.0017266081481275778,1,3,0,0,0
5122,109,66.7381136914663,0.9806243597430822,0,1,0.039037972117372505,0.006531367454572628,1,3,1,0,0
5622,110,281.2370043659099,380.5045664574515,0,0,0.0067610764547425635,0.008334017785728273,0,2,9,46,3
5632,111,54.05745518832784,5.098604845532627,0,1,0.014922853009052712,0.015122237964843504,1,1,1,0,0
5880,112,177.27217745661864,215.96337977964785,1,0,0.008588811912918954,0.03366452162576674,2,4,4,0,43
5894,113,14.062358501223656,60.182933439807,1,0,0.016268778265392456,0.020862913530734137,2,2,2,0,0
5938,114,97.97090189980793,88.22316504788765,0,1,0.048645057495181505,0.023846392071346065,1,6,7,24,0
5987,115,34.58884869471363,45.57756607283213,1,1,0.02089269903579883,0.04064744365651109,0,4,3,31,0
5995,116,71.93821267377903,18.578350737057725,0,1,0.08588970073659523,0.029039871660039556,1,4,3,0,0
6033,117,59.58555312728714,106.2304272703629,1,0,0.03756362936990518,0.07131639529012034,2,5,5,1,0
6297,118,169.28122433800195,313.5549942046013,1,0,0.005222280730400138,0.04269799370156318,2,5,16,0,105
6307,119,77.01701624219022,0.33691975513544214,0,1,0.041738510460971365,0.017615246915873198,1,4,1,0,0
6506,120,126.45104479190468,189.94794451518277,1,0,0.010706365882224777,0.01327668419181635,2,6,4,64,7
6703,121,199.1321042132714,155.9832578870735,0,1,0.014987662906692675,0.025771974087857023,1,7,6,52,9
7203,122,270.4075050990404,302.89858945220203,0,0,0.002988309709085352,0.006270972848448188,0,3,6,0,48
7221,123,24.194090517315477,79.9519773173613,1,0,0.046198202948890384,0.0462582900966843,2,3,4,4,10
7233,124,60.13245064449134,8.888864115351511,0,1,0.049424962267158846,0.019206585701335797,1,2,1,1,0
7260,125,26.172212627559286,41.55524618622063,1,1,0.04012816330308603,0.046914564919353245,0,3,5,8,15
7312,126,45.21016848012006,30.620904851808024,1,1,0.016952646706206494,0.031462564347185314,0,3,3,4,27
7516,127,123.00455498227994,190.83384368195163,1,0,0.00743903818097234,0.01150025592742511,2,3,6,0,51
7534,128,15.508109325116358,85.57179942749893,1,0,0.03620118978043083,0.052291898310544496,2,2,4,0,9
7595,129,42.63620628710727,109.85214410753159,1,0,0.036982127054594624,0.029254852672790148,2,2,4,10,14
7611,130,70.38124966629388,23.5657938699261,0,1,0.05482976199532796,0.01907762666692885,1,3,3,0,0
7676,131,68.34805652247533,78.6837427126051,0,1,0.08495790466870695,0.06699596697704609,1,2,4,47,6
7688,132,20.51338861898482,82.07019495436292,1,0,0.04548187619997989,0.05739206603927938,2,3,4,0,2
7778,133,-195.8920401286611,1047.3606900786235,1,1,0.03750698611200669,0.1799707513190829,0,3,92,4,14
7789,134,23.631709083968268,73.35958690542434,1,0,0.03532984006827466,0.0542160491480908,2,3,4,0,0
7845,135,20.6926142448406,267.8082142924098,1,0,0.03639012940433012,0.07180812798025925,2,6,20,18,17
7980,136,-415.78494967502365,2190.6555604194164,0,1,0.06063766801362153,0.18164240032931933,1,4,197,8,0
7988,137,74.4041062191489,9.192905001608002,0,1,0.0501203917593242,0.030539110353382404,1,4,2,0,0
7998,138,59.26760491984673,11.144902076291228,0,1,0.10829138478066869,0.02414997250201501,1,2,2,2,0
8042,139,33.08330127171338,122.9280064083149,1,1,0.026355447121575008,0.04226634725986889,0,4,12,0,23
8050,140,63.25709914114589,12.726131162710974,0,1,0.0651132652946969,0.02921611895513865,1,3,2,0,0
8550,141,-1858.762195216715,7661.43289957109,0,0,0.004105006776276296,0.08331041130461475,0,3,712,0,2
8558,142,72.6155404006881,16.811688420169173,0,1,0.04926012524792807,0.028853123131269892,1,4,3,0,0
8569,143,91.24008217302939,12.307065684141914,0,1,0.041534397675818804,0.025240302838132497,1,6,3,0,0
8578,144,67.07442709121361,-2.152349142200155,0,1,0.043243901310237594,0.015580567434160891,1,3,1,0,0
9078,145,-2482.1646828958646,10071.387829190287,0,0,0.00788720586916445,0.13140837111660358,0,7,935,102,1
9086,146,67.06777714068915,-3.9893598807685198,0,1,0.06831286990228463,0.016955036115435293,1,3,1,0,0
9097,147,66.66659782964099,-1.299011340119991,0,1,0.03534063066585349,0.017184812343755348,1,3,1,2,0
9597,148,-2526.661301444652,10548.581418515047,0,0,0.0034476733172616545,0.16214408825900392,0,8,971,21,0
10097,149,-2539.720342091324,10290.356961540694,0,0,0.0030600402495778076,0.1437260009509154,0,6,952,38,0
10597,150,-2543.667736492974,10252.555692093954,0,0,0.0009667989315461544,0.14342282940012716,0,3,948,23,0
11097,151,-2521.7676619293406,10220.187045324725,0,0,0.007870172625775764,0.15499899410984014,0,2,939,0,0
11157,152,-239.23385176859688,1039.6322795107944,1,0,0.02914741618032226,0.25126087381860185,2,2,85,57,0
11181,153,-16.94671948861492,246.47582059490665,1,0,0.05566557321467602,0.09238162541302558,2,4,19,11,0
11234,154,-177.2381775231592,872.1956472866386,1,0,0.025474289710527166,0.1618774232405063,2,4,75,28,0
11734,155,-2508.2782443836904,10269.054107216129,0,0,0.0027888035837146797,0.1464395870217389,0,5,949,69,0
11839,156,-502.7237348074552,2245.287210165669,1,0,0.02794931469625686,0.3056409505007472,2,2,190,20,0
12339,157,-2631.0766055730005,10335.010929009502,0,0,0.011700694396865661,0.13091707576704514,0,2,961,145,0
12502,158,-703.6174980512566,2693.793120694571,1,0,0.028642718328425545,0.12203696825658035,2,2,243,159,0
12541,159,-135.39028439675326,713.0934962481984,1,0,0.06171459992925681,0.2654978185895946,2,2,58,2,0
12550,160,63.57317918886771,-10.649309558959624,0,1,0.17870600537348175,0.0007184110343691708,1,2,0,4,0
13050,161,-2534.05619296861,10110.443209725765,0,0,0.018122853164760415,0.13987400283361018,0,8,936,252,0
13550,162,-2648.0034819456355,10616.01058256963,0,0,0.003024410907381055,0.1553765804150367,0,2,979,16,0
13566,163,29.33251251934503,6.765346332186944,0,1,0.01542331940455665,0.0041893380005259915,-2,2,1,1,0
14066,164,-2556.2346168079766,10262.790729889166,0,0,0.007504761794976894,0.15269061108779042,0,2,944,10,0
14157,165,-312.7433118164334,1561.1917285419543,0,1,0.05519284155535668,0.21382558103294821,1,2,137,51,0
14171,166,55.78204893086327,75.2940175841639,0,1,0.040796843154364215,0.20923337594548694,1,3,6,1,0
14193,167,48.08000719970511,123.16030444244731,0,1,0.02170475478428434,0.13782523190160026,1,3,10,1,0
14208,168,53.26394933384499,64.35079262559185,0,1,0.0343358999778582,0.03631034382051266,1,3,7,1,0
14232,169,-11.243929986081756,280.9841291708841,0,1,0.03162809962759273,0.20620802597651575,1,2,24,17,0
14357,170,-582.8333252783187,2562.099354752009,0,1,0.0176409487312156,0.24035750517652896,-2,2,228,7,0
14366,171,59.355972001610965,-10.654715354817998,0,1,0.04805809799956551,0.0008527439509330476,1,2,0,1,0
14473,172,-383.50916724238215,1811.105929961882,0,1,0.03128758607063023,0.1603380756746424,1,2,164,42,0
14543,173,-304.3547263703801,1416.7072782058083,1,0,0.05038264753934902,0.2817131632413499,2,2,119,4,0
14554,174,59.87454362776222,-8.278467472289666,0,1,0.019694849187823958,0.00029368704380109274,1,2,0,0,0
14562,175,60.37032769143315,-9.079021089669588,0,1,0.08993249971342564,0.0007895636583722786,1,2,0,0,0
14598,176,-56.54101560290017,461.33287779891015,0,1,0.024875511395665146,0.15578945630342506,1,2,41,20,0
14683,177,-412.2911711508517,1783.1921961333283,1,0,0.018114191034729346,0.2622592372847597,2,2,153,31,0
14809,178,-565.5625206074112,2423.6278793852634,1,1,0.026228926186279738,0.1972128446953807,0,2,218,10,0
14859,179,-169.23575282215006,753.3214482958166,1,1,0.043695911168754355,0.23401759123997912,0,2,64,40,0
14895,180,-136.6086347250489,723.7406347093613,1,0,0.024267196847569433,0.3570920687373811,2,2,57,2,0
14906,181,55.37788458960451,11.664482404907154,0,1,0.039591355572596854,0.00867621258059913,1,2,2,0,0
14951,182,-190.22798802257694,919.9273727110764,1,0,0.04299030738236155,0.3124549247335768,2,2,75,7,0
14969,183,55.74189630808557,4.610515386683211,0,1,0.04204051287871353,0.0033603377406887422,1,2,1,26,0
14987,184,47.168864148140145,64.61556631629485,0,1,0.03004950577596649,0.0419818225491065,1,2,6,1,0
15013,185,0.9618746095941937,259.1400695205845,0,1,0.030420202842523315,0.16746850260754292,1,2,22,13,0
15053,186,-165.75855556925274,807.4303219165038,1,0,0.02124666640207218,0.3016565216946345,2,2,66,12,0
15553,187,-2570.6434080281974,10244.083016604352,0,0,0.002246783800797555,0.14409235434020343,0,5,946,66,0
16053,188,-2582.4838574292608,10332.581951725251,0,0,0.0027452466368671556,0.13913820778838015,0,2,957,6,0
16066,189,54.59984734723072,19.151347562608997,0,1,0.03754983443787107,0.051065308076736336,1,2,2,2,0
16131,190,-287.01852904123143,1250.3525448885298,1,1,0.044543696941989286,0.22845641629531754,0,2,112,9,0
16144,191,53.963954703805356,16.011268101549422,0,1,0.031721019314131446,0.03979513937171059,1,2,2,1,0
16161,192,46.98933186764229,49.924317142846284,0,1,0.02675134456084884,0.03888096323910959,1,2,5,3,0
16661,193,-2466.5126934797827,9930.755125434966,0,0,0.003483823320238635,0.12539534432241448,0,3,922,40,0
17161,194,-2558.95233193658,10258.932670601489,0,0,0.001341266259435592,0.1387091318236899,0,4,950,10,0
17242,195,-377.04218304108434,1563.4619440259019,0,1,0.011242608733143476,0.20604299898856457,-2,2,141,54,0
17742,196,-2444.168342010604,10130.508120497147,0,0,0.0020959669537408254,0.14240725058338272,0,8,936,82,0
17755,197,55.02951831302771,12.643395355776303,0,1,0.08074398557964492,0.016898207182613104,1,2,2,4,0
18255,198,-2599.656036165719,10244.812569787673,0,0,0.001934844687932694,0.13589166957792218,0,3,949,92,0
18263,199,54.757023779966225,-1.1204331124995566,0,1,0.035092591923656324,0.0037336116154757723,1,2,1,0,0
18291,200,-99.23380566498358,521.9864349944976,1,0,0.028235068227740075,0.26145553682447736,2,2,42,4,0
18346,201,-189.29856429954515,1028.5472327593432,0,1,0.019361405614861132,0.21970794127634594,1,2,92,9,0
18415,202,-137.24950230204809,939.7943803408639,0,1,0.05276862181772168,0.18205823026292692,1,3,81,16,0
18440,203,-20.46715795196457,241.53068289215793,1,0,0.01937903582832136,0.13984844303182045,2,2,17,1,0
18526,204,-372.80443995431364,1630.3738513860385,1,0,0.016388139936375067,0.21998618838654024,2,2,140,34,0
19026,205,-2584.8410667937515,10342.503585660666,0,0,0.0021940824395956003,0.14885922757009729,0,3,953,63,0
19034,206,64.3541836372865,-10.241294184666234,0,1,0.2021584998401259,0.001039414227449828,1,2,0,1,0
19534,207,-2570.4618374135566,10304.064960966287,0,0,0.0031708453695262003,0.1311422349144267,0,3,957,25,0
19550,208,8.684640955482532,25.23491776568064,1,1,0.12353137466263296,0.009755083003818697,0,2,3,6,0
19561,209,53.47610514833441,13.413499324035985,0,1,0.03851656270434361,0.02738511926993684,1,2,2,2,0
19571,210,58.62703845593908,11.976908008017194,0,1,0.18509401230794129,0.007807339693746593,1,2,2,4,0
19590,211,-56.80328099557432,329.8279328384881,1,0,0.02596409867898567,0.26917047501406904,2,2,25,8,0
19600,212,60.54287347786062,1.818156895043316,0,1,0.11102716709004017,0.005401226340526652,1,2,1,1,0
19626,213,10.083882833566218,201.00840572414717,0,1,0.04320972655098855,0.021549744088984416,1,2,20,0,0
19641,214,53.33997662755295,23.883633782661757,0,1,0.046703345351956055,0.009457417584860609,1,2,3,0,0
19650,215,60.57747344887015,-11.5265451693006,0,1,0.061444147412091824,0.000709691286960582,1,2,0,0,0
20150,216,-2523.8590277435524,10108.599254076245,0,0,0.001608636512824101,0.12217065351196392,0,2,941,8,0
20650,217,-2464.682903125295,10100.00974763028,0,0,0.0030010139353317134,0.12440660601327377,0,6,940,42,0
20666,218,32.59819102200087,7.612477640441842,0,1,0.0325966705183955,0.0019372747591219984,-2,2,1,0,0
20722,219,-225.43494008343782,1084.2739177033568,1,0,0.027119369582057382,0.24841966346920893,2,3,91,21,0
20760,220,-111.44673310067685,537.3124401896075,1,0,0.01780534200595268,0.12373240163072183,2,2,45,24,0
20772,221,58.38217592583448,5.58152940567304,0,1,0.03526211002969392,0.004219085861620332,1,2,1,0,0
20779,222,66.56007264793828,-5.113128346509617,0,1,0.11123076191808585,0.002715682375217338,1,3,1,0,0
20880,223,106.91715144561424,96.77299121273848,0,1,0.016927844297922504,0.021834330723938214,1,5,4,70,14
20914,224,-48.022142782745846,380.61197493025895,1,1,0.04252458881600624,0.1837932592983398,0,4,34,8,2
20927,225,74.30085415613402,34.95268315611668,0,1,0.035748364173956985,0.023675466645000108,1,4,4,0,0
21046,226,-517.673235170179,2392.675407309612,0,1,0.008820375994059496,0.17556508242871952,1,3,219,2,0
21057,227,64.26844196911334,22.2506024359308,0,1,0.06735608262484151,0.03600739063400953,1,3,3,0,0
21130,228,-255.57646764711725,1251.1975057627515,0,1,0.0485314621716584,0.19100479123939534,-2,2,112,0,0
21138,229,3.9012688191709497,59.63178975272646,1,0,0.025828275403807936,0.03111656758659415,2,1,2,0,0
21147,230,62.49330077424566,19.831733986201584,0,1,0.1092460833186026,0.03789539751275493,1,3,3,0,0
21197,231,-124.83335574743967,768.8328238284801,0,1,0.07366408938145992,0.143730258321921,1,2,70,7,0
21224,232,3.4304258620103685,229.72047685448658,1,0,0.1561670386676527,0.12300881418145033,2,3,16,1,0
21239,233,20.215143522125434,95.40082308478198,1,0,0.04519859022287762,0.06007517802177514,2,3,5,0,0
21271,234,5.155986969732123,204.1875671078301,1,0,0.026777681233906475,0.09733834180258659,2,3,13,2,2
21281,235,66.21514480219895,1.7484941913343164,0,1,0.013393214785543516,0.01696553233558884,1,2,1,0,0
21292,236,56.999930315002146,10.48830739796265,0,1,0.017167000120918322,0.015141679939677506,1,1,1,0,0
21299,237,63.09992478031479,12.630744236158982,0,1,0.04435297958599871,0.02765612749855665,1,3,2,0,0
21331,238,15.773755626396884,279.8748591339298,0,1,0.0574380023560011,0.13915911480830392,1,3,24,5,0
21341,239,76.15633482920737,-2.3600186559477105,0,1,0.03353015887759162,0.005301407506510786,1,4,1,0,0
21841,240,-2357.3741944206763,9476.627049926166,0,0,0.0012294524611501621,0.1014512407480375,0,3,887,0,0
21868,241,29.246925883305465,212.7037025270913,0,1,0.04880592693109538,0.1142012180044515,1,3,19,3,0
21898,242,-81.83206812866179,569.0756264326805,1,0,0.02994712553422824,0.29593105273570053,2,5,46,13,0
21908,243,17.16179051534039,59.50148007856328,1,0,0.03325890308579309,0.025635987927994586,2,2,2,0,0
21916,244,73.65957318222578,7.179416331294915,0,1,0.04932919329042863,0.01625972652892081,1,4,2,0,0
21924,245,73.24661677038715,6.572412446336715,0,1,0.040683785238597656,0.0176623858472114,1,4,2,0,0
21934,246,81.12552455496731,11.748432470418056,0,1,0.03558974012770412,0.010081713918494134,1,5,3,0,0
21945,247,20.24305250616176,7.746357901017273,1,1,0.00790059477791097,0.010659566959041921,0,2,1,0,0
21953,248,65.88964844007272,-4.457877128532147,0,1,0.04961290082808746,0.008899981660591314,1,3,1,0,0
21970,249,101.63364006168102,5.602692443781141,0,1,0.2492407703288827,0.025116777286749242,1,6,2,5,2
21978,250,66.79375024457946,1.2059729377512163,0,1,0.06498513941079936,0.012256583765751878,1,3,1,0,0
21986,251,74.51175819923452,6.087022626086183,0,1,0.03304395426450494,0.012609440673858791,1,4,2,0,0
22134,252,-624.7921204020929,2678.3080308889957,1,0,0.06774229405886305,0.15471383233463532,-1,4,242,45,0
22143,253,54.039184722349496,14.219091449390572,0,1,0.060612221051547226,0.01828029157815476,1,2,2,0,0
22151,254,55.4076596918526,11.156569639189286,0,1,0.04724687174380729,0.028162841390226047,1,2,2,0,0
22159,255,58.694715355050334,15.767143148465564,0,1,0.03678287122087877,0.021508609998322006,1,2,2,0,0
22205,256,-66.67638716706318,477.129365172006,1,1,0.02356941252060023,0.16331555913333437,0,4,42,7,11
22212,257,55.35188519443708,15.40694793550248,0,1,0.03576964981702368,0.028203516243738146,1,2,2,0,0
22219,258,65.4145011590939,-3.1157496200663957,0,1,0.045454616547452455,0.025356777555543292,1,3,1,0,0
22226,259,66.07337516043872,8.168030967798565,0,1,0.038727984643518294,0.025235956671256974,1,3,2,0,0
22238,260,88.54301237124054,17.749140728863626,0,1,0.1237620634309467,0.0171174285877481,1,5,3,0,0
22251,261,70.18697778771954,43.158735874950345,0,1,0.06180599879983816,0.05306532072276261,1,4,5,0,0
22295,262,-72.01601865229362,504.93821243801847,1,0,0.01785855982595828,0.12360780829557054,2,3,41,0,0
22321,263,28.743614664327136,85.605261652758,1,0,0.12802549147371795,0.08461278461594278,2,2,3,1,0
22330,264,47.51448188220951,4.749633238796381,0,1,0.024306894022258024,0.02152657349095389,1,1,1,0,0
22830,265,-2523.3112475481075,10023.418980941833,0,0,0.007846698341944208,0.10874075592615073,0,2,938,29,0
22839,266,65.497594932521,22.146476789552455,0,1,0.18753137712507842,0.04202562012537822,1,3,3,0,0
22848,267,64.44680740625262,26.445522683632518,0,1,0.14357281846252137,0.06999718526246777,1,3,3,0,0
22866,268,46.396752340327524,126.1221796628017,0,1,0.15164864386275995,0.16905623480208604,1,2,10,0,0
22901,269,-131.48275600325786,698.9038186606042,1,0,0.03786698270802308,0.3385008223601196,2,2,55,0,0
22956,270,-170.08376820508437,824.5281476521243,1,1,0.10588933228857142,0.21949104168292238,0,3,71,28,0
22967,271,55.59289004324145,20.04090476251723,0,1,0.15918527372205984,0.009817030570987297,1,2,3,7,0
23023,272,-161.3626106545505,897.3627234839466,1,0,0.03164179165650233,0.21847861244940575,2,3,74,3,0
23039,273,62.34055392086629,53.41081756991636,0,1,0.4470574723789173,0.026016960108405193,1,3,6,2,0
23047,274,60.84471318801888,-6.748300561051403,0,1,0.06652051399929551,0.00034822626396408153,1,2,0,0,0
23076,275,1.753055392473982,304.9714440421076,0,1,0.1532601664786697,0.17031484496005664,1,2,26,5,0
23085,276,65.24609656033897,1.1794025725128563,0,1,0.026552432251108024,0.010216075504520342,1,3,1,0,0
23096,277,57.30066574012803,2.9766410850864986,0,1,0.03969552029232725,0.0021905245752477046,1,2,1,0,0
23105,278,48.999370141705725,5.989298338063854,0,1,0.012702694709101483,0.0021950536690102146,1,1,1,0,0
23605,279,-2424.188546430492,9588.463416134844,0,0,0.004256005085815045,0.11765325851834284,0,3,891,91,2
23628,280,-73.14600607117538,431.11924622997753,1,0,0.03198169401981796,0.3134550976371907,2,2,33,4,0
23667,281,-75.06520615788952,560.3225400353545,0,1,0.17286563159075724,0.16489684331583285,1,2,50,20,0
23707,282,-135.78772990706253,721.4689343265303,1,0,0.022088172902720415,0.21888487534404844,2,3,60,1,0
23730,283,-56.541032834773716,380.2090631627438,1,0,0.020940128639153132,0.20357129733036228,2,3,30,12,0
23756,284,24.74811289020464,99.67608313811881,1,0,0.027586953364757694,0.03366412269339087,2,3,5,2,2
23778,285,-64.00679091845342,409.99373718877405,1,0,0.02448622907250136,0.24157128403998715,2,3,33,0,0
23926,286,103.19313828203842,85.6603882916997,1,1,0.013897868706070534,0.009719081810742438,0,4,5,5,69
23966,287,-149.35630619152786,742.9997381174037,1,0,0.031781891626212214,0.22485196756042267,2,2,62,0,0
23973,288,72.49402422103753,6.442737911667891,0,1,0.02927910501978421,0.017491064689218513,1,4,2,0,0
24025,289,-211.79362984439234,1029.3380672936507,1,0,0.03427937471861456,0.300672909750443,2,2,84,17,0
24034,290,58.522882671570414,-8.222199927536678,0,1,0.03229183667826722,0.0009394350594969397,1,2,0,0,0
24057,291,10.386053910405838,233.2488743118823,0,1,0.23780484766425156,0.0822247404572256,1,2,22,0,0
24068,292,18.083500248899842,-5.549813802557708,1,1,0.3547423110511833,0.0013975627882356816,0,2,0,4,0
24090,293,-62.78728784701528,381.8013071528318,1,0,0.017743454337991862,0.23365525006170976,2,2,30,0,0
24157,294,95.10570967143362,108.83078384986129,1,0,0.026842806783824336,0.015250902736605952,2,8,5,13,6
24168,295,76.1343198448497,0.9021190862519788,0,1,0.5987253583053234,0.00624575127834913,1,3,1,5,0
24190,296,-62.58036653908724,419.56970202859804,1,0,0.04293959537650149,0.42147669851325703,2,2,30,5,0
24215,297,-75.92938100047304,439.6200755740575,1,0,0.015868567040119325,0.23305875518929625,2,2,35,2,0
24263,298,-194.42689612739127,915.5776268454124,1,1,0.02922614987371779,0.26966009900343346,0,3,81,12,0
24763,299,-2490.170842283262,9980.15830868812,0,0,0.0021348603757503494,0.1239702039326934,0,3,927,59,0
24840,300,-246.31368826824638,1401.2069013976154,0,1,0.0433135673488088,0.24586020442142179,1,3,122,12,0
24849,301,45.93083593160748,5.075771659448531,0,1,0.01965244418139853,0.002158515992424023,1,1,1,0,0
24889,302,-131.170745837407,714.2127824965157,1,0,0.04417406401896063,0.207341046900357,2,3,60,0,0
24896,303,66.09250942891362,-1.1020811288308803,0,1,0.042230193803791394,0.012314139479361063,1,3,1,0,0
24925,304,-96.00667592379821,520.1103610684354,1,0,0.027402565300390428,0.30850145947398666,2,2,40,9,0
24950,305,-83.27024393024855,482.08515450034946,1,0,0.022224607079414805,0.36505286648018803,2,2,36,9,0
24962,306,68.01439875363994,-0.26868820587633024,0,1,0.012150681730830205,0.003291690986027693,1,3,1,0,0
25004,307,-120.01235025484246,686.0125603813515,1,0,0.020721160565832418,0.20120198699754172,2,3,56,11,0
25034,308,-15.824890475478906,365.0949879555352,0,1,0.02425994159417067,0.1357912870279316,1,3,33,4,0
25104,309,-213.65038402108394,1148.9467161170007,0,1,0.08780954552943998,0.17923989552239547,1,2,102,22,0
25305,310,165.06815650317398,197.44169425745918,1,0,0.08131679377557292,0.028730026807895707,2,4,3,24,4
25365,311,53.480663237705194,53.45879586991096,1,1,0.10869172000010617,0.020716465528119402,0,4,3,14,2
25379,312,51.68001413716398,66.06158461514264,0,1,0.041680032083632426,0.0438496970005872,1,3,7,0,0
25388,313,64.4999905553702,6.816162320908875,0,1,0.08697053406033205,0.021269702627824936,1,3,2,0,0
25396,314,56.77237564323449,0.17703301210632816,0,1,0.019368150471068143,0.00925543006029974,1,2,1,0,0
25450,315,-222.7154298221286,1026.4080289785393,1,0,0.018355335636021992,0.24196549532126552,2,3,86,40,0
25523,316,-337.10566499678595,1502.653933467153,1,0,0.014708118969559487,0.2462815057568516,2,2,129,7,0
25555,317,3.797711898239097,313.3800964188087,0,1,0.15723007518920057,0.1274074092188818,1,3,28,1,0
25566,318,57.63779121021625,3.1030934474417187,0,1,0.027260479079668467,0.0015822469180986334,1,2,1,0,0
25575,319,60.102372254144626,-6.9960963285096724,0,1,0.01429952316618141,0.0028693539726453504,1,2,0,0,0
25586,320,80.98387303874043,19.996034685495893,0,1,0.12963263506232545,0.05013076462324383,1,4,3,0,0
25681,321,122.00402377880808,84.93989638771666,0,1,0.04539882018223814,0.010924150398717254,1,4,3,14,0
25699,322,7.476673514541805,161.11517047809988,1,0,0.03560859577559317,0.19472424259048954,2,3,10,0,0
25787,323,-414.03762248427097,1754.292396647965,1,1,0.013744229732783326,0.21123172205096477,0,2,158,4,0
25814,324,-82.45303377106127,512.267602880381,1,0,0.029990077226662585,0.335216356267049,2,2,39,1,0
25834,325,19.89854013836923,73.58273408991778,1,0,0.03965655029301301,0.028741758937842865,2,2,3,2,3
26334,326,-2473.38358079855,10056.073054879202,0,0,0.009167512749504099,0.12145101258316854,0,3,936,0,0
26354,327,45.743390506347765,131.77582231501592,0,1,0.11089144752795521,0.15895038041455853,1,3,11,0,0
26375,328,-68.22910399136799,417.6309633950221,1,0,0.029189380247944024,0.37312863312678163,2,2,31,2,0
26387,329,66.93709938396078,-2.8936871023461173,0,1,0.009444138791926016,0.0011979017260473764,1,2,0,0,0
26408,330,13.303814264295596,224.14938866569628,0,1,0.2969353529393126,0.16148731309688197,1,2,20,3,0
26426,331,-34.7157659456135,298.62402838971775,1,0,0.045862536935133896,0.3511960431593839,2,2,20,1,0
26435,332,59.45342802074676,-8.91418269715514,0,1,0.04537828154097608,0.0010355239078360017,1,2,0,0,0
26454,333,37.818588793615504,124.52630086881578,0,1,0.23585913883524395,0.16881081826377986,1,2,10,5,0
26482,334,16.04339341768534,237.34440104364396,0,1,0.1065945830441719,0.054250246754639665,1,2,22,2,0
26514,335,6.138007996430893,311.6613043907915,0,1,0.2126191161094973,0.12019204488660155,1,3,28,0,0
26522,336,60.859556219629695,20.072859590181256,0,1,0.015824456879390412,0.012182806288897983,1,3,3,0,0
26531,337,74.47371683620959,20.50058645813901,0,1,0.10464085102062512,0.013509527318875236,1,4,3,0,0
26542,338,14.090981225053017,17.19357884260284,1,1,0.3585395102957064,0.015201495686779965,0,2,2,6,0
26553,339,59.23667355479735,-5.022900516863283,0,1,0.019751663767577917,0.0005348010729997408,1,2,0,0,0
27053,340,-2524.3198974467414,10207.331780682205,0,0,0.002487096305916974,0.13032111055562198,0,3,947,5,0
27061,341,55.44062048158895,0.3767192498721812,0,1,0.06490438649269571,0.0033909900608156984,1,2,1,0,0
27106,342,-197.82197054658423,927.040473996337,1,0,0.023825539246464262,0.25647558837464085,2,2,78,9,0
27188,343,-394.61630638576804,1693.0995519475698,1,1,0.016279001675463842,0.24182071701197455,0,2,151,6,0
27196,344,56.55478714831547,0.8741555431244237,0,1,0.09516577333693149,0.0026057342538182565,1,2,1,0,0
27224,345,-8.570003667343936,308.39629838281047,0,1,0.16565032119745587,0.13409899461585664,1,2,28,0,0
27243,346,37.12740993949561,128.42681378002413,0,1,0.06087147908900522,0.1212024398300585,1,2,11,6,0
27250,347,59.59193710866533,2.073007292878909,0,1,0.17805475739976556,0.005055021358476577,1,2,1,0,0
27279,348,-112.07342585175724,587.4365847050191,1,0,0.028179884786481434,0.23520164663827786,2,2,49,0,0
27289,349,56.07906206633791,3.4151368822153554,0,1,0.027274386492128388,0.0017071574117576535,1,2,1,0,0
27312,350,20.48494395004474,209.19301524245265,0,1,0.25383030918872834,0.15772765895446939,1,2,18,0,0
27325,351,60.84930488493943,-5.861391370362687,0,1,0.01738152865182374,0.0012247487051376305,1,2,0,0,0
27333,352,58.630199680338535,-7.133633487193396,0,1,0.04342404091099532,0.0017136405630564157,1,2,0,0,0
27341,353,58.85462376712299,-0.8791366974304662,0,1,0.11168426409929953,0.0025157148890607604,1,2,1,0,0
27388,354,-107.86803673356988,719.8257316322319,0,1,0.114833994024678,0.17641706844884644,1,2,64,11,0
27415,355,-97.43058517300697,532.2134140918719,1,0,0.015444935550359385,0.30263809598187713,2,2,42,1,0
27423,356,59.73285968750727,-1.0502627173775707,0,1,0.5397337794430641,0.009082765437862062,1,2,1,4,0
27443,357,3.697357390490538,98.37756331440654,0,1,0.01372207643924089,0.022753845926162836,-2,2,10,1,0
27455,358,58.375811617831225,-8.489973449037354,0,1,0.029102744070297074,0.0016100245105268318,1,2,0,3,0
27462,359,54.67164077254262,-4.395684151224206,0,1,0.05935091785399798,0.0064293716549574725,1,2,1,0,0
27470,360,54.65189588583858,-1.5843423870076059,0,1,0.03992641095172545,0.003415424417375115,1,2,1,1,0
27477,361,53.966694280225184,10.323902567126133,0,1,0.13441964872546852,0.0071605478353545205,1,2,2,0,0
27485,362,58.356426312407976,-10.71373497540361,0,1,0.04181305917461174,0.0014744361929288693,1,2,0,0,0
27494,363,62.34741546695078,-5.802681902143041,0,1,0.09018694778880071,0.001217824441904407,1,2,0,0,0
27502,364,62.99063216851829,2.109907941214665,0,1,0.4191668696601757,0.0036811389362959453,1,2,1,2,0
27510,365,59.95333613896532,-9.89502030907352,0,1,0.058231948988504784,0.00014361167795001777,1,2,0,0,0
27518,366,55.987911322990364,-1.5913840878590868,0,1,0.04386137325402789,0.0024686786889219726,1,2,1,0,0
27525,367,54.2478713983467,-1.426348636302757,0,1,0.04782253419351812,0.0021448351910534733,1,2,1,0,0
27534,368,55.660452339205335,-0.3518219204551922,0,1,0.030570107585208568,0.0029525634003983187,1,2,1,0,0
27543,369,56.68198037106454,1.6577582156906967,0,1,0.06748118892577906,0.0018158029612764708,1,2,1,0,0
27552,370,56.911887438752586,-0.8185257734487443,0,1,0.06338474278508094,0.011478086746129226,1,2,1,1,0
27564,371,53.330902350488074,12.73517124011669,0,1,0.0818054909791358,0.004407046733043666,1,2,2,4,0
27571,372,55.16656884651994,-1.98204327982255,0,1,0.0718588176649375,0.008297651418736014,1,2,1,0,0
27611,373,-144.53556625555117,739.3867742299467,1,0,0.025018049662283555,0.24397163394329485,2,2,61,2,0
27619,374,58.719894107805715,-12.243039154893914,0,1,0.06535489198928769,0.00038676509679224014,1,2,0,0,0
27627,375,60.12994074472829,-10.863223198424084,0,1,0.0631570763269358,0.0012682786968123692,1,2,0,0,0
27637,376,58.26252290937276,0.0945902928852469,0,1,0.06148855832975113,0.002194791443423702,1,2,1,0,0
27667,377,-100.89433852689461,527.2744826208459,1,0,0.012953502581669588,0.21796300498181184,2,2,43,5,0
27675,378,72.7651114134485,-3.597397721820254,0,1,0.14297614034649053,0.005687267072097362,1,3,1,1,0
27683,379,59.29571174370146,-10.332852273303503,0,1,0.06602062076933321,0.001703542642006081,1,2,0,0,0
27692,380,57.09467590586442,-0.022830757868719687,0,1,0.049008824849725026,0.0024312712116517834,1,2,1,1,0
27743,381,-213.26823263608654,987.6458974626266,1,0,0.013251540868448703,0.1838554097340692,2,2,86,1,0
27751,382,51.17490208522883,21.71208502130657,0,1,0.09776944701740807,0.009106303849955378,1,2,3,1,0
27768,383,-49.515372524992095,310.2844485379819,1,0,0.019059864950423236,0.24604216761700293,2,2,24,0,0
27777,384,54.91371538195632,0.21692572172052138,0,1,0.03798124531387989,0.004305985363914393,1,2,1,0,0
27785,385,55.354460498377165,-0.3960590178277208,0,1,0.11105125371577282,0.0026342377423328642,1,2,1,2,0
27800,386,44.5281313560579,89.60905717410918,0,1,0.28219552460367475,0.11442764828420549,1,2,8,4,0
28300,387,-2479.0334115773967,9966.97047860138,0,0,0.004050957736069471,0.13601574923784157,0,2,920,22,0
28329,388,-92.61859429355704,531.2458562002247,1,0,0.0250058265175874,0.2721693707528941,2,2,42,0,0
28565,389,130.13140071329235,175.27498181823046,1,0,0.009358850287923264,0.004656749842819356,-1,4,2,70,1
28574,390,10.09136004387653,58.47646653849262,1,0,0.014358323112953729,0.022577129780725555,2,2,2,0,0
28633,391,106.80101342756845,65.84348650513324,0,1,0.030961922909770047,0.016227661089965595,1,4,4,7,0
28642,392,13.340320846663051,55.64322672312855,1,0,0.03928780815131775,0.05673761145547202,2,2,2,0,0
29142,393,306.0336025070691,320.59936761228334,0,0,0.01134097733035617,0.00612213782818701,0,4,4,14,0
29149,394,74.6262272011249,7.1146747956407985,0,1,0.06603571925111691,0.05164816533267478,1,4,2,0,0
29158,395,75.38424701111254,11.699226283664366,0,1,0.06163705568723627,0.04612685545781535,1,4,2,0,0
29187,396,80.18025124644123,44.35504222032746,0,1,0.060675311378857455,0.025860014952770616,1,4,4,18,0
29194,397,65.30284465179804,9.562488426017385,0,1,0.06744433357694922,0.058524947713426013,1,3,2,0,0
29214,398,38.92754399967297,77.2810936183171,1,0,0.027558699526761026,0.03369164335590048,2,4,4,0,0
29252,399,105.40411695880243,41.784917309827065,0,1,0.06545823841999847,0.017577643483288042,1,5,3,0,0
29261,400,18.07074094108814,72.31672240473603,1,0,0.031068918759784063,0.05268130719125343,2,3,4,0,0
29284,401,42.188025555238454,84.7520929399071,1,0,0.06558821963224389,0.0607491102393391,2,5,4,0,0
29293,402,74.90312334913631,6.983698503888794,0,1,0.047500255945673114,0.03956194656588155,1,4,2,0,0
29423,403,121.1155114090425,57.68436116242508,1,0,0.012561954633040967,0.009735796684279666,-1,5,3,6,87
29434,404,0.13607005569653374,67.36843664450066,1,0,0.005369808989405717,0.017443341265347658,2,1,3,0,0
29467,405,64.02767588656214,61.46996820231935,1,0,0.013341524997712073,0.016310476262146885,2,6,3,0,11
29523,406,112.39449106471446,53.86603950389037,0,1,0.03174245461435267,0.018605402396904443,1,5,3,18,1
29536,407,90.32968545678506,10.362052201261895,0,1,0.06694796432859164,0.010825458120035271,1,4,2,1,0
30036,408,293.49766636258045,265.35054527471226,0,0,0.003721299333172335,0.001815022605598388,0,4,5,15,69
30060,409,53.28093108384641,85.250445354645,1,0,0.052124905281285744,0.03362088789973912,2,5,4,0,0
30560,410,315.48404659529166,284.7623537752732,0,0,0.011250169886550587,0.004274418895976163,0,4,5,0,39
30574,411,24.470899294840656,66.46596737358547,1,0,0.01668561041577748,0.029471673832373528,2,3,3,0,0
30605,412,53.54362517727456,83.33536326873175,1,0,0.01659220450289374,0.016211749868736903,2,5,4,0,0
30675,413,116.97342374220307,70.45104819449982,0,1,0.014983740945310822,0.01865723915666663,1,5,5,11,1
30716,414,33.88588131468367,61.931640621430475,1,0,0.04346948588139902,0.010367632873223839,-1,4,3,24,0
30727,415,78.45408626560155,3.935381539294088,0,1,0.07809893104528927,0.017207209893836655,1,3,1,3,0
30773,416,62.51536271132125,78.16002757844252,1,0,0.031873355570051165,0.03053253084814162,2,5,3,5,14
30899,417,84.88766738684372,116.28799633512683,1,0,0.0855024135407563,0.04173058494412847,-1,4,5,27,20
31146,418,186.74670655768057,126.26093427523499,0,1,0.007161321472816781,0.005066126190206141,1,4,2,57,32
31243,419,80.87374098377694,138.8534926940073,1,0,0.1420357731581286,0.08431579821771544,2,4,5,0,0
31295,420,46.929713793001284,139.79066082175777,1,0,0.03487882572477625,0.022467266343718872,2,4,8,9,4
31373,421,58.497117343929204,115.39955236765105,1,0,0.031735461831888724,0.022305461616781333,2,4,4,34,22
31451,422,71.5126519822245,127.05586339785988,1,0,0.08182741682033268,0.04074633083613388,2,5,5,14,2
31564,423,104.99501327280255,57.31403358317457,0,1,0.025905219451050385,0.020971422537796196,-2,4,4,23,61
31590,424,45.493886663772486,79.38367746307446,1,0,0.03235085405211864,0.014128493046762409,2,4,3,2,3
31644,425,113.6439436316878,53.21068680186584,0,1,0.02346713148311756,0.025432789761667914,1,5,3,16,0
31929,426,212.43344195735506,186.8441920932954,1,0,0.018103939916594498,0.005324901304346482,-1,6,5,21,2
32429,427,324.5462709572804,323.410389295928,0,0,0.03361259739455244,0.0021064337973720586,0,5,4,29,2
32475,428,56.44470318231659,77.43771409581942,1,0,0.03569000707304005,0.02377660093325081,-1,4,5,0,4
32534,429,40.46494541480503,97.12638774473083,1,0,0.022095921002086093,0.010038016138210116,2,4,4,29,5
32543,430,10.21464455126047,64.40123480603803,1,0,0.01866314780108764,0.03437687296070207,2,2,3,0,0
32553,431,8.823177535445478,63.272838657887405,1,0,0.014799462887518272,0.02957973420706377,2,2,3,0,0
32570,432,91.78760050170904,25.500374428329135,0,1,0.23671196631145258,0.032754921775108255,1,5,3,9,0
32626,433,64.77217175430687,53.052515755884606,1,1,0.037490724834134743,0.015897072035754932,0,5,3,18,3
32638,434,78.53670301947692,26.732495733236945,0,1,0.19238583841417956,0.024615287200893076,1,4,3,0,0
32672,435,101.37309632316942,58.47422497968909,0,1,0.0713839511370599,0.02791409375667678,1,4,4,0,1
32690,436,62.04209344538677,81.7668601405195,0,1,0.05493132643916245,0.03007382221563272,1,4,9,0,0
32699,437,62.098864502883956,19.481476945898137,0,1,0.1518443926162175,0.013952032664868505,1,3,3,0,0
32725,438,98.06550321164052,35.11990148223735,0,1,0.037166966024705254,0.017404396652710586,1,6,4,16,0
32761,439,48.28494673533112,52.151800937615334,1,0,0.11833313710975074,0.0985730785417391,-1,4,4,8,19
32771,440,71.44144056892449,29.81863406909152,0,1,0.22579499391177835,0.0487309961476334,1,4,4,0,0
32780,441,75.70729645106955,4.777676279294475,0,1,0.0561674291552188,0.02005372023668407,1,4,2,0,0
32804,442,88.88134079737449,37.70274930515457,0,1,0.027085793765978517,0.025179490648326475,1,5,4,4,0
32820,443,79.74719940952463,34.29739544177806,0,1,0.050725617623890135,0.021180872836015677,1,4,4,3,0
32847,444,27.349943209760326,83.16024015768414,1,0,0.011597468221631279,0.02851342371446068,2,3,4,0,4
32858,445,37.028525965334154,61.56503194504022,1,0,0.03350897285051027,0.022638876430929246,2,4,3,0,0
32876,446,86.08829744571185,39.609304329271765,0,1,0.08840866238976303,0.017057924221556726,1,4,4,2,0
32922,447,62.160147196125195,35.08078988297654,1,1,0.05248426612301831,0.013855075229556226,0,5,3,5,8
32928,448,65.8508994009901,-1.9514367251312006,0,1,0.054518833234466796,0.02374980293752651,1,3,1,0,0
32941,449,78.91963500556326,36.76524577071716,0,1,0.13240147535626967,0.0330112747057946,1,4,4,0,0
32960,450,28.408239046353156,38.09021938026284,1,1,0.06512081185745375,0.030075574180325998,0,4,4,11,0
32982,451,77.27761480270311,44.360061096917164,0,1,0.08991028760978695,0.03920904097059877,1,4,5,1,0
33017,452,58.76120962920234,81.37299516059636,1,0,0.06309825428019716,0.04341434038126399,2,5,4,7,18
33083,453,81.42832933254545,56.74022461579519,1,0,0.026079203522594963,0.014173739930712546,-1,5,3,2,11
33091,454,76.07304964000929,4.855380126430758,0,1,0.058578931955965564,0.027372395163505245,1,4,2,0,0
33591,455,-2132.8359488231354,9094.675182930272,0,0,0.0353127485091399,0.11534642615304377,0,11,846,26,24
33612,456,-17.5551880516176,315.79570725052736,1,0,0.04779624927715103,0.25795233841463805,2,4,23,0,0
33635,457,48.78685760691935,39.878197116955235,1,1,0.09075024188493475,0.038781178830256405,0,5,4,2,0
33642,458,56.441956846898435,0.6932765716803075,0,1,0.09592592757550987,0.01941186316641174,1,2,1,0,0
33663,459,75.32110456179362,38.889258524338004,0,1,0.038782706457340554,0.027024403182354582,1,4,4,5,0
33671,460,73.99983974055635,17.47537777959247,0,1,0.13422336142873628,0.031803866729767614,1,4,3,0,0
33730,461,55.44299087820252,67.41981074852364,1,0,0.019937745589816633,0.015193654517668836,-1,5,3,22,3
33738,462,56.73073247740085,3.7349497070892426,0,1,0.06416260080717975,0.019162756497342125,1,2,1,0,0
33747,463,58.35726423017567,5.095498343949888,0,1,0.0446369813551207,0.017298194820973774,1,2,1,0,0
33769,464,83.22204258593791,30.109128491669033,0,1,0.3104183055339489,0.027773132236212587,1,4,4,12,11
33830,465,49.940235771442204,70.28091328117759,1,0,0.020703921759244334,0.025053225349530812,-1,4,4,24,13
33838,466,67.28300356954506,0.7992906815552363,0,1,0.08093043356924212,0.01835133945243686,1,3,1,0,0
33845,467,57.12789692827887,2.668141275372795,0,1,0.08642101434039531,0.02113871286370955,1,2,1,0,0
33882,468,46.84038365349505,66.48865631641415,1,1,0.07379800978818006,0.029654727332048214,0,4,6,2,11
33889,469,54.38610483835127,13.444131204820144,0,1,0.13130073788634156,0.03214898833438183,1,2,2,0,0
33965,470,51.636135190253825,62.08369535368924,1,1,0.029232536334691046,0.018082651647840235,0,4,2,48,0
33976,471,90.19136649783611,-6.701923892784741,0,1,0.0593415067629734,0.012136678268524083,1,5,1,0,0
33984,472,57.691703372068915,1.3307828068102943,0,1,0.053930918230127106,0.019259603603417694,1,2,1,0,0
34001,473,75.85375871737347,32.861442205341426,0,1,0.16741112948142847,0.06554781302934909,1,3,3,2,0
34009,474,77.5576837144925,-3.942106583135967,0,1,0.07048153936779895,0.018318824998560832,1,4,1,0,0
34030,475,53.767083631887104,187.70029896975186,0,1,0.06893799369680172,0.21063400475992053,1,5,16,3,0
34038,476,57.60729056304936,12.072707594200487,0,1,0.06436294450208083,0.02379456571722337,1,2,2,0,0
34045,477,55.704451839867886,13.695820995957241,0,1,0.2187801560347061,0.027774806421477973,1,2,2,0,0
34053,478,55.55567131566637,3.2433401309700773,0,1,0.05378032143346413,0.01867390586073942,1,2,1,0,0
34062,479,59.141965733883524,1.9608531319398992,0,1,0.071550552525667,0.01601520068813079,1,2,1,0,0
34070,480,60.54910059881351,16.964390926610175,0,1,0.057024676542775474,0.026593230326993664,1,3,3,0,0
34112,481,1.2698794655633279,406.26616205877053,0,1,0.1525897551382997,0.11203375188671118,1,4,36,12,2
34118,482,58.8792920471069,-0.776042221648634,0,1,0.20035860617230802,0.025677148860357577,1,2,1,0,0
34125,483,56.49881292287378,3.213443473742691,0,1,0.09777861528842,0.023849511818277064,1,2,1,0,0
34144,484,54.74670903640518,31.774164938657144,0,1,0.03035863149964786,0.025228194336081294,1,2,3,7,0
34158,485,74.65161985001457,28.773827365650746,0,1,0.11081361223572218,0.03751903105918004,1,3,3,3,0
34168,486,68.4657045126225,4.2954624231761755,0,1,0.034650566794794946,0.016658734438725734,1,2,1,0,0
34180,487,7.026417445934161,47.68273772968334,1,0,0.013621425090707703,0.016169778469507467,2,1,1,0,0
34222,488,55.04458445270407,123.07372539369277,1,0,0.054905320781173626,0.04465035179261044,2,5,7,1,3
34232,489,65.11133928473554,3.393368421969466,0,1,0.042368424291622644,0.02002261021885806,1,2,1,0,0
34241,490,54.281006131640794,15.132166460683028,0,1,0.04918603656235053,0.017065609814515072,1,2,2,0,0
34741,491,-1801.8686686458793,7634.901470509606,0,0,0.007202682273683473,0.10385149855509242,0,2,701,79,43
34763,492,96.54296154352218,37.38057473315622,0,1,0.2004287900759481,0.03704284058818364,1,5,4,1,0
34788,493,18.403609181396526,75.25575015624958,1,0,0.08797035993623695,0.030598812685009174,2,2,2,13,0
34828,494,-101.66156018566095,652.9773876719463,1,0,0.04336427028919723,0.3118376571233249,2,2,49,9,1
34951,495,-518.7311080415134,2496.2497665854808,0,1,0.011067948223624195,0.24264123206788246,1,3,221,18,0
34960,496,59.25873498424883,-8.878215025929537,0,1,0.05478550231430868,0.0010465916659675696,1,2,0,0,0
35172,497,-1023.4659725380662,4373.620575522532,0,1,0.006269854765818081,0.14937580380793286,1,4,405,35,0
35672,498,-2523.6721249833536,10290.365492242317,0,0,0.00274024970145087,0.141110978445648,0,2,951,48,0
36172,499,-2587.0422607887713,10334.106211836299,0,0,0.0034927659922270047,0.14753854239921435,0,3,953,29,0
36180,500,65.73410181523366,-8.691815975365982,0,1,0.619980096807435,0.0007391473172425439,1,2,0,7,0
36680,501,-2578.416216332005,10336.338891441996,0,0,0.0030268060572402867,0.14681819813169786,0,2,953,9,0
36691,502,60.0061982448686,-5.936358729614154,0,1,0.029934736192238267,0.0007932509326367479,1,2,0,0,0
37191,503,-2607.935369003028,10345.747739419705,0,0,0.0020172083205556844,0.14121911174627064,0,2,957,17,0
37257,504,-301.6372883049937,1324.912910885533,1,0,0.022347434454631984,0.25725908517049656,2,2,112,39,0
37593,505,-1508.7571949789844,6289.701403718835,1,0,0.0071904095911495295,0.12751636361503826,2,4,577,43,0
37603,506,59.59899701876466,-8.472281603749934,0,1,0.0299228336357773,0.0,1,2,0,0,0
37612,507,62.460784716191355,-8.71513255366049,0,1,0.0965977576610196,0.000268218279245047,1,2,0,0,0
37621,508,65.54182998525499,-7.570730009318727,0,1,0.26932057995360453,0.0011190064013322845,1,2,0,4,0
37632,509,59.17469972527395,13.886249620238754,0,1,0.13512846309870588,0.004893768568322248,1,2,2,0,0
37641,510,63.419618622688766,-8.600009244072865,0,1,0.10671996799669901,0.0003839803340545975,1,2,0,1,0
37651,511,55.10667593611407,19.300177102736885,0,1,0.4268211368918247,0.009194487732067335,1,2,3,2,0
37660,512,60.803310525531785,-0.40613902633860377,0,1,0.33198649036262284,0.0028411307959048345,1,2,1,5,0
37692,513,-7.219998587961712,324.1528467658897,0,1,0.09214768252282861,0.1544297418818727,1,2,28,12,0
37701,514,59.0268531439875,-12.290764972465128,0,1,0.0521627268518198,0.0006470653569262235,1,2,0,0,0
37710,515,55.1358501528933,7.210972740824719,0,1,0.08278779903251204,0.013241130860889681,1,2,2,0,0
37721,516,49.43156211342733,52.382211714971376,0,1,0.2416249984714964,0.04801757929772674,1,2,6,0,0
37729,517,64.31371948812213,-11.391464259021197,0,1,0.19213644378535716,0.001765253928960817,1,2,0,2,0
37739,518,58.6531698874329,-9.030975557543861,0,1,0.05258115434405908,0.0008189237238054585,1,2,0,1,0
37869,519,-614.5772919423761,2634.0982654075124,0,1,0.013086458072441817,0.20857492532787755,-2,2,237,16,0
37879,520,61.20833797700911,-6.759510107559173,0,1,0.07290935198908206,0.00014043974334232982,1,2,0,0,0
37890,521,54.40177950688343,23.378547552243223,0,1,0.13892408886155228,0.03344176082270805,1,2,3,4,0
37898,522,61.537729460184906,-12.977985737499047,0,1,0.13638304878577287,0.0005952207758339199,1,2,0,2,0
37909,523,48.727898344211724,47.38178053943777,0,1,0.46746445595163644,0.07343785629033148,1,2,5,9,0
37919,524,67.4466259821501,-9.160056351860042,0,1,0.1837218198846163,0.0007193219499488832,1,2,0,1,0
38033,525,-498.4506987087121,2339.395343596102,0,1,0.009544055101349093,0.20810952764273397,1,3,211,3,0
38042,526,64.78175237996841,-9.813495381912098,0,1,0.09966467989338759,0.0009647575897327508,1,2,0,1,0
38542,527,-2622.160354419466,10295.485165139884,0,0,0.003212303117997572,0.10493486431854666,0,2,967,25,0
38584,528,-78.27436861360468,609.3796578181644,0,1,0.0513338934913878,0.17256735909396306,1,2,54,6,0
38593,529,58.7277381235559,9.550644347100786,0,1,0.3260897762954704,0.011883372446882033,1,2,2,1,0
38601,530,56.19217766963283,-0.17541464746700797,0,1,0.05622942526263862,0.004804960602913637,1,2,1,0,0
38634,531,-49.77310086326164,455.06168105011125,0,1,0.028483177971465445,0.21325747765042247,1,2,39,13,0
38645,532,58.77351253407585,-11.641068812336275,0,1,0.028107033062883282,0.0013121834206623504,1,2,0,0,0
38725,533,-374.62887820693777,1583.1270095151722,1,1,0.0146008075131201,0.24544404015337848,0,2,140,32,0
38734,534,63.065021741897986,-11.520556284305005,0,1,0.4439258175024495,0.0001827224101070482,1,2,0,4,0
38789,535,-110.61556407327294,801.8076891310205,0,1,0.057115315630684095,0.24295055977647892,1,2,67,6,0
39289,536,-2602.7885375894757,10366.206023501327,0,0,0.002526295686378361,0.1421370392556574,0,2,958,25,0
39298,537,60.263300735457335,-10.126862350983533,0,1,0.09353836449353697,0.0008538303555577542,1,2,0,0,0
39312,538,-8.615926521315293,121.28699393201966,1,0,0.07684008086276731,0.08823105676166179,2,2,7,12,0
39322,539,61.36249682337895,-5.423327431189408,0,1,0.10751387986175202,0.0,1,2,0,1,0
39337,540,61.40279065334858,-5.691371960364034,0,1,0.01436893316534535,0.0004802560276975197,1,2,0,0,0
39364,541,-26.37383677299448,360.3294973489385,0,1,0.12356470998683369,0.18103991956534296,1,2,32,10,0
39379,542,61.385034864156694,-4.407656560527345,0,1,0.014322859022256558,0.0004740906468175334,1,2,0,0,0
39475,543,-416.9702812634534,1867.5747930379616,1,0,0.03016032487124268,0.25516212142290606,2,2,158,31,0
39483,544,58.1018744611399,-13.34903266128055,0,1,0.04332087486018393,0.0012824940724199584,1,2,0,0,0
39491,545,63.69199235222355,-11.217547177073206,0,1,0.40113081109615045,0.0012187889903847858,1,2,0,6,0
39499,546,59.47517001430279,-13.471577920331097,0,1,0.06504110741594828,0.000704057912230934,1,2,0,0,0
39507,547,65.3078719040303,-8.902164056891468,0,1,0.25411238862806923,0.0007789782072851302,1,2,0,3,0
39516,548,58.713611284666385,-12.668200496737178,0,1,0.031281591017792466,0.0016223511080895685,1,2,0,0,0
39630,549,-545.0987283965244,2289.9131140417135,1,1,0.014982752078647165,0.2272549871566778,0,2,204,36,0
40130,550,-2572.3802430152464,10303.93824408288,0,0,0.001761591144448689,0.13719445308405329,0,2,954,10,0
40181,551,-159.49543374753443,757.9842046595886,1,1,0.12766930897577583,0.2107636005590612,0,2,65,25,0
40214,552,-42.412895663227786,409.45977768543565,0,1,0.032976261028379514,0.142145365911031,1,2,37,12,0
40225,553,57.51561383103986,34.50102394266189,0,1,0.3333762840388222,0.02034883576340237,1,2,4,0,0
40237,554,60.197604484395,-7.530824240852933,0,1,0.03015269289815714,0.0009350199737652096,1,2,0,0,0
40247,555,47.78721439237706,31.322699124661092,0,1,0.11096073209912867,0.03288654306054557,1,2,4,3,0
40288,556,-81.80717751662459,617.1461388022193,0,1,0.08251411089023485,0.17392270820183986,1,2,55,2,0
40340,557,-164.71281909711425,912.7461789112068,0,1,0.035404162369525226,0.16637996756409465,1,2,83,0,0
40350,558,59.77550708229484,-9.017099851980188,0,1,0.038127548904748475,0.0002927720133720097,1,2,0,0,0
40359,559,59.48650402239815,-13.193542420084668,0,1,0.05080697226781463,0.0008191271469180256,1,2,0,0,0
40368,560,59.42458763202015,-10.459838641829913,0,1,0.039421670276335,0.00019858187596094804,1,2,0,0,0
40379,561,57.48449212790834,2.677200534764168,0,1,0.025617834696245623,0.005441276952076634,1,2,1,0,0
40387,562,60.56467408366194,-12.466608520006442,0,1,0.11412423517611293,0.00047389641975935495,1,2,0,0,0
40396,563,59.379393385266404,-9.372890391087015,0,1,0.052583458951444464,0.0012562657180517699,1,2,0,0,0
40896,564,-2599.439377099788,10395.813494917951,0,0,0.0019712448973484066,0.14267769953466428,0,2,961,27,0
40905,565,61.00495501551609,-7.448951790583102,0,1,0.09629429030597908,0.0012956120973494124,1,2,0,0,0
40913,566,60.785801367348995,-7.76415591293102,0,1,0.11218040584866576,0.0006517583147011743,1,2,0,0,0
40920,567,59.256559896869675,-14.92914157024938,0,1,0.09489876044896506,0.0019213062984048852,1,2,0,0,0
40930,568,59.250644588441745,-7.16529728214703,0,1,0.059785708928123314,0.00023848720343319033,1,2,0,1,0
40940,569,59.387599032667595,-8.2229188072687,0,1,0.03317906567797713,0.0010371785023638254,1,2,0,0,0
40948,570,58.7006737635311,-9.21648430577558,0,1,0.05986539445572871,0.0014561699856271702,1,2,0,0,0
40955,571,55.77635724405668,-5.039547061902317,0,1,0.08836997757071578,0.002714482181924777,1,2,1,0,0
40964,572,56.479454979217095,1.074347849603562,0,1,0.05181123208058755,0.004712356300777445,1,2,1,0,0
40972,573,58.67111581302564,-8.332120443343879,0,1,0.058902224202516125,0.00039548979969003447,1,2,0,0,0
40981,574,62.85112830121942,-11.03822331736296,0,1,0.05172391761633202,0.001435755882398584,1,2,0,0,0
40989,575,62.003928203011284,-12.248312389519267,0,1,0.11550316916870822,0.0005889940217254682,1,2,0,1,0
40997,576,56.619281900489895,0.5285356418767417,0,1,0.06389137027399053,0.00281837769480062,1,2,1,0,0
41004,577,60.4934981156361,-11.96640075028717,0,1,0.12453316600165447,0.0009174749916313608,1,2,0,0,0
41012,578,55.45851364026606,-1.7032883327521162,0,1,0.07109899481686562,0.002447855650148261,1,2,1,0,0
41020,579,55.822651502175546,-0.7936060690927622,0,1,0.05869088032862215,0.0024563389981717143,1,2,1,0,0
41028,580,57.648192092860086,-0.3927788437735913,0,1,0.08666351105981306,0.0045609861966181145,1,2,1,0,0
41036,581,59.00367854616262,-11.158254635959093,0,1,0.0554415555728996,6.472193757607055e-05,1,2,0,0,0
41044,582,57.3139153358806,-0.2606320046481212,0,1,0.11257437988103128,0.0029048970707759346,1,2,1,0,0
41052,583,58.91325465340123,-10.072096326345077,0,1,0.056055107604057276,0.0008749170071771769,1,2,0,0,0
41060,584,55.94720325736244,-1.0558058305058093,0,1,0.058620001554059914,0.002257016213590029,1,2,1,0,0
41069,585,62.91575460652959,-9.120101809947469,0,1,0.1984771330822006,0.0008000187438254563,1,2,0,4,0
41077,586,55.79902027227398,-2.1400351423174477,0,1,0.060018061555628645,0.005174845785138158,1,2,1,0,0
41089,587,65.09542823304605,-4.836159027565067,0,1,0.06896802007190349,4.7404858665770156e-05,1,2,0,0,0
41097,588,60.63973924400738,-7.61389600249099,0,1,0.09571481734023157,0.0015479758052983916,1,2,0,0,0
41105,589,58.70703080286806,-7.589253267238909,0,1,0.0966016098168087,0.00028869139916084987,1,2,0,0,0
41114,590,55.60832224654325,2.091120084613422,0,1,0.03603533407842712,0.008658883727747488,1,2,1,0,0
41123,591,60.54087586891468,0.8170481692646057,0,1,0.06911262423818135,0.0027995894155079045,1,2,1,0,0
41131,592,59.15215147496298,-12.157462979374523,0,1,0.05184304727622904,0.0008023897210776736,1,2,0,0,0
41140,593,57.608130208505074,1.0601551908530666,0,1,0.04745524396228635,0.002949253621997331,1,2,1,0,0
41148,594,57.19400479629225,-1.392038847118803,0,1,0.07174888627717273,0.0024838834641610773,1,2,1,0,0
41156,595,56.005790549376066,0.12512087197706911,0,1,0.07195026575737305,0.0018819543920129203,1,2,1,0,0
41169,596,45.191188847485066,67.95815747222773,0,1,0.06666221292935323,0.06236628062751434,1,2,7,1,0
41178,597,63.17437766654864,-10.731336688503507,0,1,0.09724105063412294,5.136728875081771e-05,1,2,0,1,0
41186,598,59.720186177758585,-12.553233436051114,0,1,0.0571870901727693,0.0005402373295885955,1,2,0,0,0
41215,599,-89.50256745510953,542.4337285865349,1,0,0.040391362923531716,0.3501729504752747,2,2,41,0,0
41223,600,58.47565408369138,-10.07603975358165,0,1,0.05539544350493367,0.0004875765205746817,1,2,0,0,0
41232,601,61.848941227084936,-12.214192835249648,0,1,0.08024591277673308,0.0007007451164109056,1,2,0,0,0
41239,602,59.002702212719996,-11.760090771141286,0,1,0.07426109968272084,0.0004679747819069107,1,2,0,0,0
41251,603,37.26590589920911,76.04084774144697,0,1,0.1300095452171696,0.03420865087305885,1,2,8,9,0
41260,604,62.32115006427978,-9.017252821754951,0,1,0.11938184337827693,0.0009782603217248853,1,2,0,0,0
41277,605,-32.03391586956772,316.4015282578214,1,0,0.025175847308733658,0.40935960634864754,2,3,22,4,0
41285,606,65.1550391426758,-4.615265818725808,0,1,0.04722262676231683,0.007931262908808996,1,3,1,0,0
41294,607,68.4171293589173,10.485299035717016,0,1,0.27962934525989974,0.02382634784841345,1,3,2,3,0
41302,608,59.41065164734263,0.2819638501404036,0,1,0.06032779802455502,0.0035402966040225968,1,2,1,0,0
41309,609,55.72601432882705,-3.6629956805304253,0,1,0.04639019519136941,0.003925647899174824,1,2,1,1,0
41316,610,61.48169693334944,-0.038157113424297506,0,1,0.14191291293878197,0.0037531682735958923,1,2,1,0,0
41327,611,60.100391048375485,-7.777555107763632,0,1,0.041807484225482895,0.0012648752927281542,1,2,0,0,0
41338,612,60.16196321107192,-7.093301205859298,0,1,0.029098611700743345,0.0007067534738170588,1,2,0,0,0
41345,613,58.67158586486491,-11.847906926242239,0,1,0.08054349188453731,0.0015637891366058168,1,2,0,0,0
41352,614,56.013533897571875,-2.235105665951755,0,1,0.08248774711239444,0.002239919775611192,1,2,1,0,0
41432,615,-260.7042531024578,1362.2440324640581,1,0,0.06002128133868895,0.28686037093817096,2,2,110,4,0
41442,616,57.13729928084842,-1.5297067643791937,0,1,0.059822050227486503,0.0038134544587207038,1,2,1,1,0
41450,617,66.76491018318521,-4.869515839982389,0,1,0.07832950253997237,0.01006719583162422,1,3,1,0,0
41460,618,75.0601284119819,-1.3258741685376094,0,1,0.3675776824056085,0.00472576568280558,1,3,1,0,0
41469,619,71.5042916955972,12.66154695331937,0,1,0.23698666926270512,0.03379121027860296,1,3,2,2,0
41969,620,-2571.5711408502484,10343.409713920571,0,0,0.0034471097132261924,0.1460713180616226,0,2,954,0,0
41986,621,67.57773299016881,56.02224387185654,0,1,0.03253238781526061,0.0342494880125318,1,4,6,0,0
42486,622,-2041.545276943666,8429.57656493944,0,0,0.009374683733965323,0.13957712591708102,0,4,770,128,3
42496,623,82.39784896176712,36.31854165626147,0,1,0.12829643829618761,0.03930241842803936,1,5,5,0,0
42507,624,82.12894120901643,25.251401120386497,0,1,0.06403877023553961,0.03046214038224115,1,5,4,0,0
42515,625,7.778275368755402,73.36313659674676,1,0,0.026834969734126905,0.028667855187328603,2,2,4,0,0
42553,626,-31.075620939152024,490.5789340084581,0,1,0.11210141789660077,0.1759710789776704,1,3,43,2,0
42566,627,71.14067594051212,28.658207432540365,0,1,0.04696782591259903,0.014967386916222835,1,4,4,0,0
43066,628,-2401.426535148858,9807.367244571647,0,0,0.0018356862985200106,0.11676971379722917,0,4,914,24,0
43566,629,-2371.527105181115,9734.583666203447,0,0,0.0017166388511010808,0.10853891905374029,0,4,910,0,0
43575,630,7.792653073037526,64.20113224918038,1,0,0.00972625206673034,0.023406380980413824,2,2,3,0,0
43586,631,91.00773833489728,20.085055271992637,0,1,0.12864975594400851,0.02031006452016346,1,5,3,0,0
43611,632,-48.96771251253277,372.14638964407874,1,0,0.031237794649262886,0.1576961917092069,2,3,30,0,0
43618,633,10.106047901056353,52.96632900942312,1,0,0.01826714379491054,0.03621075523442258,2,2,2,0,0
43627,634,16.19304571108395,54.32541851483376,1,0,0.04097024980423214,0.037519588661457014,2,2,2,0,0
43636,635,13.325618775529058,54.63575442194468,1,0,0.035081401794711656,0.02532061263050566,2,2,2,0,0
44136,636,-2528.9910696035954,10157.48638998175,0,0,0.003608872236330506,0.10975780755137052,0,5,952,15,1
44184,637,9.466164939242951,387.81606810303515,0,1,0.09718486718156107,0.049145189298443,1,4,36,0,0
44192,638,7.087310568084067,61.93412988692343,1,0,0.011827124588798199,0.025616704735081035,2,2,3,0,0
44209,639,103.63410224658332,49.48455674351389,0,1,0.06507952425213127,0.052847644329836185,1,7,6,2,1
44219,640,13.561805134339986,53.76396208365453,1,0,0.026028610400615014,0.03178085594740987,2,2,2,0,0
44231,641,86.81511236056775,15.02890297378424,0,1,0.07225345199578541,0.02170574573031089,1,5,3,0,0
44242,642,70.87596032619417,5.441556061854431,0,1,0.10576225225039991,0.023038576884183228,1,3,1,0,1
44277,643,-56.02717385668117,490.6406630219951,1,1,0.030883446160533522,0.20077067494703535,0,5,44,0,1
44286,644,71.57770088846588,19.674606644055874,0,1,0.24896487836427925,0.01171648052290448,1,4,3,0,0
44786,645,-2359.0787921788306,9582.266760417133,0,0,0.002943999526422687,0.1185438235741176,0,4,890,18,0
44797,646,74.33634439270868,23.091765843445117,0,1,0.06269109784739023,0.016982036292203063,1,4,3,0,0
44810,647,88.97888124316304,21.574037091016635,0,1,0.08009309650968474,0.017865524316385144,1,5,3,0,2
44909,648,111.3387150200218,89.06197382789502,1,1,0.030270540159247548,0.01882548652722315,0,9,4,64,2
44926,649,101.51612949636413,26.019578314507925,0,1,0.08128359991270401,0.028404044438143473,1,6,4,2,3
44940,650,66.42057836688345,28.539248652485057,0,1,0.04395629894443094,0.015748494603287463,1,3,3,0,0
44949,651,88.37343996851739,9.50195373556927,0,1,0.31062900601443005,0.021194001434265013,1,4,2,0,0
44959,652,66.86952896165343,19.56584518134956,0,1,0.23673516818550686,0.010899271064375802,1,3,3,0,0
44973,653,88.69246482254587,29.30514898734299,0,1,0.11095248337296011,0.023147358868235064,1,5,4,0,0
44981,654,71.12576998138921,11.684468706470632,0,1,0.23683571802021353,0.026883971048746146,1,3,2,0,0
44989,655,73.26274984542033,0.6189061512225074,0,1,0.2741247530516634,0.0041323647859961565,1,3,1,0,0
44998,656,77.02141488056972,6.668934531353752,0,1,0.19864514010981837,0.008538355696188495,1,4,2,0,0
45015,657,61.04232919153491,58.621935707003765,0,1,0.03719035679768788,0.015236355818993963,1,3,6,1,0
45023,658,56.422636783875134,11.324442146441381,0,1,0.2753436112572349,0.02728612588352486,1,2,2,0,0
45033,659,32.193426247869006,57.90533564565966,1,0,0.02238970876535207,0.04085530263197419,2,4,3,0,0
45044,660,79.71149433594209,9.234764136226826,0,1,0.1280612406028611,0.015590457514361776,1,4,2,0,1
45052,661,74.13647972846574,15.759598339206304,0,1,0.1859860487973256,0.022668633375137436,1,4,3,0,0
45060,662,6.4740525598574585,65.59824158577558,1,0,0.017469325390908348,0.10718323683061276,2,2,3,0,0
45070,663,70.6796339677538,3.097022835778482,0,1,0.09688388233981904,0.007893181309879331,1,3,1,0,0
45091,664,96.56092537591925,13.729486526235476,0,1,0.0726709979357061,0.012683133295861626,1,5,2,0,2
45113,665,44.78138776283801,66.5959601486476,1,0,0.04412728763432475,0.057607803097131975,2,4,3,0,1
45123,666,73.98361325787653,20.589637210446288,0,1,0.09122546250907047,0.03101288205924363,1,4,3,0,0
45134,667,75.0110867673154,19.410626043372343,0,1,0.08595185223063787,0.04562274762322171,1,4,3,0,0
45144,668,63.359379422716685,6.310196060856523,0,1,0.13704229913613772,0.015876522677386637,1,2,1,0,1
45155,669,79.43342440973777,19.14015717304478,0,1,0.32054262820029095,0.02801436344778989,1,4,3,0,0
45163,670,-2.052798056482821,65.32701096133134,1,0,0.018474057323094255,0.02894096740235712,2,1,3,0,0
45175,671,88.1482797193593,29.07169936495033,0,1,0.11799748394836972,0.027490019128251417,1,5,4,2,0
45208,672,43.57678502753592,108.15091036883884,1,0,0.061134044905452455,0.09799269944053082,2,4,6,0,1
45218,673,66.7787248004796,16.02131832810168,0,1,0.08032841553096913,0.027297943644632516,1,3,2,0,0
45226,674,70.8482139339832,-1.046677001296132,0,1,0.305304649265204,0.025281523419370282,1,3,1,0,1
45241,675,105.87325701803951,-5.8233791721043495,0,1,0.0842555356744977,0.00779187443601176,1,6,1,0,0
45252,676,84.86766265119873,20.552632497414457,0,1,0.08095751580651617,0.01344679562428354,1,5,3,0,0
45272,677,106.78110633157007,24.34937687857332,0,1,0.08370428405432599,0.029245414908266855,1,6,3,5,2
45281,678,66.16894830031845,11.940368701168406,0,1,0.06878916337950641,0.01575289540710681,1,3,2,0,0
45291,679,86.48755478579352,13.546772715445417,0,1,0.17097855885758648,0.02535136840070552,1,5,3,0,0
45322,680,104.28436793600633,18.207322106968284,0,1,0.28134009633805257,0.027527016197729202,1,5,2,5,1
45331,681,61.695345095809046,21.756288284198156,0,1,0.060292866375402036,0.018903019070965754,1,3,3,0,0
45341,682,77.17463111406352,5.37438454769951,0,1,0.04891849327446421,0.012681847474250222,1,4,2,0,0
45352,683,77.44824178514057,22.751253528433786,0,1,0.07625885537833495,0.06581656467193049,1,4,3,0,0
45852,684,-2454.962744591177,9829.37432691215,0,0,0.003346005682785917,0.13310027538871325,0,3,908,88,0
45861,685,63.014824553863484,22.344188322097192,0,1,0.11192957403430606,0.014247560298348144,1,3,3,0,0
45874,686,34.678923728602264,59.73585802273098,1,0,0.014032102498671565,0.02679863909420884,2,4,3,0,0
45886,687,90.09043927439112,-2.204138739426268,0,1,0.053608722620956416,0.005743746903328604,1,5,1,0,0
45894,688,63.21424423574505,-8.895728153185301,0,1,0.19074076594407824,0.0018565535574534963,1,2,0,0,0
45908,689,33.27974944710172,64.02427675333904,1,0,0.03941151423386796,0.11205587184733039,2,4,3,0,8
45925,690,34.03718397042572,77.27208375403835,1,0,0.023675281420802476,0.03258313435751862,2,3,3,0,0
45939,691,34.04392643319041,59.328229904512284,1,0,0.02212062315765965,0.037807108940260285,2,4,3,0,2
45997,692,55.95519852326568,54.6824493995304,1,1,0.1302394737565434,0.036120943082742704,0,3,2,18,1
46011,693,40.15717228802946,24.882249222747532,1,1,0.06516221353903318,0.0916103411190213,0,4,3,0,1
46120,694,-375.29867857490547,1847.3975119074244,0,1,0.03960011855021418,0.1405147979786201,1,5,169,56,0
46129,695,79.22558085877453,6.645217345382708,0,1,0.18582926706391484,0.020833534806670675,1,4,2,0,0
46139,696,77.2349914245782,9.89258505609672,0,1,0.0476091130924438,0.013679356950226984,1,4,2,0,0
46148,697,68.75978967891194,13.735113573928484,0,1,0.17856986487117668,0.017857861242079213,1,3,2,0,0
46159,698,70.95093696418138,-0.1577658086539646,0,1,0.09741101119255778,0.015616195825244449,1,3,1,0,1
46168,699,73.93127663045232,16.11212067593707,0,1,0.1574101169089212,0.009363663903613047,1,4,3,0,0
46179,700,80.55894917811628,0.6154901963467534,0,1,0.47972416646631205,0.02194564436588027,1,3,1,0,1
46189,701,13.487967206389623,60.671789127892595,1,0,0.022370990978758373,0.08102352262744843,2,2,2,0,0
46201,702,65.9026976886284,26.07945013588852,0,1,0.10055703142699192,0.03658542170488382,1,3,3,0,1
46212,703,78.01078267627138,12.087162448915791,0,1,0.17217733879305616,0.029365030848643003,1,4,2,0,1
46230,704,41.21796041667554,70.44634646580168,0,1,0.03127615162654349,0.034664244528924956,1,2,7,6,0
46288,705,50.140788948119905,87.7105461125676,1,0,0.024700018279509465,0.013891994939015105,2,5,3,26,7
46297,706,77.46051258451477,7.343792854797808,0,1,0.12999406627397464,0.016717164046598492,1,4,2,0,0
46305,707,64.8376425650363,21.41841945374332,0,1,0.31791030672229936,0.01305356033782587,1,3,3,0,0
46313,708,75.64596996774513,-7.1496254622753135,0,1,0.048468153074759844,0.003825122355551963,1,4,1,0,0
46329,709,27.24679120366169,13.492970571717517,0,1,0.04733189824088713,0.003068210658099504,-2,2,2,0,0
46338,710,77.33729478241946,10.248336917020383,0,1,0.10400083907226604,0.01877325290712347,1,4,2,0,0
46348,711,75.63400922769083,30.454071133363332,0,1,0.15462023507890849,0.018643865619720614,1,4,4,0,0
46365,712,89.92361213260511,8.148174046264138,0,1,0.03269783041793861,0.015171631364259974,1,5,2,2,2
46410,713,-33.55142481605058,492.3666881928795,0,1,0.05839091713951806,0.11804999431594358,1,3,44,8,0
46421,714,67.53501049951801,14.444803225295104,0,1,0.07981831509857437,0.02423162334153933,1,3,2,0,0
46436,715,68.33419628247654,57.40459162227696,0,1,0.03592922014720023,0.017678168669555922,1,4,6,0,0
46463,716,55.24129919059864,39.16162485416501,1,1,0.05037511711148536,0.027924291935533467,0,6,4,10,0
46472,717,80.31687134046786,6.220231420376791,0,1,0.2496366991890872,0.016433125164345395,1,4,2,0,0
46484,718,69.08137459191339,2.8621761023404275,0,1,0.042578545319896244,0.01676628399580624,1,3,1,0,1
46520,719,110.16033500759329,32.241587368646194,0,1,0.031071963741948663,0.0312166716066152,1,6,3,9,0
46533,720,80.65221720461801,28.506226601700963,0,1,0.09606942058562067,0.020572769436022206,1,5,4,0,0
47033,721,-2391.7066092503296,9679.511213851192,0,0,0.0011835157405881969,0.10971507500042857,0,4,904,0,0
47042,722,87.33014658233121,7.011278303314649,0,1,0.1822244687697658,0.007576361909514319,1,5,2,0,0
47054,723,78.59875419986963,35.51947150371578,0,1,0.0884035928256749,0.04957126161302544,1,4,4,0,0
47066,724,72.91509617250438,25.492621699276874,0,1,0.1650443584813325,0.028158828124070643,1,3,3,0,0
47077,725,93.63237334888981,15.856227900326559,0,1,0.09790280696093338,0.01131481340020346,1,6,3,0,0
47088,726,60.14726761450527,23.050045870698526,0,1,0.09738845450164045,0.022530631677734007,1,3,3,0,0
47100,727,102.03643518273557,14.635859665982561,0,1,0.1483050951391158,0.030213176326391884,1,6,3,0,0
47120,728,-25.18915589226186,328.18643448216756,1,0,0.038601727844904996,0.3215898666465257,2,4,24,0,0
47141,729,76.96113466380078,31.419777636625497,0,1,0.07832504657471447,0.07624537893058865,1,3,3,0,0
47216,730,54.61061406980471,92.10602473362628,1,0,0.0363803398686518,0.02308816818958665,-1,4,4,27,2
47226,731,58.74245202848209,7.364825527277219,0,1,0.0909872537187099,0.012306121640107387,1,2,1,0,0
47236,732,64.78553449649793,12.019049791715322,0,1,0.07285929414113582,0.006027960985231305,1,3,2,0,0
47273,733,71.41954893445275,204.71463015554295,0,1,0.13085309146498955,0.09252252654566369,1,6,18,8,0
47284,734,61.727869498899125,32.94133212525067,0,1,0.12825061426072373,0.021648038649904403,1,3,4,0,0
47555,735,145.4614884878389,201.2157450726215,1,0,0.00943904194182378,0.004762147849612189,2,3,3,33,24
47567,736,18.243090365668387,75.6451508896385,1,0,0.01859506280441527,0.06013281495112462,2,3,4,0,1
47577,737,53.84156080159893,14.802258048071453,0,1,0.09446460570085716,0.008355891315069263,1,2,2,0,0
47589,738,18.54375530193096,73.77482981214068,1,0,0.03358129726811184,0.0416904692870057,2,3,4,0,0
47608,739,60.40722008751844,66.03668669392792,0,1,0.06952970955535537,0.021847042207590307,1,3,7,1,0
47616,740,64.00192031613537,2.1259400871794263,0,1,0.024392109775128273,0.010371929430746817,1,3,1,0,0
47625,741,56.75190202821314,2.140425933521165,0,1,0.02480959600406982,0.004490577187757862,1,2,1,0,0
47674,742,45.80015009466207,46.42654697901274,1,1,0.13329099155514354,0.011159919410249639,0,3,3,6,10
47983,743,-1410.9236931428604,5719.533488345451,1,1,0.00913619250940192,0.11135662557421071,0,3,532,31,0
47992,744,67.87996368099516,0.8253770062074253,0,1,0.14440075790766382,0.007085018796639668,1,3,1,0,0
48005,745,78.7442807939966,20.33667809752508,0,1,0.09043374724227832,0.028952239693001362,1,4,3,0,0
48021,746,73.80681036722403,33.61242216528342,0,1,0.052086512430353754,0.0336091715228248,1,4,4,0,0
48041,747,88.7681899497782,31.83118924494851,0,1,0.12578457465307066,0.02430790743688561,1,5,4,0,0
48049,748,57.53835105861623,5.439572200651073,0,1,0.13676327426804238,0.002317906589567598,1,2,1,0,0
48058,749,57.66037710406847,-8.776545488042611,0,1,0.06436912654272203,0.0014907712781095607,1,2,0,0,0
48068,750,69.36429675034381,28.596008970860293,0,1,0.09883430358202754,0.02083235719392131,1,4,4,0,0
48079,751,22.711060083416964,72.1427587606792,1,0,0.030628439890043824,0.044825230780895516,2,3,4,0,0
48091,752,12.18643278817422,66.7898793710111,1,0,0.024647079382743728,0.031086701606114417,2,2,3,0,0
48108,753,87.19613141034887,16.32813348056159,0,1,0.04951107001850322,0.013645812264550942,1,5,3,0,3
48115,754,65.6341274378855,7.375320060586219,0,1,0.28707519607444726,0.012524059964723685,1,3,2,0,0
48139,755,-20.893228544995495,311.57538192532195,1,0,0.032591524982489906,0.24808508133380966,2,4,23,0,2
48151,756,83.99437533214572,17.40225167293713,0,1,0.0388511123007141,0.02416837864698945,1,5,3,0,0
48161,757,64.10048035144274,8.201437077133,0,1,0.04896900478364821,0.0055529271249745715,1,3,2,0,0
48179,758,37.292115429236894,87.097208482864,1,0,0.07243675780925894,0.07209216098894645,2,4,4,0,0
48193,759,74.88391338670974,21.405583573224177,0,1,0.03407566069266122,0.024266344209834284,1,4,3,0,0
48250,760,56.10731224812412,106.90950296742406,1,0,0.02719764021009129,0.019274869147387828,2,3,3,1,1
48260,761,8.589816373437216,76.33438758822537,1,0,0.018204057816535193,0.046124514891919106,2,2,4,0,0
48270,762,57.010260571802945,5.047098728962645,0,1,0.11101135042702368,0.0047674391379506935,1,2,1,0,0
48281,763,66.11331258003457,14.341774105344204,0,1,0.060072304307127004,0.013368826038497011,1,3,2,0,0
48315,764,89.69245552957543,29.620258496332912,0,1,0.19555862058071535,0.01465961054455735,1,4,2,13,1
48325,765,74.93278580159254,5.580185384501611,0,1,0.04981735903456784,0.018856884965471887,1,4,2,0,0
48335,766,74.78722842764496,18.37604207527543,0,1,0.11759107833447438,0.025984747428978754,1,4,3,0,0
48344,767,75.57005537898874,5.877338547793141,0,1,0.1509989282389269,0.0070833442175949335,1,4,2,0,0
48352,768,68.68095670810622,9.994615138334186,0,1,0.31345815977107444,0.011960376973588982,1,3,2,0,0
48361,769,57.541006980676116,31.242602003198595,0,1,0.14359263069265996,0.040234021591687666,1,3,4,0,0
48371,770,56.090068328519465,4.227897630763188,0,1,0.09644793952297835,0.009672623480760064,1,2,1,0,0
48382,771,77.4504468982668,9.821965408484527,0,1,0.04267371957063316,0.007624415888075403,1,4,2,0,0
48391,772,67.69389477149167,-0.9312781498709501,0,1,0.06819527962737776,0.006977772795778922,1,3,1,0,0
48399,773,78.64221127988384,8.855741942822714,0,1,0.20930242837032154,0.014332397354814399,1,4,2,0,0
48412,774,89.74973835465187,-1.6991370996807547,0,1,0.3251636479263026,0.010867703929794638,1,4,1,3,0
48420,775,61.63247890414311,4.805119853037613,0,1,0.2858636092252152,0.008381456487633143,1,2,1,0,0
48432,776,22.820306010301135,63.361456927027646,1,0,0.02415616188031365,0.0914991856094668,2,3,3,0,5
48447,777,73.96285308787459,20.260793953386447,0,1,0.037430930288651965,0.015420638425971519,1,4,3,0,0
48469,778,70.75681164257733,32.37033190342895,0,1,0.040770119589653195,0.019283311843169653,1,3,3,7,0
48969,779,-2475.7557006968746,9990.828370250996,0,0,0.004035853585883924,0.13882571734494775,0,3,922,15,0
48981,780,10.097558941458411,67.82929459444114,1,0,0.00822072557858521,0.06106595528026825,2,2,3,0,0
48991,781,63.17748679635465,12.721007768290885,0,1,0.10846280026153239,0.00858604824704032,1,3,2,0,0
49002,782,61.34924885893142,21.506318143773488,0,1,0.039909230527668434,0.013649735750776281,1,3,3,0,0
49013,783,65.51564810563269,11.388959437871858,0,1,0.07195847926954371,0.010417611371187713,1,3,2,0,0
49513,784,-2387.9602203008767,9581.427736462885,0,0,0.0018001105812409548,0.09958080564607558,0,4,899,10,0
49567,785,41.875182051620015,89.36325185489477,1,0,0.03118219417589547,0.016288582638932753,2,4,3,24,19
49576,786,64.90042266373231,-1.908143444057778,0,1,0.023301474135351035,0.01055375163698172,1,3,1,0,0
49589,787,76.92203171961027,8.983326948268903,0,1,0.015431414432908951,0.006349964331615878,1,4,2,0,0
49601,788,64.66694432775522,21.866962847154102,0,1,0.04282478831428194,0.02671119774984199,1,3,3,0,0
49609,789,65.951301626388,2.2983721913457824,0,1,0.028246796009336637,0.010953074420814956,1,3,1,0,0
49629,790,95.52987550082304,25.247588779956004,0,1,0.05577300617354436,0.014646490274433937,1,5,3,4,0
49640,791,4.938361207300343,74.69555028186632,1,0,0.007219819500408762,0.031062121922991733,2,2,4,0,0
49651,792,67.21980214679674,2.5790310719119383,0,1,0.022258982371075334,0.005930057924937466,1,3,1,0,0
49868,793,162.83398277740338,139.41330116551057,1,0,0.008552415147825681,0.005139455009588052,-1,8,5,35,38
49897,794,101.73080715522835,45.01019383690743,0,1,0.04722671914428697,0.022655997856930444,1,5,4,4,0
49906,795,53.49782508220417,15.169577773099011,0,1,0.04263979125325446,0.013944629825958923,1,2,2,0,0
50012,796,121.50259879507853,100.10567442528891,0,1,0.038431889066455505,0.017551210864176745,1,4,4,42,0
50024,797,73.77219359016837,14.291104619970636,0,1,0.019408505020610547,0.01512231796153219,1,3,2,0,0
50102,798,33.748516214045225,86.33413412429451,1,1,0.0710319247069394,0.007835183931317099,0,4,5,67,0
50602,799,329.49667133464374,284.8571147651331,0,0,0.002167399377908114,0.0038930851804166917,0,6,3,32,36
50682,800,-15.533088027386118,494.7399110028994,1,0,0.04091271803588801,0.10410516302367374,2,5,36,13,0
50692,801,71.3676485968971,17.28088050806423,0,1,0.09999952789500924,0.0092179851427199,1,4,3,0,0
50707,802,67.02987096575171,34.36051177366779,0,1,0.06745933768128808,0.04192939110712548,1,3,3,0,0
50718,803,18.578377143017008,72.62171615860129,1,0,0.02030588951701858,0.05116487269377937,2,3,4,0,0
50732,804,85.70170059560726,23.138883560401307,0,1,0.12574752536955883,0.022025186009805235,1,4,3,2,0
50768,805,42.192008416921816,53.08953916776902,1,0,0.028572824912283856,0.014036489455609527,-1,4,3,7,4
50787,806,93.84928614478807,35.390139154058964,0,1,0.09107595381516585,0.04713358789945112,1,5,4,3,0
50796,807,4.913297779937988,59.84860708929557,1,0,0.012997838431770575,0.018414035500558604,2,1,2,0,0
50809,808,79.46357713348233,-0.5003858124336134,0,1,0.019384630072251496,0.0072349585356871905,1,4,1,0,0
50843,809,35.51263700472368,259.0674128941365,0,1,0.1414004745681334,0.08148993726243425,1,4,24,8,1
50853,810,69.90642323742621,10.431656157192124,0,1,0.029728380592621412,0.02206795913228788,1,3,2,0,0
50865,811,8.021337721969816,67.14551580051597,1,0,0.004251751908625191,0.02506471797728249,2,2,3,0,0
50873,812,67.93355527228056,25.11255238880624,0,1,0.058765168056582856,0.023052442003167445,1,4,4,0,0
50890,813,89.81075596333048,31.08318204236006,0,1,0.059306985228913894,0.01162982169694979,1,5,4,5,0
51390,814,-2441.4944906186643,9864.46230001706,0,0,0.002458085228944447,0.12640170326579178,0,4,915,35,0
51399,815,0.6213550949561935,66.5106222379604,1,0,0.003803080354456407,0.009345663669624523,2,1,3,0,0
51416,816,26.394537115115398,67.0672865555792,1,0,0.010599059532259788,0.04521373281956728,2,3,3,0,0
51433,817,13.952920650293297,58.920952839241295,1,0,0.006055052115488177,0.02386821169115349,2,2,2,0,0
51537,818,114.61093408726799,89.06388119530527,1,1,0.0565123963237268,0.06278531844539095,0,7,5,19,14
51551,819,17.96641416933301,73.06689033921572,1,0,0.011466306609952182,0.02578425671458053,2,3,4,0,0
51696,820,81.36219832356603,137.8284671210997,1,0,0.005937888835785901,0.012367451512244687,2,4,3,47,13
51705,821,5.800825399760505,73.96983100841817,1,0,0.012137269898727198,0.04768047480135659,2,2,4,0,0
51715,822,9.923140841617945,65.90716443276007,1,0,0.01388865177059113,0.056005812190831526,2,2,3,0,0
51726,823,93.28838842635184,13.142474047895288,0,1,0.049247446698164235,0.01708303737809025,1,6,3,0,0
51759,824,96.69227175082221,45.603908210395105,0,1,0.09538348685707143,0.03823419217572852,1,4,3,16,0
51768,825,7.3597125270517605,73.81365576530669,1,0,0.006797272983836197,0.04291226332320633,2,2,4,0,0
51780,826,24.668317057176694,61.839497560734486,1,0,0.011254074061927822,0.03387831564138302,2,3,3,0,0
51803,827,34.49281879630631,99.58628026363034,1,0,0.1373362529550098,0.08726487192021586,2,4,5,0,3
51816,828,22.511942085929636,52.546731210277144,1,0,0.014033661932738953,0.03519337652705848,2,3,2,0,0
51904,829,81.13319812297415,63.69101934495899,1,1,0.050632610536931515,0.014583896098708981,0,6,3,40,3
52166,830,221.74193646795086,174.0012309450934,0,1,0.007891251179640955,0.012720627279067122,1,4,4,15,5
52176,831,11.047161122159858,64.3109067744185,1,0,0.020048143009308787,0.039496445596416706,2,2,3,0,0
52212,832,105.52030798938615,33.95514879419464,0,1,0.03786406204816268,0.03002801154153894,1,5,3,4,0
52240,833,99.01096630789385,30.966399936849157,0,1,0.0463107495212298,0.03236745949029052,1,5,3,7,2
52249,834,12.972296077028984,80.9941409292866,1,0,0.017729594226828512,0.04349578926673883,2,3,5,0,0
52256,835,-1.5893753369026058,64.86816690567088,1,0,0.014049209901920216,0.050745736308648384,2,1,3,0,0
52756,836,316.745433783069,307.6478369372803,0,0,0.0057255483509247715,0.004433904766537989,0,4,4,5,9
52763,837,66.15326487597555,-11.558800883591232,0,1,0.48587020273809944,0.0015223067091768992,1,2,0,0,0
52770,838,62.31855430734632,-10.116589222293683,0,1,0.15880035873018367,0.00032966377937903023,1,2,0,0,0
52777,839,60.71915153274966,-10.78712886960319,0,1,0.14893424167911645,0.0007262983184334635,1,2,0,0,0
52787,840,52.30260792837132,16.571651451793148,0,1,0.1259048287480973,0.011201120861873432,1,2,2,0,0
52796,841,69.43146671567209,0.3648379808190132,0,1,0.1907750736453898,0.008217635517596253,1,3,1,0,0
52804,842,60.68916434163769,-5.368609426253947,0,1,0.15832832878719907,0.001729197401462526,1,2,0,0,0
52811,843,62.65277381164809,-11.464006011311643,0,1,0.2817108015367897,0.00020795781128541747,1,2,0,0,0
52820,844,62.128617406696335,3.5475009294312336,0,1,0.2705512506059514,0.011079734859508982,1,2,1,0,0
52832,845,32.26225285104804,72.52907664505759,1,0,0.07328957814346315,0.04495610636493122,2,4,3,0,0
52839,846,65.55117292379552,-10.774165974188506,0,1,0.4761835924958598,0.0,1,2,0,1,0
52846,847,65.76866060525718,-1.0606709539391428,0,1,0.14224032455640226,0.01162175360397909,1,3,1,0,0
52857,848,62.821230292875526,-3.623257510160565,0,1,0.12298999864898795,0.0019021963666458746,1,2,0,0,0
52868,849,49.288724699195484,34.84188656731985,0,1,0.0914173631860085,0.009938875221518704,1,2,4,0,0
52879,850,76.34062038847,-1.6800628347332118,0,1,0.30275535279024196,0.0039861883516243615,1,3,1,0,0
52887,851,73.91847147577404,-10.366395346184907,0,1,0.15734406175374044,0.0032906085066381823,1,3,0,0,0
52894,852,65.92423236166724,-0.2728194388761658,0,1,0.12910638178122272,0.009524457751346698,1,3,1,0,0
52914,853,81.29259222491834,32.94582907239409,0,1,0.11595889598170535,0.03585394272306575,1,3,3,1,0
52921,854,54.502726165525544,-1.631712847786968,0,1,0.1582349136130536,0.0024378877605518304,1,2,1,0,0
52929,855,67.92828630626664,-8.79206707696029,0,1,0.5559224832625675,0.0010493286409773398,1,2,0,0,0
52938,856,62.212809383190546,-9.01320722412794,0,1,0.2721148232922309,0.00011615659556479292,1,2,0,0,0
52970,857,88.38083722148176,29.37704857537641,0,1,0.04510122696690301,0.02857489790679393,1,4,2,13,0
52978,858,62.593140250207526,8.275026649553777,0,1,0.08321262445498961,0.010463107337174104,1,3,2,0,0
52986,859,63.87923911285838,1.5686873395654146,0,1,0.49152861109681933,0.0071746879071349695,1,2,1,0,0
52995,860,63.300619596515645,4.639611612047656,0,1,0.0597634901572433,0.015759299742664375,1,3,2,0,0
53003,861,64.05500446725621,-11.761428356536216,0,1,0.2664384143799108,0.0,1,2,0,0,0
53020,862,66.2716499762944,19.672224957998758,0,1,0.06070178939836441,0.016645337867567816,1,2,2,0,0
53060,863,28.642387380347415,49.03041599625469,1,1,0.21245983905121985,0.03476006741186576,0,3,3,25,0
53073,864,20.61607013155928,62.60095664071771,1,0,0.02241335641411665,0.05358161404360703,2,3,3,0,0
53081,865,57.418950370909634,0.6839904921865028,0,1,0.1443071947811331,0.0019597015173069775,1,2,1,0,0
53092,866,60.80958478125644,5.197652677693593,0,1,0.22782191972442814,0.0033621725961636593,1,2,1,0,0
53104,867,61.577678766647125,6.197314366662788,0,1,0.13023176340041515,0.00520680770233638,1,2,1,0,0
53181,868,78.66505105893194,121.02497933695744,1,0,0.04077285116522108,0.044322866186965355,2,4,4,0,0
53193,869,7.642861931089769,75.63644763932028,1,0,0.00946317941689997,0.029883533577018728,2,2,4,0,0
53201,870,61.1103714531368,-7.595456501035802,0,1,0.14835173997161905,0.0,1,2,0,0,0
53701,871,309.27484547873917,313.75607435658475,0,0,0.006967128552347968,0.0033700591552847606,0,5,5,52,1
53709,872,65.43347638115796,-9.654294472964793,0,1,0.34378944063875855,0.000622984558575186,1,2,0,0,0
53766,873,40.3310774783848,128.8413814519497,1,0,0.030481119306611817,0.024739943576734088,2,3,5,10,5
53774,874,83.68340830275548,-0.5572574403567696,0,1,0.06212464104227419,0.013155928695833236,1,5,2,0,0
53782,875,-13.698516969761322,68.97240727255429,1,0,0.0025215587955466235,0.04309842671780232,2,0,3,0,0
53792,876,55.22226743451091,23.394113607876708,0,1,0.086463851099337,0.03362416342961959,1,2,3,0,0
53801,877,61.88768105127562,5.23550868276277,0,1,0.08232369481603771,0.005642547009876274,1,3,2,0,0
53819,878,29.081790708295728,69.62401918094173,1,0,0.08757528871717689,0.17267930701680234,2,3,3,0,0
53826,879,65.85079539127918,-4.394566143830351,0,1,0.10103235674274971,0.007452812568757126,1,3,1,0,0
53835,880,58.851899637521896,-10.441000391281706,0,1,0.033702595496948505,0.002323049753316665,1,2,0,0,0
53881,881,-150.28597326025178,851.506455435533,1,0,0.03250102676873901,0.3040932858582401,2,3,68,0,0
53891,882,60.29697237840578,-8.017940196063268,0,1,0.053179518556734216,0.0011366271184995876,1,2,0,0,0
53900,883,65.26710649631536,-7.8577354403641415,0,1,0.193811844657568,0.0011094538040076116,1,2,0,3,0
53908,884,60.24361568797113,-12.86423417287139,0,1,0.09832728609423076,0.0008880782800002096,1,2,0,0,0
53915,885,63.7130108475894,-11.747312543851326,0,1,0.27344562257107413,0.0008604906209670023,1,2,0,1,0
53923,886,59.92839031796588,-11.252873242082387,0,1,0.07992785212597281,0.000569291724969605,1,2,0,0,0
53933,887,59.75687516106141,-10.052458176729715,0,1,0.034879298612016336,0.000580126845355464,1,2,0,0,0
53943,888,59.647718208155254,-11.379953254364127,0,1,0.066774926728907,0.0008250751333313044,1,2,0,0,0
53951,889,58.950931660854394,-10.967851643748196,0,1,0.0696623085742096,0.0007983211428069604,1,2,0,0,0
53960,890,57.471078817019546,1.2103459751155103,0,1,0.07155212565862189,0.0017750090196222762,1,2,1,0,0
53967,891,64.68034619729397,-11.610702213047702,0,1,0.3138299204284283,0.0011253447890547837,1,2,0,1,0
53974,892,59.525097575864976,-15.036429521830573,0,1,0.10577710347528525,0.0010847763901950132,1,2,0,0,0
53982,893,60.79067150875008,-11.233465137113619,0,1,0.08632163291787483,0.0018601333101506048,1,2,0,0,0
53990,894,57.96884249614203,0.08749813263298911,0,1,0.11945461096013929,0.002026811354685037,1,2,1,0,0
53998,895,59.856040186085096,-10.11333171727038,0,1,0.09670879708965151,0.00044283333820327995,1,2,0,0,0
54006,896,60.40123284405237,-11.021902949397262,0,1,0.07403435545158213,0.001010878877961785,1,2,0,0,0
54014,897,64.75883727506685,-9.01013163628339,0,1,0.4891573754527614,0.00047372458822944266,1,2,0,1,0
54022,898,59.26088165801909,-12.77276482703586,0,1,0.08414433240965052,0.0013176078778882913,1,2,0,0,0
54030,899,60.00834108759037,-8.782437973504216,0,1,0.06926832645367047,0.001302966961899104,1,2,0,0,0
54038,900,63.442859645547216,2.2781631567666274,0,1,0.2882972420232187,0.0034783281692548447,1,2,1,0,0
54046,901,59.43229940204304,-13.46915523280285,0,1,0.11230816303243214,0.0006076784170955832,1,2,0,0,0
54054,902,60.784246404884755,-10.619055607534916,0,1,0.09685028174680546,0.0004963438746846288,1,2,0,0,0
54062,903,60.33800781211722,-10.176819607413645,0,1,0.13922254293585024,0.0008951859599431884,1,2,0,0,0
54070,904,58.19077127721861,-12.185526041183355,0,1,0.059558501162640616,0.00040581902659998033,1,2,0,0,0
54078,905,59.208485959533725,-11.562343807441863,0,1,0.07118299950293494,0.0008966557470784694,1,2,0,0,0
54086,906,58.98844585817204,-10.463934897868024,0,1,0.05676021843500598,0.0009068562822994763,1,2,0,0,0
54094,907,59.36212546621509,-11.756454358550808,0,1,0.07541425336416069,0.001111287267356434,1,2,0,0,0
54103,908,59.86675996750911,-6.086555330459996,0,1,0.05697991779531511,0.00011792478047969937,1,2,0,0,0
54110,909,58.28031534251565,-15.67948188551177,0,1,0.07793050947493864,0.0004143000547525148,1,2,0,0,0
54118,910,58.72520904469279,-13.066916456456951,0,1,0.06405377936134815,0.000554036019862722,1,2,0,0,0
54126,911,56.496528122444815,0.8485533373248302,0,1,0.07107199944741592,0.0024471406703879773,1,2,1,0,0
54135,912,56.34666555157452,0.8524903954031711,0,1,0.06143462868854837,0.0027401368746623406,1,2,1,0,0
54142,913,65.96397665735999,-11.42347300121034,0,1,0.3958331348508519,0.0016123096490179994,1,2,0,1,0
54150,914,59.65329451360859,-9.881930997928844,0,1,0.0743865903349338,0.0016972105605624842,1,2,0,0,0
54157,915,64.62571127636377,-11.74855407872601,0,1,0.304638689064826,0.0016479379565207963,1,2,0,1,0
54166,916,59.80605376903024,-12.221900651331628,0,1,0.0593320623802607,0.0003205603000398002,1,2,0,0,0
54174,917,60.38824413937051,-12.927697548115468,0,1,0.07907885250325274,0.0013691601301020978,1,2,0,0,0
54184,918,57.41242630485912,-0.44542061354865226,0,1,0.04831831936256597,0.0018217731885852896,1,2,1,0,0
54195,919,61.17327566147752,-7.179592220166953,0,1,0.04383225919651101,0.001215440530861044,1,2,0,0,0
54204,920,57.079587241917196,1.361170812983577,0,1,0.05730504781825845,0.0016796065634164148,1,2,1,0,0
54220,921,34.58575527723115,115.31737472502888,0,1,0.07864230465244622,0.08005366836358746,1,2,11,0,0
54227,922,59.66951986637986,-14.425823471686083,0,1,0.11117773620402553,0.0016078701374174097,1,2,0,0,0
54236,923,59.487915384550945,-11.274033618722331,0,1,0.049323177653265854,0.0004612784978953152,1,2,0,0,0
54244,924,59.448011045616674,-10.76633721642253,0,1,0.07752189309608812,0.0013433769098127083,1,2,0,0,0
54252,925,59.45611918790106,-10.255583294890585,0,1,0.06974785137403637,0.000812501903107996,1,2,0,0,0
54260,926,59.96239697149244,-12.772046639947565,0,1,0.07512473576479789,0.0014338121210092627,1,2,0,0,0
54268,927,60.62973421016427,-8.122738961216903,0,1,0.11146836782161466,0.001858693217261965,1,2,0,0,0
54275,928,64.01100975343208,-11.25219124279177,0,1,0.38389684418936126,0.0009657222553962739,1,2,0,3,0
54285,929,60.419220706634725,-7.84858621860611,0,1,0.06074502205100265,0.0002809906178889594,1,2,0,0,0
54294,930,53.97020545608022,9.748664045503528,0,1,0.07050066879027729,0.005691327921566916,1,2,2,0,0
54302,931,59.4793045662952,-13.091087169497811,0,1,0.09372634634702591,0.001054320005026798,1,2,0,0,0
54310,932,61.105706629768264,-9.821323041837225,0,1,0.1490234095303331,0.0007889074805481319,1,2,0,0,0
54318,933,59.05671181659113,-9.308880596365357,0,1,0.06664683903561872,0.00017936482592395965,1,2,0,0,0
54326,934,59.60201201703323,-11.136140420015828,0,1,0.07695394366346885,0.0014709468204729915,1,2,0,0,0
54390,935,-205.5759661215253,1085.420556452962,0,1,0.021506451759652274,0.20486724902811052,1,2,96,21,0
54398,936,62.403616142837336,-9.480432273088368,0,1,0.18415059635916914,0.001541163333583433,1,2,0,0,0
54409,937,57.860092145766345,13.14535557086488,0,1,0.11757638549050405,0.004570704269298857,1,2,2,0,0
54417,938,62.874686752326184,-9.634112518108676,0,1,0.12993488216711127,0.001862005378987019,1,2,0,0,0
54425,939,64.05578625422605,-7.984626255647539,0,1,0.24586060753891692,0.0010693359294715377,1,2,0,0,0
54433,940,59.07966414414642,-13.568069034168428,0,1,0.0640464645270172,0.0007661182313258874,1,2,0,0,0
54441,941,60.2450428103901,-6.720217318463309,0,1,0.11995745890985363,0.0025030130208815136,1,2,0,0,0
54448,942,56.32961974545849,-4.89343187687702,0,1,0.08942216627460178,0.0023857882361453244,1,2,1,0,0
54456,943,60.1974302308068,-9.306226456200825,0,1,0.08308003787810689,0.0006300003980402147,1,2,0,0,0
54464,944,55.869093230622525,0.0948268075650276,0,1,0.07925479926390985,0.006749368817748067,1,2,1,0,0
54472,945,60.996595182824656,-12.016321859336154,0,1,0.10868932637605583,0.0015407624876325446,1,2,0,0,0
54480,946,59.310715074095334,-12.388518849198636,0,1,0.09065444418350704,0.0016320798621624806,1,2,0,0,0
54488,947,59.27484886547002,-16.14631551524523,0,1,0.06419519617827411,0.001046393704373931,1,2,0,0,0
54496,948,61.53078276392651,-10.80473812431085,0,1,0.08747566667622197,0.0011507791014132567,1,2,0,0,0
54505,949,59.78814557634456,-8.485808452380581,0,1,0.061605393733895064,0.0006581534467878281,1,2,0,0,0
54513,950,59.52275694316489,-9.853007109325725,0,1,0.06777965955542554,0.0012438170579309746,1,2,0,0,0
54520,951,56.67546301100383,-5.013328512605998,0,1,0.08966208836257254,0.0021611613255261763,1,2,1,0,0
54528,952,59.20334948967904,-11.135058395474823,0,1,0.059789268704357544,0.0005092598797285222,1,2,0,0,0
54535,953,56.899738474173354,-4.248650174528553,0,1,0.09322478800968183,0.002309610790164084,1,2,1,0,0
54544,954,59.76167289097772,-0.660571483380961,0,1,0.12080810159583592,0.002134093085770091,1,2,1,0,0
54553,955,67.59712569048543,-9.032290485238779,0,1,0.3263981210201783,0.0019929248623080484,1,2,0,0,0
54561,956,58.33434953850872,-3.3630540522415515,0,1,0.1450031756584061,0.0020430855804476934,1,2,1,0,0
54568,957,57.052386911979,-4.860663936519398,0,1,0.09597386046948841,0.003225720391721331,1,2,1,0,0
54576,958,56.66586302722065,-2.3827556975898307,0,1,0.06555637821023987,0.004365033148291049,1,2,1,0,0
54583,959,56.561644483372305,-2.1365704567662487,0,1,0.16877093141132374,0.008949602947053279,1,2,1,0,0
54596,960,20.832223417207423,79.32476908068278,1,0,0.10937947374572608,0.04599403264793653,2,2,3,0,0
54603,961,57.81078335555115,-2.285853556432782,0,1,0.16776944220352502,0.011129184008294069,1,2,1,0,0
54611,962,57.144626748136815,-1.922796516956641,0,1,0.07220151006554829,0.0033741444947947203,1,2,1,0,0
54619,963,56.92528941713304,0.34828970437940576,0,1,0.07679336600669165,0.0025551604547095806,1,2,1,0,0
54627,964,59.364038371201985,-16.045876500684727,0,1,0.07913530768852697,0.0011063987011188066,1,2,0,0,0
54634,965,57.38432776620551,-4.1443658824228145,0,1,0.13449962733022391,0.0027485188992244372,1,2,1,0,0
54641,966,61.43628152797858,-0.03591208820946434,0,1,0.22145963444192038,0.004014421120896028,1,2,1,0,0
54649,967,59.54641596086351,-0.6428741260607751,0,1,0.1871132315252313,0.003122688523730748,1,2,1,0,0
54657,968,62.149549553415795,-9.513782478601836,0,1,0.12661856068310418,0.0014645494258772244,1,2,0,0,0
54665,969,58.57735414217604,0.16283213051584333,0,1,0.11905355522906315,0.0019063612069143527,1,2,1,0,0
54673,970,57.90309555941142,-1.7097134291111864,0,1,0.09262382020370466,0.0019508558399296049,1,2,1,0,0
54681,971,58.37902261173205,-10.026547073708425,0,1,0.05615419763161362,0.0023195390447467417,1,2,0,0,0
54689,972,59.02938224268373,-10.69224072401801,0,1,0.0580384636589487,0.0009459185538186006,1,2,0,0,0
54696,973,62.980636220535345,-13.097479142223548,0,1,0.21634695080587632,0.0016752124621891398,1,2,0,0,0
54705,974,60.700565081067964,-10.247577070502913,0,1,0.07086450718626484,0.00064645103401509,1,2,0,0,0
54712,975,62.61284068365296,-3.428786675365112,0,1,0.4901069012094938,0.002550216056660183,1,2,1,0,0
54720,976,65.2090735307326,-8.856713546184091,0,1,0.3035694424726702,0.001631864556294555,1,2,0,0,0
54728,977,58.20919866673631,1.6495980265365677,0,1,0.11155056787460918,0.0019342012170257576,1,2,1,0,0
54736,978,63.54264499184133,-12.298498428266445,0,1,0.10628790204430365,0.0008736796997270619,1,2,0,2,0
54744,979,59.03402335427664,-14.842908079643001,0,1,0.05530034835177145,0.0016031680925902955,1,2,0,0,0
54752,980,60.49499182244016,-8.89234779071975,0,1,0.10363517769262819,0.001401905867302811,1,2,0,0,0
54760,981,59.8504778874836,-9.278463031884076,0,1,0.08047812707186652,0.0011904955673793809,1,2,0,0,0
54770,982,58.57459793885412,-0.42849861938374545,0,1,0.05694387000833843,0.002185970687707842,1,2,1,0,0
54777,983,64.25104814750232,-11.290198719464282,0,1,0.337199775679228,0.0015336073544384638,1,2,0,2,0
54784,984,57.142471674084575,-3.218882466458785,0,1,0.13848905556081023,0.0024583352777842065,1,2,1,0,0
54791,985,57.78897148386372,-1.9895021969262796,0,1,0.1425910789330103,0.0038193535429466552,1,2,1,0,0
54800,986,56.842880102206976,0.29850037292637843,0,1,0.06239477752856242,0.001758964452262182,1,2,1,0,0
54809,987,52.634617109173675,12.85131430412958,0,1,0.0672759286709523,0.005061064352672306,1,2,2,0,0
54817,988,59.58898809138431,-15.88405927186837,0,1,0.0941503410297831,0.0014011302950368424,1,2,0,0,0
54826,989,59.93136184375534,-12.234675888294017,0,1,0.06077243231152718,0.0011459411745099427,1,2,0,0,0
54833,990,60.16899304119114,-13.291831284077656,0,1,0.16941862162817803,0.001412947884499313,1,2,0,0,0
54843,991,59.89486945925465,-10.82551374085453,0,1,0.04269832383387025,0.0007025146149205032,1,2,0,0,0
54851,992,60.65017169768575,-12.298752378930846,0,1,0.08233978210632316,0.0012088394194026077,1,2,0,0,0
54859,993,61.814467300681216,-9.78152921847293,0,1,0.13347225948500907,0.0015459775948628274,1,2,0,0,0
54867,994,56.87504272428072,-0.6727534757582347,0,1,0.06637392066613429,0.0030736978700406973,1,2,1,0,0
54875,995,54.68282099363506,0.6332690356248669,0,1,0.04970205326213648,0.00674643233027814,1,2,1,0,0
54883,996,65.54773430056986,-9.653049888391209,0,1,0.3750325591149168,0.001430759765125441,1,2,0,2,0
54890,997,62.283794370413176,-13.919074100279518,0,1,0.22749909505828642,0.0018791919129044665,1,2,0,0,0
54897,998,61.25033232761787,-12.568937506708446,0,1,0.19934400990508336,0.0017169255785495865,1,2,0,0,0
54905,999,60.79720864027503,-15.684128079166285,0,1,0.08277862127765638,0.0010255615722001613,1,2,0,0,0
54918,1000,9.759534332472466,91.46475116499502,1,0,0.06335564452170911,0.07748637107363646,2,2,4,0,3
54926,1001,59.48008081751401,-13.85019649908848,0,1,0.0727422535488599,0.0006962617196977998,1,2,0,1,0
54934,1002,65.09811654608976,-13.07151272057823,0,1,0.36129927897350483,0.0017533614590090542,1,2,0,0,0
54942,1003,58.50600053271947,-0.42963640844548223,0,1,0.1134493316646743,0.0036521779023361116,1,2,1,0,0
54950,1004,59.10286017490742,-12.513625884696093,0,1,0.06285716532086995,0.0009526582941929378,1,2,0,0,0
54959,1005,57.739337565127244,1.8642229629087037,0,1,0.05788107463165256,0.003848801668243626,1,2,1,0,0
54967,1006,57.895850001637314,1.1106052993890057,0,1,0.11004364851264123,0.00423890468912956,1,2,1,0,0
54975,1007,59.779864614345335,-11.129945610525295,0,1,0.06957932095954851,0.0011724015972882308,1,2,0,0,0
54982,1008,60.32179591615788,-3.219272919495758,0,1,0.29256343213082486,0.0026263767923826497,1,2,1,0,0
54990,1009,60.180675018843814,-10.191759864988715,0,1,0.06913063204072702,0.0012167804097331504,1,2,0,0,0
54997,1010,58.974118922026285,-15.608273396031674,0,1,0.07879727221318447,0.001059706517826714,1,2,0,0,0
55005,1011,59.03461126702702,-1.9013651260122142,0,1,0.15063853886545564,0.0031180052501543353,1,2,1,0,0
55013,1012,61.21651206632784,-10.14205873582666,0,1,0.096020946208516,0.00146167305707748,1,2,0,0,0
55020,1013,55.73297804717532,-5.708886136891316,0,1,0.06151937037681821,0.0036534128112123763,1,2,1,0,0
55028,1014,52.31074240495856,8.65249937565709,0,1,0.06522735213176634,0.00532774821565773,1,2,2,0,0
55036,1015,54.15774989674858,10.895011218306113,0,1,0.19262874328017152,0.017911840816752265,1,2,2,0,0
55047,1016,52.43696999661289,35.29701891763848,0,1,0.19323744870619922,0.011277229575250932,1,2,4,0,0
55099,1017,-79.19259161605788,558.4385446726309,1,1,0.07090617344555482,0.20320765505875543,0,2,47,0,0
55110,1018,52.766102010054325,26.05198194702722,0,1,0.03925555889125349,0.017996013965043033,1,2,3,0,0
55119,1019,57.12222731482248,2.6456287806446035,0,1,0.10032123168869127,0.015544420262860209,1,2,1,0,0
55128,1020,61.76515930296101,0.37089355284276593,0,1,0.24531666639033878,0.0043499073239452925,1,2,1,0,0
55138,1021,59.42779247073935,2.7788272499753397,0,1,0.1718605546585968,0.0016771727804717218,1,2,1,0,0
55146,1022,57.0252433914784,0.14233999187763757,0,1,0.12925742587392508,0.005461123176281682,1,2,1,0,0
55155,1023,58.360180763310666,-9.96614910185352,0,1,0.024979644698233924,0.00015710596768814418,1,2,0,0,0
55189,1024,24.322630538388065,65.16633542929992,1,0,0.03081298356863554,0.013543312643660113,-1,2,4,0,0
55198,1025,59.69006529210034,-14.018023084517985,0,1,0.06738305626635964,0.0005365180150919672,1,2,0,0,0
55263,1026,54.963700860891066,62.952371254882685,1,1,0.1429126653487488,0.0439156169509382,0,2,3,0,9
55276,1027,23.50513080894285,85.3971302751987,1,0,0.06637910959442347,0.04489400889081669,2,3,4,0,0
55285,1028,49.85732350666534,25.832518415031295,0,1,0.03568341033839458,0.01898450371293949,1,2,3,0,0
55297,1029,52.987046089986265,25.84948368982939,0,1,0.051887804129327246,0.02356730921153648,1,2,3,0,0
55325,1030,12.492654083295502,87.38596543519935,1,0,0.05037051923456219,0.02659095585345303,2,2,3,16,3
55332,1031,63.06558354670224,4.649743616503564,0,1,0.0972508779117939,0.015594968864392806,1,3,2,0,0
55342,1032,-1.8642139057330613,88.96142959433982,1,0,0.006415949196991147,0.056866586401657426,2,1,5,0,0
55350,1033,55.70838503127242,10.629719709120705,0,1,0.07457496240124402,0.015324306837537612,1,2,2,0,0
55363,1034,14.782766564807664,76.68477383765752,1,0,0.08113743783450808,0.06537102615575549,2,2,3,0,0
55392,1035,91.68254278296992,16.647227289065487,0,1,0.05267706930102698,0.03373679238576187,1,4,2,0,13
55469,1036,70.12979529189481,98.7003722971809,1,0,0.016691213316115977,0.022852769107730077,2,6,4,35,27
55477,1037,0.7518939578980728,65.73927000808996,1,0,0.01895237446186549,0.05392781835163893,2,1,3,0,0
55580,1038,57.90863526486788,98.26388193392202,1,0,0.015220960535237322,0.02054273077195916,-1,4,4,62,21
55590,1039,15.93896906649708,71.37722291845735,1,0,0.02225311643391539,0.07037520603072353,2,3,4,0,1
55598,1040,6.073172468175336,74.3300720966019,1,0,0.02630166701651181,0.06749961675744504,2,2,4,0,0
55615,1041,34.94506468742859,72.93476269559385,1,0,0.01397772802943737,0.020513909194032592,2,4,4,0,0
55627,1042,19.043320721943726,73.31649897986745,1,0,0.013503206609028774,0.05906261035183328,2,3,4,0,0
55662,1043,92.20424602466494,64.94195729817783,0,1,0.056485630015301866,0.02580295695604478,1,4,5,10,1
55839,1044,153.60647725255137,81.15680013251986,0,1,0.01065301847095712,0.0376383030020911,-2,6,4,31,93
55859,1045,24.890930395282087,78.03534263237617,1,0,0.017434791992795955,0.04120900067057447,2,3,4,0,10
55872,1046,20.5820010472485,72.30297247740938,1,0,0.015568980097028628,0.04313232495939466,2,3,4,0,2
55937,1047,25.58547458494292,106.70828627265057,1,0,0.02261771411385344,0.019635865767503317,2,3,4,40,11
55947,1048,14.407506420312506,64.66095583326322,1,0,0.0197171552015315,0.026052356886117695,2,2,3,0,0
55962,1049,76.34998244467353,32.716395746907835,0,1,0.04357834207013969,0.015856130503237968,1,4,4,0,0
55973,1050,13.377804086768563,82.3390023472317,1,0,0.01409325671152873,0.04728671938279976,2,3,5,0,0
55997,1051,63.348362469660174,55.51402285347202,0,1,0.058866473811877824,0.04440570752297909,1,3,5,18,0
56007,1052,83.93650353832427,8.454839756824477,0,1,0.03512611898046922,0.01098836056524993,1,5,2,0,0
56155,1053,112.65508250675028,138.08541400940223,1,0,0.017236413435223006,0.02756174529049923,2,4,3,12,39
56184,1054,17.524865898743563,55.162441177097804,1,0,0.042636015049202,0.032500269242467135,-1,3,3,21,4
56205,1055,25.129368600579575,43.461114145524554,1,0,0.01711912940073695,0.02745821447003572,-1,3,4,0,9
56294,1056,88.64673881898464,92.05233921127889,1,0,0.015142299524273144,0.025116619669430094,2,8,4,51,35
56304,1057,16.57286112253788,45.970900623974956,1,0,0.01997948677849925,0.011286751490076581,2,2,1,0,0
56317,1058,69.18705278267575,52.7768584654745,0,1,0.25517137983977817,0.06610994328768102,1,3,5,1,0
56405,1059,39.0064643624155,83.37821893134236,1,1,0.0660116597628402,0.0249880393590543,0,3,3,65,2
56414,1060,19.14796497035477,60.27371188490973,1,0,0.023782903343992585,0.054901614697353204,2,3,3,0,0
56473,1061,61.19518569605336,91.4074399934932,1,0,0.02247334897550912,0.01580597233782575,2,6,4,26,14
56482,1062,16.531233468020535,70.23067654679136,1,0,0.0172608665680142,0.058197331984185384,2,3,4,0,1
56493,1063,22.516044248419405,71.22930153701974,1,0,0.03546124869684704,0.0431062237559189,2,3,4,0,0
56507,1064,25.752800025364095,81.53483938428013,1,0,0.025620504668556702,0.03978220791289315,2,4,5,0,0
56517,1065,4.628784785446861,84.38159268340861,1,0,0.014293013200708197,0.055760459505479684,2,2,5,0,0
56530,1066,67.35168304603725,16.936787810625425,0,1,0.045862694336294516,0.023890766997307387,1,3,2,1,0
56574,1067,49.17240270173791,71.48005182683004,1,0,0.030021009734786587,0.037505082369501834,2,3,3,0,29
56592,1068,31.914851613816182,77.76111742997915,1,0,0.033102750866475704,0.07440910291557318,2,4,4,0,0
56602,1069,22.11338505829296,71.20244840276236,1,0,0.03131296326041436,0.05905183399241325,2,3,4,0,1
56624,1070,81.31788731941714,38.47238982743318,0,1,0.07172882395341748,0.03398561310115502,1,4,4,7,0
56662,1071,31.94019905033567,74.99038247815889,1,0,0.02919135854676117,0.016178692305407184,2,4,3,18,6
56720,1072,54.48813295508926,82.27582835974285,1,0,0.05260857766987346,0.016074102891165325,-1,5,5,28,15
56751,1073,20.88808015047218,45.81513512801378,1,1,0.056314474050567276,0.021197323937148717,0,3,4,16,5
56760,1074,6.330773804448711,73.84465432457853,1,0,0.023632807131092042,0.047799209380573776,2,2,4,0,0
56771,1075,20.686668202630816,72.49732993538036,1,0,0.025396590162999666,0.046291458950522064,2,3,4,0,1
56819,1076,51.84432448255862,84.99106374380193,1,0,0.01409562267046423,0.021391511804213146,2,5,3,18,0
56829,1077,65.38760112044002,11.386122521525788,0,1,0.04016027884643822,0.01614443266969938,1,3,2,0,0
56855,1078,80.1908316096865,42.687232009275164,0,1,0.024821170362784615,0.019070829049406997,1,4,4,9,0
56863,1079,7.3645910166270685,64.98564895279124,1,0,0.026909864367904626,0.08855586518433087,2,2,3,0,1
56914,1080,91.3638465618745,48.85846161780494,0,1,0.034380738653492386,0.02180141344796367,1,3,3,16,5
56931,1081,71.68890927182422,26.33293850171482,0,1,0.09982616348783868,0.02989757475729924,1,3,3,4,0
56958,1082,33.88369652134271,81.67455529151712,1,0,0.049684947239746924,0.041629977861772395,2,4,4,5,12
56970,1083,23.26884493245669,72.03356581314459,1,0,0.02500239871330966,0.05304034123918417,2,3,4,0,2
56985,1084,19.34376293210114,88.1744390762062,1,0,0.02502311459841279,0.04373736265487035,2,3,5,0,0
57168,1085,148.169696371641,167.23292014074184,1,0,0.020343656242196313,0.024636262772384183,2,6,5,32,46
57178,1086,62.8849212091947,21.974406761537164,0,1,0.11680060999186856,0.05332547605257902,1,3,3,0,0
57188,1087,28.834324334382845,79.83924110351784,1,0,0.027109134218953536,0.053285738033234865,2,4,5,0,0
57203,1088,22.076778698560744,74.30959663839386,1,0,0.012810600266035381,0.03927771333055616,2,3,4,0,1
57223,1089,28.045722915889172,83.38202191706091,1,0,0.04933101750924186,0.04224845953668446,2,3,4,0,3
57239,1090,21.995524230002346,82.42123808465416,1,0,0.03426878874287273,0.05547256186916964,2,3,4,0,4
57292,1091,93.75330663296582,56.94718925983937,0,1,0.032378954665761406,0.022271427252142064,1,4,5,12,18
57305,1092,62.1204331603397,59.864971263762314,0,1,0.08243010673732808,0.15292535985412078,1,3,5,0,0
57372,1093,82.08530946140272,48.81718716176623,1,1,0.07113815626820351,0.02998450207557351,0,5,4,1,25
57380,1094,7.837079836859889,73.03886681153827,1,0,0.03157181755403003,0.043886061164649874,2,2,4,0,0
57399,1095,33.68406251247231,75.15158792703522,1,0,0.019168660769880067,0.06911503321976026,2,4,4,0,1
57409,1096,19.006917145070727,62.46045416180843,1,0,0.020680645323125336,0.07116405028225667,2,3,3,0,5
57419,1097,30.009157234305324,59.68133857778794,1,0,0.02325258585830492,0.04696032459608471,2,4,3,0,0
57429,1098,72.91441025437304,20.59018183980915,0,1,0.26645705040664563,0.026199983398375766,1,3,3,0,0
57438,1099,2.984828158724852,56.210162953237074,1,0,0.016468808885100952,0.04138362183004631,2,1,2,0,0
57456,1100,33.62054368279749,76.12221085489946,1,0,0.018284181947008017,0.03567617140404405,2,4,4,0,5
57465,1101,16.184691060297357,71.1372380587662,1,0,0.021898463422623155,0.07821575879592772,2,3,4,0,0
57522,1102,-47.735128130254814,823.1982573414949,0,1,0.0440504969927251,0.19572487986444242,1,8,74,0,10
57542,1103,24.21497639140587,74.62307726894667,1,0,0.01855190608600258,0.058976230115963944,2,3,4,0,15
57554,1104,11.269484370752712,75.62741485494752,1,0,0.014151336143676944,0.04265674886045138,2,2,4,0,0
57571,1105,26.14227864164874,28.85075347568602,1,1,0.027575322673299762,0.03459691313938931,0,3,4,0,12
57603,1106,33.42941123307711,74.502246727593,1,0,0.02236315084904442,0.02158759586653867,2,4,3,16,3
57613,1107,19.069719122558226,70.89970512767094,1,0,0.019707319939667838,0.0493552980319222,2,3,4,0,1
57637,1108,38.984565508055326,71.54120781276174,1,0,0.0266800229358949,0.06440689193972905,2,4,4,5,19
57645,1109,6.418619480846608,72.67821695324213,1,0,0.019537192011217633,0.0456814253465687,2,2,4,0,0
57656,1110,7.667419590618767,85.09516461821363,1,0,0.028878607920183763,0.02202879421787869,2,2,5,0,0
57821,1111,169.45093799680524,117.48495428015622,0,1,0.026637973629426256,0.023792092413111074,1,6,5,62,41
57865,1112,43.815214683993446,64.58832493965598,1,0,0.04804705427006313,0.017817439030321732,-1,4,4,19,8
57881,1113,64.51766220804588,24.364046868645055,0,1,0.0437004180294819,0.01587505806191698,1,3,3,6,0
57893,1114,12.818116961836207,102.67057116319174,1,0,0.01992028103047847,0.0737418782826358,2,3,6,0,0
57931,1115,80.84740142556583,29.50538338573141,0,1,0.029275609778623476,0.02737583629940924,1,3,2,17,0
57960,1116,53.435465617531264,32.65005551601433,1,1,0.05518993234918735,0.08837144787141309,0,5,4,8,13
57985,1117,41.74897978865119,24.660849478229878,1,1,0.018602622521215088,0.07414572209791609,0,4,4,3,20
57996,1118,20.978807186351,73.14400988658238,1,0,0.03168556307261194,0.0513099281176615,2,3,4,0,0
58010,1119,15.911496951901583,76.91292372095822,1,0,0.02164362751086377,0.052679994958230676,2,2,3,0,0
58127,1120,-374.86746401250787,1926.7890663510896,0,1,0.020693794438766122,0.14696409811593447,1,4,176,14,6
58146,1121,49.2264824892222,91.51503429145171,0,1,0.16435642474683088,0.06574571570963778,1,3,9,11,0
58156,1122,60.10561554982337,21.542109462826026,0,1,0.10058104179363632,0.02776858153243908,1,3,3,0,0
58174,1123,69.30886923761518,17.349975247488047,0,1,0.07906332134083903,0.013599540270175852,1,3,2,12,0
58191,1124,-11.474954252400503,157.5635699823961,1,0,0.040457254165909236,0.2348963502274513,2,2,11,1,8
58201,1125,63.25943948857099,8.930056347782177,0,1,0.054997619694394026,0.01997894351273993,1,3,2,0,0
58213,1126,57.31225092832554,33.939062008176776,0,1,0.040553731282534373,0.028789924673565587,1,3,4,2,0
58255,1127,50.82109459273303,65.27762873847318,0,1,0.11110123194688266,0.09953299419299325,-2,3,4,14,0
58267,1128,62.82762027843525,20.116548161291522,0,1,0.04582556696299527,0.02693816334700459,1,3,3,0,0
58290,1129,3.8986927551178923,159.41661258141647,1,0,0.1001860809382927,0.20230530502080382,2,2,9,0,1
58365,1130,87.3877508936105,87.7142146114157,1,0,0.020536235871074022,0.020002960933043868,2,6,4,9,43
58376,1131,19.842037670897973,73.03972140430497,1,0,0.04455469459487322,0.05531945957392852,2,3,4,0,0
58384,1132,11.893187778513623,53.55457900541981,1,0,0.02729641731021603,0.05043887231034662,2,2,2,0,0
58412,1133,59.1704378886934,159.65370602898537,0,1,0.12780477000334897,0.041806655003666406,1,4,15,2,2
58461,1134,79.31340555994834,40.84228913328635,0,1,0.03804350576972413,0.01919394410727422,1,3,2,35,0
58478,1135,82.53452465132797,51.9287213680323,0,1,0.1743721170563468,0.029586239674406017,1,5,6,1,2
58529,1136,-16.104795466995594,399.5260779982409,1,1,0.08748004226370587,0.2095902540351608,0,4,33,2,2
58544,1137,67.11096676258072,27.347421643540898,0,1,0.1913703166385607,0.03875483030717201,1,3,4,0,0
58553,1138,56.05014669961473,3.1275582021232147,0,1,0.03352569248070522,0.015321999477436399,1,2,1,0,0
58584,1139,109.79989548076655,34.121229616709286,0,1,0.039508639902864746,0.033194248029677124,1,6,3,8,0
58593,1140,67.82683630814742,20.357605969683163,0,1,0.5648334653170263,0.034870661224695204,1,3,3,0,0
58614,1141,-5.184320453733548,221.54314908817273,1,0,0.05716636675781348,0.1969365758102675,2,3,15,0,3
58630,1142,66.10340030088287,22.466652170771212,0,1,0.1314453551067717,0.0168245514487789,1,3,3,1,3
59130,1143,-2241.419609238265,9109.143705341803,0,0,0.004489103221744438,0.09789321928464507,0,3,852,26,0
59630,1144,313.4366241202032,294.3407033000255,0,0,0.004272849425121366,0.005216843028695351,0,5,5,60,53
59639,1145,10.138922091831834,66.75996529213486,1,0,0.020499765975641744,0.02774725021574258,2,2,3,0,0
59665,1146,71.80520381066684,69.32607902960541,0,1,0.16074268818382847,0.08610911668344341,1,3,7,6,7
59686,1147,56.39345191053408,68.41245302780544,0,1,0.16667153429640058,0.05993076316095251,1,3,7,11,7
59704,1148,12.618954006861578,118.15520349457803,1,0,0.060557723371463715,0.07489550756119405,2,3,8,0,6
59712,1149,65.92958963020621,-3.626954499878595,0,1,0.03274287430735219,0.010016310402919913,1,3,1,0,0
59723,1150,72.91264178703167,37.853467811270946,0,1,0.21826253310991134,0.029047630949884506,1,4,5,0,1
59776,1151,-41.57482029207641,417.5460908685314,1,1,0.0683885945526464,0.12791534880394975,0,4,35,24,1
59796,1152,51.333599828316565,83.7637257917236,0,1,0.20915897312598924,0.04215197122671041,1,3,8,10,0
59809,1153,58.423801441213854,31.646429667630656,0,1,0.05005385028904403,0.017452436786395787,1,3,4,0,1
59821,1154,92.51903625001528,25.251846331418164,0,1,0.0935265756116853,0.036226459640284314,1,6,4,0,1
59835,1155,10.743965218337117,83.51506575067471,1,0,0.029733462006300955,0.056248117816276255,2,2,4,0,4
59853,1156,62.01411985480366,91.91045098421505,0,1,0.09644408357310577,0.0848297545114801,1,4,9,6,0
59876,1157,60.71470017986932,145.0985606785931,0,1,0.04581757787400622,0.0388600243814314,1,5,15,3,2
59886,1158,68.52039104697342,22.70691433604965,0,1,0.26078560805785406,0.02770210527786577,1,3,3,0,0
59896,1159,65.74404602087934,1.5202965303679399,0,1,0.020428570213809484,0.0049953674566885365,1,3,1,0,0
59920,1160,-13.389325644664325,340.1320745709553,1,0,0.1084633060552952,0.2969730131233455,2,5,25,2,5
59939,1161,91.59579203350935,28.79710799925062,0,1,0.28231781434731806,0.03979834567880823,1,5,4,7,0
59954,1162,22.786206498626033,28.407290873009256,1,1,0.26559225030561034,0.032098725222025455,0,3,3,0,0
59963,1163,64.89985463181137,6.638534710203697,0,1,0.11875863511282216,0.009431181366528433,1,3,2,0,0
59972,1164,67.91800247703662,18.96036706931123,0,1,0.33500028101578216,0.035301589156466945,1,3,3,1,0
59983,1165,65.60560000134697,-0.9718852679391681,0,1,0.016865385764610843,0.003367904658292695,1,3,1,0,0
60063,1166,-203.7442161392614,1200.51479876476,0,1,0.04251633161821951,0.1498106816324187,1,4,108,12,1
60077,1167,18.499937543901734,107.69720041036535,1,0,0.09014199759847279,0.0964265627908751,2,3,6,0,2
60088,1168,79.37416110795661,6.9827901635191605,0,1,0.22484533020319877,0.010299023935735431,1,4,2,0,0
60120,1169,23.403209273062334,203.05301937857055,0,1,0.16738630883508604,0.052071607652802096,1,3,19,18,0
60138,1170,85.03120003168597,28.11966330446856,0,1,0.045274582494101774,0.022440747150297504,1,5,4,1,7
60147,1171,70.02947028281999,9.236556425698481,0,1,0.2356992253202037,0.012428010134260157,1,3,2,1,0
60647,1172,-2504.452744774169,10217.951469432712,0,0,0.002816838099616761,0.14706603406770632,0,4,942,19,0
60657,1173,65.75880939168533,-3.3931700067904025,0,1,0.01977986055655523,0.004883958034661006,1,3,1,0,0
60694,1174,-43.38747983638134,555.7841223868949,0,1,0.02972149946082525,0.18670138870715602,1,5,50,14,0
60731,1175,15.475819557693569,236.7080468279477,1,0,0.07585122587579984,0.12559587307146516,2,4,17,0,9
60751,1176,28.512154821997438,164.4991393866633,0,1,0.05506529869789728,0.07440415406925835,1,3,16,1,0
60759,1177,66.74103773930864,1.8663561964039808,0,1,0.042778295896062246,0.010280285313642565,1,3,1,0,0
60795,1178,-29.17443531699854,453.35868093977723,0,1,0.2004887976838,0.16759489266463326,1,4,40,29,0
60805,1179,69.07093405688705,12.604002937754267,0,1,0.21270672438905133,0.017191369996765397,1,3,2,2,0
60815,1180,64.12586556274233,9.348126209531841,0,1,0.09151418615029952,0.00940662815059406,1,3,2,0,0
61315,1181,-2441.453485565448,10046.587776806722,0,0,0.0029050389561252614,0.13939789836604655,0,7,931,1,16
61342,1182,24.095094755689715,113.91762033221536,1,0,0.18971373751374312,0.05244292899090731,2,3,6,8,1
61376,1183,11.739062692069986,297.2696407516162,0,1,0.06749107039104282,0.08516313270799024,1,4,28,10,5
61386,1184,62.65764263315038,18.1648995618468,0,1,0.13623462389107427,0.012957693193781646,1,3,3,0,1
61406,1185,45.052507793243535,149.97225600920683,0,1,0.04518864949059209,0.12478659930920535,1,4,14,6,0
61436,1186,40.12016450938691,99.43651508776975,1,0,0.027690334295773545,0.022051126612199053,2,4,5,0,4
61477,1187,-143.21288101049686,722.8950823143244,1,0,0.02699390177834825,0.1978646612760264,2,3,61,14,0
61487,1188,61.47384923173689,21.691645413245105,0,1,0.09952833694952239,0.025758748502767437,1,3,3,0,1
61987,1189,348.84576204231774,313.93378427943276,0,0,0.009796132635805081,0.008562303428692809,0,5,5,32,57
62027,1190,72.48614239455348,109.36517448250325,1,0,0.0924464206866705,0.026631056582597394,2,8,7,19,16
62036,1191,63.565978374072145,8.714918969542303,0,1,0.07676475385499866,0.012317812470931878,1,3,2,0,0
62536,1192,-2536.249497446107,10218.073110079304,0,0,0.005567037052068952,0.1388160759243583,0,3,945,5,0
62552,1193,-6.440535515995739,195.1674187804415,1,0,0.04914731892679581,0.1219267414947582,2,3,14,1,0
62566,1194,20.520574700483706,72.00211995979437,1,0,0.017858699614672877,0.04160624841859063,2,3,4,0,0
62586,1195,-19.535255841885366,278.8122259197366,1,0,0.03699022615163129,0.3104380388844342,2,3,19,0,0
62595,1196,19.077007671560253,71.94181636554515,1,0,0.017878552960653358,0.059710790366535954,2,3,4,0,1
62604,1197,62.88671425924511,22.148643294418985,0,1,0.14070271391737055,0.033552860744870364,1,3,3,0,0
62613,1198,60.47354715420968,20.323491305002626,0,1,0.06100338350073983,0.014564259787583848,1,3,3,0,0
62624,1199,19.72859010386995,77.86109795570516,1,0,0.044993337803937376,0.04952515445445462,2,3,4,0,1
62641,1200,82.57975199188272,37.12292190563553,0,1,0.09137716757411615,0.010133513251488018,1,4,4,6,0
62651,1201,23.39400158250148,71.093618216864,1,0,0.03109069370136821,0.035653613025277496,2,3,4,0,0
62886,1202,159.31762485300106,171.6192271406327,1,0,0.007514903427520041,0.010070263994050959,2,6,4,62,63
62895,1203,60.42415998146629,33.46185543839604,0,1,0.07303771643708507,0.0464127946003166,1,3,4,0,0
62913,1204,16.862427073690476,109.4782376388857,1,0,0.04102109681451653,0.06924157101515317,2,3,7,0,0
62925,1205,16.209765821879632,82.7468386517084,1,0,0.0360008104412932,0.05736754034846442,2,3,5,0,3
62969,1206,33.27400846821577,298.8249567835317,0,1,0.08625947477044649,0.1061998841825524,1,4,26,6,2
62981,1207,27.65609554895661,86.18415829775206,1,0,0.03686499535966434,0.12672461519130043,2,4,5,0,0
63481,1208,339.84854862504267,295.01109167900313,0,0,0.0019465430387981583,0.002955523147070667,0,6,6,16,78
63491,1209,23.238646930507073,73.39083937049142,1,0,0.06056481702269832,0.09474292918130665,2,3,4,0,0
63509,1210,65.32460231307371,43.81590486529486,0,1,0.06365396840634212,0.02810821905235139,1,3,5,0,0
63523,1211,65.51617497239735,33.677335305193225,0,1,0.049008114202638134,0.0839656664054008,1,3,3,0,0
63532,1212,55.411004869810476,2.125155663854633,0,1,0.07294761154369261,0.013925793010885994,1,2,1,0,0
63541,1213,66.21854801960406,-1.2332496046441737,0,1,0.04146033724250051,0.007033087034044168,1,3,1,0,0
63570,1214,-2.1104033214103346,208.7500239734904,1,1,0.037089235331207095,0.12940004610296238,0,4,20,0,12
63578,1215,60.00622060836338,20.535850093991893,0,1,0.09310719666834694,0.02340829929583523,1,3,3,0,0
63611,1216,81.30309306807793,68.61529224260391,0,1,0.0677056220713933,0.0227713707224275,1,3,5,4,0
64111,1217,-2549.620681641538,10289.762496027415,0,0,0.002575932818747357,0.14474401788800395,0,3,950,45,0
64124,1218,86.53489625392015,30.606325527191572,0,1,0.11083900196168667,0.029783214072938782,1,5,4,0,4
64133,1219,79.26421262700512,24.040175624880096,0,1,0.12928071713831069,0.02377377784819258,1,5,4,0,0
64143,1220,53.58017628201341,14.976818910303027,0,1,0.09952526361870095,0.012441491068618818,1,2,2,0,0
64152,1221,95.3012454219051,14.911456515340657,0,1,0.1853304699443277,0.019313588245484833,1,6,3,0,0
64169,1222,62.98049109539401,37.178193431817135,0,1,0.09464773320548907,0.03137264644582856,1,3,4,9,0
64179,1223,87.1997639913219,8.113909341070377,0,1,0.07830291769858122,0.027991218044172955,1,5,2,0,0
64261,1224,100.45838970553413,57.67153496113481,0,1,0.08742693717128108,0.014706200441706192,1,4,3,38,1
64761,1225,-137.64826359912126,1969.5832764445445,0,0,0.0026041771073975805,0.025224677633539857,0,8,163,64,50
64780,1226,30.766545504674685,81.09898694290588,1,0,0.028267970178678898,0.03794738627704678,2,4,5,0,6
64789,1227,70.4007277963402,31.689256616567615,0,1,0.23074341208276283,0.04963357060691573,1,4,4,0,0
64807,1228,81.38936572212562,47.056263193067835,0,1,0.06094445040284854,0.04178965660862072,1,5,5,0,0
64815,1229,69.12034019733893,30.67232537095706,0,1,0.15055436743065448,0.037760611046217765,1,4,4,0,0
64824,1230,73.91685918941882,18.720125312460894,0,1,0.17007568209061802,0.029350738413697626,1,4,3,0,0
64833,1231,70.8804757642584,29.561392471106988,0,1,0.1672828982247002,0.05287964467964438,1,4,4,0,0
64847,1232,80.18652384279471,20.173221421280907,0,1,0.08490454726057754,0.03254382032725087,1,4,3,0,3
65347,1233,-692.4450372835038,3904.434910229022,0,0,0.00713685305488359,0.04046879558481343,0,9,354,46,60
65390,1234,49.67399616267151,96.99022084833248,1,0,0.02224688323309656,0.031089758805976947,2,5,5,21,8
65397,1235,85.3770352305677,2.4887742415631617,0,1,0.18294571024850637,0.01731643027397934,1,5,2,0,0
65407,1236,87.42799774660486,45.67414977781633,0,1,0.14543945893640836,0.04913105103829308,1,6,6,0,0
65456,1237,74.41831672233756,236.9440348165205,0,1,0.04416762859560569,0.04892027772118104,1,7,23,1,16
65469,1238,73.12280002872666,26.82484869934514,0,1,0.1489704633472911,0.009990197416618175,1,4,4,3,0
65480,1239,63.33639474214239,27.721789168670007,0,1,0.07521595135558977,0.02358823597220547,1,3,3,0,0
65489,1240,74.18757362566723,23.228024729931136,0,1,0.17147917228929288,0.02466652283346113,1,4,3,0,0
65512,1241,105.39017872590858,61.68946209293556,0,1,0.05775860019310804,0.043012677740252185,1,7,7,2,2
65521,1242,72.37820416973847,34.82631004121604,0,1,0.1785916372996825,0.07444154130917041,1,4,4,0,0
65531,1243,73.55522060071799,18.656581184118316,0,1,0.12570433038810075,0.04865097736389758,1,4,3,0,0
65549,1244,45.419099098947164,71.54927742209743,1,0,0.0707157994998383,0.037074660756487,2,5,4,0,0
65560,1245,73.04691217497471,18.536849885138857,0,1,0.06952934009404321,0.038110334220199445,1,4,3,0,0
65568,1246,65.00627040240428,11.175927421683921,0,1,0.05186322567898487,0.016509946894013312,1,3,2,0,0
65666,1247,-315.57175498651634,1771.027835596149,0,1,0.021426159504936995,0.21554019112047232,1,6,158,13,4
65679,1248,94.46166802664692,30.205580455327304,0,1,0.1386937509408767,0.061642862549064766,1,6,4,0,0
65689,1249,70.84610280529267,19.011874566167396,0,1,0.04150745370321453,0.010049348028132541,1,4,3,0,0
65698,1250,74.78721789271452,19.450018990796536,0,1,0.2202352774970854,0.0410720467130643,1,4,3,0,0
65714,1251,41.44078902677843,65.78339995015091,1,0,0.01377406588028626,0.05347646497454132,2,5,4,0,7
65724,1252,82.03756257095208,18.354308021106203,0,1,0.04543787856737671,0.013493050560010633,1,5,3,0,0
65745,1253,-9.242053192883043,328.47446432258874,1,0,0.057740127973868814,0.3063508848945392,2,5,24,6,0
65753,1254,70.98866470364655,20.90783812236113,0,1,0.0980232405930658,0.02252094838806739,1,4,3,0,0
65761,1255,64.49396610863712,7.9058729119514695,0,1,0.08318062231471633,0.01702772423727892,1,3,2,0,0
65771,1256,72.70473542448956,19.50817618861924,0,1,0.06885503064778412,0.029090804792966364,1,4,3,0,0
65789,1257,91.3675291161731,34.39823487946717,0,1,0.04988602903453792,0.0371330947835021,1,6,5,3,2
65800,1258,81.91740059731319,28.513545721840764,0,1,0.08560828978975012,0.06028989743306835,1,5,4,0,0
65836,1259,-113.94205200711858,673.8691280440711,1,0,0.023202423737164673,0.28041304631482733,2,3,54,0,0
65844,1260,78.21787673574406,8.823102768361714,0,1,0.3047827487276455,0.019035614651163962,1,4,2,0,0
65856,1261,21.217042898456516,91.64024484626418,1,0,0.0467519015581192,0.06915586075822854,2,3,5,0,0
65866,1262,81.20813100530351,16.976443870232764,0,1,0.05316361832983766,0.013793308923335652,1,5,3,0,0
65879,1263,70.41561720673651,22.782692923785007,0,1,0.11382341659815057,0.04277442097414508,1,3,3,0,0
65887,1264,67.12672654644236,14.44675938273734,0,1,0.20566235802302596,0.015961594408956857,1,3,2,0,0
65895,1265,62.24344808061949,12.578762197854061,0,1,0.10687589872974267,0.015301471665615993,1,3,2,0,0
65907,1266,69.85874767625965,33.224602158397374,0,1,0.0737049311644712,0.017805807724061925,1,4,4,0,0
66407,1267,268.81966168369286,323.31565112134047,0,0,0.003888682375392744,0.004641167559308246,0,3,4,19,12
66416,1268,67.84966717467792,10.877697195363208,0,1,0.23370976667490842,0.06236214194250541,1,3,2,0,0
66427,1269,70.70129373900406,30.55491988393689,0,1,0.1340176329530302,0.02933616690674751,1,4,4,0,0
66438,1270,64.47691577191813,28.28729553359609,0,1,0.12335017143236918,0.07245875649381411,1,3,3,0,0
66454,1271,31.348090650423487,87.0038302882578,1,0,0.05501210276507852,0.0466261677988426,2,4,4,0,1
66473,1272,35.040386694597856,69.90386846496551,1,0,0.027173823808724882,0.03893936556563507,2,4,4,0,7
66494,1273,-33.60614815024123,316.6297847159513,1,0,0.03466388813334013,0.23264070733534742,2,3,24,0,0
66503,1274,84.84470639468964,18.960594244138733,0,1,0.2780953012743126,0.017343394729376668,1,5,3,0,0
66590,1275,-243.4291471689535,1242.1197625347538,1,1,0.08323201892351346,0.16380980479473223,0,4,109,38,0
66598,1276,82.15432811804723,26.058247234320525,0,1,0.3050636346301574,0.0342321494894432,1,5,4,0,0
66606,1277,19.61681450554682,60.45708998578624,1,0,0.03453786093056035,0.07701664822973137,2,3,3,0,0
66614,1278,84.35381976589832,3.9948481023891578,0,1,0.0860051888264263,0.021238715129883137,1,5,2,0,0
66621,1279,76.14893085052132,-5.685202723996376,0,1,0.14563266687628054,0.01585113305758584,1,4,1,0,0
66636,1280,63.33802578659017,58.40350191302054,1,0,0.07277571942844774,0.10751694941219127,2,6,3,0,3
66649,1281,81.53424902715338,32.137849822288956,0,1,0.07966873593568803,0.02769382824283498,1,5,4,0,0
66658,1282,65.6371145559264,13.030475904971581,0,1,0.1786072689156374,0.026581608306855534,1,3,2,0,0
66667,1283,56.38171467577391,10.592167693770527,0,1,0.1326876399021374,0.010903862136595131,1,2,2,0,0
66678,1284,71.8966326798068,22.448571094298593,0,1,0.042170317774748715,0.012804258463796143,1,4,3,0,0
66687,1285,91.55797067687955,20.84280753691755,0,1,0.16759996565645283,0.0345566187614376,1,6,4,0,0
66697,1286,78.60524566416098,43.44059012366792,0,1,0.15898567645351888,0.0753280041925172,1,5,5,0,0
66707,1287,68.45732609571581,14.750930097449011,0,1,0.1842466248201565,0.015325202016220918,1,3,2,0,0
66735,1288,69.2221905367879,72.38981304385302,0,1,0.06740657028177618,0.05031535543508646,1,3,6,9,0
66748,1289,74.759691120426,20.069494837460976,0,1,0.1564466315972089,0.016521699073595145,1,4,3,0,0
66795,1290,-144.90073977131834,884.0331249386373,1,0,0.022900444519265515,0.21588908722288225,2,6,76,11,0
66804,1291,62.237224873284674,20.478475490260575,0,1,0.09608309064600291,0.015833684657455195,1,3,3,0,0
66814,1292,17.734631449533914,73.38672635021238,1,0,0.018273391268641703,0.027640549503876455,2,3,4,0,0
66824,1293,67.90688891503986,34.31643792609068,0,1,0.3259690727733846,0.039777746750448435,1,3,4,0,0
66847,1294,79.92242973940562,79.61810242188275,0,1,0.26429248569274827,0.04984435755574286,1,4,8,0,0
66887,1295,-17.733593058196817,442.66802259727285,1,1,0.0443949071141681,0.222511447271299,0,7,38,0,0
66916,1296,14.53540404468708,291.6412198294991,0,1,0.059348637780108404,0.08141080972233154,1,4,28,1,0
66924,1297,67.15813407451097,-2.6856275144270843,0,1,0.1115247338209802,0.012668829357748742,1,3,1,0,0
66931,1298,72.72786950353452,3.935643330707915,0,1,0.1392658047523999,0.022482805384065795,1,4,2,0,0
66945,1299,17.562638027072385,76.45068155844915,1,0,0.08253286436349687,0.09599001075336948,2,2,3,0,0
66973,1300,96.87034190068019,35.86415390405074,0,1,0.07831124067228577,0.024520360208330257,1,5,3,17,0
66982,1301,80.20295861768923,25.331382393527946,0,1,0.0937475359876811,0.02933698150971315,1,5,4,0,0
66990,1302,76.42275870519796,6.070035768561526,0,1,0.20947682417664606,0.016584398184800495,1,4,2,0,0
67001,1303,74.09514034453122,8.100997863631488,0,1,0.08073027433402798,0.01318700931518111,1,4,2,0,0
67019,1304,111.80177406090348,14.860942955112765,0,1,0.06127128584687309,0.016392072830116476,1,7,3,2,1
67045,1305,46.56255308003678,93.57644180337766,1,0,0.036880777239987096,0.04683848715536681,2,5,5,0,0
67053,1306,77.90513339277786,-0.6183660595815823,0,1,0.14837360806240585,0.00872847537260145,1,4,1,0,0
67070,1307,65.46729439794628,24.240819674197986,0,1,0.039115005679761145,0.02524559805379737,1,3,3,0,0
67077,1308,68.06932939571027,8.956085439808145,0,1,0.34330674697290625,0.010196526267149739,1,3,2,0,0
67085,1309,64.71767684655991,8.673070808547275,0,1,0.12724808350520123,0.016906100994356264,1,3,2,0,0
67139,1310,-42.15197149487164,656.7615422596465,0,1,0.040191025700420456,0.1395768536587441,1,6,59,9,0
67147,1311,75.90054259297483,18.55508277630132,0,1,0.2362081788214752,0.047496439708249356,1,4,3,0,0
67180,1312,15.672027843938112,339.41591912486314,0,1,0.07750009670391145,0.1367160897149166,1,5,31,8,1
67190,1313,74.70878509699185,7.159547788048533,0,1,0.056641440844671376,0.011234544073293879,1,4,2,0,0
67199,1314,63.59501117672545,12.920213331017813,0,1,0.09166039655901977,0.016671822593788535,1,3,2,0,0
67224,1315,-41.91444876401311,357.0518250962285,1,1,0.06322536237894352,0.28544164345639284,0,4,31,5,1
67235,1316,81.30107279159462,28.147052092368526,0,1,0.07299660264246052,0.0424956486659843,1,5,4,0,0
67270,1317,3.8241611956290527,397.8177393466316,0,1,0.04266005339373783,0.18075250932707942,1,4,35,5,0
67279,1318,82.00214778894966,26.4630089663852,0,1,0.2169876970780585,0.02470246939006325,1,5,4,0,0
67289,1319,58.215560591343966,32.970602132159804,0,1,0.11015658941898429,0.03489349225657503,1,3,4,0,0
67306,1320,39.513572221915304,40.05391057308846,0,1,0.025778086838640336,0.020187877783660504,-2,4,5,0,0
67314,1321,70.4762557594336,17.46366716390329,0,1,0.08429321350725724,0.014366020046649735,1,4,3,0,0
67350,1322,-26.439578188453165,500.19099349374585,0,1,0.0913285047376922,0.20673901053219254,1,4,44,8,0
67383,1323,79.48378093602321,43.042105472102286,0,1,0.09607627112539377,0.016326750551524397,1,3,3,12,1
67489,1324,-100.50430893957133,887.8441340537246,1,1,0.02506397229892243,0.10633884139462191,0,6,77,1,0
67499,1325,83.32675306841347,15.245805372520898,0,1,0.09333457781220324,0.019733902202477015,1,5,3,0,0
67999,1326,-2240.6784206938632,9255.95567761522,0,0,0.004064865996510725,0.12114617627066725,0,6,860,27,32
68008,1327,67.25010634015082,26.932952048329092,0,1,0.14008283183328288,0.024094137382588334,1,4,4,0,0
68023,1328,35.34407943754876,62.03662470865549,1,0,0.048613675504213034,0.11971973880091956,2,4,3,0,0
68058,1329,32.523335336342754,265.8550673980806,0,1,0.18079490619272828,0.059412251027624687,1,5,25,20,0
68070,1330,8.753216203506355,76.92061128790328,1,0,0.017579978429749312,0.08657812476658666,2,2,4,0,0
68086,1331,59.67400612729044,87.52824552854649,1,0,0.1707732072092201,0.11363300239273351,2,6,5,0,3
68097,1332,69.09090808396999,24.443412599770376,0,1,0.07642994891725571,0.039278371519204366,1,4,4,0,0
68108,1333,73.19069385927273,19.331514810476712,0,1,0.0482188777203951,0.028224943787140102,1,4,3,0,0
68118,1334,63.28943392215933,9.45441303306734,0,1,0.044299793398913864,0.006189046261475946,1,3,2,0,0
68150,1335,17.552551752698534,273.6658423506333,0,1,0.10878873786891748,0.06702005525479587,1,4,26,9,0
68165,1336,93.18354058599171,49.63068946592222,0,1,0.26778750068876983,0.08649872648938026,1,5,5,0,0
68177,1337,96.68991768729975,16.03688538873996,0,1,0.13362703062387377,0.06472923109605905,1,5,3,0,0
68194,1338,81.73962858468619,35.95324477204301,0,1,0.0595523684282487,0.013969842481434775,1,4,4,0,0
68225,1339,58.84990490060757,69.46330390720969,1,0,0.022068817754938356,0.029280609804026945,2,5,3,0,0
68237,1340,86.74208580551928,6.735010569129976,0,1,0.04318870109768242,0.014844693390275448,1,5,2,0,0
68266,1341,115.56824622163904,30.48053367136079,0,1,0.10847039306077332,0.027217599767668434,1,6,3,3,0
68274,1342,59.171128611068845,4.660367355743517,0,1,0.17546026572532936,0.007609395315180411,1,2,1,0,0
68282,1343,73.5478984726835,7.461750314130812,0,1,0.08850055677782687,0.027790932246309633,1,4,2,0,0
68304,1344,37.6801706793025,26.325237838468986,0,1,0.063226935081217,0.006766261107318058,-2,3,3,0,0
68312,1345,66.5225763620292,9.321732174437948,0,1,0.048860365544242175,0.020771142143452975,1,3,2,0,0
68325,1346,17.64285461587816,66.46186050407499,1,0,0.047103621294591044,0.09915291065246788,2,2,2,0,1
68381,1347,49.35704166188412,40.443629320384375,1,1,0.06770466766058127,0.032106816233266035,0,4,4,14,35
68391,1348,35.11790499885434,85.37196256049856,1,0,0.07694417354239744,0.05656176603950073,2,5,5,0,0
68399,1349,74.60835690908877,6.741021164070352,0,1,0.14742999683176877,0.012219008006293308,1,4,2,0,0
68419,1350,100.79142503093881,14.632389746155912,0,1,0.0520585634812207,0.03078155064688546,1,5,2,0,0
68428,1351,61.12694378396987,20.839469734678772,0,1,0.10489023355253908,0.029422384007337606,1,3,3,0,0
68439,1352,70.08304565610501,13.243028940449832,0,1,0.1916872857921663,0.019954777471001214,1,3,2,0,0
68453,1353,58.691709725833704,4.602524805690459,0,1,0.07964734905015132,0.005202724647702612,1,2,1,0,0
68501,1354,-37.995572698549545,355.29776020427494,1,1,0.09049926115340227,0.056861001330819276,0,4,33,1,5
68512,1355,28.07213924744304,68.37142393323884,1,0,0.018465839663327887,0.0820864583181193,2,4,4,0,0
68524,1356,17.888523329502497,76.494793379954,1,0,0.016952237328269865,0.15794851658861528,2,3,4,0,0
68541,1357,71.75370740395633,44.69556469838737,0,1,0.2083940930750671,0.03561825854639439,1,3,4,5,0
68552,1358,19.261191104258394,72.07487897776002,1,0,0.011814176482064963,0.04744414190523143,2,3,4,0,0
68566,1359,56.43648953378255,10.716384177079277,0,1,0.035605224620759705,0.006330013889386977,1,2,2,0,0
68611,1360,-51.57824745984341,572.2527971804582,0,1,0.04201736689186209,0.11942899479215602,1,4,53,5,6
68621,1361,78.33576684171825,11.482328599321676,0,1,0.06388326142250052,0.0322145518180757,1,4,2,0,0
68639,1362,47.035378611740924,88.80379130126069,1,0,0.10708561688477823,0.1789472923054049,2,5,5,0,0
68649,1363,89.74136983070416,20.748904146605856,0,1,0.057469868055935035,0.018833035488162755,1,6,4,0,0
68663,1364,127.6866841253302,16.54638849670193,0,1,0.11004595775384461,0.03380721516905701,1,9,4,0,4
68693,1365,46.08206654467773,70.34907326028399,1,1,0.07208094570872263,0.20900320919867388,0,4,6,1,0
68703,1366,70.76231244987974,15.339919706670308,0,1,0.03683644323653603,0.014067736596189059,1,4,3,0,0
68712,1367,81.71766507493419,14.009499262124432,0,1,0.052046589211110814,0.014903045615652486,1,5,3,0,0
68720,1368,63.56549095000638,9.828194483570478,0,1,0.10504604114506251,0.014479173520518479,1,3,2,0,0
68730,1369,58.19899061632708,30.907940231537694,0,1,0.02939401992913169,0.019951920300530775,1,3,4,0,0
68740,1370,86.59774815961755,5.5369159311210545,0,1,0.044284299330802565,0.025001190849083497,1,5,2,0,0
68766,1371,25.713753247963975,181.31987301543222,1,0,0.08944773616763418,0.13868481145065673,2,6,14,6,4
68776,1372,85.81063210536806,14.599512557457668,0,1,0.06287552528979759,0.023581764023943325,1,5,3,0,0
68787,1373,68.43789837880405,3.129184429488104,0,1,0.033309183794681604,0.015649178298019914,1,3,1,0,0
68802,1374,72.63964348828478,25.735533761276745,0,1,0.05219668836044852,0.02766679841612684,1,3,3,0,0
68811,1375,65.44283180983518,9.769821917490422,0,1,0.05770573442692021,0.030484793821884366,1,3,2,0,0
69311,1376,-2045.110277302524,8358.174407341889,0,0,0.0088184316026758,0.09245240536687764,0,4,780,16,0
69322,1377,78.22094564947095,28.35885099910776,0,1,0.045230276846105005,0.022159329621684033,1,5,4,0,0
69347,1378,85.72165985962272,20.412485061558122,0,1,0.028068006241486046,0.027139667239284425,1,5,3,12,9
69365,1379,77.26262998266706,23.46899899729641,0,1,0.058381368095408046,0.028637142410470058,1,4,3,9,0
69375,1380,62.77083598031573,13.39699058417391,0,1,0.01553077674777487,0.011292569552984482,1,3,2,0,0
69385,1381,77.56404543062797,12.26663086642424,0,1,0.04626214015649494,0.020924516978390047,1,4,2,0,0
69404,1382,83.59262264047544,23.103325872592485,0,1,0.5176846798326132,0.026186620272017187,1,4,3,7,4
69417,1383,71.79390692382492,1.7544988803767225,0,1,0.038654790979618055,0.011842393127702753,1,3,1,0,0
69443,1384,-9.54755635732827,225.3502055975293,1,1,0.18283004880926382,0.14616717861488085,0,4,19,7,0
69463,1385,-37.41112169437009,380.17698379453213,1,0,0.020660868461139036,0.3300097530152939,2,4,29,0,0
69473,1386,74.2386167864855,12.631998498518158,0,1,0.09183358747706132,0.019144667440513432,1,4,2,0,0
69489,1387,34.15563594374029,14.711435701763474,1,1,0.1114973508150101,0.018602262552112028,0,4,2,8,1
69496,1388,74.53190196792616,-4.659794373245417,0,1,0.04465296161806877,0.008829208302130858,1,4,1,0,0
69504,1389,0.43113963202840644,65.691334210122,1,0,0.004284941269252195,0.029810082651973747,2,1,3,0,0
69514,1390,75.7279603574949,11.354260377059347,0,1,0.0401959201776634,0.027897589705557124,1,4,2,0,0
69526,1391,31.30658698326104,21.893395185191885,1,1,0.10097346473377815,0.018407027588621224,0,4,3,3,0
69536,1392,63.988714702922834,12.898513569837522,0,1,0.024524641252156178,0.01997041873135253,1,3,2,0,0
69545,1393,66.4781782742534,1.9487090444985053,0,1,0.034817236444749516,0.015079314805446454,1,3,1,0,0
69555,1394,62.5384542367422,25.544977657814123,0,1,0.09191047304211131,0.02832362864752503,1,3,3,0,0
69571,1395,82.30072762468521,24.058667202144782,0,1,0.10429199651682944,0.022275797701221536,1,4,3,2,0
69584,1396,75.88174991580175,4.257181203615943,0,1,0.05824279066655847,0.011789816147011885,1,3,1,0,0
69604,1397,80.47488519519919,36.45224168476247,0,1,0.050094761802638686,0.03036736320371448,1,4,4,0,0
69615,1398,67.6785105882756,24.373205413240896,0,1,0.22543186494636583,0.02867995160011286,1,3,3,0,0
69625,1399,59.0412779780129,31.96004956213321,0,1,0.08712394101674478,0.023270472835993955,1,3,4,0,0
69634,1400,64.46134200164086,30.232673799102724,0,1,0.3103272836352235,0.04550596509587861,1,3,4,0,0
69642,1401,64.41210347279278,10.141634669556122,0,1,0.035401977953606695,0.023356688859487496,1,3,2,0,0
69651,1402,72.99987897588679,5.982066875793018,0,1,0.03952669342586898,0.010380831918766443,1,4,2,0,0
69658,1403,64.4666581106035,7.595801275245126,0,1,0.15666032661482918,0.008611461927540472,1,3,2,0,0
69690,1404,33.59375934200053,54.22798234601079,1,0,0.04511136602573699,0.012182256389112519,-1,4,3,21,0
69723,1405,84.12345547438798,92.57668354154329,0,1,0.038660532025802316,0.026202316002753894,1,5,9,7,4
69733,1406,79.15536566085753,5.826198083353926,0,1,0.09309556428088303,0.02054916865384452,1,4,2,0,0
69748,1407,81.79691947439784,10.915009640330773,0,1,0.06261876014008608,0.025397933555806114,1,4,2,1,0
69762,1408,95.16103670851487,21.70297973381089,0,1,0.07074339042242364,0.025068651668537074,1,5,3,3,0
70262,1409,-2520.631404512591,10306.238731662173,0,0,0.0027249188760018303,0.14719468474352604,0,4,951,20,0
70278,1410,87.02936889137985,16.78175494967885,0,1,0.08916238845779609,0.025881163275015513,1,4,2,6,0
70286,1411,0.345421580203336,58.78743204035745,1,0,0.0161088380221198,0.022524831354029277,2,1,2,0,0
70315,1412,56.44748395064194,61.29370195177161,1,0,0.0331207835576555,0.03391698578160035,2,5,2,0,0
70332,1413,-27.98425240754488,269.2490175008734,1,0,0.013464840857239861,0.2209740249109379,2,3,20,1,0
70340,1414,64.52235413025554,-3.8296817049335736,0,1,0.0406544031822997,0.004470208082411635,1,3,1,0,0
70356,1415,64.87732623065851,28.848394169935034,0,1,0.0936151454229249,0.015093375537946048,1,2,3,3,0
70364,1416,65.30050850586133,0.5751816376430146,0,1,0.02787959533456434,0.01062735633889135,1,3,1,0,0
70374,1417,73.94053936441098,19.490112206041967,0,1,0.13254955611256702,0.0067380559920216755,1,4,3,1,0
70408,1418,-109.33883357643779,640.9348908329771,1,0,0.018624127526432145,0.24202802603825452,2,3,53,1,0
70431,1419,23.15700249708952,47.601360772996856,1,1,0.3393441524462363,0.05815674042569952,0,3,4,11,0
70447,1420,77.46785707039847,25.320391682316245,0,1,0.03706124158074838,0.014148601389015728,1,4,3,0,0
70502,1421,-149.9673191517617,761.7202074467405,1,1,0.12188419950897673,0.13943395329165195,0,4,69,17,1
70528,1422,43.92573877706266,165.16128931836766,0,1,0.030747691298084665,0.06384668149341118,1,4,16,0,0
70537,1423,0.49073130568312706,66.21262499220688,1,0,0.00402635171302541,0.029176569017615308,2,1,3,0,0
70549,1424,90.4599902017644,7.610743603095992,0,1,0.08229289807774802,0.020820177591091667,1,5,2,0,0
70558,1425,56.9236942382275,16.239853083875452,0,1,0.017787085391203952,0.02102465865772794,1,2,2,0,0
70570,1426,66.78497824479251,51.25868582231939,0,1,0.09224319726533868,0.038161796060318415,1,4,6,0,0
70586,1427,79.15145118845784,35.46621499139617,0,1,0.07623660958294817,0.04481224958677422,1,4,4,5,0
70625,1428,-118.50348451355325,689.5221265946116,1,1,0.023092178134151122,0.2361424613368264,0,5,62,14,0
71125,1429,-2004.7694009365528,8385.464457412863,0,0,0.004359626419895459,0.09269216088394748,0,4,781,14,0
71134,1430,71.95885147673124,19.596221468225075,0,1,0.0478152936155953,0.028048994675447532,1,4,3,0,0
71193,1431,-109.98667015501397,809.2989190213241,0,1,0.13185541687885993,0.12249027994534332,1,4,74,18,0
71224,1432,81.32942104018161,36.2418268994338,1,1,0.07941933703180182,0.022840836114032776,0,8,4,7,0
71233,1433,51.825694127525296,12.652039227281168,0,1,0.027863405481649808,0.018412677638007247,1,2,2,0,0
71733,1434,-2336.122063180332,9534.907690310221,0,0,0.002843051363700183,0.1264198677358098,0,3,883,0,16
71743,1435,77.0925723879713,-0.2184407179536798,0,1,0.02751363264533529,0.005770759981383104,1,4,1,0,0
71756,1436,71.8567894154655,34.30043872682589,0,1,0.09078076516779666,0.03723179468475345,1,4,4,0,0
71766,1437,-1.626107286556346,65.89440518341752,1,0,0.003264952842149125,0.016110340802123733,2,1,3,0,0
71779,1438,76.1223543913818,32.69146887235609,0,1,0.07352433593020823,0.032608976021494075,1,4,4,0,0
71809,1439,-23.03269568152498,446.3019217714572,0,1,0.02794059306703805,0.19734426941431327,1,5,41,12,0
71864,1440,13.967651584631074,419.1956770209144,0,1,0.027932526265985382,0.06064628052773395,1,6,40,0,19
71874,1441,10.534957276792355,58.61302068101354,1,0,0.008862518332165139,0.009454366176203084,2,2,2,0,0
71883,1442,84.08665894948709,0.06842823162345368,0,1,0.04025768798778223,0.008737917704225849,1,5,2,0,0
71895,1443,69.52604438213608,25.341965455084637,0,1,0.23723589075826979,0.022611487146495034,1,3,3,0,0
71923,1444,51.78024653932842,25.713346270212895,0,1,0.006611770950723032,0.009055103043855702,-2,3,2,0,0
71935,1445,63.13071421420897,21.69799936296448,0,1,0.013848742532626211,0.010239267914373852,1,3,3,0,0
71952,1446,70.82688665928586,25.261331389213318,0,1,0.09966158593817875,0.021790138600313,1,3,3,3,0
72002,1447,54.014572905691146,91.28447292601673,1,0,0.030397039284026647,0.025783085908193764,2,5,3,23,2
72031,1448,-68.01928314390504,463.5317303406535,1,0,0.025306225889418672,0.24945045406651437,2,3,36,3,0
72041,1449,27.583016744731243,52.69678490283074,1,0,0.021516426519081772,0.0066002093265121135,2,3,2,0,0
72048,1450,3.9851111662979406,44.54925336757807,1,0,0.020423655673216246,0.023057167639255242,2,1,1,0,0
72056,1451,21.616830362668445,50.849970504977904,1,0,0.015954115373621333,0.03109195180775688,2,3,2,0,0
72103,1452,107.78812423017702,54.5407757779596,0,1,0.03803359040297317,0.017024317600649038,1,5,4,13,4
72116,1453,66.08609920253456,27.226507310204056,0,1,0.047529458532871785,0.034165570166313344,1,3,3,0,0
72125,1454,12.001089592439246,53.60869400208346,1,0,0.007049597767087622,0.00984854928372375,2,2,2,0,0
72139,1455,8.077454757486795,78.90940637712572,1,0,0.007190759150975353,0.01727097305958161,2,2,4,0,0
72156,1456,52.07114063107351,123.92128637164875,0,1,0.03958718133319149,0.09345611069326264,1,4,12,0,0
72165,1457,49.33494331692056,20.39844885520111,0,1,0.01625810092448935,0.014286315682682217,1,1,2,0,0
72173,1458,56.9210387483847,4.281167750447919,0,1,0.03860067760271944,0.01570826045433215,1,2,1,0,0
72181,1459,56.2679640585085,1.0041812176701583,0,1,0.03304305336452967,0.006577993064093474,1,2,1,0,0
72197,1460,89.97149286085099,23.223384752664018,0,1,0.03368770064955233,0.028040756469210743,1,5,3,0,0
72207,1461,55.862431198344126,16.721408436799962,0,1,0.01785716773544497,0.015334784819921921,1,2,2,0,0
72228,1462,60.65132306768436,93.75766324939036,0,1,0.030690220887610017,0.03005750444653065,1,4,10,3,0
72238,1463,58.08280161006072,16.976821941163287,0,1,0.016769377680609588,0.012596091647165663,1,2,2,0,0
72249,1464,53.30134634838251,21.8721732045873,0,1,0.01368164173524255,0.01260277461317768,1,1,2,0,0
72262,1465,63.33534381685698,61.26707650026961,0,1,0.09052496466046561,0.03870459133122994,1,4,7,0,0
72276,1466,56.386319047588,107.18850926136977,0,1,0.04674253309626213,0.19541097953818246,1,4,9,0,0
72286,1467,73.2511026629485,12.88444270061424,0,1,0.02928387085617032,0.0140033294332989,1,3,2,0,0
72306,1468,32.059631061771185,27.42949314432928,1,1,0.048687974292598704,0.023161842949788108,0,3,2,0,0
72315,1469,56.179577491767226,4.090588322760883,0,1,0.032394877670514445,0.010957912854463,1,2,1,0,0
72328,1470,63.41917411492159,44.359440118677576,0,1,0.35137336467445124,0.01291416491553045,1,3,5,8,0
72357,1471,8.381976542623288,345.3283911687909,0,1,0.038926025623067954,0.1233854472866132,1,5,32,4,0
72374,1472,16.167276044737278,89.10475349291431,1,0,0.016349048810488584,0.03305474740123719,2,3,5,0,0
72385,1473,70.48093621994977,33.95935655840957,0,1,0.04657805822274505,0.03551269491207076,1,4,4,0,0
72398,1474,76.28341059943897,16.361660801885954,0,1,0.0663062080975107,0.011710417425584084,1,4,3,1,0
72407,1475,77.05987526344865,9.591926335102645,0,1,0.1386664445208281,0.01808009474495066,1,4,2,0,0
72420,1476,79.897907723343,25.376261119474623,0,1,0.03959253567710449,0.013564879101891632,1,4,3,0,0
72430,1477,66.36593669629505,9.65685660495426,0,1,0.03842538460502032,0.015364183774213924,1,3,2,0,0
72440,1478,90.33671382459353,8.539748889613042,0,1,0.12301223751591059,0.030673506778513104,1,5,2,0,0
72455,1479,72.41600149497516,3.560907009296816,0,1,0.036718314420535844,0.008170671107817207,1,3,1,0,0
72478,1480,51.6195091248066,26.657936113427546,1,1,0.10557049039210037,0.012731790853679148,0,5,3,6,0
72487,1481,51.004916345514545,6.344274297079814,0,1,0.013541478637321337,0.0073394608461803,1,1,1,0,0
72499,1482,63.89762293854045,22.793557285298785,0,1,0.052253106447709224,0.021448268967992967,1,3,3,0,0
72521,1483,92.65103783064869,40.650332940599945,0,1,0.05019048586659936,0.01634557767984687,1,5,4,5,2
72538,1484,86.9412028198604,26.225271338591362,0,1,0.08846315813204504,0.02578735347369527,1,4,3,2,0
72545,1485,7.196292747145137,64.17315753430682,1,0,0.02031891217661256,0.02630174670699312,2,2,3,0,0
72553,1486,-3.236287273327319,74.329065716506,1,0,0.00911521031672195,0.016557611120451652,2,1,4,0,0
72574,1487,53.132008093174036,138.82515018725064,0,1,0.05935080053150715,0.046608554461733016,1,4,14,1,0
72582,1488,11.102198312829824,52.62415446851182,1,0,0.015626083575571388,0.011875823813056439,2,2,2,0,0
72589,1489,11.926226695207195,62.422866751533164,1,0,0.009690114608801453,0.04446908055434458,2,2,3,0,0
72612,1490,71.82368515701575,106.38044314826811,0,1,0.06433271910296857,0.04588943955603344,1,4,10,1,0
72619,1491,8.55070973605752,63.56559957317263,1,0,0.023499076922450735,0.029937131638146364,2,2,3,0,0
72657,1492,57.893532777180695,91.19022164811808,1,0,0.23661029598476782,0.11923977001903033,2,3,2,3,8
72666,1493,74.81262378416965,3.8511533624166745,0,1,0.08201323835158919,0.006149802972888929,1,4,2,0,0
72679,1494,90.05131821875642,11.6292401067004,0,1,0.06473485829823786,0.0117538971020387,1,4,2,2,0
73179,1495,-2488.3468914296136,10129.507744158904,0,0,0.002616335964604851,0.13331803018840127,0,5,939,16,0
73192,1496,39.84707337698971,85.27501268516247,1,0,0.028758131578563956,0.16201331009377612,2,5,5,0,0
73254,1497,-181.54633622378722,973.8425145885222,1,1,0.027246135022247323,0.26596256903956006,0,3,83,0,0
73280,1498,-53.2067539942364,464.88390526075807,1,0,0.0450643101943284,0.2928657564245284,2,4,36,2,0
73298,1499,75.61334588577137,59.747174862848524,0,1,0.1423692661510722,0.04055618881424696,1,4,6,2,0
73309,1500,62.86666961527308,19.91540120205914,0,1,0.04554059537019077,0.01165320455244584,1,3,3,0,0
73345,1501,48.061924152069366,80.89581198044635,1,0,0.03483313616143843,0.026822762659171828,2,4,3,7,5
73359,1502,56.940527096064514,54.9737422499835,0,1,0.038174058370091746,0.02718313983792415,1,3,6,0,0
73369,1503,66.88159955850539,1.807007255280821,0,1,0.027520154764230094,0.007968081747556874,1,3,1,0,0
73378,1504,80.54809254549681,9.290465879565486,0,1,0.13596046626730418,0.006266261524968755,1,4,2,0,0
73387,1505,16.195025410765822,56.67548668539023,1,0,0.022094372799045893,0.01954313142477257,2,2,2,0,0
73398,1506,74.10179777937434,22.28507934833935,0,1,0.12252789527716317,0.03262933817320223,1,4,3,0,1
73405,1507,8.295944356306643,62.91015052925475,1,0,0.017938557089488022,0.016969490084691306,2,2,3,0,0
73444,1508,100.29981925001294,49.603652857202064,0,1,0.0335505962664968,0.027537842648262725,1,5,4,2,0
73453,1509,68.61376537945158,-0.5540782212174733,0,1,0.03865985635149284,0.002080521598207618,1,3,1,0,0
73561,1510,-414.06910099472736,2104.829190955612,0,1,0.016598142565257296,0.21194923173921026,1,4,189,1,0
73571,1511,7.621233989752138,67.57514641843129,1,0,0.010604021717132895,0.05223532519997729,2,2,3,0,0
73582,1512,12.624964828455703,56.11798905969232,1,0,0.006949366699686657,0.03830916785562206,2,2,2,0,0
73594,1513,71.91395059569213,12.665190744203265,0,1,0.0822623083881039,0.015492689329144141,1,3,2,0,0
73604,1514,66.45464621123296,21.477152410727143,0,1,0.26330654496506467,0.029544419225814984,1,3,3,0,0
73614,1515,79.45674070578477,-2.295914499941391,0,1,0.02052801133264367,0.004210310651729174,1,4,1,0,0
73647,1516,3.448800423486677,416.10860435499814,0,1,0.03460942318780697,0.13368739599876797,1,6,39,5,0
73673,1517,-63.70629510622351,462.42542150914284,1,0,0.027986509540953643,0.2483697026740426,2,4,37,6,0
73705,1518,51.257699221523254,43.70576865368241,1,1,0.18840622586438238,0.016013170109015817,0,6,4,25,0
73738,1519,-85.8717735301682,542.0856589062736,1,0,0.04667059813713773,0.20374734389664664,2,3,44,0,0
73765,1520,-5.962242715929749,202.6087618786134,1,1,0.14906732194516703,0.14059780958403853,0,4,18,11,0
74265,1521,-2484.1464800492736,10227.790706227734,0,0,0.0047707476235180875,0.15052314099822958,0,7,942,54,0
74272,1522,63.143788331381536,9.577468212085495,0,1,0.026985836572541215,0.011062985354105664,1,3,2,0,0
74326,1523,55.43790847135041,40.79764283870739,1,0,0.020473897855295638,0.012640504879067961,-1,5,3,15,33
74337,1524,86.88931511611915,16.51226713029714,0,1,0.0762118919186603,0.016874710694933445,1,5,3,0,2
74350,1525,68.1103294492724,51.11792426359223,0,1,0.08653711952267355,0.06633581703605054,1,4,5,0,0
74359,1526,28.011229710441064,42.98325336090293,1,0,0.013067877995041142,0.009987238568113593,2,3,1,0,0
74369,1527,81.44438433140857,-1.128281185456153,0,1,0.1286186772789431,0.005166978455318817,1,4,1,0,0
74377,1528,58.87180277977815,0.5595755183658078,0,1,0.19756314470205047,0.007973874692496689,1,2,1,0,0
74400,1529,35.31818468375258,174.29867300547144,0,1,0.027711754678186467,0.08986039497279327,1,3,16,0,0
74410,1530,68.26842301806332,21.901751616977243,0,1,0.20166016783894172,0.026725937622445007,1,3,3,0,0
74420,1531,54.53318672366896,8.136916728518809,0,1,0.01829309484481538,0.011267700823417343,1,1,1,0,0
74459,1532,-5.31349588952958,448.79217851465165,0,1,0.02419835373085612,0.14190162446607618,1,5,40,1,0
74531,1533,-301.18928297025957,1409.8148909160404,1,1,0.01683909989871726,0.25653246348805925,0,3,124,1,0
74538,1534,63.9730466417644,7.410179261258962,0,1,0.025408459674694222,0.010258785966605974,1,3,2,0,0
74548,1535,6.130992099357599,50.402032660021234,1,0,0.01164831574825484,0.00910342506924898,2,1,1,0,0
74560,1536,72.20707836342945,31.98870335802288,0,1,0.0652036240459362,0.02376824230817376,1,4,4,0,0
74567,1537,63.78542019855251,11.72388307056027,0,1,0.029455269072197605,0.019078994561027202,1,3,2,0,0
74591,1538,93.65613105574312,55.29484035313618,0,1,0.15164216807405126,0.06576098016168318,1,5,5,4,0
74617,1539,42.35803681504744,190.2133295830739,0,1,0.020175598853509596,0.09535491864396903,1,4,17,6,0
74627,1540,15.577110724238192,53.3587979800635,1,0,0.01917980981756478,0.00985151311706831,2,2,2,0,0
74635,1541,64.0692262061323,12.768919565092997,0,1,0.028962642497398664,0.014888924045280463,1,3,2,0,0
74649,1542,75.63744486621876,32.05600658427258,0,1,0.07986011681107762,0.028257661990592677,1,4,4,0,0
74683,1543,112.12206018180214,32.932367807073874,0,1,0.040009336085430315,0.04626496863367875,1,6,3,8,2
74704,1544,114.71969310131162,23.583221176292557,0,1,0.05226058275162093,0.016179151694688802,1,7,3,6,0
74716,1545,70.35181251711782,27.916569960134456,0,1,0.035491514624182235,0.030368964101326806,1,4,4,0,0
74724,1546,78.62836983989696,-4.002447147883126,0,1,0.0231279810108702,0.0026718668005708953,1,4,1,0,0
74745,1547,40.056360601347706,170.78745910439957,0,1,0.025192184051238728,0.08011574774751068,1,4,16,4,0
74771,1548,20.162605368133136,271.89116876178986,0,1,0.12945871086665484,0.2201532684164424,1,3,22,6,0
74779,1549,64.68996663905389,11.321764964648425,0,1,0.020637479201556442,0.008464270599004207,1,3,2,0,0
74838,1550,-167.81124316726087,1058.2724656208316,1,0,0.02558121633223269,0.21172199881320208,2,8,91,19,0
74846,1551,11.309185117377655,53.83265687220799,1,0,0.01794257297884156,0.012794812014251113,2,2,2,0,0
74859,1552,14.760448582479983,60.940389807259464,1,0,0.010625021492689948,0.015898875053424962,2,2,2,0,0
74869,1553,69.94810871864597,0.815375491480447,0,1,0.024496214192066993,0.010984058637226016,1,3,1,0,0
74883,1554,64.51635295667887,24.977245788502938,0,1,0.03479925548672699,0.00956192863323574,1,3,3,0,0
74896,1555,53.30394366811715,34.27099591994883,0,1,0.06636667482810682,0.014625439136119968,1,2,4,0,0
75396,1556,-2484.6447967452186,10064.972832392079,0,0,0.0034251870635295385,0.13316763021271402,0,6,933,61,0
75423,1557,130.78557042088548,5.692415519898095,0,1,0.032652474286419195,0.014623210636519123,1,8,2,4,5
75457,1558,64.79315540766336,18.18753724458668,1,1,0.09774666061847805,0.024501907257663363,0,6,2,9,0
75470,1559,92.20475568441017,25.908362924119103,0,1,0.09704560809663028,0.02017938754017898,1,5,3,0,0
75486,1560,101.69111832332746,7.97746901272162,0,1,0.027954556540575267,0.016100124525702794,1,6,2,0,0
75500,1561,64.75993220684231,23.934008851559028,0,1,0.022887030202999512,0.009272513248553898,1,3,3,0,0
75584,1562,62.56020242973433,52.68543899909347,1,1,0.0772567232643568,0.013816515279668009,0,4,2,39,10
75594,1563,33.08919653477941,51.40677351646243,1,0,0.036694687396158554,0.1541603781136786,2,4,2,0,2
75606,1564,16.049255358768498,82.30550288662825,1,0,0.007740776350358476,0.02974405643346136,2,3,5,0,0
75631,1565,36.44404389535704,195.9677392096182,0,1,0.055238181850174525,0.16971014862897021,1,3,16,0,0
75643,1566,68.89900857670375,14.146452716408035,0,1,0.11857289541602138,0.04190709866331654,1,3,2,0,0
75698,1567,83.13592329494014,49.34701320100332,1,1,0.041960929371924444,0.019439615905969935,0,6,3,5,0
75712,1568,70.79917668326534,36.86409156287545,0,1,0.05167351409355651,0.02921091758279008,1,3,4,1,0
75724,1569,84.52013716376194,21.628240545667843,0,1,0.03775549302176936,0.017030412463105604,1,5,3,0,0
75735,1570,78.43180022170743,23.547189427175415,0,1,0.12442346405563912,0.0380781678276575,1,4,3,0,0
75761,1571,122.63185981329481,24.121376254553144,0,1,0.026384490795726752,0.020101970238302555,1,8,4,0,1
75776,1572,100.28093406092148,25.876244400869627,0,1,0.09799093390784658,0.021035123353833958,1,6,4,0,0
75810,1573,99.35605364552842,52.33287448348308,0,1,0.0759350628987878,0.018692096735538653,1,5,4,10,0
75822,1574,1.1249219093714977,58.51636088783346,1,0,0.00557252934402509,0.03849661994727258,2,1,2,0,0
75833,1575,90.12672160263033,23.38512697851975,0,1,0.10387918113553214,0.022450917450213922,1,6,4,0,0
75923,1576,77.25482998461368,119.0018940160251,1,0,0.031485884343701885,0.03308788889699116,2,4,3,25,0
75950,1577,98.83106869490243,28.62045840059637,0,1,0.030293925734616735,0.021781741432060662,1,5,3,3,0
75964,1578,30.548418382599493,60.23921220410587,1,0,0.011361703711684082,0.025946741257874262,2,4,3,0,0
76464,1579,-42.041636525348494,1772.3414087039416,0,0,0.003383703943875165,0.023747420384653512,0,12,147,59,41
76487,1580,88.1281488388702,29.750969342324044,0,1,0.05833357306450181,0.015913475021987204,1,4,3,3,0
76498,1581,53.13780272946126,11.313173487789506,0,1,0.025063352106574708,0.010709891784984481,1,2,2,0,0
76523,1582,106.10642677246096,25.6801961765984,0,1,0.2275703865477398,0.014900608850256852,1,6,3,13,0
76548,1583,95.79678863640605,29.776647344894375,0,1,0.05068585282887162,0.02314120616558872,1,5,3,13,1
76557,1584,80.52976829186235,33.47779998584458,0,1,0.15212339337237846,0.030028360377439944,1,5,5,0,0
76569,1585,76.9194929570084,8.111206427613226,0,1,0.03903783619434652,0.009355520939783719,1,4,2,0,0
76638,1586,75.59533827875588,62.57133042105321,1,0,0.01589316264382441,0.006104944850660415,-1,7,3,36,10
76715,1587,73.37642872033375,52.04670815798829,1,1,0.05652652395136593,0.013279295089049355,0,5,3,16,9
76804,1588,107.09891691785624,96.73868529258286,1,0,0.016739459766244812,0.0059932523658937946,2,8,3,21,15
76821,1589,28.551700999050592,85.78779585581054,1,0,0.023304346034300028,0.06077217712949962,2,4,5,0,0
76833,1590,13.421419678743044,68.99685903330848,1,0,0.033276353079624094,0.042732622512818626,2,2,3,0,0
76906,1591,89.0485793274704,66.90077493228539,1,1,0.025680216559920376,0.01214363615912353,0,6,3,24,0
76961,1592,90.6840484239733,53.16117091032602,0,1,0.0135207847322101,0.02539000542405769,1,4,3,22,3
76972,1593,11.259499244059027,65.0120492302937,1,0,0.011071650375768077,0.018529257238007368,2,2,3,0,0
76982,1594,107.59438058868177,8.63016819678684,0,1,0.1662739563829837,0.03865424614859216,1,7,3,0,0
76993,1595,80.06819249509869,-1.187278103556416,0,1,0.04883353714828567,0.01131782808384525,1,4,1,0,0
77063,1596,75.1979236507139,79.19227054421826,1,0,0.01733288269644254,0.010770552183968172,-1,6,3,30,0
77073,1597,14.354842435432879,44.81164384829265,1,0,0.018517580854854453,0.01983253909461683,2,2,1,0,0
77094,1598,49.73697502564191,16.800369668013833,1,1,0.07723190483866853,0.01689197233932393,0,5,2,6,0
77111,1599,89.05401578114287,24.644052311601918,0,1,0.12142338375387626,0.023859560229798807,1,5,4,0,7
77611,1600,-630.9405151965706,3668.5712253295615,0,0,0.007397792207508521,0.0444689161625962,0,7,325,16,6
77632,1601,93.3450960857266,19.16291597432301,0,1,0.37070178655677133,0.0326589916842527,1,4,2,8,1
77644,1602,20.03603670541175,74.3216689445674,1,0,0.019187908739966304,0.05562240595908626,2,3,4,0,0
77672,1603,35.6433522334894,155.5672565121169,0,1,0.08411255906784479,0.04401515487481177,1,2,14,5,0
77702,1604,88.45749903477122,14.589386734957442,1,1,0.04441495046583247,0.020464627737742973,0,8,2,8,1
78202,1605,-2214.8607599786133,9227.550910549851,0,0,0.00835063188842414,0.10837431120499852,0,5,859,16,4
78211,1606,53.36022372448488,9.134893995467433,0,1,0.04878268452419503,0.009146830734665252,1,2,2,0,0
78219,1607,72.15984871073421,14.526039333081947,0,1,0.22798627055368217,0.02355872277387518,1,4,3,0,0
78250,1608,85.68209106464597,56.51081830885121,0,1,0.08096750757578339,0.028656033240264524,1,4,6,0,8
78261,1609,66.55537169114764,23.868201738719858,0,1,0.08600742251953364,0.023695598673856802,1,3,3,0,1
78271,1610,51.44905478012768,21.59562724329667,0,1,0.029003706973884845,0.007950142503250402,1,2,3,0,0
78282,1611,64.05630685051338,22.81163351170495,0,1,0.038478205317206034,0.016227885431981406,1,3,3,0,0
78332,1612,35.7817601344216,47.755424814155376,1,1,0.05301343402122039,0.014806582137816765,0,3,3,16,1
78371,1613,44.234735915807654,190.0163744881239,0,1,0.17104222259381907,0.11568398790112411,1,3,17,13,12
78387,1614,76.0273575636714,45.84188928903863,0,1,0.04659291901197213,0.05163116497748635,1,4,5,0,1
78417,1615,-19.80939123567584,327.7663089276431,1,0,0.1042194148966676,0.19672497608719824,2,3,23,2,0
78451,1616,-41.75697924212208,295.75854716184745,1,1,0.16127289839287084,0.09391431098445814,0,3,27,14,1
78461,1617,74.72641657218529,16.65598657190421,0,1,0.06867859224053946,0.04206557468822693,1,4,3,0,0
78507,1618,-30.913126853054436,518.8410967344909,0,1,0.17943794004201766,0.17441706228548812,1,3,45,3,0
78522,1619,19.14861368363647,76.29917586848993,1,0,0.020928728548947433,0.0627511856061534,2,2,3,0,0
78535,1620,65.59150828290586,8.936855030602647,0,1,0.05171492409366726,0.015664441680962413,1,3,2,2,4
78565,1621,59.897037823451456,72.54752137788117,1,0,0.1341224237705078,0.023465501312885544,2,6,3,10,2
78577,1622,92.05011814605064,22.625925412495356,0,1,0.11766467350872911,0.03689347899484432,1,5,3,0,1
78604,1623,94.85440937859899,36.10663129157722,0,1,0.24245183286343241,0.01734950100696702,1,5,4,7,4
78634,1624,74.20699216999851,37.23902166424457,1,1,0.04343922014264713,0.01847226554932663,0,7,4,8,1
78653,1625,65.819068010752,39.36418763849625,0,1,0.06867271266931006,0.02422725451939787,1,3,4,0,1
78667,1626,62.268303806183596,32.206670555120695,0,1,0.07406086926595037,0.029598468656133973,1,3,4,0,0
78683,1627,54.97952042910547,46.15556841429713,0,1,0.1236107831622197,0.022647565666376802,1,2,5,0,2
78697,1628,71.27139440895442,26.949188363676143,0,1,0.22853389676409017,0.024558839534248724,1,3,3,0,0
78729,1629,92.9598255412552,24.879393315506366,0,1,0.01773090979360995,0.01837383113996599,1,4,2,2,1
78786,1630,88.90828741736368,65.16120273690939,0,1,0.01537140834813113,0.022014232845002354,1,4,4,26,2
78839,1631,27.999823753129803,56.60795301635625,1,1,0.12271732555564273,0.02303726765852643,0,2,3,22,0
78850,1632,5.288971278028384,56.49953212808682,1,0,0.011565899896505583,0.04508516528369249,2,1,2,0,2
78861,1633,13.260038356319022,53.15615898169564,1,0,0.0128131458155744,0.03435361411004615,2,2,2,0,2
78871,1634,13.0612772347874,81.23718783886375,1,0,0.018834832291312498,0.04570133558733444,2,3,5,0,1
78883,1635,73.63901365359162,42.27253997113572,0,1,0.10465390856359542,0.04587797985781866,1,4,5,0,0
78900,1636,81.14755471169113,14.616405659783108,0,1,0.034136819409345036,0.0229417317651511,1,4,2,0,3
78911,1637,69.55662402577806,13.96767818672673,0,1,0.06144931608041731,0.02007502822433012,1,3,2,0,1
78935,1638,61.82392217745612,58.358096546855094,0,1,0.023070244310396195,0.02673087508321195,1,3,6,0,7
78944,1639,53.76988770035913,10.146061663150391,0,1,0.12506210220585945,0.004513912575971137,1,2,2,0,0
78967,1640,89.14465575254778,64.55295158446611,0,1,0.10094704416633471,0.028861681391910945,1,5,7,4,1
78975,1641,49.52229504904144,17.194852563064906,0,1,0.03055269926980858,0.010938882307918204,1,2,3,0,0
79475,1642,-1914.4981404151233,8118.234916184894,0,0,0.005446789741520164,0.09617552454428112,0,11,754,36,10
79484,1643,75.0566356082742,17.1846493986069,0,1,0.1349888977164452,0.026131226916412956,1,4,3,0,0
79494,1644,7.689485909195328,75.19833632116863,1,0,0.01702651284572041,0.09157679813632771,2,2,4,0,0
79510,1645,92.35082424911532,38.405890897366724,0,1,0.04733200867685535,0.024375750102135,1,6,5,0,5
79606,1646,59.00536794930272,120.46765212062681,1,0,0.017434823832363538,0.011455554195897505,-1,3,5,22,0
79618,1647,12.35879368625513,76.42176146216181,1,0,0.08482628355139726,0.07624841120627299,2,2,3,0,0
79628,1648,20.860785914904003,72.3187250435421,1,0,0.032519112293120205,0.10944475845749439,2,3,4,0,1
79657,1649,76.43682326545053,55.43281419577455,0,1,0.03190533700163223,0.027420989742175002,1,4,4,15,0
79666,1650,56.17537614417271,1.1344634980701631,0,1,0.03321110890841023,0.005095517663788372,1,2,1,0,0
79679,1651,61.98719615761552,31.6241063090538,0,1,0.021907462355121064,0.0068462638486358925,1,3,4,0,0
79689,1652,71.74059747322802,21.28202556379765,0,1,0.05506758909165534,0.03332840353300994,1,4,3,0,0
79700,1653,12.591302148113993,63.49628826433357,1,0,0.006404652944366024,0.1432954448320267,2,2,3,0,2
79723,1654,83.09762267173599,67.59795849472835,0,1,0.048317158715272646,0.031301940488134,1,5,7,0,3
79743,1655,72.52374514789008,38.61283704401831,0,1,0.1906583744518076,0.013705155913429015,1,3,4,0,0
79753,1656,71.05253445080419,19.43768099991548,0,1,0.06944305195772185,0.024898304746091882,1,4,3,0,0
79791,1657,38.11672923197807,95.65205935813864,1,0,0.19243212579780788,0.054770774779810155,2,4,4,18,5
79818,1658,107.03931932669659,54.32831750454082,0,1,0.033167131257491336,0.033021873719201074,1,7,7,0,13
79828,1659,60.73416300834411,-11.57749030049211,0,1,0.03460754341799476,0.001571534720992344,1,2,0,0,0
79841,1660,6.287565904805049,82.60131071858923,1,0,0.039962284436631225,0.02497134905568648,2,2,4,0,0
79850,1661,50.978821368719714,28.170442982326506,0,1,0.21896119578496354,0.05262492611455663,1,2,3,0,0
79881,1662,79.21474089611712,59.68845520121074,0,1,0.046890008403219316,0.007598594351437944,1,3,4,14,0
79896,1663,16.98063808849326,70.52962696618627,1,0,0.0125680347402868,0.01887050010643128,2,2,3,0,1
79907,1664,71.88978605405475,19.979634301052666,0,1,0.05278583797612114,0.020804299709916676,1,4,3,0,0
79921,1665,20.34883128298128,73.6091797969659,1,0,0.024406579666997767,0.03213355168672812,2,3,4,0,0
79954,1666,102.18426729020061,30.16430975624715,0,1,0.05782413715586475,0.012290485737774939,1,5,3,6,3
79963,1667,81.53632819856539,20.024626040551894,0,1,0.43229254501245395,0.031026516874686962,1,4,3,0,0
79973,1668,57.370586954804054,11.024321330139902,0,1,0.030316692035920155,0.006474913516268804,1,2,2,0,0
79984,1669,31.453232370312975,71.58945496819906,1,0,0.04420692820069955,0.05360381938581042,2,4,4,0,0
79996,1670,73.15679449838062,22.04373675081315,0,1,0.057886707460894415,0.02655687818705474,1,4,3,0,0
80009,1671,69.86106622182773,23.47678290860256,0,1,0.04677508342276133,0.019055559454264077,1,3,3,0,1
80022,1672,10.721802769100686,75.63655942587782,1,0,0.010069946633102605,0.03242673337915662,2,2,4,0,1
80037,1673,62.68762928159539,35.991664744653946,0,1,0.07936425682935729,0.03214439577040359,1,3,4,0,2
80051,1674,64.87301526153765,26.844324932418395,0,1,0.03155438889560183,0.021977260541065524,1,3,3,0,0
80068,1675,87.28219150361039,33.00468975867429,0,1,0.046559318347213,0.021374572234816626,1,5,4,0,1
80076,1676,56.18025611134145,-0.9929885837555013,0,1,0.06983542926977179,0.002773609348816572,1,2,1,0,0
80086,1677,61.928796856507546,1.3224636276735744,0,1,0.03422928423455594,0.004263268803055998,1,2,1,0,0
80095,1678,-6.940845247246729,86.93702462069103,1,0,0.014882426954043078,0.06868184236317976,2,1,5,0,0
80112,1679,67.23835532942073,16.862009128265434,0,1,0.05334913769110422,0.007315436584506218,1,2,2,3,0
80260,1680,109.21175164385974,118.50568531086064,1,0,0.014922897513416418,0.008140019594283749,-1,4,3,18,8
80278,1681,57.29551774189433,73.54803368829182,0,1,0.05495310378329092,0.021744465411884822,1,3,7,0,1
80319,1682,79.4475309633551,60.47815038380771,0,1,0.045392759006872105,0.035360406265571895,1,3,4,15,0
80331,1683,78.04944283913063,20.514387476453745,0,1,0.12962200887541805,0.014794087058003315,1,4,3,0,2
80344,1684,15.184073564705521,96.97674876523678,1,0,0.01846161178583452,0.08128057301799796,2,3,6,0,0
80426,1685,140.31604182372757,36.484064832956946,0,1,0.027233072799174828,0.01631503638938723,1,8,2,56,3
80437,1686,63.61130078959599,-9.0439754343334,0,1,0.020443385499834724,0.0008207053650373616,1,2,0,0,0
80448,1687,57.514659533951644,0.6475531732303317,0,1,0.07836536730715365,0.00436179182006432,1,2,1,3,0
80477,1688,99.3239547333321,54.98382457530427,0,1,0.02668964650382958,0.020369662491923148,1,6,6,5,3
80977,1689,-798.668451971616,4095.228970845532,0,0,0.001222771943053522,0.05463711391237008,0,3,367,16,40
81150,1690,155.0614668077649,97.7346588643354,0,1,0.02165960154755196,0.018107877947201808,1,5,4,64,76
81161,1691,91.07011682411564,6.251804734561258,0,1,0.1345096715008477,0.022834757574877292,1,5,2,0,0
81174,1692,35.96836552503797,63.68780135892812,1,0,0.039599548039174606,0.10717825701347182,2,4,3,0,0
81194,1693,83.54739778149079,39.815816071122235,0,1,0.07082736566729679,0.027594554125434073,1,4,4,0,0
81227,1694,99.49975357801287,47.94090444941066,0,1,0.0405387395798553,0.020116468649418656,1,5,4,8,0
81238,1695,65.06397355027659,10.009235297534353,0,1,0.05434581599735597,0.012295405891449764,1,3,2,0,0
81331,1696,73.66338403022384,72.64573914009696,1,1,0.018100407227294463,0.01753593112835477,0,4,4,15,28
81341,1697,70.23458533130412,40.56263151336529,0,1,0.09427265890208968,0.040430121510189605,1,4,5,0,0
81355,1698,74.88630317213018,35.58317877899195,0,1,0.07386871701584619,0.057390258897021436,1,4,4,0,0
81855,1699,-1199.1700134719888,5380.495006431089,0,0,0.0018723064789599477,0.05744841332612533,0,5,494,19,24
81864,1700,63.3487347834009,10.169516988091754,0,1,0.059680681263645056,0.01307657832396227,1,3,2,0,0
81892,1701,86.64814571984554,38.720644608266944,0,1,0.05190356516650525,0.021240138006830632,1,4,3,8,0
81900,1702,67.21938242770928,-3.655089432919116,0,1,0.1733982782235989,0.0039044569766224922,1,3,1,0,0
81911,1703,65.42725348482614,22.512523566717608,0,1,0.21319847222160926,0.02170385638069977,1,3,3,0,1
81933,1704,21.45318419102769,40.96954806792904,1,1,0.22589354401935965,0.021208812791854128,0,3,4,8,0
81951,1705,21.15235873299921,86.00151498939131,1,0,0.011980695489068894,0.03143570495976811,2,3,5,0,0
81963,1706,21.967535753462897,34.78617120327857,1,1,0.04041244160020973,0.0689807063386781,0,3,4,0,1
81980,1707,32.954364577197666,88.30204621367956,0,1,0.038892123513096,0.02399400209251058,1,2,9,6,2
81990,1708,8.505729603837565,65.77773140309918,1,0,0.006335266145486225,0.052899836381143664,2,2,3,0,0
82138,1709,142.71882092061264,139.2221423317656,1,0,0.012878772644132867,0.007758447108695199,2,8,6,23,62
82161,1710,87.42171479268345,28.22850928975462,0,1,0.06190620607142128,0.00706841850489761,1,4,3,4,0
82172,1711,31.53485747982766,62.088722252332985,1,0,0.02938422697726711,0.1188161571206761,2,4,3,0,0
82183,1712,88.9258498981812,6.05001759378896,0,1,0.0985248096685193,0.016777960622293774,1,5,2,0,0
82202,1713,38.381423421458244,44.703035651651014,1,0,0.017563257012468386,0.022670401879346835,-1,4,4,0,1
82223,1714,86.90217667305505,39.74842090328677,0,1,0.042988723908612206,0.022104713729378462,1,5,4,10,0
82232,1715,75.29593377147897,48.50173906615963,0,1,0.08973552121035001,0.036228154620637255,1,5,6,0,0
82338,1716,94.3047796209184,85.93637506099444,1,1,0.031081581150976954,0.021199522091757173,0,6,4,36,26
82371,1717,126.31188829904121,36.90410801961791,0,1,0.20728130295165534,0.02063578140123795,1,7,4,7,0
82389,1718,75.77632342740193,61.26366083538114,0,1,0.10283650832436796,0.11457523458665277,1,4,6,2,0
82403,1719,64.27417472882837,37.30285654395226,0,1,0.12127756066985644,0.013414618129904323,1,3,4,0,0
82418,1720,78.45607177778103,10.065680744012484,0,1,0.03219194085099739,0.018707986143843013,1,4,2,1,3
82579,1721,190.85314612308946,92.52553946400843,0,1,0.009519499808854215,0.009968032769940526,1,6,5,11,72
82593,1722,75.68222714480882,16.431488379894105,0,1,0.03992615302773119,0.01552963167139782,1,4,3,0,1
82605,1723,75.22491742847319,8.780873274408307,0,1,0.0460247421768498,0.014632813153728046,1,4,2,1,1
82618,1724,94.60876341526996,3.047713706492946,0,1,0.219916044701246,0.01917517589597241,1,5,2,3,3
82628,1725,65.82225290090312,14.991807995817073,0,1,0.08424107654958007,0.014038350374463743,1,3,2,0,0
82639,1726,76.76284471674833,10.9379056087937,0,1,0.04309350544116489,0.0248221791216805,1,4,2,0,0
82770,1727,82.00709389065777,120.08303784583919,1,0,0.0152183690397638,0.011525950777309855,-1,3,3,42,0
82781,1728,67.30175281435677,7.39400626413666,0,1,0.06640456775003661,0.00530340073231175,1,3,2,0,0
82792,1729,72.4600974889512,29.991559481004504,0,1,0.10794949499469073,0.03242377942793382,1,4,4,0,1
82803,1730,19.062070851189276,61.57787760122521,1,0,0.023848925305042627,0.08177875135445027,2,3,3,0,3
82816,1731,64.82119688943482,51.23177325158406,0,1,0.05784962835063112,0.01811513814084052,1,4,6,0,0
82834,1732,17.234308742052825,42.590753952213994,1,1,0.05178847005005297,0.0428924992716094,0,3,4,7,0
82844,1733,76.35576338312242,9.536497323733002,0,1,0.05160668772996161,0.016108488529314294,1,4,2,0,0
82859,1734,76.26658695312796,23.20875163783324,0,1,0.025117355378886336,0.015658414346833623,1,4,3,0,0
83359,1735,-1965.0458160240476,8381.188830283192,0,0,0.0013817780960771054,0.1070277506016724,0,7,779,1,61
83372,1736,87.38609637342958,20.847892106346265,0,1,0.10592764927161623,0.011858104821742968,1,5,3,0,0
83382,1737,56.69419107692006,6.479217519200745,0,1,0.07682075513082526,0.004470666067341951,1,2,1,0,0
83416,1738,123.90050843919417,29.603209640796987,0,1,0.06700791887945043,0.03813731858292533,1,7,3,15,0
83439,1739,83.86327851864104,23.65101943295714,1,1,0.3011011777845885,0.05528266467279812,0,8,3,13,1
83461,1740,94.6593304192834,34.46375538927985,0,1,0.06206738785685175,0.025667220211434708,1,5,4,6,0
83471,1741,10.747904671170172,53.14787897049425,1,0,0.01170647724076979,0.0979445714202089,2,2,2,0,0
83487,1742,89.740400037932,16.206602884225923,0,1,0.0402195774183752,0.020186127771909253,1,5,3,0,5
83501,1743,92.16760337032005,28.313280475262292,0,1,0.0916974414246202,0.04895020135737148,1,5,4,2,0
83515,1744,117.3451721338545,28.137256311593667,0,1,0.15709483763917453,0.04702379384245362,1,7,4,0,0
83564,1745,60.56014614704055,52.52983288473661,1,1,0.09431782945855971,0.01923851755992105,0,5,4,12,0
83575,1746,75.51410081988558,7.8860406938377245,0,1,0.06031996185443977,0.012700227601864468,1,4,2,0,0
83586,1747,97.22204640284363,19.260645855316298,0,1,0.11814724906594956,0.035085925293325215,1,6,3,0,0
83593,1748,53.086771669006986,9.425818802377686,0,1,0.03814758718525994,0.015920524062091934,1,2,2,0,0
83604,1749,86.35656833749621,7.259817660600149,0,1,0.04509556557034227,0.014288144989222871,1,5,2,0,0
83617,1750,84.012930200525,20.5859374867465,0,1,0.020423789236265907,0.014234610916322344,1,5,3,0,0
84117,1751,-1065.0704371937018,5064.453524555299,0,0,0.0027235772229439923,0.05301236386117824,0,5,463,70,27
84149,1752,118.11467520290728,42.45768745216177,0,1,0.1107417466031074,0.01976023885202603,1,6,4,6,1
84246,1753,72.79485944868159,48.56420889869213,1,0,0.013510633905085282,0.009221760575909869,-1,4,3,29,78
84257,1754,3.4441485315261833,57.6157694540517,1,0,0.007730064952838006,0.023290540133152696,2,1,2,0,0
84757,1755,-1043.6632409524923,5034.579121392661,0,0,0.0010959426909774657,0.06562892201218182,0,4,455,31,34
84784,1756,-45.60969418934963,392.40571648429096,1,1,0.020133330401558774,0.3130952337344689,0,4,33,0,0
84795,1757,56.167082877693595,-2.209189860673936,0,1,0.05383370364019784,0.0032730824426939423,1,2,1,2,0
84806,1758,66.94588763899854,-0.9259733402737105,0,1,0.04011644333575148,0.00611283469352627,1,3,1,1,0
84831,1759,-47.49988405311327,346.43355087822124,1,0,0.0436755309581536,0.21130395847005826,2,2,26,2,0
84840,1760,66.49918220078439,-0.48557610094499104,0,1,0.03872488057095606,0.0070266540445365865,1,3,1,0,0
84864,1761,14.13990083898695,198.10211151744784,0,1,0.054575037476807677,0.14432522363990563,1,2,17,15,0
84883,1762,54.12114798799939,111.15367755872686,0,1,0.08025125339588268,0.07786543549441537,1,3,10,0,0
84900,1763,18.291681466722913,54.09536876659976,1,0,0.006255960088697523,0.027868419148692255,2,2,2,0,5
84913,1764,11.16235763028091,81.6107990585264,1,0,0.02078607507140777,0.06440339187704396,2,2,4,0,1
84924,1765,51.34148690174422,24.284987494596432,0,1,0.0766229877403272,0.025697073360045664,1,2,3,0,0
84970,1766,-61.75338883857722,588.2157516909593,1,0,0.028391950289172505,0.14573393971600498,2,6,49,4,0
84982,1767,59.68476774346483,-4.136158536331118,0,1,0.014850801077212752,0.000903459395196694,1,2,0,0,0
84996,1768,67.71518534372727,11.255146537924503,0,1,0.05028316005482335,0.005929633562576917,1,3,2,3,0
85005,1769,82.75939295598641,6.131004579094327,0,1,0.4104178346599785,0.019314641586319917,1,4,2,0,0
85019,1770,62.8746247682118,31.365147267619193,0,1,0.07673168364184065,0.028716398839041528,1,3,4,0,5
85117,1771,81.37869642808242,96.03173235005893,1,0,0.03648641214314424,0.008108243922819579,-1,6,4,45,0
85133,1772,45.98795742717228,128.8452882217648,0,1,0.06432466747818558,0.23563544581192453,1,3,10,1,0
85145,1773,74.39641759973976,22.208745820126957,0,1,0.05459858165326153,0.011241368932859064,1,4,3,0,0
85190,1774,87.46698567034724,36.990514091968016,1,1,0.044749161267756014,0.015003535417036638,0,8,4,7,6
85217,1775,68.78026050462246,128.0715110995375,0,1,0.05392320818005657,0.028660759182633933,1,5,13,0,7
85263,1776,18.083942630667117,50.64230730119456,1,0,0.010330228092927756,0.016236942636526024,-1,2,2,21,5
85296,1777,112.71648324370904,26.597185083356237,0,1,0.031358964734096086,0.015409433859413426,1,6,3,5,2
85341,1778,-68.97276306990173,659.4594736202303,1,0,0.03791571115559925,0.26751333120811277,2,6,51,15,1
85354,1779,64.38745364342226,18.47943238151139,0,1,0.042012833408500386,0.007869622459127477,1,3,3,0,0
85373,1780,42.6683375527868,74.31045683778899,1,0,0.03264520654362533,0.22415662505677844,2,5,4,0,0
85386,1781,10.740038299126578,74.5257784482879,1,0,0.009567809491796121,0.014691608954187259,2,2,4,0,0
85403,1782,90.2288626043008,22.105939421126294,0,1,0.06407667403398967,0.01609495696585635,1,5,3,0,0
85420,1783,24.094645688408928,144.03300719831492,0,1,0.03320886597782245,0.0740869671055944,1,2,14,1,0
85433,1784,93.76712244459283,14.892915420460326,0,1,0.061180944432191735,0.02569325667787227,1,6,3,0,2
85457,1785,106.52864791736712,27.12530803676686,0,1,0.1982281119305476,0.04240177695682151,1,6,4,6,9
85508,1786,-129.33394234356066,733.4782355384265,1,0,0.055678213229596235,0.1887553979125799,2,3,59,17,3
85517,1787,60.61574963664788,24.380777820198862,0,1,0.09066193029216457,0.030355848737972244,1,3,3,0,0
85534,1788,68.78713062977373,43.76448412774182,0,1,0.0367275205955636,0.015351692354067567,1,4,5,2,0
85549,1789,84.04159619119416,29.94855783551591,0,1,0.02892341448760327,0.019083063687471015,1,5,4,0,2
85559,1790,63.27325572735214,18.4193045792387,0,1,0.08740628779234524,0.019588067087071233,1,3,3,0,0
85578,1791,80.14615918364417,59.138558747059875,0,1,0.03932114216030232,0.04026863923914351,1,5,7,1,0
85592,1792,15.8430580387354,65.72571407301962,1,0,0.01074412797685897,0.056768566999601325,2,2,3,0,1
85662,1793,131.9276287278006,22.771032116371803,0,1,0.06115987792697035,0.030140244402182104,1,5,3,6,55
85672,1794,77.5924200103837,21.23395480838093,0,1,0.1547083445333113,0.014511609882320992,1,4,3,0,0
85681,1795,65.97665719401385,-0.8250727510863083,0,1,0.03716314145225802,0.0036769150189748245,1,3,1,0,0
85692,1796,61.786576015468505,21.231156569039083,0,1,0.05521328159857011,0.017486103575202024,1,3,3,0,0
85712,1797,47.650917050265846,90.133267228277,0,1,0.03927282407752585,0.05536660788149157,1,3,9,7,0
85740,1798,96.85520824732686,42.39415030289628,0,1,0.21384320303719276,0.022872055150770204,1,5,4,14,0
85764,1799,36.34119706143163,180.5502837775502,0,1,0.10646130151437233,0.0721606042493651,1,3,17,4,2
85784,1800,39.3249264507571,149.15996175967717,0,1,0.04442091944982551,0.11899723142898015,1,3,14,2,0
85796,1801,63.59822637290023,24.512268327048698,0,1,0.03748634230323591,0.017196992953609446,1,3,3,0,0
85808,1802,69.65005233919882,4.506078712134368,0,1,0.031050684821676056,0.004455208593884449,1,3,1,0,0
85818,1803,62.89873306864895,22.621993508724984,0,1,0.07667075697005997,0.022773311556117948,1,3,3,0,0
85835,1804,107.07207454119273,19.72230552295373,0,1,0.0908343521599216,0.06123403427379892,1,6,3,2,0
85889,1805,-123.45190650437809,878.3840910945694,0,1,0.03293731982974065,0.2328659135530238,1,4,77,17,0
85947,1806,-67.53426768566794,614.2614732770089,0,1,0.1073239733626307,0.13413869799783673,1,2,53,21,2
85956,1807,2.489044057827929,53.91235386694896,1,0,0.016151491947721124,0.019567934352657135,2,1,2,0,0
85975,1808,60.736577178328275,135.06998148438512,0,1,0.06459731380487688,0.17740978969968146,1,4,11,0,0
86146,1809,139.96620844322834,147.13639803655107,1,1,0.01688712729365872,0.007913302311878964,0,6,7,23,10
86162,1810,67.48389135490979,25.860986802325847,0,1,0.02668309633226259,0.02908353921656324,1,3,3,0,5
86179,1811,84.69231028711876,22.664154732794085,0,1,0.1047362118521114,0.017006418937157628,1,4,3,4,1
86207,1812,108.42499334051666,15.915423336536719,0,1,0.051581532402986456,0.024832490298294933,1,6,2,15,2
86240,1813,122.21659757390424,26.711274114001913,0,1,0.026095143220104398,0.017337299408053793,1,7,2,15,2
86318,1814,81.58952449907392,87.5025780302264,1,0,0.014981568814682614,0.010459580331120944,2,6,2,24,4
86335,1815,53.36112450030393,79.59649178946913,0,1,0.22486156889991613,0.06571025816879225,1,3,8,9,0
86364,1816,3.3407219355759707,313.77395968321827,1,0,0.029363803860478665,0.155902615211091,2,6,24,2,0
86374,1817,86.81158778832985,3.944476788747128,0,1,0.11473199533951037,0.011697232679648562,1,5,2,0,0
86402,1818,57.59777825520898,88.40387295750791,1,0,0.2495119289780774,0.03039338582836742,2,6,4,8,4
86411,1819,65.00416681144313,10.095425421665814,0,1,0.07402295743782629,0.026069552409299028,1,3,2,0,0
86425,1820,25.869656168861994,63.34851602765545,1,0,0.012875225130285686,0.03501221942400003,2,3,3,0,1
86437,1821,63.36194620328882,11.238477801733204,0,1,0.039424772985570226,0.004255772358081102,1,3,2,2,0
86451,1822,59.85869625462632,35.053890658117595,0,1,0.05170999441350014,0.014419035326812438,1,3,4,0,0
86482,1823,33.75735617657375,33.40619374860105,1,1,0.040166142786541376,0.017243835587498913,0,3,3,3,10
86493,1824,77.382767026545,-3.9385615686305027,0,1,0.037340749193145555,0.014392484579557656,1,4,1,0,0
86509,1825,83.2843425335719,23.6545179278186,0,1,0.08867221312037368,0.02578854518582044,1,4,3,0,6
86554,1826,-46.566613741813356,603.6599355056876,0,1,0.03715076300926379,0.20514271933862094,1,4,52,3,0
86565,1827,57.354307148340084,13.735279857154493,0,1,0.09367710028993623,0.018086681597967363,1,2,2,0,2
86690,1828,147.17882497418083,126.24777177326884,0,1,0.043869055581437985,0.015068986216082424,1,6,5,69,3
86726,1829,95.18902493712073,23.171922715778717,1,1,0.057192121448464674,0.014714394886854045,0,9,3,16,0
86739,1830,4.571713096601783,47.50740903949139,1,0,0.004199571729108847,0.024030436390731772,2,1,1,0,0
86769,1831,115.69090959054438,16.197329337561875,0,1,0.18356845400143,0.015284928107098156,1,6,2,6,1
86787,1832,59.48499396033277,80.68592885690782,0,1,0.028149808303949017,0.021931535641455096,1,4,9,0,0
86824,1833,96.98840166860106,67.66855686132787,0,1,0.10521825670792623,0.07383478307472856,1,4,5,10,0
86846,1834,135.53195442585627,0.23821880967037856,0,1,0.026324441103305715,0.019372490261413553,1,9,2,0,5
86876,1835,77.3983191243295,36.7281432917849,0,1,0.014719304404525218,0.02228266535446481,1,3,3,1,0
87376,1836,-1709.741402535961,7323.080130742622,0,0,0.018506879218748152,0.08770478919873341,0,7,676,72,2
87391,1837,34.39960669464344,66.99063732404274,1,0,0.02617503128620595,0.25598710969345323,2,4,3,0,0
87426,1838,104.62372242098513,26.78604266497275,0,1,0.03479830343332866,0.019874151901479013,1,5,2,3,5
87436,1839,68.6403337959456,13.821881467097041,0,1,0.12661527625081398,0.02996417002980366,1,3,2,0,1
87470,1840,103.91784011797253,20.328162691099635,0,1,0.18680304002745554,0.021005584352374124,1,5,2,18,2
87482,1841,80.91123318627756,2.136546065166101,0,1,0.03570841606711569,0.01613648729047382,1,4,1,0,0
87982,1842,-2305.029633512857,9601.962966136885,0,0,0.004463034925296667,0.1282615076084008,0,12,892,28,12
88016,1843,83.31796011587986,137.5787775870146,0,1,0.03253073868153257,0.05121641414969107,1,6,14,0,3
88033,1844,76.56389569482205,45.530686553677015,0,1,0.053409636443407536,0.017398172466837857,1,4,5,0,0
88065,1845,126.28917744488035,23.450101943250992,0,1,0.018461388100917922,0.011749569019677691,1,8,3,1,0
88176,1846,78.00845673296993,89.23016247572228,1,1,0.08009815844951093,0.020684689438282448,0,6,4,75,1
88203,1847,32.092445473431646,254.25970250527246,0,1,0.044447491530864996,0.10740295185845679,1,5,24,3,2
88235,1848,99.99651409383505,30.26456555059885,0,1,0.028285491465301654,0.018596176637736283,1,5,3,5,2
88286,1849,79.97295025888945,22.96391407374224,1,1,0.05904760928087921,0.009098318884210803,0,7,2,10,1
88318,1850,50.88905451330969,20.464080548020885,1,1,0.16423844701085633,0.028073167723478853,0,5,2,19,0
88337,1851,91.64983741222724,10.792790596497321,0,1,0.04027017780539408,0.021266890713865994,1,5,2,0,7
88349,1852,81.2641530267714,28.62661138994667,0,1,0.21378444965150592,0.024479560731472925,1,4,4,1,0
88361,1853,58.56617536549303,25.197458396546985,0,1,0.05768736442415001,0.01111479094953309,1,2,3,0,0
88371,1854,59.08808447918638,16.78584437458402,0,1,0.04116944050032393,0.009117495454946644,1,2,2,0,0
88414,1855,59.32014903537009,66.88459700011198,1,1,0.04726105321507834,0.03158052748488495,0,6,5,25,0
88423,1856,57.390336582017596,1.5133647053392458,0,1,0.01934762339693097,0.008043088503634097,1,2,1,0,0
88450,1857,15.944996617575814,265.2648411780911,0,1,0.14289292531206824,0.11577004608737702,1,3,24,1,0
88467,1858,5.696271716357106,31.148278415241393,1,0,0.0057833440848048595,0.01876169990204624,-1,1,2,0,0
88531,1859,62.65290105448719,59.20811646028053,1,1,0.029361264895316663,0.017246894782158212,0,5,4,11,3
88538,1860,74.25851015767184,3.450272151750031,0,1,0.03703539347686959,0.006780997955837501,1,4,2,0,0
88548,1861,57.44452505745505,-0.046452001533737075,0,1,0.0146462899204176,0.004736643082448729,1,2,1,0,0
88559,1862,76.86807953244747,19.936198881749352,0,1,0.12623297330176422,0.017531891312092273,1,4,3,0,0
88571,1863,87.61316570626897,18.505012940754334,0,1,0.04326178599245373,0.02278895372822275,1,5,3,0,0
88580,1864,61.99929488284008,17.608385924812158,0,1,0.055376448862269174,0.01383975489264823,1,3,3,0,0
88589,1865,58.72297803653447,0.2682829327763585,0,1,0.01513534423989174,0.005575140939352358,1,2,1,0,0
88619,1866,85.5286904372474,67.17516061903356,1,0,0.1528078101585307,0.01789879176394144,2,9,3,19,0
88680,1867,-183.59362372338146,887.5062195626657,1,1,0.0938048145100501,0.18071415376889893,0,3,78,26,0
88694,1868,60.76062642443023,5.5482700289572,0,1,0.009860523129369511,0.003418489881456499,1,2,1,0,0
88714,1869,-61.802109742032755,406.62783079954903,1,0,0.028251626702229183,0.39442527265157945,2,2,30,0,0
88725,1870,74.09401083317755,34.91739725307217,0,1,0.10547240718190881,0.030378257957606,1,4,4,0,0
88756,1871,95.93647163929447,21.202215387773855,0,1,0.06725038717047258,0.006333273060562777,1,5,2,22,0
88786,1872,-70.6220380800514,503.41078992229785,1,0,0.019142596795263516,0.24353911894120597,2,3,40,10,0
88853,1873,108.00745650472025,71.01754994348964,1,1,0.04079884803093671,0.015739498677672912,0,9,6,16,16
88867,1874,71.32381241608513,34.44493721990022,0,1,0.168449548108469,0.020643416882553372,1,3,4,1,0
88882,1875,49.27502533701056,111.74362977121078,0,1,0.16803086457843808,0.24608605412065973,1,3,9,1,0
88890,1876,58.512715280173516,2.9900101915747737,0,1,0.02756229276667986,0.014231576331737135,1,2,1,0,0
88908,1877,39.714216285914745,58.679196819405675,1,0,0.01936463652049713,0.05765524060507036,2,4,3,0,9
88934,1878,96.90418656550733,36.23591256631176,0,1,0.060745630944515044,0.017296602462477332,1,4,3,0,0
88955,1879,35.6238128078087,177.5249536361403,0,1,0.22055869864918792,0.17081699609810558,1,3,15,9,0
88993,1880,-52.93037893702639,488.77204154759676,1,0,0.09332072847957888,0.25540769761341,2,3,36,1,0
89003,1881,78.75471021023898,-3.3380816477778517,0,1,0.016269084712703948,0.003379505398641045,1,4,1,0,0
89025,1882,-34.76798003979725,302.3927676682882,1,0,0.035527002862907685,0.17759362568793635,2,3,23,0,0
89042,1883,53.606880936405354,47.286060700123016,0,1,0.0390146815133691,0.01774945316019165,1,2,5,2,0
89052,1884,60.873953033718124,1.4402931286585812,0,1,0.014431564115691579,0.006932463499032303,1,2,1,0,0
89060,1885,59.76056325417336,-0.10376753640417036,0,1,0.022449299255315733,0.011836246641495466,1,2,1,0,0
89100,1886,-59.4997567244506,597.6704924628652,0,1,0.026148352494527582,0.21365675822813687,1,3,52,0,0
89109,1887,61.28860626471874,1.427660658155398,0,1,0.01942513505438054,0.010167044906293733,1,2,1,0,0
89163,1888,79.24437596581076,43.50686821000773,1,1,0.023953271649980425,0.009792332353090212,0,7,3,20,0
89210,1889,-34.51085461404218,557.4189872788811,0,1,0.07906279321487561,0.12634326267775697,1,5,51,13,0
89218,1890,14.42081679533337,53.253537044524606,1,0,0.012903722812343263,0.01549825070936726,2,2,2,0,0
89229,1891,69.2241625389641,8.409527742851317,0,1,0.04193677564007278,0.008177172266542066,1,3,2,0,0
89239,1892,72.20224906126174,26.350177089212973,0,1,0.09570829995924582,0.012994235239737546,1,4,4,0,0
89249,1893,65.70687660225046,2.375469620293787,0,1,0.03126912830244063,0.009803495001586771,1,2,1,0,0
89261,1894,67.07554195449414,25.042057591350158,0,1,0.09280355204509165,0.016046097988833444,1,3,3,0,0
89273,1895,61.58130855859996,6.036349192112063,0,1,0.01359922716409777,0.01000567360032809,1,2,1,0,0
89283,1896,59.40937734851874,1.2973552181373407,0,1,0.01894130893879274,0.01089549457582294,1,2,1,0,0
89293,1897,72.80015906224327,-13.646686212141699,0,1,0.05340158794686699,0.0,1,3,0,0,0
89317,1898,-4.969977430627619,298.92431503488905,1,0,0.029614752862524577,0.1815683199103428,2,5,23,2,0
89327,1899,58.42632449260536,6.363433124543871,0,1,0.017476770612458312,0.011855399967751094,1,2,1,0,0
89336,1900,55.53791703464964,13.957008770113887,0,1,0.01551650759534253,0.009390398384698712,1,2,2,0,0
89344,1901,58.15575648110492,2.029662601390676,0,1,0.024868582478068023,0.006876754172029485,1,2,1,0,0
89354,1902,70.14797945733059,12.799060534015116,0,1,0.02615841418512952,0.007205485695717552,1,3,2,0,0
89362,1903,73.48248974709722,7.37404177810982,0,1,0.03136075329948557,0.009737039009830865,1,4,2,0,0
89374,1904,71.15209874913367,21.975080762388668,0,1,0.1689348991121519,0.016400508719219505,1,3,3,2,0
89386,1905,76.78605228250848,16.242528682933283,0,1,0.13295691853307426,0.026889140545480115,1,3,2,0,0
89396,1906,62.6959194060677,2.1933855754524387,0,1,0.01593114662089896,0.0071930496337031195,1,2,1,0,0
89407,1907,59.684533685569036,4.918481213903965,0,1,0.014345314518719475,0.005845084424917607,1,2,1,0,0
89431,1908,10.002922407629246,257.1899187987414,0,1,0.03601653410234554,0.10489285551163857,1,3,24,1,0
89449,1909,39.10607979519146,174.1193059429199,0,1,0.0627397598105628,0.1920550581847066,1,3,15,0,0
89470,1910,53.697628375962026,110.9097981912791,0,1,0.044970492383320175,0.13307792279162345,1,3,9,3,0
89484,1911,62.663534166405796,3.434927997451883,0,1,0.00917270539352166,0.004421154675377207,1,2,1,0,0
89499,1912,69.1019445323568,53.360367557533635,0,1,0.037868111923220385,0.017497223056169676,1,4,6,0,0
89512,1913,72.85903933875377,14.295628743872786,0,1,0.04683580794486088,0.01895192685627064,1,3,2,0,0
89525,1914,78.45671586514766,22.08474876872315,0,1,0.07045102917549581,0.029743479638495995,1,4,3,0,0
89565,1915,13.481245612311774,410.28746998742525,0,1,0.1393881107749234,0.08650608180748824,1,6,39,9,2
89574,1916,15.12210361886951,47.60831495396219,1,0,0.015634864995855483,0.01419786683147333,2,2,1,0,0
89583,1917,74.95763137386783,5.274096449428807,0,1,0.10364955719282884,0.01709182762972143,1,4,2,0,0
89594,1918,77.78549811380408,23.308848613338974,0,1,0.11820090575504666,0.012491419135102582,1,4,3,0,0
89609,1919,66.309904918115,19.719676252400156,0,1,0.05757834874125626,0.019746975131654573,1,3,3,0,0
89619,1920,67.05945058414399,-3.2763125897181578,0,1,0.0338147597192099,0.006834989183542452,1,3,1,0,0
89627,1921,72.91597175049189,3.2535605202800433,0,1,0.042323968157293106,0.011455121555030152,1,4,2,0,0
89637,1922,75.12926156298649,0.49984586637686057,0,1,0.028192995393398358,0.011779814484839888,1,3,1,0,0
89644,1923,58.01532522529828,-1.6214735414405759,0,1,0.14703133577313449,0.01966814247238539,1,2,1,0,0
89673,1924,127.95537511981854,35.332572989926966,0,1,0.07732628516249151,0.021899124056658895,1,8,4,11,0
89702,1925,5.740269084506039,316.8155545043245,0,1,0.031675971611375815,0.15136666419285066,1,4,29,6,0
89739,1926,-113.60903205989581,649.0315249196432,1,1,0.03346918688888205,0.35091783195108606,0,3,54,10,0
89769,1927,27.78880246485876,32.07779572327564,1,1,0.14276123855212208,0.03731034647130752,0,3,3,9,2
89781,1928,53.78672370905055,4.962313581808026,0,1,0.012345663375135534,0.012904242951218036,1,1,1,0,0
89793,1929,76.92463175971278,26.266917320232793,0,1,0.1272164203637061,0.037604136245482915,1,4,3,0,0
89801,1930,56.09254795923337,0.9568990651077449,0,1,0.025546347990380774,0.010088276006022892,1,2,1,0,0
89815,1931,63.022582673611595,29.35758392277112,0,1,0.03366944648393018,0.009624187258493745,1,3,4,0,0
89830,1932,54.105071656102055,86.7262843372964,0,1,0.08496059195572464,0.07252134598672003,1,3,8,0,0
89837,1933,78.21519844276301,-1.1667099972722692,0,1,0.0314935109769603,0.0067646029233864495,1,4,1,0,0
89846,1934,52.786337948155314,12.2066812201486,0,1,0.0782222729299325,0.01042659237146442,1,2,2,0,0
89862,1935,68.46014925559805,25.12349771096305,0,1,0.05901752772010161,0.019720756269077346,1,3,3,0,7
89886,1936,117.60183182716179,6.159881411643923,0,1,0.06107595225796794,0.014453021039673941,1,7,2,7,0
89913,1937,28.215082424690813,248.97745111116893,0,1,0.03583383226562785,0.1685798182224256,1,3,21,0,0
89950,1938,-90.92002032183277,601.0292163203997,1,0,0.01969384673671004,0.19221156476336732,2,4,50,4,0
89976,1939,111.48077763971749,14.465784741108273,0,1,0.13312517399054896,0.023608862223720363,1,6,2,8,0
89989,1940,61.317449512815855,14.938920965854514,0,1,0.04749456195758586,0.008054988671332374,1,2,2,0,0
90005,1941,102.74856956569417,20.142159804125143,0,1,0.13485540876689056,0.057439543505357016,1,6,3,0,0
90053,1942,134.20050315581284,31.424439331258586,0,1,0.030508577117120836,0.018276872013609505,1,7,2,5,0
90067,1943,22.092402898659724,62.78959232089767,1,0,0.014959600774421402,0.050991278397836036,2,3,3,0,0
90106,1944,81.78705934703487,36.29716979228622,0,1,0.012400026805433777,0.014325830397598804,1,3,3,4,3
90124,1945,53.18568895327346,16.689776928298997,0,1,0.05433045627359635,0.0149750164441645,-2,4,2,0,0
90134,1946,19.491281323166266,60.73906971480175,1,0,0.010724894315206634,0.06346518837525554,2,3,3,0,0
90143,1947,67.49852327051833,12.90774204538018,0,1,0.1540837758209568,0.09191970357182393,1,3,2,0,0
90164,1948,73.42537157712002,24.488951729018773,0,1,0.04476684271737862,0.01794462482447539,1,3,3,0,9
90178,1949,78.61697316964653,28.984221352683292,0,1,0.048148501887782094,0.013373950599593449,1,4,4,0,4
90208,1950,99.82992194768329,19.072474010823516,0,1,0.03256788445050331,0.015965820898595978,1,5,2,8,0
90219,1951,58.250163733010666,6.276142023794998,0,1,0.06733456598077271,0.007853768856119799,1,2,1,0,0
90234,1952,10.707351023947547,76.91599378480038,1,0,0.004666184674607785,0.02663435457054537,2,2,4,0,0
90243,1953,56.08479807617619,14.949424712457896,0,1,0.028082912042324666,0.012295867450163466,1,2,2,0,0
90253,1954,2.4732257549833605,67.02067319007735,1,0,0.004069874984612601,0.03716804133814524,2,1,3,0,0
90315,1955,86.42959735280301,53.85178218971488,1,1,0.04200919423165314,0.019273790569589517,0,7,4,11,5
90815,1956,-1876.7129753886302,7852.849018846425,0,0,0.013863203096501667,0.10525998842255126,0,9,732,49,35
90838,1957,115.10411989065726,31.686252980900203,0,1,0.24286960760861853,0.027998418882921858,1,7,4,6,0
90845,1958,51.23948129875259,10.599107893831238,0,1,0.12493876987602326,0.007337794819525988,1,2,2,0,0
90854,1959,53.13162460235964,15.51461883798392,0,1,0.08690183746665413,0.015288349234806629,1,2,2,0,0
91354,1960,-1407.3954747553162,6414.3556608077415,0,0,0.002382506192787944,0.0830826805473053,0,8,587,46,25
91361,1961,56.24788410395652,12.882470350513291,0,1,0.23450343347802946,0.008650866126270253,1,2,2,0,0
91373,1962,8.14053005238882,86.33680131290927,1,0,0.03734019724779411,0.04452160196631861,2,2,5,0,0
91403,1963,25.8241610241261,45.89763429120297,1,1,0.2476300621284691,0.041513589056882565,0,3,3,18,0
91414,1964,69.01299495688836,12.789163615545185,0,1,0.08526800041566159,0.018132003138248972,1,3,2,0,0
91429,1965,58.943172134142614,19.099519444660853,0,1,0.12227919345306588,0.011901763699526557,1,2,2,0,0
91437,1966,54.4802309085816,16.28226306730939,0,1,0.13914496882317565,0.02800043473979371,1,2,2,0,0
91445,1967,61.86619518699527,0.055502597861170955,0,1,0.3074009551921133,0.013215646723418541,1,2,1,0,0
91453,1968,53.32378890663273,14.021337312713912,0,1,0.08574236945884718,0.025042347505673607,1,2,2,0,0
91462,1969,64.57590810964001,12.828034911231128,0,1,0.049505237773281315,0.015641480866169313,1,3,2,0,0
91469,1970,57.997012617332025,11.584719079687389,0,1,0.34354541061019395,0.01344696604605086,1,2,2,0,0
91476,1971,52.37301041100743,11.025719818685266,0,1,0.13843461555585787,0.02125850096227788,1,2,2,0,0
91504,1972,27.095225269404963,50.15006292582814,1,1,0.26312313112523017,0.019210767847118997,0,3,4,8,0
91516,1973,58.34156004055623,4.2596678549984865,0,1,0.10442239678434523,0.00847982355669225,1,2,1,0,0
91533,1974,36.439767705463694,26.928695315468197,0,1,0.07114759734133123,0.019721156123059896,-2,3,3,0,0
91541,1975,53.00918340398337,12.232060404044038,0,1,0.09209958081421939,0.02443430430815372,1,2,2,0,0
91556,1976,15.751153913340517,82.9864633537689,1,0,0.041968589508939884,0.05245972215869761,2,2,3,0,1
91565,1977,53.045989958194895,11.152173702498931,0,1,0.157411473740072,0.013348109685183875,1,2,2,0,0
91579,1978,17.48902185855824,66.36128645609627,1,0,0.028251658267595074,0.10380285414459611,2,2,2,0,0
91587,1979,54.77783829406177,15.16029597582085,0,1,0.09648487756086359,0.028190202228066553,1,2,2,0,0
91596,1980,55.89338601118812,2.0352678496253738,0,1,0.06329085225691028,0.013625441525511083,1,2,1,0,0
91604,1981,53.470369906709834,13.439128894988626,0,1,0.14727751970617672,0.01766291687023703,1,2,2,0,0
91614,1982,70.04055545673494,33.13309960336218,0,1,0.10232150055873782,0.05561218027150263,1,4,4,0,0
91621,1983,52.730302299784555,12.13358141421163,0,1,0.13693955808846991,0.017748227739546315,1,2,2,0,0
91630,1984,54.574774850814606,15.045168221943168,0,1,0.09584059269860529,0.016810606506817576,1,2,2,0,0
91641,1985,53.862309522028056,24.25743359370393,0,1,0.21765753254569084,0.02279308277910733,1,2,3,0,0
91655,1986,18.100316293916514,65.86081213369371,1,0,0.015561587460120997,0.042416432500815095,2,2,3,0,3
91664,1987,52.82696729871513,11.396804981361335,0,1,0.04964999869141343,0.015280737149037512,1,2,2,0,0
92164,1988,-2300.932995807129,9253.309818045556,0,0,0.0013485156601857507,0.12463660977320574,0,4,855,8,1
92176,1989,16.429889646299607,63.196032139470304,1,0,0.016651440332549398,0.02549658211194862,2,2,2,0,0
92191,1990,93.61150523769703,20.92896137801305,0,1,0.09068658332624621,0.01855944567286672,1,5,3,0,3
92200,1991,53.311850082840756,13.529748817477909,0,1,0.05979634338337477,0.017965229762579145,1,2,2,0,0
92208,1992,53.01274572986827,15.018001478802145,0,1,0.07335276555928498,0.02178158671289655,1,2,2,0,0
92216,1993,52.9697938818494,9.990456601944707,0,1,0.07266618443522013,0.01601485828304965,1,2,2,0,0
92231,1994,30.32418173313137,71.62413589963381,1,0,0.02358885173513938,0.06348461043197834,2,4,4,0,3
92240,1995,65.38066892548761,23.123934490028187,0,1,0.3303124548332852,0.03980012464888944,1,3,3,0,0
92251,1996,55.294966825154354,14.56832615959106,0,1,0.03043583390766347,0.01636090102990159,1,2,2,0,0
92259,1997,56.679379009416394,0.1807478486086911,0,1,0.0442491277943706,0.008250965457884786,1,2,1,0,0
92273,1998,52.90209347198296,25.10136596555318,0,1,0.07690225959083394,0.007552549156733995,1,2,3,0,0
92280,1999,65.20406106002571,-4.106904231450073,0,1,0.1602273806674405,0.0129597558393374,1,3,1,0,0
92287,2000,63.18435222710651,9.473254589809244,0,1,0.10292013992433348,0.03197237506016334,1,3,2,0,0
92294,2001,54.295892051647485,10.578635920902883,0,1,0.22471438606362162,0.01456147413371517,1,2,2,0,0
92309,2002,22.032128789008905,75.94415036425706,1,0,0.09525634026876408,0.27971722549767647,2,2,3,0,0
92317,2003,58.56236166824424,10.498407041148017,0,1,0.5186512235582487,0.02285672793030713,1,2,2,0,0
92327,2004,56.234448918627,3.910498871553026,0,1,0.04395200018951567,0.006175145578052569,1,2,1,0,0
92337,2005,52.72757354523658,14.786892445216846,0,1,0.046091844597190575,0.004072434366747665,1,2,2,0,0
92345,2006,63.85395027863611,11.248360459161855,0,1,0.0774862079291242,0.02076395706966202,1,3,2,0,0
92424,2007,74.07570936132561,92.32384757182513,1,0,0.05676797174124169,0.013833480297410987,-1,6,5,22,0
92432,2008,52.5693444541691,13.677148661923601,0,1,0.09161762303918847,0.01084469231232975,1,2,2,0,0
92440,2009,53.52272095604242,13.606708877368698,0,1,0.08832036671010186,0.009571806884380338,1,2,2,0,0
92447,2010,62.134486622440946,6.085825075957924,0,1,0.05761513182188161,0.02600962791116083,1,3,2,0,0
92462,2011,16.019574982245732,85.05254936105638,1,0,0.026279627605433932,0.07323322388786023,2,2,3,0,0
92470,2012,56.55562414900034,14.789925153782557,0,1,0.24324369037966,0.01982721746436331,1,2,2,0,0
92478,2013,52.98667122326134,14.70725121215471,0,1,0.11084901426646973,0.016490723670309473,1,2,2,0,0
92488,2014,53.235766791327215,14.646869302318255,0,1,0.04933061874680778,0.010219210563771706,1,2,2,0,0
92498,2015,55.195824516593376,12.799900920795018,0,1,0.15683053608988978,0.010843391726456212,1,2,2,0,0
92563,2016,56.69582050808948,100.91558399771075,1,0,0.026701781173454883,0.013419485543303767,2,5,3,36,5
92572,2017,52.55546218865745,12.912521442058974,0,1,0.061224244064188554,0.009542858685441531,1,2,2,0,0
92579,2018,54.72062515004312,-2.0546306855680054,0,1,0.08616992472839761,0.010993527440153033,1,2,1,0,0
92595,2019,18.937125453458243,77.28864803279293,1,0,0.06661711184229736,0.14438434402899458,2,2,3,0,0
92602,2020,52.75876724717895,10.263631258437645,0,1,0.15632530376682743,0.028533306896926673,1,2,2,0,0
92632,2021,44.89741606280265,275.00472269508464,0,1,0.03447390788553587,0.14724606705051885,1,6,25,5,0
92642,2022,56.52253868834582,1.3065932046406559,0,1,0.04188524240828868,0.004798092737452914,1,2,1,0,0
92653,2023,73.89294651251969,21.350831276344653,0,1,0.10356429996688403,0.030937671344259052,1,4,3,0,0
92667,2024,14.028404171536877,85.67533144725081,1,0,0.020394157678605886,0.16879648324477073,2,2,4,0,0
92684,2025,38.995005140804835,84.25150111666787,1,0,0.11761361316191177,0.13225816588661882,2,4,4,0,0
92692,2026,53.39329789609269,12.225504205602311,0,1,0.09646914291104715,0.017616898148327294,1,2,2,0,0
92700,2027,52.84129883015566,12.356616377332362,0,1,0.08456792528170382,0.01554478857099185,1,2,2,0,0
92707,2028,64.8929491908856,8.078343446613179,0,1,0.14244791077169608,0.0287867729820206,1,3,2,0,0
92721,2029,14.056532177243337,88.19620790759215,1,0,0.06220470091218977,0.06949548229111177,2,2,4,0,0
92748,2030,112.10066490216177,22.218756674483867,0,1,0.07053204547045698,0.03273142135922929,1,6,3,3,12
92759,2031,64.25778913214155,36.61199651720047,0,1,0.08695729828983706,0.052218817534464695,1,3,4,0,0
92766,2032,64.28361961271138,9.537717738217118,0,1,0.1452450845935165,0.024313556247270225,1,3,2,0,0
92773,2033,53.382265964809406,11.77741075935203,0,1,0.21143766067531208,0.028993187238043637,1,2,2,0,0
92790,2034,62.42914631996164,36.60685177211891,0,1,0.02479647288082939,0.011885704295288287,1,3,4,0,0
92798,2035,53.466058414382985,14.844935478565523,0,1,0.1630194182991331,0.012571906787963116,1,2,2,0,0
92806,2036,52.752411005375464,11.477175782309894,0,1,0.09465562593528248,0.014723675680398788,1,2,2,0,0
92815,2037,58.79398318211794,0.4086751172297003,0,1,0.14082066262372323,0.0023119887769696757,1,2,1,0,0
92822,2038,52.44580275983126,10.299394303075495,0,1,0.14406403990675123,0.020670970322019266,1,2,2,0,0
92833,2039,71.59516828165744,10.766333185164012,0,1,0.026231272142575354,0.015823584677964297,1,3,2,0,0
92863,2040,46.87522955254435,39.23980476368984,1,0,0.09071981912939212,0.013303033817981341,-1,5,2,20,0
92873,2041,20.933385412444864,59.646822513464684,1,0,0.01780403370921007,0.054425875046457475,2,3,3,0,0
92907,2042,46.08287522002065,40.27806375405682,1,1,0.14150014506450198,0.052269669408709175,0,5,3,19,0
92937,2043,-10.137337046708506,242.1747353497813,1,1,0.03670094510316866,0.25800860651592705,0,3,19,0,0
92948,2044,11.546953909776889,66.97065795109934,1,0,0.01408135883707236,0.047326078570396855,2,2,3,0,0
92959,2045,53.24804316944533,13.240140918627553,0,1,0.08786673348745623,0.009400459610246454,1,2,2,0,0
92996,2046,99.27852396656058,55.80329627607541,0,1,0.12774462034663797,0.028573262474195525,1,4,5,0,15
93031,2047,75.53613997181012,64.92808728312534,0,1,0.07250918959432957,0.09615400827785746,1,2,4,9,0
93039,2048,57.40007683672692,2.2171386230156056,0,1,0.055534896995481045,0.007595948499726397,1,2,1,0,0
93049,2049,60.122513760407905,0.5894343644236955,0,1,0.025594440049086252,0.002245758716646022,1,2,1,0,0
93081,2050,30.611814641008475,52.967079715994124,1,0,0.016912159803734377,0.012457620216205369,-1,3,3,11,0
93093,2051,17.569922365732406,79.46912855808867,1,0,0.056246760007759265,0.0946515726960574,2,2,3,0,0
93106,2052,59.869369339150516,2.191057627971148,0,1,0.08443117931277841,0.004213123023455688,1,2,1,0,0
93114,2053,52.48260864964064,13.116731157568601,0,1,0.08844459557703321,0.023942135324318294,1,2,2,0,0
93124,2054,14.739029107948841,64.12255400756561,1,0,0.018088478552119765,0.13289971999294833,2,2,2,0,0
93132,2055,53.232445905700914,10.429207038614642,0,1,0.16907918714919368,0.023190715809659822,1,2,2,0,0
93149,2056,32.54819502933214,80.88184391680662,1,0,0.041011517726708024,0.11405536793213125,2,4,4,0,0
93157,2057,62.664447182996824,7.344710130566638,0,1,0.03364945222684043,0.012339944293556854,1,3,2,0,0
93165,2058,70.67138798926285,-2.109961191908976,0,1,0.1365677573248618,0.003973643083662671,1,3,1,0,0
93216,2059,107.9581957787123,41.206938475008414,0,1,0.06893594589608561,0.014689464797177254,1,5,4,22,29
93225,2060,63.31188106269623,10.197729753478729,0,1,0.037589686792212945,0.022848954492013008,1,3,2,0,0
93235,2061,52.96720460495811,13.41754676279106,0,1,0.08705918567174624,0.007713866120093354,1,2,2,0,0
93243,2062,64.78754238123263,10.071223093115265,0,1,0.12162083904296858,0.04113026908327046,1,3,2,0,0
93250,2063,51.063302660811644,9.36788286291161,0,1,0.049829972554790554,0.009298156527687475,1,2,2,0,0
93258,2064,57.324388973636275,-2.254396245212167,0,1,0.03699841039476433,0.0046629316450658735,1,2,1,0,0
93266,2065,55.90681833817346,-0.9049034884224945,0,1,0.04602531110731691,0.01223018500050717,1,2,1,0,0
93278,2066,60.90512374961969,25.061377746177556,0,1,0.15904125111821985,0.013863799610437369,1,2,3,1,0
93290,2067,16.464988072888865,86.55880442785168,1,0,0.03195974746331408,0.031985084408875195,2,3,5,0,0
93303,2068,62.721220604176565,33.88225401342578,0,1,0.07226151794899786,0.08190238708882511,1,3,4,0,0
93343,2069,52.181053988597014,105.71676493194093,1,0,0.023573193862948476,0.0217296214387025,2,6,6,12,6
93356,2070,13.052894453269435,75.03609089661695,1,0,0.05426832397346751,0.037244010723005296,2,2,3,0,1
93364,2071,73.40749101400675,4.025971682785961,0,1,0.0528266409582285,0.014565282487664932,1,4,2,0,0
93372,2072,52.810505792904166,12.307402696291987,0,1,0.16970529915856553,0.017011846719907946,1,2,2,0,0
93380,2073,57.395725491357666,2.844746919872499,0,1,0.09782105323660648,0.002595028907702513,1,2,1,0,0
93387,2074,56.2312717448593,-3.697980303370386,0,1,0.07066767371996009,0.0035682366925993444,1,2,1,0,0
93425,2075,96.5318465913801,29.99759266796132,0,1,0.07892112690071384,0.017583725365527107,1,5,2,29,0
93433,2076,55.66246021272858,11.612758799654912,0,1,0.2586937047623657,0.020518076661411283,1,2,2,0,0
93440,2077,51.586835832821066,10.264510373812513,0,1,0.09640465200443489,0.006254052996781742,1,2,2,0,0
93477,2078,120.38175572392203,48.587555874694786,0,1,0.05041894339470462,0.027158410081401716,1,7,5,9,7
93492,2079,68.93791933952693,68.56512037105989,0,1,0.09898767871095018,0.12349656815272379,1,4,6,0,0
93500,2080,57.56448637345797,-0.33635311974663473,0,1,0.05538843260382764,0.004143048685838512,1,2,1,0,0
93508,2081,53.10388800387216,12.459757228741054,0,1,0.0988988712418145,0.015432292503359124,1,2,2,0,0
93521,2082,62.69881811886718,77.55665123433084,0,1,0.11380468523762871,0.18154910226783222,1,4,7,0,0
93551,2083,95.3070873542618,21.941718535956504,0,1,0.07737410296452824,0.019246738080390846,1,4,2,6,0
93561,2084,22.260775001450607,76.21534523212203,1,0,0.01379640537846039,0.1126637519449517,2,3,4,0,0
93632,2085,58.180945972511026,95.67158370930353,1,0,0.07291570634703216,0.0190337443245903,-1,5,5,38,0
93639,2086,53.45198148209779,10.243064157584246,0,1,0.2098249570082895,0.019498755463076497,1,2,2,0,0
93647,2087,53.0482490451696,13.216797489167915,0,1,0.03031753705913455,0.019571204843250267,1,2,2,0,0
93659,2088,10.744549398604239,77.96747856461774,1,0,0.016801108920204342,0.0749555615260442,2,2,4,0,1
93685,2089,82.92551599414226,51.80587685040982,0,1,0.03711576283559976,0.01886596185467969,1,4,5,0,0
93701,2090,75.12344468399313,43.058510710777355,0,1,0.09816358837920869,0.02060780066530169,1,4,5,0,0
93730,2091,96.18114218118151,37.838779330282264,0,1,0.08730299103037344,0.022364612579770068,1,4,3,6,0
93744,2092,18.826591671778118,84.36262491123915,1,0,0.022193279862406323,0.03681283409783596,2,3,5,0,0
93770,2093,78.03047407105745,44.93896851998026,0,1,0.036312540495648346,0.016764811761651087,1,4,4,19,0
93783,2094,14.79729049774876,79.00902951667602,1,0,0.02133663759259019,0.06487885692248635,2,2,4,0,0
93791,2095,55.12905040845567,0.4130513996942753,0,1,0.037987412334047385,0.007372890036425823,1,2,1,0,0
93803,2096,7.325513498447268,75.35643996823681,1,0,0.013626619586012889,0.03272995124699283,2,2,4,0,1
93828,2097,111.65552575311958,53.89296149906273,0,1,0.04872139281864413,0.0613780014929976,1,7,6,1,1
93839,2098,12.82662510045855,75.16451477674299,1,0,0.09298673455728133,0.06385587127610844,2,2,3,0,0
93851,2099,10.852328138200779,91.1715855174704,1,0,0.020621763973032246,0.05339620578027249,2,2,5,0,2
93879,2100,42.43073309111354,37.16214121393073,1,1,0.09207015710963187,0.02707812724854788,0,5,4,9,4
93891,2101,23.014171544697515,77.00484798573001,1,0,0.018064454520121554,0.029487350635843127,2,3,4,0,0
93898,2102,68.87337315867015,8.499513152309301,0,1,0.40822689545406654,0.02582591606644515,1,3,2,0,0
94398,2103,-2212.2339392785743,9245.641198513473,0,0,0.005521260965353824,0.13152124301626694,0,7,853,22,16
94421,2104,127.02489919160604,25.624121474910368,0,1,0.07288550580096681,0.035869347745214705,1,8,4,0,7
94451,2105,105.67630168601812,36.45429516359023,0,1,0.18003156467490705,0.019647861545925713,1,6,4,16,0
94488,2106,61.191331717898095,154.18387518733113,1,0,0.036114295953714244,0.09933920831735812,2,7,11,5,14
94501,2107,92.17283054408252,26.8706676425654,0,1,0.048113092594303714,0.02744686953142333,1,6,4,0,0
94562,2108,-86.35629752098365,926.8106610374139,0,1,0.10903950291033211,0.2023518873905627,1,9,83,45,0
94573,2109,99.07387996113849,30.428251208470783,0,1,0.23603354327920095,0.08654417271872666,1,6,4,0,0
94589,2110,113.18981597589544,33.78026314100444,0,1,0.12129785117152272,0.04588340689206436,1,7,5,0,0
94675,2111,130.56926568986466,71.8433106893309,1,1,0.06233152155885321,0.01686360246028209,0,10,4,24,6
94687,2112,29.3137060333388,76.27823279959155,1,0,0.026202009167460547,0.05867893435629148,2,4,4,0,0
94695,2113,20.078393799300184,69.1407339256761,1,0,0.02536082099028885,0.044129240211990974,2,3,4,0,0
94714,2114,75.45227885016968,66.36917300737261,0,1,0.11787577872267777,0.05126067430182233,1,4,6,1,0
94729,2115,18.95105119954119,83.20691509067657,1,0,0.01737805650043747,0.05156593225721625,2,3,5,0,4
94736,2116,10.595250678691322,76.76991016497426,1,0,0.06622546145179793,0.10888256979404086,2,2,4,0,0
94746,2117,20.588374584739416,76.82079667698497,1,0,0.027672245863000204,0.21770551400367136,2,3,4,0,0
94763,2118,107.44990107707721,42.255076271841205,0,1,0.07135449054975153,0.036139863899615446,1,7,5,0,0
95263,2119,-2110.7844433706823,8847.50402668342,0,0,0.009859623473095118,0.10152551113339649,0,6,826,0,1
95301,2120,93.15856697554972,90.27094408513312,1,0,0.03007291066721382,0.047677368510467534,2,8,5,2,7
95314,2121,31.450661243808497,72.30288993946957,1,0,0.019095322132370383,0.055478005962156164,2,4,4,0,0
95326,2122,20.110828726844986,62.07116249735495,1,0,0.01883895132520976,0.04586542028799118,2,3,3,0,2
95337,2123,83.5906013341064,33.95823537848498,0,1,0.1119795507671653,0.12658353661915972,1,5,4,0,0
95353,2124,36.93268566476388,72.93108789196604,1,0,0.04967075287596594,0.0916366647559107,2,4,4,0,11
95853,2125,-2317.7416372061803,9631.529057165084,0,0,0.003110779416173044,0.10593186608167372,0,10,904,5,7
95911,2126,-120.75098729928858,874.627781589695,1,0,0.05168785723900219,0.16267544662811592,2,7,75,10,0
95922,2127,120.02372244351336,24.55454019769096,0,1,0.14024237590511437,0.09770329790776447,1,8,4,0,0
95938,2128,111.82500173223472,16.4534760456264,0,1,0.2909557409521702,0.04779998317351123,1,7,4,2,6
95995,2129,58.56994602918127,59.538946821317026,1,1,0.055943063492066056,0.010636368164249432,0,6,5,33,0
96009,2130,70.81678667937827,71.45689940606883,1,0,0.041636341198157505,0.033882556035299646,2,8,5,0,0
96017,2131,14.449923343937769,70.27208102821105,1,0,0.02027163099606521,0.09723005363895225,2,3,4,0,0
96138,2132,-160.1700356249661,1347.1673566695285,0,1,0.04513176007709895,0.15006618305888408,1,7,118,23,26
96149,2133,85.24445747261257,6.3871906669277365,0,1,0.036223726226800645,0.016233748461027177,1,5,2,0,0
96161,2134,13.259104518481951,65.43632759622582,1,0,0.020528442068523767,0.03537807440161387,2,2,3,0,0
96199,2135,107.3275682422665,47.981691429068775,1,0,0.02185782038732861,0.029301885349734224,-1,10,6,0,25
96282,2136,105.83625282672114,114.19746121923639,1,0,0.05972747810301124,0.014869653965316587,-1,8,6,30,0
96304,2137,88.61179503555724,38.08077550697344,0,1,0.0382136593650638,0.030088386355299,1,5,4,2,4
96311,2138,84.96249746079145,3.002412344420584,0,1,0.10047576015177005,0.03581963949571804,1,5,2,0,0
96321,2139,25.50914474239931,83.11782988564082,1,0,0.04401817033710096,0.16573103450141247,2,4,5,0,0
96332,2140,43.57740550982865,68.4186693221962,1,0,0.03925414324137888,0.06650081041357242,2,5,4,0,0
96375,2141,46.55975933339417,33.79149176576004,1,1,0.0895306201172727,0.014549692465387811,0,4,2,23,3
96431,2142,142.5311843782045,50.24351186819689,0,1,0.03194455361759473,0.01931570201895691,1,8,4,15,10
96471,2143,119.83231984869676,46.49165944680084,0,1,0.03520342275236274,0.03460526623482625,1,6,4,4,10
96971,2144,-1486.8881584907786,7017.949462625402,0,0,0.004330398093046189,0.09246806356793962,0,16,649,27,54
96994,2145,112.09688079230922,50.36545333150724,0,1,0.046788277495333055,0.0410647840585759,1,7,5,1,0
97011,2146,70.06997232004869,58.92023182243244,0,1,0.045745012025272994,0.04358997332787835,1,4,6,0,4
97021,2147,32.077237935646565,77.14379485405158,1,0,0.0793482041599931,0.24955414324253494,2,4,4,0,0
97030,2148,9.069368838650307,66.00869534046572,1,0,0.02426379381873121,0.14166162100770052,2,2,3,0,2
97049,2149,109.08841805510247,34.37142183987922,0,1,0.13976380705831482,0.04921586647007154,1,6,4,3,0
97059,2150,37.99752869944456,70.39484158434264,1,0,0.046585674990225076,0.11020942707133138,2,5,4,0,0
97087,2151,87.56054528207012,26.055890113649486,1,1,0.1123929392513258,0.014199265557848945,0,9,4,9,3
97587,2152,-1974.5683028617505,8327.65917821331,0,0,0.0015915947031709785,0.09531872806022557,0,7,777,29,37
97606,2153,108.64762116075029,37.826889262627176,0,1,0.16410719522661327,0.045802608597430114,1,6,4,0,0
97618,2154,18.82517956576035,76.60793821233847,1,0,0.021968457051355205,0.09936021974742337,2,3,4,0,6
97716,2155,76.94434700354307,97.44822526230482,1,0,0.01869201083409343,0.012957201501041517,-1,5,5,27,3
97746,2156,112.60415276605153,45.11528441644605,0,1,0.07577288929572369,0.016357474806826276,1,7,5,10,0
97817,2157,91.57876231098523,78.51916590098458,1,0,0.010034952446793746,0.01743045307918892,2,6,4,10,54
97840,2158,82.28153805545165,172.58784395310178,0,1,0.047545852418240823,0.0958221576376933,1,8,18,2,0
97851,2159,43.6861524526608,56.75269897042925,1,0,0.061558264433744965,0.10825012641873567,2,5,3,0,2
97861,2160,46.0081518712679,62.80977170791736,1,0,0.15716056439817822,0.27154359741556594,2,5,3,0,0
97871,2161,96.22286424820594,27.195549667858103,0,1,0.12805701605320666,0.06204761374446257,1,6,4,0,0
97885,2162,42.35837731547092,87.83897495688522,1,0,0.04604335315754854,0.09137481088578726,2,5,5,0,0
97909,2163,82.59388216721965,30.717134408227885,1,1,0.05445893601062398,0.03672034308960043,0,8,4,1,7
97917,2164,6.9445133554026075,75.53216301928802,1,0,0.03428460791983986,0.11337642192979341,2,2,4,0,0
98417,2165,-1719.327273503426,7413.491763414056,0,0,0.0016950672258416414,0.08197504753081594,0,6,692,13,64
98468,2166,35.731628569244165,275.1198835949265,1,1,0.03154423749006308,0.05319629987007788,0,9,27,13,19
98502,2167,88.73990769042044,75.29356429174801,0,1,0.04050434848479895,0.03662728596862251,1,5,6,17,0
98513,2168,71.35538702050533,17.177598433098293,0,1,0.07954120095545099,0.016697554031771974,1,4,3,0,0
98541,2169,39.39309517527509,40.63675870567906,1,1,0.14471741373725383,0.022878231451974228,0,4,4,5,6
98550,2170,24.058162275067634,78.55416507518086,1,0,0.040268829792920534,0.07987991715157,2,4,5,0,0
98709,2171,142.17061000072118,112.00001338321375,1,0,0.012957753620200664,0.01377731770127049,-1,8,4,35,27
98724,2172,10.865121178493165,36.1536246738914,1,0,0.012966009593482297,0.029489323410116664,-1,2,3,0,1
98732,2173,11.131372164601292,64.37947963433814,1,0,0.04036145630504796,0.05807037723510203,2,2,3,0,0
98767,2174,79.04043718545245,35.12222309485722,1,1,0.05514676597225258,0.026265425149941082,0,7,3,9,0
98777,2175,12.266404846257764,65.27489533770564,1,0,0.02545049942505337,0.03533985258056214,2,2,3,0,0
98815,2176,74.57544224465502,46.97986499513725,1,1,0.15099648291092746,0.03524130321330111,0,7,4,18,0
98839,2177,122.36588165346515,29.89141480924888,0,1,0.054122808233648234,0.03211538248636422,1,7,4,2,5
98856,2178,85.82348971219628,33.334318559097014,0,1,0.06955479329618669,0.020615138319524037,1,5,4,8,0
98917,2179,84.10479313971238,49.31621047203677,1,1,0.020240503848056826,0.02202357179056312,0,7,3,22,2
98927,2180,9.405958742905597,65.03611345153492,1,0,0.023047702489818488,0.09557602219373455,2,2,3,0,0
98938,2181,8.371992010987817,87.69715129455874,1,0,0.022787883361777343,0.05102650872147251,2,2,5,0,0
99059,2182,168.78861972652146,56.182046924702604,0,1,0.011193156023422104,0.019155772317070916,1,7,4,18,45
99067,2183,3.071010292459235,87.00427374549822,1,0,0.025017685336140884,0.09196860071233545,2,2,5,0,0
99165,2184,63.18863908819206,85.69564434889709,1,0,0.02554195834688901,0.007977086083632115,-1,4,3,47,1
99176,2185,91.93822063204118,5.255739874012503,0,1,0.03635205714744622,0.021287036516699647,1,5,2,0,0
99185,2186,77.15618782343714,35.53980676313071,0,1,0.11726320561748713,0.047401521365751015,1,5,5,0,0
99248,2187,134.66736284370944,71.81401033435887,0,1,0.08925365653412362,0.01589105324414176,1,7,7,7,34
99344,2188,145.15170164265595,56.94115795315922,0,1,0.06380499498103949,0.016052365954875202,1,5,4,11,57
99352,2189,16.421516824275823,75.39420173177541,1,0,0.032131842169514986,0.21054357451953443,2,3,4,0,1
99369,2190,25.767352370961543,64.24229604724812,1,0,0.02068140059162602,0.029658285835214432,-1,4,6,0,0
99869,2191,-1320.0316498259372,6092.128509583767,0,0,0.00664780437705552,0.07677084696330617,0,8,561,54,17
99881,2192,32.886688786531174,72.39482392966545,1,0,0.03954839741408871,0.05048264204626062,2,4,4,0,0
99891,2193,31.642487694450857,56.9562714906602,1,0,0.03356613219005376,0.06845670534211488,2,4,3,0,2
99900,2194,33.17253849269474,70.5773441392129,1,0,0.07478181958734384,0.1421183177622748,2,4,4,0,0
99919,2195,106.54430932331803,33.98451450942377,0,1,0.09470801278824752,0.052518710220107546,1,6,4,3,0
99990,2196,140.0780473843647,46.114524827903296,0,1,0.07535339038167997,0.020434528999856667,1,8,3,46,1
100008,2197,22.094859723827483,77.74541232062674,1,0,0.017306960306434763,0.030781605047069487,2,3,4,0,0
100072,2198,130.67059427579025,111.29063366107675,0,1,0.01706775455974221,0.04911890357890297,1,8,12,4,41
100115,2199,126.95119892729757,27.454016944286472,0,1,0.13206861710017684,0.020638410857319333,1,7,3,11,3
100151,2200,98.8049620817298,33.80540488210523,0,1,0.036954781884100764,0.02046448293547661,1,5,3,22,1
100178,2201,105.74377194044646,37.69868270615278,0,1,0.024242104924623902,0.019813960936840153,1,6,4,5,2
100189,2202,12.979064304617125,96.89796551835042,1,0,0.035682366956188274,0.1096954149489847,2,3,6,0,0
100265,2203,105.1856171521987,118.07494728208252,1,0,0.024564276214488194,0.03297886877485832,2,7,5,1,0
100273,2204,17.76089057219242,75.83416459243048,1,0,0.033159194443459626,0.1807918060537672,2,3,4,0,1
100287,2205,76.59685102494318,23.93141583454946,0,1,0.026771748209745184,0.02145681209324857,1,4,3,0,0
100457,2206,132.95263048519328,137.12964941819757,1,0,0.0415275498136496,0.024261134955460652,-1,7,5,44,1
100558,2207,111.12018353916349,83.24384252254606,1,0,0.038018241608112305,0.014801159314886889,-1,8,3,45,1
100618,2208,109.29087833704858,48.27280328178901,1,1,0.08625594587081764,0.027853039831581904,0,10,5,23,11
100629,2209,42.16982258998045,66.86401166412335,1,0,0.026079801594391692,0.08754181528650061,2,5,4,0,2
100663,2210,68.32824337103244,25.816726800807462,1,1,0.04634014995246544,0.056154024331577866,0,6,3,4,5
100697,2211,96.45713999885197,64.56749664818518,0,1,0.026960324667992103,0.01837499114222602,1,6,6,16,1
100731,2212,117.65881853861192,48.66663976352656,0,1,0.03660526057992178,0.020929408957818686,1,7,5,10,0
100739,2213,8.773699933185991,62.735143114006334,1,0,0.025313959691199716,0.08500932117230968,2,2,3,0,0
100750,2214,10.245250826378204,64.89705141150353,1,0,0.015410760173843052,0.0705543131816656,2,2,3,0,2
100772,2215,54.82351966835996,108.4401777911317,1,0,0.054988792431079875,0.06927469562946863,2,6,7,0,0
100792,2216,108.51033537104968,27.59372066826054,0,1,0.08323459047299372,0.052066534468651816,1,6,3,4,0
100846,2217,98.17053726234371,51.7200526767856,1,1,0.029406201975449367,0.01899554160668018,0,9,4,26,0
100857,2218,6.567688296897638,90.01183221958797,1,0,0.02624161087471831,0.12966783381826935,2,2,5,0,0
100899,2219,84.27508216028266,56.31120965871919,1,1,0.04214275626963887,0.022561776778890364,0,8,6,4,5
100920,2220,102.30477308489584,106.68545908291124,0,1,0.08170246161846517,0.037384902658318765,1,8,12,6,0
100953,2221,124.00270884005359,36.02025148494582,0,1,0.06605322018204512,0.02021956545369492,1,7,4,8,6
100963,2222,15.322180069344085,83.6925216345703,1,0,0.02520592796442045,0.08017845318759015,2,3,5,0,0
101005,2223,52.69404624863638,65.60476640535579,1,1,0.14391982603440207,0.02380212313080925,0,5,5,16,3
101096,2224,149.01750144316514,76.90672662513036,1,1,0.04207600382243587,0.01987453159214016,0,11,6,15,29
101144,2225,138.33142887271094,42.74791399205475,0,1,0.13073731187855114,0.020823172388422392,1,8,4,8,0
101156,2226,91.83094337122701,24.55978410871568,0,1,0.046651180024271766,0.0325511561943709,1,6,4,0,0
101173,2227,7.400235860845491,247.26329414298462,1,1,0.035537205691172254,0.3766045953895618,0,6,21,1,0
101218,2228,54.32353587922798,67.12111990870802,1,0,0.06347172130808515,0.019397272172344254,-1,5,4,12,1
101226,2229,95.7064243742828,4.232726280573434,0,1,0.06315965071987736,0.03955618833033518,1,6,2,0,0
101259,2230,-66.23604997128307,535.9712606145375,1,0,0.03377295825120879,0.2612086314356745,2,4,42,2,0
101351,2231,-171.18134193548786,1435.5561368915844,0,1,0.03691437159476878,0.12820700155700424,1,14,134,32,0
101403,2232,124.4153075129872,64.98912127133173,0,1,0.02549186435139968,0.016349719719629383,1,7,5,24,0
101454,2233,-112.51269304842096,814.550776702022,1,1,0.027292642142810613,0.30091369847305155,0,6,68,6,0
101486,2234,53.61681722302792,63.389954779362625,1,1,0.0864696083325848,0.03487767532196718,0,6,6,12,0
101588,2235,88.87339643524874,79.59441497523038,1,0,0.01630813089846833,0.010042711626802023,-1,7,3,54,6
101624,2236,73.84605302708233,54.57604157963115,1,1,0.0796030636949891,0.019170121968744024,0,8,6,10,2
101634,2237,6.606938995930115,84.67866903029989,1,0,0.011778727256125651,0.089459703011852,2,2,5,0,0
101643,2238,70.71751491454533,31.277345651346792,0,1,0.16494618963021562,0.052811396413598305,1,4,4,0,0
101667,2239,55.8396159258438,44.818927689959835,1,1,0.08437801414961495,0.0291700530789764,0,6,4,9,0
101689,2240,84.88670462170808,29.914523310943274,0,1,0.04163061010915936,0.032844917972810556,1,4,3,4,1
101697,2241,81.46560083936075,24.51345536100491,0,1,0.09967024837083618,0.033076702588753205,1,5,4,0,0
101765,2242,-154.2331498022453,1019.5026285617208,0,1,0.08240730924969454,0.1389849341693247,1,6,94,44,0
101809,2243,140.47010052439168,46.60541398822228,0,1,0.12104679881101615,0.029264462328035055,1,8,6,2,29
102309,2244,-1660.544830840809,7304.729409776846,0,0,0.002894256761614873,0.0934283322578623,0,8,673,51,13
102809,2245,-1523.4293968688678,6817.672707007919,0,0,0.002581360877009737,0.07833972601485831,0,9,631,26,5
102816,2246,12.537669733429993,87.48226959222336,1,0,0.04009235486721569,0.18367722072773707,2,3,5,0,0
102829,2247,38.347893791226475,92.37319595728454,1,0,0.029125317667105247,0.08185987439614942,2,5,6,0,5
102849,2248,99.25625666046594,47.60182502222909,0,1,0.05825727865908712,0.024170381858948604,1,6,5,5,0
102877,2249,61.12552080350352,36.05977358216836,1,1,0.22412552012290393,0.015504497280386467,0,7,4,20,0
102902,2250,91.13804976676091,48.44761383556066,0,1,0.06257997131389345,0.024028311290552787,1,5,5,6,0
102910,2251,16.16123466669814,72.28108680937962,1,0,0.049451859826563284,0.1313979386375059,2,3,4,0,0
102925,2252,44.33803918743534,57.28706217097115,1,0,0.015913496207205502,0.04413791229853413,2,5,3,0,0
102933,2253,26.562737725219996,74.08756950412172,1,0,0.044973167575065025,0.24039688828134761,2,4,4,0,1
102952,2254,111.70959639634924,28.513241215701992,0,1,0.04075651873188933,0.030391462385713153,1,7,4,0,0
102961,2255,26.039496648329266,81.52799033128406,1,0,0.028361910728947688,0.13209147733548113,2,4,5,0,0
102992,2256,61.384098884115005,45.82799531831486,1,1,0.08688984844657635,0.03082029538929803,0,7,5,9,1
103007,2257,91.15011728732406,57.601499691362505,1,0,0.07339855732823647,0.06382318398748948,2,9,4,0,0
103507,2258,-1992.1796553981244,8472.44637266867,0,0,0.0026625255794205617,0.11002512696460541,0,9,784,40,0
103601,2259,179.89223786349868,63.8867593885208,0,1,0.015029002692142548,0.015908293167589193,1,10,4,36,16
103633,2260,94.97312364545122,45.03131340508171,0,1,0.045384829519651615,0.020302797775038437,1,5,4,14,3
104133,2261,-1620.393044033796,7131.376832809214,0,0,0.002697956393445271,0.09976749105600641,0,7,652,34,11
104140,2262,8.356113406539357,62.73165405265776,1,0,0.029603440105986263,0.06267069257155962,2,2,3,0,0
104155,2263,43.29708784701431,71.67140272196566,1,0,0.03700017694291091,0.04584975584341175,2,5,4,0,0
104166,2264,17.63312102014164,71.3076052591786,1,0,0.017597559189802624,0.04005685515950899,2,3,4,0,0
104174,2265,83.25761053842552,14.721484142428015,0,1,0.05918642746498538,0.02498748814975782,1,5,3,0,0
104182,2266,13.224057531932761,56.76551006013139,1,0,0.03094408631079621,0.041927365420217806,2,2,2,0,0
104192,2267,9.830628184966912,65.26111381496034,1,0,0.027889547332137693,0.06595497282268975,2,2,3,0,0
104209,2268,122.77286617460999,25.19012759987245,0,1,0.09317170864331759,0.022077003141878108,1,7,4,1,0
104221,2269,23.32008482939178,62.68595980687591,1,0,0.02460623882475939,0.04440932162517297,2,3,3,0,0
104230,2270,19.67792435089229,74.54700003843895,1,0,0.04370583587760559,0.13659468026514193,2,3,4,0,0
104237,2271,18.323496127681288,72.22276161029743,1,0,0.03744697199642414,0.12352945214765033,2,3,4,0,0
104244,2272,15.79041516473971,71.37193650464101,1,0,0.029667226897252603,0.1056568973884499,2,3,4,0,0
104267,2273,101.19093991269365,85.8558744070261,0,1,0.027885735544416014,0.04303618062332539,1,7,9,1,0
104274,2274,17.356830914060126,71.48214306932726,1,0,0.04405788129585925,0.08991297728321065,2,3,4,0,0
104282,2275,27.079991170271846,69.36458691046667,1,0,0.0435950631775061,0.0756880195429543,2,4,4,0,0
104311,2276,89.04978103338603,26.551909207738465,0,1,0.052724583198212695,0.01844831285518039,1,4,3,7,6
104360,2277,154.34464175192514,44.66388625160259,0,1,0.02749333673149781,0.027969494155108805,1,10,5,20,17
104388,2278,106.07615052529376,27.14614659800306,0,1,0.05478815388377071,0.028670949439937223,1,6,3,14,1
104398,2279,75.80792398667835,18.559727854936316,0,1,0.04013980046905154,0.025847768225258673,1,4,3,0,0
104413,2280,32.24646261594941,71.38849580015797,1,0,0.0274563107483354,0.04036597875112998,2,4,4,0,0
104913,2281,-1991.4422694149587,8602.258558975092,0,0,0.013612405062593477,0.11715872687248013,0,6,791,7,2
104921,2282,81.07838447036008,24.084451300915646,0,1,0.17875430978228096,0.04701562349554075,1,5,4,0,0
104929,2283,15.458095449598488,88.73571169052057,1,0,0.02967852411332971,0.20422860628120085,2,3,5,0,0
104979,2284,88.25639524667272,57.77737266243051,1,1,0.040807800382723976,0.022116051204508432,0,8,5,9,1
104997,2285,101.44451602334703,28.65559441276801,0,1,0.07474707883143082,0.03865978269992658,1,6,4,4,0
105006,2286,72.14144027296283,21.271075345356095,0,1,0.11522872884165647,0.030493743581952053,1,4,3,0,0
105014,2287,12.979454890968388,88.04581098816686,1,0,0.029521039808073732,0.21968923922893946,2,3,5,0,0
105026,2288,10.622448844632512,64.17545815355687,1,0,0.011726468944861646,0.03116715755566012,2,2,3,0,0
105035,2289,92.87833524609039,23.97050481478284,0,1,0.2463908051143925,0.040237460836887964,1,6,4,0,0
105049,2290,83.4854063107602,22.833054296385697,0,1,0.05127163508107647,0.024548170788979046,1,4,3,0,0
105092,2291,98.75379254712507,81.04445228615691,0,1,0.10402231943658005,0.017855248403211746,1,5,7,3,0
105103,2292,29.363972378836294,82.50514692892355,1,0,0.03643756453496872,0.16238339802807616,2,4,5,0,0
105124,2293,128.0103247352401,29.654454245980922,0,1,0.030529848626270045,0.029628606397377754,1,9,4,0,0
105131,2294,86.83637205951129,6.639427144112965,0,1,0.11268931114221936,0.04151854286651794,1,5,2,0,0
105141,2295,90.82757519261023,38.367438316779094,0,1,0.09645293150402416,0.041696803143732905,1,6,5,0,0
105167,2296,105.63966316571705,20.746879359214816,0,1,0.051975436577855305,0.027686893722075615,1,5,3,0,16
105266,2297,153.387416679503,87.51002963080629,0,1,0.021648012142508447,0.022950421605102467,1,6,4,13,0
105277,2298,25.723770075956867,92.13258940055158,1,0,0.03917303465199534,0.06151321329165916,2,4,6,0,0
105312,2299,114.52672083108169,40.63267122266187,0,1,0.03431759472538417,0.01676971326004457,1,6,4,5,0
105346,2300,112.13050103635882,41.46443708142358,0,1,0.05244548774788943,0.03226904456210022,1,6,4,10,3
105355,2301,16.73967990176332,83.02316849754635,1,0,0.025579215615811775,0.06769700259415551,2,3,5,0,0
105371,2302,91.14544446059881,59.16401052105299,0,1,0.05901388599736134,0.04452425406626198,1,6,7,1,0
105380,2303,25.81625228332957,68.78142438339097,1,0,0.02999203812560764,0.1377507307680328,2,4,4,0,0
105389,2304,3.4367165452396,84.77742430996264,1,0,0.01886547417340777,0.0770400284315623,2,2,5,0,1
105398,2305,14.501264228510614,80.1129377284769,1,0,0.019892814578400395,0.060607126047496546,2,3,5,0,0
105898,2306,-2228.0854830046833,9164.071443541765,0,0,0.001238657184811124,0.10366699806910389,0,4,858,0,40
105908,2307,22.262150481214192,74.03438700405158,1,0,0.049093789645630714,0.16918079717589335,2,3,4,0,1
105981,2308,146.20329899270675,61.90901386160368,0,1,0.1503284513692776,0.016842247945019092,1,8,6,17,28
106017,2309,92.5140519409224,82.47386655337189,1,0,0.06456856807095032,0.023500240260419,2,9,4,8,1
106037,2310,86.94334562180624,96.74310666186526,0,1,0.061617907191816854,0.18197151836291275,1,6,9,0,3
106045,2311,14.20249636273111,84.07126543203533,1,0,0.02603345910227149,0.09357204629273691,2,3,5,0,0
106545,2312,-1877.0628957591268,8302.299063877415,0,0,0.0023569638500059113,0.11095983073025041,0,12,770,27,51
106562,2313,87.68659644607521,142.74435331633794,0,1,0.04664752594641572,0.18712979263914367,1,8,14,0,0
106571,2314,7.781469772764687,84.80281595160757,1,0,0.01814923120076654,0.05451517682341228,2,2,5,0,0
106578,2315,84.8740049108862,15.364647528213867,0,1,0.20801824830210483,0.04619308956229817,1,5,3,0,0
106592,2316,85.74084650952364,28.408336793840657,0,1,0.05471822563365796,0.02967209941816138,1,5,4,0,6
106620,2317,131.97109078571,28.410915791416574,0,1,0.04616771282931731,0.0313673842497885,1,8,4,3,6
106677,2318,69.92640359051794,129.51374933884279,1,0,0.030975338318200565,0.018638226474090934,2,5,5,3,0
106725,2319,81.53063861214424,96.85318702727182,1,0,0.08217387309695419,0.017970822980416315,2,8,4,36,0
106734,2320,32.84353786255132,61.113122604708465,1,0,0.027341656872977613,0.02664077355436774,2,4,3,0,0
106758,2321,76.58652458410823,39.5970567774465,0,1,0.03208992401893005,0.017215130080082408,1,4,4,0,0
106777,2322,88.38698427010576,22.850427395302727,0,1,0.059606496537332306,0.020115642710236203,1,4,3,0,0
106803,2323,101.74921720551887,26.06592192536713,0,1,0.0636423304523979,0.034925723539852786,1,5,3,5,0
106816,2324,16.645217450132115,56.77358001001497,1,0,0.016070206725666454,0.031533099572899514,2,2,2,0,0
106830,2325,107.16115686417979,27.626492652628567,0,1,0.05433505957877717,0.04839059184546706,1,7,4,0,0
106837,2326,84.26369122657222,6.683459866639403,0,1,0.1374478008414562,0.03752476939081752,1,5,2,0,0
106846,2327,89.22216967183888,2.754364917001915,0,1,0.04574012659895645,0.0288481968500733,1,5,2,0,0
106882,2328,50.827469851848086,51.704948109749715,1,0,0.04262583353565153,0.015703321295022735,-1,5,3,10,4
106901,2329,124.5820895589519,11.652845486796139,0,1,0.04432571001389211,0.023927882837213376,1,8,3,3,3
106919,2330,84.43472468931549,28.013186543327166,0,1,0.03984882567167485,0.025663828099327386,1,4,3,0,0
106926,2331,65.4643661424966,9.841302337695847,0,1,0.1139831660087242,0.0731560665857202,1,3,2,0,0
106954,2332,92.04685122675694,48.011251281170416,0,1,0.036806108549543096,0.02764253325972891,1,5,5,2,7
106964,2333,71.00926451025201,41.98026279371095,0,1,0.06938264636692755,0.055141561013718254,1,4,5,0,0
106970,2334,8.932063310943555,63.981374330589304,1,0,0.03241841582509991,0.12494821564978327,2,2,3,0,0
107470,2335,-2228.6144403310905,9287.023160889526,0,0,0.0009344534658204711,0.12063817146540325,0,5,862,5,24
107497,2336,111.72280896737536,51.93698302254698,0,1,0.06565266939111754,0.03278264014379607,1,7,6,3,4
107510,2337,90.3796417068249,9.626944107240782,0,1,0.10644834652393231,0.01500053609872671,1,5,2,0,0
107536,2338,44.341653615076865,40.34919071301932,1,1,0.05554857594932693,0.017500436519760125,0,5,4,11,3
107545,2339,13.369987468566755,65.63728558053465,1,0,0.023969276787197947,0.025983909327798916,2,2,3,0,0
107567,2340,63.86782423810915,183.13142892334898,0,1,0.04135936076940035,0.15578193720650735,1,7,19,7,0
107814,2341,189.09298107232172,224.2991065003365,1,0,0.005251187044126934,0.013592785549262857,2,8,6,8,0
107824,2342,85.53780487053575,28.81891655076775,0,1,0.04448604530890371,0.037194282189176996,1,5,4,0,0
107833,2343,13.473771521347471,93.35915901487446,1,0,0.040542011190465715,0.08884236077016301,2,3,6,0,0
107843,2344,18.057620065133225,73.3669021508929,1,0,0.03841989594682198,0.10432345853614174,2,3,4,0,0
107890,2345,94.29518190475568,85.62700335902564,0,1,0.025562642283766927,0.040823217713310336,1,5,7,16,1
107901,2346,19.701595032876902,63.568223601882714,1,0,0.025004560972842236,0.031775424093681365,2,3,3,0,0
107913,2347,111.05876543660544,23.302574494442727,0,1,0.20419701618081734,0.03155317209092834,1,7,4,0,3
107923,2348,69.40101400590217,30.124263395251617,0,1,0.13700627377610816,0.03239900457653847,1,4,4,0,0
108063,2349,157.75829920278093,110.45697682690262,0,1,0.0405052922286181,0.012063922560724333,1,6,4,55,11
108093,2350,53.22351443831259,60.19820956872771,1,1,0.08786568125564828,0.021290228544508624,0,6,5,15,0
108114,2351,85.62600305080551,27.891969559938577,0,1,0.05267992624453178,0.023550253888766044,1,4,3,6,1
108614,2352,-2012.5834675191632,8629.807154844646,0,0,0.0028968874158695934,0.11343243473557722,0,9,798,43,1
108753,2353,117.63520298946017,149.1446628665116,1,0,0.016479098016927016,0.009048771547444953,2,7,3,50,4
108774,2354,116.08711681924522,30.639268456667264,0,1,0.05163427093684383,0.021755000825233767,1,7,4,0,4
108796,2355,91.52174459063843,37.81657411987396,0,1,0.2844439904436068,0.0674068595667012,1,5,4,8,0
108826,2356,89.32853642599345,88.9763649241711,0,1,0.2166072760805471,0.060863638480198136,1,5,9,4,1
108854,2357,115.27776368236063,29.308501359349904,0,1,0.0821135666421161,0.02445274866658133,1,7,4,5,5
108890,2358,116.01977176100425,30.34479147293706,0,1,0.13538742970421452,0.016446828424636184,1,7,4,11,4
108956,2359,112.88790658891165,235.14513920077854,0,1,0.053416139514782204,0.09998043884276962,1,9,22,6,15
108966,2360,109.09313479297211,25.752337123679137,0,1,0.20000936195293173,0.059743939394501636,1,7,4,0,0
108977,2361,55.44419814989982,44.79498801684071,0,1,0.07939510050409826,0.049668917006510334,1,3,5,0,0
109049,2362,144.5907555654619,46.56730046814696,0,1,0.013103281930743988,0.014203099696652535,1,8,4,16,24
109111,2363,169.74766027405371,26.503807614934228,0,1,0.019568821185113522,0.014298964870888586,1,10,3,12,26
109123,2364,68.66641330973212,55.55423727863263,0,1,0.03515885139060689,0.05581523324510788,1,4,6,0,0
109623,2365,-1720.585985777252,7604.425403618799,0,0,0.01915117701093402,0.07815687812219284,0,14,713,5,0
109641,2366,96.38085582329596,30.87479520014718,0,1,0.02452349104587907,0.02360217417966287,1,6,4,1,0
109705,2367,200.06796882034064,61.23157511721324,0,1,0.036806698186969265,0.025153976087162747,1,12,4,10,5
109720,2368,85.9993238478361,32.45218697488147,0,1,0.0738935902453686,0.041345880171844526,1,5,4,0,0
109757,2369,117.93438930640801,62.046047833205016,0,1,0.04168673125886019,0.01640165097598097,1,8,6,21,0
109781,2370,78.9163472055748,35.64301590006862,0,1,0.02182496592888197,0.024419885709488793,1,4,4,2,7
109840,2371,136.3902559644764,56.03599472681021,0,1,0.03838206252375288,0.01582949569731228,1,8,6,17,33
109852,2372,94.0995046392497,27.880112144046713,0,1,0.0760335499393725,0.049342271128983324,1,6,4,0,0
109962,2373,177.91764776347003,66.96824701019695,0,1,0.01221973021525966,0.01191827965782999,1,9,6,29,52
109986,2374,92.23093307510298,51.89108064926579,0,1,0.09231035856122012,0.022464881943102824,1,5,6,2,2
110000,2375,77.24513602427223,48.421123846946465,0,1,0.04788880952623666,0.02702458666801236,1,5,6,0,0
110018,2376,87.62018806766153,22.589681825092974,0,1,0.07128389437825779,0.022749417186766374,1,4,3,0,5
110182,2377,159.87746493840808,154.2966241210039,1,0,0.032027450030186116,0.012015904125203427,2,11,6,60,26
110194,2378,-3.667910817276846,79.18234651919022,1,0,0.010436158245378288,0.036132200068875686,2,1,4,0,0
110694,2379,-1871.0796393251453,8000.380198655046,0,0,0.008343356310546389,0.09573087322258739,0,6,744,17,0
110700,2380,76.72455349041358,7.9509000682233175,0,1,0.1435111248892428,0.10620668019601465,1,4,2,0,0
110764,2381,35.33449636425284,130.3205902974798,1,0,0.09397163853959191,0.018432723774508494,2,4,6,41,7
110844,2382,134.13413550174764,153.01213445066566,0,1,0.027019296862650626,0.06625492756038873,1,8,12,26,19
110879,2383,112.76220663978688,26.681884674122184,0,1,0.034944028066833645,0.024450707398361787,1,6,3,10,5
110892,2384,83.83793816792159,13.440344585874879,0,1,0.05116612640964954,0.024196934807230078,1,5,3,0,1
110979,2385,101.1426245273975,62.44137328650823,1,1,0.06997417559459718,0.013392580358173003,0,8,5,32,27
110990,2386,9.810632534906635,75.65777480690117,1,0,0.02158488694495816,0.03118637372616195,2,2,4,0,0
111066,2387,150.29554295710454,58.68418437985228,0,1,0.06434288369447523,0.008876327847227085,1,8,5,26,24
111107,2388,67.50481102753551,22.92301254042828,1,1,0.11593257507100539,0.022427010314601585,0,6,3,21,24
111179,2389,116.04942991791519,134.92910865973386,0,1,0.08174030085475055,0.025933739751895793,1,8,12,35,18
111231,2390,97.38584995072628,46.32518846015776,1,1,0.02886959974484284,0.029714217870596023,0,9,4,21,3
111244,2391,23.806135314267184,64.21853406555232,1,0,0.027595601848221032,0.04578306860903268,2,3,3,0,0
111266,2392,103.673707277076,24.13622491099994,0,1,0.039874641739698534,0.030012017029316298,1,6,3,5,0
111281,2393,100.91998708302675,25.860420518554665,0,1,0.07752995875591014,0.032081102815893096,1,6,3,0,0
111363,2394,161.11220206082413,33.90171331182792,0,1,0.06606592062842222,0.0095638597436348,1,8,4,13,56
111375,2395,98.17954510418602,31.16937854258354,0,1,0.0862899304505912,0.06608045006601769,1,6,4,0,0
111398,2396,93.26610176644569,28.854143927719853,0,1,0.04308099460250703,0.019788330484043767,1,5,3,9,0
111898,2397,-1913.0187471617023,8183.374354822928,0,0,0.0020546810158880726,0.10656680476377492,0,6,756,9,6
111990,2398,146.87355947686981,83.0862060726821,0,1,0.025056981349389586,0.019313061520370333,1,8,6,25,27
112017,2399,78.3868797767859,34.04026361056107,0,1,0.0364734193552455,0.020751640165581318,1,3,3,4,1
112125,2400,166.03779832193155,99.47880819262336,0,1,0.055093308873614216,0.022280704020425705,1,8,8,28,48
112191,2401,122.48388189623125,48.80400458488752,0,1,0.051001401969094265,0.011376292592691538,1,6,4,19,16
112216,2402,31.811969979793655,57.98366899939422,1,1,0.0602331431864835,0.034721088460969246,0,4,5,11,1
112244,2403,121.80813953213033,52.57601598003152,0,1,0.05747995612891843,0.047829091082820116,1,8,6,4,0
112283,2404,44.545479480574244,156.03681221868027,1,0,0.13661602267680992,0.03624371427097102,2,7,11,22,8
112293,2405,5.4187356797346204,86.01043774081124,1,0,0.03646726481253428,0.06036849649115854,2,2,5,0,0
112302,2406,30.239048771455888,69.85524711085257,1,0,0.05774506439942438,0.17092105918903064,2,4,4,0,0
112411,2407,134.02414272852718,157.08570434447822,0,1,0.012022021852029812,0.027976328309860778,1,8,14,38,55
112419,2408,16.54407633840744,82.65827116853183,1,0,0.031169356554181606,0.049079380127484785,2,3,5,0,0
112435,2409,88.51336624390042,24.82598970571023,0,1,0.10275955543685314,0.0636830750301113,1,4,3,0,0
112475,2410,66.96648996404417,65.94924122972034,0,1,0.03770715847921215,0.022466337029696644,1,3,5,32,0
112483,2411,18.47040005276244,60.3454765484194,1,0,0.018190075278906752,0.05878869207367895,2,3,3,0,0
112510,2412,100.4975350787264,61.47024723350711,0,1,0.03317501038322628,0.02410451055143584,1,6,6,5,2
112552,2413,47.61862506629521,88.62710939805105,1,0,0.026650356920456048,0.024155304860063082,-1,6,7,20,0
112560,2414,27.33932160556931,69.13441215397535,1,0,0.050230030161706435,0.06651750263800375,2,4,4,0,0
112570,2415,14.114152280178587,84.27651248697848,1,0,0.0335435292282749,0.06653190446981709,2,3,5,0,0
112592,2416,93.37558252158286,38.473200123077916,0,1,0.28436464269937134,0.03525789673332434,1,5,4,10,0
112644,2417,151.7464664037929,83.06481207429667,0,1,0.046582318141400285,0.038476654579397085,1,11,10,19,24
112696,2418,72.13438603666245,92.56341676314324,1,0,0.06739057256800585,0.018973554312120812,-1,8,7,27,4
112709,2419,27.611026564371628,81.67559740188322,1,0,0.0235735823576303,0.05810025170165082,2,4,5,0,1
112755,2420,71.09875625405529,56.73098028772596,1,1,0.029984534786300972,0.021476125534561838,0,7,5,22,5
113255,2421,-1994.0321117115243,8585.102394176964,0,0,0.0029821590231570065,0.11624044004319707,0,11,795,46,46
113317,2422,136.7321871254368,42.39185630921693,0,1,0.020797849347710652,0.018260407092899895,1,6,4,5,25
113327,2423,14.130754486329746,81.40145607436375,1,0,0.02880495608336551,0.14970204232777867,2,3,5,0,2
113362,2424,96.49639271709333,37.91550921451854,0,1,0.03712467374379359,0.018818533565283093,1,5,3,20,1
113396,2425,61.875504171756845,54.225547481540346,1,0,0.08296920544328057,0.01616207043621781,-1,6,3,10,0
113406,2426,3.6891385865667132,85.28635924816452,1,0,0.018649151363855115,0.05604653064748248,2,2,5,0,0
113460,2427,166.60649366724073,29.566859152679164,0,1,0.028639346316136027,0.01622091914150673,1,10,3,22,10
113476,2428,98.65806738187497,40.40293204725022,0,1,0.09478622519368851,0.032784459535730226,1,6,5,0,0
113520,2429,67.8456841375304,78.84182654464428,1,1,0.05119499740127173,0.017433048218012167,0,7,7,11,0
113529,2430,74.86403373596004,19.84431889739671,0,1,0.02886427114596526,0.018100572250440868,1,4,3,0,0
113539,2431,18.00259572834851,82.61160647577533,1,0,0.021088557524707424,0.026796511205488722,2,3,5,0,0
113592,2432,92.71197453589642,38.39625261800127,0,1,0.0304136453303487,0.012074639768661948,1,4,3,22,22
113625,2433,111.3247817531049,30.46313104016196,0,1,0.04060333965343561,0.026119087688326346,1,6,3,11,7
113661,2434,88.74553567688125,59.76055160370734,0,1,0.03179892778214165,0.015486524995187802,1,5,5,16,0
113698,2435,113.46065365381853,55.12267092696791,0,1,0.048527330926648786,0.01882790383556032,1,6,5,5,0
113731,2436,-73.62705725916726,530.6700204440689,1,1,0.03394599206251829,0.3504610869461312,0,3,43,0,0
114231,2437,-2084.445732676086,8829.346955052664,0,0,0.002188673782392564,0.11275781510005997,0,10,820,18,29
114258,2438,84.23880392873555,47.910584640152024,0,1,0.25421877087999883,0.03358912909150009,1,4,4,10,0
114315,2439,74.64610156837193,59.97791785100393,1,1,0.086631435133474,0.018499328762581715,0,7,4,32,0
114343,2440,18.157198080989474,134.46400129773565,1,0,0.023583890952881926,0.05517306192519989,2,3,9,0,10
114427,2441,95.82031036460745,82.51868889686841,1,1,0.08343235539273408,0.017821984079637317,0,8,5,36,4
114459,2442,95.95747902454836,35.369729019340355,0,1,0.014772849375653317,0.02951122791168113,1,5,4,2,15
114468,2443,85.372180644169,4.55317074810276,0,1,0.16182034313863125,0.017260451018737945,1,5,2,0,0
114500,2444,51.935459977648726,49.907561782169054,1,1,0.09381440575563663,0.020956328093066072,0,5,4,13,8
114571,2445,-116.81390184581909,910.0226902588926,1,0,0.03120798262746951,0.14594038343811477,2,7,78,11,3
114605,2446,80.11043778749652,55.06049850186308,1,1,0.05212215908172373,0.02388006318995226,0,8,6,5,0
114668,2447,126.76310094590286,52.24108460173095,0,1,0.08312569229815284,0.01455246946634032,1,7,6,29,39
114688,2448,109.4055313670938,40.24617917946689,0,1,0.060920475905833514,0.025228903287367092,1,7,5,5,0
114705,2449,83.33618258330003,36.340026133188516,0,1,0.07070780779577332,0.036506898258327786,1,4,4,0,2
114813,2450,157.0331142473512,94.03045171044236,1,0,0.05705261493243495,0.013659225900280047,2,11,4,9,40
114839,2451,92.47843582584107,53.65051104961012,0,1,0.049556891854111954,0.02030273741904339,1,5,5,10,0
114911,2452,84.18594739738083,80.3866560540776,1,1,0.03739585498748495,0.01507834592852858,0,8,6,32,0
114918,2453,73.31906747877443,13.44006783833408,0,1,0.09442213418212596,0.0481839793094957,1,4,3,0,0
115026,2454,-116.13810855019909,856.8067246384473,1,1,0.05902809435303751,0.06053348766934671,0,6,77,37,3
115049,2455,98.52958381799873,62.29067673394716,0,1,0.023970032688203146,0.016523958259820514,1,7,7,2,0
115058,2456,74.31784184427673,10.195817782938587,0,1,0.016056744077679833,0.007131830414527664,1,4,2,0,0
115066,2457,18.58915091006735,73.00637110314226,1,0,0.03044139015350785,0.045893714751817846,2,3,4,0,0
115088,2458,79.719839146219,142.69484195481232,0,1,0.06719979198790171,0.062314348001424796,1,7,15,2,0
115117,2459,94.41751297622545,60.48001805545978,0,1,0.022500345675164676,0.034048249559706,1,6,7,0,17
115160,2460,138.42076438942223,58.63163242715489,0,1,0.05167770292645781,0.01688984782602272,1,9,6,14,0
115170,2461,72.5994634772357,15.857151481602028,0,1,0.046138249202586835,0.024614055145598605,1,4,3,0,0
115320,2462,232.78632565923053,116.18715906256423,0,1,0.031659966467529985,0.011950076464240499,1,12,7,44,44
115330,2463,25.658528244229608,62.101237572247925,1,0,0.017772526719457317,0.019725140465524718,2,3,3,0,0
115345,2464,26.81666953608928,107.44556482270124,1,0,0.020237903094263574,0.07755308328074183,2,4,7,0,3
115395,2465,136.78269496004708,125.31986359820667,0,1,0.02283993471060501,0.06073555732815196,1,10,14,11,25
115410,2466,73.80221100765755,3.797839073808454,0,1,0.059350650272740675,0.002626259214851615,1,3,1,7,0
115423,2467,85.04517660023375,46.561241063344696,0,1,0.05192965882408854,0.03049148791438786,1,6,6,1,0
115485,2468,122.08737939585845,49.22100470299171,0,1,0.030117606824904802,0.013923362039689491,1,6,4,15,18
115498,2469,34.87517276505271,84.22600267659095,1,0,0.045026224369456816,0.06576788235002938,2,4,5,0,0
115509,2470,64.52846871038592,24.095576091730706,0,1,0.07956211839495321,0.01286128709692529,1,3,3,0,0
115522,2471,83.45038140471044,48.35102050435198,0,1,0.12674329787557365,0.028714779433443048,1,5,6,0,0
115537,2472,75.96335367179114,22.967290383516136,0,1,0.030303701767859268,0.017778736939785936,1,4,3,0,0
116037,2473,-2056.509161251546,8773.1924208236,0,0,0.005555043797156289,0.11202298227397649,0,10,814,19,24
116044,2474,61.78294911075208,4.869173915230633,0,1,0.04113619729892918,0.007836278890274495,1,3,2,0,0
116061,2475,82.09942421419547,25.529213626689632,0,1,0.06919846271021396,0.02057571641406697,1,4,3,5,0
116100,2476,107.01768834216222,41.9507030113803,0,1,0.029091994170143815,0.017657501267063943,1,6,4,18,0
116111,2477,70.52759632091961,29.894160552532412,0,1,0.04686539140620302,0.02459505970071183,1,4,4,0,0
116138,2478,45.62012968933681,45.43526170155457,1,1,0.24730383738262476,0.028823898899638718,0,5,4,10,0
116166,2479,103.52683835997003,45.762215118856126,0,1,0.04124503606129015,0.024354217802495387,1,6,4,13,0
116214,2480,92.37924125406991,65.50890166485917,0,1,0.03231324798212742,0.03356053452622973,1,4,6,11,15
116224,2481,48.081855529182974,36.84255502228058,0,1,0.03132628445453793,0.01610908579597839,1,2,4,0,0
116250,2482,83.98827226956696,41.10536212263834,0,1,0.21480278402188344,0.02265465542594203,1,4,4,12,6
116361,2483,136.54245983939626,84.97334817495586,1,1,0.05064343315498234,0.012656551426979818,0,8,5,23,24
116372,2484,-3.119335044470045,78.52127834385577,1,0,0.007215000062621763,0.03828637991251831,2,1,4,0,0
116484,2485,113.17224245925095,135.33245185301175,1,0,0.011101050662865498,0.007070623228042162,2,8,5,45,0
116502,2486,69.01145887452435,28.16378955652494,0,1,0.032607683440338424,0.01857452019394757,1,3,3,0,1
116532,2487,97.51469118395374,33.88377719108741,0,1,0.025040394274067637,0.0130279609903094,1,5,3,9,0
116540,2488,63.0667085482462,7.117416392473977,0,1,0.03891885311741471,0.010165962468279034,1,3,2,0,0
116567,2489,10.92236298117285,39.01983816039294,1,1,0.07095981594090978,0.010005917266739682,0,2,3,22,0
116595,2490,94.1330572778799,38.612177293622864,0,1,0.023237027868652026,0.024097167531456725,1,5,4,4,6
116602,2491,65.70998179403429,-3.140158721963573,0,1,0.04017902368697956,0.03191952512652183,1,3,1,0,0
116613,2492,36.066530185473795,67.83148029209453,1,0,0.05459996156809605,0.08809506281584564,2,4,3,0,0
116624,2493,69.18628490833537,10.886100126670602,0,1,0.4776729768789334,0.01886289033408027,1,3,2,5,0
116632,2494,62.65226306989034,8.650054179801934,0,1,0.038943945621223705,0.008966187986748378,1,3,2,0,0
116643,2495,57.20556567359539,8.595895012005151,0,1,0.018149115326900445,0.008397439770575131,1,2,1,0,0
116719,2496,110.86025300410913,93.27447506973837,1,0,0.04079870835325718,0.00990335250520576,-1,9,5,22,3
116740,2497,90.34702120827089,35.70302299423815,0,1,0.03327089744832225,0.020355378869179423,1,5,4,3,0
116801,2498,63.03504259952832,64.36463972855356,1,1,0.06592410219708728,0.020074306368968325,0,5,4,26,2
116813,2499,56.33443502708549,3.1670241740470324,0,1,0.01451843766347796,0.012333226305154536,1,2,1,0,0
116825,2500,69.89119547436044,39.909679247910006,0,1,0.13856498540193044,0.019728907630884102,1,4,5,5,0
116834,2501,67.3858300520592,6.847341969564344,0,1,0.14583327486198597,0.016798424660544497,1,3,2,3,0
116861,2502,112.22984107056112,13.296003479618271,0,1,0.06361148716949921,0.009904648094196845,1,6,2,12,4
116877,2503,90.25819226331465,11.995689710021864,0,1,0.025702437268499002,0.016796133996882616,1,5,2,0,0
116896,2504,80.3057083438355,24.906002397480897,0,1,0.03355579115871765,0.022274061141869042,1,4,3,4,0
116903,2505,61.548728722887226,5.935073153915244,0,1,0.04888548009818993,0.013845787423523622,1,3,2,0,0
116921,2506,68.42544149282098,29.817730030695223,0,1,0.1494029584530285,0.004679263520239956,1,3,3,8,0
116943,2507,103.96150965853117,29.355714545344757,0,1,0.06968001261318706,0.019108787625774868,1,6,4,4,2
116956,2508,53.919430631797795,15.393364552634832,0,1,0.016033541122973352,0.007494274509748592,1,2,2,0,0
116976,2509,81.63809575668725,43.591260101245524,0,1,0.0968874854513164,0.015585736592866436,1,4,4,4,0
116998,2510,97.26991676962885,15.87342657029288,0,1,0.06121355024433883,0.0209305132384309,1,5,2,9,5
117008,2511,58.12671379316053,3.9283715554303527,0,1,0.07544591074309329,0.009518467885988213,1,2,1,0,0
117034,2512,98.06539693529378,31.387479774087062,0,1,0.16733773504151916,0.01921056481624874,1,5,3,9,0
117050,2513,84.11758535071166,27.78607176901709,0,1,0.04223667773315667,0.020615668140237964,1,5,4,1,0
117057,2514,54.433608532079816,-0.37624661385161495,0,1,0.024276890769100414,0.024106792504492682,1,2,1,0,0
117160,2515,164.77938364259515,82.28456095909804,0,1,0.042201444759491696,0.01471516059502824,1,9,7,28,41
117190,2516,39.32262748582822,54.39573110367247,1,1,0.06711781697603265,0.01692347960294106,0,4,4,13,0
117199,2517,53.64843764663996,10.692579850463968,0,1,0.05057749103585875,0.012496587365678338,1,2,2,0,0
117207,2518,62.06154695736012,-7.400363314388244,0,1,0.20999386439555556,0.0005319371900510695,1,2,0,0,0
117215,2519,57.56661651581908,0.5902554993767986,0,1,0.34052579719497444,0.0029846808977844383,1,2,1,1,0
117224,2520,51.16130999897608,23.31352612733079,0,1,0.1098747879744862,0.017487286781831812,1,2,3,0,0
117249,2521,106.71879526420116,39.68705283435435,0,1,0.04507661608540426,0.01874095725419259,1,6,5,4,5
117257,2522,60.27418864252449,-9.944415377400071,0,1,0.13199109167813533,0.0,1,2,0,0,0
117283,2523,24.073948349529424,54.85629212870047,1,0,0.0679391694714144,0.019120788072608856,-1,3,3,16,0
117297,2524,57.64634710544941,8.762602034212508,0,1,0.02085800210827528,0.006470087825922318,1,2,1,4,0
117305,2525,51.752355203169714,12.15878277993739,0,1,0.037599689546782666,0.0066398017950281794,1,2,2,0,0
117323,2526,67.46137205883318,26.1947611451863,0,1,0.019654055455000857,0.008447540336258871,1,3,3,1,3
117331,2527,55.5967064652118,-0.7412696840484774,0,1,0.0630050414805743,0.002518009813180284,1,2,1,0,0
117831,2528,-2033.761358427754,8293.651471016363,0,0,0.0014428871414187076,0.07705966016164373,0,5,779,39,4
117853,2529,82.0831430330743,36.42159183199395,0,1,0.25896010903169575,0.02331939112753031,1,4,4,11,0
117860,2530,56.76291697158991,8.351407347837688,0,1,0.3681933983181332,0.009806701805381823,1,2,2,0,0
117871,2531,58.50726246654762,10.313429146143957,0,1,0.021185742518124998,0.007790349041000228,1,2,2,0,0
117879,2532,55.50072456520482,0.3632613140994234,0,1,0.052943728424661884,0.004650334246858143,1,2,1,0,0
117890,2533,16.30299664611193,73.21485513471131,1,0,0.040574557268979426,0.03518223324317056,2,2,3,0,0
117898,2534,56.42041782430203,0.9354367548895759,0,1,0.06646792839070469,0.00815157532597784,1,2,1,0,0
117907,2535,3.5506227916904223,84.15884173704922,1,0,0.016757643900697346,0.09358381837647323,2,2,5,0,0
117914,2536,59.494174631067814,-2.357072625576242,0,1,0.4585650945632422,0.0050355853744560985,1,2,1,1,0
117937,2537,64.29779999008836,49.381323232944155,0,1,0.027788623408957085,0.03326710514639983,1,3,5,5,5
117944,2538,57.82895800126455,-13.963329860991267,0,1,0.037351767643013734,0.0011274135829500585,1,2,0,0,0
117952,2539,56.01943318426079,-0.7688895559472968,0,1,0.04619168817439128,0.005345227367404908,1,2,1,0,0
117960,2540,52.66731499792384,10.481130250271455,0,1,0.03288069826042525,0.013286336810463864,1,2,2,0,0
117968,2541,57.90966352521307,0.012577720849758833,0,1,0.11099370265886589,0.006814732247409749,1,2,1,0,0
117977,2542,54.98224524533802,10.004919962192567,0,1,0.027591151406261845,0.013264525850035139,1,2,2,0,0
117985,2543,56.59937912867488,-0.9277919195842177,0,1,0.07086681783607832,0.01406430882240762,1,2,1,0,0
117993,2544,60.515536917841295,3.0664925051516008,0,1,0.2825225746307607,0.006562088050704803,1,2,1,0,0
118002,2545,53.78918457298798,10.990916910256257,0,1,0.06105009457693043,0.011585056674320348,1,2,2,0,0
118015,2546,6.460233619444637,85.68956189619945,1,0,0.013242588811468937,0.08008965483856456,2,2,5,0,1
118022,2547,53.99799062723894,8.219551308218518,0,1,0.1863827482754366,0.017906619885914212,1,2,2,0,0
118031,2548,58.10128994436883,13.727844477998614,0,1,0.06633302241103185,0.010334241042156016,1,2,2,0,0
118045,2549,8.356168415890243,85.78759457263905,1,0,0.010211720184434043,0.07334166118973283,2,2,5,0,3
118057,2550,51.24252524859017,33.60737066216309,0,1,0.0383356663799183,0.00918964854914041,1,2,4,0,0
118065,2551,60.76395650946783,0.14490395121288024,0,1,0.3523644084021685,0.003875947860110126,1,2,1,1,0
118092,2552,101.89337781882818,74.34200234341219,0,1,0.07454399160280009,0.043898026783614964,1,6,8,0,12
118102,2553,1.282375416785829,96.4987887114139,1,0,0.01198704934602134,0.05902831157782125,2,2,6,0,0
118111,2554,53.10159084939807,13.509329541164664,0,1,0.059933894769142376,0.008612101324529508,1,2,2,0,0
118118,2555,57.337779393276456,-2.144073122542512,0,1,0.18216491914242303,0.014854341903487911,1,2,1,0,0
118126,2556,58.07051085278037,3.2071223115975673,0,1,0.18938300315269657,0.015530317880275646,1,2,1,0,0
118138,2557,57.91001483706377,12.319076956481549,0,1,0.07100066179546914,0.011239412961542313,1,2,2,0,0
118146,2558,52.95473048999429,9.355035159310274,0,1,0.051130570127617764,0.009879047278302178,1,2,2,0,0
118154,2559,55.919664681820784,0.6891908899549914,0,1,0.05386869411277872,0.013108798460557198,1,2,1,0,0
118164,2560,54.77371910182568,12.899782519819375,0,1,0.04422684510772455,0.016809057292015157,1,2,2,0,0
118172,2561,55.946400015517455,1.6610432715130408,0,1,0.05916177543377228,0.012302503350819644,1,2,1,0,0
118200,2562,104.13668768387143,74.41331571865004,0,1,0.03462040103573429,0.028430902276936197,1,7,8,5,2
118210,2563,57.80992986859293,-2.193001741513129,0,1,0.04594463608609485,0.0057226884158583955,1,2,1,1,0
118219,2564,48.703509715826904,32.98486017871235,0,1,0.04467683909955003,0.02067178010181738,1,2,4,0,0
118227,2565,63.32292003252028,-9.94892173540123,0,1,0.34808189650987786,0.000489697017512647,1,2,0,0,0
118235,2566,56.70809662385639,1.49061135912833,0,1,0.08537115182657955,0.009619042445141005,1,2,1,0,0
118243,2567,56.00465862924398,0.8878634761097306,0,1,0.06467981432390613,0.006448854386574588,1,2,1,0,0
118252,2568,55.65185843687213,2.3101599725556845,0,1,0.03705370983881351,0.00405430914256431,1,2,1,0,0
118260,2569,56.16479861747888,3.9894917236821783,0,1,0.06083423943462929,0.010018115033899568,1,2,1,0,0
118304,2570,88.02952903385591,49.85567791695686,0,1,0.02845888590685117,0.023179827183053236,1,4,3,22,7
118366,2571,150.207154413971,44.00016765661523,0,1,0.016360729443597784,0.025436432812363154,1,7,5,6,33
118404,2572,106.24071485052662,37.127227568039146,0,1,0.055705378472394054,0.016806886202402886,1,5,3,15,0
118414,2573,11.540473284598633,68.86148588582356,1,0,0.026308695187982824,0.0966613886377473,2,2,3,0,0
118445,2574,36.14727996347469,88.95177144285952,1,0,0.03235800634440416,0.03669871457854846,2,4,4,13,1
118454,2575,7.653257852593294,74.61120615811409,1,0,0.021370073089950623,0.06703536760540169,2,2,4,0,0
118472,2576,94.32991335332659,64.80583283326821,0,1,0.18506205955694288,0.02795745979982965,1,5,7,3,0
118486,2577,15.302464605023932,89.92116792778128,1,0,0.018477987744731444,0.029705383915416574,2,2,4,0,0
118495,2578,56.19522344385042,3.6583683047342284,0,1,0.05918719192732516,0.011625711095652925,1,2,1,0,0
118511,2579,14.04939116198484,84.29684806151539,1,0,0.04038740947348483,0.05379006944749532,2,2,4,0,3
118522,2580,10.999949505117767,81.04198481803698,1,0,0.021439690859426055,0.06992412474538752,2,2,4,0,0
118529,2581,56.64998257605886,-2.5485026393314616,0,1,0.10487468732145899,0.005003166380209601,1,2,1,0,0
118555,2582,82.23660586261529,61.11060052971479,0,1,0.06430136737809371,0.022858537449429433,1,4,6,1,6
118567,2583,8.850351061915102,87.82459193654947,1,0,0.03311966472752594,0.03537092455219897,2,2,5,0,0
118620,2584,69.40280162073216,59.05073677354215,1,1,0.03733602044674034,0.020413365976522015,0,6,6,5,25
118649,2585,24.590011948773594,77.41071827597379,1,0,0.01997585703473156,0.01604225214452705,2,3,3,9,0
118690,2586,52.57843854275302,47.50865809071546,1,1,0.19703938730651832,0.047233312692214764,0,4,3,12,1
118700,2587,53.847309740332506,15.369225579566155,0,1,0.01829515078434258,0.007874928794295185,1,2,2,0,0
118715,2588,9.322075078395228,86.3676542679437,1,0,0.008788697518667723,0.026902619447314542,2,2,5,0,0
118724,2589,11.118955811460712,66.48159181740547,1,0,0.01651082177011518,0.0335417717595824,2,2,3,0,0
118734,2590,58.255729482555175,1.7513326610907356,0,1,0.0711215048960146,0.003013826235584935,1,2,1,0,0
118763,2591,115.04003480630168,28.223025343782332,0,1,0.039030564572088824,0.019385962444015994,1,7,4,7,10
118796,2592,100.46382495607065,39.90322001265383,0,1,0.034681466186646484,0.0256424614397982,1,5,4,8,1
118816,2593,40.60188920205182,198.95090411693553,0,1,0.0783206271656039,0.19792267659166685,1,4,17,3,0
119316,2594,-1775.0949754511696,7874.969978435916,0,0,0.00636061714731558,0.09018193810306672,0,13,735,3,51
119324,2595,55.12639655622651,1.0802529181387914,0,1,0.11646584550120212,0.004456957642102235,1,2,1,0,0
119332,2596,55.851364841269344,-0.8118998807740603,0,1,0.07166598404661798,0.005936064754489236,1,2,1,0,0
119340,2597,55.64626320383174,-0.8945477669059354,0,1,0.06992359020463423,0.004642204311326904,1,2,1,0,0
119348,2598,52.80437007822324,12.921451413862844,0,1,0.051043594222216084,0.0059827856374161815,1,2,2,0,0
119356,2599,8.964763360798713,62.9646097470883,1,0,0.018152433530242703,0.051929733013777325,2,2,3,0,0
119365,2600,59.11435253756819,-4.499655779309618,0,1,0.1029126800801951,0.0019169746968690563,1,2,0,0,0
119380,2601,59.49706657019424,62.27009507249748,0,1,0.04748265361312385,0.06427292722074841,1,3,6,0,0
119395,2602,63.16132391432369,32.08133817106186,0,1,0.07332274106812564,0.02800872877547831,1,2,3,4,0
119472,2603,139.11461617238652,78.03744606307717,1,0,0.027890460121334847,0.032891844983294276,2,12,3,29,15
119495,2604,83.52749840937332,41.72358304097034,0,1,0.07273744947016947,0.018081055171584766,1,4,4,8,0
119503,2605,55.98935602196053,-0.10025582994377658,0,1,0.03402463239815097,0.006257174979630292,1,2,1,0,0
119510,2606,55.68265892034721,-1.7473469923094402,0,1,0.06718928753212584,0.008408965162900146,1,2,1,0,0
119518,2607,55.85894261520785,2.445532841669486,0,1,0.08978515456265836,0.006895690239324771,1,2,1,0,0
119526,2608,59.06096696576353,-8.814294214471412,0,1,0.05683663051006136,0.0009385840862571205,1,2,0,0,0
119534,2609,53.04450819698074,9.961911779322802,0,1,0.07520786439108693,0.008202013017757628,1,2,2,0,0
119541,2610,53.88752336866156,9.498359748619645,0,1,0.17252307176432818,0.011285256573622069,1,2,2,0,0
119552,2611,60.62824418931116,33.25614436051707,0,1,0.06574834711339163,0.02468126436660784,1,3,4,0,0
119559,2612,61.48503583219495,-13.058965537315592,0,1,0.21707119355958202,0.001630260299704463,1,2,0,0,0
119576,2613,111.49309262657172,19.89421674201651,0,1,0.08575424998129666,0.026727693306175613,1,7,4,0,7
119589,2614,55.418390598640244,35.43134527158327,0,1,0.1256399394851822,0.012067140893707976,1,2,4,0,0
119597,2615,56.533559214268095,-2.2807970858883913,0,1,0.05225188666430748,0.0038163764744771084,1,2,1,0,0
119605,2616,56.30896438797049,3.5803136113479574,0,1,0.07315116083245746,0.018760207483385,1,2,1,0,0
119613,2617,58.470401768155355,-10.445529927301957,0,1,0.032926024352264036,0.0007768010389515736,1,2,0,0,0
119622,2618,66.50456530263332,-10.021887086616282,0,1,0.3529764661632497,0.001496923767525934,1,2,0,0,0
119630,2619,61.05221791690067,-11.991152364247974,0,1,0.16323068773411883,0.0013520467619061681,1,2,0,0,0
119638,2620,58.93028361833946,-11.633108438937162,0,1,0.0981377081715323,0.00019376786956170868,1,2,0,0,0
119646,2621,58.028524117140044,-1.2995719516396669,0,1,0.08031103769280135,0.004407589321858264,1,2,1,0,0
119653,2622,52.39024542221514,7.116582058707873,0,1,0.054085092325749755,0.011699789231481945,1,2,2,0,0
119661,2623,54.96963096996909,-0.32966803419678925,0,1,0.039451932462218314,0.003918327633185435,1,2,1,0,0
119671,2624,53.49938819087532,13.829201741051131,0,1,0.028856138380777545,0.009052808291428835,1,2,2,0,0
119679,2625,58.709030953921946,-7.557650670003307,0,1,0.04694480532059962,0.0006430552670772276,1,2,0,0,0
119687,2626,58.53160669672342,-9.642299307770319,0,1,0.06819849946255087,0.0008634301187050039,1,2,0,0,0
119695,2627,58.10469279844882,-10.307713395387813,0,1,0.05651563761777405,0.0014532444778224626,1,2,0,0,0
119702,2628,58.79150066480344,-11.303307599530521,0,1,0.09230849803136008,0.002467008708761932,1,2,0,0,0
119710,2629,70.7011080139774,-16.152205992510304,0,1,0.07936575174077175,0.0011137667091881598,1,3,0,0,0
119730,2630,88.03615938853476,30.313014735960564,0,1,0.03766260623267782,0.04492392468135643,1,5,4,0,4
119738,2631,56.21411044253618,1.3151994227800579,0,1,0.057555000996813675,0.0022176457354481202,1,2,1,0,0
119750,2632,68.61864294758641,2.391127029462483,0,1,0.04888872652922954,0.0028680173949168883,1,3,1,0,0
119759,2633,58.76236145135467,-14.346882190128486,0,1,0.04626624814417175,0.0019043094487704924,1,2,0,0,0
119767,2634,61.75377157266932,-11.649597200186758,0,1,0.09157221128721278,0.0016720697059909382,1,2,0,0,0
119776,2635,64.81455577309205,7.333560062485255,0,1,0.03504421665626311,0.00722328930156258,1,3,2,0,0
120276,2636,-2027.4046950863722,8485.230366394086,0,0,0.009962913324850949,0.10924319608583112,0,7,785,25,20
120305,2637,27.8369376694685,98.5949266256187,1,0,0.007346205065976745,0.05722998121608541,2,3,6,0,17
120805,2638,-1890.0337471944774,8287.404260874519,0,0,0.007295944915493546,0.11640732511591763,0,11,765,19,56
120828,2639,116.35712348379217,34.776837203952496,0,1,0.03166777576027393,0.021336970365690596,1,8,5,1,0
120899,2640,150.6408245275485,63.496470864447886,0,1,0.0492579974305092,0.01620601855448502,1,8,5,15,21
120977,2641,136.1769164640308,110.26909811278975,1,1,0.023657295353470255,0.07000977919801861,0,12,9,9,31
121042,2642,102.7139715234796,47.453975647936524,1,1,0.04760958278280336,0.011537844150927568,0,8,3,17,0
121061,2643,80.09845768594133,108.17072300552961,0,1,0.07038239001434315,0.05429812176437391,1,6,11,0,0
121091,2644,104.62259289006204,36.19768378736009,0,1,0.036792698764539125,0.01719931557108294,1,6,4,13,0
121120,2645,119.80156977370453,28.089200189337163,0,1,0.03828681042231736,0.01829828894491248,1,7,3,0,0
121620,2646,-1974.4301507984596,8163.9508528939805,0,0,0.0027425660002276106,0.08397620307528492,0,9,763,86,0
121652,2647,148.07010532693982,28.150856498301323,0,1,0.04531623364656048,0.018557834798738595,1,9,3,10,2
121694,2648,87.4473404042273,59.367779281737505,1,0,0.054359233414225695,0.023194528143849265,-1,8,4,10,0
121723,2649,39.129823585912185,109.09366702972687,1,0,0.05834897074195993,0.02345260516269901,2,5,6,10,0
121762,2650,58.4792745253072,45.10319291727561,1,1,0.06270081918602523,0.01235264336734603,0,6,4,17,0
121785,2651,106.64640142987245,21.772505937468974,0,1,0.11244718051172298,0.015287957285787399,1,6,3,0,0
121815,2652,114.91357139160542,36.714159804663,0,1,0.05259192063920646,0.024683324269153335,1,7,4,10,1
121853,2653,134.89644799614996,29.32939076402091,0,1,0.0745247294174654,0.015270681136183488,1,8,3,12,1
121874,2654,95.25648748043093,46.96756009133641,0,1,0.019969709317298096,0.026278305457583664,1,6,5,0,1
121895,2655,90.38752060750419,36.09434994458256,0,1,0.03744339502898232,0.019764071299660894,1,5,4,0,1
121925,2656,38.3120063986565,93.23557184458404,1,0,0.028431116581553846,0.01670859725587897,2,5,5,15,0
122031,2657,29.93259830323307,593.8033274313267,1,0,0.03360211659617974,0.07497057482503489,2,12,47,46,33
122045,2658,73.2612733560951,73.8996730088763,0,1,0.07010469477259644,0.058313521144986,1,5,8,0,0
122071,2659,89.76849034662769,71.613523798822,0,1,0.029522641912239442,0.020326798358280936,1,5,6,3,0
122150,2660,147.07743500898047,130.81584606018825,0,1,0.017886215315329017,0.03236650314888699,1,11,13,34,37
122177,2661,86.1884710813055,69.84658427107172,0,1,0.03647327083569903,0.02928182019542445,1,5,7,1,4
122184,2662,76.99711275813564,8.125485815197216,0,1,0.11649813693892096,0.05889990655758447,1,4,2,0,0
122292,2663,155.73528155754306,112.97644518154952,0,1,0.011064080737164382,0.04479889278476554,1,10,9,53,37
122307,2664,100.65663935701919,13.805841888823856,0,1,0.022816383091630053,0.019625018640593954,1,6,2,0,0
122343,2665,64.95213774156696,66.92818664208069,1,1,0.04365836961229903,0.019267854817554737,0,7,7,7,0
122843,2666,-1893.4592387542543,8271.999841388126,0,0,0.0035912715839519506,0.1043173210090717,0,12,767,32,17
122977,2667,-380.5432601171514,2045.1043978855103,0,1,0.010817153995741915,0.14244366888654827,-2,8,186,0,5
123116,2668,95.86731841258998,168.01284546777256,1,0,0.004044294010065542,0.013947853432961966,2,5,6,13,5
123137,2669,95.02737781201672,46.55874904111093,0,1,0.08223806868005262,0.03239217013202543,1,5,5,4,7
123637,2670,-2067.365221571038,8698.777988279955,0,0,0.0072123100291417806,0.09964607049690535,0,9,812,15,2
124137,2671,-2075.693508737127,8766.431835436291,0,0,0.010424300603041376,0.09992910693165559,0,9,818,11,7
124172,2672,-19.980856791354423,544.1040818619697,0,1,0.04946448319885598,0.30073440294775716,1,5,46,9,0
124180,2673,66.15434410819577,12.625894976363899,0,1,0.06069023706269132,0.06054088493081923,1,3,2,0,0
124214,2674,66.7511067150207,47.97642169883828,1,1,0.11789735128386537,0.022382977812969378,0,6,4,6,0
124303,2675,104.18284322054994,109.95092591410226,1,1,0.01565063907453911,0.01430910309385528,0,8,9,23,27
124345,2676,114.46178874527303,42.904307549290394,1,1,0.0638206706926234,0.01696754963681587,0,11,5,9,0
124437,2677,126.39444145276647,63.57155546373011,1,1,0.015583039997660541,0.017643557289900438,0,9,6,23,52
124464,2678,116.37313474422797,24.919120385068315,0,1,0.05627428388545375,0.02310291121382074,1,7,4,5,16
124606,2679,-252.17968326893023,1540.285331082821,0,1,0.012129272122197268,0.15533679114239304,-2,6,131,46,0
124649,2680,63.00928375818073,57.45068746584885,1,1,0.05034804665382953,0.025847229741058235,0,6,5,16,0
124660,2681,73.37592554816167,33.18315270477787,0,1,0.18506907531492897,0.03477962929158806,1,4,4,0,0
124679,2682,98.5635983889524,34.362488062209025,0,1,0.24476344214589285,0.0323599608497173,1,5,4,5,0
124717,2683,65.56572218451731,129.89825978468815,1,0,0.052528361719524325,0.039560757343631486,2,7,8,6,8
124760,2684,41.36553576577431,103.80957326101384,1,0,0.016243897725274188,0.026827907896837994,2,5,5,16,0
124801,2685,86.48905438020873,40.64781540674664,1,1,0.06682528793056638,0.0187807579422017,0,8,4,13,0
124811,2686,73.8028957869985,34.49781694474315,0,1,0.20212375749716888,0.04877935636744783,1,4,4,0,0
124840,2687,117.06704551776559,52.21162076120804,0,1,0.06082294403619841,0.023075478529710335,1,7,5,3,0
124860,2688,133.1200506141278,20.115293750553445,0,1,0.03844826975353515,0.02425091484287796,1,9,4,0,5
124952,2689,191.64456232135007,71.02122707546756,0,1,0.034431803034122875,0.010245670300252313,1,11,7,18,45
124973,2690,90.0330185955487,50.05211734885472,0,1,0.03557541396503711,0.03079312829591705,1,5,5,0,1
125013,2691,87.60945054329812,113.42407957462862,1,0,0.043024334634365564,0.022726133244567202,2,9,7,4,0
125048,2692,62.14550866259705,67.38634646274882,1,0,0.03710638919221257,0.013835628689351462,-1,6,5,6,2
125056,2693,7.50586931595242,62.59815231461711,1,0,0.02720713812716306,0.03847373275460792,2,2,3,0,0
125081,2694,121.71994148230235,44.17016909495878,0,1,0.03287859632577163,0.021634385761792888,1,8,5,4,0
125106,2695,63.26251862432417,34.511936795846665,1,1,0.08144895510611853,0.023851907265658237,0,7,4,11,0
125147,2696,104.99894086506069,127.94324706859693,0,1,0.02148010283171594,0.07180976285028252,1,7,12,0,8
125233,2697,-50.268920598371196,880.9790210812708,0,1,0.036654436535678916,0.09549967629151428,1,9,81,6,8
125296,2698,173.93319385274413,72.8529490675577,0,1,0.05146336039320262,0.022991300867838727,1,11,7,8,2
125342,2699,130.64530947730978,42.02447117277792,0,1,0.1384092062029981,0.023997091956949303,1,7,4,8,0
125439,2700,230.27918256538376,49.48543314476345,0,1,0.05379262000918644,0.01391754395164387,1,14,5,26,36
125479,2701,50.65826028290166,51.08635877439873,1,0,0.0348520084770018,0.018985908364927025,-1,5,3,22,1
125489,2702,68.91983633612483,33.30516694968211,0,1,0.08980630615727068,0.03231743505381075,1,4,4,0,0
125517,2703,107.91381787031669,32.20631286141181,0,1,0.09870761754499888,0.013977564722262702,1,6,3,10,1
125548,2704,52.948215189660814,91.71819505929176,1,0,0.037652364488633426,0.02596010221202847,2,6,5,12,0
125558,2705,71.01117173051361,32.43595275743816,0,1,0.1219793588595374,0.07023394556126197,1,4,4,0,0
125567,2706,64.45829907049921,12.843456401727328,0,1,0.09079575482355945,0.021157277511941887,1,3,2,0,0
125595,2707,56.215520781051374,37.46142235904016,1,1,0.06992834331225302,0.017493547579941333,0,6,4,7,1
125662,2708,74.49007460193042,84.64802095773346,1,1,0.12428199346713006,0.03539095738104857,0,7,6,30,10
125718,2709,65.62744441301047,88.34778924126933,1,0,0.022265309750424064,0.013926316980082325,-1,6,6,2,0
125769,2710,125.94663975192302,52.99691991919963,0,1,0.06538415900930805,0.01620410366050492,1,6,4,1,0
125783,2711,93.67097869513901,28.780421967075675,0,1,0.05530985599480448,0.03623061101604682,1,6,4,0,0
125840,2712,61.74915282689533,110.64679783605077,1,0,0.05565376426702411,0.02590600041631814,2,6,6,32,16
125872,2713,104.5253456245564,59.702370284008055,0,1,0.07352048434889537,0.01519435990029964,1,6,6,9,0
125904,2714,44.23542408428764,50.90924803554051,1,0,0.05559218794345945,0.018194074446221457,-1,5,3,17,0
126031,2715,176.03527444061172,141.50816560243132,1,0,0.03526941688112415,0.015636841727581237,2,13,5,49,13
126040,2716,80.69985289617993,21.62371656080086,0,1,0.16662728533181503,0.03562340002705842,1,4,3,0,0
126061,2717,125.2403741702266,15.904143495954315,0,1,0.05198059119137926,0.021566547662414965,1,8,3,4,0
126075,2718,93.49876895639153,50.81058001720127,0,1,0.10286299408571818,0.033067448254801866,1,6,6,0,0
126099,2719,89.0315632854115,54.41800892792759,0,1,0.029518736275456408,0.02477755091001907,1,5,6,0,3
126599,2720,-2130.8345383783517,8697.036583606361,0,0,0.0016807589110013118,0.10695657759614065,0,4,806,32,0
126647,2721,63.26815223682921,97.25843059302974,1,0,0.05859115871033638,0.016835644564322814,2,6,4,13,0
126663,2722,100.13149130858389,37.589916398436415,0,1,0.099103173664502,0.11953737898856215,1,6,4,2,0
126678,2723,22.213447930756615,85.24944657049808,1,0,0.016261941904250832,0.029746488855555406,2,3,5,0,0
126698,2724,110.11883757289135,22.588824559000987,0,1,0.05556755749947591,0.028871942181667463,1,6,3,3,1
126793,2725,80.18657029395148,121.62281172525148,1,0,0.015789997521350487,0.01729522436767441,2,7,3,68,0
126836,2726,99.4334713893472,68.56974593761255,0,1,0.02653017315231684,0.015879644786639478,1,5,5,8,0
126875,2727,48.87787352309472,206.69865659279017,0,1,0.019900855187784117,0.05348804903985865,1,5,20,7,4
126902,2728,80.15836686451874,67.29629271915148,0,1,0.0263084734508074,0.02146628979288227,1,5,7,1,3
126986,2729,94.5160274332261,129.27349964121643,1,0,0.03849829999976785,0.020291156043879693,2,6,5,22,15
127011,2730,47.93234948103589,67.94364065672065,1,0,0.0521139128066793,0.027362849465960425,-1,6,6,7,2
127050,2731,75.20761756551464,86.5637583049051,1,0,0.018421360749584222,0.02111593497705541,2,8,5,10,1
127057,2732,75.90254158080991,9.615149556842672,0,1,0.10044946911759266,0.0425467943565437,1,4,2,0,0
127557,2733,-1991.489318812271,8654.122017152271,0,0,0.005894444699771838,0.1057660915143989,0,14,806,32,20
127629,2734,91.78962210679181,51.19610008612118,1,1,0.08864762960044142,0.033347993003586235,0,6,3,4,0
127791,2735,-139.85379052179607,1598.8728268396803,0,1,0.02675349015148448,0.10396022486668915,1,16,144,57,6
127836,2736,52.18170869237967,76.68399477500292,1,0,0.030779997849760897,0.01905546547704817,-1,6,5,26,1
127998,2737,233.7932206213517,129.66396471968648,1,0,0.06798015290575861,0.030237333067422222,2,15,3,29,2
128023,2738,108.1423014923669,34.874179072747246,0,1,0.08423472964388744,0.02663423113118681,1,6,4,5,0
128133,2739,158.8113161235607,96.53599189695285,0,1,0.01597016733698431,0.016696425454860567,1,9,7,45,22
128633,2740,-2056.304697491841,8515.677654471237,0,0,0.007441155661172089,0.10364649657460005,0,7,792,42,28
128645,2741,9.616231868322817,76.13807867107282,1,0,0.016350853994177485,0.03822058205991692,2,2,4,0,0
128659,2742,99.05755268863508,28.691829526918337,0,1,0.04112943878414269,0.025423957080092152,1,6,4,0,0
128715,2743,68.04417795220226,91.17661639175786,1,0,0.024107744668330232,0.012740109737511116,-1,7,6,24,3
128731,2744,82.64280093964736,45.470613913858465,0,1,0.031361589298133964,0.025893650312914195,1,5,5,0,0
128757,2745,135.45868258065522,21.54490053538682,0,1,0.03240153912848164,0.034424370868981174,1,9,4,0,12
129257,2746,-1815.586155041435,7976.764463880329,0,0,0.00535543847930451,0.11077428819107114,0,11,734,45,7
129296,2747,119.4336376291428,50.5514497905376,0,1,0.1403895855383424,0.03290837432097686,1,7,5,19,3
129305,2748,9.602760949027651,67.1314278175342,1,0,0.023874581509735322,0.10139444599392672,2,2,3,0,5
129318,2749,82.44518774636335,44.76729478134644,0,1,0.06801338039258673,0.02806576498378799,1,5,5,0,0
129352,2750,83.18210625489,56.0303278964753,0,1,0.10298555341672129,0.01989071543932149,1,4,5,14,0
129426,2751,96.08870690481362,69.44559368480805,1,0,0.04669381558675179,0.023825425407067852,-1,8,4,14,1
129926,2752,-1859.169076450757,8007.231636096186,0,0,0.0022769764786656523,0.1058240607249796,0,8,740,49,25
129961,2753,130.40731190287502,45.00289751316933,0,1,0.05400511586097567,0.03957019910363746,1,7,4,9,14
129983,2754,44.2521483373973,53.1940132757497,1,1,0.3320673419272925,0.04757583342882626,0,5,5,11,0
129996,2755,83.04646485065865,35.79089489676949,0,1,0.08798262867726107,0.05594477529348553,1,5,4,0,1
130034,2756,115.00257844016377,42.08794427720754,0,1,0.035912168810545,0.01731088433541498,1,6,4,8,6
130041,2757,73.46940683215293,9.610549468016227,0,1,0.04052094013830502,0.03936505847016682,1,4,2,0,0
130069,2758,102.71869072805663,52.40041326529504,0,1,0.06328315994527771,0.026926322686550326,1,6,5,16,0
130079,2759,78.18269146585314,24.098526346552656,0,1,0.18764702941689543,0.040304005600502665,1,4,3,0,0
130117,2760,92.80158238181613,53.442422928536125,1,1,0.028220556027728078,0.022808073818455267,0,10,6,20,0
130134,2761,86.9334563482852,46.876399797235784,0,1,0.03365849841492384,0.028474526247328585,1,5,5,0,0
130174,2762,100.54337186609872,25.30310895713797,1,1,0.11279729886084071,0.01935741911063752,0,9,3,16,5
130674,2763,-2142.687065266995,9026.631386449077,0,0,0.00224513243076787,0.12878493640895272,0,5,831,18,13
130798,2764,64.49978918427684,738.0034073473187,0,1,0.029473293385312797,0.07193720097016298,1,14,68,18,45
130814,2765,96.31841685717993,31.94885665407854,0,1,0.026895177054930046,0.03165120290238779,1,6,4,0,1
130826,2766,90.66535325939162,33.039427153598155,0,1,0.12950489610192661,0.09323062497766633,1,5,4,0,0
130837,2767,84.46279568316949,18.839677247013963,0,1,0.11684558866511745,0.03118930959493906,1,5,3,0,0
130859,2768,83.67209508502576,59.8965625633893,0,1,0.03489632893376042,0.02107541748731676,1,5,6,1,1
130916,2769,-31.07637627082816,669.5546032084898,1,1,0.02227912490454034,0.18349028523945426,0,11,60,5,5
130926,2770,78.39533060591914,32.38764523384466,0,1,0.1724424894319895,0.06915070074249673,1,4,4,0,0
130934,2771,9.193796492745765,66.04314109971264,1,0,0.021170496445967253,0.0420451539356248,2,2,3,0,0
130962,2772,83.26241374279752,39.87602063483729,1,1,0.052367545483156454,0.01831325149981871,0,9,5,6,0
131044,2773,110.05671666542877,84.59997880112809,1,0,0.035596277786902504,0.022935658946983704,-1,9,5,30,9
131052,2774,73.19789831367831,2.5431406657140094,0,1,0.058403225570683955,0.02170698950844914,1,4,2,0,0
131062,2775,68.97270424535407,42.67489042977208,0,1,0.07948007779353894,0.061955197872927324,1,4,5,0,0
131072,2776,83.85450598764547,27.597578830417525,0,1,0.12399500697299466,0.05821989198860513,1,5,4,0,0
131081,2777,71.55777110644036,28.349209513563125,0,1,0.1423512529696796,0.04595080172171194,1,4,4,0,0
131091,2778,72.71593819897029,35.61324873569803,0,1,0.09231172438983207,0.06787705901109445,1,4,4,0,0
131156,2779,60.889618264851464,69.85349822840766,1,1,0.04838492284785669,0.018227128474407328,0,5,4,32,6
131182,2780,98.4359539304504,41.39343249035997,0,1,0.028412370959170413,0.015266935834799922,1,6,5,0,3
131192,2781,77.83806384963624,15.167731875437202,0,1,0.12102208669080076,0.03529329210777389,1,4,3,0,0
131201,2782,67.53974564801524,11.945467376825535,0,1,0.025261357653672403,0.028316299019869977,1,3,2,0,0
131701,2783,-2060.9743170417605,8815.571674379808,0,0,0.003659641881525976,0.11818540164687023,0,10,815,6,18
132201,2784,-1885.0613085500404,8346.320346803144,0,0,0.007961396791940075,0.11392341964711027,0,12,769,29,3
132215,2785,91.28978322655897,9.781887293031378,0,1,0.03013743441710069,0.024684327360398113,1,5,2,0,3
132258,2786,75.40136858089842,51.18845418839909,1,1,0.08280704437237642,0.018310166521672097,0,7,5,15,13
132281,2787,124.24225431129304,35.20649863673614,0,1,0.046240862642737295,0.029190393700199158,1,8,5,0,5
132290,2788,11.548338115625942,63.31673345390698,1,0,0.022505689038798984,0.03529330457088706,2,2,3,0,0
132342,2789,122.30082020567292,42.86043754537587,1,1,0.055355522803444725,0.028861809983681166,0,11,5,15,17
132409,2790,116.23440207132032,108.67908569421365,1,0,0.06412102324502955,0.04037149648336802,2,9,5,5,1
132502,2791,117.72035662781437,128.27127991130095,0,1,0.019127132557883616,0.034610248706115426,-2,9,10,36,11
132519,2792,96.08847691094603,32.08333948634099,0,1,0.08452950669091022,0.019360569252015375,1,6,4,0,2
132530,2793,80.57999357926766,20.35747224739894,0,1,0.4307445830542347,0.03131379592067304,1,4,3,0,0
132611,2794,125.94640425098133,68.24969038473172,1,1,0.03277144049758102,0.017952918828214256,0,10,5,27,4
132656,2795,108.85277083813304,37.11579668264078,1,1,0.056091516427369176,0.019211498514648064,0,10,4,12,1
132678,2796,115.14191085870199,31.199094900909373,0,1,0.07376255700207034,0.05187179237567965,1,7,4,4,0
132712,2797,70.1314383771351,35.81485349946671,1,1,0.02999285609795169,0.02474796819110416,0,7,4,11,9
132722,2798,89.29300145401636,33.84832673079043,0,1,0.10201509635998647,0.027549858334905482,1,6,5,0,0
132732,2799,85.90441445160353,7.7582793692834,0,1,0.05344500577203002,0.02803701864158359,1,5,2,0,0
132754,2800,81.67539857098478,59.013381947898324,0,1,0.12869971445420073,0.06289222448461228,1,4,5,8,0
132768,2801,82.14070043201117,29.202340390973877,0,1,0.03306459192079469,0.025033355917516632,1,5,4,0,0
132821,2802,155.82107861765132,42.70637132493158,0,1,0.05046577560846671,0.02422716832284308,1,9,5,9,24
132853,2803,118.13349208343428,44.70098372941442,0,1,0.029017539969820788,0.023167874346759616,1,7,5,3,4
132905,2804,119.72958807901995,123.47284948094227,0,1,0.021018214434706563,0.030784433083935962,1,8,12,1,7
132917,2805,87.95858692175904,35.82782854381328,0,1,0.06154626426999151,0.025602623036093883,1,6,5,0,0
132944,2806,149.7280420630053,26.69678486097664,0,1,0.05474654373583087,0.02117696956871706,1,10,4,1,2
132953,2807,69.61310425541141,27.95918191544226,0,1,0.12516349131250423,0.04959586185171865,1,4,4,0,0
133000,2808,105.40345975519904,57.86876338868835,0,1,0.12837486432879197,0.02348538373723665,1,5,4,21,0
133051,2809,119.13444396873572,249.67780548274143,0,1,0.036528154086321374,0.0894778690996858,1,11,22,15,2
133096,2810,129.1402585647779,39.908655703930776,0,1,0.04061993655236742,0.025479012567140944,1,7,4,7,21
133105,2811,9.213941058526874,63.511275899097996,1,0,0.02443583222471956,0.03419330852970953,2,2,3,0,0
133159,2812,112.16214708378152,200.64159779901487,0,1,0.062017977193997854,0.0525397168491509,1,10,19,24,21
133169,2813,73.7487328845214,32.05915029718277,0,1,0.11990565240339517,0.05228495241374054,1,4,4,0,0
133179,2814,58.80168890853876,34.318534806609776,0,1,0.057274251404538803,0.034339808365094295,1,3,4,0,0
133200,2815,106.24696314749619,36.20197474839783,0,1,0.05893712754851009,0.03496819083173155,1,6,4,4,1
133211,2816,68.8073123253512,54.75962631378917,0,1,0.1442111525369805,0.049226515569286255,1,4,6,0,0
133221,2817,65.94769300995698,45.25788115851628,0,1,0.12408393632503611,0.06838887726994539,1,4,5,0,0
133246,2818,159.76059783456913,21.252975876384014,0,1,0.07647822384859095,0.07663555198491612,1,11,4,0,0
133746,2819,-2237.211794896354,9295.49501750934,0,0,0.010872015312813916,0.11906334501758413,0,8,863,46,15
133753,2820,56.98163309797987,18.561777948172413,0,1,0.0839545638147954,0.08247582995225614,1,2,2,0,0
133850,2821,193.12910288927392,89.59039283690369,1,1,0.0499496911092835,0.013050509442949715,0,16,6,38,7
133860,2822,70.4885339802778,30.61868214540454,0,1,0.11167405231977756,0.04490763988545878,1,4,4,0,0
133874,2823,76.36131968955164,31.790852156490452,0,1,0.058146341786362174,0.03158979047149735,1,4,4,1,0
133896,2824,75.84648594472034,36.60638491223798,0,1,0.07634272025569286,0.03985071408527035,1,3,3,7,0
133931,2825,112.13793850560717,42.26322638246044,0,1,0.08683306739564678,0.02054853045252661,1,7,5,11,14
133964,2826,115.33861486063462,24.733614958162406,0,1,0.072793188812824,0.02275903529470699,1,6,4,3,19
133979,2827,10.14598860777717,82.65028326164085,1,0,0.013901051839409737,0.027776623455863757,2,2,4,0,0
134005,2828,121.37066749211954,44.96258363840629,0,1,0.0443594893637529,0.03297954723397897,1,8,5,8,0
134014,2829,69.24763670550885,41.587509202298634,0,1,0.15609723467482522,0.07347267089695939,1,4,5,0,0
134046,2830,98.68088093640593,29.619809665667006,0,1,0.06714925144527735,0.019242307898440232,1,5,3,11,4
134077,2831,106.40807002303285,28.63668670377111,1,1,0.15127944524835565,0.025656184040610968,0,10,4,7,0
134126,2832,130.74979108788045,42.137679839582844,0,1,0.04370829570326927,0.023772434911292186,1,7,3,21,1
134141,2833,17.19402877947954,58.07026274908871,0,1,0.014922333167226406,0.041748934138097146,-2,2,6,0,0
134181,2834,109.23832080648754,49.128791175078476,0,1,0.10988289114522443,0.01747519372611803,1,6,4,24,3
134208,2835,60.536753935878465,45.75522585117082,1,1,0.08411328486694745,0.026646937518011792,0,6,5,6,10
134269,2836,72.12440811850607,82.64153421097005,1,0,0.06656050889904701,0.015009959070636373,-1,6,6,9,18
134330,2837,73.6917047227773,73.10792395553302,1,1,0.035115931473826495,0.014806297831618612,0,6,4,25,0
134347,2838,88.54935304400665,42.56392624530381,0,1,0.051172452997192114,0.025893593681435657,1,5,5,4,1
134357,2839,79.50476007156522,21.571328575715466,0,1,0.16464403244461712,0.0629941085328057,1,4,3,0,0
134367,2840,90.1709688028144,31.18227174214046,0,1,0.21884272056534027,0.04892005367307567,1,5,4,0,0
134395,2841,106.47663487349412,34.008937837951166,0,1,0.03214939135347202,0.02555857251729762,1,6,4,3,5
134476,2842,91.50772915658649,74.95931168914035,1,1,0.06678712247046989,0.020771683889308102,0,7,4,29,3
134484,2843,72.6354369248764,26.079165991502606,0,1,0.1889444398868876,0.049063302570278605,1,4,4,0,0
134515,2844,35.47508285028205,92.34844557561941,1,0,0.024309479326899395,0.02697187662245135,2,4,4,17,0
134570,2845,71.48527176522836,58.756631173400265,1,1,0.03484322152648506,0.01923921655362355,0,7,4,29,3
134583,2846,72.46282509926783,31.15312187252338,0,1,0.03431744212745376,0.024729216711595725,1,4,4,0,0
134591,2847,75.518234591033,8.363807376035618,0,1,0.13069071520838904,0.034416632627094816,1,4,2,0,0
135091,2848,-2203.175469368465,9318.628815835707,0,0,0.0073283913713744105,0.1481348422872901,0,8,854,35,32
135100,2849,76.39097484703284,39.12211142331704,0,1,0.14832364498185927,0.06818482105526548,1,5,5,0,0
135126,2850,83.04086398657009,29.77102454891197,0,1,0.025318436242752342,0.03025634392633233,1,4,3,3,6
135626,2851,-2075.482720841646,9009.012642897069,0,0,0.0029721624277025344,0.12291524549758852,0,12,835,11,40
135635,2852,54.81860555462096,15.630639228801504,0,1,0.023479240140725468,0.03153434439619696,1,2,2,0,0
135641,2853,62.32059016024357,8.209928880616996,0,1,0.05264653399043701,0.04861897003778203,1,3,2,0,0
135649,2854,54.94002130162906,11.666897184109562,0,1,0.040076284633618627,0.032779431943687376,1,2,2,0,0
135659,2855,76.23530823001273,23.537161763157723,0,1,0.10517205514372403,0.055300369635703076,1,4,3,0,0
135700,2856,127.97626553610091,45.186279729931144,0,1,0.043671031231855596,0.0281037193555085,1,7,4,9,0
135721,2857,5.732643327958044,199.40084971098003,1,1,0.2520319457299081,0.1984565099741482,0,5,17,6,0
135732,2858,84.06499010332034,33.66060901181572,0,1,0.0782015748297694,0.06424593761701244,1,5,4,0,0
135765,2859,97.52579859269929,43.147577060906656,0,1,0.04774909073171782,0.027672910332930706,1,5,4,6,0
135789,2860,109.14313179129898,22.081741478287796,0,1,0.07626250621503057,0.033947072665125706,1,6,3,3,1
135830,2861,134.80951136064957,40.24456323862255,0,1,0.05082592639406751,0.032505068063608096,1,8,4,11,0
135851,2862,92.36647912383198,39.56144868921727,0,1,0.16119275063682534,0.1054913490695342,1,5,4,0,0
135879,2863,79.54590426737818,129.35744919925267,0,1,0.041464762596866565,0.07076123640662227,1,6,13,2,3
135892,2864,74.43807204618238,37.489634512192005,0,1,0.0549798423198288,0.0406821554204719,1,4,4,0,0
135930,2865,53.34620299515234,87.61621178009193,1,0,0.14766639662953143,0.014349842792785582,-1,6,6,19,0
135940,2866,56.784956914615556,16.587904510673958,0,1,0.024230637812102912,0.029502448550660858,1,2,2,0,0
136440,2867,-2267.3580547682013,9228.422490508465,0,0,0.001994145651693215,0.11153774962702429,0,6,860,34,19
136457,2868,41.62846838974603,31.15140417666131,1,1,0.39923909291547843,0.0222236489336827,0,5,4,10,0
136484,2869,108.15111714823567,34.980412738910445,0,1,0.2258349811369474,0.02137374964351714,1,6,4,6,0
136571,2870,87.03702399145973,78.30367574993399,1,1,0.05172061126520881,0.021974094619938937,0,6,4,23,4
136579,2871,73.02030996793253,6.833411937638381,0,1,0.03367940358121374,0.03231279418763337,1,4,2,0,0
136635,2872,66.62642009677131,56.986874043090026,1,1,0.042690301295011224,0.03145762202836522,0,6,4,23,6
136663,2873,127.60951538816158,33.724908561676145,0,1,0.027237745732526734,0.024690008371352802,1,8,4,6,0
136673,2874,76.62948638825551,8.110625717142927,0,1,0.03126623080208487,0.024590144071642533,1,4,2,0,0
136699,2875,96.0909951038332,52.97130635248318,0,1,0.09920734738055036,0.02571858555020328,1,5,5,8,0
136718,2876,88.976953869985,52.5857597276967,0,1,0.05279242499073059,0.051416219937133696,1,5,5,0,0
136726,2877,65.41605983832741,9.81389590729739,0,1,0.02525329624433003,0.03262265237663791,1,3,2,0,0
136765,2878,98.46153496791455,79.05287448614155,0,1,0.07393214627992438,0.017213530362836214,1,6,8,9,10
136802,2879,104.85882619686672,95.07485466430553,1,0,0.08080132463781871,0.042428498696667434,2,10,5,10,0
136827,2880,102.23556322382738,46.08377614448226,0,1,0.031828919167792236,0.026131101223992616,1,6,5,0,4
136843,2881,87.89799591825104,29.661033625414213,0,1,0.053568332839969424,0.02219352875513066,1,5,4,5,0
136855,2882,15.887834457305841,83.69297396144049,1,0,0.015488538700210752,0.05569108090612309,2,3,5,0,3
137355,2883,-2161.3232672307513,8918.410607973216,0,0,0.08685155560638168,0.10809473820635819,0,9,831,14,21
137396,2884,107.97613874510833,42.51761308446105,0,1,0.0481678954171904,0.018298185116981697,1,6,4,18,2
137405,2885,68.31828445523763,37.61834844805461,0,1,0.1454447777725844,0.059838507070141746,1,4,5,0,0
137905,2886,-2199.1421460105425,8948.82824534828,0,0,0.0014133550426158484,0.1061601080952152,0,5,832,29,1
137932,2887,109.69510708584689,20.70614539368112,0,1,0.08113803649481023,0.023536413790128746,1,6,3,4,2
137975,2888,30.34022235412151,378.0517682149588,1,1,0.11996507806957549,0.07252034831287284,0,12,37,9,0
137982,2889,55.0257792544043,13.207861659686513,0,1,0.04744930427492576,0.04437426881762674,1,2,2,0,0
137991,2890,77.65773955127358,8.778259587270185,0,1,0.05510817667829251,0.03879334052840153,1,4,2,0,0
138029,2891,102.48687186974226,37.31388392354485,1,1,0.13801063936853342,0.026774445791594388,0,8,4,5,18
138037,2892,68.37082057783576,12.540536703215343,0,1,0.061055263580846175,0.05035422398306701,1,3,2,0,0
138044,2893,52.47589972599361,22.72901346017289,0,1,0.04525761490305073,0.039944401705031954,1,2,3,0,0
138544,2894,-2321.8060742200855,9607.626727191097,0,0,0.0017842584368577322,0.13393693650413185,0,6,887,23,0
138562,2895,94.16327623628594,34.56141348330729,0,1,0.07156768218000197,0.03392149442985238,1,5,4,0,0
138577,2896,25.349496605860082,64.02012846710555,1,0,0.01524623812449629,0.03138015100942205,2,3,3,0,0
138601,2897,101.72918598510978,32.38025673672378,0,1,0.06912446771696672,0.024761430513612084,1,5,3,5,0
138629,2898,57.43833801785432,39.9346351834138,1,1,0.040987591726472976,0.028447365322389156,0,6,4,4,0
138638,2899,11.507543596402826,63.27860284007469,1,0,0.021486907312158524,0.03680007941143648,2,2,3,0,0
138648,2900,22.97437733933476,62.85513852406271,1,0,0.030445011022706615,0.055001619956861224,2,3,3,0,0
138687,2901,45.672044414630015,297.4367747252703,0,1,0.0859261953157416,0.16847264980526325,1,5,26,2,2
138695,2902,74.44385433855152,21.51041331317802,0,1,0.07661569106080879,0.040984871363853356,1,4,3,0,0
138732,2903,129.19413792300043,38.52202451814151,0,1,0.057950758258943726,0.01865306533587311,1,8,4,17,1
138743,2904,14.220392299713048,72.82587019938406,1,0,0.03809083360380186,0.03582312719052482,2,2,3,0,0
138822,2905,-45.0039045430314,607.8143456034835,1,0,0.0711518604474852,0.08830228607394715,2,7,50,27,0
138828,2906,79.45533895670124,7.947504810850354,0,1,0.20305736817751163,0.06866746512908785,1,4,2,0,0
138883,2907,104.56862479949075,130.50680839844736,0,1,0.018971371782379117,0.05502933686547592,1,7,12,24,7
138912,2908,105.0743685697154,39.68269006145859,0,1,0.04766311820666576,0.023344899286502824,1,5,3,4,0
138928,2909,33.774400009403124,60.321828771599584,1,0,0.012469208455762843,0.02897775105204907,2,4,3,0,2
138964,2910,102.06657636916778,56.97782272851345,0,1,0.0717088520212516,0.02253080765963987,1,6,5,21,0
138971,2911,65.64906320992289,10.055568307443021,0,1,0.05873954519739547,0.04853334874391121,1,3,2,0,0
138996,2912,112.11431597691205,26.16396748613753,0,1,0.042235085826633295,0.022090146610149942,1,6,3,1,0
139017,2913,79.6023126017153,34.620235555476,0,1,0.028381554937803647,0.021780519297565564,1,4,4,1,0
139027,2914,62.326119674611526,16.39214768032378,0,1,0.03479045148281144,0.02987242386205625,1,2,2,0,0
139036,2915,69.34532392282411,11.240838992871971,0,1,0.05046564178950708,0.0431075049030162,1,3,2,0,0
139052,2916,9.903988947121565,37.79728212340634,1,0,0.01014661314847604,0.015102304387734782,-1,2,3,0,0
139084,2917,87.56331466252277,40.51675603866513,1,1,0.07306907887227257,0.018910679631806555,0,9,5,8,1
139111,2918,71.1579834434408,35.47858010689885,1,1,0.04556509832669735,0.02522234448641322,0,7,4,0,0
139158,2919,166.36995914527586,43.52119737184002,0,1,0.022155255885128608,0.03374706883586226,1,11,5,11,11
139207,2920,31.32871864018513,489.74308396624065,0,1,0.06182920612647138,0.13132102207222388,1,9,45,15,5
139223,2921,86.07060872549813,15.172781282822935,0,1,0.04409509405919105,0.01910346304003899,1,4,2,3,0
139250,2922,145.31422899328143,36.99970947800451,0,1,0.06609112656605763,0.016023449646702517,1,10,5,6,0
139258,2923,15.961079674766655,57.7025593870227,1,0,0.05066876767388655,0.04649195068309288,2,2,2,0,0
139265,2924,66.38140605531316,10.270587125873845,0,1,0.068215876232759,0.05313188084940934,1,3,2,0,0
139291,2925,71.49040931597983,35.64593271331484,0,1,0.02956926784887637,0.010952361413944345,1,3,3,15,0
139299,2926,52.07967661692993,25.834336167726065,0,1,0.04115515775584764,0.0373746711779247,1,2,3,0,0
139307,2927,56.37852323025675,15.712764536493278,0,1,0.04195592547001495,0.03208001245680504,1,2,2,0,0
139314,2928,50.25237209384153,22.561997913904754,0,1,0.049608780187008934,0.05160244153986097,1,2,3,0,0
139345,2929,132.01959856669995,35.77466159259369,0,1,0.18372274728367335,0.028985597856842814,1,8,4,5,0
139356,2930,70.85928151802062,25.665681065352935,0,1,0.03960115653541529,0.032791715605254006,1,3,3,0,0
139856,2931,-1448.6776920218774,6304.197450788348,0,0,0.004808345031560598,0.06766454971009356,0,5,583,17,0
139865,2932,10.460261654044803,70.34980937492273,1,0,0.04212882310048043,0.03884634429876183,2,2,3,0,0
139873,2933,57.87369610089948,16.5131897811794,0,1,0.05429962914066896,0.04718050445759219,1,2,2,0,0
139881,2934,75.28886757377482,6.7259488522893065,0,1,0.06275681100616272,0.02837772966542198,1,4,2,0,0
139911,2935,-69.16986841290903,550.4412524430521,1,0,0.0285979273537585,0.28571748756334825,2,5,44,12,0
139918,2936,78.31955322962284,9.053180518237625,0,1,0.11368181187787088,0.05165850492208947,1,4,2,0,0
139926,2937,78.06324282405339,8.679081572619555,0,1,0.048913834492799714,0.033750314827641195,1,4,2,0,0
139960,2938,117.9836550575297,43.01477105029872,0,1,0.02778040986284242,0.02847674251332081,1,7,4,6,1
139968,2939,67.95220584627896,13.831187591039676,0,1,0.051869629101209416,0.03815697812970273,1,3,2,0,0
139998,2940,97.84103875694494,48.422350645403895,0,1,0.044368632128780346,0.022768585177177194,1,6,5,18,0
140006,2941,67.91966900208696,11.047388907350712,0,1,0.0752168611835465,0.046559730109234226,1,3,2,0,0
140014,2942,62.922392777873526,23.306805639246733,0,1,0.03945265523642063,0.0285155913387506,1,3,3,0,0
140514,2943,-2315.630960231462,9544.287545298263,0,0,0.00222213458024733,0.13185158467897024,0,5,881,34,1
140529,2944,7.085285551735835,87.77579308374636,1,0,0.01327355606786603,0.02710777790884947,2,2,5,0,0
140601,2945,157.89141335831255,142.47094228128714,0,1,0.08619448508915831,0.04639062771427105,1,11,13,16,27
140610,2946,70.48627620178249,14.579976084851078,0,1,0.0625491379400232,0.05008862499528904,1,3,2,0,0
140622,2947,-2.633448292969627,143.2339809955506,1,0,0.029913173222827705,0.15582613921148178,2,2,9,0,0
140630,2948,57.2708085281635,15.06012520575694,0,1,0.04592438999212243,0.041728615315339244,1,2,2,0,0
140639,2949,12.000017994954293,68.36122338022186,1,0,0.026168423794488433,0.030440199197215523,2,2,3,0,0
140649,2950,15.666430375556395,89.13992018644348,1,0,0.05705525850163802,0.15743428889803335,2,2,4,0,0
140659,2951,62.45390228152871,17.38811988982311,0,1,0.04804670629868589,0.0320567322937997,1,2,2,0,0
140668,2952,64.38350837026012,15.511033119437137,0,1,0.04422397104421803,0.03524907705294016,1,2,2,0,0
140709,2953,114.64830804307526,36.68815432118364,0,1,0.03855541547424073,0.03066972776621179,1,6,3,18,2
140724,2954,72.9463123333968,15.205963840217333,0,1,0.04462849659493888,0.024195337435146687,1,3,2,2,0
140734,2955,-0.79452544969946,141.0252462778183,1,0,0.03905152038099191,0.2991525358432388,2,2,8,0,0
140742,2956,68.17064058481903,14.816436981161589,0,1,0.08064698049738904,0.06656195174418388,1,3,2,0,0
140774,2957,134.47657043242484,20.818246736145447,0,1,0.03546144964695534,0.024129484732234734,1,8,3,4,0
140782,2958,12.512047335669727,54.4831598720223,1,0,0.044044531842326116,0.0608838869497256,2,2,2,0,0
140798,2959,19.344453188289084,84.34233714872269,1,0,0.011264358887098822,0.052640511293553224,2,3,5,0,3
140805,2960,65.08966729430989,11.35339371579268,0,1,0.06451141661331423,0.049845781675286506,1,3,2,0,0
140814,2961,65.80769164069537,9.310500104065149,0,1,0.03506476856815058,0.032782531712759355,1,3,2,0,0
140822,2962,56.019580985198616,15.611361820604497,0,1,0.03010888993289025,0.03754940011040715,1,2,2,0,0
140957,2963,-153.31636823704088,1273.6163867544053,0,1,0.016218187535838185,0.0879493052332048,1,9,116,52,3
140964,2964,12.893743187550008,55.6748374918557,1,0,0.06209694110958565,0.06009128841665386,2,2,2,0,0
141034,2965,102.50994645578086,100.43656144368283,1,0,0.025328844641971975,0.017788373530620214,2,8,3,34,0
141052,2966,106.64647553811047,7.203655685268558,0,1,0.058040884127721695,0.022703509599629954,1,6,2,2,0
141059,2967,14.04234637684258,55.427025611884744,1,0,0.07960089683750372,0.06889965680194406,2,2,2,0,0
141067,2968,68.57228306078957,9.516867388384604,0,1,0.06303153106668449,0.046172971149000444,1,3,2,0,0
141077,2969,5.6508044296168904,95.84024763888466,1,0,0.05653643901278841,0.14258676860018946,2,2,5,0,0
141086,2970,59.01864964135554,17.79524853002676,0,1,0.06316050613015209,0.052055100513771144,1,2,2,0,0
141096,2971,33.442014430258055,61.286143095745786,1,0,0.0605968940528824,0.05851519840705628,2,4,3,0,0
141108,2972,80.5484115139223,18.793958937539266,0,1,0.094450056009816,0.04232883407777363,1,4,3,4,0
141238,2973,169.70970378463664,86.52357874852238,1,1,0.02755880338358034,0.024666601239080974,0,12,5,38,17
141269,2974,68.36319800385155,29.874944702237737,1,1,0.15015035987665698,0.022372146187287948,0,6,3,8,1
141283,2975,91.33472414079091,9.681887569227353,0,1,0.05714314448012798,0.029791092682842253,1,4,2,1,0
141311,2976,114.35847571299986,42.453511107855796,0,1,0.03169277512197285,0.022236466003912544,1,7,5,0,3
141335,2977,50.27428379462107,31.565525624251396,1,1,0.16132971211783376,0.028793558751833422,0,5,3,11,0
141414,2978,48.07331757096892,155.73481897396104,1,0,0.0848742436500114,0.03366004734034903,2,5,7,49,7
141467,2979,89.19569782177271,68.15965544692298,1,0,0.03367824659168734,0.022372665996031275,-1,9,5,27,1
141475,2980,69.88610305690729,15.142828924042327,0,1,0.08132230373625726,0.06824906499172317,1,3,2,0,0
141482,2981,15.03367014610196,54.967079171985134,1,0,0.04500233926561063,0.03571223505482276,2,2,2,0,0
141489,2982,54.939825970889785,11.073210745105541,0,1,0.037016356607685076,0.03628229838023334,1,2,2,0,0
141585,2983,-249.7066273681032,1339.858297169599,1,1,0.03031301775798655,0.13019537230756384,0,7,122,35,10
141593,2984,74.65197745105732,5.606760440797046,0,1,0.04083188578761158,0.021397749931956356,1,4,2,0,0
141660,2985,39.68267521833327,343.0085575228938,1,0,0.07178937688631332,0.11610737281399316,2,7,24,18,0
141684,2986,93.97113424228749,35.87182222399061,0,1,0.04231557987804363,0.03710601648714504,1,5,4,2,0
141701,2987,84.4530112952643,24.891392790758793,0,1,0.08933268671276019,0.06334024231702103,1,4,3,0,3
141708,2988,67.37617128965246,15.15787506857388,0,1,0.08597965221279717,0.0685267944235098,1,3,2,0,0
142208,2989,-1928.3525495776298,8256.431822549166,0,0,0.0095030175008729,0.08469832414039716,0,12,776,15,29
142255,2990,57.719221490551,31.088345886751426,1,1,0.0972283318399466,0.030785968776479176,0,5,3,20,31
142284,2991,82.56072371844365,35.232849437809314,1,1,0.18656090278176396,0.024892385387408997,0,8,4,11,0
142309,2992,132.62827161323412,18.451267238948166,0,1,0.10102690787059423,0.024229155231242566,1,8,3,4,1
142318,2993,67.03941456832217,12.874758369813513,0,1,0.0391574859297779,0.03198644970701692,1,3,2,0,0
142327,2994,70.65274956088889,13.42610346123973,0,1,0.06742845237156435,0.04663230298210833,1,3,2,0,0
142371,2995,122.42468931860434,45.96947345479613,0,1,0.05974751710230088,0.020219956399260323,1,6,3,4,0
142378,2996,65.36012829264564,10.169691405765922,0,1,0.048793526464304966,0.037800381321203336,1,3,2,0,0
142387,2997,21.578513295887483,82.714171846749,1,0,0.06072750012202536,0.21738115986933704,2,3,4,0,0
142396,2998,75.71670744882337,9.337693653699322,0,1,0.06470314255131451,0.021165248891778985,1,4,2,0,0
142433,2999,85.17869842351321,30.82686923595228,1,1,0.05792119035901256,0.022432546117356532,0,7,3,2,4
142441,3000,57.94183904682349,15.613041946961765,0,1,0.04813189228475155,0.04030607902766606,1,2,2,0,0
142449,3001,66.578476895618,13.159037695151504,0,1,0.0425397102877836,0.03475482482187785,1,3,2,0,0
142456,3002,66.98706218672692,11.659203042364542,0,1,0.06313354883639122,0.05063450214327372,1,3,2,0,0
142490,3003,64.3280007188065,68.0887182173066,1,0,0.048577473845991107,0.02070943328427097,-1,7,5,11,0
142496,3004,64.76113306236914,12.255598282484575,0,1,0.18587805929223802,0.042652709890367214,1,3,2,0,0
142504,3005,66.08550922624866,10.13212519421711,0,1,0.0534819940838342,0.04347093134656141,1,3,2,0,0
142567,3006,89.11740353515245,60.00709435474852,1,0,0.05040913796087742,0.01577955055788376,-1,7,3,21,14
142573,3007,74.05194813350494,4.108519114751342,0,1,0.07043456165519053,0.04915944474132176,1,4,2,0,0
142579,3008,75.93176453412065,6.575121747171485,0,1,0.19766008609079969,0.06845046893368778,1,4,2,0,0
142585,3009,65.64037220680164,10.508604621995897,0,1,0.10549027947243313,0.08847575874365902,1,3,2,0,0
142591,3010,62.46463538633074,9.352497813287815,0,1,0.0570714605478261,0.05097159323070651,1,3,2,0,0
142598,3011,74.35985934539465,7.547950260303871,0,1,0.05240055216915419,0.03534569744789861,1,4,2,0,0
142625,3012,43.78563863718196,78.04624098742732,1,0,0.18670218038512762,0.02898909144558575,2,5,3,18,0
143125,3013,-2122.593435982351,8968.45366104178,0,0,0.004681621549527622,0.11242553688685837,0,9,832,39,1
143154,3014,110.11787809145633,29.658514967724987,0,1,0.047402412956780056,0.02727899346487778,1,6,3,8,0
143162,3015,57.046431124902604,15.366550155154371,0,1,0.03547154137327904,0.030012225891669332,1,2,2,0,0
143169,3016,67.05669051186945,13.828746896777211,0,1,0.08308565044879124,0.06280463846976599,1,3,2,0,0
143175,3017,66.02531018093663,8.417883546127086,0,1,0.11480220079926884,0.060303822288525676,1,3,2,0,0
143675,3018,-2260.4748525621935,9486.063617303063,0,0,0.005670734729162815,0.12942756312549544,0,7,878,19,16
143701,3019,97.11693339525111,29.258188264611622,0,1,0.05805789325580972,0.028287393803901925,1,5,3,13,0
143708,3020,59.191970908593035,13.759278785751391,0,1,0.05251338179248914,0.04330973407875682,1,2,2,0,0
144208,3021,-1885.2967143667115,8283.576131237493,0,0,0.0031477687457997718,0.11196190829238611,0,10,765,7,30
144217,3022,1.350525415716767,115.72016576118645,1,0,0.029853070777735493,0.26485956940836136,2,2,6,0,0
144717,3023,-2198.5610764060502,9051.83124038297,0,0,0.003287574081678792,0.1143464416172473,0,9,841,51,0
144728,3024,77.38121858000734,8.274657197949168,0,1,0.047553934556181135,0.015084951434920222,1,4,2,0,0
144739,3025,73.84337538726828,47.22787084146601,0,1,0.20645169388630136,0.19175377676759647,1,4,5,0,0
144748,3026,63.23643896124831,11.653518325782596,0,1,0.03668589190777016,0.023758728066253197,1,3,2,0,0
144760,3027,69.93575647750345,49.12133841725948,0,1,0.07642290914266057,0.03324779083090618,1,4,5,0,0
144767,3028,55.61419587829508,12.346299373770389,0,1,0.03977308176341365,0.03480070138292898,1,2,2,0,0
144777,3029,65.4325666821653,24.78603590486638,0,1,0.09319188453701231,0.06051298692162351,1,3,3,0,0
144784,3030,13.514535422493871,57.0096602152288,1,0,0.03899695243446592,0.03210749024187747,2,2,2,0,0
144790,3031,66.47357097010392,-0.44024772357144215,0,1,0.09165105993331395,0.030986720060983654,1,3,1,0,0
144796,3032,62.489128697406535,7.314155567828713,0,1,0.06511030031293881,0.04477204338228536,1,3,2,0,0
144806,3033,71.2112110549047,32.59579456225137,0,1,0.08974100414553995,0.056225031902168335,1,4,4,0,0
144817,3034,75.74903772816371,9.661971089779577,0,1,0.03797153579806476,0.01802591134738139,1,4,2,0,0
144824,3035,23.06431709243976,60.73686290700296,1,0,0.030579829654141404,0.027726090117858544,2,3,3,0,0
144832,3036,66.6849619594557,8.092194362011973,0,1,0.02556577539154356,0.023217033291491915,1,3,2,0,0
144840,3037,16.320574856792724,59.62871109045766,1,0,0.03282066664265697,0.02819174700374676,2,2,2,0,0
144848,3038,65.44791245196723,9.352789684110924,0,1,0.05422506010089794,0.024676379144706214,1,3,2,0,0
144871,3039,95.504342849101,44.18639902211886,0,1,0.024528481325042522,0.019473969691375444,1,6,5,0,0
144879,3040,23.59358854754,51.08433311913322,1,0,0.03320569150938801,0.02544061586719705,2,3,2,0,0
144896,3041,3.472742662270356,126.07493175851701,1,0,0.014839566536326199,0.03196298362706151,2,2,8,0,0
144915,3042,34.20974068828576,76.20189955115853,1,0,0.02288252802962218,0.02625347878479098,2,4,4,0,0
144921,3043,75.5911616994319,7.142715029758115,0,1,0.20029626385873822,0.030158555360373245,1,4,2,0,0
144929,3044,64.22523573873295,6.8997856735731276,0,1,0.06293128034198997,0.023739677376925904,1,3,2,0,0
144937,3045,67.39274896097254,1.3469065132346607,0,1,0.04109417156164846,0.022997858705255014,1,3,1,0,0
144947,3046,-0.6817458936296834,107.44277285687971,1,0,0.023622327163083462,0.0714183010414687,2,2,7,0,0
144955,3047,66.17335846606404,8.173703084122167,0,1,0.02829438305813519,0.024038941089470377,1,3,2,0,0
144992,3048,109.94343235273489,70.6164448983649,0,1,0.09234976142100987,0.02920646727694045,1,7,7,16,2
145001,3049,70.73041425438859,28.716264766996826,0,1,0.10823799690623664,0.03939705450306727,1,4,4,0,0
145022,3050,57.87005845286147,195.67163753355703,0,1,0.03002449435850278,0.16405203686880152,1,6,18,0,0
145041,3051,55.964186912756404,125.46350447827268,0,1,0.03567874971339475,0.12349004327311461,1,4,11,1,0
145050,3052,20.84995504023754,52.89691711277736,1,0,0.025833667761445536,0.029532438677283557,2,2,1,0,0
145058,3053,56.611209017665814,14.801335652725319,0,1,0.031456777673953946,0.02696892257268951,1,2,2,0,0
145066,3054,69.94948229172716,2.797708848671478,0,1,0.04480906579990229,0.02538205606249269,1,3,1,0,0
145080,3055,35.56351330886487,20.03991999673897,1,1,0.039339506573458506,0.017348161468439906,0,4,3,4,0
145091,3056,67.09925841017673,14.623342705533343,0,1,0.025506258045634198,0.01847835234092871,1,3,2,0,0
145099,3057,67.05153448185588,7.716797588334437,0,1,0.030303043489744167,0.025636042817299462,1,3,2,0,0
145178,3058,141.94534627431418,111.16738579460326,0,1,0.01678526839231682,0.03536620609898864,-2,12,10,30,3
145200,3059,38.43714370360922,175.36865867471536,0,1,0.04965881351444413,0.09003638569938793,1,4,17,1,0
145208,3060,56.165903187849665,14.246801746083353,0,1,0.030123162475943155,0.03227580309777235,1,2,2,0,0
145219,3061,10.128371386534447,77.6486253383973,1,0,0.024523283657115567,0.03876667727118149,2,2,4,0,0
145230,3062,62.23369859207048,17.750516752099124,0,1,0.01821532034182144,0.018488370585858335,1,2,2,0,0
145251,3063,101.84108871421421,42.601510904501836,0,1,0.124768276096075,0.03642095409697571,1,5,4,3,0
145261,3064,68.71686541699333,44.21735554164089,0,1,0.1467507921353577,0.11817349684814929,1,4,5,0,0
145268,3065,62.82571611261747,8.052443170255717,0,1,0.059808008593393185,0.033551127880100944,1,3,2,0,0
145280,3066,8.067490583106338,78.75255129800561,1,0,0.019979301759262044,0.06995640143241781,2,2,4,0,0
145290,3067,84.8352548219528,20.33665520034657,0,1,0.30060294620854666,0.022288928577894617,1,4,3,0,0
145298,3068,70.36995016298724,2.3698953839160986,0,1,0.039077712394082115,0.024373941728931342,1,3,1,0,0
145305,3069,67.78308534338028,-2.1853235368770516,0,1,0.053753136677822486,0.02412895017148836,1,3,1,0,0
145312,3070,73.34332072237015,4.814821827359555,0,1,0.0553087373732714,0.029217101989550992,1,4,2,0,0
145320,3071,66.28809038038864,-2.1637176144291903,0,1,0.04155628446251438,0.018949572206460142,1,3,1,0,0
145820,3072,-2110.476536789692,9111.890757671927,0,0,0.004044549092683022,0.12566411501430386,0,10,841,18,0
145882,3073,46.37127709783374,360.5564321656572,1,0,0.03399238187022331,0.09651606202546147,2,9,26,7,8
145898,3074,36.03343322846088,57.906374296416374,1,1,0.16114565487088203,0.09506290011903168,0,5,6,2,0
145907,3075,68.48432726042503,13.203169934174332,0,1,0.025374931487577652,0.018785013452248797,1,3,2,0,0
145916,3076,75.0954743367092,6.662233319803825,0,1,0.029803424306490536,0.021528354298445664,1,4,2,0,0
145931,3077,74.81616527056761,15.560596321583658,0,1,0.05089148897269171,0.024008215939840483,1,3,2,3,1
145938,3078,76.43183892388275,9.716447545032723,0,1,0.1281115451076424,0.032393070601481895,1,4,2,0,0
145960,3079,44.814977218034045,219.42650143144053,0,1,0.05777851013231266,0.13950699829917682,1,5,20,4,0
145996,3080,46.07726351195598,56.087860016682846,1,1,0.047048988512000386,0.017522107679340253,0,5,5,13,4
146004,3081,15.574257266366898,58.153783565143094,1,0,0.028115591005645275,0.026262259107831608,2,2,2,0,0
146014,3082,12.633079012122852,71.3466294445588,1,0,0.022357821999331194,0.02183377915562939,2,2,3,0,0
146102,3083,104.98127064304899,98.54641269801569,0,1,0.015551198275310806,0.04840391144282112,-2,8,7,58,13
146109,3084,73.89414499154135,7.077624615855859,0,1,0.05755996319781873,0.02914540422477387,1,4,2,0,0
146116,3085,53.71993199274803,13.830020260612264,0,1,0.0337230557773753,0.028137013245648875,1,2,2,0,0
146147,3086,79.78585271400519,34.79445876550393,1,1,0.05719177496870009,0.03058562525281818,0,8,4,7,0
146195,3087,93.12604442142857,53.64589019209127,1,1,0.035436561659301806,0.01725100036720657,0,8,4,14,1
146224,3088,113.49768238588155,124.29949504197378,0,1,0.04131562765556614,0.053072033479457645,1,9,13,0,3
146231,3089,56.07750522541399,10.65459297779265,0,1,0.036937269336086084,0.0317552800093144,1,2,2,0,0
146254,3090,103.13505626773568,66.91726451109247,0,1,0.06937840232443966,0.042650178714046603,1,6,7,0,3
146261,3091,55.13984315706134,10.99244037855782,0,1,0.04156538675094517,0.032816760162796124,1,2,2,0,0
146288,3092,106.04646575077422,48.2131064913593,0,1,0.05975580082497851,0.027079552931013745,1,6,6,5,13
146297,3093,6.836965730266728,76.8183157930247,1,0,0.038353523838724195,0.06541415335626209,2,2,4,0,0
146312,3094,66.63905247646018,111.15946358052446,0,1,0.05730411059019749,0.18755225371326628,1,5,10,1,0
146322,3095,10.408838574885856,69.16507003471041,1,0,0.030979799484041438,0.03379832945778902,2,2,3,0,0
146328,3096,74.88985409704924,7.658337243441537,0,1,0.10094331624044572,0.06135280129401494,1,4,2,0,0
146343,3097,79.04696122259485,20.5942211123061,0,1,0.0908408456704262,0.04929000101203424,1,4,3,6,0
146351,3098,56.492021356113725,19.075209056661052,0,1,0.06198344795965047,0.05482148981140698,1,2,2,0,0
146358,3099,67.57701228359906,1.2249752894713897,0,1,0.06756436505622647,0.026470426547395,1,3,1,0,0
146366,3100,60.474415723119506,1.7267929652155019,0,1,0.03532731205445467,0.02624853023060611,1,2,1,0,0
146374,3101,63.05165520926472,11.519578668509638,0,1,0.04257416868655015,0.025797449387942244,1,3,2,0,0
146382,3102,63.911339691235256,9.190959978475973,0,1,0.034290875500693305,0.02827445966495607,1,3,2,0,0
146389,3103,63.720622920362445,9.009859689524326,0,1,0.05171520216136282,0.030406697388286087,1,3,2,0,0
146396,3104,15.347159921641317,53.84474128967386,1,0,0.036676187489941156,0.03140747789010831,2,2,2,0,0
146402,3105,74.03735165396077,3.7089328404947643,0,1,0.2805437884834518,0.04325169866644418,1,4,2,0,0
146422,3106,84.79543550518792,91.50919408319754,0,1,0.04976803358438788,0.033719087836636664,1,6,10,0,0
146446,3107,81.71175123094181,62.28008425454652,0,1,0.042125404282288566,0.046829718172725306,1,4,6,3,3
146465,3108,71.52601781777341,124.65486312864643,0,1,0.051766670483604664,0.054264630333867726,1,6,13,1,0
146473,3109,16.2755245018601,64.75732872349664,1,0,0.05373397868254894,0.03874516270420649,2,2,3,0,0
146484,3110,7.377768273253054,85.83936123920242,1,0,0.021859036823822828,0.04601255617237756,2,2,5,0,0
146490,3111,12.002661896198154,53.51029318525055,1,0,0.04509771687117542,0.03758125901821095,2,2,2,0,0
146497,3112,12.075425945961587,52.927673338869816,1,0,0.03339986863427815,0.03227589850709313,2,2,2,0,0
146505,3113,58.313585404363266,16.37942757613574,0,1,0.02262930925024347,0.02579137971368431,1,2,2,0,0
146512,3114,55.673904570172866,13.944809303469523,0,1,0.03906131968224021,0.03279578828040368,1,2,2,0,0
146535,3115,108.60015967268703,46.80417686934491,0,1,0.08098414029790789,0.027266666181606558,1,7,6,4,0
146543,3116,74.44920960685985,6.531802381547287,0,1,0.03890103303603193,0.028314436986974355,1,4,2,0,0
146551,3117,56.78477502353927,13.595241633359803,0,1,0.024399142118425775,0.025415513162294692,1,2,2,0,0
146557,3118,65.58193029464245,9.418743313226651,0,1,0.09949500404888918,0.06367625252904048,1,3,2,0,0
146582,3119,75.01893435666422,100.8016134406089,0,1,0.058429862436087276,0.1362669418209583,1,4,8,2,2
146593,3120,78.8281622869592,42.021329215684034,0,1,0.08032549243027472,0.053688462482817,1,5,5,0,0
146660,3121,111.29730086855152,86.69831645809026,1,0,0.014687092658906211,0.027794799880553726,-1,8,6,0,9
146667,3122,16.816006623090527,53.20052765876042,1,0,0.05322508100089154,0.040640046292229316,2,2,2,0,0
146674,3123,53.99956792285958,16.221673476179827,0,1,0.03576798351718465,0.02505992795919888,1,2,2,0,0
146745,3124,109.9097928236782,191.66746190964366,0,1,0.11967927075212026,0.07757058770145657,1,7,15,33,15
146753,3125,1.5533917318928836,59.54118847625098,1,0,0.02330018111835641,0.03605526382523233,2,1,2,0,0
146763,3126,6.420989014376968,78.40346764912331,1,0,0.021805443593150817,0.030519782118173782,2,2,4,0,0
146771,3127,12.426697733770535,65.13865095548562,1,0,0.03611703825154177,0.059416886684622645,2,2,3,0,0
146778,3128,15.218777804502757,54.78682219636291,1,0,0.04536922398887205,0.036902395803725396,2,2,2,0,0
146790,3129,81.05901757632967,44.912317591246875,0,1,0.09454933817728112,0.08463324724749632,1,5,5,0,0
146817,3130,53.82577648202673,45.90877384264587,1,1,0.2382912395908964,0.016795680995768898,0,6,5,12,0
146827,3131,61.682103320174846,13.373113913891872,0,1,0.037612319780289165,0.026092840614874303,1,2,2,0,0
146844,3132,58.79600234004176,125.07387125213013,0,1,0.04565924623432492,0.17997515456297705,1,4,11,0,0
146851,3133,67.60161624663316,0.2267604191561432,0,1,0.04295246858422915,0.026738801630715882,1,3,1,0,0
146861,3134,76.17295473369451,8.772816748752291,0,1,0.03045257375942543,0.02381491930697518,1,4,2,0,0
146879,3135,80.56901063025627,38.69767429505066,0,1,0.0692698970912707,0.030549486532251757,1,4,4,0,1
146887,3136,64.60942641286194,12.915474558230315,0,1,0.029884333475352565,0.022746521044997137,1,3,2,0,0
146917,3137,89.79839218226734,31.843465204211245,0,1,0.0446514601573542,0.014459470650662314,1,4,3,8,0
146927,3138,66.09887006826175,8.989445328556549,0,1,0.03124332263834541,0.019198678415877184,1,3,2,0,0
146938,3139,72.84715059275938,35.82241872726808,0,1,0.10111382706308336,0.04440443229059481,1,4,4,0,0
146960,3140,88.33153560072255,46.93855799433717,0,1,0.041542752618265004,0.027063380203020262,1,5,5,10,0
146967,3141,55.87334192891848,13.910438696827322,0,1,0.05191383369879293,0.03826904893858255,1,2,2,0,0
146979,3142,72.3142769635554,59.64474438364165,0,1,0.09148800026492444,0.0975053697955857,1,4,6,0,0
146986,3143,66.97535800965778,14.043579844493102,0,1,0.07387715417659914,0.04599907093361072,1,3,2,0,0
146994,3144,13.347929571708923,54.5442335536397,1,0,0.03074163599115548,0.02597729448437043,2,2,2,0,0
147000,3145,65.32921420526067,9.533645236575293,0,1,0.09909039511750085,0.057157687552133386,1,3,2,0,0
147054,3146,139.69561550683753,57.78931993954569,0,1,0.0526971152842543,0.033182221692545096,1,8,5,11,6
147554,3147,-2129.570710409382,9044.123935611065,0,0,0.0036411854673378966,0.12545839715192605,0,9,837,56,42
147564,3148,68.15486415014135,9.077697813924816,0,1,0.05390985558877988,0.02110872007263213,1,3,2,0,0
147574,3149,81.9301447358836,29.93181100538421,0,1,0.13632603625800724,0.05104855641971081,1,5,4,0,0
147591,3150,38.840348162238215,166.60268518897968,0,1,0.04720596972142366,0.12264002328606874,1,4,16,2,0
147597,3151,62.91762053140786,10.41131171933513,0,1,0.08442000302074924,0.04816001886555658,1,3,2,0,0
147606,3152,76.41144502229781,-2.969184383847008,0,1,0.031493581928183106,0.012192009384425724,1,4,1,0,0
147613,3153,25.61265764565671,53.68227838364229,1,0,0.041671262909766436,0.03320268628748608,2,3,2,0,0
147627,3154,82.59981140101712,82.53803982294536,0,1,0.14664635230658463,0.05343007350633934,1,5,9,2,0
147633,3155,64.6344681752723,10.26400243728211,0,1,0.21333149927605033,0.05581705970416756,1,3,2,0,0
147639,3156,63.24996230538984,8.849978632851453,0,1,0.06732618720228414,0.06064258519188892,1,3,2,0,0
147646,3157,63.56643178049484,11.065935410182563,0,1,0.10341427404199297,0.025178500251739372,1,3,2,0,0
147658,3158,-3.2780163697274247,123.13470347071679,1,0,0.018816730947011303,0.081151108407729,2,2,8,0,0
147665,3159,68.3167123616652,15.264668422233466,0,1,0.08513640780632671,0.0693506217888671,1,3,2,0,0
147681,3160,14.256801953698105,56.1622225051069,1,0,0.010262760690792797,0.03154597314104114,2,2,2,0,3
148181,3161,-1909.2266233299429,8201.492215952729,0,0,0.004444501293425575,0.11360659293148397,0,10,755,49,11
148207,3162,53.192789519302806,207.3844249499217,0,1,0.054733084814467675,0.11428387210494087,1,5,19,3,0
148227,3163,100.41683508484294,32.68573651130144,0,1,0.0895490293001846,0.03359967026335465,1,6,5,0,12
148233,3164,63.21510774418263,6.238826047314163,0,1,0.07492320565710399,0.036337020006782454,1,3,2,0,0
148256,3165,88.03596514125215,45.071888960060605,0,1,0.02053126463762284,0.025160815188372515,1,5,5,0,1
148276,3166,60.0091705527104,114.88137452504452,0,1,0.09808922392756345,0.12427836362934566,1,4,10,3,0
148300,3167,109.99612413973384,48.80002187787324,0,1,0.07593914499550002,0.032647783991475395,1,6,5,3,0
148310,3168,9.5689191487279,75.11444526604694,1,0,0.020246119929627934,0.03246262788805811,2,2,4,0,0
148323,3169,88.60693940356906,24.989187774419474,0,1,0.2468212408022151,0.037879881476913894,1,4,3,0,0
148329,3170,74.62232695185558,4.832154125187195,0,1,0.22253341531800777,0.04101243468966368,1,4,2,0,0
148336,3171,14.27228822451767,52.38393295096496,1,0,0.03700422467333421,0.031946396908081584,2,2,2,0,0
148359,3172,94.24102742577043,38.418911164954,0,1,0.05909881882518958,0.03176731829231277,1,5,4,11,0
148377,3173,57.25085524147596,135.1627836356269,0,1,0.04389859324006555,0.058619681909475786,1,5,14,0,0
148399,3174,20.186741346122368,44.86378663599432,1,1,0.16764699164776362,0.04028895255594146,0,3,4,10,0
148411,3175,102.66520181389734,19.73587674716636,0,1,0.12222256204712374,0.09946223488258556,1,6,3,0,0
148427,3176,97.33988141687223,40.16677222958686,0,1,0.09310012839548194,0.06332810195374537,1,5,4,0,0
148434,3177,26.42846383910632,53.241427852546046,1,0,0.03386033427500734,0.05437243196692212,2,3,2,0,0
148441,3178,56.570586716800264,12.624926563958422,0,1,0.06340665964405481,0.04528462498913776,1,2,2,0,0
148453,3179,91.78049225065124,41.134217898338164,0,1,0.09547512773190527,0.04447631595988102,1,6,5,0,0
148460,3180,63.843530619501244,11.329877350968115,0,1,0.06240168702324903,0.05003150920564281,1,3,2,0,0
148466,3181,62.80364117318001,9.809638635805578,0,1,0.05354539086378445,0.034957303116835696,1,3,2,0,0
148473,3182,53.070091126827975,13.605958882523375,0,1,0.06483917010653355,0.045567161597137015,1,2,2,0,0
148481,3183,55.01835980775796,11.276645164653393,0,1,0.03313516422467942,0.03000189910465525,1,2,2,0,0
148487,3184,74.86914025249838,5.576149876105724,0,1,0.08747277184186798,0.06528591888744856,1,4,2,0,0
148493,3185,64.0055213236482,10.423730033749917,0,1,0.080116671263354,0.04318687841275723,1,3,2,0,0
148502,3186,11.115358002351819,73.29069423884602,1,0,0.028501437853507585,0.06422179650493873,2,2,3,0,1
148516,3187,23.36659288351832,63.77241447886607,1,0,0.029670291655631564,0.11485345229417418,2,3,3,0,3
149016,3188,-2050.315377481463,8678.757288966654,0,0,0.0013241217123441782,0.1140435205925078,0,7,802,34,10
149023,3189,62.56707595640893,12.336630100964863,0,1,0.05763722558162415,0.03102572093736974,1,3,2,0,0
149086,3190,28.459155320795357,190.33303111582012,1,0,0.08364504515964499,0.055377549960154586,2,5,12,45,3
149180,3191,147.6831350614117,98.48263445441043,1,0,0.08891933822024532,0.04688751015254127,2,11,3,26,4
149186,3192,63.36943421946674,7.545882198644787,0,1,0.06880453963860618,0.048133257699394444,1,3,2,0,0
149192,3193,63.03246583855612,9.256308423060478,0,1,0.0805294599954293,0.05857976918416696,1,3,2,0,0
149199,3194,55.729827803779216,12.890077522133556,0,1,0.03901491475591724,0.04238573811697884,1,2,2,0,0
149208,3195,58.8441909069753,14.80214403885331,0,1,0.03806934067708356,0.039542840613443944,1,2,2,0,0
149275,3196,165.22963501169122,48.213396423595285,0,1,0.02859237664946,0.025338094229679968,1,10,3,28,2
149282,3197,64.7591940905927,7.836315846626661,0,1,0.041357380391456096,0.03550987713388229,1,3,2,0,0
149335,3198,83.44186586862939,83.74907991512059,1,0,0.026239573737315416,0.04539343334883051,2,7,4,9,18
149346,3199,75.89391824975289,10.859320847343444,0,1,0.03780395359049137,0.014596214616438596,1,4,2,0,0
149353,3200,54.48764201171031,14.277360072902162,0,1,0.043433327555626,0.03558568762242974,1,2,2,0,0
149359,3201,64.62918788190468,10.949561567104839,0,1,0.08174009263923374,0.06479753881094073,1,3,2,0,0
149367,3202,68.72379535239924,15.107406061220633,0,1,0.07120225401790901,0.055726197065986076,1,3,2,0,0
149388,3203,44.2453729139571,23.534215216225203,1,1,0.33577843520905365,0.028740158008642824,0,5,3,12,0
149395,3204,74.603316191552,8.570420016623796,0,1,0.0628501603958888,0.052783200913955955,1,4,2,0,0
149401,3205,64.00908487327268,8.984383484098709,0,1,0.07363513626417291,0.05469029587748733,1,3,2,0,0
149413,3206,79.97102171213065,26.56621179939454,0,1,0.11714725918624719,0.09102028727954921,1,4,3,0,0
149421,3207,57.75951858903514,15.292587483325265,0,1,0.043948639665234865,0.03349785226102496,1,2,2,0,0
149444,3208,38.70817896210763,195.94198818315664,0,1,0.04141620303383344,0.07316844418166682,1,4,19,1,0
149450,3209,75.95325124852371,5.267769479005118,0,1,0.2777085438685891,0.04146027954533118,1,4,2,0,0
149457,3210,74.32208633650981,9.008976890067135,0,1,0.05480681727977916,0.0467772348272136,1,4,2,0,0
149497,3211,110.00996624669546,72.93198141758032,0,1,0.02609336923332367,0.04578850821087162,1,7,7,12,1
149507,3212,67.00689433048902,12.309488464534205,0,1,0.04543040182561254,0.024396494230080258,1,3,2,0,0
149514,3213,54.75671999198728,15.21201995856408,0,1,0.07647730585077943,0.07068734486934589,1,2,2,0,0
149521,3214,63.0890385227994,14.171919787042743,0,1,0.06030360211918366,0.059926021051264475,1,3,2,0,0
149529,3215,57.293286136567005,13.269950365676635,0,1,0.04466074855706276,0.03886708897997969,1,2,2,0,0
149535,3216,66.25429500101367,15.177078260368145,0,1,0.22183966701874783,0.10239683470319429,1,3,2,0,0
149543,3217,13.352111634028297,67.83632849101899,1,0,0.039530900202003796,0.047678637094286734,2,2,3,0,0
149548,3218,75.7828487487617,4.631235731495687,0,1,0.23084345688167537,0.09661193875267009,1,4,2,0,0
149555,3219,66.53167775643769,11.501024216240708,0,1,0.0838128903597467,0.07118378145885633,1,3,2,0,0
149563,3220,63.341872338519764,11.625800415287017,0,1,0.062358241061031286,0.03390587756967179,1,3,2,0,0
149569,3221,64.48475130079117,7.012401812448619,0,1,0.06467613922737049,0.047861900689061244,1,3,2,0,0
149576,3222,71.29954098579601,16.711541348054304,0,1,0.13560636494410439,0.04037053068323076,1,4,3,0,0
149583,3223,66.61761233986661,12.167803008728765,0,1,0.08985042037304215,0.07860548579081741,1,3,2,0,0
149590,3224,64.79522933115295,11.849138648872614,0,1,0.05739835572071953,0.04622361630307414,1,3,2,0,0
149688,3225,160.4732543992012,130.2729364252673,0,1,0.020540837916632065,0.03827637495050812,-2,12,10,22,7
149694,3226,76.963173562415,10.06591132508953,0,1,0.1298368992466358,0.07933521793859849,1,4,2,0,0
149700,3227,67.18738131108147,12.962664922047178,0,1,0.21942553049396576,0.0768333405454323,1,3,2,0,0
149706,3228,62.93318963232579,8.204632252315584,0,1,0.06508970454451297,0.04026269995364202,1,3,2,0,0
149712,3229,75.71282157654394,7.715589417602876,0,1,0.1761833218615297,0.07556247183727922,1,4,2,0,0
149718,3230,65.97345264797836,8.28102720240567,0,1,0.23603487210016116,0.051241431230984326,1,3,2,0,0
149728,3231,71.05021066828391,42.41254038542918,0,1,0.12860301812120828,0.06389861097512488,1,4,5,0,0
149739,3232,73.87926199471569,33.61669565650468,0,1,0.09776990732827974,0.06141166793934254,1,4,4,0,0
149749,3233,72.7326250030714,36.569291737072206,0,1,0.12182682538030118,0.07958697117176931,1,4,4,0,0
149788,3234,113.13623387048584,27.8471286239592,0,1,0.06918434406260128,0.04321381611895507,1,6,3,20,1
149797,3235,56.09360225418348,44.05325828532875,0,1,0.13150447620014757,0.0556060430836541,1,3,5,0,0
149870,3236,107.3205702197912,108.56506604335462,1,0,0.07830440339229222,0.017488693372581837,2,9,4,42,1
149878,3237,64.43176154495771,13.612240860026908,0,1,0.0306556648357751,0.024429947227782987,1,3,2,0,0
149889,3238,73.95869631990831,35.387664008853136,0,1,0.09734824254559973,0.07795985800902235,1,4,4,0,0
149921,3239,122.26742365499386,54.28144663001777,0,1,0.25099476653563496,0.13014905647771863,1,6,4,7,0
149936,3240,62.98995020127898,76.35728505466874,0,1,0.06975243984004198,0.03401641569484432,1,4,8,1,0
149949,3241,83.6484324904688,31.22444804833659,0,1,0.05307159449106372,0.04049237891783529,1,5,4,0,0
149955,3242,63.68646946041186,8.983404395414237,0,1,0.05283602078699289,0.04180077691267467,1,3,2,0,0
149977,3243,125.33166034267413,33.39267145037124,0,1,0.07820618286684759,0.05774362434652571,1,8,4,7,0
149988,3244,81.2070714501353,32.91051373320663,0,1,0.03546899594869013,0.04224395209278852,1,5,4,0,0
150009,3245,38.77343725881475,32.276821466332024,1,1,0.15995061787913079,0.0184138185112736,0,4,3,10,0
150015,3246,73.93349574578544,5.520578483111681,0,1,0.06639258771149269,0.05790571389570831,1,4,2,0,0
150022,3247,67.74924396869429,12.249156052873284,0,1,0.08755201247682601,0.07019917398526868,1,3,2,0,0
150028,3248,63.34568352888067,9.681801868948039,0,1,0.0584868207396814,0.055655146533592624,1,3,2,0,0
150046,3249,49.33059916841123,165.38755138730912,0,1,0.270497173203308,0.1547023498502168,1,4,15,2,0
150055,3250,54.9292556743136,17.596840723698815,0,1,0.05748796452927282,0.037657409041269005,1,2,2,0,0
150071,3251,100.30738057246379,19.96360616304542,0,1,0.03694829026599728,0.032303427291432533,1,6,3,0,5
150088,3252,92.39341199860219,39.327493236261574,0,1,0.06866896387524768,0.03246795094338283,1,5,4,0,0
150095,3253,53.2072040573887,10.684544315787189,0,1,0.04140194376450602,0.03220617822480554,1,2,2,0,0
150106,3254,67.73844419367481,39.43730607903725,0,1,0.11963565311826611,0.10327644232850403,1,3,4,1,0
150115,3255,55.949204068800555,15.89698243182115,0,1,0.0791075898517537,0.04415338879246516,1,2,2,0,0
150122,3256,63.7733900487764,11.969359950158198,0,1,0.06512969448667796,0.04898832097391949,1,3,2,0,0
150147,3257,73.90522381801063,38.60682950810952,0,1,0.026205001513683164,0.023153856312248977,1,3,3,2,0
150162,3258,90.74430207272871,20.295489114194897,0,1,0.1094891118905717,0.04982059585383147,1,5,3,4,0
150201,3259,118.22386639398528,38.22949716544941,0,1,0.03355919014024934,0.03172783634338548,1,6,3,7,1
150208,3260,64.29646658916002,12.252619288489456,0,1,0.07334549338009397,0.05202020600836138,1,3,2,0,0
150214,3261,64.06299963283604,8.761821542115722,0,1,0.08004853420330153,0.06390519444042554,1,3,2,0,0
150222,3262,58.937719120103736,17.159225553732053,0,1,0.0696376669166313,0.06143653929050969,1,2,2,0,0
150242,3263,75.50714921584384,31.46279595478687,0,1,0.09558665198103919,0.039099805931218826,1,3,3,3,1
150248,3264,63.8235833660808,9.358573863376336,0,1,0.08906888606638703,0.05945038939895841,1,3,2,0,0
150267,3265,33.03327666015982,189.05757104109608,0,1,0.0400918354381351,0.20793343977723722,1,3,16,0,0
150279,3266,75.73546519955433,33.24606315386644,0,1,0.07498297387036215,0.03490742322395924,1,4,4,0,0
150287,3267,67.27011652447572,11.042031080401966,0,1,0.12434568226567588,0.06668598858717203,1,3,2,0,0
150293,3268,63.721357641754054,9.15643681281011,0,1,0.06935090099737164,0.05491928353227824,1,3,2,0,0
150302,3269,71.51496932874414,29.295788772221883,0,1,0.12718418037180065,0.054249282894065096,1,4,4,0,0
150308,3270,65.07218905762815,8.79697916418247,0,1,0.06461335793887525,0.04875256891642112,1,3,2,0,0
150314,3271,65.25278349729999,11.391645618964962,0,1,0.08437033979100549,0.06054411400782459,1,3,2,0,0
150320,3272,65.05496417408258,11.104452641480414,0,1,0.06689564602509372,0.05319014623914667,1,3,2,0,0
150326,3273,65.18067394672923,8.746820848619262,0,1,0.07448284638790162,0.06098519811598041,1,3,2,0,0
150332,3274,63.43746216024235,9.056332008904736,0,1,0.08623684113230763,0.05431688244321109,1,3,2,0,0
150351,3275,96.05538461248386,25.769207424944533,0,1,0.06143873155003908,0.03721791785509007,1,5,3,5,0
150358,3276,53.91934670922839,16.96175396905575,0,1,0.0851923905646766,0.05924837253808324,1,2,2,0,0
150367,3277,13.524575465089193,57.315751751195606,1,0,0.027237067338520073,0.020723144553836812,2,2,2,0,0
150376,3278,56.02153966434988,15.432298700879066,0,1,0.03141200072576536,0.027894510451658455,1,2,2,0,0
150384,3279,56.11371501531136,17.70675122273613,0,1,0.0560625482882341,0.052630754673949766,1,2,2,0,0
150390,3280,64.03600149873955,8.958763331308058,0,1,0.09141756028010468,0.06209714271957525,1,3,2,0,0
150396,3281,53.27511349970089,13.563722173021493,0,1,0.09836938982502941,0.05718112114003162,1,2,2,0,0
150402,3282,53.296755752336566,12.355108047095147,0,1,0.09347735481997614,0.05817296768846325,1,2,2,0,0
150408,3283,63.91573748892782,8.241210289982057,0,1,0.08977919346544157,0.04882423373056575,1,3,2,0,0
150414,3284,64.39559036304378,10.432336512833235,0,1,0.09325197092411004,0.06665748398107062,1,3,2,0,0
150420,3285,64.16471829156902,8.843113838875464,0,1,0.07323436067750243,0.05725813597993588,1,3,2,0,0
150426,3286,65.31499792449895,10.265536604316964,0,1,0.08532777012254676,0.06987745917099562,1,3,2,0,0
150485,3287,151.44695384811342,52.878158638703184,0,1,0.019472366400500235,0.01875650929932448,1,9,4,19,3
150491,3288,53.79958508179348,12.475207358915984,0,1,0.09319682068702412,0.07608063272314525,1,2,2,0,0
150498,3289,53.69894894662904,13.764635807305659,0,1,0.034882850021619505,0.037736905034696004,1,2,2,0,0
150526,3290,108.35288478368099,40.28229695870269,0,1,0.04810500199344895,0.04031634971775583,1,6,4,8,1
150532,3291,64.92609273565503,11.936807672173614,0,1,0.09029277396042212,0.05707060178668407,1,3,2,0,0
150540,3292,73.6632193706949,6.20295695017861,0,1,0.05569523945099796,0.026949208919438167,1,4,2,0,0
150546,3293,65.8714557183834,10.93636190992968,0,1,0.08461485930967601,0.05261031905687943,1,3,2,0,0
150571,3294,40.1565542643173,53.02947544149242,1,0,0.044622981722649245,0.035197407479966365,-1,5,4,11,0
150632,3295,62.94326537649168,108.31547043366857,1,0,0.016760073653608938,0.024220399540905716,2,6,5,25,10
150638,3296,64.96662320711866,9.310222498927498,0,1,0.06987919650839307,0.05085939420972863,1,3,2,0,0
150644,3297,64.57468425384607,9.950019482417488,0,1,0.06396913027634742,0.05009000137834457,1,3,2,0,0
150657,3298,67.54562521138166,86.06126881019391,0,1,0.06917837593739537,0.07405686160798317,1,5,9,0,0
150663,3299,73.94359579804663,5.6509960252247815,0,1,0.07799623075136475,0.05297259636378201,1,4,2,0,0
150669,3300,64.39862553755948,8.35123513753922,0,1,0.09197510112684182,0.06068675101367551,1,3,2,0,0
150777,3301,150.5003413471839,137.13275699547273,0,1,0.012364044887138652,0.04835942304563648,-2,10,9,31,4
150783,3302,63.94603039502966,10.407220449813433,0,1,0.08633788839105298,0.06276876603478873,1,3,2,0,0
150789,3303,64.30721195966727,10.971251094615535,0,1,0.09436801111191706,0.05528024336629899,1,3,2,0,0
150795,3304,54.98411474641934,12.171087370918373,0,1,0.09080764594828651,0.05734706741415554,1,2,2,0,0
150808,3305,110.58407228939278,43.39790336180779,0,1,0.11513362534782726,0.0524616728153517,1,7,5,0,0
150820,3306,64.64196742416193,37.29671751559738,0,1,0.06545348711392925,0.036123481486394625,1,3,4,0,0
150826,3307,63.37876223559843,7.432580398606074,0,1,0.06448539549303396,0.03408018555182841,1,3,2,0,0
150834,3308,53.68244027028129,11.628213608428446,0,1,0.038557460223510885,0.03474254693644985,1,2,2,0,0
150844,3309,79.11770133397931,35.0575424083797,0,1,0.1510732629739458,0.06572429599885961,1,4,4,0,0
150850,3310,65.10160986089059,11.664605149794504,0,1,0.10000284924824931,0.0648793891711048,1,3,2,0,0
150861,3311,56.89841297237756,47.906321481116365,0,1,0.06482119221773998,0.08386461017276946,1,3,5,0,0
150874,3312,54.69217858318052,94.89383056039904,0,1,0.06057141967464273,0.13130263516725227,1,4,9,5,0
150880,3313,63.86383686149418,9.943648100661509,0,1,0.09042703549060327,0.06948798019742092,1,3,2,0,0
150886,3314,52.78132575978203,11.841352905517269,0,1,0.07586857613753457,0.07670612536323745,1,2,2,0,0
150892,3315,64.45458105602998,11.023994696713551,0,1,0.07833202967242693,0.049562750792325416,1,3,2,0,0
150899,3316,56.14394902128042,16.33302979164457,0,1,0.12363163182633788,0.08265357100668017,1,2,2,0,0
150906,3317,53.70602008400653,12.712738126069755,0,1,0.06801669132822266,0.05958234455159972,1,2,2,0,0
151406,3318,-1682.3670673552147,7495.68957137762,0,0,0.003500278738587827,0.1041988370989905,0,12,689,107,10
151424,3319,31.333884274243665,175.8814473233137,0,1,0.03917787521708987,0.19101584078585734,1,3,15,0,0
151439,3320,48.41620426426181,77.40552294930968,0,1,0.0542232496550262,0.04424955064467085,1,3,8,2,0
151453,3321,72.38310782471838,35.47877888520094,0,1,0.039615310792465844,0.026302501443871258,1,4,4,2,0
151479,3322,14.96038586729857,280.36627798433113,0,1,0.0321445186762419,0.11961669972340717,1,4,26,2,0
151494,3323,60.411616556468175,99.78511236506006,0,1,0.13770871134756527,0.15009691473694275,1,4,9,1,0
151510,3324,54.98312097213906,145.44538460773,0,1,0.06215799312514322,0.12299663117956018,1,5,14,0,0
151526,3325,60.522110678226284,112.20807805817135,0,1,0.07468277244254479,0.1331189667182327,1,4,10,0,0
151539,3326,67.50125738200418,91.20086086838897,0,1,0.21909463090566186,0.25649911138099046,1,4,7,4,0
151554,3327,56.47886814752227,120.13354403081557,0,1,0.11452484162117817,0.06990723810255259,1,4,12,1,0
151568,3328,79.0025419518006,52.079835637272126,0,1,0.10021396304752374,0.03885432502998869,1,5,6,0,0
151584,3329,64.32190701256917,69.74756291246189,0,1,0.03873953421804145,0.05020518386390327,1,4,7,5,0
151602,3330,49.430890958905636,179.30652866217437,0,1,0.054260265735945196,0.14675285881226732,1,5,17,1,0
151620,3331,61.8223813443262,80.70900712149549,0,1,0.05655562525729099,0.039542257019418464,1,4,8,2,0
151635,3332,67.95725499042103,97.12023775074198,0,1,0.08695606980566128,0.06678571501784812,1,5,10,4,0
151664,3333,5.251103639039371,344.193805215066,0,1,0.03916538099467588,0.1443744812301076,1,4,31,8,0
151685,3334,46.903527410821724,191.5542608638545,0,1,0.03068508491621204,0.11356195932546323,1,5,18,1,0
151701,3335,43.977463340114994,124.69259254572215,0,1,0.07061727435227493,0.14995681812717834,1,3,11,0,0
151715,3336,65.18835030407305,101.7077447116173,0,1,0.14122650420326607,0.2257934427214303,1,4,8,5,0
151731,3337,52.659257463598294,142.94918816274765,0,1,0.08371689155371184,0.14984051866177797,1,4,13,2,0
151750,3338,53.561692119432365,207.94185559162355,0,1,0.21063574457706116,0.2172041032476455,1,5,18,3,0
151757,3339,65.6207939008913,-0.9414158130136272,0,1,0.0461618478238533,0.01989320765093244,1,3,1,0,0
151770,3340,64.88056599806409,81.93354442132123,0,1,0.1413897895846835,0.07825931784952442,1,4,8,4,0
151785,3341,57.80142747961272,137.03630190872224,0,1,0.10635910932102327,0.08331516318661256,1,5,14,0,0
151802,3342,55.18553241366599,144.15372514725354,0,1,0.04666457155660529,0.11457551847111437,1,5,14,0,0
151831,3343,8.8328848392871,349.55780892738454,0,1,0.050902334923863195,0.19669933511554305,1,4,30,5,0
151844,3344,63.223058682770684,83.29480045913539,0,1,0.07672841124729918,0.2155033638504048,1,4,7,1,0
151855,3345,68.11261937273993,0.6095183080978508,0,1,0.029961180967661427,0.009617956164896255,1,3,1,0,0
151871,3346,57.634090416922405,102.03465944207649,0,1,0.04052105750335124,0.0637952045113576,1,4,10,1,0
151887,3347,52.14367938465267,105.93529297436108,0,1,0.03391002717971455,0.10611427301625295,1,4,10,6,0
151900,3348,65.40220354544967,43.21021283491635,0,1,0.05568692470949865,0.03415973271169264,1,4,5,6,0
151907,3349,65.25255135815125,-0.6713026338521768,0,1,0.0410784096500742,0.019675297533254532,1,3,1,0,0
151924,3350,50.61470061363463,113.74603430641555,0,1,0.03301704563162986,0.07664327644042487,1,4,11,5,0
151931,3351,65.66071826336082,-5.392964286677021,0,1,0.05911997223484774,0.005440379536705865,1,3,1,0,0
151944,3352,76.77359671918714,50.85157159521523,0,1,0.045263058174504114,0.10094020554221897,1,5,5,2,0
151960,3353,56.17192073305473,128.12778546239147,0,1,0.03780787219373493,0.08657007270231439,1,5,13,3,0
151972,3354,53.6824903993336,77.57344828743607,0,1,0.12344247409511487,0.1023494935354858,1,3,7,1,0
151987,3355,58.47575237751178,61.70616307214861,0,1,0.05144582555453238,0.052622008542518285,1,3,6,0,0
152002,3356,62.594938777725915,99.51912106161068,0,1,0.11885359547324201,0.06237969741338651,1,4,10,2,0
152015,3357,61.056391221605,70.0475904271456,0,1,0.04670962465088861,0.0927428683438276,1,4,7,2,0
152030,3358,47.91538058416351,98.49642985068232,0,1,0.03352430202973831,0.12000150292103512,1,3,9,1,0
152046,3359,60.67523067216387,130.4228219747323,0,1,0.07923292973766755,0.1037452010903589,1,5,13,1,0
152060,3360,62.3611401206078,72.15301247974159,0,1,0.059510020322076675,0.0778135796956694,1,4,7,3,0
152077,3361,60.62312816973385,148.47511366008433,0,1,0.09365043062832194,0.1286353910308906,1,5,14,2,0
152088,3362,57.687085188704174,35.54389450039934,0,1,0.08342774269213639,0.0278298618132751,1,3,4,3,0
152104,3363,57.00548518309911,114.84376414069487,0,1,0.06572151761086342,0.16371145775656054,1,4,10,1,0
152121,3364,50.25231225894571,161.58901948576738,0,1,0.07235137973960866,0.26337633723203024,1,4,13,0,0
152142,3365,42.6134903639598,238.2924357965773,0,1,0.22703501241352478,0.15799925503534953,1,5,22,3,0
152161,3366,34.58775611442846,172.09577410581454,0,1,0.08369060370255384,0.08500464583517005,1,3,16,6,0
152175,3367,69.40114875073569,50.67198360358236,0,1,0.04539210072053738,0.07641785544501033,1,4,5,0,0
152190,3368,58.04771889616299,85.35985806884588,0,1,0.04476183489337309,0.04799753871653641,1,4,9,0,0
152204,3369,60.04603220624317,86.14411873896577,0,1,0.10950340400668124,0.07225187112545559,1,4,9,0,0
152216,3370,61.619157535093954,81.53656633924277,0,1,0.1200296728323325,0.1335933486581469,1,4,8,1,0
152226,3371,67.21132067882256,-1.530458059392819,0,1,0.02748008246065319,0.01361166756504097,1,3,1,0,0
152245,3372,49.22267909575289,168.22359702696951,0,1,0.1540823775814344,0.10419982007249651,1,4,16,1,0
152264,3373,52.1317408736643,124.6911300060719,0,1,0.03176495354431909,0.08473634110629337,1,4,12,2,0
152278,3374,72.86606108367565,31.59198814703015,0,1,0.07744068259208227,0.02304187006577014,1,4,4,0,0
152293,3375,73.17740792744604,65.4968526958506,0,1,0.037416499001687496,0.061251253963607234,1,5,7,3,0
152302,3376,66.05341382653289,1.1415423539021496,0,1,0.026727774038107464,0.011863634854343594,1,3,1,0,0
152315,3377,56.07786013568058,45.3551529357706,0,1,0.047472655154059545,0.0323956354508189,1,3,5,3,0
152328,3378,53.23153212527516,67.67643741538794,0,1,0.08232786159264083,0.0669820694624611,1,3,7,0,0
152340,3379,50.312491097352726,60.08331076449247,0,1,0.05287971157809682,0.09070553511414574,1,3,6,7,0
152347,3380,65.98168116834889,0.08547131245424389,0,1,0.0507491689381089,0.007462381854764733,1,3,1,0,0
152364,3381,50.84472923912362,136.00292086575638,0,1,0.08824054068676816,0.09553171911687308,1,4,13,9,0
152383,3382,41.02879559557118,156.67655240600874,0,1,0.040003514028451946,0.09783755169502921,1,4,15,3,0
152399,3383,48.99135823477295,147.3891141277535,0,1,0.1331174774571715,0.12033013255673589,1,4,14,3,0
152416,3384,60.890286971887335,136.63388341197117,0,1,0.06133171735745758,0.12041324682929835,1,5,13,0,0
152431,3385,61.522444629440116,82.22411405486542,0,1,0.06093085661317279,0.08200520386844265,1,4,8,1,0
152452,3386,24.917091750216805,187.52681526921822,0,1,0.03199739450384306,0.06480206276267793,1,3,18,0,0
152468,3387,58.24526438178431,83.26160580504137,0,1,0.03985066298306964,0.032625783274425876,1,4,9,1,0
152478,3388,67.02289601406306,-2.533170964291127,0,1,0.026136454814120413,0.012104657101359889,1,3,1,0,0
152491,3389,85.17729066701199,22.160695263656432,0,1,0.05755300348541833,0.016447536554558013,1,5,3,1,0
152500,3390,66.25744025720155,-2.436864388447237,0,1,0.028312451202387772,0.01779291856597951,1,3,1,0,0
152516,3391,49.73304271217693,134.23590018304964,0,1,0.0830129525775164,0.11181375190944744,1,4,13,1,0
152530,3392,68.55842024251942,83.93757471183415,0,1,0.06235907561311569,0.036343624877887226,1,5,9,1,0
152545,3393,53.86307698474823,97.88162451363077,0,1,0.05199958258827565,0.04988905630278759,1,4,10,4,0
152553,3394,55.79663338033345,1.561957916918841,0,1,0.04158579382125178,0.02310713129735714,1,2,1,0,0
152564,3395,62.439993071874454,29.185265228467898,0,1,0.08930801754183446,0.0586532764822923,1,3,3,0,0
152575,3396,58.22239697605123,30.38945916448699,0,1,0.06568086602444347,0.018314244497678,1,3,4,0,0
152589,3397,50.41926564025883,103.29659190372473,0,1,0.052669379566185184,0.055457480256523924,1,4,11,1,0
152615,3398,29.424929792770715,235.4510828718519,0,1,0.03464117679116949,0.13631244166561501,1,4,21,1,0
152630,3399,64.15979626739568,65.2352162090569,0,1,0.0418797116361962,0.046420281790120276,1,4,7,0,0
152647,3400,36.8975226203544,179.23394027752101,0,1,0.06104487303159812,0.1482388368872879,1,4,17,1,0
152667,3401,28.882304470532866,220.90078350701472,0,1,0.060910458180917545,0.11459845405770022,1,4,21,0,0
152683,3402,40.87533533264447,119.50047919800981,0,1,0.04273433646198051,0.11033226204171798,1,3,11,2,0
152703,3403,51.76000271350298,122.10658556469889,0,1,0.026928633496317633,0.052115714385879065,1,4,12,0,0
152713,3404,57.615255783008855,4.189576701436188,0,1,0.01625886729976001,0.006028470744186596,1,2,1,0,0
152729,3405,55.36531814428188,121.25306495631256,0,1,0.10357288574025235,0.14810151577387834,1,4,10,3,0
152742,3406,66.5852207753593,40.478716721017506,0,1,0.05280685587348994,0.01573458751084063,1,4,5,5,0
152760,3407,60.13170320888007,121.6228458000309,0,1,0.03190864208104521,0.0748932547777964,1,5,12,3,0
152771,3408,66.00992911366777,37.51047789148217,0,1,0.10745853456689386,0.029845169767568666,1,4,5,5,0
152784,3409,73.88422136503773,55.92294772295986,0,1,0.1639589094955886,0.1230914014292396,1,4,5,1,0
152797,3410,58.78235049538182,38.501673754393536,0,1,0.08268023973989339,0.040386250793278136,1,3,4,4,0
152816,3411,44.436279820435594,167.43117065486152,0,1,0.038434744764856275,0.13860614645417468,1,4,15,0,0
152830,3412,69.69239322243433,85.59048565529856,0,1,0.11455311661668362,0.08468280284134286,1,5,9,3,0
152844,3413,63.70963537378574,68.19700803978805,0,1,0.04800005654103123,0.1423882094790117,1,4,6,5,0
152854,3414,66.75168520006446,-2.0066010562730803,0,1,0.03983846222901577,0.004467212018940015,1,3,1,0,0
152874,3415,40.19163829225417,167.0124201055718,0,1,0.0474857728842908,0.09093297394237057,1,4,16,2,0
152887,3416,79.64495356557268,27.878210087209332,0,1,0.029782993956868543,0.013992669034504654,1,5,4,2,0
152903,3417,44.913790695119886,143.2871805474375,0,1,0.0824562782698306,0.10075950927151994,1,4,14,7,0
152917,3418,63.52991319377289,27.878256451324607,0,1,0.03685576849897477,0.01219694571892436,1,3,3,1,0
152931,3419,57.482572380206385,117.29230028164487,0,1,0.0515512204387903,0.3054740919156758,1,4,9,0,0
152945,3420,60.309672100663256,72.64791086767342,0,1,0.08775238857615382,0.046603183318425785,1,4,8,4,0
152960,3421,61.825245814218086,111.41517699355222,0,1,0.058901522419637406,0.052527578434695923,1,5,12,3,0
152974,3422,58.51472387410735,84.43407676716522,0,1,0.05548770723599484,0.10957088978959174,1,4,8,3,0
152994,3423,57.650443080435494,116.78798674304373,0,1,0.10384463082661992,0.08600949264074556,1,4,11,4,0
153008,3424,57.56172287655871,85.14288547016133,0,1,0.047799947712099486,0.06918800863438623,1,4,9,0,0
153044,3425,-24.98627361069947,494.0962751975681,0,1,0.04279512647853774,0.19274377364045284,1,4,43,7,0
153056,3426,59.88698288953945,47.96022618736303,0,1,0.09144825970962593,0.0533869200194449,1,3,5,0,0
153094,3427,-87.58582866398527,546.238771972543,1,1,0.05008783948050446,0.2402986336202594,0,4,46,19,0
153109,3428,61.02575623196188,92.48418697246763,0,1,0.06331725595319013,0.08545693672289283,1,4,9,0,0
153123,3429,67.14462219555092,79.92157092703819,0,1,0.16629800673925393,0.07667001208875056,1,4,8,1,0
153141,3430,87.77058231208576,27.69930876373642,0,1,0.05533976259506084,0.013934034743693325,1,5,3,0,0
153160,3431,35.2997759469286,182.17932784423962,0,1,0.044735878581539455,0.11909646213992767,1,4,17,4,0
153173,3432,71.71712595596381,30.25952931065158,0,1,0.05534556924346242,0.07151478443600964,1,4,3,5,0
153187,3433,77.2547997942435,32.76345878290101,0,1,0.051516794569250395,0.02522481580883956,1,4,4,1,0
153200,3434,63.574179991761916,62.29502203385971,0,1,0.1156231846943886,0.0371905204568937,1,4,7,1,0
153214,3435,60.23083468146109,36.964519891223354,0,1,0.04045742651482709,0.014109918453918858,1,3,4,1,0
153238,3436,28.26768320526939,248.24285172196932,0,1,0.04001805012430044,0.2128024459427499,1,4,21,4,0
153253,3437,67.65905192928798,82.6637764561643,0,1,0.071332038565112,0.04688296704687098,1,5,9,4,0
153276,3438,-16.0585389318415,232.36304220405538,1,1,0.05933120484472699,0.1318585025781487,0,4,21,5,0
153293,3439,41.38756208435731,167.52187222650446,0,1,0.06750511405151333,0.11174486839900732,1,4,16,1,0
153313,3440,46.529970341917156,152.8890577526774,0,1,0.029243938308931322,0.09281272047634488,1,4,14,1,0
153326,3441,58.92833006323996,32.456046531361395,0,1,0.05636559341568623,0.030205624550402748,1,3,4,1,0
153344,3442,50.47158155372473,143.78014355276903,0,1,0.04671143330412577,0.1400441259696269,1,4,13,0,0
153359,3443,56.33050560685051,115.19888873747428,0,1,0.09613962767756598,0.1044653708156107,1,4,11,3,0
153374,3444,68.77699648228584,46.3952240395824,0,1,0.03605790688751657,0.02589236922735322,1,4,5,0,0
153385,3445,56.96216504236273,54.4793715202305,0,1,0.1284308872853453,0.15049026076538488,1,3,5,2,0
153397,3446,70.07575767229453,27.207412984483152,0,1,0.09458021033563191,0.019861077611103322,1,4,4,2,0
153409,3447,60.931189235113536,28.09993311984899,0,1,0.06719676951968813,0.0478720146896815,1,3,3,6,0
153424,3448,80.77048438390398,42.13839994852522,0,1,0.06584927105773714,0.02333089267792532,1,5,5,4,0
153440,3449,50.579634271300804,106.25543713224434,0,1,0.0513906845227995,0.04595316862259893,1,4,11,6,0
153457,3450,49.429202493033785,161.01186842669895,0,1,0.0585685230156196,0.09414616822426715,1,5,16,0,0
153470,3451,65.66544739153619,84.88693427445733,0,1,0.1137212457141822,0.19940496572036168,1,4,7,1,0
153484,3452,62.09001038146971,78.17072470274131,0,1,0.07963131866835657,0.07098067487533392,1,4,8,0,0
153501,3453,46.904556127561534,137.48251764003476,0,1,0.04588202124599742,0.0911601199102139,1,4,13,6,0
153515,3454,56.08115623263751,103.95189920727343,0,1,0.04299152867967155,0.1976593462670023,1,4,9,2,0
153534,3455,46.88353766828729,193.37952497527598,0,1,0.08333384230924945,0.15741188757644095,1,5,18,4,0
153555,3456,70.14541498014086,75.76919041177457,0,1,0.030848908660816316,0.06616964767081386,1,4,7,0,0
153570,3457,50.50213764278692,119.40309680835534,0,1,0.06679215757856477,0.08130237181893239,1,4,12,1,0
153586,3458,52.417790430238966,107.53904849043033,0,1,0.06501861532362256,0.0765524115208156,1,4,11,2,0
153600,3459,64.59650494714846,90.71944471916098,0,1,0.16824758621345184,0.08991338313045441,1,4,9,2,0
153614,3460,55.84645861727199,52.10152464671242,0,1,0.04502406346101113,0.06376463083004794,1,3,5,5,0
153630,3461,72.8862322307115,62.150885622296826,0,1,0.0477316407197044,0.036978320615449686,1,5,7,2,0
154130,3462,-2400.1858551128817,9904.10678500538,0,0,0.0034140491581624525,0.1462750105274529,0,5,910,4,0
154183,3463,49.53629455961767,45.04563627952117,1,1,0.009137340690874827,0.02139782982168961,0,4,4,14,10
154206,3464,40.646259527004034,252.22033771940897,0,1,0.05635503581840691,0.2536731493980648,1,5,21,2,0
154225,3465,46.37948553480981,128.52712723075632,0,1,0.03623287396276878,0.04944626468971034,1,4,13,6,0
154237,3466,67.5025432891582,41.74149126405982,0,1,0.04933425058742813,0.022955893364621522,1,4,5,0,0
154244,3467,67.34657336504269,-3.260111583106392,0,1,0.15212386543931264,0.005031241296088093,1,3,1,0,0
154262,3468,45.91766364127771,128.18980049176955,0,1,0.06888863247369598,0.14080919520080062,1,3,11,3,0
154276,3469,74.06828915876471,67.93713261891654,0,1,0.11569510142663907,0.06055696860353955,1,5,7,2,0
154289,3470,72.84158677431529,33.09371836223657,0,1,0.06881927435861926,0.017854744198185425,1,4,4,1,0
154303,3471,66.55218723682479,82.64562559778092,0,1,0.06740736716671043,0.04962815108376617,1,5,9,4,0
154320,3472,49.52576435327079,139.34876833302536,0,1,0.05067609457312162,0.10679954328455162,1,4,13,0,0
154336,3473,50.26179752766806,130.8540911657152,0,1,0.051994713881275946,0.07586439874002031,1,4,13,0,0
154349,3474,69.32740077253217,34.37314262758458,0,1,0.06746106992739861,0.027917966848632316,1,4,4,3,0
154362,3475,77.79999041274564,51.69325494137377,0,1,0.08937638001036739,0.02707702380546597,1,5,6,1,0
154371,3476,66.71137690952911,-3.4767813834337336,0,1,0.0366073744846162,0.007550299481799977,1,3,1,0,0
154386,3477,65.76234299850684,94.76390710680852,0,1,0.05341625639196316,0.04560226943746836,1,5,10,2,0
154400,3478,62.43221969789131,72.74345260394091,0,1,0.10871763850495801,0.05004497430967181,1,4,8,1,0
154441,3479,-0.6490322734509562,459.4427223113284,0,1,0.03906906952136662,0.1972436227094481,1,4,38,5,0
154459,3480,54.30958560931045,157.85176251144338,0,1,0.06701504495720209,0.11387590806848248,1,5,15,1,0
154474,3481,62.952433970709045,66.5615724305649,0,1,0.0351564911122384,0.033460091706583366,1,4,7,3,0
154490,3482,58.322857899955004,89.04659401271537,0,1,0.02915973132056762,0.05138359596984226,1,4,9,2,0
154506,3483,68.65944346727372,88.2108525199506,0,1,0.03512888594188357,0.04891920315484639,1,5,9,1,0
154521,3484,52.2048373208387,116.01449884128994,0,1,0.05018588865343102,0.09312024734518053,1,4,11,0,0
154543,3485,24.799658533705582,255.38256743852108,0,1,0.03774404889277369,0.20334030356114544,1,4,22,6,0
154558,3486,58.1111799818598,138.17728081463568,0,1,0.055030261350845246,0.14897700941280725,1,5,13,0,0
154574,3487,58.412285472960065,114.72266798605189,0,1,0.04278189744250632,0.06057902828319574,1,5,12,5,0
154589,3488,54.60064542593635,114.95193236678784,0,1,0.07086857605060984,0.09080948434055643,1,4,11,0,0
154602,3489,62.91811318215902,80.23445998715728,0,1,0.059099688840103776,0.18287380487882693,1,4,7,1,0
154616,3490,77.0945793661839,31.5558644888837,0,1,0.11802011118737096,0.029209198103218,1,4,4,0,0
154630,3491,59.329062720426215,85.50175463268273,0,1,0.1182920866835209,0.05105741175223344,1,4,9,0,0
154640,3492,67.63128249498158,-1.0086428678103356,0,1,0.03915498598768138,0.006080763190276188,1,3,1,0,0
154656,3493,52.62106221036257,128.6405659048851,0,1,0.08584709645829006,0.11585334582259803,1,4,12,3,0
154669,3494,61.86335678567917,80.32085096658012,0,1,0.0635213723953271,0.12967976063195696,1,4,7,1,0
154685,3495,52.85439236136021,109.78607456877829,0,1,0.036104272548483765,0.08010250539664122,1,4,11,3,0
154699,3496,66.1787239680475,66.0183704790307,0,1,0.18785839271819998,0.033625564435122664,1,4,7,9,0
154715,3497,57.01539681430036,109.53984847314277,0,1,0.17534645058850923,0.07800244732638108,1,4,11,5,0
154729,3498,58.31535211664385,69.73871650222355,0,1,0.10834610491090754,0.03335349425933725,1,3,7,2,0
154743,3499,52.62677042546229,99.07163756648696,0,1,0.07718714043545626,0.056590378215926204,1,4,10,8,0
154756,3500,51.635685773826914,59.690823352176615,0,1,0.05270291228252914,0.05032761392908399,1,3,6,6,0
154773,3501,46.299788994554575,145.01211745830108,0,1,0.06288935504473375,0.07954819161432655,1,4,14,1,0
154787,3502,59.80121377349859,87.76069857237127,0,1,0.1051437408296422,0.07541060005457148,1,4,9,1,0
154802,3503,49.23701397626023,128.98860336605202,0,1,0.05994513194918199,0.14201666005797847,1,4,12,0,0
154813,3504,70.03106013980843,21.523036479620558,0,1,0.044296245353504675,0.05443725910647539,1,4,3,4,0
154827,3505,61.43114595101426,67.3891841153982,0,1,0.04024967814947363,0.07332694528879434,1,4,7,4,0
154840,3506,86.54380900953326,12.706268667833385,0,1,0.06515700603623073,0.011412833872901809,1,5,2,3,0
154855,3507,53.51542139311787,97.96653175847484,0,1,0.04625428038748292,0.04273222379590675,1,4,10,1,0
154865,3508,67.92633063219009,1.1509295594970794,0,1,0.0652062851181486,0.006234936576478767,1,3,1,0,0
154882,3509,59.30061110298132,74.38668415644071,0,1,0.028503799068615585,0.034557580522177674,1,4,8,2,0
154894,3510,70.08742755528984,32.61986084705585,0,1,0.06560015372065321,0.034135604235074085,1,4,4,1,0
154904,3511,65.7750340991252,-1.839312429867638,0,1,0.07775570039623879,0.005736172387893664,1,3,1,1,0
154922,3512,45.92918385958869,156.28738749829893,0,1,0.10062994577972051,0.08991646687569718,1,4,15,2,0
154937,3513,57.81517834744898,93.09158813887362,0,1,0.04155552884383659,0.08077151463286625,1,4,9,0,0
154950,3514,85.61250551769302,19.22043851572954,0,1,0.09315973929977835,0.015856765444031543,1,5,3,2,0
154963,3515,58.401763157772045,62.94681096697508,0,1,0.12601347823114392,0.05707736065764763,1,3,6,2,0
154975,3516,77.43434270285623,-2.2112334269240606,0,1,0.04724613591413838,0.009247032249168492,1,4,1,5,0
154994,3517,47.4373995664327,146.82379352121023,0,1,0.03930026498946113,0.09655521063106867,1,4,14,0,0
155012,3518,70.15890263628482,100.13001453787943,0,1,0.06759578323217913,0.04334576060321105,1,5,10,2,0
155024,3519,47.778013158914916,74.46848450302005,0,1,0.09059883970666292,0.04719968720660051,1,3,8,2,0
155037,3520,64.21693493778267,63.45990610121919,0,1,0.09702997034312694,0.040883808705194855,1,4,7,3,0
155046,3521,66.32922239312789,-1.459985322522595,0,1,0.06503612469379656,0.009537065165935344,1,3,1,0,0
155059,3522,63.203601963736524,51.66620907839034,0,1,0.05016043574284778,0.03175969382136855,1,4,6,2,0
155066,3523,63.99779704773928,6.145890754261259,0,1,0.10564451698856825,0.014522840957944785,1,3,2,0,0
155085,3524,38.27519229529007,169.13239189245903,0,1,0.03064141754829089,0.08865677662998234,1,4,16,5,0
155138,3525,-94.57037149523694,826.8926282601093,0,1,0.035958771039178106,0.2483570798952644,1,4,70,7,0
155156,3526,66.1872912850726,101.12222593480122,0,1,0.0430461852122212,0.10679031466920244,1,4,9,0,0
155171,3527,68.59264532272354,84.4614464446729,0,1,0.04041772708239093,0.05592949657678037,1,5,9,3,0
155186,3528,52.28816327977363,113.43022579195495,0,1,0.06432219807806434,0.1018230711963561,1,4,11,1,0
155205,3529,64.66206087925826,80.35212660784843,0,1,0.03762035734830363,0.05325351753742156,1,4,8,3,0
155220,3530,56.359021349961964,51.5254311378587,0,1,0.06815450429313642,0.04109067113880423,1,3,5,4,0
155235,3531,61.24680728559241,101.51451753650699,0,1,0.14945044918792658,0.10332021111919068,1,4,10,0,0
155250,3532,52.67807871710738,113.4130514317689,0,1,0.05921051840307679,0.11696429495819384,1,4,11,1,0
155264,3533,54.31502063790984,84.71716031510915,0,1,0.04515719949925689,0.06630373317743891,1,4,9,5,0
155284,3534,48.835657530016384,171.6855582871556,0,1,0.050189693830991325,0.07908468659018633,1,5,17,3,0
155295,3535,73.67740515257643,17.02623038523697,0,1,0.08742190616618337,0.023109887962922047,1,4,3,0,0
155308,3536,78.17389255173572,40.35664249139684,0,1,0.10343941181133244,0.019627207065080452,1,5,5,1,0
155316,3537,66.60817023884091,0.06289958792507377,0,1,0.11514335101500506,0.007240274615772863,1,3,1,0,0
155351,3538,53.08021481870666,65.38546257637651,1,1,0.041966460194120515,0.015973012079889975,0,6,7,11,7
155376,3539,36.88123774859955,249.33137882904109,0,1,0.04056031576149752,0.12165545269559094,1,5,23,0,0
155403,3540,13.9674591976087,290.45943937915644,0,1,0.03874147299669336,0.25435550769394405,1,3,23,2,0
155412,3541,65.51688712201401,0.40141402852135855,0,1,0.102906261299849,0.005816766278800479,1,3,1,1,0
155444,3542,54.21160155245401,68.89502989073543,1,1,0.20397907144961175,0.02473418604447887,0,6,7,8,0
155460,3543,59.19047595446196,103.1739771365195,0,1,0.060201688453929675,0.16686319887432782,1,4,9,0,0
155480,3544,72.91782101854939,57.88603201989634,0,1,0.0650955955961977,0.03807737321442632,1,4,6,1,0
155495,3545,59.78033969739377,98.81259790256352,0,1,0.12124579960249911,0.046640539242048876,1,4,10,0,0
155508,3546,62.40936673024714,66.62833722810089,0,1,0.0906863640641108,0.045929520617201,1,4,7,1,0
155532,3547,87.62446991348236,59.193568579766335,0,1,0.07943048976781757,0.030506315999670724,1,5,6,2,1
155558,3548,52.23677400110065,234.2423999147876,0,1,0.036262408957298306,0.13931963788680135,1,6,22,3,0
155575,3549,68.01507893893329,112.47412573683428,0,1,0.06643121814937969,0.07729135938873251,1,5,11,0,0
155586,3550,70.18270223178439,30.223831458327922,0,1,0.05119421954107035,0.022348814964387172,1,4,4,0,0
155597,3551,19.852651847496105,84.93684160799242,1,0,0.030730314056125554,0.03833504759297497,2,3,5,0,0
155609,3552,51.36798658902285,70.15452478005896,0,1,0.07406347349040383,0.03822320926331852,1,3,7,0,0
155621,3553,76.12006078473769,14.480137042452355,0,1,0.06862599935006199,0.024497797681947736,1,4,2,1,0
155639,3554,53.73314386691615,114.52965414016137,0,1,0.03918415802155341,0.052817478306397526,1,4,11,2,0
155654,3555,58.145809139011604,102.41824598745599,0,1,0.07854127333337256,0.09717361094835644,1,4,10,1,0
155669,3556,70.69581999812061,-0.7329741335854632,0,1,0.03618340576633708,0.0072422229035946275,1,3,1,0,0
155685,3557,48.09797637929526,136.04562984613156,0,1,0.07190616870988048,0.10842568963839701,1,4,13,6,0
155697,3558,61.681248103636406,31.02275500038673,0,1,0.07244638079763199,0.018745087250495833,1,3,4,1,0
155712,3559,56.420551098156984,100.61445835475658,0,1,0.07282189491909456,0.09410693343665916,1,4,10,1,0
155728,3560,51.563470671459584,74.81120523042587,0,1,0.04658433351563344,0.0943552514500646,1,3,7,5,0
155740,3561,20.955382906701356,79.90523804918472,1,0,0.038956282108002616,0.054425842207063896,2,3,4,0,1
155755,3562,43.18076705071161,119.64699023943209,0,1,0.08613780977205897,0.13433090606136872,1,3,11,1,0
155769,3563,67.07838105321805,44.416599751214505,0,1,0.08824045833526437,0.018711842636400945,1,4,5,7,0
155789,3564,61.34793919855757,115.18717108608057,0,1,0.02504539824608095,0.045412562288067525,1,5,12,0,0
155805,3565,62.97235258328074,71.69873963894109,0,1,0.029338176244665778,0.08752398571024735,1,4,7,2,0
155824,3566,61.247339385893895,70.96485120010962,0,1,0.039850734326577694,0.04179823101027232,1,3,7,2,0
155837,3567,59.2368110812576,71.88781936338572,0,1,0.071886156981695,0.056733567310668635,1,4,8,3,0
155846,3568,17.6788295485356,74.89968466287428,1,0,0.017652105689232367,0.04703581095580643,2,3,4,0,0
155859,3569,63.67343339382389,71.03253186739,0,1,0.13197605316087724,0.1039723225052316,1,4,7,5,0
155876,3570,54.907427299894835,100.15873668218137,0,1,0.040887420972016315,0.046240944182671787,1,4,10,0,0
155903,3571,33.71211357614606,256.6779778301991,0,1,0.03939076267300992,0.14914923744554714,1,5,23,3,0
155917,3572,73.46372096124233,40.38913793986623,0,1,0.08604267180136191,0.026246019427861606,1,4,5,0,0
155943,3573,5.306348452073738,321.384094386187,0,1,0.03419916493355513,0.21633847569090905,1,4,28,8,0
155957,3574,69.93514014231042,87.69504876298231,0,1,0.08600231294944312,0.0792742467359935,1,5,9,3,0
155969,3575,50.18293264323624,64.44264437442723,0,1,0.0669381936845495,0.0657830659647584,1,3,7,0,0
155983,3576,56.70293117706025,101.72453140148173,0,1,0.07638779673600608,0.08147660968002124,1,4,10,0,0
155999,3577,62.90203833283612,82.28035102142938,0,1,0.09471175248739376,0.034480830266580276,1,4,9,0,0
156016,3578,63.84315702480737,105.47439563785187,0,1,0.04470839766747307,0.05115991954504667,1,5,11,1,0
156029,3579,67.98742529214962,106.27898961766121,0,1,0.10939531752592892,0.27669168921573883,1,5,9,0,0
156043,3580,58.83844563990266,88.33509474438732,0,1,0.050456365113415606,0.10349147037016901,1,4,9,1,0
156055,3581,75.02291871731131,21.67807487581939,0,1,0.11851251747188885,0.026328201879959726,1,4,3,0,0
156069,3582,58.04010297679687,94.0961955744766,0,1,0.16630013304741617,0.05809245393263529,1,4,10,3,0
156082,3583,76.99994471000372,59.95116176025318,0,1,0.08516333687876396,0.04781038301596947,1,5,7,1,0
156098,3584,73.67242690258568,26.295930955992446,0,1,0.06448803436372218,0.013840542636408803,1,4,3,6,0
156116,3585,48.6840916714643,146.3494839248174,0,1,0.0613544578489401,0.08130534286776646,1,4,14,0,0
156130,3586,69.47387269673926,58.3020774461136,0,1,0.17171551212035271,0.04883761820047584,1,4,6,1,0
156144,3587,70.31314913342881,35.47506979809771,0,1,0.07493497583134968,0.019366769857809985,1,4,4,1,0
156152,3588,8.60738867287871,63.03485372490513,1,0,0.01663132125183204,0.03574378338078368,2,2,3,0,0
156167,3589,85.99397859015468,18.32695177064791,0,1,0.1279559997710358,0.015441262389814293,1,5,3,1,0
156182,3590,63.852839846019386,93.02986953502887,0,1,0.05127004559483888,0.05684362406842469,1,5,10,2,0
156197,3591,68.93655760842844,48.74128941236921,0,1,0.03824195562123706,0.055309874422094306,1,4,5,2,0
156211,3592,68.322440992938,63.32351401259528,0,1,0.10847253455339281,0.08201510511990441,1,4,6,0,0
156225,3593,53.7797169327343,68.27632626614816,0,1,0.07887248947590383,0.031678333971390686,1,3,7,0,0
156241,3594,56.97693217029399,88.44151011036301,0,1,0.09083781758619561,0.035953258660720515,1,4,9,10,0
156262,3595,61.21103042595307,145.62650478849554,0,1,0.07452189914376442,0.07125399014268294,1,5,14,4,0
156286,3596,108.89126496004766,54.61072672501449,0,1,0.043022026237176055,0.020728763218955212,1,7,6,7,2
156296,3597,67.43038660100109,-0.5752754043666428,0,1,0.04136984348666041,0.005242880367407357,1,3,1,0,0
156307,3598,67.58639338922063,32.13443229994106,0,1,0.09313494037383711,0.023436572358920934,1,4,4,3,0
156807,3599,-2334.231789575911,9755.748238621214,0,0,0.0034693322332458526,0.12902831549078425,0,8,904,7,0
156823,3600,51.680880843312785,139.15756897829087,0,1,0.11191240351705359,0.15022773024442804,1,4,13,0,0
156838,3601,71.32719268069698,100.25433961300035,0,1,0.09993110069498891,0.09780455406501119,1,5,10,3,0
156853,3602,41.402904198869514,118.05023004242778,0,1,0.04590512421730218,0.09578873140539375,1,3,11,1,0
156866,3603,62.71262246867785,35.806313034166116,0,1,0.07738942114844215,0.02953060366197365,1,3,4,0,0
156880,3604,82.6423705944644,31.031083737015607,0,1,0.05581653502607731,0.029789954737297612,1,5,4,1,0
156899,3605,65.75277142231586,112.68294926466498,0,1,0.03519159539953217,0.0711202033966748,1,5,11,0,0
156916,3606,55.97575704499768,149.63512652421323,0,1,0.11121334487695898,0.16690335471378848,1,5,14,2,0
156929,3607,90.8663668862565,19.67878431382564,0,1,0.0979866275653276,0.017278162510138622,1,5,3,0,0
156947,3608,50.21482382196236,66.47718939614639,0,1,0.03371207260818929,0.027384973617919625,1,3,7,6,0
156961,3609,68.71038479462284,40.776697888020784,0,1,0.05291620359114059,0.053798959822240575,1,4,4,3,0
156977,3610,57.57692647596946,131.46748706221612,0,1,0.09725890919780737,0.09861359031181616,1,5,13,1,0
156990,3611,87.47253820299879,10.346725311996805,0,1,0.07780211843388025,0.011212257141742638,1,5,2,3,0
156997,3612,64.71705772112162,-3.7234316215993495,0,1,0.057387145385418524,0.009249105174281737,1,3,1,0,0
157014,3613,79.92521452487681,71.33312453212295,0,1,0.05685321294053457,0.13898833561893179,1,5,6,0,0
157027,3614,68.4216354255405,38.43080104266046,0,1,0.07045132889877226,0.044760435145065655,1,3,4,0,0
157045,3615,47.682295328800336,134.30728045668985,0,1,0.034017634652236256,0.09912058891127803,1,4,13,2,0
157074,3616,97.67709527323025,42.20763958810546,0,1,0.045608311002454285,0.02240420478660603,1,5,4,6,0
157082,3617,65.94494218628434,-2.446223457285509,0,1,0.04577116983477605,0.004022842131521888,1,3,1,0,0
157090,3618,64.67594115286283,-2.3421047968712987,0,1,0.05292853797723517,0.004701453625111536,1,3,1,0,0
157103,3619,60.29604876918774,74.96667434814638,0,1,0.09473792068926337,0.06539551565497304,1,4,8,5,0
157117,3620,44.55688899084503,95.59421680856224,0,1,0.05319098209466563,0.11069200136751764,1,3,9,4,0
157157,3621,73.42719778664963,112.8215859108258,1,0,0.07678608403248195,0.09113174974263019,2,5,5,2,8
157166,3622,66.20036852865113,-2.6054078960933555,0,1,0.06707774382486908,0.014004118619558616,1,3,1,0,0
157179,3623,78.5065063329416,67.17889042282732,0,1,0.10440076449124487,0.07954406214731748,1,5,7,0,0
157195,3624,48.465938294933665,130.61866107705148,0,1,0.11298542192287164,0.09215914371716528,1,4,13,0,0
157210,3625,58.44496044644903,97.18445594913156,0,1,0.10436244687382233,0.05218628189362559,1,4,10,0,0
157224,3626,61.77738183798098,62.721223851736696,0,1,0.04761564156606788,0.040894927802938255,1,4,7,0,0
157241,3627,95.44036234001521,27.30474087368156,0,1,0.0424982991668889,0.02044540182220909,1,6,4,0,3
157259,3628,63.08077384660176,109.8239323132663,0,1,0.033396004239866446,0.07074537675749253,1,5,11,3,0
157273,3629,81.08900574233456,43.102115838370594,0,1,0.05881404813574865,0.025818714511970986,1,5,5,0,0
157285,3630,25.438167803117462,63.961048228932185,1,0,0.02530754942351338,0.03081429003905513,2,3,3,0,0
157303,3631,29.399432610288624,159.02612974180644,0,1,0.038879609500513675,0.10917784860337004,1,3,15,2,0
157320,3632,62.168669494124465,68.76327550753167,0,1,0.03351940339488385,0.04214889149273362,1,4,7,5,0
157334,3633,56.21114005075047,95.27309676535641,0,1,0.13240452297252162,0.062171565248391,1,4,10,0,0
157352,3634,70.33604163808602,83.09549812643849,0,1,0.06055451131401404,0.04674587451113557,1,4,8,5,0
157365,3635,51.80063605402525,57.713724286773896,0,1,0.05179900708123437,0.03866017923320801,1,3,6,6,0
157376,3636,13.677908665257153,65.92545148294718,1,0,0.018948574568844283,0.0342587786726563,2,2,3,0,0
157390,3637,71.69408729307376,39.831324892334045,0,1,0.04384196678072216,0.02669374351184306,1,4,4,0,0
157404,3638,81.82812523097436,32.000100385439254,0,1,0.06351636146513755,0.022335818418711052,1,5,4,1,0
157417,3639,63.29190956723995,25.687714733327446,0,1,0.04394916896419207,0.019522293320997426,1,3,3,0,0
157427,3640,76.93445407572176,-3.9645346068826175,0,1,0.037280481911898936,0.005472450182430851,1,4,1,0,0
157463,3641,-95.29300983972163,615.9069173060934,1,0,0.035275224800578465,0.31035506012775504,2,4,48,19,0
157473,3642,69.62523330421092,-1.6425160825906282,0,1,0.06579033139444326,0.007088494299844527,1,3,1,0,0
157481,3643,65.65629667181376,-1.078754748835454,0,1,0.0635181799882073,0.0076394601970851475,1,3,1,0,0
157495,3644,72.69253928471271,81.35553911837827,0,1,0.1418205495831086,0.05669922306686648,1,5,9,3,0
157516,3645,48.36956534388848,129.37360937469145,0,1,0.050738934596934446,0.05997292670154647,1,3,12,4,0
157525,3646,65.43521874929975,-3.0449926933904425,0,1,0.03857286592623207,0.006285559172283852,1,3,1,0,0
157535,3647,64.80054905549574,11.565712574477171,0,1,0.04917898967872543,0.013263379933894736,1,3,2,0,0
157567,3648,16.494777925890887,369.47849854866234,0,1,0.044051824776276616,0.16123577015655277,1,6,33,11,0
157593,3649,22.888361204699606,293.3899988157045,0,1,0.04143299324339611,0.20696772879296288,1,4,25,0,0
157607,3650,81.57012168977994,43.78212194054126,0,1,0.07479113598578001,0.07184556702166298,1,5,5,1,0
157621,3651,60.22320912050939,75.55693181451782,0,1,0.04719353879225581,0.058112533852395995,1,4,8,0,0
157634,3652,64.07243421397393,64.65506596642314,0,1,0.11278380330117099,0.057256669509607803,1,4,7,6,0
157650,3653,44.869053491802916,152.31935751681513,0,1,0.135384284191836,0.09818601371641003,1,4,15,4,0
157659,3654,66.71334557802058,-1.7480866218351085,0,1,0.04885824289097028,0.010561700383800434,1,3,1,0,0
157730,3655,63.75181993699666,30.887329716562334,1,1,0.025300805692687073,0.0161584607356864,0,6,2,46,24
157744,3656,70.76489629734527,44.76124807954143,0,1,0.05767029992349965,0.019872213125411205,1,4,5,0,1
157767,3657,41.12708290880663,207.6201449186051,0,1,0.03986441914231391,0.12259672844064351,1,5,19,10,0
157781,3658,80.33988288495512,24.615888599199675,0,1,0.09845263942549276,0.015532409402665105,1,4,3,0,0
157794,3659,79.27903268964172,73.40038579060669,0,1,0.3002082978828437,0.07419096378783666,1,5,8,2,0
157801,3660,66.65085739348825,-3.080934350380792,0,1,0.0748989142302546,0.010466090657549125,1,3,1,0,0
157815,3661,79.89944369322917,10.126666465861868,0,1,0.06381267898433486,0.011933915217024397,1,4,2,0,1
157832,3662,90.84764238801324,39.61231507564786,0,1,0.07484546787312435,0.016323704769367318,1,5,5,3,0
157848,3663,41.67545661617537,169.02461562383922,0,1,0.15516146408466397,0.15133647226631494,1,4,16,5,0
157857,3664,55.48687678481802,4.508057287051663,0,1,0.026018864771524108,0.019543819667098304,1,2,1,0,0
157873,3665,109.78057956061024,38.76708428555756,0,1,0.11520530257697499,0.044669067869216275,1,7,5,0,0
157885,3666,75.34464685629754,31.519684024761776,0,1,0.1744093144999014,0.029049561110300826,1,4,4,2,0
157897,3667,60.713977799377716,82.6040904693111,0,1,0.09505193095013935,0.14934374499202205,1,4,8,0,0
157910,3668,78.60031405743659,53.98312844938772,0,1,0.10329792027657445,0.061712419044196186,1,5,6,0,0
157927,3669,80.55781421281681,33.73775503532792,0,1,0.14082452635075057,0.0315492833488672,1,4,4,1,4
157936,3670,66.19707913915249,-1.29471542452311,0,1,0.035817198764393605,0.01385269353570662,1,3,1,0,0
157984,3671,116.77378472752433,65.88239008924442,0,1,0.03412386094057832,0.026113446621287784,1,7,6,19,1
157995,3672,12.648871231061634,94.9014527180033,1,0,0.029057263069369378,0.05009647603637987,2,3,6,0,0
158009,3673,70.16533635965462,1.0808892500792489,0,1,0.03678706727042792,0.008529064208306882,1,3,1,0,0
158030,3674,62.91244185054586,152.82453889043163,0,1,0.211828123005956,0.1016802500373878,1,5,15,2,0
158046,3675,84.0773544688187,87.78835917209182,0,1,0.10946810548699608,0.0406468246697865,1,6,9,0,0
158078,3676,35.1738091521334,102.91669842252088,1,0,0.04064502112433237,0.05980087148984254,2,4,5,2,0
158091,3677,83.18616563143144,31.736426652838418,0,1,0.06648820700526249,0.03088121246948596,1,5,4,1,0
158115,3678,83.72653959729763,38.60560443015062,0,1,0.2810667755679897,0.024450748254728764,1,4,4,11,1
158136,3679,47.10200304232175,147.51978874403008,0,1,0.06598113800211422,0.041543917180693966,1,3,14,2,0
158150,3680,64.22485172654642,20.334535095191235,0,1,0.03995462125730457,0.013883717004926402,1,3,3,0,0
158169,3681,29.946508144254427,86.15283948557659,1,0,0.013794211672081608,0.03990212808763475,2,4,5,0,1
158221,3682,130.07570296737055,183.40144267511107,0,1,0.04491547965908836,0.084463712620885,1,9,16,0,0
158242,3683,51.57551796499133,165.5002331343591,0,1,0.08994917384322895,0.09507587129157814,1,4,15,0,0
158260,3684,89.87192472798932,68.75561265464167,0,1,0.08060722347667032,0.03685992470099587,1,6,8,0,6
158270,3685,77.42933877541608,17.520987080740994,0,1,0.2110480416837559,0.03073939636491929,1,4,3,0,0
158280,3686,17.385047461395096,72.91766389954962,1,0,0.015732521719220634,0.05687767827015609,2,3,4,0,1
158294,3687,57.806642499580704,95.47837552435325,0,1,0.10848766980598683,0.03890931975972468,1,4,10,1,0
158316,3688,35.71865507845932,47.455563480679196,1,1,0.10085688392900177,0.02087686643337979,0,4,4,5,0
158330,3689,68.7527306635726,44.99484095198476,0,1,0.06921116621139838,0.022399907851858348,1,4,5,0,0
158344,3690,70.2317314287534,83.86441133763762,0,1,0.04784447243323876,0.05428138168929293,1,5,9,0,0
158363,3691,27.60051922551416,193.92239703694574,0,1,0.09476094302612169,0.21570984430494455,1,3,16,16,0
158385,3692,38.647758391984645,82.57492361829125,1,0,0.044294786509085186,0.18132479357798068,2,4,4,2,2
158399,3693,45.04487174888143,99.92925616143849,0,1,0.05679856499244511,0.07412134941393382,1,3,10,0,0
158409,3694,61.8017202474655,19.133072622223818,0,1,0.03262312857156811,0.03687507881747633,1,3,3,0,0
158419,3695,60.776456437542876,23.498827380824956,0,1,0.09945190001132119,0.03222709875840162,1,3,3,0,0
158433,3696,62.401977365958984,34.48860861428712,0,1,0.06260064218310032,0.02500389459985068,1,3,4,2,0
158445,3697,56.432576420907075,50.13858443008762,0,1,0.0386050582041876,0.06612285452934451,1,3,5,0,0
158480,3698,114.95158231844371,39.331958345369365,0,1,0.07423764678999797,0.04329927111160375,1,6,4,3,0
158493,3699,59.396658110643735,44.928493245960624,0,1,0.05260973769590059,0.01758391981699005,1,3,5,0,0
158510,3700,35.068624823694186,71.75275177085616,1,0,0.05024874521750658,0.025476625007113698,2,3,3,0,0
158518,3701,65.62987862811194,-0.5000890714147221,0,1,0.03503862400490077,0.005366707236033874,1,3,1,0,0
158537,3702,95.70167032862255,40.645347909326496,0,1,0.07765135034312987,0.01819201295403565,1,6,5,1,2
158553,3703,26.14131986812687,88.1921106872599,1,0,0.03896659383338305,0.04701880283540697,2,3,5,0,0
158569,3704,60.47296179884546,49.32285169268624,0,1,0.0726002542563236,0.02288788536397958,1,3,5,0,0
158582,3705,68.86033948883157,46.60076217939882,0,1,0.06939328150464613,0.027157092011747933,1,4,5,0,0
158602,3706,67.61399046034947,66.77743226406663,0,1,0.03665752443513669,0.02854875365597027,1,4,7,2,5
158631,3707,115.9829320372969,34.63259059242602,0,1,0.1212330020197809,0.03023376066072169,1,7,4,13,0
158648,3708,85.14178302980756,41.48137388519709,0,1,0.0734751598219437,0.026542141394984148,1,5,5,3,0
158667,3709,86.94029955835012,60.16412767744741,0,1,0.05492574209819067,0.04950084405524306,1,5,6,0,0
158683,3710,91.68722053926207,61.6206226910875,0,1,0.04881216427274654,0.03863689674600619,1,6,7,0,0
158696,3711,68.05761672475239,80.84012527007356,0,1,0.34592103977102356,0.1146630987663764,1,4,8,2,0
158709,3712,59.19101762594785,84.80912999803286,0,1,0.051642288438760744,0.13418674029196526,1,4,8,0,0
158730,3713,97.64889305374913,40.478570888084704,0,1,0.07681447344436479,0.02455684196694922,1,6,5,1,3
158742,3714,73.61128262204262,26.298977561114,0,1,0.09400946314672359,0.04130514783536977,1,4,3,0,0
158758,3715,35.05740347924735,127.0142679234162,0,1,0.043446876489954565,0.047930573519208104,1,3,13,0,0
158770,3716,65.69230808020902,36.98270879841306,0,1,0.08943194100885608,0.03057163198105352,1,3,4,0,0
158782,3717,57.99111082955926,43.634054418314975,0,1,0.061827543582133014,0.019545876510186754,1,3,5,0,0
158789,3718,65.03806166737618,-1.8800918863791285,0,1,0.05172934181286031,0.008040176465997471,1,3,1,0,0
158800,3719,69.195011586442,46.67678572373879,0,1,0.11334974889544337,0.04157907782488638,1,4,5,2,0
158812,3720,52.52829573759832,85.99662199968346,0,1,0.17382175615552423,0.22833751234847877,1,3,7,2,0
158831,3721,108.10743900878126,57.68519593704807,0,1,0.060494089488747994,0.037753248355837474,1,7,7,0,2
158864,3722,94.08916598071379,67.58257746421789,0,1,0.03739490828647177,0.0189923215024122,1,5,6,2,6
158877,3723,71.49077893813839,34.71859221829669,0,1,0.05520161538544234,0.0210714422568167,1,4,4,0,0
158892,3724,88.13970956288122,27.031990824688638,0,1,0.08394062040792169,0.03380162996783886,1,5,4,2,3
158904,3725,75.98554780499911,8.944290158173656,0,1,0.046850909715954535,0.009913062572569397,1,4,2,0,0
158922,3726,67.88228265511178,60.86092144326008,0,1,0.03745600654775961,0.018712427110179227,1,4,7,1,2
158940,3727,60.02511192898148,59.72025322051433,0,1,0.047950436110635736,0.01692589285161274,1,3,6,0,0
158950,3728,23.291262270830032,67.14292949871287,1,0,0.029665558850077968,0.02880920834431619,2,3,3,0,0
158959,3729,66.80006613710447,-4.363795455782627,0,1,0.04019719118688762,0.0033434488452960937,1,3,1,0,0
158981,3730,75.79610605772524,68.60746494609498,0,1,0.06303104868530106,0.06006054770693159,1,4,7,0,0
158992,3731,66.6521234613197,-0.09249070416970717,0,1,0.03183184811871735,0.00368674356748803,1,3,1,1,0
159010,3732,48.61890153746741,117.47294780203538,0,1,0.06494203160298037,0.14197159325235753,1,3,10,2,0
159023,3733,60.523898910166835,33.68349933896599,0,1,0.06269433526142351,0.02393035585995375,1,3,4,0,0
159030,3734,66.45555298922734,-3.917233134082558,0,1,0.07680463295075864,0.007054098513349754,1,3,1,0,0
159040,3735,78.43194890087096,-6.234576411342701,0,1,0.06518901230240365,0.007488919099070573,1,4,1,0,0
159056,3736,64.35575492574263,22.135721489049057,0,1,0.21669473786726096,0.021255684230938158,1,3,3,13,1
159063,3737,65.6070295707026,-5.21776506299395,0,1,0.08141947530731451,0.006120590601922161,1,3,1,0,0
159088,3738,63.09043836566265,42.598712540899726,1,1,0.06799938935086434,0.02052330740384951,0,7,5,8,0
159095,3739,65.12898374183358,-3.412062190760654,0,1,0.05691849159461754,0.006192533005596955,1,3,1,0,0
159109,3740,80.48263239491973,50.80563084558865,0,1,0.07582505984901802,0.023213605019595518,1,5,6,0,0
159123,3741,79.83843370719418,42.083024464701424,0,1,0.08290072422614238,0.022804433287542288,1,5,5,1,0
159139,3742,75.26507617614126,36.0930167978117,0,1,0.030798690178216848,0.02248985017497592,1,4,4,1,0
159151,3743,73.51644632685897,53.99228014020251,0,1,0.0727095346080519,0.03820413074904683,1,5,6,1,0
159158,3744,64.99874109321101,-4.1183219043682655,0,1,0.05681556776325739,0.00637185444131925,1,3,1,0,0
159171,3745,82.9096470788317,44.07630127981615,0,1,0.06697277074943957,0.0231598730370011,1,5,5,0,0
159198,3746,46.18824163856809,59.651147819170916,1,1,0.0926300574730394,0.042674917660640216,0,5,5,7,0
159213,3747,93.95845491326072,23.784603254384635,0,1,0.05212163254569133,0.019522107579171687,1,6,4,0,1
159229,3748,77.51394219033935,23.680556403477674,0,1,0.05715579249703717,0.01329251442157369,1,4,3,0,0
159245,3749,58.168091739863605,91.0308781025044,0,1,0.035083810588878515,0.03843566272609089,1,4,9,2,0
159264,3750,47.38893667173888,49.937969748943814,1,1,0.10591863773574164,0.04090072813201285,0,5,5,0,0
159275,3751,16.38143511565538,83.2766135445477,1,0,0.02300884970515085,0.05375993133470796,2,3,5,0,0
159362,3752,123.09371848994942,137.36027999434128,0,1,0.013685904005741947,0.03834497067431896,-2,10,12,29,10
159375,3753,0.08673192947438935,111.94258061923888,1,0,0.012944399081199874,0.08177294146564844,2,2,7,0,0
159420,3754,51.04681026821685,327.4362770274655,0,1,0.06561946176393517,0.0843438454827357,1,7,30,6,0
159434,3755,73.5407034368826,43.72384554091553,0,1,0.07670092515441393,0.023831822108841105,1,4,5,1,0
159450,3756,86.59958258992623,30.62415713547627,0,1,0.0316149379140978,0.03235302477976813,1,5,4,1,0
159482,3757,124.49413793450073,45.18026644737611,0,1,0.049486285486967825,0.026438558978579326,1,8,6,5,16
159497,3758,74.63529998281878,27.41583517482608,0,1,0.06188331424158759,0.01314753890228058,1,4,3,2,1
159511,3759,61.08231921442156,43.42525896023216,0,1,0.03539157874422381,0.025448695963945285,1,3,5,0,0
159540,3760,74.36954937682499,49.2687283219318,1,1,0.059855636688768116,0.03163932502731506,0,8,6,5,9
159552,3761,62.07524994690384,38.30836075682629,0,1,0.08123207793513804,0.037112873374271015,1,3,4,0,0
159572,3762,108.58310142907068,20.074350770819372,0,1,0.04439468420796845,0.02164684761822096,1,7,4,0,8
159588,3763,78.93073845545513,36.654022725753094,0,1,0.057019224254191626,0.01629292256271393,1,4,4,0,0
159600,3764,70.3364473197512,-13.686008791542509,0,1,0.01589840082871271,0.0015549358100214368,1,3,0,0,0
159625,3765,43.7492538547449,64.02362658802238,1,1,0.033024539101156526,0.04038252821445526,0,5,6,0,0
159639,3766,73.62234547077324,32.64323518906811,0,1,0.03195572342053007,0.03707586431717919,1,4,4,0,1
159651,3767,65.16802394935196,25.054483335749012,0,1,0.0684049067600851,0.01713379891496683,1,3,3,0,0
159675,3768,35.73225205748928,224.70952943772448,0,1,0.038256613863713,0.18944647277540916,1,4,19,1,0
159690,3769,36.09238739382152,102.89366111647601,1,0,0.018772823158043992,0.07033514906732306,2,5,7,0,0
159709,3770,88.73315451891384,37.40384491427338,0,1,0.06676416541628948,0.046060102303985176,1,5,4,8,0
159721,3771,22.98212287388853,83.79951926317005,1,0,0.03176773461255866,0.03847764318500745,2,3,4,0,0
159733,3772,67.65659312666361,44.31348059893341,0,1,0.04394150514137498,0.03997868814545932,1,4,5,0,0
159742,3773,77.28228221808665,-6.1641334022791465,0,1,0.071454097579642,0.005334724296515615,1,4,1,0,0
159760,3774,83.5685166515149,35.00756485402568,0,1,0.07716931329827811,0.029261001071164423,1,4,4,1,2
159776,3775,71.33537468431827,44.03633057217403,0,1,0.049559071954335204,0.03429672350309608,1,4,5,0,6
159795,3776,49.29974856120449,91.36776289564345,0,1,0.023694209332421844,0.029192313146974225,1,3,9,0,0
159807,3777,74.06612416099031,35.13756620349869,0,1,0.12170223043799626,0.05715859663647324,1,4,4,0,0
159815,3778,18.952669017960346,64.86935438452088,1,0,0.016692589903080052,0.02503622872973509,2,3,3,0,0
159825,3779,19.429539911762397,84.12504970214694,1,0,0.019839083177536833,0.037158376218288734,2,3,5,0,0
159853,3780,126.00402045114677,57.35507109930213,0,1,0.11995714734998324,0.020375543970969367,1,8,7,1,4
159862,3781,63.02014100252438,6.980655293402727,0,1,0.04132942828344673,0.012889760585259468,1,3,2,0,0
159893,3782,-8.01128757947098,405.25130059735625,0,1,0.04379829212862262,0.21405927654963328,1,4,35,8,0
159929,3783,110.5615169201264,60.551580457236525,0,1,0.12587220865877813,0.027557463753581004,1,6,6,12,5
159943,3784,47.462835312084394,102.08669144367268,0,1,0.2522220305469456,0.2899774339879526,1,2,7,2,0
159967,3785,81.27420717992295,159.26193781109382,0,1,0.0870152531583782,0.24425463171192974,1,6,13,3,0
160077,3786,175.26673375257798,222.3712320617365,0,1,0.023593464070370815,0.041674186226138416,1,14,19,47,17
160100,3787,69.44655678288699,78.45204065180535,0,1,0.052053378824288336,0.03630592023525936,1,4,8,2,5
160116,3788,78.69389185411156,55.68710403434278,0,1,0.05078015776031203,0.0275731378273682,1,5,6,1,0
160130,3789,78.26616730282078,50.80664911453459,0,1,0.077192004505141,0.0349422805738111,1,5,6,1,0
160141,3790,16.94635412305575,83.64843945069177,1,0,0.020614877226385043,0.06266460330434204,2,3,5,0,0
160150,3791,61.05652592638623,20.865278789723344,0,1,0.06365057636041498,0.027765563947761022,1,3,3,0,0
160163,3792,63.64806795670562,24.106700012947652,0,1,0.07921060010757312,0.014550941778547837,1,3,3,0,0
160172,3793,77.03276394429817,-5.253226148615461,0,1,0.0490874991316892,0.01016734122229288,1,4,1,0,0
160185,3794,64.41407269911758,78.02793228357511,0,1,0.1882064179537948,0.21118365966566383,1,4,7,0,0
160196,3795,75.84787645532164,16.679362988569565,0,1,0.11285542238338576,0.01407970947359649,1,4,3,0,0
160210,3796,62.83214928487033,76.01195108065711,0,1,0.104429330535485,0.12878802889175275,1,4,7,0,0
160223,3797,61.709955539372416,70.74077530401162,0,1,0.05495565278998667,0.06720326283968615,1,4,7,0,0
160248,3798,48.54946020317112,173.44234294836576,0,1,0.030102039201354572,0.08266384408049537,1,5,17,8,0
160261,3799,85.18504147485747,24.94452306656458,0,1,0.0604881182565768,0.014478601321683458,1,5,3,0,0
160285,3800,87.01880480617882,47.91489351008629,0,1,0.01969018733803358,0.013840150271971385,1,5,5,1,0
160298,3801,62.08661878743131,66.25744872794179,0,1,0.08998671535602276,0.03157888323973264,1,4,7,0,0
160305,3802,62.89116457107566,10.181092693295932,0,1,0.029455057987304186,0.01608107117247961,1,3,2,0,0
160337,3803,-45.904878159200024,373.0550540330406,1,1,0.1665781838159342,0.16229503943427515,0,5,33,23,0
160353,3804,93.7356087712625,31.809465474324767,0,1,0.09256027134806544,0.024722928313626123,1,5,4,0,3
160363,3805,66.6685296982468,1.1858686600462072,0,1,0.03876377538605179,0.007313098548183615,1,3,1,0,0
160371,3806,65.42060836216767,-2.7528568182733757,0,1,0.03097783242099716,0.014401910368162383,1,3,1,0,0
160871,3807,-1269.0059090487416,5613.987975829295,0,0,0.0025203253410227724,0.07236510479325933,0,4,510,36,12
160879,3808,21.270415548145127,71.3904368968943,1,0,0.03086219886621057,0.07818395786693395,2,3,4,0,0
160886,3809,75.82122232349536,8.755450452721277,0,1,0.08689350242135856,0.0283407835892181,1,4,2,0,0
160940,3810,120.10007556711963,46.46282019824602,0,1,0.05553256298239376,0.03597124367072246,1,6,5,21,34
160949,3811,15.74732320777068,79.7303222762663,1,0,0.02352710937823338,0.04300521455939597,2,3,4,0,0
160960,3812,14.147296695383904,63.021915269610346,1,0,0.022149777531094015,0.047612396378670076,2,2,3,1,4
160998,3813,103.29574717615995,62.827220001588984,0,1,0.03756221145566896,0.02802035765727272,1,5,6,3,3
161009,3814,1.654513196697252,68.57439673091127,1,0,0.01648246652194097,0.05748902328905295,2,1,3,0,2
161019,3815,-3.3080819211453374,77.145385928966,1,0,0.02388677878459713,0.058557510137435966,2,1,4,0,3
161048,3816,43.2820898859008,42.894643307999175,1,1,0.03839274453325177,0.05604126717151306,0,3,3,2,0
161062,3817,26.52135186974037,91.93083509886783,1,0,0.02723099303233295,0.05766355335857173,2,4,6,0,5
161070,3818,-0.7535628520008348,64.91844885217459,1,0,0.01941412160894513,0.023260003939199955,2,1,3,0,0
161078,3819,6.207979319554923,74.50687725648444,1,0,0.02777304388528753,0.0656508290416999,2,2,4,0,0
161087,3820,8.326194753312912,74.08911701512741,1,0,0.01841160204813948,0.06684417909799922,2,2,4,0,1
161097,3821,23.570596016416985,73.96734610793604,1,0,0.033226183901609585,0.05979167970509678,2,3,4,0,0
161125,3822,203.58484619112187,64.79079987240672,0,1,0.15626062927565224,0.07429874554331457,1,16,10,4,9
161147,3823,94.43281543774609,34.06591127524571,0,1,0.039337312582801896,0.032998746429718,1,5,4,1,4
161160,3824,7.911015288781403,76.6517960185848,1,0,0.022056471244665324,0.07127782639956595,2,2,4,0,4
161177,3825,86.21572336571721,65.64188911087138,0,1,0.09568548061130625,0.08611763198327683,1,5,6,0,2
161189,3826,9.892649062847793,87.87908964558395,1,0,0.02066513636961632,0.04057090216870464,2,2,5,0,0
161197,3827,6.399838501279248,74.82551001926251,1,0,0.03335668362784692,0.07066436481811329,2,2,4,0,0
161214,3828,72.43343637404507,18.298582740655384,1,1,0.05869319539691234,0.023798122953373933,0,7,3,0,0
161228,3829,17.90744215828875,96.43160166373924,1,0,0.015644780140026314,0.06292139803305823,2,3,6,0,1
161728,3830,-2011.99870958248,8545.583488785918,0,0,0.004325902447118602,0.10466596868048925,0,7,794,10,23
161739,3831,1.7625908815108637,66.78334950291091,1,0,0.016777657498580803,0.027497925239753897,2,1,3,0,0
161750,3832,67.6639942700309,26.798938581809068,0,1,0.10536797250281717,0.04266050876862579,1,3,3,0,0
161759,3833,66.70405881761056,25.47231106063584,0,1,0.19911565894446207,0.07835930712391505,1,3,3,0,0
161773,3834,21.31910855689594,97.66868034802424,1,0,0.03352896541546862,0.04249529154740839,2,3,6,0,0
161782,3835,0.1273098385212954,67.77685218340788,1,0,0.020629586959339308,0.061684416214906466,2,1,3,0,0
161794,3836,10.220401668239539,75.79064208363593,1,0,0.017922818723518658,0.05032917677235977,2,2,4,0,2
161846,3837,157.40418285023043,62.552342379454984,0,1,0.029891493835563845,0.02377088384108996,1,10,6,19,12
161856,3838,11.201834589847056,75.6809777766445,1,0,0.01866709379150979,0.051536771036962525,2,2,4,0,0
161868,3839,8.50632558137358,75.79277360406721,1,0,0.016252538002893002,0.04190217862361356,2,2,4,0,2
161876,3840,63.32556996772374,11.484767100248014,0,1,0.03850808085406712,0.010636844726727754,1,3,2,0,0
161894,3841,11.80760034929132,125.8775700768889,1,0,0.03851054303644378,0.0678579002141399,2,4,9,6,2
161906,3842,12.342255713514211,67.12080060904195,1,0,0.029754301958110473,0.06997589622826818,2,2,3,1,2
161929,3843,15.843986566025695,277.8900563929767,0,1,0.050024860800582556,0.23833005174825236,1,3,23,6,0
161938,3844,20.440107486965587,72.33241787805152,1,0,0.02768449350735363,0.06741869427235164,2,3,4,0,0
161948,3845,21.039585150219605,61.54311421717361,1,0,0.024036628623928896,0.07745715583087169,2,3,3,0,1
161957,3846,-3.7901571702332078,78.80354885240125,1,0,0.020595106197648764,0.07839087744285855,2,1,4,0,1
161997,3847,119.44476325366298,44.7102640961968,0,1,0.05101631233933033,0.032869434855039875,1,6,4,9,0
162006,3848,22.081885281734365,70.80101444710908,1,0,0.025708477642107746,0.07066954406062331,2,3,4,0,0
162015,3849,20.09169539054409,73.36798850516666,1,0,0.04649914517225676,0.05921785404952748,2,3,4,0,0
162037,3850,103.16715868114031,34.9975979319588,0,1,0.299472580115792,0.026763622270966028,1,6,4,9,0
162046,3851,19.550655087353928,78.9489636556911,1,0,0.049149589169080604,0.08189714289937346,2,3,4,0,0
162053,3852,4.304632032735146,56.52058941165558,1,0,0.026903215009880237,0.02740666687040639,2,1,2,0,0
162060,3853,5.065053820484689,54.84771828012208,1,0,0.02537977287651654,0.03607466580228198,2,1,2,0,0
162084,3854,105.81907412093582,49.25830929276999,0,1,0.05491464783040798,0.0294329118876413,1,6,5,3,0
162094,3855,-4.3528323002643905,87.74137969961215,1,0,0.019366622263037828,0.06302487921396879,2,1,5,0,2
162103,3856,19.765828501260582,73.15114500222663,1,0,0.027685335175807395,0.060968331181810144,2,3,4,0,0
162113,3857,12.530477701992478,76.99981731783313,1,0,0.034331064219366506,0.07561875890723031,2,2,4,0,0
162225,3858,210.94306927452388,87.59724805603547,0,1,0.0645027420802765,0.04785925633814201,1,11,4,34,3
162240,3859,16.390617951521097,95.53725344696359,1,0,0.017883741878999316,0.1080023635418081,2,3,5,0,4
162259,3860,37.72382932527013,28.995866624954427,0,1,0.031854108315475575,0.024185060610042924,-2,3,3,0,0
162288,3861,43.16890924716768,70.0040997460793,1,1,0.14852234519484617,0.052592814244742186,0,4,5,7,0
162296,3862,-0.5426074444266362,65.01361562166021,1,0,0.010913741985042547,0.015118565422269071,2,1,3,0,0
162305,3863,57.342095200598976,1.793599935281044,0,1,0.03286720884245227,0.024462004741532217,1,2,1,0,0
162313,3864,5.590603927039442,59.92787818034894,1,0,0.020151949171441492,0.02780072602493089,2,1,2,0,0
162324,3865,71.79092133942527,35.24573500318468,0,1,0.10301905035988866,0.025686869622301576,1,4,4,0,0
162334,3866,13.166927727773626,78.0200387726333,1,0,0.03716756810679209,0.08969131108486525,2,2,4,0,0
162361,3867,98.33411297680746,42.43126695687881,0,1,0.04463611219156648,0.025868565031909218,1,5,4,2,0
162370,3868,19.20034521901252,72.25473065250347,1,0,0.0315069563620369,0.055814733930638356,2,3,4,0,1
162379,3869,6.281044363589471,84.92945547505705,1,0,0.02274174816373216,0.07852310282036574,2,2,5,0,0
162392,3870,3.099817009002813,90.77829741023864,0,1,0.012356156709463125,0.2045127553152861,-2,1,8,0,0
162427,3871,101.13387920483713,49.876675666878796,0,1,0.029617385461828294,0.026112327428590012,1,5,4,10,9
162436,3872,8.089089140603878,84.66422127352568,1,0,0.021818184774126458,0.07181847149262813,2,2,5,0,1
162445,3873,6.905886620096457,74.61056118066395,1,0,0.02190137565540151,0.08270153417039816,2,2,4,0,0
162457,3874,15.067522296068052,83.6886341162558,1,0,0.0218841603383803,0.05073674439204115,2,3,5,0,2
162466,3875,2.2995097007381364,67.752246495294,1,0,0.019467696034220085,0.06882616432247622,2,1,3,0,0
162580,3876,173.81949423531606,189.39989234731598,0,1,0.02254171436080148,0.052764007866948306,1,11,13,44,9
162590,3877,63.66690679030587,18.344118507974148,0,1,0.060922259191772486,0.027419448653515605,1,3,3,0,0
162600,3878,-1.3918424187185963,68.58430028899872,1,0,0.007728155668687081,0.05699844018224033,2,1,3,0,0
162609,3879,17.42759702014719,82.99448487947103,1,0,0.027306695902042266,0.07153453180516606,2,3,5,0,1
162642,3880,123.89730281196111,47.21143811155571,0,1,0.06108071521596169,0.0668425320552789,1,7,5,3,4
163142,3881,-1675.2132562744468,7309.205213468964,0,0,0.0017511320088808055,0.09630408289036196,0,5,674,38,72
163156,3882,83.65686410553877,34.98694197156862,0,1,0.18234288679702915,0.02298016598971502,1,4,4,0,0
163165,3883,0.44124948924426555,67.51722891008713,1,0,0.011018061924403506,0.061764662482831065,2,1,3,0,0
163665,3884,-2345.354806349545,9586.232033557877,0,0,0.002729811839605539,0.11722666541960837,0,6,892,9,4
163695,3885,107.99684337698281,47.373131842852956,0,1,0.18777224527824785,0.03957631097750196,1,6,4,16,2
163703,3886,6.1483357984852525,73.57784959823275,1,0,0.015069314687649549,0.06852654720290251,2,2,4,0,0
163714,3887,20.333187669851693,72.90908608675207,1,0,0.01762745141067387,0.05698598023322155,2,3,4,0,0
163723,3888,-5.2772752577410955,76.7349832069154,1,0,0.008872043024088087,0.07163551338999516,2,1,4,0,1
163735,3889,3.9427626506664453,57.85505463678095,1,0,0.006203405799670939,0.03789128607328138,2,1,2,0,3
163802,3890,160.44254844626306,31.896602927847596,0,1,0.011974714312091694,0.026863088677989352,1,9,2,21,8
163813,3891,-2.475158212936657,77.75354080773755,1,0,0.008224597580175725,0.05467250351855291,2,1,4,0,1
163835,3892,101.76240821447709,42.12985765885442,0,1,0.0479271407667028,0.0543174850293003,1,6,5,0,5
163871,3893,111.35884854470183,30.762864878350126,0,1,0.07296161241838613,0.01899527089720747,1,6,3,13,2
163881,3894,2.9246685384620044,66.78438310319027,1,0,0.003496877676843914,0.0421363627894203,2,1,3,0,1
163891,3895,13.071956424887702,56.80140483664455,1,0,0.01142289869806754,0.03749494297859701,2,2,2,0,0
163903,3896,69.24372103711097,54.80635007052254,0,1,0.07155454198479415,0.11508173260889666,1,4,5,0,0
164013,3897,-62.238182957876376,1368.7590612946512,0,1,0.08334200912772896,0.2107909011583606,1,15,118,16,4
164022,3898,8.705881079206758,73.55388906682845,1,0,0.015332748844743171,0.038571434747863266,2,2,4,0,0
164047,3899,88.51293322416667,42.555330016039406,0,1,0.049169025193362435,0.0305694175684205,1,4,4,0,0
164055,3900,-0.3865232338665425,66.81804841523417,1,0,0.009046308318214546,0.062324005071282496,2,1,3,0,0
164555,3901,-2055.6134714225905,8652.23113187024,0,0,0.0018192937178250102,0.10965885426839125,0,6,803,25,41
164563,3902,68.07540239682692,8.412425247924332,0,1,0.02916848592428673,0.011380180687374026,1,3,2,0,0
164687,3903,92.66295273015913,167.04205521553223,1,0,0.02263308566550314,0.015201732178596637,2,9,7,99,1
164721,3904,60.956141156067645,32.91627619843062,1,1,0.08286231298937922,0.018322101641242178,0,6,3,21,0
164732,3905,71.56304608498402,14.98994021998266,0,1,0.03805642565058636,0.02067053752239671,1,3,2,0,0
164775,3906,104.53441555523624,31.393777124701565,0,1,0.01904653983105203,0.01406357590675214,1,5,2,15,3
164815,3907,59.01262655526614,85.81206218720214,1,0,0.06041192448576749,0.015167156453700148,2,6,3,22,0
164825,3908,-0.01577863083507225,77.50430123267154,1,0,0.009333284740514019,0.04398884362730611,2,1,4,0,0
164863,3909,104.28727579479431,40.79293636083645,0,1,0.01896623415590518,0.017914852483597254,1,6,4,16,6
164889,3910,108.01270834119507,25.518546904213146,0,1,0.03465997361604731,0.023980874671251397,1,6,3,4,0
164917,3911,42.329050912897074,39.102053535037115,1,1,0.037129300135631746,0.0249383437415207,0,5,4,12,1
165417,3912,-1740.3226691470097,7654.121106166762,0,0,0.0054897553399121295,0.09865764107117421,0,10,706,52,1
165463,3913,72.28164660678058,87.42700610636237,1,0,0.023753406758949536,0.01978369406581165,2,7,4,14,4
165488,3914,36.33184741950814,17.723559129695364,1,1,0.0801007990555952,0.01539714710855115,0,4,2,13,2
165497,3915,73.98356945481751,10.915923604156113,0,1,0.056454144019341936,0.023722813422602643,1,4,2,0,0
165997,3916,-1859.1745805658466,7746.2839520987145,0,0,0.0036261306108107,0.08516146015336093,0,6,720,69,15
166010,3917,36.091960757068975,48.86309014769099,1,0,0.014303753531651123,0.040951449802325894,2,4,2,0,1
166020,3918,67.26737950069202,13.025844134411296,0,1,0.025828152412065146,0.022122940093228967,1,3,2,0,0
166047,3919,74.54288851137669,28.45113874002256,1,1,0.0701197181105546,0.01172853518118613,0,8,4,8,0
166073,3920,113.8505134155276,83.42508482749473,0,1,0.044797013853326635,0.08043074784121754,1,8,9,0,0
166573,3921,-2051.554877300188,8683.92689569142,0,0,0.0012180656217491406,0.11800772708102361,0,8,802,23,6
166594,3922,127.68708979125388,25.741441719922236,0,1,0.032350734925164513,0.022780787936566342,1,9,4,0,0
166610,3923,81.28474066749268,38.688380748138854,0,1,0.045533072946053216,0.04593083441800087,1,4,4,0,0
166634,3924,81.17310757716002,17.440472967409573,1,1,0.07265326772767554,0.021640462507827304,0,8,3,4,0
166642,3925,63.68146401436236,12.439428190530833,0,1,0.022730341605244262,0.02212452862247087,1,3,2,0,0
167142,3926,-1897.244615276172,7925.30860872756,0,0,0.0035216478130291216,0.08976646917448407,0,7,739,76,29
167150,3927,54.41087636457881,15.336350221045402,0,1,0.025058706042543337,0.02893262310633488,1,2,2,0,0
167186,3928,48.21258289073836,47.508277365575516,1,1,0.023138825011572106,0.020775232606350506,0,5,4,14,0
167217,3929,123.36196293576529,14.558046141426496,0,1,0.041806094573715,0.02080046795636609,1,7,2,13,3
167240,3930,104.5827199499818,40.160852834062105,0,1,0.04633798873964757,0.020840548310027508,1,6,5,5,1
167365,3931,101.79825480100556,322.4015535191177,1,1,0.012563402041527148,0.06609015521052287,0,12,26,52,10
167374,3932,71.49805661087717,19.596564054847526,0,1,0.044435713964493986,0.019718264628132434,1,4,3,0,0
167397,3933,108.31869046328691,36.65205713339335,0,1,0.029899647553658332,0.021497714322307022,1,6,4,2,0
167409,3934,29.011026205326534,69.07956276596985,1,0,0.012487444176394831,0.04146092458635195,2,4,4,0,0
167421,3935,84.33620493191329,32.35815197889014,0,1,0.07385090377559997,0.020497136856612745,1,5,4,0,0
167438,3936,42.75865252383487,93.56938355893021,1,0,0.030830273390920874,0.06255101891574341,2,5,6,0,1
167455,3937,26.64065175786473,52.823332933603325,1,0,0.009002621904112358,0.024092675045024724,2,3,2,0,2
167488,3938,141.4514362258003,19.378652505488702,0,1,0.12954052819498207,0.015710413633914743,1,9,3,14,0
167499,3939,17.63565649997993,85.01703993540826,1,0,0.025525221153674806,0.08301730121738558,2,3,5,0,0
167530,3940,120.94742096735308,17.260052457441333,0,1,0.1400226782219125,0.01743801838009713,1,7,3,14,9
167570,3941,141.6689966299052,32.2738781983646,0,1,0.03728867498813486,0.01959494816213996,1,8,3,4,3
167629,3942,149.44997466322468,56.56320829620567,0,1,0.03727022277268983,0.021578923717649134,1,8,4,18,1
167662,3943,125.52868376834819,29.727183379020385,0,1,0.029700024384767723,0.02290746831435388,1,7,3,10,3
167707,3944,27.98315729002266,403.6305937446846,0,1,0.034175660966874286,0.10302260180215367,1,8,38,13,7
167713,3945,62.10591805112286,9.867032369078736,0,1,0.045062367760823736,0.04329521362617933,1,3,2,0,0
167734,3946,123.47115172512004,24.31009882432429,0,1,0.0661853475635829,0.02071106718710181,1,8,4,8,1
167756,3947,100.50679778887707,22.354977644756744,0,1,0.018892720913541772,0.023463169760724403,1,6,3,0,1
167844,3948,157.91224129636896,64.61775096546673,0,1,0.04587006451439992,0.017496876990530395,1,7,5,11,28
167854,3949,16.160204689646626,60.2560651129333,1,0,0.02576040889082933,0.02833264761391825,2,2,2,0,0
167872,3950,79.66122708352735,38.88756813344037,0,1,0.03359288307422269,0.03503032682503074,1,4,4,0,0
167896,3951,122.18379984603212,18.401642714040094,0,1,0.147866121209299,0.026774552697190073,1,7,3,2,4
168055,3952,60.31072440379128,698.2913606862493,0,1,0.049589803176056074,0.061575938488341225,1,9,58,37,18
168077,3953,122.43085010034574,39.76894372271067,0,1,0.14597905215676635,0.034067118699452274,1,8,5,2,0
168120,3954,101.42224054400951,96.64255515866063,1,0,0.026819387106889688,0.016059522248304356,2,9,5,5,0
168172,3955,114.6594415700454,137.79079663717945,0,1,0.02774536432830473,0.0724309446238666,1,8,13,15,7
168218,3956,-22.58879079480572,448.50237099161933,1,1,0.01787297768218441,0.24521176453977667,0,5,36,6,9
168225,3957,67.18773120204565,14.890822383164409,0,1,0.08032220839366909,0.06859375577164455,1,3,2,0,0
168264,3958,45.50568637195569,61.90924540552608,1,0,0.04226228564590236,0.013365122437383779,-1,5,4,16,0
168319,3959,149.97858664454282,118.31838645559613,0,1,0.06267989537323995,0.076921582080368,1,10,11,11,15
168342,3960,113.91232696591479,24.879060643372625,0,1,0.07557396590845462,0.027444536045020854,1,6,3,1,5
168451,3961,127.56700667969864,408.0781347359807,0,1,0.024282046612479225,0.050432708630535644,1,12,36,10,12
168582,3962,144.34451675966233,95.63557985533457,1,1,0.02938154147330248,0.01803688413739448,0,11,5,69,0
168621,3963,67.88527594473129,32.09539947780045,1,1,0.025202508998254467,0.021477506470958432,0,6,3,5,1
168648,3964,133.71602066982894,18.870260607308595,0,1,0.06779404106251363,0.030564862840510135,1,8,3,9,3
168672,3965,57.11947909280542,26.808876121131355,1,1,0.07227499045749748,0.018290242381378222,0,6,3,12,0
168681,3966,14.253308191563335,58.745237206934206,1,0,0.013188272560580309,0.013547412070349776,2,2,2,0,0
168714,3967,126.74549151933266,29.61249637927168,0,1,0.04639906613105084,0.02024433016504541,1,7,3,6,1
168786,3968,106.7378278407462,51.02834673776312,1,0,0.054400894965043585,0.01669494070455266,-1,9,3,26,24
168793,3969,73.62685838170984,4.144533620955038,0,1,0.037178537527209565,0.01615856330910593,1,4,2,0,0
168825,3970,106.9948896413182,44.79750735612374,0,1,0.03378062528728773,0.017958047489310416,1,6,5,6,5
168850,3971,102.36602733270794,18.80023747886306,0,1,0.04904552334614091,0.029273199663676013,1,5,2,9,3
168856,3972,75.05276508539028,4.615576151327547,0,1,0.09066669917402764,0.03059462487322952,1,4,2,0,0
168863,3973,74.22265056932008,4.708887420726651,0,1,0.049099522480558454,0.021560310363587402,1,4,2,0,0
168871,3974,55.51585086760331,12.050976188196767,0,1,0.05309705648789167,0.04452402447611923,1,2,2,0,0
168883,3975,13.33638845037827,65.60042406625934,1,0,0.015825924924785156,0.05189469650623418,2,2,3,0,0
168898,3976,88.13630689448505,25.06192153057231,0,1,0.31963851901342727,0.024451885505172594,1,4,3,6,0
168917,3977,118.04532214187626,32.40229717127259,0,1,0.07521086164565469,0.0117740376387457,1,7,4,4,0
168931,3978,13.086764224530672,65.9081943398734,1,0,0.01043843347630595,0.03375121142617801,2,2,3,0,0
168948,3979,4.280720164448116,89.27029335668271,1,0,0.005301262204108789,0.03354521228381227,2,2,5,0,0
168954,3980,74.65257527541542,6.361701955898024,0,1,0.09803746040706811,0.04726619496840162,1,4,2,0,0
168965,3981,81.6197747244903,27.204867703450354,0,1,0.04494330401920293,0.02445961260474384,1,5,4,0,0
169034,3982,127.46952275735293,81.91207743314763,0,1,0.02285606223967584,0.052335484292225946,1,7,7,24,15
169041,3983,64.42034435312786,13.28090735519126,0,1,0.06856294410782171,0.048045607368885954,1,3,2,0,0
169052,3984,87.13622338256646,10.828416452155698,0,1,0.06170091572763728,0.033576809161449034,1,4,2,0,0
169058,3985,64.66471106833657,9.002616225857887,0,1,0.09168081737684709,0.05752125529459076,1,3,2,0,0
169065,3986,73.36380267501993,5.35693828100008,0,1,0.05352040475000965,0.04207852750478638,1,4,2,0,0
169072,3987,55.089179314164646,14.99902910995963,0,1,0.04498515748597636,0.04469993248184175,1,2,2,0,0
169084,3988,77.85285176641176,18.570929463828634,0,1,0.060834623640310094,0.027172203323562183,1,4,3,3,0
169100,3989,90.60052798307848,19.880376155469047,0,1,0.051764924405256,0.03444895684445785,1,5,3,2,0
169123,3990,27.41334260045496,47.781842217602545,1,1,0.08256647096686376,0.03560921500456567,0,4,4,16,0
169129,3991,63.414217618694565,6.8637000399557095,0,1,0.08130857037974513,0.04920460308315908,1,3,2,0,0
169135,3992,54.19693044456983,12.806416283289206,0,1,0.06490005941712386,0.0523408179935827,1,2,2,0,0
169142,3993,55.122719155664996,11.451514881367372,0,1,0.04865313775507967,0.043851788365838404,1,2,2,0,0
169173,3994,124.31913231479464,44.60571903099123,0,1,0.03817498830365036,0.018962999818301855,1,7,5,0,1
169198,3995,88.28274191078368,29.342140961866818,0,1,0.03917005389345692,0.018764663189970113,1,4,3,4,0
169204,3996,64.42987005776143,8.232379004423201,0,1,0.1521169169369418,0.04162782459129085,1,3,2,0,0
169237,3997,97.98206175594763,37.64058580712082,0,1,0.023981763045306668,0.020905825381010153,1,5,3,13,2
169244,3998,73.94196813840232,6.711703525654945,0,1,0.05475796617051339,0.029516142261631264,1,4,2,0,0
169250,3999,63.096763666845895,8.924729826960021,0,1,0.06030061837177187,0.044092957860726444,1,3,2,0,0
169256,4000,64.38400152304848,8.119637053938582,0,1,0.06829032829626049,0.04730946542164993,1,3,2,0,0
169263,4001,64.07629069519646,11.9908438051214,0,1,0.05599660212244173,0.03933443565841714,1,3,2,0,0
169270,4002,67.45875305844191,11.048884961725639,0,1,0.08644831836171749,0.056624624900628216,1,3,2,0,0
169285,4003,67.64277633564012,16.815737442503696,0,1,0.0226082363123089,0.016339852606619056,1,3,2,0,0
169338,4004,89.33060815505742,79.87077420297643,1,0,0.07113654537231993,0.029521331836093928,2,7,3,4,7
169406,4005,100.21158947510341,65.89127464736103,1,1,0.05573753313690565,0.02852324751002913,0,9,5,34,12
169411,4006,64.93328230172403,6.757539468933247,0,1,0.2640289677869339,0.06301960910802126,1,3,2,0,0
169417,4007,64.0424886849876,6.333960477563764,0,1,0.07022457488299039,0.042852139740228494,1,3,2,0,0
169425,4008,54.175617660112295,11.677598277395848,0,1,0.04274310917333477,0.0345877001979209,1,2,2,0,0
169431,4009,62.79333638128028,8.277620402652175,0,1,0.06457273765225545,0.03615459808238931,1,3,2,0,0
169438,4010,66.43533507143883,8.48665808616154,0,1,0.06184699674800311,0.037738913485845633,1,3,2,0,0
169444,4011,64.75407746491038,9.439988675375657,0,1,0.07736353773584223,0.05028651590881692,1,3,2,0,0
169463,4012,55.76004784067956,197.21608667976122,0,1,0.09294577871860052,0.11357306895912994,1,6,19,6,0
169478,4013,56.98832843545986,64.51676553166529,0,1,0.04504661536780576,0.07041730030445913,1,3,6,0,0
169485,4014,55.38575898405395,11.576061308638273,0,1,0.050964081203788605,0.04157877804815351,1,2,2,0,0
169491,4015,63.949196839634794,7.954867740286103,0,1,0.07860961491715467,0.04508892718765548,1,3,2,0,0
169497,4016,64.05562489583548,7.9259531248602855,0,1,0.07626561231428823,0.04825542642924224,1,3,2,0,0
169586,4017,103.82861219071997,179.12151891349114,0,1,0.012154581304173025,0.045562518246215884,-2,10,15,48,10
169594,4018,64.75156702095376,13.551656893615917,0,1,0.06176710180845691,0.033333354009761555,1,3,2,0,0
169601,4019,64.1070124212218,10.5762637425201,0,1,0.06588764424799112,0.041999156927326746,1,3,2,0,0
169613,4020,65.62458462167993,15.329571658591142,0,1,0.03496940991531384,0.02428706767486179,1,3,2,0,0
169661,4021,89.26084331634078,30.470608896126798,1,1,0.03818325556670194,0.02730102869682768,0,7,3,14,24
169667,4022,62.493730048104894,8.959272889225241,0,1,0.060949542582964054,0.054826463400880876,1,3,2,0,0
169690,4023,55.07631758926977,21.18441853313904,1,1,0.20367963071954007,0.025644421149607754,0,6,3,13,2
169697,4024,52.85211320330859,10.837366226360121,0,1,0.05081160917327687,0.04092277192803156,1,2,2,0,0
169703,4025,62.915500133832225,7.951463706810067,0,1,0.06289358297147501,0.05665404006703858,1,3,2,0,0
169713,4026,65.39216108674012,11.273759804770707,0,1,0.036808543577791286,0.021226953179992826,1,3,2,0,0
169736,4027,108.62424318877851,22.89983770981943,0,1,0.2683288626863525,0.02303419065135309,1,6,3,8,0
169743,4028,67.71526188149268,12.793455524200349,0,1,0.08457372987615579,0.05203221013861572,1,3,2,0,0
169750,4029,66.81637431662136,10.713970674313039,0,1,0.051332674424640394,0.039455135913858165,1,3,2,0,0
169757,4030,63.622042365099766,8.516229985047831,0,1,0.06715980521994465,0.039870797804877456,1,3,2,0,0
169763,4031,63.67141576312294,7.729360196588827,0,1,0.10038974486357453,0.03655283803015783,1,3,2,0,0
169769,4032,64.31405911576921,7.511383440857458,0,1,0.060341668731047605,0.03964549520289717,1,3,2,0,0
169775,4033,63.747146336174055,6.5080729846486225,0,1,0.0640239256493652,0.04181506241100865,1,3,2,0,0
169781,4034,63.164474132666605,5.476584617134407,0,1,0.07415075906377722,0.03852956847962414,1,3,2,0,0
169787,4035,53.7280231044348,10.683852637150661,0,1,0.059607203178821365,0.046466536776479384,1,2,2,0,0
169795,4036,69.23416870213943,15.577635446128316,0,1,0.075692712143275,0.05774077004432663,1,3,2,0,0
169802,4037,66.15703371927472,12.742007999895286,0,1,0.05593368446995283,0.042132832781709775,1,3,2,0,0
169831,4038,74.24604951998869,65.71942199967447,1,0,0.2195571429651441,0.010457449958902267,-1,8,5,13,0
169837,4039,63.5879940085769,8.088565626401088,0,1,0.08394197794605147,0.05040039927094161,1,3,2,0,0
169843,4040,63.28317346414741,9.545545746143258,0,1,0.08368998269721835,0.04334569826287599,1,3,2,0,0
169865,4041,88.15858180978717,75.82819732213261,0,1,0.07309764970491373,0.08885572631427996,1,5,7,2,0
169871,4042,66.2442156947776,10.113234771154941,0,1,0.2812358398150775,0.051067135786037714,1,3,2,0,0
169878,4043,72.29231748416987,7.57675434360371,0,1,0.04875434885111737,0.0258466638310386,1,4,2,0,0
169884,4044,52.64097618094972,10.731712118268275,0,1,0.0627088572967652,0.04356228579164715,1,2,2,0,0
169893,4045,58.41257065675384,15.962483510885722,0,1,0.026695956590653998,0.021955248171900532,1,2,2,0,0
169900,4046,63.96556140878975,11.353152699719674,0,1,0.055620860599432706,0.04452673090347958,1,3,2,0,0
169907,4047,64.45971908799314,9.173570387768738,0,1,0.03617317012636318,0.027532435990670717,1,3,2,0,0
169914,4048,65.8324981165971,11.333020914908865,0,1,0.041959152327293504,0.03510532283260379,1,3,2,0,0
169932,4049,93.8853097680985,23.29373950721216,0,1,0.06369406726103446,0.03428945145912,1,5,3,4,0
169939,4050,64.66332101490693,7.647762640545224,0,1,0.05697104332343867,0.04057455550744842,1,3,2,0,0
169947,4051,65.04887860972428,12.983830026778495,0,1,0.05445964540911613,0.03854989610350101,1,3,2,0,0
169959,4052,66.69615340820829,34.1223820425093,0,1,0.2430479449709746,0.02715810962155001,1,3,4,2,0
169966,4053,56.67251149536037,13.863071311224164,0,1,0.07172702057826617,0.05136369619994446,1,2,2,0,0
169972,4054,62.85427049519478,8.653472764714266,0,1,0.07723394096665155,0.044659991577316906,1,3,2,0,0
169979,4055,65.90978309747454,8.874560100052587,0,1,0.04160162659555295,0.032825099367038306,1,3,2,0,0
169986,4056,64.73361057071287,9.890469465986804,0,1,0.04260301430705967,0.03109253461111546,1,3,2,0,0
169993,4057,62.76663548984787,11.378237767598545,0,1,0.04550765293884803,0.03754365430277366,1,3,2,0,0
170011,4058,97.37596744729393,23.96916624028311,0,1,0.15068367139768166,0.03965467276443445,1,5,3,7,0
170017,4059,64.05383177106125,7.143562650370974,0,1,0.05218591684321187,0.041924578132637814,1,3,2,0,0
170026,4060,60.00332967777314,14.887479566818666,0,1,0.037728882296513534,0.031853108130303454,1,2,2,0,0
170046,4061,108.18199574824165,33.44973557550358,0,1,0.07993849799316799,0.02403628671488473,1,6,4,0,0
170052,4062,53.345923817430574,10.217815475563073,0,1,0.059566586284116464,0.04160162131632867,1,2,2,0,0
170074,4063,71.89921940799891,44.702607671309764,0,1,0.040680690026559656,0.019544227871814476,1,3,4,6,0
170081,4064,63.35420992792547,8.084031372325239,0,1,0.0606883580656312,0.045057157212755654,1,3,2,0,0
170099,4065,64.9130907650061,124.35112419686808,0,1,0.13821208152856201,0.21153344827999074,1,4,11,1,0
170125,4066,44.21184484854342,51.11698958497361,1,1,0.056393308171208585,0.0236742788202812,0,5,5,8,1
170133,4067,74.69813347646675,7.205027221761657,0,1,0.05292554589093965,0.03257943182349001,1,4,2,0,0
170139,4068,63.92406038288688,8.006394815245319,0,1,0.08824692621352999,0.05268822663034117,1,3,2,0,0
170189,4069,91.47882110540357,34.8598270843017,1,1,0.037118410230607336,0.019660696391282463,0,8,3,17,6
170196,4070,56.01987497475422,13.11950312155421,0,1,0.061323400098523925,0.05079237823842305,1,2,2,0,0
170202,4071,63.50987315486089,9.106705804748614,0,1,0.08592568190195005,0.06119404369727408,1,3,2,0,0
170235,4072,127.93284832551856,35.06960443000786,0,1,0.0468525814444759,0.028017476708277755,1,8,4,11,0
170276,4073,100.83261320611118,36.62948278860753,1,1,0.04380027681450908,0.01633940456788505,0,9,3,15,9
170283,4074,65.12020949166606,10.561999973319498,0,1,0.04261497224631707,0.05013699324268263,1,3,2,0,0
170289,4075,62.819990138292496,10.602192314253763,0,1,0.07889971952834589,0.05871088894034134,1,3,2,0,0
170295,4076,63.28662921566425,8.105858252752034,0,1,0.08038500221830598,0.0658581791568326,1,3,2,0,0
170301,4077,64.44795764925797,7.277940902267577,0,1,0.05804983885516991,0.04283038044005516,1,3,2,0,0
170382,4078,107.61275100096964,53.08119821460211,0,1,0.03776038103159807,0.014908280604356831,1,5,4,37,31
170429,4079,114.65540760541604,57.43385011991854,0,1,0.027928947810781386,0.02949471768345657,1,6,4,23,0
170435,4080,64.49055519319658,10.80344600433309,0,1,0.09058761281537149,0.05813874816444146,1,3,2,0,0
170441,4081,64.63732004318868,8.005522550804004,0,1,0.08553072191690465,0.05224087963899777,1,3,2,0,0
170452,4082,71.80043838839384,30.090128701785048,0,1,0.09477493328571258,0.038553229584639595,1,3,4,1,0
170459,4083,63.72067907134763,12.47143876153237,0,1,0.06243492568196061,0.044430855228263025,1,3,2,0,0
170465,4084,64.06778058781762,9.09377915974559,0,1,0.09677773624534819,0.0516782394165787,1,3,2,0,0
170472,4085,66.09301302330272,13.233819244101182,0,1,0.05764285650716794,0.04175453869527127,1,3,2,0,0
170478,4086,53.797921013133106,11.669956553774703,0,1,0.05963333627878655,0.04147981658525781,1,2,2,0,0
170484,4087,63.4725824279542,10.396879045124598,0,1,0.09650623647557756,0.060563750642319114,1,3,2,0,0
170493,4088,60.41015225961043,16.09969500126286,0,1,0.025716421335227686,0.026695285734374248,1,2,2,0,0
170500,4089,63.342699098897334,12.219281235058844,0,1,0.07198738928826147,0.03608918407787969,1,3,2,0,0
170520,4090,93.94631163430176,49.753808180334666,0,1,0.06688720512662782,0.07688073352679275,1,5,5,0,0
170553,4091,98.83419357280614,54.42213352609786,0,1,0.01771156052461212,0.01797777123356631,1,5,5,0,4
170559,4092,53.85461599081093,13.341976254194716,0,1,0.09216274944721581,0.06965379404254793,1,2,2,0,0
170609,4093,100.7911427933193,79.50191147343179,0,1,0.01741914150332689,0.06227905436375522,-2,8,8,16,13
170615,4094,65.6359451754767,8.808295127596212,0,1,0.07877742481892898,0.055651174365381216,1,3,2,0,0
170622,4095,66.073299060196,13.019442365418183,0,1,0.05160707989203409,0.044921047671189,1,3,2,0,0
171122,4096,-2358.524717777538,9872.000251030579,0,0,0.0033509608427605034,0.14436399807559488,0,6,908,12,3
171130,4097,54.61169043745655,14.913155394268951,0,1,0.03067612807157772,0.02622925562722546,1,2,2,0,0
171137,4098,64.48358938770888,12.786501513552745,0,1,0.07550175060583626,0.044374217951446526,1,3,2,0,0
171175,4099,134.10487788347277,39.57659088867763,0,1,0.03518464014820759,0.027953474353720503,1,8,4,15,3
171197,4100,89.97139973366376,40.468526818967696,0,1,0.04149810444179857,0.047199535926480074,1,5,4,3,3
171204,4101,66.37038842614434,12.479875873189988,0,1,0.07206053077465069,0.04813082968206707,1,3,2,0,0
171210,4102,66.15761937186284,10.2710805283723,0,1,0.08712290337679617,0.06452336142863117,1,3,2,0,0
171216,4103,64.95944593950047,10.005934677081598,0,1,0.08101105000909814,0.0464993424248358,1,3,2,0,0
171223,4104,64.78834901846471,9.688926012514283,0,1,0.06938213123909193,0.04916432905115946,1,3,2,0,0
171229,4105,65.26646164267693,8.525993647591788,0,1,0.07705485600575084,0.0519837271745581,1,3,2,0,0
171239,4106,13.061929397314675,65.53336679287276,1,0,0.03018318182821001,0.04673687179561601,2,2,3,0,0
171323,4107,155.1979347859887,117.71560167937223,0,1,0.01875293702968838,0.06118794246480267,1,10,9,41,26
171329,4108,64.96692947009475,8.679679503128398,0,1,0.07984951174173689,0.05167551705260224,1,3,2,0,0
171335,4109,65.0959238863929,8.182070070563697,0,1,0.07553156050336415,0.052813847107387006,1,3,2,0,0
171341,4110,63.784664514137184,8.330005072342352,0,1,0.08951110967188164,0.05569393827320177,1,3,2,0,0
171350,4111,57.6881604375302,4.734121690136444,0,1,0.0313792368045624,0.02435797970373366,1,2,1,0,0
171357,4112,54.02460380692669,14.181795596439368,0,1,0.06424293046186384,0.05440212087008183,1,2,2,0,0
171374,4113,90.2532364218095,33.594744664337355,0,1,0.10688256734075774,0.04847080386187252,1,5,4,0,0
171380,4114,54.95600707466956,11.582507457773708,0,1,0.0800796659870656,0.07026508226414419,1,2,2,0,0
171880,4115,-1872.2271036082907,8084.039068742454,0,0,0.004224820824976389,0.10742094255939363,0,10,747,78,42
171912,4116,100.73050220809296,25.15463055770664,0,1,0.031590485364210594,0.020652082616478343,1,5,2,9,2
171926,4117,73.74134600110384,7.350085082753596,0,1,0.04818342782326591,0.023826279684242953,1,3,1,1,0
172426,4118,-2357.2785146718734,9351.396825618265,0,0,0.0028073873058601065,0.12764310577250143,0,2,862,31,1
172441,4119,70.92644995781001,21.396342250942435,0,1,0.04154350017958864,0.022550019661689475,1,3,2,0,0
172460,4120,108.1359754712933,2.5323092362061086,0,1,0.05209052155886502,0.02396572247578027,1,6,1,2,2
172488,4121,42.126701051296465,82.48924695590715,1,0,0.07321020829081329,0.02985433923281944,2,5,4,15,5
172506,4122,86.8831952187552,17.226756949171918,0,1,0.05271159375045251,0.02621656394665566,1,4,2,5,2
172536,4123,62.51981705993887,27.0600366619797,1,1,0.1044936033348379,0.020042436930470718,0,6,3,7,7
172569,4124,72.45718792507708,31.088783163600155,1,1,0.06074189494586335,0.019910700895489283,0,7,3,18,2
172588,4125,92.75529058797443,13.071885720888698,0,1,0.03580337568428791,0.029627471830053934,1,5,2,3,2
172601,4126,72.83525861146632,4.3765855442854935,0,1,0.05125834721855152,0.031098477053186087,1,3,1,1,1
172618,4127,60.02066273777206,20.807532670397165,0,1,0.04247165165088985,0.026237648512732734,1,2,2,4,1
172643,4128,26.238309240520355,37.100232019816985,1,0,0.03601310712080394,0.02514160440733363,-1,3,2,12,2
172723,4129,65.03217647083606,64.76902669963232,1,0,0.019983439573836005,0.010964237907532188,-1,4,1,34,1
172737,4130,75.76604606765457,9.645013991602045,0,1,0.07308825773567681,0.03051896314522647,1,3,1,2,1
172764,4131,21.230130150612773,72.44168693582577,1,0,0.04154294374834498,0.018915405778489172,2,3,2,17,1
172778,4132,80.67716275291596,13.995664763574933,0,1,0.04713178962574826,0.033615484249651065,1,4,2,1,2
172813,4133,95.55102123831388,33.98453614480121,0,1,0.06362470131953901,0.04111893745540967,1,4,2,14,1
172825,4134,72.80646102635002,3.773808608971816,0,1,0.053358985961507406,0.03648840890673962,1,3,1,1,1
172842,4135,68.42801438893952,27.87487185918902,0,1,0.0539035797769827,0.030141092717031227,1,3,3,7,1
172890,4136,72.74806167372107,74.73026098700316,1,0,0.08904941415754698,0.06711798451725069,-1,7,4,25,5
172919,4137,48.24058225356728,36.08198254583546,1,1,0.07073165269393002,0.05009029897975541,0,5,3,14,0
172939,4138,66.77832630427636,35.83490038549139,0,1,0.03730812069931477,0.023796907685861894,1,3,3,7,0
172952,4139,75.75641303546728,5.748998321216547,0,1,0.06610447341951184,0.038717644134457024,1,3,1,0,1
172979,4140,82.64483563567339,35.17996889976223,0,1,0.057313667340046934,0.014287090518139737,1,4,3,15,1
173005,4141,103.57475796131926,7.985482003024778,0,1,0.10308436981542869,0.01786641980217576,1,5,1,13,0
173022,4142,84.53611006614987,3.78691969178403,0,1,0.039752220943643744,0.02116825248938248,1,4,1,1,1
173039,4143,84.41161142979189,27.320670560671314,0,1,0.07185661059568886,0.025135244438359662,1,4,3,4,0
173055,4144,22.256135624630424,65.88268580638476,1,0,0.020232651757420075,0.03870820903925375,2,3,3,0,0
173077,4145,83.90722356828928,18.68437601841914,0,1,0.0352921880473283,0.020191259767341724,1,4,2,6,2
173096,4146,71.87840736806072,28.37672036824976,0,1,0.07949717486903701,0.030473840283487163,1,3,3,10,2
173109,4147,74.58320929527721,8.54944773176052,0,1,0.06113800653001768,0.05593849938338396,1,3,1,1,1
173166,4148,77.52760102553137,70.59550818237072,1,1,0.020093396981481156,0.04785201568615254,0,7,6,25,13
173185,4149,90.68137129532349,10.770191794207449,0,1,0.04152573188265523,0.025158724436739423,1,5,2,6,4
173218,4150,27.675043661620943,74.13087085644497,1,0,0.03469756600719187,0.037802511221273476,2,3,2,18,3
173250,4151,118.887121567916,42.63411951145439,0,1,0.07201973856866398,0.02360357028801427,1,7,5,3,9
173276,4152,77.44703287926242,26.672065744110707,0,1,0.03407628028995131,0.035727459062129686,1,3,2,7,3
173294,4153,70.85971908856331,19.451702760775934,0,1,0.034623272873028514,0.026428828133670423,1,3,2,4,2
173303,4154,-2.102227266441245,78.93576895851317,1,0,0.03338770221794779,0.06179416552230791,2,1,4,0,0
173323,4155,85.29564171605483,4.03972652779062,0,1,0.033564726231099254,0.02304293702898692,1,4,1,2,3
173823,4156,-1977.5997953275844,8645.74799828697,0,0,0.0044886583676392155,0.12123574353251396,0,11,798,49,19
173839,4157,107.12034734521379,8.154138199206393,0,1,0.058061876161587034,0.02903414821972179,1,6,2,2,1
173875,4158,23.585094671464304,181.41562505688577,1,1,0.05057195034560179,0.10756807853591416,0,5,17,5,16
173894,4159,99.33686114950336,15.431393630015844,0,1,0.06663582198214855,0.026106563510210866,1,5,2,4,2
173910,4160,87.4637296650267,15.74172562050479,0,1,0.07596653490537728,0.04252017595210143,1,4,2,3,1
173920,4161,5.627528002011054,57.902831757614344,1,0,0.020783740334121874,0.04058023767194176,2,1,2,0,0
174420,4162,-1915.9450628821603,8428.434443533117,0,0,0.0073530023412898575,0.11856070395479422,0,11,775,29,10
174431,4163,3.6504395426490284,68.58079820752856,1,0,0.022365956734447186,0.049279873115576224,2,1,3,0,0
174444,4164,11.44455802609799,66.31815260690203,1,0,0.020822049397821455,0.032286985548706786,2,2,3,0,1
174459,4165,84.3627204597237,1.5864943591903788,0,1,0.05075233677040624,0.02756741349550561,1,4,1,2,2
174959,4166,-2076.6262509137396,8985.396493138507,0,0,0.0030981111875157227,0.11835598985383469,0,11,834,5,32
174968,4167,21.64921816518209,61.303343122401905,1,0,0.03644420879855337,0.07191654416159382,2,3,3,0,1
174981,4168,82.70780582173683,1.8647615821064605,0,1,0.04685457120516648,0.032519607645151986,1,4,1,1,2
175001,4169,68.77683064305685,29.837358862749365,0,1,0.03767202437096891,0.02791141113803284,1,3,3,4,0
175055,4170,77.29135890618792,360.0912003152483,0,1,0.04382808097744003,0.10194141364677452,1,9,32,5,11
175084,4171,67.12860258479411,39.371579882774355,1,1,0.14071186395436885,0.03409673758115383,0,6,4,0,7
175095,4172,1.101318689584378,69.06587837228005,1,0,0.02428426949405489,0.04411501613309474,2,1,3,0,0
175125,4173,135.05788915932416,12.522460369776585,0,1,0.03509379011547449,0.025558097392098335,1,8,2,3,2
175141,4174,42.205584248452965,26.665093476413332,1,1,0.16666267744794191,0.029641493110546778,0,4,3,3,0
175150,4175,11.469509516364589,63.80760025399688,1,0,0.024463966484599135,0.06290659981272624,2,2,3,0,1
175177,4176,126.75858621680933,18.962339908203145,0,1,0.06264286442272284,0.0308517626770434,1,7,2,8,4
175212,4177,124.01955957149742,30.845373364839954,0,1,0.051391441892857416,0.02336542789344022,1,7,3,11,0
175222,4178,10.95678492499053,66.92450779507891,1,0,0.025747596650954673,0.05960563668694141,2,2,3,0,0
175243,4179,91.58214719192111,23.29551489691651,0,1,0.029102919690114644,0.028019038516166182,1,5,3,0,6
175253,4180,10.182152398017983,62.792452497870556,1,0,0.03092397282179432,0.06377983567147617,2,2,3,0,3
175293,4181,88.17936736208463,31.503049456550535,1,1,0.04068408314780462,0.014850248622035035,0,8,3,16,3
175315,4182,83.72211584036894,76.06923181341166,0,1,0.04547323596797983,0.04489807439619515,1,5,8,0,3
175324,4183,10.366274263804147,65.58103572025357,1,0,0.026182865460073243,0.07054263356314008,2,2,3,0,1
175344,4184,49.688883241434105,90.53511492929557,1,0,0.01959464256225113,0.03239211229346255,2,6,6,0,0
175373,4185,121.34773428028294,24.3315960723653,0,1,0.0403719403154577,0.025032322437687084,1,7,3,6,2
175383,4186,8.941483351591856,65.01982061665652,1,0,0.022749982758382636,0.057416410187683696,2,2,3,0,1
175402,4187,92.22629710986033,25.766407725976137,0,1,0.05745876553682601,0.04899246296982852,1,5,3,4,1
175458,4188,106.9881034885769,366.5513130914117,0,1,0.05771507341859899,0.09876971679261466,1,13,34,24,4
175495,4189,115.49627327788826,33.02217092298983,0,1,0.028505473625411948,0.025071132964481907,1,6,3,11,4
175517,4190,109.24532795566782,21.66426195873841,0,1,0.07208967898962594,0.025468389513597332,1,6,3,6,1
175528,4191,8.427035197001342,75.82245325468038,1,0,0.02478401350758018,0.04932624638747168,2,2,4,0,1
176028,4192,-1877.071400216506,8149.353651860997,0,0,0.0033054643620640083,0.1071525722263717,0,11,754,64,26
176038,4193,5.305001324067646,58.43082608796256,1,0,0.027686285448252364,0.052460974683667436,2,1,2,0,1
176086,4194,130.17585440149082,42.199345695179616,0,1,0.02288600958314353,0.01667068377055764,1,7,4,9,6
176108,4195,93.27211479869949,27.37959330297614,0,1,0.047104423004105174,0.034947206728268794,1,5,3,10,1
176608,4196,-2039.6389099857627,8592.055108421797,0,0,0.005320016269606926,0.10432777527788255,0,8,798,23,11
176617,4197,12.63360158007156,64.50969939074906,1,0,0.021450559879875947,0.08111145776695204,2,2,3,0,1
176627,4198,56.51602296604324,17.18617919290741,0,1,0.047101771067771074,0.02908737185017494,1,2,2,0,0
176647,4199,76.15999695972725,68.33983344979762,0,1,0.03185024363168333,0.033728927543455724,1,4,7,0,1
176711,4200,122.4966097168982,39.665192116906894,1,1,0.04732357467449376,0.01804777327159975,0,10,3,24,13
176741,4201,126.29697525650026,24.040516878745006,0,1,0.08230213761229749,0.020172952732973613,1,7,3,11,0
176785,4202,139.00371921228492,14.791501102230287,0,1,0.047911419992299316,0.013805772361602337,1,8,2,17,14
176798,4203,4.671045682067252,60.412656233851166,1,0,0.01660076247295957,0.0350681437992313,2,1,2,0,1
176831,4204,131.36521193734305,30.61165235346937,0,1,0.025447291273778573,0.021929302455218593,1,8,4,0,8
176856,4205,123.14186760346357,22.373733082731476,0,1,0.041446799017608144,0.02781484432735193,1,7,3,0,5
176891,4206,100.50718015062517,24.106871826204213,1,1,0.1529263275348914,0.024216429549165218,0,9,4,4,18
176900,4207,13.463539088129568,54.241193043982165,1,0,0.02267975136380549,0.058566860244778224,2,2,2,0,1
176959,4208,131.12829123292133,25.713729453598745,1,1,0.12257779950953725,0.023547269466360037,0,11,3,23,14
177032,4209,112.09041314582885,100.98278774510851,1,0,0.10184572820995969,0.02281931456094784,2,9,3,23,2
177060,4210,90.3485447477345,28.533706875155847,0,1,0.06490849999129035,0.019231403685746388,1,4,2,13,1
177071,4211,10.343208279562692,75.33833973103482,1,0,0.028178912611093974,0.04688592491965411,2,2,4,0,0
177079,4212,10.519321437287001,62.62966349596939,1,0,0.022204611260120244,0.03082000173070889,2,2,3,0,0
177114,4213,121.72347511823148,38.9029317814711,0,1,0.04742429426315276,0.040818867518434776,1,7,4,13,5
177123,4214,16.32167635124799,58.43436569513917,1,0,0.01677226062721625,0.03250183995297177,2,2,2,0,0
177170,4215,169.16888191576723,105.3643221441476,0,1,0.13321529395995008,0.044051910015265136,1,12,12,12,21
177205,4216,93.78487702921663,47.714115164255,0,1,0.04040484403783232,0.02716352386451597,1,5,3,19,3
177216,4217,21.777366841138402,61.20576084652294,1,0,0.026522101434874032,0.048865874365032584,2,3,3,0,3
177224,4218,-0.3737511267437661,67.2669232287407,1,0,0.031128970688482988,0.06916675045750527,2,1,3,0,0
177289,4219,73.58478621696418,106.89583577058201,1,1,0.009753810920146565,0.05364526044747629,0,7,9,22,19
177341,4220,146.30632440764907,32.58756984299743,0,1,0.1354868612935372,0.019606910466161316,1,8,4,14,32
177418,4221,22.528008627901066,731.9890328780788,1,1,0.06947767040022827,0.15301691239864473,0,15,64,10,15
177438,4222,105.633400947356,30.12116015535682,0,1,0.034288180096118025,0.02840508559516486,1,6,4,6,2
177476,4223,152.9387730944428,20.2985586511026,0,1,0.17439192078686705,0.052398525208527676,1,9,3,6,8
177484,4224,14.229912131366923,55.80763403157899,1,0,0.031315760364440004,0.028339447956536166,2,2,2,0,0
177585,4225,86.94274405929431,387.4371468072322,0,1,0.01603895666359654,0.07202065222405542,1,9,33,30,26
177625,4226,161.36231409578488,22.036744130345554,0,1,0.03707884616149174,0.018008818391098035,1,10,3,2,7
177633,4227,8.631638846942288,74.28627498110062,1,0,0.023270147351495026,0.06509921335869914,2,2,4,0,1
177670,4228,106.46775711758077,15.617814484337057,0,1,0.1358973910791865,0.02390658996869908,1,5,3,2,27
177680,4229,3.627882416796208,57.6289033654081,1,0,0.01941484856053358,0.04114290374081929,2,1,2,0,1
177687,4230,11.376626341452294,53.31566863969964,1,0,0.024443137566520137,0.035752145648576664,2,2,2,0,0
177750,4231,102.29372832948354,58.9294823491302,0,1,0.0556105522114494,0.01626181446046346,1,5,4,34,7
177760,4232,59.395583784507146,13.658092624032326,0,1,0.02497712579919371,0.023076374760881785,1,2,2,0,0
177774,4233,26.069918623985384,65.12561154599734,1,0,0.013241963046062755,0.03622851397908034,2,3,3,0,1
177786,4234,12.021352033540461,65.6188520912201,1,0,0.01561615550524535,0.03209274897256056,2,2,3,0,1
177796,4235,9.269984820150327,64.20777400681493,1,0,0.024250032767644668,0.04695013287247815,2,2,3,0,1
177817,4236,14.15317311750126,50.5753319230206,1,0,0.00754908351068458,0.02869673594062619,-1,2,4,0,4
177836,4237,101.7641419772486,37.13747719924456,0,1,0.059695708609877204,0.03585430911085743,1,5,4,0,2
177844,4238,8.147643694706002,64.53315077101155,1,0,0.037274804874698524,0.06616698414267144,2,2,3,0,0
177853,4239,59.78879695664905,14.417680352802538,0,1,0.043930352528651934,0.031441862882618826,1,2,2,0,0
177862,4240,0.38485043097191074,67.47981003165441,1,0,0.024732960031547273,0.04799365215461767,2,1,3,0,0
177871,4241,8.979167309235507,64.28827323531934,1,0,0.030331879824675705,0.0641637422376501,2,2,3,0,2
177900,4242,113.62258140533883,35.35926138067437,0,1,0.15820058403216575,0.022481959893376396,1,6,4,6,10
177910,4243,1.8058263516026365,67.21805066510292,1,0,0.017132196479348022,0.059500344587057594,2,1,3,0,2
177957,4244,191.710276807426,72.43455277729927,0,1,0.09559926385597246,0.032464971892800516,1,13,9,13,23
177968,4245,1.2322940713358932,68.3205563929823,1,0,0.011686752504443204,0.04622500995199185,2,1,3,0,2
178468,4246,-1813.2784742885137,7933.603917788725,0,0,0.0062075771381357595,0.08891297001362976,0,11,741,11,14
178492,4247,115.36213313333533,33.33218145179799,0,1,0.05450984826712053,0.020160055285506708,1,7,4,8,0
178510,4248,97.31501740534821,53.948707356484455,0,1,0.04332279773711996,0.035796794975747205,1,6,6,0,1
178607,4249,96.09415912187663,133.0104026155003,1,1,0.010710132062579971,0.028567297296380363,0,9,10,52,10
179107,4250,-2165.4964404150323,8916.073452312798,0,0,0.00415012178294138,0.11093510647300389,0,6,827,18,8
179117,4251,65.9920630353293,15.350343867023795,0,1,0.017833376104009875,0.01916458445208304,1,3,2,0,0
179128,4252,21.675603492848907,63.70556703348593,1,0,0.0256910872669986,0.04515502043898218,2,3,3,0,0
179156,4253,122.08399338126313,28.483453325348908,0,1,0.09799368135511698,0.018212775730578317,1,7,4,2,3
179182,4254,86.61805685965948,32.452498280597794,0,1,0.03413214576289122,0.02579990409437038,1,4,3,10,3
179198,4255,37.72000863204599,22.32990217582084,1,1,0.3027932418982845,0.06313423787507526,0,3,2,0,0
179277,4256,1.5425579955426443,666.5436957803626,1,1,0.07913839912102476,0.151085734769728,0,13,58,24,25
179284,4257,16.653645455169933,53.37166271405768,1,0,0.023749666285530695,0.03755944450682351,2,2,2,0,0
179293,4258,-0.22218214990683194,67.47985674354487,1,0,0.015136740269676112,0.048775333475207384,2,1,3,0,1
179318,4259,48.49908058333189,46.04017063874991,1,1,0.3281511550476891,0.022662048888858196,0,5,4,8,0
179326,4260,14.172429423887293,55.35147318105316,1,0,0.01559810519671041,0.02480970797814211,2,2,2,0,0
179333,4261,63.9179172328795,11.334927213619238,0,1,0.04749551866940035,0.03114442391364523,1,3,2,0,0
179340,4262,53.71433484278036,8.947618345430111,0,1,0.07098292218697541,0.041634832717691035,1,2,2,0,0
179350,4263,9.251956488995788,64.35062351661203,1,0,0.022179388556000275,0.03865869542717164,2,2,3,0,2
179357,4264,65.6163540895507,11.95000357710223,0,1,0.06142977384487265,0.04559117536766895,1,3,2,0,0
179366,4265,67.17979196766268,-0.7155967644776737,0,1,0.01740708707555999,0.01060787763134428,1,3,1,0,0
179373,4266,63.91391502254048,12.735632460219087,0,1,0.07038769120130316,0.046779360141436396,1,3,2,0,0
179419,4267,102.27234698887932,24.868580133679938,1,1,0.08372615200829835,0.023588121640023777,0,9,3,13,12
179428,4268,59.32241703326416,5.0212479026029015,0,1,0.018332621201542974,0.019909229500116137,1,2,1,0,0
179466,4269,87.91448228740988,28.139116532631707,1,1,0.12290834403601755,0.023497417969443574,0,7,2,9,1
179478,4270,78.16907713913909,11.644270945591376,0,1,0.041520789425917526,0.021470201726641394,1,4,2,0,0
179487,4271,14.859237946606616,58.8979602560176,1,0,0.0404637870774829,0.03587344677678042,2,2,2,0,0
179493,4272,73.36155921532001,4.354500249815654,0,1,0.07129680575243322,0.04896116097044961,1,4,2,0,0
179501,4273,73.79108636744627,10.769465475106081,0,1,0.05797592074899003,0.03265911197808133,1,4,2,0,0
179514,4274,73.55297403482827,23.10934624309832,0,1,0.03534952829649652,0.018325711570531186,1,4,3,0,0
179523,4275,23.203431721119408,54.08545422472512,1,0,0.023878099744201606,0.058232976307508025,2,3,2,0,0
179593,4276,123.46908352131456,72.9612593322472,0,1,0.0388228426601964,0.014252324689582362,1,7,5,42,5
179601,4277,73.75811784517853,9.427650230281303,0,1,0.04343789493371662,0.030066469989892614,1,4,2,0,0
179622,4278,87.16713185889184,26.330907044774033,0,1,0.2419803883194563,0.02839393099033078,1,4,3,6,0
179632,4279,63.6035193162802,14.487637674132785,0,1,0.036028880026758366,0.01288438243935261,1,3,2,0,0
179638,4280,63.70261289869826,7.767105749008884,0,1,0.05585467015832,0.041632649719249175,1,3,2,0,0
179646,4281,10.337993149145365,63.33394491791416,1,0,0.0344451615911519,0.04115422211038758,2,2,3,0,0
179672,4282,113.71197584329379,47.784736434410384,0,1,0.0782759321646882,0.023355427604822034,1,6,5,3,1
179703,4283,93.66112070334248,58.763658311567326,0,1,0.19137004329428986,0.04544804797219836,1,6,6,24,5
179767,4284,66.68770610236609,472.41639031183297,0,1,0.016538847231167587,0.12173581829831957,1,11,44,5,27
179773,4285,63.25728524966101,8.99848286874429,0,1,0.07038125589843654,0.04107974685758387,1,3,2,0,0
179801,4286,100.71400057697143,30.771939873218205,0,1,0.12330421848567041,0.028282111797477385,1,5,3,12,0
179808,4287,53.05588279562245,11.560418242256334,0,1,0.05123515061360364,0.04363981869456405,1,2,2,0,0
179817,4288,74.43811093622102,7.610538390711458,0,1,0.04344707736517099,0.027876185606218296,1,4,2,0,0
179825,4289,66.051511616571,13.646185069670334,0,1,0.041718906276545696,0.027680195642848474,1,3,2,0,0
179833,4290,63.93351806108483,11.517871476877694,0,1,0.047493969948201216,0.03824874519712218,1,3,2,0,0
179847,4291,69.8023120369295,23.462178062719776,0,1,0.04242521988849952,0.019806900196188217,1,3,3,0,0
179914,4292,143.88720170007025,76.93342212452261,0,1,0.020932976851465945,0.04278279927999491,-2,11,9,5,21
179949,4293,106.04286154965018,35.599622654822355,0,1,0.024090786312621848,0.011419568415082723,1,5,3,3,0
179960,4294,74.69302053975065,10.154047465293285,0,1,0.030689050039384894,0.023107913981139414,1,4,2,0,0
180021,4295,170.82273351073934,51.179784969224876,0,1,0.036607667377218885,0.023711264721668634,1,10,5,6,10
180030,4296,65.85624118113468,11.372233356558922,0,1,0.031590619241641624,0.02523317490829905,1,3,2,0,0
180045,4297,96.5444409649586,-1.6609775383649588,0,1,0.07036902032302805,0.009800602728511172,1,5,1,3,0
180052,4298,55.17041121867558,10.847740550632846,0,1,0.05006563844674526,0.04158310700782306,1,2,2,0,0
180063,4299,59.635397719779206,11.960110327490717,0,1,0.02137394432580459,0.018190892532561134,1,2,2,0,0
180096,4300,144.07546439430848,15.833256362682835,0,1,0.041414942703296584,0.016881559303461524,1,9,3,5,9
180182,4301,120.7303895851207,38.11980610626886,1,1,0.025830904263494166,0.013494863217404606,0,9,2,31,17
180188,4302,63.515712403809324,8.61483227739841,0,1,0.08124540045920799,0.04153559785820148,1,3,2,0,0
180197,4303,63.53932234002174,10.158950925393755,0,1,0.03594603567438662,0.01933752418485743,1,3,2,0,0
180205,4304,54.6837608205509,15.619567515808356,0,1,0.03117846865420103,0.029071264592652704,1,2,2,0,0
180212,4305,64.46077093967196,8.59740424922736,0,1,0.05656031713844267,0.04559100414759153,1,3,2,0,0
180219,4306,73.29463279016585,5.964471961986288,0,1,0.053606678279747286,0.032747385408511284,1,4,2,0,0
180226,4307,55.55932736144537,15.692757765519156,0,1,0.05057712929827456,0.04214782532711945,1,2,2,0,0
180255,4308,105.53700076457667,39.21597906763948,0,1,0.059349220953197696,0.02072860253832061,1,6,4,13,0
180268,4309,8.97582212877979,89.4248930897972,1,0,0.021826036348751434,0.03708991982854587,2,2,5,0,0
180278,4310,71.39550336764975,12.52729723140141,0,1,0.040494022882632735,0.02665205833337898,1,3,2,0,0
180284,4311,65.41814743941276,12.109271002906898,0,1,0.09088038411325601,0.06994737539079726,1,3,2,0,0
180295,4312,80.95101338498127,20.580601378405554,0,1,0.07931264938937553,0.02995163451826299,1,4,3,0,0
180303,4313,52.90280742433435,12.986049202867363,0,1,0.04656906768823199,0.034715430432579464,1,2,2,0,0
180309,4314,64.28795041761572,11.661457933861483,0,1,0.06729439716078577,0.0720925881241448,1,3,2,0,0
180315,4315,64.10308528251846,9.600078276260104,0,1,0.05440741789368411,0.046036866190105,1,3,2,0,0
180322,4316,55.77023318288933,13.48048019808233,0,1,0.04828840527177135,0.03669954843155784,1,2,2,0,0
180328,4317,62.694934047358515,9.430507800709073,0,1,0.0730901547439423,0.044873234101912206,1,3,2,0,0
180344,4318,80.18789318563748,33.769389752695844,0,1,0.0902671777090775,0.028606396129024745,1,4,4,4,0
180375,4319,102.63057761890269,43.93724408970769,0,1,0.10676626824065272,0.035200296822179476,1,5,4,1,13
180383,4320,14.070990236697298,58.062310432488,1,0,0.03610753379727229,0.03580698455484567,2,2,2,0,0
180389,4321,64.62220771377673,11.303311195682195,0,1,0.06568370303149645,0.06043464162726723,1,3,2,0,0
180400,4322,9.350466413061607,87.04858569653453,1,0,0.032656826290884955,0.04342786104039796,2,2,4,0,0
180469,4323,165.13848451524575,33.77090693159262,0,1,0.034873188059281995,0.016083483706044517,1,10,3,25,28
180477,4324,55.688343225539995,13.684884805781707,0,1,0.04764200401543686,0.035321934672343826,1,2,2,0,0
180484,4325,64.86141056935676,14.327646889539253,0,1,0.03945631845634224,0.03611061426176045,1,3,2,0,0
180550,4326,105.68329829008064,163.79794765879674,0,1,0.018419868098743877,0.05903772001828497,1,7,13,24,4
180556,4327,63.62181480764737,10.074987670758757,0,1,0.056370619630535794,0.04573233205948198,1,3,2,0,0
180596,4328,121.15010510197621,40.45361102205759,0,1,0.10149300995125018,0.02317781676792807,1,7,4,16,6
180604,4329,59.273760584923124,12.362496433945427,0,1,0.07072167020480694,0.04279378443947126,1,2,2,0,0
180612,4330,10.586896803044507,53.248771460684935,1,0,0.025744649178713337,0.04105279168572483,2,2,2,0,0
180659,4331,132.5813104461338,46.12160276489944,0,1,0.11725485921780819,0.014962028116720196,1,7,4,4,8
180714,4332,96.68317335007893,60.15395830818259,1,1,0.05960093321458066,0.022093766943349614,0,8,5,12,22
180735,4333,34.220162026562264,31.963328706719953,1,1,0.08395231932282683,0.022566233066335203,0,3,3,0,4
180776,4334,129.16866523342452,46.632460500780425,0,1,0.04454002813057963,0.03796640351702659,1,8,4,20,9
180846,4335,208.17730825177517,2.547252239728955,0,1,0.029497659208945506,0.07016565248581443,-2,16,4,14,57
180854,4336,12.593931380391552,54.318865610288896,1,0,0.04086236489449836,0.043702496925620546,2,2,2,0,0
180868,4337,78.86965706530263,35.07298796726376,0,1,0.05373969818360337,0.03332550230519733,1,4,4,0,0
180902,4338,93.38441809965904,35.56156948403927,0,1,0.03016671394565548,0.015865866932389335,1,4,3,2,10
180909,4339,55.67810951767168,11.543200713368115,0,1,0.07438999467874956,0.052969856496691406,1,2,2,0,0
180917,4340,56.175013853168196,13.483778328982805,0,1,0.02918067017589758,0.034500886532921764,1,2,2,0,0
181417,4341,-2040.487372488085,8808.227470595153,0,0,0.008855277858684556,0.11653300892862259,0,11,816,3,7
181444,4342,102.21225762554167,41.79810084165638,0,1,0.03420807612086602,0.02960705943580177,1,6,4,4,7
181451,4343,63.0947140929141,9.839446171133753,0,1,0.05001455823467173,0.033047125837778295,1,3,2,0,0
181459,4344,55.23395788427307,17.717497913717278,0,1,0.055004585493124494,0.053228498544172484,1,2,2,0,0
181466,4345,63.39047793601409,7.644521607050191,0,1,0.05728772741074505,0.0323991201698833,1,3,2,0,0
181474,4346,54.233425193805715,11.601415351083869,0,1,0.03002859531365431,0.028683526662331565,1,2,2,0,0
181481,4347,54.06010167843862,17.144069830112795,0,1,0.03517179961764337,0.037081959408488525,1,2,2,0,0
181499,4348,104.02299288652826,23.340324152225072,0,1,0.035886342989831746,0.024908028920496494,1,6,3,0,1
181507,4349,56.342091565698134,13.230538090619437,0,1,0.03600600747192298,0.037895053398754215,1,2,2,0,0
181563,4350,87.08711936059233,152.80540766875836,0,1,0.01594738063075612,0.06687888545986659,1,6,14,26,28
181569,4351,53.59400970827228,12.747075021011131,0,1,0.057952844813638,0.047328108043968,1,2,2,0,0
181583,4352,29.400735787509937,73.6828127345474,1,0,0.02285504921200267,0.06979586779794053,2,4,4,0,0
181591,4353,4.718863619286374,73.67583613697967,1,0,0.024767667120955125,0.06272914160702432,2,2,4,0,0
181600,4354,13.27749918170655,54.675977512604724,1,0,0.02846087061994433,0.03518211603915832,2,2,2,0,0
181638,4355,141.52958634595848,48.3834619381806,0,1,0.13020883316560514,0.016908529740742535,1,9,6,9,12
181648,4356,57.894777670749534,15.589482971764493,0,1,0.02785663085636872,0.028016067678618306,1,2,2,0,0
181654,4357,72.69338385985142,3.658340396255003,0,1,0.07156998447481573,0.0352002184533245,1,4,2,0,0
181661,4358,54.50094162858651,15.574122735000262,0,1,0.032040934703082745,0.03240149857134699,1,2,2,0,0
181670,4359,64.11972926502233,13.34812628750986,0,1,0.03740253531031293,0.025560033723639533,1,3,2,0,0
181676,4360,63.71826402933509,8.84670780674045,0,1,0.06184007815821763,0.050119257309159705,1,3,2,0,0
181683,4361,63.455079950266736,10.39849080970119,0,1,0.05187688992537059,0.04764074700789678,1,3,2,0,0
181767,4362,122.37123594126135,105.95731547874128,1,0,0.07851041406606202,0.03458170349172353,2,9,4,15,3
181862,4363,134.82676622574536,84.81213860881064,1,0,0.02479642613927745,0.01628048100023305,2,11,4,29,38
182362,4364,-2350.520699941359,9788.404253329683,0,0,0.002427715617191561,0.12872845377637276,0,8,908,10,12
182382,4365,81.40065748774971,32.13067469210921,0,1,0.07621468275239489,0.011704944992715615,1,4,4,0,3
182390,4366,67.19180767915249,-2.1386661447391653,0,1,0.048358569452945074,0.010795043513666966,1,3,1,0,0
182400,4367,63.65272761180633,11.154429641999904,0,1,0.023174627699012906,0.009141761734527708,1,3,2,0,0
182473,4368,-72.78067373152169,827.4111416227827,1,1,0.012107147190099683,0.18485402604184042,0,10,73,8,18
182481,4369,64.09929638821914,7.118270298427017,0,1,0.013757629686190268,0.006327509196568551,1,3,2,0,0
182519,4370,132.56512209410334,44.02788169780951,0,1,0.06570984474111613,0.020665907087866187,1,7,4,5,1
182555,4371,36.019339229787356,40.97576606128942,1,1,0.06636435396044835,0.012738915761384887,0,4,3,27,0
182565,4372,6.939962475721874,75.91316764865046,1,0,0.013591193776695007,0.027709999054615814,2,2,4,0,0
182574,4373,67.5827602352696,-3.6448747557009167,0,1,0.04376746166765011,0.01121700737368957,1,3,1,0,0
182593,4374,93.91183701865434,37.008069931014234,0,1,0.04616282391853362,0.031058617040120508,1,5,4,2,0
182607,4375,14.920577658223582,58.94388615142434,1,0,0.012076429282778325,0.023443768387712956,2,2,2,0,0
182632,4376,130.02457101956273,12.284471844184123,0,1,0.037521654565413544,0.025603840292881538,1,8,2,2,2
182642,4377,63.81782193798847,9.168003502636349,0,1,0.01772357036016734,0.00780104009247381,1,3,2,0,0
182667,4378,20.31284214864548,273.6354176701426,0,1,0.04063431418883341,0.18195533311709483,1,4,24,5,0
182689,4379,92.4422943089289,49.35809740120326,0,1,0.07162240181071523,0.030073773300907877,1,5,5,0,0
182717,4380,123.41556441616642,31.27183742315742,0,1,0.06395371707030119,0.02926330662089489,1,8,5,1,18
182725,4381,73.44068520288869,6.331828506835677,0,1,0.039455846693164355,0.00819751171627219,1,4,2,0,0
182753,4382,76.83375784442111,36.07652062334175,0,1,0.028344438194668507,0.012620329522275342,1,3,3,4,1
182765,4383,20.790444293654787,79.15541622910109,1,0,0.0158783672653422,0.035257663134435555,2,3,4,0,2
182774,4384,63.000687412608045,17.804066943416593,0,1,0.05822778269977512,0.01188551012023728,1,3,3,0,0
182802,4385,125.07609161808199,19.35607526473024,0,1,0.031211372564614762,0.02054174293374277,1,8,4,2,15
182809,4386,72.73904274260059,3.544716770747648,0,1,0.04102419859786199,0.01627756377188879,1,4,2,0,0
182828,4387,58.223054710058925,143.9939403385648,0,1,0.04785905050709414,0.058258854452251554,1,5,14,0,0
182837,4388,62.7385585591372,8.134398638509595,0,1,0.03260990159903246,0.012342780240027804,1,3,2,0,0
182885,4389,151.34237283678485,63.413941692642666,0,1,0.030953984053137314,0.014644920876752308,1,10,7,13,6
182990,4390,94.54395208706188,131.6949851053723,1,0,0.05131866300761562,0.00909521973860413,-1,6,7,18,0
183016,4391,127.089221758213,24.12514485193875,0,1,0.03321728797481248,0.018183927486043645,1,8,4,0,5
183038,4392,46.84646877808639,143.98406369714235,0,1,0.05884260057136281,0.11232428850748706,1,3,13,4,0
183087,4393,-20.127746350337354,514.8225364429112,1,0,0.05173931055253291,0.16906396362532722,2,8,40,18,8
183101,4394,57.3419424184794,16.13213869645878,0,1,0.0265168308843185,0.018391433644559415,1,2,2,0,0
183119,4395,75.19798080616937,19.680655464369632,0,1,0.043013496587289736,0.025200453894915893,1,3,2,3,2
183152,4396,134.77417526010922,79.55782961909172,0,1,0.06777903112510139,0.04949480075270948,1,8,7,0,3
183178,4397,127.67025125645402,55.81627988467097,0,1,0.0391172460553231,0.023413391724126986,1,9,7,0,0
183201,4398,93.20852146182771,63.219791684387616,0,1,0.06254072589952761,0.016587673754640698,1,6,7,0,0
183224,4399,103.91825872841136,24.057816116734845,0,1,0.027031966285821007,0.01210089416953891,1,6,3,8,0
183255,4400,91.67940925151257,51.18238394205214,0,1,0.029545392996425335,0.0327308812445784,1,5,5,10,4
183268,4401,27.163472752359393,49.50763918838836,1,0,0.010314617375064596,0.038384063754661156,2,3,2,0,4
183276,4402,72.72727150407908,9.850509919798586,0,1,0.032701075286606054,0.012158400534079482,1,4,2,0,0
183284,4403,54.52405713365777,14.572666112680732,0,1,0.04226799800147742,0.02998345407330289,1,2,2,0,0
183353,4404,68.65266903806926,301.38377831167884,1,0,0.050129468103360386,0.04565244708688149,-1,11,26,24,9
183377,4405,87.1444663870945,32.4973225075633,0,1,0.043809967268854305,0.026401779584388663,1,4,3,9,0
183398,4406,84.11301712154508,17.583948214967513,0,1,0.03417281505918614,0.01678098454801399,1,4,2,3,1
183406,4407,53.60157353120593,15.311282584352139,0,1,0.0326700240992073,0.010629747933149903,1,2,2,0,0
183420,4408,79.40972488056016,22.500374930239754,0,1,0.05214845931410376,0.025886802804820346,1,4,3,1,0
183429,4409,3.4329649377997367,83.48684377105667,1,0,0.014766242759801096,0.04909819702703024,2,2,5,0,0
183445,4410,45.58682041033569,71.2691648297525,0,1,0.2695047578571709,0.060338317637208545,1,2,7,11,0
183455,4411,56.75762331607649,4.527537493913197,0,1,0.033294455066838,0.010192503103855138,1,2,1,0,0
183487,4412,68.38366941789857,62.641141514984724,1,0,0.06654091938112211,0.015050633650121024,-1,7,5,11,2
183563,4413,60.69068731551265,101.353463663963,1,0,0.02603833587967469,0.00969916723898581,2,6,3,66,0
183641,4414,169.921508936162,51.11873800708365,0,1,0.018112514624468303,0.048491244850085345,1,10,5,26,20
183657,4415,59.29124480451193,117.30715089127065,0,1,0.12292717623637005,0.20343382301683546,1,4,10,4,0
183682,4416,35.4560141902335,40.300902919748935,1,1,0.0843468337323277,0.02143270406186345,0,4,4,11,0
183712,4417,132.84109819289293,29.644980737213746,0,1,0.04424424635460873,0.025908775220657414,1,8,4,0,5
183732,4418,76.0140052894901,46.057387005453016,0,1,0.03703726667334896,0.048926408254408,1,4,4,5,0
183747,4419,64.0557984318953,49.52064477538521,0,1,0.22156523704056158,0.05697491817129941,1,3,5,7,0
183757,4420,57.87374182682755,17.46901506361657,0,1,0.025308498475576046,0.017465541231569875,1,2,2,0,0
183805,4421,137.14738616538207,54.59704744012383,0,1,0.028936627984689375,0.02150219862479097,1,8,5,8,2
183838,4422,143.04778327038892,38.14594348383313,0,1,0.041618749421663236,0.022774935170048985,1,9,5,0,13
183927,4423,186.6726777755661,70.966993689925,0,1,0.06868024882986626,0.01905281438493255,1,11,6,26,29
183948,4424,86.8975496020684,16.274541069647746,0,1,0.03435277199003065,0.024072455249503785,1,4,2,3,2
183997,4425,40.75640210479424,412.54566382720157,1,1,0.020904997148316007,0.09923059684992702,0,13,40,4,8
184036,4426,137.18860365418152,33.53176879435722,0,1,0.0793077981412723,0.023019829151940487,1,9,4,23,2
184066,4427,104.64415120586536,73.79322340420872,0,1,0.031069716421339787,0.01947422408596703,1,7,8,0,11
184091,4428,95.87258698899893,23.52502418443548,0,1,0.2125674663159176,0.012454130779391299,1,5,3,14,4
184180,4429,127.60159771378954,65.27478154734152,1,1,0.03750464849336379,0.016125333031082344,0,9,5,13,43
184221,4430,61.832246093879235,68.10093428547074,1,1,0.05106705159535052,0.01334638827330618,0,7,6,30,2
184241,4431,75.65296177671009,23.211301575469122,0,1,0.044463241736580575,0.009009923911535354,1,3,2,8,0
184283,4432,65.47721178731634,123.51591496934032,0,1,0.021582682810238434,0.06169222263316721,-2,6,11,1,7
184302,4433,74.3045915515793,23.775038783768693,0,1,0.04448999284279082,0.009457732172031415,1,3,2,10,0
184310,4434,53.388810548643065,12.996765742159187,0,1,0.04731215044783188,0.01260287815870954,1,2,2,0,0
184810,4435,-2255.7640061678508,9476.934925795676,0,0,0.003533565612268508,0.10581338538977422,0,7,887,1,10
184831,4436,67.69809345645982,44.417534481521166,0,1,0.02977992625201204,0.019894389505346995,1,3,4,6,0
184844,4437,55.37612256749158,16.90020984967436,0,1,0.01651754870215003,0.006380580290173615,1,2,2,0,0
184864,4438,40.648694747587115,202.6934977191225,0,1,0.04243276251772156,0.22272565363608304,1,4,17,0,0
184880,4439,72.3067517538658,53.23684842190423,0,1,0.07255004713252984,0.09501672819308302,1,4,5,0,0
184890,4440,65.752757978787,10.690799862953739,0,1,0.06365733475787222,0.014944125283943876,1,3,2,1,0
184899,4441,7.513905916635313,79.64246843553994,1,0,0.028048527242726867,0.04508852469926578,2,2,4,0,0
184910,4442,74.81507479558314,33.01692559616586,0,1,0.08348628407247545,0.16392159294186126,1,4,3,0,0
184920,4443,68.57415444178281,0.9082898181751595,0,1,0.040040134538546504,0.021020606515682654,1,3,1,0,0
184931,4444,70.0010749937525,19.50702719726423,0,1,0.31803982726593427,0.01171491148837901,1,3,3,1,0
184955,4445,81.41157834731447,41.40983064935369,0,1,0.03137604858499118,0.025464691927326217,1,4,4,2,0
184967,4446,55.435901209652776,13.99913770541935,0,1,0.02975721446669755,0.008616804535622021,1,2,2,1,0
184977,4447,77.44509175114624,5.3563830533593055,0,1,0.043110850319299635,0.013440870639401753,1,4,2,0,0
184994,4448,76.40868041074863,118.38563550276393,0,1,0.07201150530434595,0.09279242001486618,1,6,12,0,0
185003,4449,56.53858961652554,16.51842093372348,0,1,0.03199973088479407,0.030341687269732305,1,2,2,0,0
185063,4450,156.3541961188401,50.13743602682507,0,1,0.03624992965219716,0.01636693368290881,1,9,4,20,0
185079,4451,53.73794045596779,81.39709488031708,0,1,0.05510415982912291,0.08061386034975604,1,3,8,4,0
185089,4452,68.61289953649919,12.31945589748326,0,1,0.029807745138171728,0.010471123739500278,1,3,2,0,0
185098,4453,64.53168010049245,9.878077737076246,0,1,0.04279656521971003,0.006665891878153763,1,3,2,0,0
185106,4454,56.62613289385047,2.8300574758181156,0,1,0.035483663643392664,0.009220241126863446,1,2,1,0,0
185116,4455,55.431820017920735,13.298067093138433,0,1,0.037179463571092246,0.020432836448929608,1,2,2,0,0
185136,4456,64.32979313358264,14.539021669099728,0,1,0.03298170196459996,0.01470889629520879,1,2,1,7,3
185181,4457,77.62535375242709,224.82482473873614,0,1,0.023461491880181724,0.0444982167742979,1,7,22,1,9
185190,4458,13.40046994607309,70.25549822226367,1,0,0.016059442223356684,0.031720475081606074,2,2,3,0,0
185197,4459,54.40321275586808,12.332852731161417,0,1,0.05520672646286041,0.04534201928514335,1,2,2,0,0
185244,4460,125.3405458312985,111.8383853715415,0,1,0.03303331390979811,0.028995476532752144,1,9,11,12,14
185289,4461,123.2864971623456,41.91801969557191,0,1,0.015740380792390946,0.015150436789970821,1,7,4,8,9
185303,4462,55.10630492353383,17.059979284196864,0,1,0.029523635434358927,0.008050162677439788,1,2,2,3,0
185317,4463,63.06562863872313,30.735804235715804,0,1,0.04232015895206271,0.021908206966954145,1,3,4,3,0
185328,4464,65.22859336167365,13.459414219025444,0,1,0.03257625333186238,0.014168925278205789,1,3,2,0,0
185351,4465,34.90892811222573,238.06185349639483,0,1,0.05889793899304508,0.15382308981090234,1,4,21,3,0
185391,4466,74.18119846863499,66.94811142423433,1,1,0.044069812773260886,0.028383584336232122,0,7,6,11,1
185399,4467,66.54822012382535,0.725434748941133,0,1,0.06249957099061522,0.022108678551644913,1,3,1,0,0
185449,4468,89.22005140925091,65.41081617195717,1,0,0.035957304521417835,0.013240688234415331,-1,8,4,21,0
185499,4469,70.50190925113179,74.19732461608723,1,0,0.032538504723619965,0.013699386134413117,-1,7,5,27,0
185507,4470,55.820287538852476,13.521396995467995,0,1,0.027721669263604094,0.031364696918103764,1,2,2,0,0
185516,4471,55.83107898809661,12.034553932884883,0,1,0.03363419190796838,0.011790582184075783,1,2,2,0,0
185523,4472,51.42264187001436,11.717244283104474,0,1,0.056264854788828686,0.021131115969520605,1,2,2,0,0
185534,4473,13.528833091519804,65.13151631425663,1,0,0.019600357682973427,0.04053191251105429,2,2,3,0,0
185555,4474,62.92299142617596,75.37486807871433,0,1,0.05429523927803871,0.03678409102738609,1,3,7,0,0
185588,4475,118.4623716949462,54.73604318557953,0,1,0.05106995368361258,0.02496756874425436,1,7,5,9,3
185603,4476,80.07643390264934,66.66858229015907,0,1,0.08660993982936088,0.02366240243548401,1,5,7,0,0
185611,4477,58.63962637699012,3.7683630260692222,0,1,0.05009994456379973,0.012325559471803511,1,2,1,0,0
185621,4478,58.34556104468458,12.275723481554614,0,1,0.044151547972820816,0.01198312787725123,1,2,2,0,0
185628,4479,55.74327210576417,1.303767642592419,0,1,0.03771677862965803,0.0064398337765749405,1,2,1,0,0
185652,4480,56.44019825312462,111.39842434612753,1,0,0.18536351116838323,0.059209039101413945,2,6,6,7,0
185679,4481,92.28830144696678,29.374092059588843,0,1,0.02343016260325359,0.012609069963078819,1,5,3,6,0
185693,4482,76.58624491513204,31.60016768601769,0,1,0.039804095985762525,0.017595180047404204,1,4,4,0,0
185729,4483,94.03509450717192,57.226382631787466,1,1,0.04614082660206151,0.017199916153567234,0,9,6,7,0
185744,4484,65.89599759620813,65.4563074124767,0,1,0.0735103875658519,0.10830905250511508,1,4,6,0,0
185752,4485,64.51715045202,11.32090582361835,0,1,0.04143563503043244,0.035181562501016374,1,3,2,0,0
185774,4486,111.95129279092613,52.579691692966186,0,1,0.06101100599635036,0.024902455904705578,1,7,6,0,0
185782,4487,55.733316755913854,9.80920577125368,0,1,0.06603658246348208,0.030976656521538075,1,2,2,0,0
185817,4488,120.38817764230765,34.87112227219582,0,1,0.03772618780445769,0.01820311030554012,1,7,4,12,4
185828,4489,57.85855125642957,23.21991383340119,0,1,0.20232587753877776,0.02750392575748301,1,2,3,2,0
185843,4490,100.13949781169012,45.58576487104681,0,1,0.09616874995408871,0.03814274690787131,1,6,5,0,0
185863,4491,95.89357957335488,34.52514174958755,0,1,0.06924592668730757,0.016500743809827,1,5,4,4,0
185898,4492,99.22629612134652,58.8090952598691,0,1,0.02506296643469553,0.022174794644701436,1,5,5,1,5
185924,4493,93.88408475792126,29.03814499208626,0,1,0.027078531108128363,0.01172749817948006,1,5,3,5,0
185954,4494,53.61467507336466,49.48483973869101,1,1,0.06772812757501195,0.017791623809596757,0,6,5,9,2
185962,4495,2.0659727240493932,57.80306664057358,1,0,0.010755065376289128,0.01704865084699684,2,1,2,0,0
185971,4496,56.43644523073349,11.850791171745396,0,1,0.03286944522135318,0.016793310890673607,1,2,2,0,0
185979,4497,57.16122996193593,3.337564676852594,0,1,0.012220002346724039,0.005922248669428599,1,2,1,0,0
185988,4498,66.7707829948422,13.792252313597753,0,1,0.04136005318437259,0.011673296352149398,1,3,2,0,0
185999,4499,65.1294241008397,11.293357979407748,0,1,0.026469938281113627,0.01648526907495548,1,3,2,0,0
186011,4500,62.61409726606543,32.84431121355759,0,1,0.13497418688759463,0.02512453836623924,1,3,4,1,0
186034,4501,19.773783758869122,262.69431181116954,0,1,0.15467720981516275,0.18652071475196558,1,3,23,0,0
186070,4502,91.37387259162585,50.09079026614901,0,1,0.11847982064074222,0.010403293878992963,1,4,4,11,1
186078,4503,52.43186540974965,12.691550529641107,0,1,0.027411003032658785,0.004678542656986137,1,2,2,0,0
186089,4504,57.936568539409365,14.97693345878698,0,1,0.027813634201234647,0.012364855462281247,1,2,2,0,0
186097,4505,64.78272523190503,7.196405274322904,0,1,0.031092126989866027,0.008739181077857778,1,3,2,0,0
186105,4506,70.98291772078757,-1.565201196464674,0,1,0.02694989051919237,0.0104452318797864,1,3,1,0,0
186113,4507,54.2138417578514,11.47424141579934,0,1,0.04111742304055837,0.015871547165771913,1,2,2,0,0
186134,4508,85.86828473915438,52.37884882716775,0,1,0.06315741942455272,0.029660512516291294,1,4,5,0,0
186141,4509,55.222361399235254,1.1753871628054071,0,1,0.04626054284946162,0.010186454307896472,1,2,1,0,0
186447,4510,-445.4079083260706,2786.4457385888136,1,0,0.04341611813409047,0.09539252723356573,-1,13,247,96,16
186459,4511,-4.72973131702409,113.4527985854725,1,0,0.022895171529144998,0.09409217219643436,2,1,6,0,1
186473,4512,42.67875690802019,95.734015994468,0,1,0.07199566581459067,0.17177962740356983,1,2,8,1,0
186482,4513,68.31576513045871,2.736820117544804,0,1,0.035446567482508934,0.007307034699286884,1,3,1,0,0
186495,4514,68.33995623966214,54.41288853375255,0,1,0.046532111051628355,0.025427405154737175,1,4,6,0,0
186509,4515,83.29792782881879,43.5973734220279,0,1,0.06514176882496855,0.034276637834067356,1,5,5,0,0
186519,4516,65.85239949755189,12.182488580469643,0,1,0.03500552213577125,0.00966573954742127,1,3,2,0,0
186548,4517,98.83019251367867,43.08034657853655,0,1,0.0902564411153196,0.02313096588092067,1,5,5,3,6
186555,4518,62.54847252472952,9.039577899617512,0,1,0.053440882028439864,0.023785826720409593,1,3,2,0,0
186563,4519,75.87428887536522,8.294247909965797,0,1,0.031207161517187977,0.011482462415825635,1,4,2,0,0
187063,4520,-1996.67839955443,8571.982778350593,0,0,0.0038137051308131374,0.11168202411445145,0,9,793,26,11
187072,4521,57.50976544155127,14.201146615911565,0,1,0.02841443723553145,0.015199391297132171,1,2,2,0,0
187080,4522,-0.590090399272297,67.16698584916887,1,0,0.014230595163112435,0.036347079580660996,2,1,3,0,0
187102,4523,99.76340702714711,44.39189535289597,0,1,0.036048708832945996,0.03047116500398374,1,6,5,1,0
187117,4524,64.1410071589,41.585030042000085,0,1,0.0533660166171641,0.044894042512275495,1,3,4,0,0
187140,4525,107.13275598260994,45.41055957361193,0,1,0.1670321870660517,0.046124713013100845,1,5,4,3,0
187173,4526,88.85799698733884,26.422493434108347,1,1,0.04730308865250645,0.019669007587028355,0,8,3,10,2
187181,4527,68.83364329808768,-0.1396512810847046,0,1,0.025266503295136907,0.008801271219584024,1,3,1,0,0
187197,4528,53.69404423036102,96.05570962084292,0,1,0.048198681493591244,0.13951638589005497,1,3,8,0,0
187212,4529,76.04481770512601,37.82341588478098,0,1,0.07834721431942825,0.05420127017338183,1,4,4,0,0
187224,4530,65.94630797879152,13.356507005747792,0,1,0.023474227227401195,0.018981994517019842,1,3,2,0,0
187232,4531,62.99796492763065,12.284589612998966,0,1,0.04238760082284288,0.017062904455767643,1,3,2,0,0
187248,4532,67.52644781357736,103.67122693437913,0,1,0.27021071045641953,0.12174856976182866,1,4,10,0,0
187266,4533,63.63993856214337,82.72804741597191,0,1,0.06692579301999596,0.12886264444812204,1,4,8,5,0
187278,4534,67.77096759227958,26.081784936250312,0,1,0.03442147483761263,0.055367170536835854,1,3,3,0,0
187285,4535,57.47977492078402,0.7258083720058526,0,1,0.04887231235810282,0.013405350714416718,1,2,1,0,0
187298,4536,63.19569714548472,19.396446253353258,0,1,0.03328375680455843,0.01452361527390907,1,3,3,0,0
187305,4537,54.95835118488276,4.61125616060783,0,1,0.03696531217488592,0.029247830215181014,1,2,1,0,0
187312,4538,62.03683959750536,12.101786269044922,0,1,0.04294111107446181,0.020398645039009004,1,3,2,0,0
187324,4539,63.095831554925994,2.275641973018999,0,1,0.02409993736398421,0.008975136822823266,1,2,1,0,0
187350,4540,93.96219251653369,41.471500308844305,0,1,0.2272722822464791,0.05261971898180539,1,5,4,13,0
187440,4541,169.38195752859716,55.69406320762861,0,1,0.016209866852774608,0.0197099486116668,1,9,3,38,9
187447,4542,62.19069147953813,9.061677728402614,0,1,0.04053737937544922,0.01729677190069735,1,3,2,0,0
187458,4543,63.60071878703867,31.568641728082405,0,1,0.1463208913984071,0.06526144559990223,1,2,3,1,0
187475,4544,69.70116490389091,113.94969219225224,0,1,0.05010037511847689,0.1959526879728314,1,5,9,0,0
187491,4545,76.11495037816698,41.088194830120685,0,1,0.04283085593023893,0.05340810133446076,1,4,4,0,0
187527,4546,132.7813060286713,58.95883239698598,0,1,0.04764193754008575,0.053321816354166815,1,7,5,1,0
187541,4547,71.15977818957239,39.822571748973786,0,1,0.1023192715318415,0.0325240945039666,1,3,4,0,0
187551,4548,72.5899586172662,28.59466762549272,0,1,0.05878326791425882,0.019427579351012445,1,4,4,0,0
187563,4549,68.9426620552118,52.842274433745935,0,1,0.09900194504422477,0.03981049926565254,1,4,6,0,0
187570,4550,62.860176605692544,6.475994562565994,0,1,0.03270992765545582,0.021186233227549128,1,3,2,0,0
187592,4551,83.1037612599767,108.55376975357915,0,1,0.061770502599258766,0.04159836145863646,1,6,11,4,0
187604,4552,83.7183226922488,7.222753337778034,0,1,0.08375737471503132,0.01490245451403198,1,4,2,0,0
187611,4553,64.46123480651293,8.296561738436935,0,1,0.024226210730497015,0.020312107804788055,1,3,2,0,0
187619,4554,11.977543198834589,55.77341853552139,1,0,0.014260768275535825,0.029270246034647222,2,2,2,0,0
187627,4555,8.53774910467201,67.45198835098915,1,0,0.026178835348775017,0.031577355667445905,2,2,3,0,0
187639,4556,68.73701913661282,43.690912603692496,0,1,0.06657520036283553,0.046290326673270855,1,4,5,0,0
187656,4557,76.30514258041373,39.02106298336611,0,1,0.02805715875317185,0.018088393660401266,1,4,4,0,0
187669,4558,65.85465024895421,72.02433753236926,0,1,0.07717554546406914,0.04916765499654255,1,4,7,0,0
187682,4559,12.032777105421193,71.89110822881113,1,0,0.021130476805606584,0.04328239306076031,2,2,3,0,0
187717,4560,108.29467377264602,69.44431480722658,0,1,0.05039740451919986,0.020748022381813662,1,6,6,1,5
187730,4561,60.970723057686,67.53247467393352,0,1,0.034547119823949875,0.04862412961847988,1,4,7,2,0
187737,4562,55.99749824460628,-0.6194152169201068,0,1,0.04813382647490534,0.015352158336227316,1,2,1,0,0
187848,4563,197.71767777228882,95.36638732489868,0,1,0.06278272992099412,0.030767658294079913,1,10,6,29,6
187856,4564,57.45135305367627,5.084844563071842,0,1,0.03899067229884484,0.01449954056819133,1,2,1,0,0
187909,4565,58.286355782234985,241.79033299623882,1,0,0.05000206458191076,0.09055548887422739,2,7,17,6,20
187918,4566,71.23895074853888,11.325915100839683,0,1,0.22660401613847497,0.020871724230141303,1,3,2,0,0
187945,4567,103.24973841101198,41.96000224391571,0,1,0.2627809448873465,0.014861044186359891,1,5,4,8,0
187956,4568,104.14115519527417,4.404441078901177,0,1,0.11273514287983771,0.018045210244298848,1,6,2,0,0
187963,4569,63.37320019114211,9.279982974387467,0,1,0.03235789499367322,0.02287494156481313,1,3,2,0,0
187970,4570,-1.7877098297345242,65.72017487789623,1,0,0.016545987262178603,0.037512792591735185,2,1,3,0,0
187982,4571,82.54202206774204,44.71001924034761,0,1,0.07900027888905074,0.04854830584204802,1,5,5,0,0
187998,4572,107.94075146283001,15.09890014028505,0,1,0.06593407689105793,0.022198683583369377,1,6,2,0,0
188007,4573,2.8987517211953957,83.82274156253047,1,0,0.014445751323938275,0.04041286944101413,2,2,5,0,0
188021,4574,54.48331237133041,76.31685711199269,0,1,0.03508947485024714,0.1633859431199532,1,3,6,0,0
188028,4575,61.79593351379521,8.706402374391889,0,1,0.0373463792577967,0.015583572892336353,1,3,2,0,0
188036,4576,55.25952487518765,12.09899521237595,0,1,0.013232071393997067,0.015308170401164231,1,2,2,0,0
188049,4577,80.86962978579638,47.47006027817959,0,1,0.10090120082328181,0.04876584122201469,1,5,5,0,0
188061,4578,65.69739323215629,52.47354679942747,0,1,0.04740614361567593,0.028897905635359062,1,4,6,0,0
188111,4579,53.347508669563126,125.65003444464367,1,0,0.021975982358533194,0.06213771936346652,2,5,7,20,20
188119,4580,64.78404942597153,8.386558940340503,0,1,0.02358821239706515,0.01899686684093224,1,3,2,0,0
188126,4581,56.271925422605534,1.1284304316385914,0,1,0.029881887101841836,0.026891750116597973,1,2,1,0,0
188136,4582,66.17541983777073,33.88383339692076,0,1,0.14221682168322672,0.02947171011758474,1,3,4,0,0
188143,4583,54.50739519844362,16.38223165529386,0,1,0.03202088605633771,0.026580188499785162,1,2,2,0,0
188150,4584,62.484182457382985,8.09746493250639,0,1,0.0403128663298216,0.02075800339848444,1,3,2,0,0
188178,4585,141.40280828048714,72.70450606462634,0,1,0.10010284265382026,0.06115161256522459,1,9,7,2,0
188186,4586,72.75623630684994,6.850540472808126,0,1,0.031598885173661995,0.02495588918379877,1,4,2,0,0
188195,4587,11.292228526633181,70.08661645362811,1,0,0.016726314417911798,0.02167685087878672,2,2,3,0,0
188203,4588,56.67596547398513,11.236336618553565,0,1,0.021154217454286868,0.02460462436548042,1,2,2,0,0
188212,4589,68.70983503417719,2.6110570827660933,0,1,0.024582142663868694,0.012171663597218212,1,3,1,0,0
188387,4590,-385.242841227008,2201.485301138958,1,0,0.04195243897519693,0.12421809852734361,2,8,192,16,5
188394,4591,62.627664986373034,11.399926731272972,0,1,0.052556274549001546,0.02977125431761483,1,3,2,0,0
188432,4592,108.59375169843554,84.44238060773662,0,1,0.02978885470681535,0.0328736334419637,1,7,8,14,0
188440,4593,55.69106840382373,3.789769091412426,0,1,0.048060963314060956,0.01486772374792555,1,2,1,0,0
188459,4594,67.55761373598794,69.05454930460628,1,0,0.07659388725012907,0.10749632257369943,2,6,4,0,2
188492,4595,72.31170701074984,39.71881262159924,1,1,0.021854624403776543,0.0550892674653412,0,7,4,10,0
188516,4596,98.91346186933808,46.774513639196,0,1,0.05359400319272634,0.029781527935753272,1,6,5,8,0
188525,4597,56.01021602759426,12.267883053274055,0,1,0.03250862319979137,0.02354734605980802,1,2,2,0,0
188533,4598,56.677576537636504,27.496576352424565,0,1,0.035288572143920116,0.022052071738036326,1,3,4,0,0
188541,4599,70.06925907855681,16.195914718064515,0,1,0.08452643988379727,0.021542220077315218,1,4,3,0,0
188558,4600,58.562118241746425,107.17425996604322,0,1,0.08139296449009917,0.035973974139230695,1,4,11,1,0
188565,4601,63.65554018379475,8.695867592883047,0,1,0.05377848212160124,0.020082453323953586,1,3,2,0,0
188572,4602,66.57634732256575,-2.1967624367321967,0,1,0.037207103681362284,0.018462038972815283,1,3,1,0,0
188580,4603,53.60927783808049,10.683585986350934,0,1,0.03753507839099113,0.01938692120413868,1,2,2,0,0
188589,4604,63.89889138540505,10.113604334322774,0,1,0.033968449465796025,0.020843359273681382,1,3,2,0,0
188601,4605,61.843492534321,39.92700484280939,0,1,0.062203656992711465,0.058078925179019476,1,3,4,0,0
188614,4606,55.981998415709526,56.63096321405078,0,1,0.05430029640983526,0.11728749134016422,1,3,5,6,0
188623,4607,2.149779726939908,66.14528506324673,1,0,0.012964740164007945,0.02107166699417072,2,1,3,0,0
188631,4608,63.812559049622834,11.624723192253875,0,1,0.03638784420772741,0.029133322822796535,1,3,2,0,0
188661,4609,91.94722797322663,37.59618898442817,0,1,0.06760067782477931,0.020026465258769346,1,4,3,9,3
188707,4610,120.9092321308964,79.3877197539395,0,1,0.05230076084738288,0.02288303379488007,1,7,7,9,0
188715,4611,53.86491734265356,12.293214225639279,0,1,0.02718123665402224,0.029615659284698097,1,2,2,0,0
188722,4612,61.97627073917474,10.82277636449911,0,1,0.051218651427010355,0.025327221006503427,1,3,2,0,0
188730,4613,5.67675107592072,73.29413093542442,1,0,0.015037681513706401,0.028125376315069964,2,2,4,0,0
188738,4614,-0.8273602905703044,94.94771274088802,1,0,0.023681142031184536,0.06420340513552565,2,2,6,0,0
188805,4615,105.39548420974815,95.62914617303933,1,0,0.03669381632796194,0.023457240286814427,-1,8,6,8,0
188815,4616,9.983009728916329,65.69510015259574,1,0,0.018442543576916326,0.025584797140680987,2,2,3,0,0
188827,4617,73.71803945633036,21.836568692146294,0,1,0.08950685940432605,0.017385351429318685,1,3,3,1,0
188868,4618,160.70721485857803,30.952341093461154,0,1,0.058599532867255805,0.033075215482695104,1,10,5,6,17
188875,4619,62.87720275394966,11.237097901125761,0,1,0.05445687286593678,0.03155428706924863,1,3,2,0,0
188889,4620,73.11481923593414,56.841812607290805,0,1,0.0609751473943469,0.0408789824167756,1,4,6,0,0
188904,4621,18.15171986806594,84.79734226557467,1,0,0.015175637792956042,0.028434631072904077,2,3,5,0,0
188926,4622,58.74210484583993,78.4527482444266,1,0,0.027194241351293703,0.07296886730971358,2,6,4,0,0
188954,4623,69.56830606001688,43.88073190326243,1,1,0.11841874559105789,0.01622297958396689,0,7,5,9,0
188961,4624,62.77823253985071,9.486884702263161,0,1,0.05537143625579901,0.026670394023891025,1,3,2,0,0
188971,4625,52.978537293349184,16.26378540054085,0,1,0.03168717131755757,0.014652621490534512,1,2,2,0,0
188985,4626,95.19616630159302,32.853164232536116,0,1,0.17468816361406028,0.06600462793607635,1,5,4,0,1
188994,4627,54.143577102764986,12.3646864312554,0,1,0.033279042143742596,0.01551212628229709,1,2,2,0,0
189004,4628,64.44266623116232,32.48921525175953,0,1,0.18274721328674365,0.048547335733355235,1,3,4,0,0
189011,4629,62.13806067340995,9.16623006249931,0,1,0.0571305196288015,0.02448429187186569,1,3,2,0,0
189076,4630,134.11837556506902,59.14839587691212,0,1,0.023177683561173775,0.037758869238528704,1,6,4,3,3
189103,4631,46.23740833342522,60.29458863951984,1,1,0.20048364780975353,0.0537951753883684,0,5,5,9,0
189117,4632,64.00061250034881,64.00958864540712,0,1,0.0733959356078081,0.04184258118839231,1,4,7,0,0
189164,4633,38.72352331413779,189.35090700554713,1,1,0.07854939016889258,0.04955869694482129,0,7,17,20,9
189173,4634,4.92508457314619,85.73341184842222,1,0,0.01950937175137798,0.04801466376415702,2,2,5,0,0
189180,4635,6.431831874295739,74.3120025284721,1,0,0.0313827684119077,0.050531406632788156,2,2,4,0,0
189192,4636,84.77889071824967,39.42630036096942,0,1,0.07964273752986978,0.036211599775316766,1,5,5,0,1
189212,4637,77.35041718355947,50.85473789352127,0,1,0.08667237205133074,0.04126271184570662,1,4,5,4,0
189221,4638,67.22592666545046,11.125917147994564,0,1,0.03374911962195911,0.026846380721387522,1,3,2,0,0
189246,4639,119.00864844418174,37.75326317763877,0,1,0.0708476355275391,0.039510672256231755,1,7,5,0,11
189257,4640,66.82910641278384,42.45327994608,0,1,0.0627976850399146,0.03358294941470046,1,4,5,0,0
189269,4641,65.75356245195375,75.45549490355576,0,1,0.12828430895800827,0.187588179698583,1,3,6,2,0
189278,4642,65.33284681847823,29.055188012825983,0,1,0.2413178750594312,0.034198028615258655,1,3,4,0,0
189298,4643,110.32833211226988,14.577582500533147,0,1,0.10798718078954135,0.02626905487802031,1,6,3,0,8
189309,4644,74.47712619950482,37.09315000154858,0,1,0.13286572160019638,0.0728411134880934,1,4,4,0,0
189318,4645,57.55772578468932,5.82212910480324,0,1,0.02551742650542066,0.013898949503504019,1,2,1,0,0
189330,4646,70.49952018540237,27.264515551553767,0,1,0.17219787964995523,0.06043211620810296,1,3,3,0,0
189342,4647,64.96272820979377,34.06400330174979,0,1,0.21757845617735558,0.03890563306806402,1,3,4,0,0
189386,4648,76.64391541904422,52.96057347342685,1,1,0.03425600778507488,0.017847822222618943,0,8,5,25,0
189395,4649,55.90722150761262,6.016530495999037,0,1,0.023910206498131123,0.0026030087015872115,1,2,1,0,0
189456,4650,67.62849650118386,396.1218404145633,0,1,0.07795051036308842,0.10525273072225787,1,9,35,22,10
189466,4651,59.65669489472249,33.61280820153875,0,1,0.07592540023124252,0.026093751102277452,1,3,4,0,0
189527,4652,142.16766054471623,52.87027148545876,0,1,0.028931148236632283,0.01530248085387938,1,8,5,15,15
189541,4653,47.143570148908346,110.41931019582748,0,1,0.037896274969919645,0.20269138569371778,1,3,9,0,0
189549,4654,67.02370860033298,8.91302574408647,0,1,0.029770095674260633,0.020960838871844016,1,3,2,0,0
189638,4655,177.45897592347404,68.28602365928629,0,1,0.05295506087252311,0.020341154351346268,1,11,6,41,9
189647,4656,51.964317852658,14.09934462280054,0,1,0.011706519656311079,0.025703868355641955,1,1,2,0,0
189654,4657,63.387618180824404,8.389145372203938,0,1,0.04334454481467182,0.029217188914574515,1,3,2,0,0
189666,4658,53.88795232751062,93.93036034380273,0,1,0.12873797139393012,0.2004757388992251,1,3,8,2,0
189677,4659,62.94583154404589,56.41873719462558,0,1,0.061495122416185204,0.060943109282919565,1,4,6,0,0
189688,4660,60.76967954798796,44.69651447900706,0,1,0.09450666441567863,0.030219035467226932,1,3,5,0,0
189701,4661,64.04060986883734,44.32085015926853,0,1,0.07694473002669425,0.05527299838498422,1,3,4,0,0
189725,4662,119.69130640817782,53.427107716165736,0,1,0.048510565511661795,0.02342361263949164,1,8,7,0,10
189741,4663,18.45435840604217,48.57811232030802,0,1,0.011573957580209359,0.02497076288189106,-2,2,5,0,0
189765,4664,119.82992440023992,31.930422556572715,0,1,0.08134274220273856,0.01659484573883173,1,7,4,2,4
189772,4665,53.27055428469124,14.789883562427322,0,1,0.025650505590749405,0.03400953515000401,1,2,2,0,0
189781,4666,57.458896500574696,14.66167263296975,0,1,0.02296526310209591,0.024196940824550754,1,2,2,0,0
189789,4667,63.68115281433863,11.278513335506176,0,1,0.0486983888321583,0.022531824736322058,1,3,2,0,0
189797,4668,56.20296593998489,14.933138490340202,0,1,0.01801675921153956,0.024604323363498284,1,2,2,0,0
189851,4669,143.4782720759223,21.529716205960316,0,1,0.06264564159565482,0.10606607749111886,1,8,3,15,27
189957,4670,138.42288409305834,171.4692616047416,0,1,0.020498750262713375,0.02406046467182173,1,8,14,33,23
190073,4671,153.3896027241346,51.13063234573454,1,1,0.023432376307428275,0.018423916220557245,0,10,3,38,44
190082,4672,50.548045464403046,6.652342485638275,0,1,0.016159350840902104,0.02258534117253487,1,1,1,0,0
190093,4673,13.657486645129003,59.728398829497095,1,0,0.018618704333468853,0.04880394075474326,2,2,2,0,0
190159,4674,137.9930472083854,48.919438896727904,0,1,0.07746797559020896,0.03022688917663688,1,7,3,34,16
190659,4675,-2199.3206149672224,9339.077936470621,0,0,0.004136645132722176,0.1301699448774146,0,9,864,24,24
191159,4676,-2204.8304919665316,9369.897781570122,0,0,0.0060982165462573085,0.13011323464022698,0,11,865,49,3
191180,4677,92.02130422459277,56.39090290140148,0,1,0.028127590943861292,0.03201204130449087,1,6,6,0,0
191193,4678,15.907101601496365,59.32428698122927,1,0,0.021307797698881876,0.04759719849324147,2,2,2,0,0
191202,4679,18.660415962470253,62.67964488368099,1,0,0.0225856419559715,0.04209808916777783,2,3,3,0,0
191702,4680,-2164.995026759419,9039.471798670218,0,0,0.002548142915595367,0.11833736207499145,0,8,837,46,14
192202,4681,-2191.204790661799,9250.576192574508,0,0,0.004789145323640086,0.12276841481036878,0,8,856,18,9
192248,4682,64.10009460853442,88.68368511637587,1,0,0.035149060964260036,0.028621888563022294,2,6,3,20,7
192282,4683,125.91425440227583,34.61768854978145,0,1,0.02210788605802679,0.02469242672656474,1,8,4,5,8
192290,4684,71.00493842452954,-2.850313428566711,0,1,0.09084748918799268,0.02945229101261264,1,3,1,0,0
192790,4685,-2158.1268102334793,9070.226212467607,0,0,0.0026721378112790468,0.11340806921723784,0,6,842,12,4
192801,4686,3.781699560744606,70.2141730532985,1,0,0.017415824197186177,0.042998204324591054,2,1,3,0,0
192808,4687,1.512842049871109,56.54182920178603,1,0,0.025123274588816573,0.03406803026416577,2,1,2,0,0
192815,4688,3.8150028515991625,56.12041528549936,1,0,0.029423792458149817,0.06026040606449721,2,1,2,0,0
192825,4689,7.847289897460417,51.74933490339768,1,0,0.019597956268286185,0.021869118030767243,2,1,1,0,0
192867,4690,128.01147881102443,15.481628566644996,0,1,0.15135143035136311,0.027584651493049943,1,7,3,11,23
192940,4691,113.97578746061136,97.9019296450038,0,1,0.020641781286467598,0.057312577974627826,1,6,7,41,10
193440,4692,-2170.262405829552,9177.478224213783,0,0,0.001954087735444808,0.1266464039169902,0,9,848,42,9
193940,4693,-2327.4815741454277,9883.375078122745,0,0,0.008798246860939989,0.13706519956579433,0,10,916,6,20
193992,4694,47.38803139975758,74.51765505293702,1,0,0.02230936883263627,0.025252423231057357,-1,4,4,11,4
194048,4695,59.17900353870259,169.8472442597566,0,1,0.020330610961609107,0.06515894642026003,-2,6,16,13,33
194115,4696,64.89608488743062,134.7302521033371,0,1,0.008905138499296557,0.05386718210171794,-2,5,11,16,22
194186,4697,-77.85915851037522,836.0267407793054,0,1,0.029729242011566116,0.10731765070001358,1,6,77,4,7
194249,4698,99.42313821964075,35.178216492991936,1,1,0.01908125951547125,0.020304734097047077,0,8,2,25,2
194307,4699,126.29055296209212,74.58987024014655,0,1,0.04793580784515009,0.09496220356564411,-2,9,7,6,17
194807,4700,-1818.8524429045813,7774.2997565177475,0,0,0.005666403224567455,0.09749536792212292,0,9,719,53,15
194825,4701,15.620732481609078,100.47268254564024,1,0,0.030597704473783276,0.04963320056180319,2,2,5,0,1
195325,4702,-2313.30768839548,9514.222945256939,0,0,0.0022282794651075706,0.12144153172073827,0,9,885,23,24
195350,4703,102.63927410808768,32.93475547032582,0,1,0.08750640633724109,0.01870904375745092,1,5,3,7,0
195358,4704,57.790505778211504,15.645531400015305,0,1,0.02621495149778392,0.022925880579490132,1,2,2,0,0
195366,4705,54.91951983436046,13.950247304574045,0,1,0.029223289280214993,0.029240265057614012,1,2,2,0,0
195387,4706,85.9581146878788,28.478710950105732,0,1,0.02847485073123903,0.019550035857042035,1,4,3,0,0
195437,4707,142.28811143144162,29.43112198544951,0,1,0.09545071603141064,0.024697494783857205,1,7,4,5,27
195450,4708,10.400184899217203,77.36033097057539,1,0,0.016183986217392643,0.03912869816030619,2,2,4,0,0
195483,4709,113.44106118220786,47.313874328041436,0,1,0.02899016363562224,0.020439530351984637,1,7,4,10,0
195500,4710,24.117457521934128,34.750585154590794,1,0,0.01361373824151413,0.013237408754778808,-1,2,2,0,0
195600,4711,104.01948261488886,117.85135502264477,1,0,0.009031254753573874,0.023304212259956162,2,8,5,26,17
195677,4712,88.1225942444148,88.70443925201948,1,0,0.05441620231382501,0.0265099918261444,2,6,3,14,24
195683,4713,62.33172815273727,6.910773949501557,0,1,0.03831273681280369,0.04020829136554135,1,3,2,0,0
195720,4714,123.45904029386558,44.64642693259536,0,1,0.03697789464586755,0.02357718456964842,1,7,4,7,0
195753,4715,80.17061228953315,46.66151809158652,1,0,0.05576101836356268,0.025737516947847303,-1,8,3,13,4
195811,4716,149.7295742862219,146.42573826495885,0,1,0.01740676951800011,0.04056907265677043,1,12,16,12,24
195864,4717,141.39883536012343,46.49835625827382,0,1,0.03112560127479109,0.019391735128303878,1,8,4,16,3
195916,4718,147.8031965612548,36.055095154564754,0,1,0.03665478468493994,0.024478628487878646,1,8,3,15,0
195971,4719,92.70966393023015,83.0696515538178,1,0,0.062327847282946915,0.018371077351499204,-1,8,6,10,18
196037,4720,129.15019556913128,89.76322338189559,0,1,0.018636375078533506,0.03641708366390624,-2,10,9,10,27
196537,4721,-1971.2799192776592,8552.81536321158,0,0,0.0047770166906206495,0.10908003411366071,0,11,795,18,31
196622,4722,241.50699601654472,20.068520463930405,0,1,0.05009779792659582,0.024587639709209456,1,16,4,34,63
197122,4723,-2234.8031944548793,9461.287524397128,0,0,0.006001394743433449,0.12031767111121686,0,11,880,15,20
197168,4724,141.11762078366877,42.50394823118248,0,1,0.03418588886445067,0.023338301449467913,1,8,4,12,0
197196,4725,147.6155847524763,32.51496542868493,0,1,0.03757581848299205,0.0233441639529709,1,10,5,0,5
197208,4726,8.486436184579286,64.48362564126109,1,0,0.006990170600426829,0.027141252108740632,2,2,3,0,0
197251,4727,58.435162621382844,85.43451077709045,1,0,0.034710745324152005,0.035102182664982585,2,6,3,25,3
197262,4728,23.993813736691386,62.4696992692794,1,0,0.01668517493028818,0.04739764323624824,2,3,3,0,0
197307,4729,103.49711670394774,119.83611086368306,1,1,0.02571505515806573,0.06736477294565203,0,11,13,1,20
197333,4730,94.891345651904,26.525888510619758,0,1,0.03461399489645922,0.019705686999504847,1,5,3,5,0
197420,4731,110.08236599342953,62.04455780682402,0,1,0.02812068515890067,0.03227692451979586,-2,7,4,29,13
197477,4732,137.03880029385635,69.01288172455016,0,1,0.026515271268007654,0.018226617941394792,1,8,4,24,5
197495,4733,27.161482686957545,66.96300528143297,1,0,0.022811906435223777,0.015618572724157434,2,3,3,0,0
197995,4734,-2168.3992157694233,9170.768630597415,0,0,0.004407655904922452,0.11967095847129199,0,8,850,22,17
198104,4735,196.68604158349993,67.58707422001243,1,1,0.07725261506363225,0.059291293979976,0,13,3,25,41
198190,4736,100.34101028983474,154.20270456143643,0,1,0.025540804684976645,0.0447003948181144,-2,9,13,43,14
198258,4737,137.79434563656565,48.241447544687674,1,1,0.03616781887588713,0.023522235490433568,0,10,4,4,17
198269,4738,26.045044283484675,55.1642463796591,1,0,0.0181098784656629,0.05295664701652403,2,3,2,0,0
198343,4739,177.61230454974876,30.643954928840607,0,1,0.04472794326884337,0.020919854527922405,1,10,3,29,26
198521,4740,-343.73799283818096,2046.5701960847603,1,0,0.02633242598356643,0.10406305427737704,2,11,181,16,3
198628,4741,139.75125340886493,114.9292764201496,1,1,0.052255550368035295,0.03410517887284854,0,10,8,32,24
198660,4742,149.42636704404703,52.29922243730958,0,1,0.04285552668572281,0.043274675770862754,1,10,6,0,1
198674,4743,17.277127515658094,59.7227083635767,1,0,0.015815097365511285,0.03098409028115825,2,2,2,0,0
198686,4744,76.03646291808207,12.735515117030689,0,1,0.12023492038729226,0.020233044693017056,1,3,2,1,0
199186,4745,-2331.390177846805,9584.696044556158,0,0,0.002566443147659191,0.1342029815555659,0,5,885,47,17
199247,4746,93.89777546343076,98.89149908230542,0,1,0.018095802366585416,0.035119598980138673,-2,8,10,21,26
199309,4747,120.01804560894874,59.91961381079641,1,0,0.1042806320709773,0.021388960982657818,-1,10,4,18,12
199333,4748,37.24910028802435,63.166508087264354,1,1,0.06008619546197405,0.03147803288872942,0,4,6,6,0
199398,4749,220.3222495103577,82.17134191277407,0,1,0.062399146645274316,0.02200214284122683,1,16,9,11,15
199424,4750,105.0376916600465,29.824982521834496,0,1,0.04719280850824995,0.020481366892318657,1,5,3,5,2
199517,4751,45.327678895483174,518.0361417486225,0,1,0.015431334410189219,0.07828274748153033,1,9,46,40,23
199571,4752,169.52783189664484,93.24497806900264,0,1,0.012714619760628095,0.039677662100797165,1,13,11,14,18
199631,4753,154.68750599235096,81.33760747585828,0,1,0.016457396879211647,0.05244417127241266,-2,13,10,11,30
200131,4754,-1995.7606309658543,8762.878787302134,0,0,0.002813901024271831,0.11549885642149173,0,17,814,24,21
200153,4755,75.56947030867843,31.45557987840442,0,1,0.031855429846569666,0.019420659729171272,1,3,3,5,1
200198,4756,91.869355434993,74.670059333278,0,1,0.020109334253770348,0.05357763015942838,-2,8,8,18,16
200234,4757,112.17409928722823,34.303817317618396,0,1,0.03867778476969888,0.024383389228604727,1,6,3,3,5
200253,4758,121.31159246202132,30.47473037728532,0,1,0.03788595488269995,0.02426834863392309,1,8,4,0,0
200265,4759,1.467137652691168,70.2691973622908,1,0,0.010733698341910208,0.017339473041701484,2,1,3,0,0
200315,4760,111.39806352306096,38.09513826468944,1,1,0.03608803959114925,0.023165956236895446,0,9,3,16,10
200417,4761,192.85966274675653,91.8800353086447,0,1,0.022940296949240505,0.027008906160543307,1,11,7,38,33
200477,4762,177.29290613728733,45.83798277457,0,1,0.03574804017322722,0.03477358052031917,1,10,4,9,15
200490,4763,74.63704287786405,15.688042211490727,0,1,0.08620466793725197,0.029303615269256216,1,3,2,2,0
200501,4764,15.345266562827298,54.5948137380322,1,0,0.010139458351418017,0.027843865198607844,2,2,2,0,0
200513,4765,15.774006174920476,58.454137983855986,1,0,0.011780006613023211,0.02813270633053369,2,2,2,0,0
200618,4766,285.79354223058,78.59804571164231,0,1,0.02254837320364995,0.026708796902722785,-2,22,11,13,61
200628,4767,64.41665028392458,17.479290193356874,0,1,0.019003051729453622,0.01981779327900352,1,2,2,0,0
200702,4768,93.09500891349919,159.58443632231928,1,0,0.07589722547705358,0.016907514286027898,2,10,10,35,12
200759,4769,128.03302077947185,89.20425441666518,0,1,0.01646543218666079,0.03274135403856242,-2,11,9,18,10
200795,4770,73.26916667404387,62.53854696484551,1,0,0.09425884779384133,0.024206050451276724,-1,7,4,14,0
200854,4771,131.30120295294668,65.16078767739965,0,1,0.07962681711182039,0.021212215419240548,1,7,4,27,2
200877,4772,102.56895759957547,67.93811867449216,0,1,0.18704198828929533,0.03750050938584723,1,6,7,2,0
200910,4773,149.45639936551822,15.023440176263321,0,1,0.038560772463548255,0.028721646896147004,1,9,2,9,2
200925,4774,20.503166830433184,64.17715412701868,1,0,0.019088308418197513,0.024391658964600507,2,2,2,0,0
200935,4775,14.866298627647446,56.89048067962419,1,0,0.018736917870429425,0.016477564042760705,2,2,2,0,0
201435,4776,-1872.900642106899,8224.177393328062,0,0,0.004355653402661592,0.09762431896043636,0,14,768,21,41
201463,4777,104.74300743124107,20.79740685967923,0,1,0.06386080852466068,0.016095437622595528,1,5,2,4,8
201520,4778,144.19198901530473,13.550137294759857,0,1,0.07564815209959114,0.025292648305188094,1,8,2,24,29
201588,4779,152.37836656713193,7.898433889072496,1,1,0.039428839193379375,0.01803476309418576,0,12,2,15,33
201601,4780,55.530100374514404,26.223819375238495,0,1,0.03562108572967254,0.02477556622545092,1,2,3,0,0
201683,4781,202.70654252606906,44.14874074312782,0,1,0.052131729895857175,0.06748858103681639,1,10,2,27,35
201770,4782,131.6032865700689,58.329951678359436,1,1,0.043345853938180065,0.04093180702971052,0,10,3,41,11
201783,4783,0.2599087348536635,70.45104279636749,1,0,0.008501477230087458,0.024900598159905727,2,1,3,0,0
201815,4784,134.06667447901557,17.512903571163307,0,1,0.03758381335653362,0.01792161580457338,1,7,2,2,0
201873,4785,113.92484229582695,174.43900900402562,0,1,0.023806827635936667,0.06524129321020672,-2,11,17,9,19
201883,4786,13.453668220560939,66.31997190096706,1,0,0.023059505166706084,0.0503605456180813,2,2,3,0,0
201894,4787,13.181785843256968,67.15121021218754,1,0,0.01568989446542005,0.04091143514383508,2,2,3,0,0
202004,4788,-131.77216114035377,1114.3879010278242,0,1,0.020917255546777293,0.1321858968282688,1,6,98,24,22
202504,4789,-2055.381874833283,8660.563964624405,0,0,0.0031792119322190684,0.1043741219756404,0,8,806,38,24
202582,4790,21.398555708377536,588.4747815322153,1,1,0.07964502570774219,0.08600928961389598,0,13,53,20,5
202607,4791,103.95022135166354,22.06657210543515,0,1,0.0449768164289561,0.034740554320755054,1,5,2,4,0
202638,4792,96.57096853809438,13.17397318781206,1,1,0.11146037394376943,0.025745468380124287,0,9,2,12,0
202652,4793,25.481411422694727,55.84718645555715,1,0,0.01830055492822194,0.04662254780822669,2,3,2,0,0
202689,4794,122.19709318952286,46.15851142311854,0,1,0.025228224923390018,0.019097744982589572,1,7,4,8,2
203189,4795,-2209.3438223868343,9248.9496794873,0,0,0.0017199109616301749,0.12205653236989497,0,8,857,31,11
203230,4796,130.62192429296567,42.12219855384387,0,1,0.0646814017914595,0.027179875517679423,1,7,3,22,0
203263,4797,127.78796389857087,52.89921746197336,0,1,0.02796420114584811,0.028421286060650884,1,8,5,5,5
203274,4798,0.45540456303623245,72.2856679996894,1,0,0.020481301930474854,0.0469072183026271,2,1,3,0,0
203344,4799,127.70916910552995,214.03270649670887,0,1,0.020132768588998703,0.0879620880229178,-2,13,20,18,20
203354,4800,23.06536496869644,63.32825230397029,1,0,0.022509674233563082,0.05389102492057476,2,3,3,0,0
203463,4801,110.40778422015265,262.5675317952985,1,1,0.05959200485462794,0.07274697825749192,0,12,20,52,6
203472,4802,1.6988656122307901,56.737224863632235,1,0,0.015515125086270475,0.03381502347935215,2,1,2,0,0
203528,4803,-22.60192790781479,635.3702614535151,1,0,0.052530825844876186,0.15226125461875153,2,10,52,16,10
203543,4804,61.978483940135234,6.785945408952987,0,1,0.022004448405488687,0.013824997900517697,1,2,1,0,0
203617,4805,124.04478072882347,106.92696006182723,1,0,0.11453733851376659,0.07295805851562658,2,9,4,25,16
203693,4806,58.159204512956016,68.13460979076541,1,1,0.03489979843629846,0.020269346652455503,0,5,3,55,0
203727,4807,71.97848074108344,67.79869206205608,1,0,0.03757619885498512,0.021939494026758908,2,7,3,9,6
203829,4808,193.4381629948794,181.30494594962227,0,1,0.05173519994113402,0.029615752497466577,1,14,16,36,26
203857,4809,123.2379603258835,24.483946935228648,0,1,0.06719982459544462,0.02660821067605573,1,7,3,6,2
203906,4810,136.47701135293246,54.00252645391165,0,1,0.030977278072612347,0.02587864206824905,1,8,4,19,0
203977,4811,139.8570836189284,55.57656243749043,1,1,0.042270447450336465,0.017352599285729974,0,11,4,18,10
204076,4812,188.7393324279873,36.159124822654825,0,1,0.038175671877186665,0.023233921437707993,1,11,2,50,11
204154,4813,126.30148917629832,133.08398094683307,0,1,0.03288702966553992,0.06803572676100594,-2,10,11,23,16
204202,4814,135.9807233743543,74.90815250041257,0,1,0.10172082348315209,0.0362998997945005,1,8,7,17,11
204252,4815,152.100927571346,45.61689699434805,0,1,0.04646774643785687,0.017901680746390355,1,10,4,35,0
204265,4816,13.486777147852152,53.94563821661556,1,0,0.0034257724078405076,0.010797882525458836,2,2,2,0,0
204290,4817,79.38004265015111,29.832869405412282,0,1,0.02775774325103197,0.024760849814741803,1,4,3,9,3
204313,4818,105.80645448266449,39.70306059686045,0,1,0.05488413600254653,0.023414884241959463,1,6,4,6,0
204324,4819,1.7564981218464837,66.76090133454113,1,0,0.004704869772251448,0.029158482589556948,2,1,3,0,0
204351,4820,109.44170144245575,37.78383081677965,0,1,0.048184628607652415,0.029954604926595477,1,6,4,4,0
204369,4821,91.42368680579034,22.85608784857299,0,1,0.03585404847770602,0.03554449016908961,1,5,3,0,4
204380,4822,-1.5275402861920728,78.94804622099169,1,0,0.012538941084826415,0.03655305485806151,2,1,4,0,0
204461,4823,195.4063922033484,100.20453388641211,1,1,0.09135483204893219,0.04508068406348235,0,17,11,21,40
204521,4824,101.66632695182525,345.42587784220564,0,1,0.031341507928664934,0.07946442156684817,1,10,30,1,2
204537,4825,15.673291167891428,70.70931059272627,1,0,0.017481592728771735,0.03151303324218178,2,2,3,0,0
204546,4826,14.568854583766873,55.15094284322962,1,0,0.016203086890220497,0.052247959630577885,2,2,2,0,0
204557,4827,55.4233093469588,17.225654807346665,0,1,0.019896663174673965,0.011841820337688476,1,2,2,0,0
204577,4828,81.11777134007488,28.887479147120423,0,1,0.05154229884030002,0.021906639686705663,1,4,3,6,0
204607,4829,136.81395718705932,21.12367583360491,0,1,0.24598459024040575,0.013959755294806604,1,8,3,11,0
204620,4830,3.2394942990964637,67.85711086011567,1,0,0.010512483873597777,0.030326114020606056,2,1,3,0,0
204709,4831,-66.41374730103178,905.2733611832562,0,1,0.013556175555627025,0.11914890284682654,1,8,80,24,2
204761,4832,91.00137086752542,50.307985051375105,1,0,0.04628462967445098,0.010287904286331842,-1,9,3,35,0
204784,4833,99.01805652519067,43.73746165777891,0,1,0.04163829294194243,0.029793376394220503,1,6,4,9,0
204794,4834,8.446317452245111,64.14185991753608,1,0,0.01113082004633644,0.03978542330018217,2,2,3,0,0
204817,4835,57.620040252485836,78.06507282918543,1,0,0.10517421527094617,0.03393365598287954,2,6,4,5,2
204841,4836,70.97489875390315,20.838259986259462,1,1,0.1333693657286337,0.025216544924873973,0,7,3,9,0
204851,4837,19.84561367976484,62.94085152704016,1,0,0.0186604749640212,0.04401214939614881,2,3,3,0,0
205351,4838,-2112.9186942192523,8892.059374297954,0,0,0.0030674298665507517,0.11721560030937446,0,10,823,38,3
205361,4839,54.73532370970859,16.502246564939604,0,1,0.02309606749623414,0.014083844021657754,1,2,2,0,0
205370,4840,55.019532736703646,15.893197591021295,0,1,0.042642580521937284,0.02091322570575043,1,2,2,0,0
205394,4841,97.36813696412334,26.6172673734197,0,1,0.06857226898366889,0.019261310119169966,1,5,3,5,0
205464,4842,26.71048700168907,397.9775784513573,0,1,0.03013531889434728,0.0800534825921837,-2,9,37,28,13
205477,4843,10.751603797437237,67.32556320892647,1,0,0.011293063517959627,0.024322031849178083,2,2,3,0,0
205977,4844,-2458.013748465403,9943.662739243593,0,0,0.002767343655663262,0.13168338536636312,0,4,921,17,0
205991,4845,64.9590045714998,37.42693436836915,0,1,0.11239771663861345,0.08003936316302915,1,3,4,0,0
206002,4846,5.023052535169814,61.72813567456515,1,0,0.01198237974996779,0.03344849929070793,2,1,2,0,0
206032,4847,70.38369884471672,19.878175544939012,1,1,0.03929593820965818,0.01765915664442901,0,6,2,6,6
206041,4848,-2.11327421166218,67.87353804526057,1,0,0.013275213100173745,0.03564100876495477,2,1,3,0,0
206101,4849,186.25622268661164,80.13173055144809,0,1,0.07392226534268045,0.04602165970619602,1,12,8,14,15
206601,4850,-2276.330837303914,9595.043980178765,0,0,0.0028718735860102595,0.13156068262084986,0,10,888,18,4
206618,4851,71.88648864862596,18.956683255251974,0,1,0.025813937615753433,0.013793131300863404,1,3,2,0,0
206628,4852,60.86807531913992,3.6864436711157804,0,1,0.013416591927209575,0.00905969666433015,1,2,1,0,0
206663,4853,140.2154112737309,51.763779127830745,0,1,0.03160815416054107,0.022389994167993556,1,9,5,5,0
206681,4854,87.84237241612263,15.852474822259957,0,1,0.3065088143678135,0.01659559689452424,1,4,2,10,0
206714,4855,58.78819933718891,78.27632330385255,0,1,0.016085336753881838,0.051904515351266986,-2,5,8,5,8
206724,4856,55.58071151579817,13.423793780591641,0,1,0.021288656985063218,0.01980391831113563,1,2,2,0,0
206735,4857,19.701584315243938,64.71717352112107,1,0,0.02292133940263809,0.03994002560791975,2,3,3,0,0
206772,4858,98.59712397515452,59.98639075073774,0,1,0.045469918284017266,0.01572173532910415,1,5,5,7,0
206781,4859,23.878427026428945,64.38264474535517,1,0,0.02614662888299199,0.04550828002104476,2,3,3,0,0
206819,4860,132.6903281503849,39.69832816406819,0,1,0.04670530463973368,0.017708090913554825,1,7,3,9,5
206827,4861,54.07535645673889,12.262624531316728,0,1,0.038840217200391824,0.017033202705591423,1,2,2,0,0
206834,4862,53.61789997141368,11.33790486181362,0,1,0.02799363339244193,0.01924968365378604,1,2,2,0,0
206845,4863,64.01473652829776,17.42598953995369,0,1,0.014295020961634191,0.01438447971496757,1,2,2,0,0
206867,4864,109.53771420781673,61.301597808883024,0,1,0.0804254786248738,0.027910063263029104,1,6,6,0,0
206878,4865,29.530494591490893,62.11754679320529,1,0,0.011631768277445722,0.03517390484436681,2,4,3,0,0
206920,4866,97.03728473711061,41.21064631760571,1,1,0.1182533693691044,0.013760855314665334,0,9,4,10,1
206972,4867,156.47719469776482,33.857784992540815,0,1,0.13102505965193625,0.0376150503347998,1,9,4,7,7
206983,4868,6.49242635077124,60.78201869118182,1,0,0.011954958401690892,0.03695065952176831,2,1,2,0,0
206990,4869,53.58691545386995,10.517032714950233,0,1,0.03385126086941633,0.016367226483568222,1,2,2,0,0
207013,4870,110.33971287813682,67.6683199459495,0,1,0.04658749159912299,0.029411016866868037,1,7,7,0,2
207095,4871,-132.2024347601696,796.4646161973267,1,1,0.01728721504364072,0.1213891116299976,0,4,69,21,1
207105,4872,1.823909198919008,59.638687906645444,1,0,0.012433398920022503,0.03815703179943984,2,1,2,0,0
207120,4873,16.283615471340376,100.922664980408,1,0,0.0126363784066539,0.0475931967603855,2,3,6,0,0
207131,4874,1.4234655329412682,71.10782750167985,1,0,0.012964931436363724,0.03300206418545112,2,1,3,0,0
207143,4875,21.506634229133784,64.84614889350928,1,0,0.01542223183264021,0.032933516715822224,2,3,3,0,0
207216,4876,128.9000715633568,59.22230055312792,0,1,0.011363170077782762,0.04166229255531112,-2,9,5,25,9
207242,4877,22.25039901886921,83.80346205654017,1,0,0.06948062431181617,0.0206025625352528,-1,4,6,14,0
207336,4878,126.0395769630201,96.8221341135648,1,0,0.05220132572035387,0.028411335163844788,2,9,2,30,0
207347,4879,11.026072325289341,65.2418437652538,1,0,0.014210401574183228,0.032847543791421185,2,2,3,0,0
207847,4880,-2112.2034352959577,9112.913069195374,0,0,0.004797815784049197,0.11765614599680758,0,13,846,43,5
207886,4881,102.89919255093622,111.32623116475695,0,1,0.024829395741181,0.05656182960671098,1,7,12,9,17
207895,4882,57.448799244938996,4.1374547730881694,0,1,0.025434874871021612,0.014151479904259436,1,2,1,0,0
207917,4883,76.08459942153226,31.483191872270005,0,1,0.04304795960686055,0.019813355394498914,1,3,3,2,0
207930,4884,57.61044113751442,18.07273760124093,0,1,0.04248238337392856,0.012214604687515802,1,2,2,2,0
207972,4885,68.31226323886975,38.43689430184567,1,1,0.06065115089516252,0.01390759330853297,0,6,3,19,0
208472,4886,-2122.1859603046364,9235.588874538798,0,0,0.004545637505093286,0.12451882471510765,0,15,857,24,18
208483,4887,12.56380471910439,57.42374412675473,1,0,0.015412412149351434,0.0403837158758183,2,2,2,0,0
208501,4888,82.29133515487621,27.962024983943007,0,1,0.03485682035603703,0.014962019391530119,1,4,3,2,0
208532,4889,113.59101072978396,33.30179419488213,0,1,0.0394422355870277,0.017211901808272888,1,6,3,7,0
208588,4890,128.7770557705678,109.11860216121448,0,1,0.028118606717254822,0.0521910876582191,1,8,11,6,26
208657,4891,160.69358599963684,181.29749110658292,0,1,0.022842901557236086,0.07323093881834938,1,11,15,6,8
208669,4892,13.159952015016064,69.23998238199614,1,0,0.026984711084727154,0.03571893377413863,2,2,3,0,0
208703,4893,125.8308064764962,19.398634797445094,0,1,0.05234039764289226,0.01383942775707246,1,7,2,12,0
208733,4894,103.27809072066538,42.29234669489228,0,1,0.23375295787907102,0.020670734815069883,1,5,4,13,0
208757,4895,106.66919834937474,28.76523675083822,0,1,0.054335921457655145,0.018355943641911027,1,6,3,9,0
209257,4896,-2223.294810833102,9448.20397827115,0,0,0.0031882720364019576,0.13189129093676452,0,11,873,48,6
209266,4897,9.337226196280893,64.25331605726419,1,0,0.01759026890003041,0.0483832978020428,2,2,3,0,0
209342,4898,196.62668523253308,122.89548472259901,0,1,0.08101187210938257,0.03184321509064291,1,13,12,6,21
209842,4899,-2151.026513969595,9210.411901891337,0,0,0.004185851129345123,0.1168006389971573,0,12,857,5,23
209881,4900,108.01094239307596,31.787585982805332,1,1,0.05464289973644099,0.022973666781769972,0,10,4,9,0
209898,4901,80.28852256054175,35.89481148090362,0,1,0.05578197559599523,0.026933148508880993,1,4,4,3,0
209916,4902,34.932437606104514,61.119293331480165,1,0,0.01990832061272575,0.1266161842082228,2,3,2,0,1
209937,4903,94.81399934313805,14.910236599317823,0,1,0.020002372599913047,0.020506362873836313,1,5,2,0,0
209945,4904,0.43229769098860693,66.45532860671919,1,0,0.010786558871508235,0.04659591288114215,2,1,3,0,0
210445,4905,-2327.452218499702,9789.956747979299,0,0,0.005632103984157892,0.1404715357396455,0,10,905,11,4
210456,4906,54.80084951402662,15.236567614964944,0,1,0.022912651581717028,0.014066495924841122,1,2,2,0,0
210492,4907,72.10515037907643,49.48961736278858,1,1,0.1317331618681098,0.021992680565673137,0,8,5,17,0
210547,4908,96.43072301844057,46.11537659977659,1,1,0.035494364697071255,0.01561542827439511,0,8,3,22,4
210605,4909,156.8292955295026,34.37823950282717,0,1,0.02932137304242953,0.02403097871211944,1,9,3,14,24
210620,4910,17.606720475772367,61.016009426573866,1,0,0.013386486607299705,0.03105556143258626,2,2,2,0,0
210662,4911,130.92878409508626,26.42558745888021,0,1,0.051972413991462275,0.02413363506450024,1,7,2,18,0
210670,4912,57.624645152065845,3.5919553877775297,0,1,0.01810494068167476,0.014343608914664102,1,2,1,0,0
210761,4913,-26.338610441732925,770.2304640127147,1,1,0.01641014335129724,0.10861834371207087,0,12,69,13,7
210777,4914,25.314486464024128,70.35921648952217,1,0,0.013451945673867836,0.03092760377642925,2,3,3,0,0
210810,4915,138.78004723257357,31.111318494323317,0,1,0.04358047401483893,0.027732437773540966,1,8,3,8,0
210819,4916,63.19987793329361,4.729251524122136,0,1,0.015543061575523117,0.012284570921485933,1,2,1,0,0
210851,4917,55.758911283491585,44.875181153439925,1,1,0.036859435656788904,0.020513778008748706,0,5,4,5,0
210862,4918,79.19748874280282,11.70712831275813,0,1,0.15118375230852077,0.01008960362020429,1,3,2,2,0
210871,4919,59.83985576821314,3.4419956836651977,0,1,0.016535545483183853,0.011976407255062632,1,2,1,0,0
210890,4920,74.15437776396018,58.34179801551238,0,1,0.031611610972089255,0.02814475468802513,1,4,6,0,0
210897,4921,64.82473239187472,8.966044224703845,0,1,0.027202253617382457,0.020551392657177085,1,3,2,0,0
210904,4922,74.02890925448516,8.208399617291207,0,1,0.037233445886033376,0.010021450816421288,1,4,2,0,0
210922,4923,109.77417684510681,11.750732646141362,0,1,0.09789205759451726,0.020764294731869904,1,6,2,6,0
210933,4924,43.630999525435215,58.996451693446545,1,0,0.06484294330270497,0.07675166156200074,2,5,3,0,0
210999,4925,97.84348786789407,54.851285009012294,1,0,0.03114973683451639,0.024585763130803007,-1,8,2,34,6
211011,4926,14.840241897879368,65.06824502321767,1,0,0.021385005094970395,0.03234251847776915,2,2,2,0,2
211511,4927,-1988.2411906687046,8740.329650450747,0,0,0.004572211591310977,0.10428230818965847,0,14,816,1,0
211555,4928,51.77575793166848,67.21810219518173,1,1,0.09503544057622254,0.03745654525918836,0,6,6,20,3
211571,4929,75.72867738851612,21.843973711635805,0,1,0.07032517405730455,0.017511203663682424,1,3,2,5,0
211629,4930,73.74172467001901,84.7292917269649,1,1,0.12465237685394606,0.04181933665587855,0,7,7,35,18
211643,4931,76.07080249007069,16.848174769373863,0,1,0.025429533123024563,0.010611521710746244,1,3,2,0,0
211680,4932,81.7225249740875,40.01924399817974,1,1,0.05274644132998485,0.021870975820653317,0,7,3,8,0
211690,4933,21.93950146970281,62.73527428600383,1,0,0.024328189651194796,0.04731819193740143,2,3,3,0,0
212190,4934,-1984.925405592706,8513.073905324523,0,0,0.0029691007653499407,0.11680681337118788,0,11,791,14,18
212203,4935,8.571423360776507,78.5953178843054,1,0,0.01647532287678409,0.031940905966616716,2,2,4,0,0
212273,4936,-14.773042919771251,511.597767781351,1,1,0.031051673698216403,0.07064033555662975,0,10,47,41,9
212284,4937,9.77324228047328,88.13926903514701,1,0,0.031779278601351345,0.04438451371859222,2,2,4,0,1
212293,4938,12.14136197032674,64.73588012755076,1,0,0.020708651742353968,0.046075592101414334,2,2,3,0,0
212368,4939,-33.10930743607256,719.8325615968336,1,0,0.03166117514444994,0.1493989662724614,2,10,58,23,11
212402,4940,54.90275300337263,61.34528030902328,1,1,0.057736651136096426,0.013496086357647236,0,6,5,22,0
212436,4941,125.74278055091219,32.23110839342868,0,1,0.10764067657577642,0.01923891372731845,1,7,3,14,0
212450,4942,23.106355715571862,63.97955757872514,1,0,0.03325642196502437,0.04259478455103492,2,2,2,0,0
212462,4943,1.2822269832138566,68.60875648676998,1,0,0.012860236558291929,0.027090651948215038,2,1,3,0,0
212522,4944,-15.63860602067727,597.2933166687727,1,1,0.039734102037390584,0.16923915433490397,0,8,51,2,3
212530,4945,57.65354294388155,4.549659103877255,0,1,0.021000920042685795,0.010378538251751397,1,2,1,0,0
212537,4946,64.59532352425406,9.945624722829976,0,1,0.023503338867186224,0.012936262614446066,1,3,2,0,0
212586,4947,152.80680765918453,17.702369156593463,0,1,0.018779631445798896,0.017871097312731746,1,9,2,9,22
212596,4948,59.56559495226699,4.595526469547751,0,1,0.018273222117001137,0.013570873954529925,1,2,1,0,0
212635,4949,125.86182634207289,126.5192925659175,0,1,0.03244160164245516,0.031009041489077644,1,9,13,4,4
212646,4950,18.529754583031846,52.74559639257345,1,0,0.014055453994332693,0.013248871993060608,2,2,1,0,0
212667,4951,91.89055792488404,48.542465827580884,0,1,0.09616425932401643,0.03290465680528679,1,5,5,7,2
212733,4952,176.79494401595915,20.162969676716695,0,1,0.12064865629287778,0.025275138112139377,1,9,3,13,43
212758,4953,97.91267927780325,43.203089349511416,0,1,0.06227134619472718,0.02225683767651004,1,5,4,7,0
212790,4954,75.3395597227013,80.87138668692396,1,0,0.07490279483121322,0.019086132593536455,2,7,3,9,0
212805,4955,107.09682262824964,21.459558865217208,0,1,0.05183773359617332,0.027403504118213396,1,6,3,1,0
212812,4956,57.343295168238,1.1113668703058366,0,1,0.024230098673487126,0.01410784867435686,1,2,1,0,0
212924,4957,47.72478461696321,476.3082316493779,0,1,0.017490252316635212,0.06605741475246507,-2,9,40,24,6
212934,4958,11.823092859402063,52.24294013562003,1,0,0.006893541089637084,0.012493752601906766,2,2,2,0,0
212955,4959,119.32973607841646,39.033657699840646,0,1,0.08610728883242637,0.027930660228593314,1,7,4,0,0
213455,4960,-2081.9126167186864,8968.292044037125,0,0,0.0037207284344764474,0.11700849090164085,0,9,831,21,24
213496,4961,127.07584231171563,32.82493085137992,0,1,0.046948723606867054,0.01791661325920967,1,7,3,17,0
213509,4962,16.520946049905156,60.76036505730906,1,0,0.012804196179427955,0.01723186827259739,2,2,2,0,0
214009,4963,-2145.112346529019,9128.782390310382,0,0,0.009677657529974869,0.1363359357672912,0,10,842,12,13
214509,4964,-2009.0996063944767,8551.826488463706,0,0,0.0029695552805445056,0.1036073024955564,0,9,795,47,19
214542,4965,138.48824663757642,44.959976740704846,0,1,0.024144237368240496,0.05104651979487851,1,9,5,0,4
214598,4966,88.86683889016385,58.60600323428186,1,1,0.05457578127605871,0.016969551822846516,0,8,4,26,3
214671,4967,168.92127807297246,44.514283162439185,0,1,0.03923900593686595,0.03452662880656362,1,10,3,25,8
214693,4968,107.95987871772773,21.48014667938922,0,1,0.05749727078686311,0.025163844875612906,1,6,3,3,0
214704,4969,11.48507270792565,67.46046581726756,1,0,0.025432971088033284,0.042425373306476916,2,2,3,0,0
214732,4970,163.61736726781223,23.079219893692827,0,1,0.04043711353465988,0.026581211691897758,1,11,4,0,0
214768,4971,80.94230061832698,33.21739201108036,1,1,0.039317782189004884,0.02666336082643709,0,7,3,7,0
214783,4972,32.504691840652725,63.687789604579464,1,0,0.017274194048001193,0.031149610105686152,2,4,3,0,0
214795,4973,7.036710884515662,87.52798932339901,1,0,0.015004516821811432,0.03696645092157871,2,2,5,0,0
214821,4974,100.15971725887402,23.82485823624102,0,1,0.03196424758138658,0.02327534830173137,1,5,2,3,0
214885,4975,183.43303082327031,49.23608108656984,0,1,0.06130367104252364,0.015768102273463074,1,11,4,23,8
214977,4976,110.86276709030327,364.25107032010715,0,1,0.020764022130752617,0.049716472932545,1,11,32,29,27
215019,4977,168.47035050887447,21.765631667453405,0,1,0.02892275485394335,0.019645705013315282,1,11,3,7,8
215029,4978,1.6854753232425246,69.89037156586902,1,0,0.009057708102406569,0.03480872936628972,2,1,3,0,0
215045,4979,94.2970179349422,21.88224057488538,0,1,0.17762686151437618,0.029376516519406426,1,5,3,3,0
215074,4980,88.60050545688117,34.954758045367285,0,1,0.04268966316758969,0.0278214347204984,1,4,3,11,4
215087,4981,22.725855352696623,64.73726105414832,1,0,0.018626817974577214,0.03445337406665203,2,3,3,0,0
215098,4982,13.038306602714115,57.190870392936354,1,0,0.014633398390190051,0.038810060131446854,2,2,2,0,0
215598,4983,-1857.845485768574,8241.13425427404,0,0,0.00761796533505032,0.11388913695414724,0,15,762,45,2
215647,4984,74.6689972582623,48.649143310834155,1,1,0.0647405502611196,0.0393102734615857,0,7,4,23,6
215706,4985,186.64869628578066,82.060362068465,1,0,0.0937438347607792,0.031034234314739312,2,16,5,5,2
215795,4986,152.37553702040907,52.94646267184825,0,1,0.011421285952793883,0.0236602715496226,-2,11,4,29,11
215819,4987,128.88462161018427,20.917114832901433,0,1,0.040934233545800475,0.019066352508476082,1,8,3,5,0
215863,4988,124.02432250573695,35.2740986484698,0,1,0.022173484350232663,0.02857705811560397,1,7,3,16,7
215873,4989,10.617735461196647,77.28100658996955,1,0,0.02636384726423526,0.055929322157085834,2,2,4,0,0
216011,4990,102.59302684003279,173.44598845013627,1,0,0.012198418156286603,0.021952397495355137,2,8,7,72,4
216063,4991,114.71121328395628,45.77125540458657,0,1,0.028267077610207827,0.020600916565770126,1,6,4,22,7
216072,4992,5.966329014962351,74.15955994174092,1,0,0.023328442516053424,0.0452834843934817,2,2,4,0,1
216166,4993,-30.801898873641328,1014.5834518048441,0,1,0.04695702233035488,0.12497760751642417,1,13,91,19,5
216666,4994,-1952.1988698159291,8635.421640023827,0,0,0.0036192615408052013,0.11959740171048397,0,15,798,22,28
216679,4995,14.11455211904185,65.9485221235498,1,0,0.011082141674448653,0.02611359852562361,2,2,3,0,0
216732,4996,129.6641039328862,69.19293126142193,0,1,0.035310321321402396,0.016890208457395747,1,8,5,29,4
216757,4997,109.24525982368718,17.524709855873336,0,1,0.07452164126465527,0.04142531954593626,1,6,2,12,4
216819,4998,131.1998439677239,50.98361826768634,0,1,0.09064874328821476,0.016846241891740218,1,7,4,23,5
216859,4999,128.7654216687851,83.80248738301546,0,1,0.1891705497255485,0.07638997621489117,1,8,7,19,2
216883,5000,75.02323734601066,48.15746959489903,0,1,0.06068898707726581,0.02947326774921569,1,3,4,9,4
216937,5001,120.75782613919415,92.09557315775015,0,1,0.02621959627813543,0.0495341693161273,1,8,9,18,9
216951,5002,4.611261818460168,61.35091530940825,1,0,0.008468542261110778,0.028691369314086532,2,1,2,0,0
216968,5003,15.169738059132364,69.74642594809208,1,0,0.012441946445306452,0.04405344666070522,2,2,3,0,3
217012,5004,179.8866918566947,22.801476422945658,0,1,0.03127605700701426,0.01971022704661079,1,12,4,7,7
217080,5005,182.6458551507401,25.73411883643425,0,1,0.11663214884581041,0.04684061356969631,1,11,3,16,5
217224,5006,-293.7163359015209,1630.1685116574135,1,1,0.009145160598551657,0.14484362749234275,0,8,143,55,13
217286,5007,112.73556653492491,54.4827153392659,1,1,0.06609078571978697,0.032944634095219354,0,9,3,28,11
217344,5008,84.1814888256453,69.83715058951009,1,0,0.07895922026730379,0.03185689189192637,-1,7,3,26,11
217396,5009,96.55619774999613,71.61517242321816,0,1,0.02015925789253475,0.04147276513723248,-2,8,8,16,27
217408,5010,20.02409842384491,75.79422620213471,1,0,0.02116747664825337,0.04085077799731015,2,3,4,0,0
217908,5011,-2272.8300395912374,9604.157379253294,0,0,0.0026211556304585955,0.12727143100434696,0,12,891,38,6
217944,5012,97.30272317000261,15.165100830233143,1,1,0.05791670927708454,0.01759246157302953,0,8,2,5,8
218444,5013,-2002.4007489148103,8734.987548918149,0,0,0.003999695965071907,0.11531370612230891,0,15,811,39,33
218453,5014,16.799540416595836,72.89380898205107,1,0,0.02770772016185106,0.058627311005119184,2,3,4,0,0
218548,5015,103.11466063851401,199.47438277220715,1,0,0.04558224216796932,0.04148701240713095,2,11,12,52,13
218560,5016,59.3055791215037,14.529530913613094,0,1,0.022246066472346022,0.014647152009078646,1,2,2,0,0
218570,5017,15.503120279516388,63.64595813504923,1,0,0.020115626347874976,0.01594749514640275,2,2,2,0,0
218577,5018,65.02250936914146,13.261867295754998,0,1,0.045446079743971,0.02552238726106182,1,3,2,0,0
218643,5019,92.25719419047657,297.35353634513785,1,0,0.04952356591098056,0.08402515394906265,2,12,22,17,3
218683,5020,163.87440156309995,77.6405337227111,0,1,0.023908451013716428,0.02022936216738306,1,12,9,0,0
218695,5021,25.059402332460763,51.8071493184935,1,0,0.013225411605076497,0.037798385743839265,2,3,2,0,1
218730,5022,70.28351293379593,191.76603994478717,0,1,0.04801806532174116,0.07350343541965434,1,6,18,13,10
218770,5023,140.56297645034448,12.63464056459955,0,1,0.04208274940447735,0.012753986211786856,1,8,2,4,2
218782,5024,9.07950819481989,76.34104592045256,1,0,0.014880442303303045,0.02189807346555424,2,2,4,0,0
218792,5025,2.516899127434435,63.90407169166076,1,0,0.015630459381149205,0.053133709160545085,2,1,2,0,0
218801,5026,55.64088015156676,13.218344870233132,0,1,0.02881989671037212,0.02132791918935945,1,2,2,0,0
218842,5027,79.2088127016532,67.57325188667384,1,0,0.058205107838080986,0.0335906224144577,2,8,3,22,16
218849,5028,62.15295897857544,10.807905566654835,0,1,0.034402039782185465,0.022658843431493037,1,3,2,0,0
218906,5029,137.81880040240426,53.592646573692434,0,1,0.08844980375322782,0.041212311897423984,1,7,4,16,5
218927,5030,94.4041043425115,36.89470195360088,0,1,0.05632959537404194,0.023072719135376615,1,5,4,3,0
218939,5031,73.37839385362311,21.689550365163097,0,1,0.04602958805405429,0.017496195743580006,1,3,3,1,0
218996,5032,170.03149809701299,37.87276605192325,0,1,0.016022172805441545,0.031221782355607932,1,11,5,15,7
219042,5033,112.31731981250172,49.24267390745683,0,1,0.04053132575704784,0.02557909400933786,1,6,4,24,0
219542,5034,-2036.4149343650656,8878.009697043059,0,0,0.007820076187061483,0.1244520853151218,0,11,821,19,19
219550,5035,55.37724292955643,11.64957513626554,0,1,0.025050025145187633,0.025202182713625995,1,2,2,0,0
219561,5036,64.36340713753012,6.428592102060632,0,1,0.01715949780773039,0.018443107492167828,1,2,1,0,0
219587,5037,119.33725097208452,37.31774214974014,0,1,0.05951243336461487,0.03709459958878575,1,7,4,7,0
219600,5038,66.26444153342624,38.00834704658857,0,1,0.07909525067692216,0.04910441862481783,1,3,4,0,0
219613,5039,13.96743991152677,67.03884718762845,1,0,0.012791671950355382,0.024340461339166286,2,2,3,0,0
219625,5040,57.331537620797334,14.602347145429377,0,1,0.01660441826031023,0.013463149338533778,1,2,2,0,0
219768,5041,58.04106341421684,644.1486187424129,1,0,0.059080263155252825,0.06864629443596536,2,14,49,73,18
219859,5042,217.80826527766385,14.08117151280966,0,1,0.01819442064089945,0.02823296074372543,-2,16,3,23,40
219924,5043,175.9615264266834,40.854244773149816,0,1,0.024945030440363555,0.0205227624104032,1,11,3,20,3
219935,5044,60.46311491214186,5.426065114109809,0,1,0.015231176648385542,0.009609547649383434,1,2,1,0,0
220060,5045,-239.0722136454923,1669.0702453552992,1,1,0.04948320160323147,0.1741227695412105,0,12,149,10,9
220070,5046,60.87151317094359,5.528673672160675,0,1,0.03221418574614607,0.018699137855386645,1,2,1,0,0
220138,5047,165.901231763457,32.32085727661388,0,1,0.021002441702846514,0.011282201106688622,1,10,3,25,24
220163,5048,102.66338063029839,44.011512858443666,0,1,0.03261026876662805,0.02006826382260026,1,6,5,2,1
220173,5049,15.96962864040137,47.30701458720769,1,0,0.017824912103780687,0.03076174876018408,2,2,1,0,0
220200,5050,127.57052165779263,26.589823770118507,0,1,0.03167819009430551,0.02348320096310315,1,8,4,4,2
220210,5051,66.37471492799929,4.996330127271399,0,1,0.016805495191125088,0.016267566822847985,1,2,1,0,0
220224,5052,-24.98113760551731,278.6937867586256,1,0,0.014087336983435632,0.7021706815989592,2,2,16,0,0
220236,5053,7.623944233624766,75.27216789960906,1,0,0.015693436260907242,0.025947719830924126,2,2,4,0,0
220281,5054,152.18564952295546,30.68855313030395,0,1,0.02982522523087103,0.032730531153417265,1,9,3,12,1
220292,5055,12.294259619096064,64.50834972675284,1,0,0.014856276405268886,0.014367211246588346,2,2,2,0,0
220792,5056,-1996.8138483294695,8751.472642158376,0,0,0.006163187867321519,0.11442454526085598,0,15,812,7,13
220825,5057,95.72455731548054,19.120114099605143,1,1,0.04603980589753143,0.022688313660541637,0,9,3,10,9
220840,5058,5.015445055159486,62.08444020813975,1,0,0.01387385741846441,0.02709457312638454,2,1,2,0,0
220856,5059,89.09103034184557,58.581586476672065,0,1,0.13467750843471255,0.035096286922462555,1,5,6,0,0
220865,5060,3.7550573657339985,61.54394852273107,1,0,0.023008529617437913,0.03674750291716121,2,1,2,0,0
220872,5061,64.91957169589622,0.5637314607856183,0,1,0.04645328039578386,0.031515054086993656,1,3,1,0,0
220883,5062,6.446490008267542,76.27467369976094,1,0,0.018407657563079396,0.04305556412241395,2,2,4,0,0
220892,5063,5.030005305374825,56.7664150570146,1,0,0.01610542654733367,0.05032887861512957,2,1,2,0,0
220900,5064,58.21318133250847,11.746944027733827,0,1,0.03176381219751723,0.02908100527709862,1,2,2,0,0
220918,5065,93.94723024419284,16.70756183956964,0,1,0.03672239193740118,0.04402731569188308,1,5,2,1,0
220954,5066,101.6663830095705,58.958014528378236,1,1,0.0975052818030026,0.03178467290029503,0,10,7,7,9
220976,5067,44.45147112253888,183.1760980285102,0,1,0.12083928202806177,0.20037054570518587,1,3,15,2,0
220988,5068,60.30360438235802,16.904272066256514,0,1,0.016959643305875738,0.015647746890606752,1,2,2,0,0
221003,5069,56.95933279048475,71.08865893776822,1,0,0.0699001243780483,0.21271066101841635,2,6,4,0,0
221010,5070,63.653725158733394,9.119230991502338,0,1,0.046834926492715374,0.029627352146391558,1,3,2,0,0
221024,5071,27.052941696529885,56.27736347813713,1,0,0.017072544857359324,0.03903979296230137,2,3,2,0,0
221036,5072,67.59970371459305,42.90264845858407,0,1,0.09457258422171928,0.08784314388155597,1,3,4,0,0
221061,5073,105.20778089011611,28.021802364238585,0,1,0.021591090483475645,0.020736045501203705,1,6,3,2,0
221099,5074,134.38466458385375,30.25729876606082,0,1,0.04041021285762165,0.020019830596021027,1,8,4,12,13
221115,5075,15.247508802389452,80.2476279651906,1,0,0.01687671864162174,0.04125308853820588,2,2,4,0,0
221144,5076,67.78423162510661,23.839765213382023,1,1,0.058874805123012214,0.020993086666391023,0,7,3,8,8
221216,5077,88.57398885717691,86.69978034673265,1,0,0.02343253016132867,0.01890028856060792,2,7,2,35,11
221229,5078,63.262900828515825,15.205935516234778,0,1,0.024936835656412974,0.0178295322439438,1,2,2,1,0
221266,5079,117.27374334653705,35.575367001581085,0,1,0.022554010051065117,0.020714026825859874,1,7,4,4,9
221288,5080,75.12867783686468,46.62842230993575,0,1,0.01886557365780985,0.03082668909707159,1,4,5,0,6
221318,5081,125.59450300075792,31.87596705505234,0,1,0.06364538011693953,0.03547218480070897,1,7,3,10,0
221331,5082,17.080829319145238,56.27091901837037,1,0,0.01734167732077126,0.036060911072704725,2,2,2,0,0
221352,5083,65.15237249850558,14.82823428285911,0,1,0.02382866549552674,0.018191789704739395,1,2,1,1,1
221365,5084,95.76995869026653,29.32089038452434,0,1,0.13762999530948417,0.08152319834365662,1,5,3,0,0
221865,5085,-2065.8324683070527,8828.472071945474,0,0,0.0023200219657006603,0.11082222115767013,0,11,820,22,25
221890,5086,45.38671314406506,205.11011820824424,0,1,0.029433561583828524,0.17200284564058155,1,4,18,0,0
221914,5087,96.8489333400242,40.59977041576196,0,1,0.03385218676253065,0.01921268064358125,1,5,4,3,1
221922,5088,57.654795977788055,11.35496717792639,0,1,0.03126679579071539,0.03025954114129389,1,2,2,0,0
221932,5089,3.997309208191126,69.91322064552476,1,0,0.021283040909128886,0.05736603644645664,2,1,3,0,0
221943,5090,76.73043753820173,35.9296893138576,0,1,0.09448742495183461,0.05816435850012462,1,4,4,0,0
221972,5091,122.72941840321451,40.281357509325986,0,1,0.0233669004822182,0.024604402970485415,1,8,5,1,5
222019,5092,85.00264306453458,89.87625730237409,1,0,0.02931550594672712,0.032934233341916704,-1,7,6,7,3
222029,5093,87.44315600096803,21.98877203056094,0,1,0.13492591062836903,0.08335545346357509,1,5,3,0,0
222040,5094,59.16895046438521,13.438431098605296,0,1,0.044204185645802065,0.02986542500164503,1,2,2,0,0
222079,5095,141.73904550486822,24.524246370216133,0,1,0.043820934412399794,0.020952526002843995,1,8,3,9,13
222095,5096,84.74034767188915,69.99774999959567,0,1,0.05579660757903684,0.15529731822483442,1,5,6,0,0
222128,5097,110.34900498596842,92.23897609226132,0,1,0.04830463196548484,0.09999971052966355,1,6,7,0,0
222205,5098,110.43234790227389,102.66210189346944,1,0,0.03443144429053925,0.0140467058430929,-1,9,6,20,0
222215,5099,55.1534663539022,15.549301419047833,0,1,0.02186231543415698,0.0228165837661211,1,2,2,0,0
222293,5100,141.40076492558762,250.23725677770665,0,1,0.06620907723966864,0.05876584684949636,1,12,22,24,21
222304,5101,64.35028707921663,6.542344017485611,0,1,0.03262814501705545,0.020188370107766505,1,2,1,0,0
222325,5102,55.12596904813512,82.64992486289239,1,0,0.020401711414102866,0.033397653677604215,2,6,5,0,0
222334,5103,66.08625457472763,11.143110975964444,0,1,0.0481514919057953,0.025190275863085844,1,3,2,0,0
222344,5104,4.099425845686721,85.68718251696941,1,0,0.01592041466690996,0.052070840174551235,2,2,5,0,1
222356,5105,15.283506840535235,83.6738714142153,1,0,0.018830177073597607,0.03910711013571426,2,3,5,0,1
222413,5106,87.18433160107462,97.16945529199587,0,1,0.020537627739117614,0.07466178183511608,-2,7,9,20,17
222431,5107,56.029157687286926,124.68655689586596,0,1,0.04499007981915023,0.08199219419353243,1,4,12,2,0
222440,5108,60.20433868229412,17.131832435664748,0,1,0.028084570333716204,0.02551807222823599,1,2,2,0,0
222473,5109,181.02832217576403,42.235509543036315,0,1,0.11942924551354174,0.11994378036939668,1,13,6,13,2
222483,5110,73.52789723081153,11.81589645699178,0,1,0.09161891172485391,0.02374032713207987,1,3,2,0,0
222492,5111,49.801645571817446,9.3259680618261,0,1,0.020960681519654974,0.028703648720480993,1,1,1,0,0
222503,5112,62.30158181981067,2.2477584188150352,0,1,0.03126006039673797,0.022231790605923733,1,2,1,0,0
222520,5113,72.45771380441803,80.99779079050549,0,1,0.05230423576286264,0.22679831941750425,1,4,6,0,0
222574,5114,138.6899166291371,177.31708219222776,1,0,0.05782783885555944,0.10009481333257497,2,14,13,10,25
222583,5115,-1.3852467880690416,78.03295937048692,1,0,0.02098331807259321,0.04721202852118303,2,1,4,0,0
222602,5116,78.17654038196687,64.12495828090266,0,1,0.04236778620648257,0.12550491336469058,1,4,5,0,0
222640,5117,107.42640036394891,52.41815908028498,0,1,0.06035906354168345,0.024509914832393925,1,5,3,9,3
222679,5118,126.2936540765238,173.18702951277106,0,1,0.06235534864786479,0.07086852926420849,1,10,18,1,9
222754,5119,112.39898015341304,80.62768893456933,0,1,0.010115482109606451,0.03998161035493873,-2,8,7,15,23
222783,5120,122.80852904541891,42.917274983192904,0,1,0.09604878011594055,0.023884552614358553,1,7,5,1,4
222857,5121,-20.540707612122226,870.6091287416916,0,1,0.02387261916294041,0.12978279410195973,1,12,80,3,5
222890,5122,94.3611339404748,43.31121911809655,1,1,0.11800990083983115,0.09024158856071578,0,8,4,9,0
222923,5123,130.43742426401167,37.08623608693017,0,1,0.032474363171353035,0.02809444818432631,1,8,4,9,1
222990,5124,156.36540931985374,55.12203536891549,0,1,0.06985012574806777,0.02315948011403108,1,10,5,36,33
223002,5125,5.873346633626781,57.7984840069211,1,0,0.01307397120966316,0.04409698503568022,2,1,2,0,1
223082,5126,117.68197806301085,90.91479303775613,0,1,0.025898932440502197,0.04982797867031082,-2,9,7,46,22
223092,5127,37.292071734378325,50.164464161418536,1,0,0.030417326359832065,0.06194239469651099,2,4,2,0,0
223118,5128,105.42137287910491,19.21338598390542,0,1,0.0263004635654928,0.017106564669487366,1,6,2,9,0
223129,5129,8.350348609019292,76.80529703104153,1,0,0.019746089909466483,0.0462987804686106,2,2,4,0,0
223137,5130,55.74329641380504,2.361950001202201,0,1,0.03364604030742004,0.03011586111717528,1,2,1,0,0
223147,5131,12.908684151069519,65.58482019546105,1,0,0.021003431015262232,0.05814338730261272,2,2,3,0,0
223235,5132,178.9492417104342,138.27884953842917,1,1,0.028329498847540147,0.02424182114782807,0,17,13,38,19
223255,5133,90.4719645317878,33.618057216370495,0,1,0.0749394745952444,0.02473188548412896,1,5,4,7,0
223265,5134,57.018443836103614,16.03135385913617,0,1,0.03024270965167388,0.022009048895111887,1,2,2,0,0
223376,5135,-256.0012261999194,1499.856624450802,1,1,0.017101696665748282,0.1350257720363713,0,10,138,25,19
223464,5136,146.96359954516979,124.44466975919431,0,1,0.017691120485384036,0.03713458946299358,-2,12,11,36,15
223475,5137,70.19549778713876,10.90949465815787,0,1,0.04478738192078116,0.02368125601114488,1,3,2,0,0
223542,5138,137.128767274578,46.253931723647995,0,1,0.024666937710518286,0.04491302473044032,-2,9,5,9,41
223551,5139,9.342608363248722,65.42674338159047,1,0,0.02806140221452929,0.061229986726262044,2,2,3,0,0
223563,5140,59.15364704524622,17.939633027066535,0,1,0.03425337236720655,0.02120442048280002,1,2,2,0,0
223571,5141,54.867302748824386,13.900241007117025,0,1,0.027864273424648537,0.02871691434129598,1,2,2,0,0
223579,5142,51.97835158366449,13.486854563715012,0,1,0.04155078238239573,0.025197881471326768,1,2,2,0,0
223639,5143,90.08377547052217,52.402100302922115,1,1,0.02834444180924666,0.019536354093719083,0,7,3,15,16
223656,5144,96.35499931100703,41.25407555250569,0,1,0.09795498546458617,0.06001190846240352,1,5,4,0,0
223663,5145,62.72123249940723,11.688297524294573,0,1,0.053470396130327606,0.029246948856945214,1,3,2,0,0
223690,5146,111.84564548668968,25.06492405804986,0,1,0.04754514947006091,0.030735770985222313,1,6,3,4,3
223739,5147,35.42324062394414,105.70077888372529,1,0,0.0324073056887019,0.030252894978566734,2,4,4,28,5
223749,5148,-0.6037985103123482,67.9631871120477,1,0,0.013942259442017078,0.0471633800774692,2,1,3,0,1
223761,5149,23.968308404630566,66.80932923272047,1,0,0.03253994593667527,0.05596394932682386,2,3,3,0,0
223773,5150,2.5724541534880316,84.54476194277994,1,0,0.010832773986433371,0.0793262884032219,2,1,3,0,0
223809,5151,112.18518751260103,39.76408488585136,0,1,0.0386800306726427,0.0243119761687814,1,6,4,12,8
223873,5152,94.30883009020877,56.93869726207934,1,1,0.026957146583049867,0.013895535288801995,0,8,4,27,0
223935,5153,131.3655614205481,203.3116621719261,0,1,0.03036430672305241,0.04874978117922027,1,10,19,12,28
223945,5154,25.07789053697443,52.44570163342377,1,0,0.01871675246837042,0.06278202270513866,2,3,2,0,0
223954,5155,56.82936045445122,1.901251151710337,0,1,0.026533849335813056,0.025345122546079246,1,2,1,0,0
223963,5156,3.9483760254541806,56.35268909760621,1,0,0.018950331493286274,0.030342427287564342,2,1,2,0,0
224079,5157,113.32726547346813,414.223331065249,0,1,0.08032928592320938,0.09485613944856508,1,8,32,20,12
224114,5158,126.27341754281686,25.756579693763417,0,1,0.031214925333604652,0.022317215026138565,1,7,3,6,3
224156,5159,80.48288714456783,156.56051994428273,1,1,0.06486033493969223,0.02670986114987178,0,10,16,7,0
224198,5160,162.81383603397438,7.872826256971864,0,1,0.035336246491267466,0.020180342774226746,1,10,2,14,17
224209,5161,59.062464235796156,15.554643016492477,0,1,0.02809528151767712,0.02035635498611749,1,2,2,0,0
224223,5162,92.28738259091385,10.603743753706382,0,1,0.0905294920923624,0.031081186252088527,1,5,2,0,0
224272,5163,70.285953910898,44.9157507003766,1,1,0.17563379338377863,0.022539024965657642,0,6,3,20,1
224284,5164,0.9253046779794545,68.95258821041028,1,0,0.013152476574181232,0.04261341098479374,2,1,3,0,0
224296,5165,1.0672400927134262,69.15713031043424,1,0,0.012535641264199447,0.04306599668536525,2,1,3,0,0
224325,5166,74.16340588379933,43.23415892657569,1,1,0.07853088132042219,0.025912847726508006,0,8,5,13,0
224335,5167,72.7620070176861,12.934426964703189,0,1,0.07123846823645191,0.02355514210998942,1,3,2,0,0
224342,5168,57.78413116943226,1.4953246024970994,0,1,0.034122024223947035,0.03648978645630676,1,2,1,0,0
224352,5169,68.10206292324114,33.082695971590546,0,1,0.16636556654399529,0.11902936383858367,1,3,4,0,0
224360,5170,66.07568884427828,2.494066617161817,0,1,0.034776364120642375,0.032781093361303984,1,3,1,0,0
224373,5171,66.68489992092583,18.402166213759113,0,1,0.09520954439785975,0.02762178266679667,1,2,2,0,0
224381,5172,57.92892692871024,4.89820018289015,0,1,0.031859014052242514,0.03346082711368618,1,2,1,0,0
224391,5173,55.99089950337746,16.94271691149181,0,1,0.037010859491117556,0.02525632240560389,1,2,2,0,0
224451,5174,109.89259906293428,100.12632749303458,0,1,0.019005635482218196,0.04897279913377802,-2,9,10,17,17
224459,5175,56.82178438160168,5.706163885940448,0,1,0.024531997761720627,0.030352050658474485,1,2,1,0,0
224470,5176,69.04793168611272,13.773523969960277,0,1,0.02783503440403887,0.024261238053707765,1,3,2,0,0
224483,5177,107.08430409565823,28.07384450146541,0,1,0.06966474166804554,0.032011862280435954,1,7,4,0,0
224495,5178,55.83798775030965,10.43752091647206,0,1,0.017830272123354574,0.01959436437734587,1,1,1,0,0
224525,5179,112.67372879158773,58.17686944567243,0,1,0.2313634814235407,0.024212542312859187,1,5,5,3,5
224534,5180,14.162803282516354,44.43387713519306,1,0,0.020326725402512805,0.028127247667955237,2,2,1,0,0
224545,5181,72.2149376209462,25.865447824659967,0,1,0.13384203697891522,0.0691760108842254,1,3,3,0,0
224622,5182,165.44769634533685,61.04847902987197,0,1,0.03996580463744892,0.02074730880169211,1,8,3,22,4
224641,5183,87.67939769576324,31.681418063651623,0,1,0.026434986508099858,0.02183468824088866,1,5,4,0,5
224728,5184,205.9845173895813,77.56452273382301,0,1,0.0219040992174849,0.023835535615217965,1,13,9,9,50
224746,5185,19.748176391548917,78.24087040225,1,0,0.012052730115650842,0.026487798517231164,2,3,4,0,0
224755,5186,67.57771821815359,23.81201358657079,0,1,0.1595865484992058,0.03610114970665651,1,3,3,0,0
224763,5187,66.89430792868022,2.6581426794341567,0,1,0.041700154049325686,0.029189883298206883,1,3,1,0,0
224772,5188,69.04738421262604,23.582033440610005,0,1,0.15111384766773137,0.05554568019929225,1,3,3,0,0
224781,5189,63.203083939697024,1.855074885356517,0,1,0.02354400146504326,0.02641669487736261,1,2,1,0,0
225281,5190,-2098.219073006041,8544.995338529623,0,0,0.0033009911329190357,0.08709641316370982,0,6,800,51,7
225292,5191,62.924604813876925,15.526432083486585,0,1,0.024199588848180034,0.020644755930669223,1,2,2,0,0
225313,5192,102.94622232465261,26.20390043890574,0,1,0.07854994851344947,0.023253803264077017,1,5,3,2,5
225323,5193,65.83239217923848,21.759742017765163,0,1,0.11460054595028887,0.04813550777653363,1,3,3,0,0
225336,5194,51.183269875931316,72.0998309417365,1,0,0.06895630495254094,0.20729166072057628,2,5,4,0,0
225343,5195,56.34602611301641,0.9655239209859818,0,1,0.025700800939627545,0.029852021166985317,1,2,1,0,0
225378,5196,118.09070939609097,39.80836120923048,0,1,0.02316627762070882,0.020583592526748677,1,7,4,4,0
225398,5197,99.57515582539469,33.42952469487588,0,1,0.02542382427970909,0.03692107849558103,1,6,4,0,0
225407,5198,67.21866363632934,-1.0608618390345192,0,1,0.034350812633797675,0.024492987195585562,1,3,1,0,0
225429,5199,86.08484987755881,71.12755779687353,0,1,0.10784939918869987,0.04660068350267135,1,5,7,0,0
225456,5200,124.60273222599375,40.15769720152161,0,1,0.06572103419572131,0.035833673566823356,1,8,5,8,3
225956,5201,-2127.4574440492493,9280.943747624062,0,0,0.003001408334912223,0.12358523633648454,0,14,861,12,16
226456,5202,-2016.5429420445216,8748.758738973205,0,0,0.004497973670238679,0.11398696102381056,0,12,811,27,10
226468,5203,21.442416320620758,73.6941940563116,1,0,0.02031685825054843,0.07057428992669346,2,3,4,0,0
226483,5204,16.029103846233177,81.38241498035686,1,0,0.02797714268657619,0.05287060065515655,2,2,3,0,0
226983,5205,-2049.3161602080754,8793.080016889011,0,0,0.007711490911161107,0.11400078672347028,0,8,814,24,39
227009,5206,115.5308647345069,31.414315362236056,0,1,0.050257220350781354,0.030876226142483733,1,6,3,7,1
227019,5207,57.75025031450487,14.992555056718547,0,1,0.03865891922920946,0.02842176025326761,1,2,2,0,0
227051,5208,152.87401657628985,30.189674692076238,0,1,0.05268514184960454,0.03493526331775064,1,10,4,11,1
227060,5209,57.21395353310247,6.919996870037881,0,1,0.03517390733563605,0.030912868886132594,1,2,1,0,0
227068,5210,52.6950454125835,15.80926188451496,0,1,0.045373883933628796,0.03256513468069139,1,2,2,0,0
227568,5211,-2204.412447897642,9300.930357112797,0,0,0.003918343107837378,0.11800049739953342,0,10,865,35,23
227605,5212,153.07354889446574,33.621341944706444,0,1,0.18256744797516497,0.04235435098318854,1,9,3,10,0
227620,5213,23.260904811735543,83.74293722703533,1,0,0.03743668659894631,0.16448913806482918,2,3,4,0,1
227630,5214,64.29581727782022,7.316631396403205,0,1,0.021073447002436924,0.023750002783186546,1,2,1,0,0
227640,5215,59.678514757556314,14.158198484954458,0,1,0.030830543597562633,0.02673681759898522,1,2,2,0,0
227647,5216,55.92944706784266,18.97328250749571,0,1,0.06485945444926858,0.05765247942818586,1,2,2,0,0
227670,5217,112.4409461914141,34.170552972798916,0,1,0.03601856579075229,0.033272911964293425,1,7,4,2,2
227725,5218,175.3895723948469,26.601953834446228,0,1,0.05226434141864688,0.03494285863244992,1,10,3,9,21
227765,5219,150.13992133873796,34.07028435087359,0,1,0.03306399951844203,0.028102300460060254,1,10,4,13,6
227775,5220,65.09748141646736,2.2891586816596323,0,1,0.021895616045852447,0.020889453190312907,1,2,1,0,0
227864,5221,60.494146735982056,87.4638841494692,0,1,0.01767171404773122,0.029970216466835894,-2,3,5,44,19
227875,5222,12.065564722965945,68.94626442375274,1,0,0.031607608106176716,0.06532017424729725,2,2,3,0,0
227931,5223,164.07517183007855,51.19342101074135,0,1,0.0420242090099775,0.03537647106520321,1,9,4,10,12
228431,5224,-2086.2470264417675,9178.7630545811,0,0,0.004138001787392088,0.12398835344566275,0,16,851,7,14
228463,5225,95.81779458297525,77.99077467612719,1,0,0.04132916379278458,0.03046078205253757,2,9,4,3,0
228491,5226,106.05515507406722,25.218307318850673,0,1,0.04720911798969053,0.02692153308747853,1,6,3,17,8
228511,5227,61.786897888417045,119.29166490157459,0,1,0.03427280429190881,0.1357904703493697,1,4,10,0,0
228573,5228,151.83702801045513,70.41004320185392,0,1,0.06843220079379017,0.01714714258745511,1,9,7,14,20
228608,5229,144.02163308176176,30.53362642222901,0,1,0.042881700553671846,0.028018289337766532,1,9,4,12,4
228630,5230,110.70736528220772,49.58973244194213,0,1,0.037504995784633136,0.03992810719850223,1,7,5,0,0
228689,5231,103.69252169349821,114.61665964865713,1,0,0.019739389692112305,0.09510958949997268,2,8,6,11,15
228697,5232,53.15015007682891,15.045376613462228,0,1,0.03925168793830342,0.023106380697254927,1,2,2,0,0
228744,5233,96.76221678481348,96.8504181272648,0,1,0.05480310657347744,0.021199352464612305,1,5,8,13,5
229244,5234,-2163.9024268409844,9248.257362544684,0,0,0.004704565242490366,0.1339015760948814,0,12,853,35,23
229281,5235,149.47979389486358,27.292970014599035,0,1,0.05416588708059911,0.028526376581430132,1,9,3,10,1
229329,5236,154.17081717108206,31.806327718834773,0,1,0.0607724311261989,0.026151670832735865,1,9,3,15,6
229383,5237,137.4270751667624,45.29170747584723,0,1,0.039326679902376295,0.02359039348965322,1,8,3,24,5
229395,5238,10.694229154379432,69.34728489556694,1,0,0.03152431074960291,0.04815236537031267,2,2,3,0,0
229426,5239,65.7844081717477,48.96286191347776,1,1,0.045176994301757825,0.034438144576081235,0,6,4,3,0
229438,5240,57.256874614606154,16.20710608265921,0,1,0.021235655206410006,0.01841150073952394,1,2,2,0,0
229495,5241,128.00503740392122,140.58075559717216,0,1,0.04618223906139526,0.06524963192446986,1,9,13,12,4
229504,5242,69.86368076487535,12.53427251304819,0,1,0.04685619675758531,0.02950800347321831,1,3,2,0,0
229522,5243,102.52043507388427,26.863526040878476,0,1,0.10729581039192536,0.026691413288425423,1,5,3,2,0
229567,5244,128.1680664216724,32.03855447623674,0,1,0.11700376603087886,0.040016284303070665,1,6,3,3,11
229618,5245,165.0784702947337,27.285536756863,0,1,0.04081642559759507,0.021785735719630345,1,10,3,11,31
229628,5246,62.93835173838442,5.82533181473921,0,1,0.01857888883259242,0.02012263333616831,1,2,1,0,0
229637,5247,58.33184853394965,4.272730359571785,0,1,0.03874275388140505,0.024314939503723085,1,2,1,0,0
229644,5248,56.00472240695183,12.40039650665584,0,1,0.03495557879106111,0.03440402470215826,1,2,2,0,0
229658,5249,23.503551284073886,77.28315628159996,1,0,0.026408001724542943,0.04682764431919618,2,3,4,0,0
229680,5250,104.50474128203149,61.15098721982025,1,0,0.046306869447031246,0.05659954669588132,2,10,4,0,0
229757,5251,148.3882488832222,52.9030384250763,1,0,0.04468774546040045,0.031643109684328596,-1,12,2,35,3
229766,5252,63.65258283715279,4.292947831091803,0,1,0.023345677631128287,0.021304896879864064,1,2,1,0,0
229823,5253,129.09261765400453,49.84069995339934,0,1,0.08495031446671696,0.019931538168620668,1,7,4,22,12
229925,5254,173.32662387314383,67.23150183718563,1,1,0.05309301595446586,0.02283468961559532,0,13,4,34,8
229935,5255,66.2972482990533,5.490978311995985,0,1,0.021523317039549253,0.025336456143262503,1,2,1,0,0
229958,5256,145.824818235448,12.01598878281056,0,1,0.03724488547471548,0.01749085321049903,1,10,3,2,0
230005,5257,110.75249068635637,183.31966379440246,0,1,0.028656487081001054,0.08069829789791502,1,9,18,10,22
230045,5258,51.67851998670321,170.31266199831498,1,1,0.03709844565683735,0.12190971040298634,0,7,15,7,0
230056,5259,80.41814649130684,4.268874496802244,0,1,0.03236569260776925,0.017082139745347887,1,3,1,0,0
230066,5260,20.380409781509016,65.12446564887958,1,0,0.028564004161041025,0.0684410106297069,2,3,3,0,0
230099,5261,82.92367254612265,83.88151504173153,1,0,0.060427052020962845,0.029740841886658615,2,8,4,12,0
230599,5262,-2255.108760929321,9675.9415476284,0,0,0.0040077587854912815,0.1362555229237226,0,13,896,22,23
230612,5263,14.134304305871824,71.9831743008664,1,0,0.03407859394168743,0.056885992852462104,2,2,3,0,0
230688,5264,108.64831790269773,139.16301356792906,0,1,0.016073622008134444,0.048903107831186676,-2,9,11,24,5
230788,5265,-28.0612797181448,912.0925722256827,0,1,0.0197787373996184,0.1185048610674374,1,12,82,29,15
230862,5266,60.2303083420814,417.6011934262468,0,1,0.044317024645101524,0.14224730708297004,1,8,37,14,12
230873,5267,64.90569225146689,8.378926404777689,0,1,0.0318025560848712,0.022688703740166117,1,2,1,0,0
230945,5268,123.52245488156552,82.92486653063591,0,1,0.030212382077805324,0.01853790411044669,1,6,5,36,4
230956,5269,53.96535261677076,27.97118669003043,0,1,0.04004342687593775,0.02646225586439839,1,2,3,0,0
230964,5270,57.12072963296633,16.250023211370266,0,1,0.03357116775029285,0.03206179409800842,1,2,2,0,0
230971,5271,55.73997935554424,14.499880393810592,0,1,0.03521234672385246,0.028199662662134178,1,2,2,0,0
230998,5272,120.76204309620724,45.06097698058396,0,1,0.05690070124457832,0.02549508867547441,1,7,5,3,0
231006,5273,61.27696137823233,2.182282602957251,0,1,0.0282972507593481,0.021879784831090206,1,2,1,0,0
231104,5274,113.9848945953019,174.45365166762195,0,1,0.019262380443553218,0.04268173688655039,-2,10,14,51,16
231186,5275,178.3912693550417,82.83022360986355,0,1,0.0444407786139336,0.03274141393665721,1,11,6,32,11
231201,5276,73.00361371323396,50.59703779706957,0,1,0.07440220528892329,0.035016602157009295,1,4,5,0,1
231231,5277,114.39896855586278,64.54142652998513,0,1,0.08113577216292829,0.034085200614295846,1,6,5,4,3
231239,5278,56.20355537508702,10.728506326169544,0,1,0.031823114489181126,0.026825785699780662,1,2,2,0,0
231248,5279,56.938258968584684,15.198498163809877,0,1,0.02917423729560996,0.02215007975632102,1,2,2,0,0
231256,5280,54.666904312651454,10.851078943660863,0,1,0.029783555556594277,0.027507985507692977,1,2,2,0,0
231263,5281,62.51426487052419,8.311963180392457,0,1,0.05215855329055393,0.026728043986016203,1,3,2,0,0
231271,5282,55.541287242668915,15.674701610489187,0,1,0.03217573177877403,0.031043475568355714,1,2,2,0,0
231278,5283,54.32531002143185,11.619765574618402,0,1,0.03650662206130833,0.03318698609465121,1,2,2,0,0
231284,5284,63.1074641771589,9.278039375862559,0,1,0.05347107348023581,0.043898746122421034,1,3,2,0,0
231290,5285,64.07946779015136,7.974881322554772,0,1,0.06031801128757807,0.04663036780583349,1,3,2,0,0
231296,5286,62.815796937251,8.417317411112004,0,1,0.0827088914963242,0.03576784882487676,1,3,2,0,0
231303,5287,55.205060865504265,11.464153056669568,0,1,0.03336792930562233,0.033254296128216045,1,2,2,0,0
231387,5288,195.68729591156577,53.58287089487233,0,1,0.057784472122135146,0.020579452836859163,1,12,4,31,10
231403,5289,87.63961014111271,53.4450844537871,0,1,0.11384452999972995,0.07904973723897042,1,5,5,0,0
231411,5290,62.90980922178784,9.882954867893478,0,1,0.03807938599562191,0.029993351794397813,1,3,2,0,0
231418,5291,54.41234672832657,12.604759753089557,0,1,0.04202129495759881,0.03663375052517072,1,2,2,0,0
231426,5292,53.927181805350536,14.46609456733566,0,1,0.03212039290030927,0.026500662361186297,1,2,2,0,0
231926,5293,-2192.641657897741,9169.262117520047,0,0,0.0028816504589531298,0.11633378476911534,0,9,851,26,5
231940,5294,15.624265425537608,70.99563358147267,1,0,0.022720705716558577,0.03698571814496653,2,2,3,0,0
231948,5295,56.75840294127483,10.60011257914465,0,1,0.03939702724932796,0.027271959778696193,1,2,2,0,0
232448,5296,-2142.049768092986,9048.723027872982,0,0,0.0025739524072455997,0.10918107092536689,0,10,842,28,2
232455,5297,57.50587361805364,0.13520186345979646,0,1,0.0354030126153279,0.029169444034534902,1,2,1,0,0
232480,5298,49.00002095056272,42.81556605621118,1,1,0.25261744356345306,0.02214304577287514,0,5,4,11,0
232489,5299,58.06183532126526,16.8500001948442,0,1,0.022523240875019224,0.021329849305853552,1,2,2,0,0
232516,5300,126.65769266644185,22.316923596458984,0,1,0.04797006552814352,0.032625972231391735,1,7,3,2,5
233016,5301,-2068.642167328111,9147.704756771573,0,0,0.005243721599687518,0.13758943641840804,0,17,843,39,11
233024,5302,53.51397932750132,15.923162697054938,0,1,0.03807781999535125,0.0311605068667674,1,2,2,0,0
233032,5303,54.50716064906365,12.448470982734339,0,1,0.02938750962620633,0.029755814366835463,1,2,2,0,0
233067,5304,154.358215771199,14.247071294049542,0,1,0.03736514720568984,0.028190421338888282,1,9,2,4,2
233074,5305,54.54479769336371,13.273459701717648,0,1,0.035583268221701506,0.03012017486058802,1,2,2,0,0
233102,5306,105.6507578227556,41.68082886861109,0,1,0.03389415649672307,0.036303365347540015,1,6,4,2,3
233110,5307,57.77116616734618,12.940549770443791,0,1,0.02782242478803052,0.025174191153202043,1,2,2,0,0
233118,5308,60.042562212010566,2.798418172045775,0,1,0.029336033954875152,0.027843096527213188,1,2,1,0,0
233126,5309,59.022425663663256,4.6830400820822895,0,1,0.026578587111501132,0.032164166267465315,1,2,1,0,0
233135,5310,55.58516978919006,11.971783914898495,0,1,0.03730259187720311,0.025249909360212805,1,2,2,0,0
233180,5311,115.86179938078587,69.89846856389352,0,1,0.01929247620492079,0.014028979044120702,1,7,5,18,0
233197,5312,99.38910247400611,35.784178280241086,0,1,0.0645306696089803,0.04572101056436064,1,6,4,0,0
233218,5313,93.3885950127613,37.5025764456518,0,1,0.038895340733644826,0.04897717760748814,1,5,4,0,0
233226,5314,55.699604702285406,12.75181954494505,0,1,0.036744329717095375,0.031652291586265036,1,2,2,0,0
233240,5315,4.681301601864259,62.641987560963884,1,0,0.010750833468063301,0.03847105247858049,2,1,2,0,0
233251,5316,57.87214812606906,12.74311010193987,0,1,0.022745535554706223,0.021487584365337577,1,2,2,0,0
233311,5317,104.94805034224399,42.55025670338655,1,1,0.024524681160815704,0.022853910803447418,0,8,3,9,5
233396,5318,179.3482941782018,48.929175494184655,0,1,0.014830322245018564,0.02603920408929443,1,11,5,32,31
233455,5319,101.76073751518595,333.28100645633316,0,1,0.047384832749662945,0.14710761459131166,1,9,27,16,21
233544,5320,115.19932351736061,83.54005631652352,0,1,0.016797639598051646,0.029743050829821826,-2,8,6,35,19
233605,5321,111.6167855304028,49.14742277771391,0,1,0.028209737388853476,0.03875008561591566,-2,8,5,22,34
233664,5322,88.40621938424202,64.67071547062633,1,0,0.02789127711580919,0.02440430544326389,-1,7,3,22,3
233695,5323,95.95174953429702,36.54932306131313,0,1,0.04117971202126621,0.016277311478403753,1,4,2,7,1
233751,5324,180.5761676962867,24.97804401682745,0,1,0.04036675148946944,0.028173230495703583,1,11,3,20,23
233828,5325,87.08423448289199,72.44372798459847,1,1,0.048756719303921406,0.03663940994971816,0,7,4,40,0
233861,5326,56.42036284059857,63.46654452030864,1,0,0.06390718405397158,0.035656792933654036,-1,6,4,16,5
233879,5327,26.498574814214397,68.77042436174564,1,0,0.016588064299614715,0.03956013076489098,2,3,3,0,0
234379,5328,-2187.364066500092,9506.95946828146,0,0,0.003942973105772054,0.13043784586883658,0,15,883,9,33
234405,5329,60.94898947243038,35.749788370992306,1,1,0.060219517066794195,0.035923958218630155,0,6,3,8,1
234425,5330,62.36956778957064,160.43027334872605,0,1,0.12331408547388142,0.2038761328412547,1,4,13,0,0
234496,5331,138.60267550168328,33.13813669505126,1,1,0.07543837641255284,0.013966841784016025,0,11,2,31,0
234552,5332,81.67735256516247,53.83854659967459,1,1,0.03516925393578046,0.020120859782010638,0,7,3,30,0
234582,5333,91.07440886961507,67.05647514571152,0,1,0.10879595840726893,0.027438629761846058,1,5,7,12,7
234594,5334,71.48950776817836,33.12227191858275,0,1,0.030012552519507924,0.03409612901058095,1,4,4,0,0
234668,5335,-10.608583685680397,657.7036148134694,1,1,0.06666936445443303,0.16142069649187207,0,12,56,43,12
234674,5336,54.95493533807052,13.40446685507513,0,1,0.0660282815478578,0.04724360416868726,1,2,2,0,0
234682,5337,77.80778467498192,9.94145850425392,0,1,0.058397790924840424,0.0382176227232619,1,4,2,0,0
234742,5338,113.6329375366088,76.30695385827971,1,1,0.014100733199671717,0.03439868062399434,0,10,8,14,24
234750,5339,57.52556907387148,10.924167666350002,0,1,0.0311355190998347,0.028262979202597023,1,2,2,0,0
234761,5340,11.24830950452172,77.9565720559486,1,0,0.029647072324468525,0.056552975096249354,2,2,4,0,0
234768,5341,55.37891151382988,12.468285084959057,0,1,0.043134106237957485,0.035508268769168856,1,2,2,0,0
234776,5342,58.12708589913104,16.068101949590755,0,1,0.03186573089798241,0.022411147477397874,1,2,2,0,0
234786,5343,21.620935491947723,63.08698267114596,1,0,0.02977753471981599,0.07352660326300714,2,3,3,0,0
234792,5344,62.81752564307075,8.917171644801071,0,1,0.05530718270227026,0.04176956368469503,1,3,2,0,0
234802,5345,75.77108321720688,19.642420654930337,0,1,0.08181339143633018,0.06317221591020958,1,4,3,0,0
234819,5346,87.478837082159,29.12500113362667,0,1,0.06478407125108376,0.03857695482960562,1,4,3,2,0
234829,5347,56.50712773927788,14.744896112172075,0,1,0.02669686041907144,0.021115114800255994,1,2,2,0,0
234839,5348,58.023756311895035,16.627672034766142,0,1,0.03637773766072035,0.027005495324380673,1,2,2,0,0
234871,5349,150.8362478908078,24.330124983340937,0,1,0.036083916104319894,0.021321169879329756,1,10,4,3,6
234880,5350,69.7444333191954,7.932700279970081,0,1,0.046839615332583344,0.02642663320037181,1,3,2,0,0
234931,5351,120.50882475819157,104.88117830005115,1,0,0.024235676754464752,0.04989684320949348,2,11,7,12,25
234998,5352,191.6315548580166,30.785222237097607,0,1,0.016290250098131637,0.05031228744155253,1,12,4,19,26
235498,5353,-2126.3343095945547,8877.21587819373,0,0,0.0010811340779826684,0.1102347310582161,0,7,824,11,3
235547,5354,151.34258428426241,55.44567201189564,0,1,0.06815567184372665,0.02630736606737643,1,9,5,12,0
235559,5355,77.09666207991398,7.5599685327184964,0,1,0.04635325831590121,0.02268325820469827,1,4,2,0,0
235565,5356,72.27000606553148,3.9693587517230036,0,1,0.14323784445843712,0.02826571004192006,1,4,2,0,0
235573,5357,65.50434630250135,11.644670197584164,0,1,0.14796764665233347,0.029156622501117453,1,3,2,0,0
235581,5358,67.77887411249009,15.298625098855375,0,1,0.2243251685903105,0.053179673805641633,1,3,2,0,0
236081,5359,-1939.5120689328182,8542.969891082992,0,0,0.004357600215828324,0.10246016452576098,0,15,798,8,43
236088,5360,64.17345365740485,10.610147847971817,0,1,0.16596262298345568,0.028915064067936615,1,3,2,0,0
236095,5361,62.81734553327969,9.199122478073896,0,1,0.08092578209418685,0.036142873065526916,1,3,2,0,0
236102,5362,65.15642596928222,11.282708155456955,0,1,0.06529507879640792,0.04544040197958631,1,3,2,0,0
236109,5363,62.59318842926029,11.278022798981656,0,1,0.12508648026226096,0.027816842495457628,1,3,2,0,0
236116,5364,63.20190385372351,10.728385553358802,0,1,0.15693580896996026,0.033307965721752805,1,3,2,0,0
236123,5365,65.21310720348725,10.411449189815809,0,1,0.1284565926772425,0.047085707028995956,1,3,2,0,0
236129,5366,64.39585030806232,10.897175100816991,0,1,0.21425031516992918,0.0292110719859201,1,3,2,0,0
236137,5367,64.90206529027097,10.23394964464428,0,1,0.1066521379936052,0.03959991463255841,1,3,2,0,0
236144,5368,63.9244056835967,12.347258371438432,0,1,0.17660744963585384,0.03384432239524699,1,3,2,0,0
236154,5369,24.804724312148032,51.676081159792574,1,0,0.025726873340730816,0.09376271811234346,2,3,2,0,0
236256,5370,-220.53031771853688,1363.0503516913861,1,1,0.04580232334462869,0.14326768858520272,0,10,123,39,9
236271,5371,21.025237986700954,62.833693817404296,1,0,0.01784580072033646,0.03887611590170462,2,3,3,0,5
236280,5372,65.72641693267971,11.85010118441438,0,1,0.0836256690607375,0.028526904352815345,1,3,2,0,0
236296,5373,20.465770727627028,62.536539761021736,1,0,0.026606676352418514,0.08212888400423458,2,2,2,0,0
236303,5374,67.51580843896039,-0.13367275491225783,0,1,0.04177578437396155,0.023858612294384577,1,3,1,0,0
236310,5375,64.39554348062059,11.606535297642218,0,1,0.10903375314848017,0.056799915916944985,1,3,2,0,0
236317,5376,63.966976098840746,13.65986805148228,0,1,0.1640556524275972,0.04362983964949008,1,3,2,0,0
236323,5377,63.09899465250303,7.720989925102691,0,1,0.1621879340445826,0.03350975263347127,1,3,2,0,0
236330,5378,53.26948470962037,12.186490029555195,0,1,0.07949802546259861,0.04228198653533268,1,2,2,0,0
236336,5379,63.35438467594748,7.1135374987994915,0,1,0.13895164477358982,0.03865665033953577,1,3,2,0,0
236345,5380,9.24503115691914,64.30425448491876,1,0,0.027298766087648463,0.06118142555185827,2,2,3,0,1
236414,5381,126.78656546577203,188.70920610309452,0,1,0.01408797056679958,0.0574286588741057,1,9,17,15,22
236422,5382,67.1265885844499,14.749708310171737,0,1,0.14733196454336003,0.053112164488420474,1,3,2,0,0
236428,5383,63.97166047281647,8.930459489911618,0,1,0.1733747852142511,0.03861697489711213,1,3,2,0,0
236435,5384,65.0114133462395,11.627752760384134,0,1,0.12082834171631177,0.05035852114034562,1,3,2,0,0
236442,5385,67.04883359956435,10.898638444318015,0,1,0.0951333949106216,0.06711136631637626,1,3,2,0,0
236451,5386,13.819403100547346,52.711456029159685,1,0,0.017302382372815957,0.05089531540739804,2,2,2,0,1
236462,5387,78.28864288246425,31.533659120097976,0,1,0.13379648823934798,0.04098289593682381,1,4,4,0,0
236469,5388,57.21136952972084,2.5714914097897275,0,1,0.13076241462792243,0.02219440340210375,1,2,1,0,0
236491,5389,118.1821857903222,22.28971755531252,0,1,0.03985701009100618,0.05953413572813992,1,7,3,0,0
236499,5390,65.16004427457091,13.52547618370528,0,1,0.16395077636249625,0.038574175954670616,1,3,2,0,0
236507,5391,65.16396869685286,13.77088303756603,0,1,0.12448741563408398,0.036462408924845605,1,3,2,0,0
236515,5392,64.70081436016397,12.767145863242208,0,1,0.09818322265961671,0.042401034173900565,1,3,2,0,0
236523,5393,58.12813969828946,15.765801951729115,0,1,0.06663244672104555,0.05423439509805838,1,2,2,0,0
236533,5394,62.134630917279196,14.146865306122859,0,1,0.03744292049849414,0.03495846554880756,1,2,2,0,0
236539,5395,64.2406890127317,9.478150534444595,0,1,0.19520688433244163,0.03464338638426739,1,3,2,0,0
236550,5396,22.28515452838584,74.41846790427178,1,0,0.03818097454270703,0.046144372134541194,2,3,4,0,0
236644,5397,102.29441494709921,128.54278168293183,1,0,0.07682943830137105,0.033483496800829855,-1,8,8,27,20
236667,5398,79.06056761512326,29.98232825878739,0,1,0.02645782729093903,0.02886596393341999,1,4,3,11,5
236690,5399,57.625723409849364,36.78229262268514,1,1,0.16022702587521997,0.033170552669655594,0,6,4,8,0
236698,5400,65.89045256840566,10.827419631770445,0,1,0.24554926976589608,0.04965201526911051,1,3,2,0,0
236704,5401,64.46748673417925,11.290309509836906,0,1,0.20910766440928355,0.04096402127518125,1,3,2,0,0
236711,5402,65.77720124697606,0.9457524059601354,0,1,0.06427394986734895,0.023924112622499088,1,3,1,0,0
236717,5403,66.25344263705495,-3.152852856478347,0,1,0.15684672147172143,0.026649250324727775,1,3,1,0,0
236724,5404,63.07385592661846,7.207178747596448,0,1,0.07031011881959016,0.026907053122880435,1,3,2,0,0
236732,5405,66.17496199103843,13.186853244142068,0,1,0.12193090813558331,0.03312003627850671,1,3,2,0,0
236740,5406,65.3558545343387,12.008200922422901,0,1,0.1579642813901929,0.027419121327970745,1,3,2,0,0
236747,5407,62.59195662475588,8.64457725726073,0,1,0.049700649944639595,0.02726530034689512,1,3,2,0,0
237247,5408,-2213.8117202963704,9171.505867817055,0,0,0.002062749880821793,0.11971182858759885,0,8,851,37,25
237255,5409,67.41049889586535,15.15805191319983,0,1,0.10284747882941961,0.05973176643115505,1,3,2,0,0
237277,5410,30.403139267100663,79.7551721660454,1,0,0.009411821212629774,0.03804279886234355,2,3,4,0,5
237284,5411,66.45661013906113,10.485165430720752,0,1,0.11543042316765235,0.043803236103690225,1,3,2,0,0
237291,5412,63.44052334994312,11.630632824355672,0,1,0.1425799575202717,0.03230409959619441,1,3,2,0,0
237299,5413,64.0827289124411,13.212616691713677,0,1,0.09052576693523413,0.03205875767576598,1,3,2,0,0
237310,5414,59.808979190792954,17.65976976389786,0,1,0.028271546670018577,0.027822548010371293,1,2,2,2,0
237317,5415,64.1382296790267,8.757851137076749,0,1,0.09528271543985727,0.03345109010183077,1,3,2,0,0
237326,5416,65.40643279139523,14.687480055161142,0,1,0.05123541807814713,0.04167208984557063,1,3,2,0,0
237351,5417,92.80862744907745,28.443578983053733,0,1,0.032625785750803916,0.023127644546431982,1,5,3,12,3
237360,5418,65.15392586118054,14.847728657092464,0,1,0.0730083227039921,0.027516774814780372,1,3,2,0,0
237367,5419,57.54331482715765,0.2737906673197301,0,1,0.133069371859636,0.014175491162165597,1,2,1,0,0
237386,5420,87.77813409898525,84.59229620318362,0,1,0.0966484255564955,0.0808112754699512,1,6,8,2,3
237394,5421,57.61491421381474,15.53453057035056,0,1,0.048703465944389186,0.04143706438830893,1,2,2,0,0
237402,5422,77.11887268187976,10.398230651565786,0,1,0.10851908697994544,0.04410243904645085,1,4,2,0,0
237409,5423,63.19425667529141,10.015624899010138,0,1,0.10577463312479832,0.02856345443751507,1,3,2,0,0
237416,5424,76.79313214238354,6.681661277623075,0,1,0.12517740318289525,0.02814575600331762,1,4,2,0,0
237423,5425,63.398681322069976,11.13883205018592,0,1,0.11973907858828114,0.03691394573366747,1,3,2,0,0
237429,5426,62.499173259639434,8.708107903807733,0,1,0.14763487532978065,0.033911975294927434,1,3,2,0,0
237438,5427,12.818125491854843,64.46166728347667,1,0,0.023938966445929067,0.06324133867385985,2,2,3,0,1
237444,5428,63.4929245226331,7.648372404087407,0,1,0.07141633338243113,0.04246102891412542,1,3,2,0,0
237450,5429,64.01428925663242,10.097298480855986,0,1,0.07141245356713972,0.05142946072054303,1,3,2,0,0
237474,5430,81.86493160815581,21.519257351133646,0,1,0.03713600511717669,0.02168119708732581,1,3,2,0,0
237481,5431,63.95208084410689,11.186290035260583,0,1,0.09883314562330814,0.05887963595915841,1,3,2,0,0
237493,5432,77.06885230952939,58.279274931300975,0,1,0.07215992939444178,0.09771533484057653,1,5,6,0,0
237518,5433,101.65319560559395,45.91036776908871,0,1,0.0903477346440529,0.025384716462800428,1,6,5,0,8
237525,5434,75.0737334734049,10.018114546880852,0,1,0.0876864936816036,0.040761028881203525,1,4,2,0,0
237537,5435,80.85927683181532,59.6335978665458,0,1,0.1606479612942495,0.0882798614210129,1,5,6,1,0
237545,5436,78.28941076473102,11.356934784088512,0,1,0.053399628748380536,0.03019456911644126,1,4,2,0,0
237553,5437,76.88608995739288,7.351499377667974,0,1,0.06915399266366862,0.0353962166768277,1,4,2,0,0
237560,5438,63.78042422471029,13.000551313850098,0,1,0.14653289812179757,0.03845484994405982,1,3,2,0,0
237567,5439,76.07382321720613,10.29345163557505,0,1,0.09100462961301865,0.046931551661246615,1,4,2,0,0
237574,5440,64.80938426614583,11.455344520103395,0,1,0.13356567494778054,0.05403375776007809,1,3,2,0,0
237581,5441,65.96575447372517,9.705009860106124,0,1,0.14540849768154565,0.051937905786097874,1,3,2,0,0
237588,5442,63.793419384909384,7.744831549836654,0,1,0.13311902951149485,0.03101090961464905,1,3,2,0,0
237595,5443,63.3711722192166,9.312227408905512,0,1,0.18030167244440037,0.038251438848899665,1,3,2,0,0
237602,5444,63.29994742236639,11.663398315511113,0,1,0.14568117243085774,0.03945251260711396,1,3,2,0,0
237616,5445,18.262779939391056,74.74569113976426,1,0,0.017404566897894463,0.03928701378631851,2,3,4,0,1
237624,5446,77.90022480408078,10.115606048095781,0,1,0.09914280882145936,0.029622385176759518,1,4,2,0,0
237632,5447,77.44559444759176,9.472657439432595,0,1,0.1055562855339573,0.03239715733572821,1,4,2,0,0
237640,5448,66.05449369849421,15.226805191860553,0,1,0.11846858739643078,0.043034930994807666,1,3,2,0,0
237666,5449,102.39264726570096,48.120288598545685,0,1,0.028813572924676886,0.026567027412756967,1,6,5,0,0
237681,5450,11.170181050524569,108.52242977968663,1,0,0.014859200603163885,0.04603144093733033,2,3,7,0,0
238181,5451,-2011.1369731754712,8890.306976828486,0,0,0.003993010335258094,0.11893299808011859,0,16,825,14,23
238209,5452,142.85320421133227,32.43130006632039,0,1,0.08182087148596165,0.032000025315896165,1,8,4,0,1
238232,5453,103.48715182977955,34.225461380747824,0,1,0.03273003940500883,0.02885950155289311,1,6,4,0,0
238242,5454,0.1454074930137299,78.2282143156759,1,0,0.01997405616628541,0.04681193272122249,2,1,4,0,0
238257,5455,13.53116667318966,67.73534409687088,1,0,0.019063312186054882,0.0355704857218767,2,2,3,0,0
238279,5456,100.39278918722522,13.922311118081218,0,1,0.11603057629553305,0.025013713303145432,1,5,2,6,2
238312,5457,137.9318110468281,25.47047041901684,0,1,0.04032787814102908,0.02333039849319639,1,8,3,9,2
238322,5458,-5.102346654730354,76.91472622092257,1,0,0.01540799915618662,0.06875975977622807,2,1,4,0,2
238359,5459,49.63928823324404,46.071903421653246,1,0,0.024795209709786232,0.017467826787655964,-1,5,3,18,0
238376,5460,14.690940603816816,78.57564781194813,1,0,0.020333486713872535,0.05329652140557044,2,2,4,2,3
238391,5461,32.72787174563691,82.34203394020447,1,0,0.01731157121104109,0.03895638562445826,2,4,5,0,1
238401,5462,10.296322299742231,64.23542203370783,1,0,0.02774923478524527,0.05688502687877282,2,2,3,0,3
238451,5463,69.90900348486204,75.48080130622098,1,0,0.05906136300134805,0.035801682309474475,2,7,3,29,14
238498,5464,123.7121244423464,61.57962318553472,0,1,0.03476870255110269,0.031649427722280514,1,7,3,26,1
238570,5465,108.961095664305,162.2653551243427,0,1,0.079623865811208,0.03218716650996129,1,6,12,31,18
238591,5466,97.7574935760209,45.98489165059278,0,1,0.3118745493412278,0.019453557449105374,1,5,5,7,0
238612,5467,92.26320813165292,59.07954569697515,0,1,0.06308335889645342,0.022378383613965862,1,5,6,0,1
239112,5468,-2167.892465940203,9074.7753717931,0,0,0.002639076023093013,0.11574070259510702,0,7,841,19,12
239125,5469,9.930507536919794,79.65059602798513,1,0,0.02286513658681649,0.04467163865550671,2,2,4,1,0
239140,5470,76.26968202690182,37.484715402377205,0,1,0.047911519837398615,0.030147051614771506,1,4,4,0,1
239174,5471,84.30071851610673,43.44054396166187,0,1,0.047801620152298926,0.03532534594236806,1,4,4,11,0
239190,5472,83.01710006072716,16.169170322319818,0,1,0.04433095102327016,0.015970418249710638,1,4,2,0,0
239208,5473,71.1555676442805,73.27015081588787,0,1,0.03758709404441597,0.1060498277216059,1,4,6,0,0
239232,5474,61.790407762035336,92.27312196427758,1,0,0.09407055335384186,0.07205362698145035,2,6,5,0,4
239732,5475,-2416.982279174525,9766.249395808843,0,0,0.0028621066899614947,0.13004276176644783,0,6,905,51,11
239742,5476,1.813860630256972,71.64053517777744,1,0,0.01551340595872069,0.047348381398985014,2,1,3,0,0
239757,5477,73.88548484264768,23.80212954557016,0,1,0.08355841558823045,0.032143755961357455,1,3,3,0,0
239772,5478,22.697792878194623,85.08070407187647,1,0,0.02540378522262822,0.0612572850627919,2,3,5,0,2
239811,5479,125.65918246303897,132.49236568544623,0,1,0.039212047795162214,0.049885703317252915,1,9,13,2,5
239834,5480,89.48536091473267,59.57426927411139,0,1,0.028981863387068728,0.0458238912038925,1,5,6,1,4
239845,5481,45.001755894335446,50.5445142757419,0,1,0.06578918113688934,0.037691420050694015,1,2,5,0,0
239859,5482,16.210965713033602,95.76145836138096,1,0,0.021910139855762845,0.04996640602078366,2,3,6,0,0
239868,5483,66.74610358570607,16.646891082708525,0,1,0.17695382745260085,0.01617673825602867,1,3,3,0,0
239882,5484,64.66347005836924,63.62377289234302,0,1,0.08184325265741377,0.037952746342151476,1,4,7,3,0
239895,5485,-1.663470713822651,91.47546545495842,1,0,0.011596633286006252,0.06665366778728415,2,1,5,0,1
239910,5486,64.14549324815559,75.20305698715313,0,1,0.05701418103598024,0.07953863411253229,1,4,7,2,0
239924,5487,66.32317054414635,51.429883873611985,0,1,0.050835924024856274,0.017693802989995688,1,4,6,0,0
239943,5488,71.02471975832088,40.088699515589965,1,1,0.057220334959107916,0.07092643592557345,0,7,6,0,9
239968,5489,82.85663774184619,64.89090530063153,0,1,0.03100647843101729,0.03261441056073833,1,4,6,0,3
239988,5490,48.27428779490569,114.3435604331747,0,1,0.043111735566548404,0.12608609907866855,1,3,10,9,0
240004,5491,1.496713528440491,112.73837117701687,1,0,0.014720689424956088,0.10066382933968687,2,2,7,0,0
240021,5492,39.81781030294803,90.07107120025593,1,0,0.01969351833158578,0.03725618165242022,2,5,6,0,1
240039,5493,88.91120527885565,29.974002024064987,0,1,0.05731289724145329,0.025977016709016674,1,5,4,0,4
240065,5494,77.37440657957289,89.19177340243061,0,1,0.11474916613466399,0.10686675254922175,1,4,8,0,0
240078,5495,-5.07764697964387,88.49168546759529,1,0,0.010827472137886188,0.03957856683853732,2,1,5,0,2
240093,5496,41.61923535515723,112.82801825642515,0,1,0.059760422119235865,0.055382895858042604,1,3,11,3,0
240103,5497,63.21949285312344,0.010992404153117974,0,1,0.04105248023919364,0.011411501475993636,1,2,1,0,0
240114,5498,59.58149602641279,2.964810215493044,0,1,0.0624201548126684,0.013999874730917645,1,2,1,0,0
240128,5499,97.47498375932054,24.455156332414813,0,1,0.11440507468609985,0.017685062896230886,1,5,3,0,0
240140,5500,9.34185160892661,76.39558667468984,1,0,0.01914701902358498,0.05385712924161018,2,2,4,1,2
240163,5501,64.995105279485,119.70549538359694,0,1,0.029472803859752914,0.07152945432100187,1,5,12,1,4
240183,5502,97.18994232314222,43.70647084875518,0,1,0.09798290924953915,0.0272118777431128,1,5,5,0,0
240207,5503,87.4238318234568,42.79703164592257,0,1,0.07336286845264539,0.02470829893250465,1,4,4,3,0
240222,5504,69.91344819544871,22.265805132727493,0,1,0.06548068786514218,0.01684514376586348,1,3,3,4,0
240254,5505,34.46113462940346,70.52550515189105,0,1,0.02828131332953918,0.029886253734883815,-2,3,6,10,1
240754,5506,-2270.331193177256,9417.989004644462,0,0,0.0040167707886241254,0.11772354270313475,0,11,877,31,21
240772,5507,92.66220784536642,41.02660789662666,0,1,0.07551013371582857,0.03337764726972389,1,5,4,0,2
240790,5508,69.32901978419073,55.938706767115505,0,1,0.054296229101973306,0.07716367109157778,1,3,5,0,3
240803,5509,41.00451782994002,68.12735748408464,1,0,0.021994083025391544,0.14854733734528278,2,5,4,0,7
241303,5510,-2004.5478699492423,8724.04851816358,0,0,0.008190118372625645,0.1262709650271151,0,13,805,58,35
241319,5511,83.00618159966324,59.47579503987553,0,1,0.05721821962122439,0.036930253193525206,1,5,6,0,1
241354,5512,109.93914286188912,64.7903406835533,0,1,0.15764947250134126,0.04203610815906495,1,6,6,8,0
241369,5513,81.79896440671695,18.542761122963782,0,1,0.03663498681528052,0.017934991711417405,1,4,2,0,0
241869,5514,-1990.0840818328595,8543.951884623233,0,0,0.0034720750293731548,0.10938559290713264,0,11,794,18,27
241916,5515,48.18996355560846,288.27995524987887,0,1,0.11491302748697059,0.05175431953920734,1,5,26,9,5
241946,5516,65.32027924894092,91.61763184051253,1,0,0.10983470171299889,0.11206444082750618,2,6,5,0,2
241958,5517,1.4457197705481786,86.06136844975816,1,0,0.01312327903667085,0.05202052391155243,2,1,4,0,0
242020,5518,132.9974299442398,225.60313490939544,1,1,0.025475043301850426,0.06347167671461576,0,15,23,6,21
242032,5519,78.3996884989326,40.248397628867416,0,1,0.13721061255977432,0.06048127285491867,1,4,4,0,0
242042,5520,69.31437432559571,23.64912306501447,0,1,0.1395022790814076,0.05140691343501397,1,3,3,0,0
242054,5521,68.60943381113756,26.744307792808133,0,1,0.06181819627000737,0.048480530308144996,1,3,3,0,0
242071,5522,25.71665044477892,77.95162471325587,1,0,0.016115497700743053,0.10208784385654059,2,3,4,0,0
242083,5523,63.60964539390834,22.386741006469713,0,1,0.04649963347272145,0.029864505180012255,1,3,3,0,0
242116,5524,63.91367812061439,40.36338627120794,1,1,0.04491085496246994,0.018298931139631762,0,6,4,8,6
242132,5525,34.41736948566833,121.009885229723,0,1,0.04407335110389365,0.15952055494833753,1,2,10,5,0
242151,5526,54.57600388844568,139.20356572354086,0,1,0.11455120303175326,0.1863801328306029,1,3,11,2,0
242188,5527,90.46621226047472,56.126667240096346,0,1,0.03469873120549158,0.018730911346537694,1,4,4,11,1
242207,5528,108.77672609399505,70.15341871995243,0,1,0.09230531600765653,0.045186696782377224,1,7,8,0,3
242271,5529,119.1946609108445,79.73968934858081,1,1,0.032952035487734344,0.026094620953530302,0,11,7,25,5
242305,5530,124.06349262326384,49.31392835722267,0,1,0.01995170295412013,0.023327738377021914,1,8,5,6,2
242323,5531,57.579427080083676,93.39610451690683,0,1,0.05288107789347697,0.03947188975874978,1,3,9,0,0
242381,5532,97.29177888510739,92.60196669190282,0,1,0.10009591867088855,0.029462856927924455,1,4,6,14,2
242394,5533,82.57974378137524,21.43687745619376,0,1,0.13664504693397278,0.02599701044286728,1,4,3,0,0
242428,5534,110.1197970859852,39.38092376438779,0,1,0.03771395198959876,0.033054455186044725,1,6,3,11,1
242440,5535,72.93737177244859,29.04634648516444,0,1,0.16980344009266404,0.06339153085755882,1,3,3,0,0
242455,5536,66.1187190220495,55.28715117502017,0,1,0.10787185718044796,0.02242610280903841,1,4,6,0,0
242463,5537,63.13198851540042,14.266925510090655,0,1,0.02234662857697834,0.017359137751685242,1,2,2,0,0
242473,5538,22.256785787685438,72.48854172169803,1,0,0.025027293397583184,0.05842507179390355,2,3,4,0,0
242483,5539,14.056543330988358,82.5679835623468,1,0,0.02566020112938213,0.053375210139078234,2,3,5,0,1
242497,5540,83.10581256778033,34.23584458210067,0,1,0.047545534914040614,0.020627349799395824,1,5,4,0,1
242528,5541,51.45946309097147,56.60296991800395,1,1,0.23239923325339742,0.049958392498037664,0,5,5,12,4
242536,5542,12.935212605990248,59.26304464385514,1,0,0.032983683811991474,0.040086877648660035,2,2,2,0,0
242549,5543,-4.240755231888635,46.65454985402293,1,1,0.01794435695984459,0.028484044252537068,0,1,5,0,0
242575,5544,129.0812286924768,27.036552101971196,0,1,0.18400902693355825,0.027549637135493524,1,7,4,0,8
242589,5545,16.679023198819515,56.295542331841645,1,0,0.01401456403935344,0.05671558266178417,2,2,2,0,2
242601,5546,10.710419517266438,63.90846971892422,1,0,0.013186180587581637,0.06632831342886583,2,2,3,0,4
242613,5547,19.78162362483634,61.154931389417044,1,0,0.017403658679143525,0.05921617329972314,2,3,3,0,3
242623,5548,22.627997779059605,67.24929623046579,1,0,0.0632769243803661,0.07363059148708338,2,3,3,0,0
242644,5549,90.19053660123461,32.915351292690524,0,1,0.0267071598277304,0.025660163659788366,1,5,4,0,3
242662,5550,80.06658164072486,24.983119342128752,0,1,0.04361564401193635,0.013028518659220533,1,4,3,0,0
242679,5551,18.964638932187405,86.69413243466559,1,0,0.024429373373887155,0.03957105719115952,2,3,5,1,3
242694,5552,11.60688119743412,79.09939325110506,1,0,0.012131092230133278,0.030815236640457034,2,2,4,0,0
242708,5553,9.700456430563516,77.66037888215672,1,0,0.01858321737059016,0.035887566454541976,2,2,4,0,3
242732,5554,85.49872506132935,38.00444167965819,0,1,0.036810621806626954,0.012037816395014755,1,4,4,0,0
242758,5555,136.52258888359762,24.617181899623038,0,1,0.04499944137838429,0.0268789217826738,1,9,4,7,3
242776,5556,33.71866940535956,82.5408927281638,1,0,0.01736089715766377,0.02965621863026395,2,4,5,0,4
242828,5557,128.34613205649106,61.448028684442725,0,1,0.11021762968466617,0.03011512600645313,1,6,7,9,33
242839,5558,58.35048229782416,6.6040698312570445,0,1,0.03856483259208871,0.012615410058303654,1,2,1,0,0
242852,5559,63.36702495748321,68.01103350526321,0,1,0.08634945605650382,0.020410778123801467,1,4,7,3,0
242863,5560,58.41412364969863,0.004563564561642863,0,1,0.03653469333019072,0.00602665733350824,1,2,1,0,0
242946,5561,184.32148313065753,75.66299192688598,0,1,0.04348446302244851,0.018065491440944683,1,11,5,32,2
242994,5562,114.52853230315998,49.655406143823924,0,1,0.0208798456039931,0.05267375079076755,-2,9,6,13,20
243022,5563,113.16211834138608,26.102884505752186,0,1,0.04870346936788689,0.018401854125236268,1,6,3,1,0
243044,5564,106.24756533087786,25.257380805182525,0,1,0.07475474066017712,0.03083771498751564,1,6,3,7,2
243073,5565,110.02677140591524,44.363765969405875,0,1,0.031845301510683884,0.021567226808066428,1,7,5,6,6
243086,5566,31.88486369732826,66.7084560288311,1,0,0.0244429220701526,0.21019593017309493,2,4,3,0,4
243105,5567,89.34437827044357,38.62213594165602,0,1,0.041244673346862236,0.034901074100338075,1,5,4,1,0
243125,5568,100.7350503542352,52.68333337571286,0,1,0.06889696635108071,0.039044646762883335,1,6,6,1,4
243625,5569,-1937.7411050291591,8512.655253987756,0,0,0.004609725105036857,0.1133911612304157,0,13,789,38,45
243645,5570,66.3790910271083,87.9956449716322,1,0,0.12456396984736755,0.14700738439902286,2,6,5,0,0
243667,5571,85.16877144756106,25.98477523463243,0,1,0.03420576061164974,0.02076249062270943,1,4,3,0,5
243707,5572,110.42727677472999,64.15699163866209,0,1,0.02020401781222258,0.04576437161916329,1,6,6,1,17
243716,5573,69.27255567520692,18.353349107225494,0,1,0.29647302654397,0.023164608378995373,1,3,3,0,0
243761,5574,120.88213346646293,104.29169352353414,0,1,0.08776536082931743,0.02840612555382717,1,7,9,14,0
243796,5575,61.09121740939945,56.00730599366522,1,0,0.03997385184780722,0.03088615734927848,-1,6,4,11,0
243812,5576,24.310118511901045,76.57124132533161,1,0,0.021814628816551034,0.03669409082781714,2,3,4,0,0
243830,5577,81.37867055122727,58.09449173598165,0,1,0.05993700494558764,0.0374218985952506,1,5,6,1,0
244330,5578,-2175.7553625420946,8988.942147149359,0,0,0.0029052995614708135,0.11778476549162867,0,9,832,29,4
244387,5579,113.76732905378634,98.91824765275462,0,1,0.05262570208370327,0.025641758713878218,1,6,6,24,4
244409,5580,103.03905404377278,23.008118549444337,0,1,0.013350620079061192,0.021147754256561593,1,6,3,0,0
244428,5581,78.01609791264127,78.93365977230539,0,1,0.05452847545371896,0.02531887201713562,1,5,8,0,2
244441,5582,70.59120245276907,46.305113331256536,0,1,0.07551005295322186,0.03266484444568042,1,4,5,0,1
244941,5583,-2113.0562415571862,8890.529187656406,0,0,0.002415889416681144,0.11811730475124367,0,10,823,29,10
244950,5584,5.493318542836473,86.26880854779691,1,0,0.02558727798406195,0.0639521400097422,2,2,5,0,1
244962,5585,71.97068292215246,30.756635683493755,0,1,0.10439088796956118,0.02732021095556747,1,4,4,1,0
244970,5586,6.680331576818151,70.97064503433882,1,0,0.02440171383024517,0.07048871518946094,2,2,3,0,0
244979,5587,6.009439999794271,56.41054301279452,1,0,0.024600439998120595,0.0299911337654131,2,1,2,0,0
244992,5588,10.744125033720367,90.38224454199933,1,0,0.023478022846888418,0.07502235650840886,2,2,5,0,1
245003,5589,8.88443797242235,87.8187871898927,1,0,0.016465546667318778,0.05420477322466644,2,2,5,0,0
245010,5590,3.0238406605989194,55.15581935779528,1,0,0.023564576300118076,0.04549914667304067,2,1,2,0,0
245022,5591,6.317918197553862,85.57720100006209,1,0,0.023817825678303466,0.04456187799256253,2,2,5,0,3
245065,5592,123.39458792934403,71.30259395499282,0,1,0.1512827676311839,0.040857316634294025,1,7,7,8,14
245074,5593,1.1429530581554346,57.88346332959209,1,0,0.014683650971862408,0.027785338107793107,2,1,2,0,0
245084,5594,7.7615632425725885,75.97634713467853,1,0,0.01515899784227016,0.06022809438864694,2,2,4,0,1
245095,5595,5.325248993926428,87.05400778846987,1,0,0.017767834219220843,0.0345704107900309,2,2,5,0,2
245117,5596,68.5021301493276,57.09848152099711,0,1,0.03822152374883193,0.022712612667910345,1,3,5,1,0
245140,5597,121.9406894092443,57.278671033664565,0,1,0.07773507830039984,0.04716270770889368,1,7,6,0,4
245147,5598,54.98355754768518,-2.9719050574585175,0,1,0.0551761228890156,0.008810546191579538,1,2,1,0,0
245647,5599,-1864.283113043621,8236.827663127679,0,0,0.00519163299883051,0.1039536608029903,0,12,764,25,38
245665,5600,115.11647801273799,26.56636448281606,0,1,0.06331270412505874,0.06266910377104926,1,7,4,0,5
245685,5601,52.656446870586876,65.68301735463287,0,1,0.013413896773370435,0.02280370323416136,1,2,6,0,0
245697,5602,7.592352877620339,74.77800425559363,1,0,0.01882466688091274,0.028989523456514777,2,2,4,0,3
245715,5603,36.39964563429517,70.9883021141421,1,0,0.020520927099215883,0.03448152138749429,2,4,4,0,5
245737,5604,93.49697794683307,45.29764678052807,0,1,0.054994864826870195,0.02490973636857443,1,5,5,1,1
245773,5605,150.41706045488695,70.34134478648149,0,1,0.12972622794397817,0.03424501587915304,1,10,8,7,11
245799,5606,129.52915596870946,48.194950797671375,0,1,0.04213719501049727,0.027490830336577312,1,9,6,0,3
246299,5607,-1874.2786031892097,8128.524593695173,0,0,0.004758409220296358,0.08290733981894254,0,10,760,43,3
246313,5608,15.520832547318292,84.23463830680828,1,0,0.017251598560433377,0.03681427738257609,2,3,5,0,0
246325,5609,9.266932323955487,75.83383957581565,1,0,0.021264335357186012,0.04403515733032115,2,2,4,0,2
246361,5610,126.74885241186598,33.473332967240125,0,1,0.12936105199453327,0.028755551844349175,1,7,5,6,19
246379,5611,88.44939359762708,36.45868127726118,0,1,0.05261634756203318,0.02864900125597058,1,5,4,1,0
246438,5612,59.41704103139822,497.46703370592405,1,0,0.08547440491972506,0.10651318013096579,2,16,43,37,4
246461,5613,82.16866167568472,29.290336846338285,0,1,0.03013966967084277,0.03088130192950542,1,4,3,2,1
246472,5614,11.38611013864871,65.58295339300987,1,0,0.024133202682015274,0.055731516930901476,2,2,3,0,2
246482,5615,11.2012983401614,65.67481877916524,1,0,0.017911040418025416,0.05078601627056382,2,2,3,0,0
246497,5616,7.110198085499949,88.2296925397076,1,0,0.017232816649757784,0.037237187164010296,2,2,5,1,1
246505,5617,11.476661203600667,63.58259458372526,1,0,0.02498284159416781,0.05549711586133458,2,2,3,0,0
246533,5618,123.17742292942543,25.392070503327474,0,1,0.050402197464508906,0.029430538503429065,1,7,4,2,17
246613,5619,228.72302675489095,43.47761030786047,0,1,0.0830819188931015,0.03242524576093518,1,15,5,27,37
246622,5620,12.720773016489307,81.67718114507652,1,0,0.025168468472776605,0.07013561094885865,2,3,5,0,1
246632,5621,0.5728223467349309,67.84535912525732,1,0,0.019240929719193667,0.053414526237928195,2,1,3,0,1
247132,5622,-1697.452106378859,7722.2663457515055,0,0,0.0038782211474149867,0.10425984915313712,0,14,712,61,5
247220,5623,29.487373139485133,650.9467448896442,0,1,0.010808275651752545,0.08800852940255609,1,11,61,2,33
247258,5624,66.8782005879131,45.84971661678279,1,1,0.03223130862938398,0.035163613580582585,0,6,4,11,4
247286,5625,47.547571803677855,99.6049433928239,1,0,0.018063094552654164,0.034083457280197266,2,5,7,0,18
247298,5626,0.31781962332576086,81.02646778449919,1,0,0.02333522412806829,0.044215967288889955,2,1,4,0,0
247315,5627,27.66671416638487,80.54417584888355,1,0,0.02167074755659396,0.05503667055986965,2,3,4,0,0
247352,5628,89.98282337275526,44.23196019665487,1,1,0.02606468307704266,0.01710926204344986,0,8,5,0,11
247362,5629,12.095699039407396,64.2349308280679,1,0,0.024844063315472342,0.05338449891246867,2,2,3,0,2
247862,5630,-1828.0015328323261,8170.461528638717,0,0,0.012771359552887192,0.10749028966424395,0,14,759,19,64
247878,5631,86.60029187129322,20.64264823658783,0,1,0.09670059178570761,0.024331356948338097,1,4,2,0,0
247894,5632,44.55435528521584,82.84156369408697,1,0,0.029265463563092224,0.08694084246315374,2,5,5,0,2
248394,5633,-1584.9789163906585,7183.978209347285,0,0,0.0043017108000184285,0.09462218809077563,0,11,660,39,5
248402,5634,54.324765215326444,10.279010381233576,0,1,0.03953243625776912,0.015538792753503807,1,2,2,0,0
248413,5635,11.675927725134065,68.75808897618985,1,0,0.01607870952352032,0.031553734929562656,2,2,3,0,2
248424,5636,27.365934579148757,85.36273585319813,1,0,0.03700932739967332,0.12359691121581098,2,4,5,0,0
248443,5637,57.844865405991506,80.18273499314888,1,0,0.04509053454014504,0.05016339333795723,2,6,5,0,1
248451,5638,55.10173254418721,11.130693924335974,0,1,0.02559307237451763,0.01138740468686662,1,2,2,0,0
248473,5639,35.500278876028574,189.90401521920313,0,1,0.016499237357670785,0.20004598075136168,1,3,15,1,0
248485,5640,75.63911310332387,20.410165309705903,0,1,0.06625873789209386,0.05352616679225264,1,4,2,0,0
248494,5641,60.06721898413499,15.089071328979406,0,1,0.012645875921442869,0.010033029313951555,1,2,2,0,0
248506,5642,75.28365254633847,25.203846773254256,0,1,0.08835370885979359,0.03577658033840695,1,4,3,0,0
248535,5643,111.0166679128303,55.864770275430544,0,1,0.1514434217537324,0.05360773398138172,1,6,5,4,0
248563,5644,66.92613847129134,60.19416031174251,0,1,0.01198354582399203,0.017829354467892074,-2,6,7,0,0
248577,5645,84.43839632729359,37.16319707533228,0,1,0.04404002530957609,0.01917643819310187,1,5,4,0,0
248625,5646,169.24121491281102,25.787202925036823,0,1,0.03430369764498531,0.02101317650843929,1,11,4,10,9
248632,5647,3.551408202248494,56.3266893040889,1,0,0.025721446918558436,0.0434513914895884,2,1,2,0,0
248700,5648,93.41078204909573,70.04702812212676,1,1,0.0738611959872546,0.011882700441305113,0,8,5,35,0
248732,5649,177.56763003219606,32.06438949649327,0,1,0.062479071469558695,0.03980183652302336,1,12,5,0,1
248757,5650,92.59364497150194,51.40565132405132,0,1,0.03499886383819464,0.022203834537430977,1,5,5,2,2
248770,5651,83.88460835897223,13.072606541326774,0,1,0.06621537822034977,0.018815798917006563,1,4,2,0,0
248789,5652,34.98443070715209,192.18595263261645,0,1,0.07477834601961436,0.2504188637064809,1,3,15,0,0
248798,5653,2.4297737886005883,55.91117953033942,1,0,0.02363116174000812,0.03710184006836488,2,1,2,0,0
248806,5654,57.29506902610061,1.35429616592082,0,1,0.04686114484407406,0.030928841929527835,1,2,1,0,0
248863,5655,88.42930481110432,417.54797726725326,0,1,0.030817943334259596,0.133753677386002,1,12,39,2,15
248877,5656,55.78879938167549,93.36845815833276,0,1,0.07116378349852506,0.22188533949847247,1,3,7,0,0
248912,5657,151.99061017443046,72.50636126220279,0,1,0.10403403237290067,0.09260776905607343,1,9,7,1,3
248934,5658,84.59341945690863,115.96562698889915,0,1,0.06098172396873169,0.20881250315498304,1,6,11,2,4
248954,5659,53.77315548805677,142.11118370336828,0,1,0.050520162410226166,0.1483664167035989,1,4,12,0,0
249005,5660,144.55909280215297,40.6170119327817,0,1,0.047281294869015354,0.025954844086500742,1,8,3,16,0
249018,5661,6.520361995062281,59.039744987959246,1,0,0.016001484346915413,0.022028979644334708,2,1,2,0,0
249079,5662,130.90470446242057,85.28148321180005,0,1,0.09005290468946865,0.052059434369232646,1,7,7,33,19
249090,5663,68.21322446431368,11.561434396069112,0,1,0.051778044382738746,0.027526882075064672,1,3,2,0,0
249107,5664,69.23325900423069,24.829421950414716,0,1,0.030183780316956944,0.027313628810900683,1,3,3,0,0
249114,5665,67.41416478905802,-2.835457860633648,0,1,0.05381609104247168,0.04043599019211504,1,3,1,0,0
249121,5666,56.76274503972411,2.2263072863916094,0,1,0.06118901427976139,0.039652145762537436,1,2,1,0,0
249134,5667,51.57028124988629,108.96542559837623,0,1,0.09355541040442097,0.2540196662986624,1,3,9,2,0
249188,5668,134.01521420580076,49.79961217426581,0,1,0.023431167306470133,0.020591471386262095,1,7,3,21,0
249195,5669,66.3414254333515,-2.9330562178176542,0,1,0.048621427802478266,0.03447072621448415,1,3,1,0,0
249202,5670,67.04806796057514,0.7990652774304401,0,1,0.05996771464707463,0.03913021857676575,1,3,1,0,0
249214,5671,73.57590813224272,31.2314400436465,0,1,0.1327565707987008,0.11785990514600163,1,3,3,0,0
249224,5672,63.852412188445435,14.993011289571108,0,1,0.01679144816307569,0.018388902677402074,1,2,2,0,0
249230,5673,66.29453099507572,-2.8374188772413316,0,1,0.08947762864843062,0.047696705843765924,1,3,1,0,0
249268,5674,130.25276539258144,40.84554835843194,0,1,0.18945615494188123,0.020693248629961053,1,7,5,3,17
249278,5675,-5.878558125125403,90.8312591327761,1,0,0.013875062643170977,0.051183616765995164,2,1,5,0,0
249293,5676,23.380618668012076,79.92692390442454,1,0,0.022829787873838485,0.04559943998938096,2,3,4,0,0
249324,5677,140.93550020970767,20.120547185871725,0,1,0.05850931040233932,0.01811529399424615,1,8,3,0,8
249339,5678,112.16559844183158,5.493616280422941,0,1,0.07493628819743474,0.01412039064969598,1,6,1,0,0
249376,5679,67.8547657137413,63.7623065411859,1,0,0.029081264701764403,0.029136548665721705,-1,7,5,17,0
249394,5680,110.80243138456524,45.65620828844023,0,1,0.11099575509147636,0.05138859872262301,1,6,5,0,0
249407,5681,95.86168469988236,24.14372479030915,0,1,0.18515479313946648,0.04567807933068668,1,5,3,0,0
249427,5682,97.31650699864504,27.09646346844086,0,1,0.037063827310878726,0.030332175146307244,1,5,3,0,0
249455,5683,132.22815592379754,17.360677679261638,0,1,0.030807971587540138,0.02703196476417525,1,8,3,0,11
249471,5684,86.14389900406928,28.27563878548486,0,1,0.06658099566980348,0.020277513020711745,1,4,3,0,0
249481,5685,66.08168708141544,22.260281621087696,0,1,0.05485904962391337,0.03278982205131057,1,3,3,0,0
249496,5686,116.63895951879967,31.65956492186765,0,1,0.052979522353491945,0.026192112435424134,1,8,5,0,0
249505,5687,58.78389679567652,1.3785675131240112,0,1,0.03354408102113479,0.03148634223031265,1,2,1,0,0
249547,5688,123.32642230223101,62.552833236846055,0,1,0.02700701847043994,0.020862281521973308,1,7,6,3,5
249560,5689,86.15787013425184,18.665416542509938,0,1,0.0997501319188103,0.01756414452662055,1,4,2,0,0
249575,5690,82.6757415893199,28.476980539567442,0,1,0.08344354875022238,0.026812261538866185,1,4,3,0,0
249584,5691,12.176502164872183,59.421403067641435,1,0,0.021979768664954786,0.017032216328831583,2,2,2,0,0
249610,5692,111.75017299116728,28.119712127326633,0,1,0.04265596885485633,0.023866070515329015,1,6,3,2,0
249621,5693,7.06184638742274,60.47998269008147,1,0,0.01881282044515693,0.029289007189318535,2,1,2,0,0
249629,5694,13.552477545477872,54.28198828087936,1,0,0.017591205392662162,0.022026099131495537,2,2,2,0,0
249653,5695,46.13057107933853,83.16390770383812,1,0,0.04830660751765043,0.03916787430292795,2,5,4,4,3
249667,5696,74.75697433678953,56.29036030406473,0,1,0.22771015598901392,0.04314075791593981,1,4,6,0,0
249762,5697,211.2715151184417,75.4219253285704,0,1,0.03723953683586319,0.030320837450169554,1,13,7,24,28
249775,5698,78.90952837245669,33.825607669220005,0,1,0.06229648586779861,0.03996745817310017,1,4,4,0,0
249796,5699,84.64748915274222,132.22598155909103,0,1,0.05734986209062886,0.06227180070159701,1,6,13,0,0
249812,5700,80.98811098096698,32.74687060982969,0,1,0.05736513254001998,0.015515600844179269,1,4,4,1,0
249898,5701,115.6877895835738,295.67853967921343,0,1,0.011856423064733003,0.07611096365896737,-2,12,28,7,53
249905,5702,67.3753869533744,-2.057897182518861,0,1,0.06535662889059334,0.03674649995307861,1,3,1,0,0
249918,5703,76.85485155857126,18.31667887237147,0,1,0.03084678302647679,0.015474811625633803,1,4,3,0,0
249943,5704,115.24592029351969,18.12127239994405,0,1,0.039576531602076234,0.020731323838689315,1,7,3,0,9
249949,5705,9.334208293284423,63.05567579822078,1,0,0.04314053394235983,0.062329470607984695,2,2,3,0,0
249981,5706,94.84389204000374,49.62817480501653,1,1,0.07782215765939074,0.019265150715901656,0,9,5,5,3
249989,5707,56.19872091268282,11.27505889262172,0,1,0.01451070453560982,0.016503498453301933,1,2,2,0,0
249996,5708,3.8111571478715973,55.85080725612521,1,0,0.0326172238712309,0.0580907805494907,2,1,2,0,0
250017,5709,121.49674193242433,30.44062420611357,0,1,0.0606633353625364,0.029724360726605052,1,7,4,1,0
250027,5710,56.64408715418186,13.050313848731799,0,1,0.019545660364494004,0.011389738226729762,1,2,2,0,0
250037,5711,66.68311911000546,20.61017347617132,0,1,0.06121119591336037,0.03705779493471279,1,3,3,0,0
250049,5712,65.1520942377739,10.069759981159194,0,1,0.029141086747001808,0.013313519893801043,1,3,2,0,0
250077,5713,54.02512922483821,235.38645468245716,0,1,0.15145574258048855,0.14615065384645876,1,5,20,5,0
250087,5714,58.749436177643716,5.191797895669886,0,1,0.027127629748228792,0.026568830686620443,1,2,1,0,0
250096,5715,53.86988179461105,11.402848320166783,0,1,0.02311413708224426,0.020610257401805894,1,2,2,0,0
250116,5716,74.76016186165164,73.203396468741,0,1,0.032770322461338895,0.03358592641638157,1,4,7,0,0
250133,5717,60.604940424321214,145.1198686061068,0,1,0.060415217816907126,0.18093818041495902,1,5,13,0,0
250144,5718,74.29875083164202,33.08988400815343,0,1,0.12718995963067573,0.04857812775437303,1,4,4,0,0
250155,5719,79.53255464980154,25.251234046325916,0,1,0.12141231116595884,0.06781870945592024,1,4,3,0,0
250163,5720,55.43128579562066,11.246410317101667,0,1,0.017352975486057742,0.019430675795439254,1,2,2,0,0
250261,5721,-21.836366985402023,630.3604342748881,1,0,0.040709210810630767,0.05146922482432918,2,9,54,18,39
250274,5722,21.51073827286909,8.37453121031456,0,1,0.017999185321258566,0.022039856443032815,-2,1,1,0,0
250281,5723,1.514860882470348,59.21960007874375,1,0,0.03239772560876309,0.05012403586027716,2,1,2,0,0
250288,5724,56.906517473266604,3.8044359474122054,0,1,0.06450054949753223,0.04242742727743356,1,2,1,0,0
250295,5725,66.12997066761673,-1.445094592487699,0,1,0.06122354045997316,0.03926169811298619,1,3,1,0,0
250316,5726,102.62338076632906,93.20649449711686,0,1,0.12385586168611604,0.1435502190527917,1,6,8,0,0
250328,5727,77.56834053480311,14.2731258353212,0,1,0.07011746880724216,0.03195908921756784,1,3,2,0,0
250339,5728,10.206439597454406,66.7371123931017,1,0,0.018248533747704895,0.039224716170711986,2,2,3,0,0
250349,5729,-0.5979130119391005,68.72222256337103,1,0,0.01364744927568592,0.03925135380150731,2,1,3,0,0
250366,5730,76.43266603457334,107.86505230219267,0,1,0.060365368779307475,0.11891294723380964,1,6,10,1,0
250381,5731,64.89496472515633,133.0657638126038,0,1,0.08929301208877732,0.22819485337166318,1,5,11,0,0
250390,5732,67.27620289658614,0.7544177873325779,0,1,0.03973262527996681,0.01816890650479978,1,3,1,0,0
250398,5733,13.602383217229509,55.359091747651746,1,0,0.027179872986713753,0.02893349485599435,2,2,2,0,0
250427,5734,133.9285194910078,38.45266963714388,0,1,0.07043044102354258,0.031336633213739966,1,8,4,7,4
250448,5735,91.37570330587982,29.19151932131063,0,1,0.08792322974275461,0.028462855118618628,1,4,3,0,0
250477,5736,100.22058970619489,45.47096717930445,0,1,0.1111024179391823,0.021537013108390686,1,5,4,9,0
250647,5737,-466.6106592220081,2467.7687267600522,0,1,0.01573496700100948,0.12482501902077621,-2,10,226,12,15
250657,5738,68.83278033122002,25.10389789042916,0,1,0.088312978011084,0.04718313845771306,1,3,3,0,0
250665,5739,60.08511425779692,17.852146640206612,0,1,0.023127963459875424,0.018446192476888223,1,3,3,0,0
250672,5740,47.12713794575003,6.385017455818051,0,1,0.03170926671246537,0.04008009423284125,1,1,1,0,0
250683,5741,73.31478497817933,0.5559623770842386,0,1,0.03534788971630282,0.027312047236066818,1,3,1,0,0
250691,5742,4.192915084901998,56.31468199097671,1,0,0.02667646449478132,0.03940288954530955,2,1,2,0,0
250699,5743,6.719137985832823,58.29451467972876,1,0,0.02810378573253509,0.04618800051729406,2,1,2,0,0
250708,5744,70.01239248553489,-0.10112980424532836,0,1,0.03158910913118998,0.030529581944009485,1,3,1,0,0
250716,5745,68.42998872787784,3.4691856927622453,0,1,0.0624166655846835,0.03703159925921078,1,3,1,0,0
250735,5746,57.96368278373873,37.50707775002047,0,1,0.02828719763519605,0.02528228176565649,-2,5,4,0,0
250744,5747,67.97231036070463,-2.244650436120409,0,1,0.047411337362476685,0.02511421604454417,1,3,1,0,0
250793,5748,192.68302944901512,70.01457987157055,0,1,0.14990207767862695,0.04710645570220346,1,13,8,11,12
250804,5749,78.68183326039312,25.569610762016556,0,1,0.10625490055171417,0.04937005319706161,1,4,3,0,0
250818,5750,80.25786648905614,30.3098291833467,0,1,0.044922686971899946,0.04473960039719893,1,4,3,0,0
250835,5751,84.26713308484786,31.516684177863077,0,1,0.025074057507723093,0.02116641019206396,1,5,4,0,6
250872,5752,130.64336990490983,37.067444870552436,0,1,0.026670855646881257,0.019941008514675715,1,8,4,6,0
250884,5753,0.2331687271332754,69.43636867846465,1,0,0.017952680701813755,0.032989300836426476,2,1,3,0,0
250897,5754,81.61005810373767,19.572744250206412,0,1,0.029018250261841107,0.009437005931837977,1,4,3,0,0
250906,5755,76.98836088678947,18.987562579934394,0,1,0.36413055362908797,0.055813687642153366,1,4,3,0,0
250913,5756,3.561264886732017,55.392206735150346,1,0,0.027038574238658086,0.046515763666418915,2,1,2,0,0
250925,5757,85.58241626092536,30.18110409069225,0,1,0.08059726263954634,0.026587944972086164,1,5,4,0,0
250942,5758,-9.987922431376278,115.48443834322566,1,0,0.010679693754238372,0.023613145016616873,2,1,7,0,0
250953,5759,67.54300841895363,21.11875254230518,0,1,0.07648769867353529,0.041385657174483365,1,3,3,0,0
250960,5760,67.05656907171843,2.601092251319038,0,1,0.07160465857474822,0.03722674312137577,1,3,1,0,0
250984,5761,89.06541713859434,48.80423154489462,0,1,0.024539111730145172,0.028441974969180665,1,5,5,0,0
250998,5762,97.92177494647865,26.41291919091873,0,1,0.07608397113652997,0.024141343591669296,1,6,4,0,0
251498,5763,-2176.703420943676,9232.831371690329,0,0,0.003951623325453282,0.11316158771063022,0,11,859,26,5
251505,5764,65.98163955424833,0.9062390324115732,0,1,0.06648187049328902,0.03878988937482671,1,3,1,0,0
251530,5765,32.40590494994291,83.39666923972956,1,0,0.2028475818035636,0.029618875023703438,-1,4,6,10,3
251630,5766,-131.31231611312427,1269.972314697029,0,1,0.017538250079022447,0.14763074019181924,1,10,114,20,10
251704,5767,156.7014512799792,265.25311711881017,0,1,0.08936856250701677,0.05505162823962597,1,13,22,31,11
251769,5768,106.96571180353774,80.28959418852179,1,0,0.035098603298232306,0.01601000855628033,-1,9,5,21,0
251777,5769,1.150328654952748,55.9681298336032,1,0,0.014463190392449799,0.02675944635060033,2,1,2,0,0
251789,5770,91.94355159451555,8.220255348499961,0,1,0.05263486624950011,0.017807426721319315,1,5,2,0,0
252289,5771,-2290.033103718508,9467.545273641566,0,0,0.004653869117044122,0.1265805423334625,0,10,878,42,3
252299,5772,60.73899373199622,34.8451580446653,0,1,0.10098081790228139,0.059855622538388366,1,3,4,0,0
252358,5773,190.77512330246213,25.754386032443573,0,1,0.11306335110829051,0.016163294351795945,1,12,5,8,33
252374,5774,56.06770049655325,104.32931022623278,0,1,0.0949591386371989,0.1972446181171633,1,3,8,6,0
252385,5775,86.32859009740586,20.671084679470393,0,1,0.060504498786717154,0.03289145560280903,1,5,3,0,0
252416,5776,125.75104839898191,41.53711002474547,0,1,0.061443861561228816,0.024207844470567595,1,7,4,6,1
252428,5777,77.3268578975733,24.94619427535355,0,1,0.054588209188949736,0.05873757032119362,1,4,3,0,0
252463,5778,132.80995491110036,44.63895748336684,0,1,0.1367492524700414,0.0288173058342303,1,8,5,7,9
252545,5779,86.24321156998425,117.38285816394318,1,0,0.043739742249156194,0.009523160443897711,2,7,4,37,0
252592,5780,144.27812639592676,24.93539250674874,0,1,0.029145032333433525,0.017610159090332977,1,8,3,6,20
252603,5781,4.446652414419971,59.246191421575276,1,0,0.017807653222726247,0.030099451495305362,2,1,2,0,0
252612,5782,73.99941114178849,17.972670354625443,0,1,0.04384745435482023,0.034666311852307535,1,4,3,0,0
252630,5783,93.8457913572978,24.772579700426775,0,1,0.05757482067894531,0.019960635872498866,1,5,3,0,1
252690,5784,122.25503896945338,56.175440643108864,0,1,0.037496123159059494,0.016292729216053913,1,7,4,37,0
252719,5785,48.50079530243896,38.23209736145299,1,1,0.07086927687431689,0.025714007480280514,0,5,3,15,3
252742,5786,176.8076668833271,12.745125881463121,0,1,0.03334245871720788,0.025665649969312396,1,13,4,0,0
252756,5787,95.4210961186889,14.19791871133759,0,1,0.07956288893882922,0.03457577264026547,1,5,2,2,1
252778,5788,104.92341610705574,17.252708767734326,0,1,0.030228457157915434,0.02381079830371705,1,6,2,1,1
252802,5789,94.73954734555433,24.678330842545066,0,1,0.02418265423288989,0.027135485581079904,1,5,3,0,10
253302,5790,-2046.5381406469535,8833.07339483404,0,0,0.004488600603764051,0.11392462232856454,0,9,816,11,0
253327,5791,110.43711938879362,28.68616815934072,0,1,0.016212024917374036,0.018591329841575063,1,7,4,1,6
253350,5792,103.44100187225759,39.201402661441435,0,1,0.04577771246247507,0.029589958747861436,1,6,4,1,0
253363,5793,78.55731222074267,14.392160604208332,0,1,0.04363718426713954,0.023762505377081185,1,4,2,0,0
253473,5794,242.26190659147753,121.42029757666009,0,1,0.020701252048228872,0.025772435367585663,1,17,10,38,36
253502,5795,68.68944256702937,29.65350890614512,1,0,0.07176997589349553,0.013988025334773798,-1,7,2,15,1
253523,5796,105.20819301564197,26.830141373876252,0,1,0.05892045654709726,0.033136119780785914,1,5,3,1,2
253532,5797,5.4254185611521955,57.69892909017453,1,0,0.010570157400291533,0.021114305020309768,2,1,2,0,0
253550,5798,66.71093692124066,61.86908752849656,1,0,0.02459392420428107,0.03883224351133623,2,7,4,0,5
253586,5799,151.30179516090521,24.100913762571572,0,1,0.04170999444724225,0.019320315758118004,1,10,4,15,12
253619,5800,113.67648384718285,39.52483152483401,0,1,0.026696876272575384,0.028724958480586302,1,7,4,6,12
253633,5801,10.481129590151207,77.34431500005341,1,0,0.026308064029397928,0.03993553977539743,2,2,4,0,0
254133,5802,-2196.3976462123383,9291.809557693929,0,0,0.004449292195960248,0.1303734460699396,0,11,858,45,12
254633,5803,-2016.2057665070106,8628.837521017838,0,0,0.00468523572793118,0.1132198774261899,0,9,798,33,24
254641,5804,0.04401812803789085,56.684084107262905,1,0,0.013617446695251896,0.048381606962141464,2,1,2,0,0
254670,5805,144.80232859254792,24.068966569131568,0,1,0.03815076972876791,0.023459748695494963,1,9,3,4,0
254685,5806,7.265442350590076,59.192973131747905,1,0,0.010000957618328163,0.025292829316233653,2,1,2,0,0
254698,5807,103.54811043203661,24.18428033606789,0,1,0.04346200440234278,0.029649120418296943,1,7,4,1,0
254726,5808,46.39056218875932,30.929150529312075,1,1,0.0801776923188073,0.017637612174659093,0,5,3,13,0
255226,5809,-2286.081803360384,9434.847139979665,0,0,0.002397511317860651,0.12771554049948494,0,7,872,29,13
255233,5810,55.9056404301259,2.2315428913849544,0,1,0.04786440736107455,0.02976608334578122,1,2,1,0,0
255255,5811,61.85595747941937,18.097382386298086,1,1,0.048304487478393575,0.018852258191515633,0,6,2,4,1
255268,5812,26.970851304802608,62.71218628992682,1,0,0.034495834733854806,0.12079194154877043,2,3,2,0,1
255299,5813,157.1149322911393,6.609105474492637,0,1,0.03299792857378695,0.019021759840301394,1,10,2,6,0
255321,5814,93.23093554885756,26.415912931940916,0,1,0.05463663908051621,0.0472953107878328,1,4,2,11,0
255385,5815,108.19441776115819,77.29846243642895,1,1,0.030592777385311305,0.01627527447084739,0,9,6,18,0
255404,5816,35.25583340485318,36.18727140736833,1,0,0.014735519314396095,0.029808788220889698,-1,4,3,0,0
255428,5817,75.88849671177326,93.81851186759292,1,0,0.11514029015312466,0.10593638174369853,2,6,5,0,0
255456,5818,84.10157298804057,44.3512625198904,0,1,0.010550531025798103,0.018220137792207405,1,4,4,0,0
255492,5819,121.81415961567646,24.08231062052482,0,1,0.138306457500429,0.02413427874199325,1,6,3,4,12
255515,5820,115.8545164017116,21.974121449113653,0,1,0.027009154357799194,0.025824743998932607,1,7,3,1,0
255623,5821,178.71044081591612,85.73598799271907,1,1,0.042845910848776335,0.02431525558949516,0,14,6,41,25
255721,5822,182.38194175551683,64.72375104527922,0,1,0.049151170159203374,0.011866838193298666,1,10,3,42,0
255741,5823,79.53680101270257,28.992664069477197,0,1,0.02067249768587143,0.022391572527402148,1,4,3,1,0
255832,5824,121.56186674306203,204.8754774032623,0,1,0.018026822560868027,0.039981690683564636,-2,11,18,38,42
255847,5825,1.1812848654270738,70.6003280786282,1,0,0.010042953234731896,0.023018227975372715,2,1,3,0,0
255872,5826,103.52046375531876,17.97213140587815,0,1,0.053945659435005885,0.020350535789706307,1,5,2,4,0
255879,5827,76.23800443342896,-4.42520639165499,0,1,0.03270299346848977,0.02129777978137102,1,4,1,0,0
255901,5828,102.58055888581382,16.926321769341946,1,1,0.06596542491406625,0.021368219382696365,0,10,3,5,0
255926,5829,125.61590372256231,14.810958891343308,0,1,0.05729989551556091,0.026046451976857572,1,7,2,6,0
255948,5830,36.221703976919194,30.559666962579072,1,1,0.09331843052065013,0.008689297699226339,0,4,3,10,0
255968,5831,95.12797346459577,20.409700603285962,0,1,0.057418355041213384,0.025173934691137878,1,5,2,9,0
255992,5832,121.07945870292727,25.417602969545612,0,1,0.03672601606722128,0.030968391586396336,1,7,3,0,0
256008,5833,80.14821051624075,24.006689830365264,0,1,0.03613828111361434,0.02126929089567661,1,4,3,0,0
256040,5834,101.30118203440817,35.352500817150236,0,1,0.0411363162208819,0.013771909970709087,1,5,3,7,1
256064,5835,107.7251896349056,27.295111875473932,0,1,0.09215496542187439,0.014680619021013044,1,6,3,11,0
256101,5836,73.69497604867328,18.934093652558527,1,1,0.04654630680408161,0.0156604981958959,0,6,2,7,12
256127,5837,107.82664877764013,19.008385773517958,0,1,0.032489871171168146,0.02486869840663497,1,6,2,6,4
256627,5838,-2185.228606948624,9438.52863642663,0,0,0.004076742451480475,0.12251047963404743,0,15,878,23,17
256725,5839,-37.3812472730516,693.8576081327814,1,1,0.03177056975433909,0.07148759320854876,0,10,62,32,18
256735,5840,11.8279491119672,60.02987274396078,1,0,0.01621696531460872,0.04769649082011012,2,2,2,0,0
256744,5841,2.9387626758387206,57.588130864165066,1,0,0.01359387522225197,0.0392548825635026,2,1,2,0,0
256955,5842,-269.5001805008337,2016.000307945423,0,1,0.011233005571071134,0.09768588108870216,1,11,181,36,48
256993,5843,101.41464950131993,12.386834482225563,1,1,0.049340547174138216,0.022090674037271427,0,9,2,12,16
257030,5844,127.40760139378774,48.19049042283538,0,1,0.04777619975382271,0.02058123597108153,1,7,3,12,0
257042,5845,10.671462273484227,69.19809484011469,1,0,0.011583092467516197,0.0161070193177425,2,2,3,0,0
257051,5846,1.9159096524717558,57.90194375060551,1,0,0.013005242452070163,0.03849847606058007,2,1,2,0,0
257117,5847,123.83499723344283,56.80566391723728,0,1,0.049916188279850206,0.011471591829578647,1,6,3,32,0
257149,5848,83.89037923628793,62.077640861589195,1,0,0.07221610792039271,0.018336457521565184,2,8,2,11,0
257182,5849,128.04681462314306,24.90578720910711,0,1,0.03003776748396415,0.013451672300915223,1,7,2,4,1
257265,5850,51.84241578470184,483.63475012770914,0,1,0.015244971576700407,0.07702802408853034,1,9,43,18,26
257337,5851,85.27583800859773,214.10007982911446,1,1,0.05376541732200629,0.042053216535471574,0,9,19,6,32
257357,5852,91.15474356188989,26.38228948091297,0,1,0.028651525023584822,0.022600283215832215,1,5,3,0,0
257383,5853,137.24375148436056,10.810289200602535,0,1,0.056934839550041014,0.026296594261433083,1,8,2,6,5
257396,5854,5.297369736814337,59.5888948233291,1,0,0.009309367352544921,0.01815096280655548,2,1,2,0,0
257421,5855,98.95449219022902,20.55328182890382,0,1,0.06437797212515206,0.020531191866887205,1,5,2,4,2
257447,5856,133.1884705231584,21.50465316495844,0,1,0.05378739242138005,0.026854367210651067,1,8,3,6,0
257482,5857,129.39109439755347,30.12607823810955,0,1,0.02411816225540231,0.0147184604795889,-2,11,5,0,0
257523,5858,101.68588357740137,82.46548287253053,1,0,0.03899371853673027,0.01817112644443234,2,10,4,17,6
257534,5859,25.34839975381244,52.57526726442016,1,0,0.022648413310899618,0.050119284748357765,2,3,2,0,0
257580,5860,113.67747246720275,47.65646963310493,1,0,0.08501728139588739,0.012046589003031712,-1,10,3,14,8
257593,5861,10.9656792732404,66.471298853164,1,0,0.013538192609944454,0.02830216202367192,2,2,3,0,0
257709,5862,28.799545374679635,676.6735370471029,0,1,0.01287426415466056,0.09222494653085954,1,9,55,35,0
257720,5863,6.585687518507976,62.36735099213622,1,0,0.017905643574389837,0.056746357280218596,2,1,2,0,0
257733,5864,2.961641698255658,69.43679882879215,1,0,0.01218013862489595,0.028162178171769026,2,1,3,0,0
257747,5865,3.0004268323381833,69.09228539888197,1,0,0.00915622505891343,0.018312311697243268,2,1,3,0,0
257861,5866,131.98324447033,251.40022594962582,1,0,0.05032117752285094,0.03993338698256089,2,11,16,28,17
257884,5867,84.41430747577392,36.7549965241578,0,1,0.054532491430833996,0.06516221049846477,1,4,3,0,0
257898,5868,79.60126715693701,32.112317993175566,0,1,0.044602511873095343,0.023281836253503125,1,4,4,1,0
257909,5869,1.7393971276445672,68.59238966837094,1,0,0.015211690346067796,0.037932127428828635,2,1,3,0,0
257979,5870,163.45530969802212,67.82117835984664,0,1,0.03184086089251345,0.030298257382778415,1,9,6,19,22
258479,5871,-1992.3612322742454,8881.307908826459,0,0,0.00357395339930679,0.12044574532418205,0,18,824,33,26
258516,5872,119.6100094905465,31.03308335338091,0,1,0.025453301712823836,0.018974172958008795,1,6,3,1,0
258526,5873,1.3071735360858678,67.61471440479116,1,0,0.01162809369758647,0.030924543416375516,2,1,3,0,0
258543,5874,15.873774736676214,63.82039842799199,1,0,0.008976291915576471,0.017388128467669794,2,2,2,0,0
258552,5875,1.1398919844613822,67.96728254372694,1,0,0.01783349959781473,0.05105720675299701,2,1,3,0,0
258563,5876,12.711707482404417,65.6109810061588,1,0,0.013436580681240666,0.03432954110398731,2,2,3,0,0
258574,5877,9.729552996639068,67.710097505808,1,0,0.019223479419674484,0.05053733111399847,2,2,3,0,0
258585,5878,13.199188165322226,64.00266850743895,1,0,0.018019528489705252,0.022418953853738873,2,2,2,0,0
258637,5879,109.61751737367928,66.00949873727987,0,1,0.03461100896231839,0.02561441471673612,1,6,5,20,17
258648,5880,2.395152929781869,69.2246292864856,1,0,0.011849649687621654,0.033754661864396455,2,1,3,0,0
258687,5881,89.62229540312624,20.660496961530967,1,1,0.06856313259522744,0.019424185971303458,0,8,2,16,6
258699,5882,3.8331171770452634,61.34488825234269,1,0,0.010729960742634563,0.018613619814503376,2,1,2,0,0
259199,5883,-2096.501544974984,8522.747864399606,0,0,0.0027012949502289033,0.08350151459574026,0,3,798,18,0
259211,5884,5.496035468145818,60.04970869606592,1,0,0.01121986099428194,0.03388970045690613,2,1,2,0,0
259246,5885,111.21974662791183,48.48513458958888,0,1,0.05838813855168281,0.020495343330192695,1,6,4,16,5
259271,5886,86.48921407025014,56.81812946284894,0,1,0.08196071664438755,0.027714800180172916,1,5,5,13,0
259306,5887,90.22999120655854,35.55727644349382,0,1,0.10548722476662394,0.010879036954685948,1,4,3,17,0
259338,5888,66.06227483546107,42.58207333305707,1,0,0.0323539957025013,0.02697905086939994,-1,6,2,4,3
259349,5889,4.046750166148637,58.801161363112755,1,0,0.014182404248149365,0.03409463112407734,2,1,2,0,0
259364,5890,16.629991124306443,65.65302732445667,1,0,0.016842769810368266,0.019534709084578276,2,2,2,0,0
259398,5891,57.80707368772798,50.12193076535158,1,0,0.08090174063832423,0.019417504985595913,-1,6,3,24,0
259471,5892,129.4244511054601,94.42192156133329,0,1,0.024644021318074368,0.016425963984798595,1,7,5,39,9
259534,5893,98.61080426065779,46.93096410670152,0,1,0.00893221239113923,0.017302807340182774,-2,6,4,7,20
259569,5894,72.79024506608005,82.29902833801616,1,0,0.04827318275874722,0.03795015095057585,2,7,3,16,0
259668,5895,-21.184430759621144,806.6499912479669,0,1,0.021695701881592703,0.12641141223141925,1,8,68,23,0
259762,5896,163.48598679045813,127.46766210694315,0,1,0.032087434162794144,0.01786836713062966,1,9,9,31,0
259862,5897,134.3223516459251,79.92727270620715,1,1,0.01507464474047654,0.034069952114101534,0,9,4,26,7
260362,5898,-1980.897283995245,8533.911223276566,0,0,0.00244662881076091,0.0932245639893966,0,12,799,18,28
260406,5899,86.34061416295475,47.20389804182681,1,0,0.05865839886270443,0.03224913945332539,-1,7,2,15,2
260439,5900,92.2293475821946,39.92834147263495,0,1,0.018783683927252378,0.023688338388468736,1,4,3,2,1
260483,5901,67.74335149166335,26.56349789961554,1,1,0.020964556199357397,0.016560850204669634,0,6,3,8,27
260533,5902,140.8484980122728,32.57744103760287,0,1,0.040750030744633674,0.010699317717724841,1,8,3,20,0
260648,5903,7.248148513082768,827.5104135580106,0,1,0.041575895233942346,0.07664370523671671,1,12,76,26,34
260659,5904,12.09516124816854,61.56479136198897,1,0,0.014719602190479878,0.028928100975223556,2,2,2,0,0
260684,5905,86.6419402359825,26.195945627514405,0,1,0.030108940264749,0.022939053525889794,1,4,2,5,0
260713,5906,96.42621652421002,23.869690109137014,0,1,0.03222828571976411,0.021359128135726442,1,4,2,8,4
260745,5907,71.08308894924232,43.850221256493654,1,1,0.1890978457192014,0.02109730131837148,0,7,4,9,2
260768,5908,53.77197461110239,51.25791615618048,1,0,0.08095796371379771,0.02032280068589301,-1,6,4,10,0
260788,5909,101.74202104450654,29.951265685622253,0,1,0.07635018420257858,0.029271017842611324,1,5,3,0,0
260797,5910,2.9118544464614597,59.6456371216952,1,0,0.015133569538257848,0.04664743945494533,2,1,2,0,0
260809,5911,2.1036034455908172,69.16359651454039,1,0,0.012339270105305099,0.03554437010271764,2,1,3,0,0
260870,5912,163.4356275978565,62.909170111512026,0,1,0.08346437748484466,0.03283318686749268,1,9,4,13,8
261011,5913,-249.87517980945114,1555.6949530026495,1,0,0.00950538020311349,0.1001744115135303,2,9,137,33,28
261511,5914,-2128.8412469847585,8779.303569428454,0,0,0.002340903795521939,0.1145777627962341,0,4,812,37,20
261564,5915,54.46347306262243,66.9672876466893,1,1,0.10656756467764211,0.012211041510031726,0,5,5,31,0
261632,5916,129.9932326457095,73.63435518472006,1,0,0.04418999121160501,0.04279260541878421,-1,11,4,25,9
261658,5917,47.93242142640746,48.22160129564109,1,1,0.07926925489473821,0.017459860591255785,0,6,5,17,0
261769,5918,-5.9403337015298625,786.5507534779996,0,1,0.0215355297389244,0.08293091962737759,1,9,70,21,29
261856,5919,175.9728966586593,52.218238706345886,0,1,0.060947940839798355,0.015522820957824061,1,11,5,39,27
261879,5920,97.58971260169844,15.843687556469295,0,1,0.030940631614718668,0.027087606055773303,1,5,2,3,0
261965,5921,105.26108837802461,165.86363310610318,1,1,0.026664819066431842,0.03860550801002436,0,11,13,39,19
261975,5922,2.839747126389886,60.05009525635053,1,0,0.014594522807891724,0.04278129315397784,2,1,2,0,0
262014,5923,122.03973430666315,28.520125286400877,0,1,0.020845685498040924,0.021465300923611135,1,7,3,0,12
262053,5924,82.55529091939844,81.44471343936887,1,0,0.02133708669519305,0.018921712113893933,2,6,3,1,1
262062,5925,3.413958123912373,57.08952627771783,1,0,0.014058711467537038,0.03706488237433116,2,1,2,0,0
262071,5926,55.6565536117122,14.417337007198565,0,1,0.02446313848585015,0.021521191877502472,1,2,2,0,0
262091,5927,30.77006864985399,76.91127185599385,1,0,0.03724124989061616,0.04343837446456059,2,3,3,0,0
262099,5928,56.79130632941128,15.029473606653067,0,1,0.022441750860588354,0.019245913138319498,1,2,2,0,0
262107,5929,60.07425036521522,4.833003520071275,0,1,0.024435270510357668,0.028497317783036748,1,2,1,0,0
262117,5930,12.042415609106659,61.537092330966395,1,0,0.01875890184090018,0.024911818380141882,2,2,2,0,0
262132,5931,57.83882871822608,28.777482798301833,0,1,0.02347199817304665,0.01842009666645552,1,2,3,0,0
262143,5932,60.891741537420515,15.407076006088579,0,1,0.04369770464426049,0.033097181170284894,1,2,2,0,0
262152,5933,51.96368444057572,6.316536507492112,0,1,0.019450614135033864,0.021044016618037776,1,1,1,0,0
262161,5934,15.378984406769419,58.80255846780772,1,0,0.019614493117954334,0.021509585611006916,2,2,2,0,0
262170,5935,-1.276510379424094,68.09178997994456,1,0,0.015512718142138698,0.043063085936104,2,1,3,0,0
262209,5936,93.39684583436659,39.90108466515404,0,1,0.029809295126286807,0.018300230121213443,1,4,4,8,17
262217,5937,57.94592210050467,6.626036365338688,0,1,0.032957227936367385,0.028081855412658927,1,2,1,0,0
262280,5938,123.58543912954545,65.39521138364717,1,0,0.05854749696520831,0.013030977526976595,-1,11,5,18,8
262312,5939,138.09336253719056,31.315415750406995,0,1,0.02068974192563676,0.021855086822146864,1,9,4,5,0
262332,5940,93.96352893743803,26.15288453019455,0,1,0.03712876564876547,0.03041505481506044,1,5,3,1,0
262353,5941,132.544131702728,25.448576906689645,0,1,0.03342454732133587,0.018909678733742344,1,9,4,0,0
262853,5942,-1988.913651811553,8289.128089156671,0,0,0.002191294216181427,0.08775632439878657,0,7,774,35,3
263353,5943,-2019.689972648082,8627.593749632797,0,0,0.0034879782014912205,0.10223737138071216,0,10,804,17,23
263362,5944,60.511589423332325,14.305672019052487,0,1,0.023519119617851428,0.025085209405145078,1,2,2,0,0
263406,5945,64.66420072379503,57.25365296887839,1,0,0.11031674217681334,0.015042924621458733,-1,6,3,14,0
263419,5946,76.9090979419501,24.990200406696363,0,1,0.06380620633688627,0.03364040031327249,1,4,3,0,0
263431,5947,60.326471033930304,12.764328045958298,0,1,0.03185252174808117,0.014095068840048838,1,2,2,0,0
263487,5948,155.55024759893854,65.07957422678727,0,1,0.0406852431649106,0.02320682322818519,1,9,6,5,24
263495,5949,16.970554243526358,58.04973226137432,1,0,0.019051144909312097,0.04215272035538913,2,2,2,0,0
263512,5950,72.67027590343517,23.508689782165945,0,1,0.02551915883750443,0.02990643560788134,1,3,2,0,0
263541,5951,102.59142009672702,23.03380719958351,0,1,0.030831865042068758,0.033136275928939,1,5,2,11,2
263551,5952,0.5538851174399113,68.32965186491988,1,0,0.016836943344498374,0.04257333747355627,2,1,3,0,0
263559,5953,1.18921876159248,70.98446172182945,1,0,0.024523999959689124,0.06577100483734917,2,1,3,0,0
263568,5954,9.237217526815524,64.41255446606402,1,0,0.014078037944137003,0.04736706004203731,2,2,3,0,0
263576,5955,0.11166275573449269,67.44551569626313,1,0,0.020360759507205037,0.05691778162475074,2,1,3,0,0
263591,5956,66.01538525389356,15.684278488049102,0,1,0.043971707576135444,0.013800632328767938,1,2,2,0,0
263613,5957,15.784031216484006,55.84153216233742,1,0,0.015943719923220936,0.02238062031541199,-1,2,4,0,1
263629,5958,13.892176782667907,38.79220665728355,1,0,0.009229694020442126,0.03010410361562549,-1,2,3,0,0
263653,5959,75.77182702242726,39.64831955624449,0,1,0.02149933782654069,0.02252310149547952,1,3,3,1,0
263663,5960,6.329028039206694,58.03705397231717,1,0,0.012805281070740337,0.043384930674792904,2,1,2,0,0
263673,5961,15.368371388836643,61.86808433814181,1,0,0.018239547910099945,0.02467494332809186,2,2,2,0,0
264173,5962,-2077.0796727450384,8943.826548093017,0,0,0.005862131776127206,0.12417048863028132,0,10,824,44,17
264182,5963,61.98193024298447,4.514699773891525,0,1,0.020025502455572258,0.027711343904184962,1,2,1,0,0
264190,5964,55.857065959663544,15.70333186701778,0,1,0.01875447282936346,0.025678286250388455,1,2,2,0,0
264198,5965,68.53987541334396,10.627512645379303,0,1,0.0433066240234995,0.029025706157256435,1,3,2,0,0
264698,5966,-2181.3294710374767,9263.014654308103,0,0,0.00452198545712047,0.12290660024384148,0,10,857,29,7
265198,5967,-2070.0169524617268,8850.34428410105,0,0,0.005477022405711597,0.11363884978783698,0,12,822,16,31
265246,5968,100.8116581215337,39.05827791154371,1,1,0.03998924379230426,0.014673401739435689,0,10,4,29,0
265257,5969,6.655744290733132,57.514990061865674,1,0,0.013135278938545237,0.028107852986999846,2,1,1,0,0
265351,5970,155.51689481361865,55.75799306890997,1,1,0.04286084841767412,0.013769748442870202,0,12,3,42,0
265360,5971,61.60573157574015,2.4508189426502422,0,1,0.03203253196681685,0.03039619428922185,1,2,1,0,0
265860,5972,-2377.344361678933,9815.734435655153,0,0,0.004365196456114033,0.13272525182367764,0,7,908,29,0
265871,5973,20.13216302731884,65.43034764685774,1,0,0.024601846708749934,0.05030829422139454,2,3,3,0,0
265881,5974,-0.4845877586970033,68.39306298153917,1,0,0.015675661310096504,0.03928830142889643,2,1,3,0,0
265902,5975,73.43341083121905,42.706813950980774,0,1,0.05620979020455931,0.031233393520998336,1,3,4,6,0
265911,5976,62.67416891294559,2.608231540913133,0,1,0.028520843118547086,0.02760625636375892,1,2,1,0,0
265942,5977,131.09183901910822,24.23479213677212,0,1,0.06296113861381392,0.019825692382178156,1,7,3,2,5
265969,5978,36.09447673336826,67.54845715661111,1,1,0.06947378208027881,0.02396479985579479,0,4,6,6,0
266038,5979,92.1250421330823,93.79646970159594,1,0,0.05112549690638222,0.018111418226733123,-1,7,4,32,0
266538,5980,-2129.512281009264,9123.448423123526,0,0,0.003912704608384392,0.12238594510306125,0,12,846,20,32
266600,5981,103.14467427130876,63.944296172501424,0,1,0.03198061285445584,0.014292239076421588,-2,7,4,17,0
266646,5982,137.61515779651356,69.8350770873158,0,1,0.020840390376192668,0.02521783810869575,1,9,6,12,0
266739,5983,-19.994722340949927,910.0540818835947,0,1,0.019809494876440216,0.12304010887378718,1,13,83,19,21
266816,5984,70.50860304478644,474.3138668535274,0,1,0.06916067201281104,0.06940644868528052,1,11,43,24,4
266873,5985,130.5526052918549,139.57722096334408,0,1,0.01886713486974631,0.04839385229652913,1,9,14,13,32
266883,5986,-0.8937050928501957,68.14255930896039,1,0,0.010971260254307395,0.04254586730178047,2,1,3,0,0
266892,5987,34.46658920352414,50.74773492119228,1,0,0.019474457241913268,0.07370107510133607,2,4,2,0,0
266927,5988,151.62925772488504,9.531614757369518,0,1,0.053552129884910316,0.017189468652200553,1,9,2,12,10
266991,5989,185.58592584385192,62.76639649365181,0,1,0.02733313992936288,0.022198365652509714,1,11,5,7,4
267000,5990,5.115935617481526,58.00838915603745,1,0,0.018257732498958172,0.04139487228477581,2,1,2,0,0
267500,5991,-2079.379448795378,8851.50716219705,0,0,0.002542573849557193,0.11316621003637849,0,11,822,40,24
267564,5992,92.18581267901871,47.91858425934082,1,1,0.0520607661692878,0.011988462837833579,0,8,5,22,31
267571,5993,55.98951226991147,15.318286632295003,0,1,0.0479795041588611,0.03580586365161104,1,2,2,0,0
267579,5994,55.75814376688897,14.419170542107711,0,1,0.027582481783278684,0.027573578678005126,1,2,2,0,0
267587,5995,58.86459538320919,0.47153497224265806,0,1,0.024776751764510885,0.02693540826737244,1,2,1,0,0
267595,5996,60.973399310092994,1.0053693707201639,0,1,0.027415290514132377,0.02331384858851288,1,2,1,0,0
267630,5997,109.06995222544202,160.02401486531065,0,1,0.0223200725266837,0.03397742394200797,1,9,16,1,5
267638,5998,54.42498866572876,12.933384943725917,0,1,0.029082656701346653,0.02953231000716095,1,2,2,0,0
267654,5999,35.95697398375611,62.421148711822326,1,0,0.0665691635051459,0.050274379717616495,2,3,2,0,0
267663,6000,-0.0924992587536817,67.74519075468922,1,0,0.013433613967836143,0.0438396951998188,2,1,3,0,0
267672,6001,22.366775657329345,62.44027833509725,1,0,0.0229149249595986,0.06279240663427405,2,3,3,0,0
267683,6002,65.1112506911642,8.848711882125281,0,1,0.016026667652240274,0.018492373272542946,1,2,1,0,0
267691,6003,54.41757875385113,14.762951086987414,0,1,0.029940119074022067,0.03211289137557126,1,2,2,0,0
267700,6004,19.93454239501943,14.93618444078859,1,1,0.02973583400716631,0.029610309022218822,0,2,2,0,0
267708,6005,60.515448086871984,3.573061211973533,0,1,0.02033483061043053,0.01651497012108497,1,2,1,0,0
267717,6006,61.6987297036235,2.6045685914473644,0,1,0.02180811109269407,0.02140646730439784,1,2,1,0,0
267731,6007,10.940514534466253,86.95409380203276,1,0,0.015340277286375732,0.05626115097071891,2,2,4,0,3
268231,6008,-2216.7936811720315,9266.997378864638,0,0,0.003969375615294753,0.11177585894565735,0,8,863,4,13
268240,6009,55.855616099277285,16.516341056646716,0,1,0.03149364189675357,0.029531008641572543,1,2,2,0,0
268254,6010,58.394267646036305,28.061815758728798,0,1,0.036153168068596184,0.020893771450042033,1,2,3,0,0
268264,6011,17.451176597400487,17.57107544858128,1,1,0.021465328824452557,0.021648997992324948,0,2,2,0,0
268276,6012,64.34905917567708,12.525241976958583,0,1,0.02109918657686735,0.01705161779085159,1,2,2,0,0
268284,6013,54.60353062529519,18.118709900342694,0,1,0.024955849677947804,0.03128678148353249,1,2,2,0,0
268293,6014,59.446822427912124,15.089973377386581,0,1,0.027807948432423298,0.02590943544704396,1,2,2,0,0
268302,6015,59.9563154102286,13.13234348109269,0,1,0.02341197210307692,0.023043989693533454,1,2,2,0,0
268802,6016,-2229.423886652584,9325.40089820869,0,0,0.003216301690335487,0.11603242440219168,0,7,866,18,0
268812,6017,53.81636232684575,6.729148557844315,0,1,0.015540747286880286,0.020499415778296157,1,1,1,0,0
268824,6018,80.53376133967663,12.30303740322335,0,1,0.04416824739943564,0.026992702917677438,1,4,2,0,0
268833,6019,14.403547618473922,55.04429834596432,1,0,0.02344738063513308,0.025380613515076172,2,2,2,0,0
268864,6020,118.97969258241923,23.049947796664075,0,1,0.04401428171268701,0.030901254576571082,1,6,2,0,7
268872,6021,56.71940719732473,13.77263048786877,0,1,0.02742366467667191,0.030053838864740032,1,2,2,0,0
268880,6022,56.222149802024205,15.851997899027516,0,1,0.02258101746291349,0.02388395190390375,1,2,2,0,0
268970,6023,137.40188923840276,102.15093826050261,1,0,0.02399518072702076,0.014370583570780098,2,11,4,41,17
268979,6024,55.397636815302604,13.829095459517726,0,1,0.027012560550463666,0.02850951956329216,1,2,2,0,0
269011,6025,111.72162451567105,51.120448764625266,0,1,0.04901086118358605,0.023270117160419355,1,6,4,13,2
269025,6026,80.38557375584855,16.230572913112,0,1,0.07434689900723292,0.032316454300598325,1,3,2,0,0
269034,6027,62.54180977555706,2.1195173786434385,0,1,0.026058492307351556,0.028035752035726662,1,2,1,0,0
269044,6028,56.58520313012083,16.4007523714375,0,1,0.028010092411168353,0.023520378864870826,1,2,2,0,0
269059,6029,17.210923530181503,18.56334363549473,1,0,0.005798716170432031,0.013812421506665762,-1,2,1,0,0
269073,6030,25.139966736068285,58.84583191671799,1,0,0.029464938965639047,0.048275482312438125,2,3,2,0,2
269081,6031,60.45626030854247,2.4035699911867887,0,1,0.022408514620779325,0.026946274599857274,1,2,1,0,0
269090,6032,58.604426199913576,15.893664698090895,0,1,0.02469580267408458,0.026664431019701586,1,2,2,0,0
269098,6033,59.487343055953644,14.843741345828342,0,1,0.0323354333092354,0.02960613133031491,1,2,2,0,0
269130,6034,88.25862401556026,37.5372774464088,0,1,0.02902100637670418,0.03329305085271732,-2,7,4,0,0
269143,6035,-1.2994378879067128,81.96497469393748,1,0,0.010253252791437588,0.03546567060719411,2,1,4,0,0
269154,6036,9.04665852170347,86.95498314020783,1,0,0.03061053161076149,0.05689519821840399,2,2,4,0,0
269201,6037,137.92605951046178,35.52638632525291,0,1,0.096033953698889,0.015069263270022754,1,8,3,13,3
269235,6038,72.39396441536306,14.734499519420261,1,1,0.03996656238249029,0.01876253818528126,0,6,2,2,13
269735,6039,-1737.2952748781477,7816.178186803074,0,0,0.004084025943641719,0.08148524104896357,0,16,734,25,49
269745,6040,13.650136716891824,59.46094715797199,1,0,0.014430272244522369,0.045346020794587806,2,2,2,0,0
269960,6041,-693.658239706989,3158.2436813275,1,1,0.02865182061724999,0.08931573403634256,0,7,293,41,0
270001,6042,28.802170572337737,325.8064494130523,1,0,0.07074646040770043,0.06747581681742354,2,8,27,4,8
270501,6043,-2212.789935485237,9260.033550751048,0,0,0.0016747260693013625,0.11054651039144078,0,8,864,16,25
270509,6044,57.311981811547085,13.53532277693362,0,1,0.026998719809302598,0.025773069202336532,1,2,2,0,0
270516,6045,55.56042915735027,11.943551271663265,0,1,0.0331965243508126,0.035455054756585586,1,2,2,0,0
270528,6046,75.88180275198138,23.548379998878634,0,1,0.031507259604283445,0.032854103511737724,1,4,3,0,0
270537,6047,21.297493140857128,62.56650656079755,1,0,0.046816211527675546,0.07890571042720877,2,3,3,0,0
270546,6048,57.005394622538084,12.301325539042997,0,1,0.017090976972766573,0.017372333142931892,1,2,2,0,0
270553,6049,54.53737129890024,11.197864834049568,0,1,0.031084617492884246,0.034657887427687904,1,2,2,0,0
270566,6050,28.961894120892442,68.39785655734393,1,0,0.04087754405512746,0.05564560581471668,2,3,3,0,0
270578,6051,21.22977746756788,64.83373859817203,1,0,0.02163677084471831,0.050999154326703405,2,3,3,0,0
270588,6052,67.31284580901462,9.70082996835433,0,1,0.04144138320887179,0.021286270328272107,1,3,2,0,0
270594,6053,65.03587796516689,-2.6377853088985894,0,1,0.06356672426414127,0.03161560193360439,1,3,1,0,0
270602,6054,68.4752590440914,2.101650178257721,0,1,0.03907706560971868,0.03068382056762385,1,3,1,0,0
270610,6055,59.12512043984478,4.963357974911528,0,1,0.025695123737730984,0.030517245254371914,1,2,1,0,0
270671,6056,168.89589689802142,36.06872929268643,0,1,0.07031489588768995,0.01533724679456893,1,10,4,20,18
270770,6057,89.31825287472864,357.3046603535042,0,1,0.06942492372056168,0.031252474572319305,1,9,32,33,25
270777,6058,64.89721907397146,11.792195632262448,0,1,0.036857053447176165,0.03165265419913716,1,3,2,0,0
270784,6059,53.44935584756171,11.501560765071531,0,1,0.019817136626760917,0.03013348991398455,1,2,2,0,0
270807,6060,120.67377793728085,10.039946208325187,0,1,0.22665622799938062,0.014408683974949387,1,7,2,8,2
270815,6061,59.465000435411426,2.4605532570082165,0,1,0.02845945488290242,0.024141910313488033,1,2,1,0,0
270834,6062,81.8323882096958,38.69468981450653,0,1,0.0240346776787799,0.02111681362686815,1,4,4,0,0
271334,6063,-2033.9798993052843,8767.608292964173,0,0,0.0032040992724197133,0.10912705709390379,0,14,816,45,34
271344,6064,57.546033182347074,0.742292424478098,0,1,0.021940879304052627,0.018021894730311624,1,2,1,0,0
271424,6065,97.76341205566013,39.41942168633044,0,1,0.008135886362419503,0.02919510493796456,-2,5,5,4,70
271433,6066,15.014758559138484,54.61223736880777,1,0,0.022301349370778854,0.05101009692738196,2,2,2,0,0
271443,6067,57.79206790962236,15.443160631321655,0,1,0.0330888598120724,0.020383578045149387,1,2,2,0,0
271495,6068,135.44809055934365,37.76527526571447,0,1,0.0561662381183905,0.015821201143871734,1,7,3,10,18
271502,6069,66.72191165315327,-1.7084875398440786,0,1,0.03456547655562954,0.027729537290556282,1,3,1,0,0
271510,6070,2.930889063478425,67.08864369353552,1,0,0.01837373727483875,0.030732533154330156,2,1,3,0,0
271526,6071,16.525201350040636,72.00699854681535,1,0,0.019622288932253734,0.03898767860860291,2,2,3,0,0
271594,6072,224.95515128743628,11.198701878545346,0,1,0.10818121476054368,0.018000985568303495,1,14,3,16,37
271602,6073,57.03978550129459,16.957911608080178,0,1,0.023105494123711434,0.02023108661309455,1,2,2,0,0
271610,6074,62.27569577749345,14.059847086563469,0,1,0.0365039215566168,0.03538349610629192,1,2,2,0,0
271619,6075,60.64889021327846,0.7268358509190378,0,1,0.02429778906546474,0.022668263587894047,1,2,1,0,0
271628,6076,57.75216643818699,16.039760549136478,0,1,0.02722455038553508,0.02452727300128259,1,2,2,0,0
271636,6077,58.26325119853888,14.3063025377934,0,1,0.022186288686581408,0.029811070010857373,1,2,2,0,0
271645,6078,58.40005995207516,16.601586222737808,0,1,0.023637199460379368,0.026907002289216695,1,2,2,0,0
271671,6079,68.7324799105338,16.857118484780248,1,1,0.10930008456918903,0.024522704580506396,0,6,2,8,5
271681,6080,60.228029297406636,16.00929474324839,0,1,0.02704186727801145,0.023757154748231316,1,2,2,0,0
271689,6081,62.66595412630403,12.046740094481228,0,1,0.03299883677660484,0.02723641339909537,1,2,2,0,0
271699,6082,56.90317726580264,13.545066861050802,0,1,0.03791607527065439,0.019050670121218954,1,2,2,0,0
271707,6083,14.57575333886798,55.48179397405249,1,0,0.03036705915654527,0.029356668295062466,2,2,2,0,0
271716,6084,60.393917742288856,13.606175554659568,0,1,0.023354146759408858,0.02121312727332805,1,2,2,0,0
271776,6085,45.551015863615746,341.0055440602356,1,0,0.07789976894862814,0.03824201962339904,2,10,28,20,10
271810,6086,89.1643892613688,44.812385719233376,0,1,0.017482564234085368,0.020310682388601852,1,4,4,0,11
271818,6087,56.756312490802344,17.05988795767311,0,1,0.030521317311287766,0.030026584701892782,1,2,2,0,0
271828,6088,62.26270900553981,18.724044722134785,0,1,0.027787331960259377,0.027912252146698978,1,2,2,0,0
271837,6089,57.826460165960725,14.699129858730473,0,1,0.02722988884644378,0.025660243779626724,1,2,2,0,0
271845,6090,54.17683827319031,13.4161731355067,0,1,0.02689786002834554,0.017638710184233002,1,2,2,0,0
271867,6091,37.71553858756529,29.973755741688382,1,1,0.12029731730887523,0.03533828472027962,0,3,2,2,0
272367,6092,-2231.367707415453,9442.198595087577,0,0,0.002957722362576936,0.12648749143145213,0,12,875,60,16
272378,6093,63.07795871299888,18.403976129083723,0,1,0.022485642459709868,0.020843929882579246,1,2,2,0,0
272388,6094,62.30864263849983,18.465668490121647,0,1,0.023650101762282116,0.024807068580099085,1,2,2,0,0
272447,6095,37.9360509505862,264.6062880735617,1,0,0.024526820532843552,0.06659477022975109,2,6,18,21,8
272459,6096,-1.0501160029359529,68.25549411871671,1,0,0.01127992836783427,0.02621660362195241,2,1,3,0,0
272502,6097,62.05575879224222,84.05761292640769,1,0,0.03576541396307989,0.014950603956141706,2,6,3,19,0
272511,6098,19.20146510968508,52.82742145816246,1,0,0.019588159753818734,0.017294764413246313,2,2,1,0,0
272518,6099,55.740078046895576,14.319264180054768,0,1,0.03314356422398096,0.026873842595033642,1,2,2,0,0
272525,6100,53.493447612634824,10.495250491711698,0,1,0.02862375183764643,0.02136454691803191,1,2,2,0,0
272560,6101,70.43609800580938,57.58371730823519,1,0,0.07151568794396113,0.01218234176953777,-1,6,3,15,0
272571,6102,19.91699204344481,52.919421389339604,1,0,0.016021769663794875,0.01860800836593134,2,2,1,0,0
272578,6103,52.823159761743725,12.641811825466743,0,1,0.027662022070837424,0.020482573296838252,1,2,2,0,0
273078,6104,-1899.798242254788,8248.66820057332,0,0,0.0039162897977471035,0.10111362566346196,0,10,763,40,1
273086,6105,15.50410866450654,57.00153302027433,1,0,0.011186035747193668,0.021172077446677186,2,2,2,0,0
273093,6106,13.240695413941244,43.921152732125506,1,0,0.020864084929112743,0.01625706882753833,2,2,1,0,0
273105,6107,10.269275078240035,66.92818256925814,1,0,0.014729937600325524,0.03201777849434481,2,2,3,0,0
273115,6108,16.498471046008497,61.96884957495017,1,0,0.010661370377720412,0.006150093382405543,2,2,2,0,0
273138,6109,98.52533020247596,15.677619420586453,0,1,0.08761132391366618,0.009766207391479577,1,5,2,11,0
273145,6110,9.775771435235438,54.7743028146498,1,0,0.016748833069062812,0.02148273799393205,2,2,2,0,0
273200,6111,91.71185224137383,181.21793246586367,0,1,0.057195164986176786,0.06272092964660841,-2,8,16,5,13
273356,6112,-171.10233862312333,1407.1860100285112,0,1,0.011370628289780336,0.0700937787115794,1,9,128,25,8
273365,6113,17.673293224754122,59.92320905175839,1,0,0.02050361566621185,0.015465591318910975,2,2,2,0,0
273374,6114,13.869107029628324,56.3247754998353,1,0,0.006772751270358601,0.010116335097163812,2,2,2,0,0
273420,6115,103.97592701518394,54.850786737991235,1,0,0.03263599620972612,0.016749569876002967,-1,10,4,24,3
273431,6116,1.4705026168419408,62.53343451065902,1,0,0.012816897836501194,0.017421652173795946,2,1,2,0,0
273450,6117,83.92525874936422,26.458085271540867,0,1,0.12657995512300352,0.015662894978078806,1,4,3,5,0
273460,6118,8.490917040167815,65.11809839767875,1,0,0.01101984127411615,0.033815246934664644,2,2,3,0,0
273960,6119,-2146.249766209828,9295.447559977149,0,0,0.004974786534151431,0.11989378034067796,0,15,865,13,28
273967,6120,57.22894852860077,1.1421798897188413,0,1,0.024418549188917317,0.017458510014268073,1,2,1,0,0
273996,6121,158.48340599462887,41.90531729204084,0,1,0.033959398545964664,0.01693059740227816,1,12,7,0,5
274009,6122,12.836937052395687,66.46686703343113,1,0,0.011499374897600846,0.03390180177755452,2,2,3,0,0
274020,6123,6.113571400053765,59.389664756431344,1,0,0.010787412405767815,0.024367270070581603,2,1,2,0,0
274027,6124,54.45520162256379,13.14800749544678,0,1,0.021107225019524528,0.012702789998899731,1,2,2,0,0
274039,6125,67.41786983825135,1.696401781182633,0,1,0.01999522320572131,0.00315322785284099,1,3,1,0,0
274050,6126,5.02979626150325,59.538514501131154,1,0,0.011614932733019123,0.031594595119975276,2,1,2,0,0
274066,6127,13.60357831683125,76.31951030959868,1,0,0.01230951516562715,0.027006172018234624,2,2,3,0,0
274072,6128,61.742839383456825,6.323180562722856,0,1,0.03705080167669364,0.014091544236359018,1,3,2,0,0
274083,6129,13.791591151062402,56.1381124506087,1,0,0.013910669521764984,0.017370078233789107,2,2,2,0,0
274093,6130,61.41073572026481,2.565439104307714,0,1,0.011017966225384276,0.007792840769747446,1,2,1,0,0
274104,6131,-0.5730010988856176,68.43557026489745,1,0,0.011104422324263523,0.029172551813319583,2,1,3,0,0
274111,6132,64.59925000345197,7.2913403600134785,0,1,0.019364237021106866,0.009542239984205794,1,3,2,0,0
274154,6133,117.13736674868711,63.11345509699052,0,1,0.06613052629751481,0.013194905797778017,1,7,6,10,8
274173,6134,37.94428879530735,40.09009112359276,0,1,0.03488503502949126,0.024340420446020895,-2,3,4,0,0
274186,6135,13.65484797383165,67.89248003673244,1,0,0.020839337223736185,0.04061884778870403,2,2,3,0,0
274197,6136,3.080449126032123,57.44777646643021,1,0,0.013225962352770394,0.02934598211489168,2,1,2,0,0
274337,6137,-212.75439889790096,1481.426777108164,0,1,0.008707889955531728,0.10219664767505286,-2,9,134,14,21
274347,6138,61.21915268342259,4.272392101721753,0,1,0.039012539274794235,0.023896380172901736,1,2,1,0,0
274358,6139,10.069401149211636,68.98079775503315,1,0,0.010336076870997614,0.03421735895474796,2,2,3,0,0
274402,6140,97.58496667378598,109.63851330209394,1,0,0.09281920907135262,0.04186102746036006,2,10,6,20,11
274413,6141,3.760201626084614,60.37735170642797,1,0,0.012895526658429302,0.0321859369484862,2,1,2,0,0
274534,6142,53.19333592399525,497.4680563682684,1,0,0.059397369775242424,0.04049953552849672,2,11,40,46,30
274557,6143,126.1239383423496,19.49390245615413,0,1,0.03112132845790827,0.026571793589327927,1,8,3,4,0
274564,6144,57.75244664195242,1.906674813470019,0,1,0.028343674033096188,0.024209535271042415,1,2,1,0,0
274572,6145,57.412667106204836,15.170863196006428,0,1,0.02445339657080394,0.027950146793667877,1,2,2,0,0
274582,6146,21.98014511110849,46.47772191847821,1,0,0.020769519046359076,0.017457655439085635,2,2,1,0,0
274608,6147,110.293979091665,26.101021199033738,0,1,0.048618169287327054,0.014327157868497007,1,6,3,7,0
274617,6148,-1.119018564295967,78.66823780567805,1,0,0.01835191626141322,0.060798966818775585,2,1,4,0,0
274625,6149,57.70412946228355,15.196571660954852,0,1,0.027097421307176392,0.024824909232701413,1,2,2,0,0
274633,6150,63.07948474363097,12.962234774110538,0,1,0.031209008354518654,0.03141350421515596,1,2,2,0,0
274641,6151,57.38385549792764,4.015729982762679,0,1,0.022337546869417618,0.024073207789947013,1,2,1,0,0
274733,6152,139.72841168941974,105.824266757829,1,0,0.03685268565933801,0.013548790587568662,-1,10,5,13,0
274742,6153,50.684790578054105,5.236195932115381,0,1,0.01619313727861827,0.015671905235203096,1,1,1,0,0
274751,6154,63.94476707491848,13.197321815144786,0,1,0.021511934074806623,0.02233161355530882,1,2,2,0,0
274821,6155,131.4675653976861,86.35221026319127,1,0,0.025529985865538653,0.039854855093680905,2,10,3,13,8
274853,6156,141.1469487643648,49.572754195005096,0,1,0.04207210968388393,0.02655330368639372,1,9,5,6,2
274861,6157,56.74387157066031,12.040987308589472,0,1,0.028775852620669222,0.030403438424101023,1,2,2,0,0
274871,6158,2.579852649210995,56.529073413855414,1,0,0.003861276828690644,0.017910905643651324,2,1,2,0,0
275371,6159,-2053.389096036336,8830.049319290569,0,0,0.0034199968194023973,0.111407654842632,0,9,817,44,6
275378,6160,56.37526430838296,-0.32085334027210344,0,1,0.025164485763395385,0.03155916479669906,1,2,1,0,0
275395,6161,19.717679960008205,78.26612337164332,1,0,0.035476255875130924,0.03881346678428449,2,2,3,0,0
275402,6162,54.418790048790825,12.630831893519936,0,1,0.027236883626995053,0.023557830208456327,1,2,2,0,0
275409,6163,55.275939709673736,10.595734353712212,0,1,0.03479770866093111,0.029725377481312786,1,2,2,0,0
275417,6164,66.54355606671659,-0.06941555875996919,0,1,0.03346963948161891,0.02266864332510915,1,3,1,0,0
275427,6165,59.91726159250484,2.955661246694124,0,1,0.023660035941871563,0.020562888587022474,1,2,1,0,0
275449,6166,95.5703920927121,27.45185203297359,0,1,0.03362786918797674,0.03193081472442002,1,5,3,0,0
275458,6167,61.793159834235226,3.2785637138440915,0,1,0.02094240215524689,0.023758155626551092,1,2,1,0,0
275514,6168,102.54507034636072,73.62995742329153,1,1,0.07227088274230838,0.028535585670821755,0,10,6,25,0
275535,6169,106.46356101090899,33.238352210268445,0,1,0.05825158964140196,0.03639790150891116,1,6,4,2,0
275595,6170,181.99984110937177,31.69599141915235,0,1,0.11636249958335952,0.0240304902243153,1,10,4,14,34
275603,6171,59.47068162762661,2.2856605838954422,0,1,0.024703082602493483,0.02334136250303039,1,2,1,0,0
275613,6172,63.41278744927156,3.530777279039272,0,1,0.01919500222056287,0.022941588939076676,1,2,1,0,0
275623,6173,61.97571834998989,4.226768554744792,0,1,0.02090953104720052,0.022785463488211453,1,2,1,0,0
275631,6174,57.32969413628957,12.46895705166742,0,1,0.03179527238424235,0.029739585273794285,1,2,2,0,0
275654,6175,76.60517327961273,115.26349291804809,0,1,0.05376164291820144,0.08085237962697313,1,5,10,0,0
275666,6176,8.005247404687513,78.76845442139617,1,0,0.010121883697466331,0.02324643516068022,2,2,4,0,0
275707,6177,165.38136776944356,18.25670787869167,0,1,0.11577934308970313,0.03871521366086323,1,10,4,5,17
275714,6178,65.0379949638878,9.379204675441702,0,1,0.03098015331923621,0.029938578080728587,1,3,2,0,0
276214,6179,-2141.221281839418,9189.416014035553,0,0,0.0042997302417530445,0.11909927389005236,0,13,852,33,1
276714,6180,-2174.0551754554535,8851.76589606189,0,0,0.001598415724097545,0.10516225440730861,0,7,823,30,1
276721,6181,55.198481563525526,14.429743801207533,0,1,0.03388154550832668,0.031553707163148,1,2,2,0,0
276765,6182,53.004342677991104,404.30002067903956,0,1,0.042165018623812334,0.08612840516396707,1,9,39,5,3
276774,6183,60.73715157680195,13.930467701070796,0,1,0.024777156114075573,0.018777903572789155,1,2,2,0,0
276781,6184,55.57552894510753,14.332396921702287,0,1,0.04384228349519643,0.02486875624968637,1,2,2,0,0
276788,6185,53.77208946276025,10.937675863523062,0,1,0.03976742106687401,0.030666103842694088,1,2,2,0,0
276801,6186,14.404799786097966,76.49057679979842,1,0,0.022130708249026545,0.03415562862684475,2,2,3,0,0
276808,6187,53.60298468224952,12.400584370501877,0,1,0.03303494130022627,0.03513807652873397,1,2,2,0,0
276825,6188,104.06401009815474,21.64748327827911,0,1,0.11903973119918133,0.028162041009173553,1,6,3,8,0
276838,6189,22.573528155058245,63.192588662520684,1,0,0.02173017563280621,0.02897170803827471,2,3,3,0,0
276846,6190,64.15921444716716,17.10731417356135,0,1,0.03997257667924152,0.03472461044178156,1,2,2,0,0
276856,6191,9.034852342231865,75.16081804689955,1,0,0.025441001139299757,0.051246647567045424,2,2,4,0,1
276865,6192,55.97411116976671,13.917560189907931,0,1,0.0357631165233225,0.01832959380321179,1,2,2,0,0
276871,6193,11.959331437632974,54.18758802845174,1,0,0.06703290485980369,0.046581571740879006,2,2,2,0,0
276888,6194,23.95419693719136,64.02274782985829,1,0,0.021081593970832934,0.0481590249890565,2,3,3,0,8
277388,6195,-2065.783460308266,8790.983456911774,0,0,0.00909461155255034,0.10326531447380231,0,10,822,7,23
277401,6196,10.132243434380904,66.0025845966634,1,0,0.015134476902970245,0.03236586012660998,2,2,3,0,2
277413,6197,8.932286295001802,75.57393176166073,1,0,0.015655986942373586,0.05027718568743348,2,2,4,0,1
277446,6198,135.28736721058067,17.78014380427772,0,1,0.20114627948714542,0.026414799778340752,1,8,3,16,15
277458,6199,14.058957296619264,65.87330001433223,1,0,0.009598005656762705,0.04467432365123861,2,2,3,0,0
277521,6200,54.95270666369224,108.45086088717454,1,1,0.1040822547439251,0.031146900554528997,0,5,10,7,30
277534,6201,9.056111244442171,58.09628075966603,1,0,0.01287162712753542,0.0725887421365171,2,1,2,0,4
277572,6202,113.15382408672006,81.01850831686849,0,1,0.16196193603930284,0.028188565843717605,1,7,8,20,8
277583,6203,8.514338383195888,74.07796744078973,1,0,0.007660276717776454,0.06307527373675592,2,2,4,0,2
277703,6204,125.8259629985832,99.15993857104216,1,0,0.06246620129468252,0.013220206222185251,-1,8,4,26,0
277718,6205,8.943857195867839,90.5613039790311,1,0,0.016620779797375432,0.029802728481464702,2,2,5,0,0
277762,6206,124.16881974728935,15.328039277369289,0,1,0.02688163082997934,0.013686797957861447,1,6,2,7,18
277813,6207,152.4525831837632,42.385123888763104,0,1,0.04954229835858033,0.021571913990176366,1,9,5,9,23
277823,6208,3.6164394599115504,56.80491210870429,1,0,0.02006725951298817,0.02366943301187316,2,1,2,0,0
277854,6209,170.2604724065441,54.511575028173496,0,1,0.05013343825513947,0.03899221518871194,1,12,7,4,1
277872,6210,34.51886777842053,83.6934348698738,1,0,0.019191868977499225,0.03085788775466848,2,4,5,0,0
277882,6211,54.39163328529327,13.54847172611744,0,1,0.029081953444403424,0.014414932472783328,1,2,2,0,0
277897,6212,12.323308015622334,38.280293081799364,1,0,0.013122557129788569,0.021841880800339473,-1,2,3,0,0
277905,6213,64.26263975200919,7.719214736481774,0,1,0.05378590164624911,0.013002675273214344,1,3,2,0,0
277952,6214,62.885389549492615,51.40926804110121,1,1,0.033009400187771834,0.014839603058987906,0,5,3,20,3
277960,6215,11.153294316799238,64.13408133675605,1,0,0.021423235680673808,0.07277681242235888,2,2,3,0,0
278000,6216,150.96854607759565,14.822878816523495,0,1,0.1413401320151155,0.028524158099492197,1,8,3,3,16
278063,6217,205.18719837446613,8.149666529109346,0,1,0.09350710353559856,0.039478055708889015,1,11,3,9,47
278563,6218,-2050.048980696736,8753.109459654048,0,0,0.0024996606489532864,0.10636917362421015,0,12,817,16,42
278590,6219,133.38013734000435,17.680183159454412,0,1,0.22179313810473222,0.039732232577570185,1,8,3,8,0
278599,6220,1.0158300116002508,67.64392638735694,1,0,0.017969905015542395,0.045317703755124644,2,1,3,0,0
278610,6221,12.862766172929508,55.649060813378725,1,0,0.018008230565278616,0.046619850593180946,2,2,2,0,0
279110,6222,-1936.1162778115254,8419.182190079893,0,0,0.004066118301341511,0.10790357028032758,0,11,779,35,13
279121,6223,6.950053212015547,76.84401232365656,1,0,0.02750083557027984,0.052190098179861845,2,2,4,0,0
279136,6224,21.616770434024588,74.27648130893064,1,0,0.017510600045809024,0.03506063682604616,2,3,4,0,2
279151,6225,15.805888339380328,65.44372279039362,1,0,0.015765890416123175,0.034745782937402096,2,2,3,0,5
279208,6226,185.66528571536702,41.249659125156825,0,1,0.1322230044796718,0.02114650207643371,1,11,4,10,10
279220,6227,28.185678564197367,70.03254669106826,1,0,0.04395528496271184,0.07603923623804497,2,3,3,0,0
279233,6228,13.359561373952653,66.08283117655863,1,0,0.01835924555935307,0.03368385936308539,2,2,3,0,0
279244,6229,7.5289879586729,75.69909327859725,1,0,0.01964023592020481,0.04404173262874439,2,2,4,0,1
279331,6230,81.99939258892553,339.31246471689593,1,0,0.020725233749882662,0.059546709690842664,2,11,26,20,32
279342,6231,41.90538576352422,55.71296662098315,1,0,0.03609609634218453,0.07662546423324791,2,5,3,0,3
279455,6232,-1.7134996069135013,728.4871316007749,1,1,0.024355885641978436,0.061242310896471856,0,12,67,14,34
279472,6233,37.146300636046185,61.98261265469445,1,0,0.026965501798260152,0.04736191157402476,2,4,3,0,4
279483,6234,12.34358790667028,65.10818417436555,1,0,0.017217845717565673,0.04210660239216194,2,2,3,0,1
279505,6235,59.14039224563274,75.65551959850588,1,0,0.03055695380818874,0.03211003756969519,2,5,4,0,3
279512,6236,58.28836776026343,4.290017116538074,0,1,0.05877608445556421,0.041348045385006096,1,2,1,0,0
279523,6237,-1.7557949759589864,77.4210691713934,1,0,0.02154459313065968,0.05969787540924898,2,1,4,0,3
279536,6238,25.86730540741854,63.95144962507509,1,0,0.023631009389384214,0.032373879545144285,2,3,3,0,0
279561,6239,68.7271816752435,7.776553543785081,0,1,0.0410128824224169,0.030930664115550465,-2,5,2,0,10
279572,6240,9.857984297039085,63.93617754664239,1,0,0.012577698201995112,0.03207002432285719,2,2,3,0,2
279587,6241,33.476582006984,61.63126200878391,1,0,0.021407571079623988,0.0406390840261347,2,4,3,0,2
279696,6242,-34.67360413246699,670.5262255964835,1,1,0.02378913088593858,0.05025960544208326,0,10,63,39,49
279741,6243,135.33454345588342,17.0002440795272,0,1,0.120120592754367,0.018138610166013643,1,7,3,8,24
279761,6244,84.02771540685609,16.022762904886598,0,1,0.047029400325726646,0.030503058613967855,1,4,2,3,1
279774,6245,14.686025374507283,65.74964895143461,1,0,0.020433986162063975,0.050292701684443004,2,2,3,0,1
279866,6246,-125.16808096599121,909.9730371051953,1,0,0.0170449034632239,0.10470556197759896,2,7,77,32,6
279879,6247,30.727717117967593,68.16848083144731,1,0,0.022121319785554282,0.04883645184980615,2,4,4,0,4
279896,6248,25.227634061920682,33.01897658311779,1,0,0.014347519103296066,0.02947526436739898,-1,3,3,0,6
279910,6249,88.02475132332884,18.767467847173283,0,1,0.032987130448684565,0.035531519441098544,1,5,3,0,1
279920,6250,4.138006845213937,45.50754755884571,1,0,0.002162554098092387,0.035373728748258365,2,1,1,0,2
279950,6251,125.59538093039816,14.99131469896719,0,1,0.030522386228273315,0.017003447257645608,1,7,2,1,5
279980,6252,110.7323570747649,25.546876753473246,0,1,0.03269715068167299,0.027619332637782663,1,6,2,5,0
279995,6253,2.153042847128475,108.8461338582547,1,0,0.015511067819159561,0.059642282760749676,2,2,7,0,1
280017,6254,96.46282833435822,25.549384704576866,0,1,0.09039704842630641,0.03766127777560753,1,5,3,8,0
280025,6255,10.814516077911076,53.437365595865515,1,0,0.016750475955562963,0.053418946539210165,2,2,2,0,0
280036,6256,22.91349112645174,71.09861074502314,1,0,0.05678431120835525,0.06615567771039568,2,3,3,0,0
280045,6257,11.017470601123037,64.3397642639868,1,0,0.015171390939468303,0.044370610326028986,2,2,3,0,0
280055,6258,7.650040861978869,64.33598703857415,1,0,0.004917300779472217,0.03311810033689671,2,2,3,0,0
280067,6259,12.24228729496188,64.07320488098136,1,0,0.018030469100554978,0.062319111976661436,2,2,3,0,4
280126,6260,123.64027007067085,51.161116988723926,1,0,0.09478190718404952,0.027062754684375797,-1,11,3,27,7
280236,6261,62.42062011929122,455.03232028248726,1,1,0.03265207889096949,0.036333483163324055,0,11,39,20,10
280252,6262,15.710369740928076,64.65313694067923,1,0,0.0120715208120379,0.03851348365891262,2,2,3,0,6
280263,6263,-0.7029894597740132,57.27218100202083,1,0,0.00913278809124198,0.033136990727688595,2,1,2,0,0
280274,6264,8.184568534157744,65.43241460589091,1,0,0.01149639948898993,0.03484210502954456,2,2,3,0,0
280284,6265,0.8806795447872595,55.013717868612254,1,0,0.006508735660323337,0.06422050476126716,2,1,2,0,3
280293,6266,20.449247080219976,63.33300351133901,1,0,0.0415312100315294,0.05341392499597727,2,3,3,0,0
280317,6267,119.75419732832293,13.927624460168381,0,1,0.026835201139216128,0.022889526844875132,1,7,2,0,0
280817,6268,-2096.9048077258094,9031.128763383673,0,0,0.0028298350617929013,0.12174080338163602,0,14,838,37,32
280855,6269,122.80759053649297,3.58188012665126,1,1,0.1771317612015318,0.024881034974687476,0,11,3,9,21
280866,6270,11.708834851496654,53.934865974055036,1,0,0.012476093261728605,0.027934072465362603,2,2,2,0,0
280894,6271,121.14740567036674,26.78491397380617,0,1,0.08387839455397528,0.01971419061110165,1,7,3,12,0
280925,6272,54.64576042417973,26.585184909203463,1,1,0.13063022170662178,0.022660760872943924,0,5,4,7,16
280936,6273,0.3202783628594652,68.11071480413361,1,0,0.013074936154047171,0.04403093263413256,2,1,3,0,1
280950,6274,14.473058770847093,69.01946746581791,1,0,0.020982621589820772,0.04661004387773034,2,2,3,0,0
280961,6275,0.6186803901324041,66.66029879204814,1,0,0.011162445246488881,0.041266284110096536,2,1,3,0,1
280971,6276,23.610156725743686,50.89152731116563,1,0,0.014903957750514323,0.03900146842811819,2,3,2,0,1
281084,6277,-87.05806382167319,1095.6789755347554,0,1,0.07216121075122897,0.1173984090334423,1,9,97,40,30
281098,6278,-0.8711365773600477,81.75665169126206,1,0,0.013121554809417046,0.035347359377841496,2,1,4,0,0
281136,6279,155.6904444197341,9.0962054156731,1,1,0.05123253366453747,0.02780371098343841,0,13,3,0,12
281173,6280,186.60252861468456,12.541671354308846,0,1,0.04576234511275956,0.0265109305464853,1,12,3,2,3
281186,6281,1.0150004112997166,66.27449327897577,1,0,0.007926347534411193,0.03485594384530975,2,1,3,0,5
281195,6282,3.0812133471679353,56.806186059324524,1,0,0.020694829478001484,0.04950723403597809,2,1,2,0,0
281207,6283,-1.3129703389423248,69.3209865973472,1,0,0.011484117806864215,0.03931368011676999,2,1,3,0,0
281227,6284,82.53763549054582,28.673556588624937,0,1,0.01960657899430984,0.028220205216061212,1,4,3,0,1
281238,6285,12.70256469631282,64.32292317982903,1,0,0.014248888127618459,0.04989790301986585,2,2,3,0,2
281253,6286,45.7958202574984,57.42517748744835,1,0,0.03241975654176351,0.09108450456968173,2,5,3,0,0
281264,6287,11.872222576668888,62.31634257510362,1,0,0.012793318977964154,0.04344504664915849,2,2,3,0,3
281324,6288,140.76142773841565,21.632115252805914,0,1,0.029727042775292974,0.01420137835988885,1,7,2,9,15
281335,6289,28.00751905490657,51.107980227232034,1,0,0.020641724130776074,0.09946385186133666,2,3,2,0,2
281345,6290,4.653541592677158,57.29010448945586,1,0,0.006438283606765426,0.03842704038843902,2,1,2,0,0
281845,6291,-1866.565666429426,8517.26610741164,0,0,0.0035292744117822344,0.115425851648439,0,17,789,26,25
281901,6292,138.2076816292534,35.75325438762559,1,1,0.09556332501966727,0.02620957996413726,0,12,3,20,0
281912,6293,11.883897837816638,64.9513492262093,1,0,0.017970984196500495,0.03512150254388646,2,2,3,0,0
281926,6294,16.100064121257443,57.04898880668998,1,0,0.014136658543444163,0.02822754301614,2,2,2,0,0
282426,6295,-2184.4394909871708,9246.01689121995,0,0,0.0030251937619990895,0.12081953629510725,0,8,858,13,28
282438,6296,19.599666736817237,73.34927381943811,1,0,0.019864514073114774,0.059375900606940646,2,3,4,0,3
282451,6297,12.841464171632733,66.70648624936496,1,0,0.01887338363570517,0.04347082360776854,2,2,3,0,0
282464,6298,10.602859727105944,67.68862782844506,1,0,0.016684937300107498,0.04004125753996501,2,2,3,0,0
282475,6299,-0.30195598899344134,68.92917605207629,1,0,0.015558031433887053,0.04247302635954306,2,1,3,0,1
282535,6300,114.91941377589191,20.438953450826368,1,1,0.10027014221341578,0.03838959314777704,0,9,2,16,20
282545,6301,-1.6821542861532883,68.10318057678384,1,0,0.013523787584683622,0.04496928866900328,2,1,3,0,0
282560,6302,94.44070979406698,8.984716755111773,0,1,0.05423278439455323,0.03426827635351503,1,5,2,0,0
282569,6303,8.419455265831871,63.36861022729818,1,0,0.01621320048379546,0.05200452189431695,2,2,3,0,1
282579,6304,0.3643627707628667,67.93967828442517,1,0,0.015168181410306358,0.06614092189078843,2,1,3,0,1
282600,6305,105.84284345209676,11.692014236937183,0,1,0.03014882594023585,0.019166380212348205,1,6,2,0,1
282636,6306,116.6726176609221,21.974356166608224,0,1,0.13639248364324613,0.03290937798321705,1,6,2,14,2
282646,6307,-4.003829624099231,77.14222490976917,1,0,0.015734257910341144,0.062066256194068845,2,1,4,0,3
282656,6308,12.900362028392447,65.0802107526244,1,0,0.016199974022020065,0.051737846579112866,2,2,3,0,0
282666,6309,5.603599443577105,58.034591812533634,1,0,0.01118479421294113,0.04463259075885817,2,1,2,0,0
282682,6310,23.40366726103256,72.46304422195098,1,0,0.04045543192690488,0.06890813610628996,2,3,4,0,7
282693,6311,8.088738605161009,75.33449320669206,1,0,0.019581517227284854,0.046819071837493204,2,2,4,0,2
282706,6312,0.5981757236616474,68.54057889854082,1,0,0.013001517564161643,0.04264304927297952,2,1,3,0,2
282721,6313,11.909648415004352,68.99313619632248,1,0,0.01640485781556894,0.039988487044928314,2,2,3,0,0
282730,6314,-2.726692017218056,76.82433031919533,1,0,0.018025116602355853,0.05070651098447532,2,1,4,0,0
282751,6315,27.54705295992398,71.0925000872144,1,0,0.02259271155163233,0.04138431992572472,2,3,3,0,0
282761,6316,1.9787035103290407,57.58162925544319,1,0,0.01325935403059177,0.05375684963487635,2,1,2,0,1
282770,6317,3.4077573109353025,56.58072579307826,1,0,0.013408109135402862,0.04458800634373882,2,1,2,0,0
282783,6318,23.744886291148198,62.07364674641506,1,0,0.014328737758808132,0.037595464631038564,2,3,3,0,3
282793,6319,9.906012997035836,64.79674966875831,1,0,0.01954719670945638,0.06613639896248938,2,2,3,0,0
283293,6320,-1958.7326739873495,8634.799164869615,0,0,0.0029660990950855126,0.11275741768928316,0,15,801,35,22
283369,6321,97.77953242348315,81.07893091760555,1,0,0.013602723471275651,0.028208676518328018,-1,7,4,13,12
283381,6322,1.173274257511455,67.68623772023685,1,0,0.007098667819334967,0.03731949872654419,2,1,3,0,1
283427,6323,103.13362061110075,50.62531870032138,1,0,0.05486941591583831,0.019735929272097264,-1,9,3,13,1
283441,6324,83.03775385188081,37.43856155021204,0,1,0.05839123165429118,0.03198996526853127,1,4,4,0,0
283451,6325,9.322246556860236,66.77817259522072,1,0,0.02323303334650669,0.06832937511966419,2,2,3,0,0
283462,6326,5.4968180376745295,58.63308173023444,1,0,0.020117652801202583,0.04812196459753166,2,1,2,0,0
283962,6327,-2000.496847311295,8493.916022468033,0,0,0.0016778329336769417,0.09956780276246424,0,7,791,19,34
283973,6328,11.03467529401529,65.32680404387499,1,0,0.02001346887932757,0.056736135817745774,2,2,3,0,2
283983,6329,20.250214033952627,64.69902284147705,1,0,0.031037773562563088,0.05143308631847356,2,3,3,0,0
283993,6330,6.083741899545142,75.35392775417627,1,0,0.019215220072104203,0.04441653315560503,2,2,4,0,0
284099,6331,132.57783298686283,282.42009699844897,0,1,0.017230022040592152,0.032249313094648846,1,12,28,38,70
284110,6332,13.625039484282446,53.84954804057653,1,0,0.016211870981588626,0.04920389810091677,2,2,2,0,1
284121,6333,-1.385320154192451,67.57898360621964,1,0,0.011863366180386477,0.052576420962293355,2,1,3,0,1
284134,6334,20.646277259363238,64.5177144334461,1,0,0.017365642011220997,0.03834159018210786,2,3,3,0,0
284145,6335,13.50967531008579,55.4344835854819,1,0,0.016869239326502628,0.056625336288827884,2,2,2,0,1
284155,6336,3.220202708684287,57.06398776745459,1,0,0.017493798739993897,0.03694404329851529,2,1,2,0,0
284231,6337,116.69114558861418,86.87820536437387,0,1,0.061244839369373076,0.03554200726953699,-2,7,6,17,3
284278,6338,134.0906850351217,31.095845903260166,0,1,0.06586037574282465,0.014295247174310115,1,7,3,10,9
284299,6339,118.06960675269174,16.76227701737936,0,1,0.06399594689793521,0.03957594683071781,1,7,3,2,1
284321,6340,76.75498193014947,25.81152819660494,0,1,0.06345319614350559,0.11175586798439176,1,3,2,0,0
284337,6341,22.770713550001656,73.89849666863182,1,0,0.01311198579508739,0.04113075235898907,2,3,4,0,3
284377,6342,76.21863693835402,66.35445621635292,1,0,0.017393701918885934,0.05410549089316998,2,6,4,0,33
284385,6343,11.419522525256983,63.30183921088531,1,0,0.01969227644238256,0.048012165053755565,2,2,3,0,0
284392,6344,58.26817072150745,1.3608357760787761,0,1,0.07134958097884284,0.03537335925089897,1,2,1,0,0
284404,6345,14.35973629179081,55.413046105787366,1,0,0.018926111179716952,0.053511683153445094,2,2,2,0,1
284416,6346,10.756368980164343,67.21645537293772,1,0,0.014186291217425926,0.057485111759916004,2,2,3,0,0
284443,6347,124.43872031052173,28.27036856693799,0,1,0.025948450686095498,0.02082207242026768,1,8,4,0,6
284457,6348,10.55441021208101,77.55590877814844,1,0,0.0206321605730603,0.03656906870188935,2,2,4,0,0
284483,6349,101.61850188253214,21.61976929737762,0,1,0.02347155248786566,0.01967876857123247,1,5,2,0,0
284519,6350,133.25386530527368,29.3482965710682,0,1,0.030476112900388277,0.021507520396309866,1,8,4,3,10
284528,6351,10.386873526434073,64.92060916543572,1,0,0.02969525765257044,0.059415812829984524,2,2,3,0,1
285028,6352,-2018.0885339081117,8526.837101923104,0,0,0.005507886042872859,0.10285178250837523,0,8,792,10,29
285044,6353,16.67043092581463,82.10551782942282,1,0,0.01768843300468842,0.0396465628528239,2,3,5,0,5
285054,6354,11.486114433798903,63.721727563076485,1,0,0.0158208306523491,0.046021920602991956,2,2,3,0,1
285158,6355,139.34324957724024,67.29216607468409,1,1,0.038847203460965346,0.01774443620643807,0,10,4,33,1
285170,6356,11.352253517177225,55.45333629955811,1,0,0.01440614831974941,0.04445414518990146,2,2,2,0,1
285181,6357,23.204021895440924,62.48502798938614,1,0,0.03232915130612654,0.06472366810476235,2,3,3,0,3
285223,6358,231.53367806540658,18.631419539336232,0,1,0.13382172159953099,0.026413302910613508,1,17,6,9,24
285230,6359,53.39575708292987,13.787860993284374,0,1,0.0343659044517947,0.03773071215807835,1,2,2,0,0
285316,6360,220.7806615003962,40.23454695249832,0,1,0.06827029173217623,0.02202624609801387,1,13,5,22,57
285337,6361,20.22965701938309,66.61070384868138,1,0,0.010146271249980826,0.030909681480798,2,2,3,0,9
285347,6362,3.0624304176275086,56.81099783225358,1,0,0.01418594818568569,0.035904447876537446,2,1,2,0,0
285385,6363,116.3542571456167,50.69087439721914,0,1,0.019454613804266666,0.02368126680515634,1,7,5,3,4
285412,6364,108.01154817464055,28.152284413139483,0,1,0.03325724541942267,0.03190090266238659,1,6,3,8,0
285457,6365,93.06187021785378,34.80265853425506,1,1,0.03378845519040198,0.025654305660778563,0,8,3,6,5
285471,6366,13.29301270726192,67.1780527329833,1,0,0.012581389431024948,0.040957876168307934,2,2,3,0,0
285482,6367,13.33745364620396,54.75397581847213,1,0,0.026991171816961482,0.04110388798089762,2,2,2,0,1
285491,6368,8.479898686535616,64.58119358942164,1,0,0.020763935382193136,0.057137779101856405,2,2,3,0,1
285991,6369,-2123.97554443704,8912.639547150897,0,0,0.002757469599957838,0.10994263712254387,0,6,829,0,19
286002,6370,11.117373785275063,64.73538551646193,1,0,0.02458133366442249,0.05566515537114898,2,2,3,0,1
286015,6371,14.903259625474789,54.80027573583018,1,0,0.011918872184161166,0.03451891007463447,2,2,2,0,3
286515,6372,-1976.3716008521938,8599.849601597694,0,0,0.003436269968309207,0.11156059646970064,0,13,798,22,29
286528,6373,13.246736239814037,76.89054994075391,1,0,0.019466166461751176,0.04840789262210163,2,2,4,0,2
286541,6374,15.494925058546702,56.25307308411016,1,0,0.016396393093739324,0.04198169448231264,2,2,2,0,0
286584,6375,68.58658839373182,264.4149343074555,0,1,0.03455833621516453,0.13227348409088624,-2,9,23,0,0
286596,6376,3.9251075978170817,67.53346146704388,1,0,0.011380611752908519,0.05071764191329314,2,1,3,0,2
286658,6377,148.24038394041037,32.00137108948164,1,0,0.02799095315040909,0.025103070932754972,-1,12,3,12,29
286669,6378,10.597803141402409,65.33302994392942,1,0,0.012225061477350592,0.04523441752036181,2,2,3,0,0
286782,6379,-109.204389377567,1041.240767888008,1,1,0.018109252428908124,0.10682849266193781,0,11,93,44,16
286795,6380,30.79789289454379,71.20811693766026,1,0,0.01612416467028242,0.04632542710719082,2,4,4,0,0
286807,6381,21.186902435959134,62.917136962440765,1,0,0.024517277297865375,0.05915866994876807,2,3,3,0,1
287307,6382,-2119.824974404373,8683.776150870592,0,0,0.001319384123657734,0.10291440997861978,0,6,809,12,39
287322,6383,80.44372514968123,15.644754093025668,0,1,0.04001588037281034,0.03882553034982406,1,4,2,2,2
287361,6384,125.7860163195119,36.00439145347404,0,1,0.04103247402380038,0.027139451123312872,1,7,3,15,2
287375,6385,-0.6644188660540369,80.31194372856928,1,0,0.010185383539966494,0.04612431866969139,2,1,4,0,0
287397,6386,30.18726258177379,86.86454866339788,1,0,0.012214947928122354,0.025524229237607353,2,4,5,0,0
287427,6387,136.0080325231072,18.08488503637538,0,1,0.21545804518721798,0.027160681228503007,1,8,3,8,4
287440,6388,24.146762079290312,74.28953423585355,1,0,0.02223318280420961,0.05108370252793655,2,3,4,0,0
287458,6389,51.42670157747128,65.47704140557579,1,0,0.0164028279931787,0.03437967571338221,2,6,4,0,4
287530,6390,167.44689394227245,39.824561098176076,0,1,0.04550030062509208,0.07653122243000511,1,9,3,15,18
287546,6391,105.22580496775926,37.69204826131944,0,1,0.04165588097845286,0.03095630579727827,1,7,5,0,1
287579,6392,89.03199727297859,25.33797569559249,1,1,0.033164516489202274,0.02759741621709774,0,8,3,3,2
287644,6393,146.14134884844492,140.26832666625114,0,1,0.017743690303368156,0.043671542183767245,1,11,14,20,15
287658,6394,10.144448789156414,78.1901719513661,1,0,0.017842382746785842,0.04443810535749415,2,2,4,0,0
287708,6395,152.25515363235127,42.7030052560721,0,1,0.032335285506125216,0.027544508983893642,1,9,4,14,1
287743,6396,124.32294385866068,19.339447600640298,0,1,0.03371597267297546,0.020166674542838485,1,7,3,11,14
287847,6397,147.56028217467988,164.55956397822735,0,1,0.07131684692595236,0.05107345830316982,-2,10,12,18,10
287857,6398,16.872168773115554,71.30622934955883,1,0,0.021153648383200878,0.08714454503982214,2,3,4,0,1
287870,6399,2.0876772056462123,67.8015792805962,1,0,0.011977455940510915,0.03819167105085442,2,1,3,0,1
287886,6400,8.2789299814102,88.53642928276943,1,0,0.011593946747006647,0.04327191501692681,2,2,5,0,0
287897,6401,25.262311119610047,52.35531220485214,1,0,0.016903050495464086,0.04905683497049517,2,3,2,0,0
287907,6402,1.2379757786547323,58.27444764915745,1,0,0.02281623027390086,0.05635507607463759,2,1,2,0,1
287928,6403,100.72132137062874,26.458746709508755,0,1,0.0570502822727945,0.03157842887775247,1,5,3,4,1
287940,6404,-3.4257894905384525,77.7957518359243,1,0,0.012521686486888338,0.03960358501609149,2,1,4,0,1
287958,6405,24.064606459914504,65.98846375961571,1,0,0.018720756606441586,0.02956044121167099,2,3,3,0,1
288017,6406,129.26176237780916,42.00149212837779,1,1,0.05624511396238812,0.03586043681336429,0,10,5,9,36
288034,6407,88.91863961020583,22.029810989889377,0,1,0.03344782195631917,0.034818691552320015,1,5,3,1,1
288045,6408,11.1854673367816,64.2721024412237,1,0,0.019012194342885456,0.044036175042127285,2,2,3,0,1
288061,6409,80.11987945879756,24.57082186091538,0,1,0.048574770655908726,0.039796347355818995,1,4,3,1,0
288080,6410,102.20243165918316,26.823585920792997,0,1,0.06265025471430155,0.030724819580425312,1,5,3,0,0
288096,6411,71.61575172689211,16.443268371369086,0,1,0.050851682196922224,0.026290729380707024,1,3,2,2,2
288108,6412,14.395517808202207,66.10761505222185,1,0,0.020389589892232208,0.05239310466775521,2,2,3,0,2
288230,6413,-166.83590919482984,1334.065971142208,0,1,0.010313272289279557,0.10421980776054772,1,9,122,26,23
288257,6414,52.20198529448244,74.62261124251175,1,0,0.015257700341901891,0.029081709349891686,2,5,4,0,5
288279,6415,110.29762813312728,21.46002388597192,0,1,0.11777983049393909,0.06199354692891466,1,6,3,3,1
288295,6416,16.696559426974723,67.19275673903334,1,0,0.017586122042931755,0.036158007823223696,2,2,3,0,4
288308,6417,16.928021208607348,66.6782300107921,1,0,0.027980480309483097,0.04512076882473652,2,2,3,0,1
288335,6418,34.409242221584336,45.73628508350041,1,0,0.03734018914658052,0.023761740027578047,-1,4,3,11,3
288344,6419,12.000566684163033,56.95530241857226,1,0,0.014939679225324588,0.11343459814935088,2,2,2,0,5
288375,6420,44.52355453114769,94.76188294938581,1,0,0.05354536428966804,0.04494662955151983,2,5,5,14,4
288389,6421,35.44449860777094,58.15628521352697,1,0,0.016285880581021994,0.044306176924440104,2,4,3,0,4
288452,6422,117.77527782217615,54.21539159735136,0,1,0.05467733476031606,0.031199035399469176,1,5,4,15,10
288466,6423,14.74560905116731,66.91915174667766,1,0,0.015997651339517575,0.04259110358547573,2,2,3,0,1
288479,6424,15.563600172981767,54.37239406365421,1,0,0.015188773218330193,0.0351839698756116,2,2,2,0,2
288495,6425,16.816556285393776,84.78521117735427,1,0,0.013273860561323922,0.03569999191098479,2,3,5,0,0
288541,6426,117.27655280359674,20.054070861761367,1,1,0.03274640766545176,0.014171671840680588,0,10,3,4,16
288555,6427,13.91819635364143,64.64808837626596,1,0,0.012462264739603547,0.040599790327781875,2,2,3,0,2
288567,6428,20.155468410702742,62.97911420428038,1,0,0.017516318346712283,0.06358990083849504,2,3,3,0,1
288601,6429,130.86656313710466,26.549383654319875,0,1,0.07590635733042041,0.018551094391567224,1,7,3,8,2
288612,6430,-1.6429882696442455,67.72646394929296,1,0,0.008433156012628852,0.046426538717249326,2,1,3,0,1
288622,6431,49.64695027892243,4.868290073649806,0,1,0.020893660754741618,0.024664520288730903,1,1,1,0,0
288671,6432,85.23279731574024,71.82802454250837,1,0,0.038968088898055926,0.018876575527225752,-1,8,5,15,6
288680,6433,2.454626988302813,55.46444421513325,1,0,0.019474940240164586,0.022325731859766385,2,1,2,0,0
288688,6434,60.72415345087215,0.35393713822755757,0,1,0.021886623609726128,0.021647651283041126,1,2,1,0,0
288699,6435,63.89153320980933,35.61681045229855,0,1,0.08216651394146914,0.04848371100659172,1,3,4,0,0
288713,6436,14.398555733571873,64.65566698306603,1,0,0.01575812132563491,0.04235593365963279,2,2,3,0,5
288722,6437,62.96355711083028,5.23118873038932,0,1,0.021653445920924497,0.014548987399772685,1,2,1,0,0
289222,6438,-2187.395294616247,9158.370062179696,0,0,0.004028310060130323,0.11119403553035744,0,8,853,20,20
289237,6439,92.77765323436155,25.150136597627984,0,1,0.11606088715023447,0.09885739836869537,1,4,2,0,0
289250,6440,88.64744333735993,21.463597686784436,0,1,0.1150085374911133,0.06975417364699428,1,4,2,0,0
289268,6441,104.74207822312454,14.228954265312165,0,1,0.059660431386314224,0.02764520174765893,1,5,2,0,0
289283,6442,81.07597734566988,27.741710873229117,0,1,0.054956273450447804,0.021024603865974673,1,4,3,0,0
289293,6443,7.541652177712365,52.57908013344217,1,0,0.011148557505019625,0.015286166796830838,2,1,1,0,0
289303,6444,9.196600081376484,53.088515730689124,1,0,0.01602113223870193,0.061240791471314414,2,2,2,0,2
289324,6445,76.34023385121083,51.82304736520183,1,0,0.03109436961852976,0.042729803430235865,2,7,2,0,0
289333,6446,65.68516753760213,10.398732579905698,0,1,0.09755936632107354,0.025947751565174832,1,3,2,0,0
289397,6447,-13.15313419003797,745.7828477268033,0,1,0.019885435654970415,0.12878555329826283,1,11,69,2,5
289404,6448,57.786909311782466,2.52667652438155,0,1,0.031783014520310376,0.022522077887899374,1,2,1,0,0
289416,6449,3.213591708661667,59.14840497750736,1,0,0.00562786098168715,0.024562472923721157,2,1,2,0,0
289425,6450,5.1395911677081045,51.74473947525496,1,0,0.015542554689230733,0.018662658470262227,2,1,1,0,0
289444,6451,76.30314609629448,31.441565240847687,0,1,0.13560201528246413,0.010503969170493961,1,3,3,0,0
289456,6452,83.52546730844819,11.814434850752567,0,1,0.06496904838645923,0.030933632651385767,1,4,2,0,0
289473,6453,74.72768932010172,65.9913588350522,0,1,0.03495078247400595,0.04424018873647722,1,4,6,0,0
289487,6454,74.18546217242836,23.993376042646773,0,1,0.03465059382174785,0.012549616347177248,1,4,3,0,0
289498,6455,2.3119101071378587,56.75230133445144,1,0,0.006905621723491901,0.032513399277552375,2,1,2,0,0
289531,6456,63.24243272175826,26.249442284190177,1,1,0.047441320784752564,0.0075430515437955896,0,5,2,4,0
289542,6457,3.705445746744495,46.419922724756375,1,0,0.004381592753038415,0.01295704712990131,2,1,1,0,0
289569,6458,91.96948704315228,15.677127781368679,0,1,0.034189436328634235,0.009680069482766084,1,4,2,4,6
290069,6459,-2038.085688294676,8922.145628705905,0,0,0.003288402747160191,0.12172940780658281,0,17,826,22,23
290076,6460,56.480494522853135,3.356915897131806,0,1,0.06163853642576058,0.03762497873442385,1,2,1,0,0
290088,6461,4.9839048973239635,74.62711213632653,1,0,0.01979182899474034,0.03127093800142861,2,1,3,0,0
290095,6462,56.04361046164651,2.032636145628956,0,1,0.06054804047120281,0.032056433236243576,1,2,1,0,0
290105,6463,64.21477843775168,6.380061189759086,0,1,0.03480842040630716,0.020730669541779965,1,2,1,0,0
290129,6464,139.51097399932888,38.68212347160245,0,1,0.038029846811242926,0.03488089484880426,1,9,5,2,0
290143,6465,59.512002695395196,108.23918017723557,0,1,0.0740594315540619,0.17929062055046632,1,4,9,0,0
290161,6466,79.32734902529626,81.546870275989,0,1,0.037435980019387353,0.06500951249818877,1,5,8,1,0
290170,6467,52.678491737899094,8.967247418791757,0,1,0.01996501795742728,0.020620550095220354,1,1,1,0,0
290182,6468,86.52377753596552,35.78872783128043,0,1,0.09896547747456313,0.06761930108619613,1,5,4,0,0
290191,6469,53.27743729374622,5.21444938686523,0,1,0.021214908136460476,0.024002756618182165,1,1,1,0,0
290226,6470,128.82931376035816,47.8902833171909,0,1,0.03817418168936159,0.038716039682805146,1,8,5,10,0
290236,6471,57.29254108128783,3.148872142424416,0,1,0.02671537051305094,0.01983317123396642,1,2,1,0,0
290736,6472,-2005.842251271181,8557.330021128113,0,0,0.00209927238144712,0.10957308884731923,0,10,794,31,36
290742,6473,55.68294881280989,0.6239433286605163,0,1,0.03518282143714734,0.0184184018305462,1,2,1,0,0
290752,6474,66.48404873334523,25.01760500598747,0,1,0.16230817081754828,0.04869463286888709,1,3,3,0,0
290759,6475,65.97885448623529,-2.662777318655783,0,1,0.05698949226994311,0.0297191272945648,1,3,1,0,0
290769,6476,66.42702903382857,23.587144594531303,0,1,0.10989338560663797,0.035513402689653195,1,3,3,0,0
290781,6477,69.91322529161167,13.352129735535328,0,1,0.02713405856678819,0.01738734264821112,1,3,2,0,0
290788,6478,55.58051347383525,11.067630838871239,0,1,0.03036784600293526,0.021543379093039768,1,2,2,0,0
290803,6479,108.63934282936897,18.21425296458104,0,1,0.031345693837600684,0.06056395085352658,1,7,3,0,0
290831,6480,138.1213926237265,39.402799975901374,0,1,0.03428146527593325,0.03317223472687865,1,9,5,2,2
290942,6481,-295.80436792789556,1670.5792951172057,1,1,0.07208144808666417,0.14761632448970669,0,10,151,40,0
290953,6482,51.21252401541562,8.349692386328485,0,1,0.01622813940175482,0.02167105488485012,1,1,1,0,0
290962,6483,59.41352185451833,14.542562221366953,0,1,0.021452390901045885,0.0174317666296502,1,2,2,0,0
290970,6484,64.56458510584349,11.838670588889489,0,1,0.051050764924772625,0.020213753121697185,1,3,2,0,0
291025,6485,109.90880309180218,87.94326432073228,1,0,0.035328971361867814,0.040638062525945026,2,10,4,14,11
291033,6486,55.80536056490932,0.9936312445282915,0,1,0.032847772767765904,0.024056569080190042,1,2,1,0,0
291045,6487,63.16917115927217,2.571218514361359,0,1,0.009489768735990134,0.002013311360999929,1,2,1,0,0
291058,6488,58.37641189693818,108.0518685967581,0,1,0.09232073763153291,0.23433046840644617,1,4,9,0,0
291065,6489,57.09543582587436,0.33930469131244934,0,1,0.06534399195511086,0.03142892345677734,1,2,1,0,0
291086,6490,26.356434840299784,226.76686226107154,0,1,0.03310769383019215,0.20755318752053226,1,4,20,8,0
291094,6491,66.3403873685086,2.2186058684696413,0,1,0.044088431587752726,0.02826024639349016,1,3,1,0,0
291101,6492,62.828877510298696,9.043072080338227,0,1,0.037110776980968305,0.029781486482194666,1,3,2,0,0
291135,6493,116.02877078335274,54.15383483806437,0,1,0.038519270202030054,0.03530601676463442,1,6,5,0,0
291150,6494,54.88741777682262,135.13292998832603,0,1,0.08667962368433148,0.262834089868944,1,4,11,0,0
291159,6495,66.77572480549331,12.539887484337498,0,1,0.03233930314180425,0.01925541800643452,1,3,2,0,0
291166,6496,65.89250989314964,2.0916310671701126,0,1,0.06115896276705067,0.0323518265012899,1,3,1,0,0
291174,6497,58.52790197732402,1.2457352288233494,0,1,0.02459685864571157,0.01924927511771695,1,2,1,0,0
291197,6498,68.1976006779969,104.65144548822674,0,1,0.0296566360609726,0.12033472795396398,1,4,9,3,0
291228,6499,139.50871688957247,21.81810150798647,0,1,0.02538324485265738,0.014055895873645969,1,9,3,4,0
291236,6500,56.38936046904338,1.3304395408197038,0,1,0.03189393348204912,0.023765786352737954,1,2,1,0,0
291246,6501,59.88183320627567,33.28788908130893,0,1,0.06966322141889014,0.024404375812975786,1,3,4,0,0
291252,6502,55.866228737558714,-0.9864643298157514,0,1,0.08567509452723998,0.039963368654454455,1,2,1,0,0
291259,6503,66.10546493097505,-1.3143228910011047,0,1,0.062379824009251274,0.03277305228364297,1,3,1,0,0
291266,6504,56.25828935226801,-0.024552556432890782,0,1,0.05417707187631815,0.031044725247905806,1,2,1,0,0
291330,6505,196.33690386819305,41.376342798889056,0,1,0.023073804771617457,0.024910735758485958,1,13,4,18,5
291341,6506,57.3017043266218,3.3535093284194595,0,1,0.02336841383202006,0.013210803168588836,1,2,1,0,0
291349,6507,60.957846203905,2.090482267958473,0,1,0.02083945309718151,0.01690888345746548,1,2,1,0,0
291363,6508,75.16772226030004,2.398267492811687,0,1,0.05111554606089412,0.007721758815887397,1,3,1,1,0
291371,6509,60.07705423416307,1.539450859475476,0,1,0.02731226038086113,0.015636890408846128,1,2,1,0,0
291397,6510,109.59822771022375,45.32748004306458,0,1,0.09754110532784835,0.01774755917957934,1,6,5,0,2
291413,6511,48.525631408543816,113.33385488041921,0,1,0.05128820207383208,0.17747192368062284,1,3,9,3,0
291421,6512,57.38562900942556,5.536955242741243,0,1,0.036609659392703456,0.01704771933689175,1,2,1,0,0
291435,6513,88.1576323568525,33.51900070918553,0,1,0.14577842596628246,0.08701435764641731,1,4,3,0,0
291448,6514,64.67476608502571,28.243852260366626,0,1,0.040251911852744855,0.03539072742156273,1,3,3,0,0
291458,6515,68.25015912259963,27.176320900582635,0,1,0.13485454254680504,0.049920013583955376,1,3,3,0,0
291467,6516,70.60803907166405,-3.2386323507339707,0,1,0.032472910013000254,0.02519096965961661,1,3,1,0,0
291477,6517,57.21606369974339,3.1482105784611853,0,1,0.025077971702532266,0.016724503679821652,1,2,1,0,0
291485,6518,55.82268171813496,4.031463861549092,0,1,0.04145159888116236,0.021721769999642194,1,2,1,0,0
291492,6519,66.77021782852098,0.0156276124497996,0,1,0.056437545345511424,0.02166633652143691,1,3,1,0,0
291501,6520,57.921040556240115,1.8199337532445732,0,1,0.03880713778567092,0.02303159304196296,1,2,1,0,0
291510,6521,58.18219959186492,-0.40414571874426386,0,1,0.024018236503589127,0.015561780725058141,1,2,1,0,0
291517,6522,58.06331490526408,-0.7854271095380536,0,1,0.045391234164365246,0.03125917292305721,1,2,1,0,0
291542,6523,14.60044863171239,273.97243479486366,0,1,0.054239705008052856,0.13505495484483832,1,4,25,8,0
291550,6524,56.222268330568994,2.026638424021902,0,1,0.04299860344392268,0.016578461551376433,1,2,1,0,0
291561,6525,69.12492097497733,22.405463824485462,0,1,0.0837065090208714,0.041239625447252806,1,3,3,0,0
291571,6526,72.5330704509756,-0.21133028928316477,0,1,0.07298807830248563,0.015067910312398241,1,3,1,0,0
291579,6527,56.11216612530762,3.362015239963778,0,1,0.043472714577672794,0.032110960585345225,1,2,1,0,0
291607,6528,84.5545261439976,43.647565226030025,0,1,0.06703400350077374,0.020311542426325793,1,4,4,14,0
291615,6529,56.214992912301796,2.925733051485441,0,1,0.03707066813030512,0.026856783421977243,1,2,1,0,0
291622,6530,66.70861486624078,-3.579475815317263,0,1,0.04990832947048327,0.0231283799232947,1,3,1,0,0
291641,6531,44.382113628384296,71.9411611784289,1,0,0.020422272692186556,0.035475949604660884,2,5,4,0,1
291652,6532,13.401997694936437,53.18329504136122,1,0,0.01653295516372804,0.05100172400347143,2,2,2,0,2
291668,6533,22.59340744712427,77.47995664829834,1,0,0.015701524313217738,0.0530716866469449,2,3,4,0,2
291674,6534,65.41802911530934,-4.04222981207603,0,1,0.0806644624556037,0.03049698390756773,1,3,1,0,0
291686,6535,66.50743478200182,24.250393399385935,0,1,0.05798024178208296,0.033143913914550245,1,3,3,0,0
291699,6536,58.79705223452247,1.0533186160271235,0,1,0.019221991685420443,0.015930862371557306,1,2,1,0,0
291707,6537,56.417755939571016,2.548310838212828,0,1,0.04572595582087606,0.024715781028245242,1,2,1,0,0
291714,6538,54.868918111674944,1.5934533490459817,0,1,0.05068133846852006,0.026310427528192345,1,2,1,0,0
291724,6539,74.46197239203711,39.31568949945111,0,1,0.125597014948781,0.11498367439248862,1,4,4,0,0
291732,6540,57.03685019688926,2.4497585098541474,0,1,0.042064658786798895,0.022946279386211414,1,2,1,0,0
291741,6541,59.37036076656429,2.7234341902386063,0,1,0.024799225585286817,0.022052959741337138,1,2,1,0,0
291754,6542,21.90918889944551,73.2789142428805,1,0,0.014646631339554347,0.036242558322309694,2,3,4,0,0
291767,6543,65.45493294683928,20.63707987225295,0,1,0.03289578939941914,0.021502680519782085,1,3,3,0,0
291775,6544,57.35035943829406,2.5645721787910567,0,1,0.0460885342265475,0.02209953304103495,1,2,1,0,0
291788,6545,65.8945506313423,4.711921472932666,0,1,0.01636327769995535,0.008431247553214134,1,2,1,0,0
291795,6546,58.43821908657236,-0.9162310884346887,0,1,0.05112167308518164,0.0235686143274348,1,2,1,0,0
291802,6547,55.06062464166494,1.1660555166111042,0,1,0.04996872685163917,0.030103248075198246,1,2,1,0,0
291816,6548,72.9242933414189,75.81657074582722,0,1,0.0751425618584084,0.08996299354078308,1,4,7,0,0
291824,6549,56.523366841930894,0.3362944005595345,0,1,0.045709676016278705,0.02520417659961802,1,2,1,0,0
291835,6550,70.5047791327717,11.646901331184484,0,1,0.04549867631602799,0.01754771486998724,1,3,2,0,0
291856,6551,92.07418372659367,66.60345460129335,0,1,0.07017443453766717,0.15727770521983198,1,5,5,0,0
291868,6552,65.05229322190286,38.85721561994272,0,1,0.09466925235625541,0.06461323648062293,1,3,4,0,0
291875,6553,55.95935141168283,1.5116018380837595,0,1,0.058064131990127436,0.026270683448561937,1,2,1,0,0
291885,6554,74.88126258563356,-1.7394558357171324,0,1,0.030131006003892857,0.009959472646729861,1,3,1,0,0
291893,6555,60.496075148273064,1.5618440426398212,0,1,0.021531419378645916,0.01420392752821082,1,2,1,0,0
291926,6556,-27.934961353603434,380.3439703240801,1,1,0.18762768174139355,0.24848981880341348,0,6,31,25,0
291944,6557,53.84462147047937,161.35998601688522,0,1,0.04476846736570506,0.15676397902397718,1,5,15,0,0
291956,6558,65.92487228125975,31.95591630418364,0,1,0.06202815200651002,0.05881880429358579,1,3,3,0,0
291964,6559,56.13434666625979,0.44943712581054385,0,1,0.040486617145789744,0.015280387921975822,1,2,1,0,0
291977,6560,19.02566028266406,82.99166401295119,1,0,0.022366002818693984,0.0390697441226959,2,3,5,0,0
291984,6561,55.3882345502508,-0.8317768774436711,0,1,0.048662670393616915,0.0265668601532619,1,2,1,0,0
292066,6562,174.79021330817332,135.83112728664585,0,1,0.04741477021747229,0.06112205696337741,1,10,10,16,18
292073,6563,56.67319637328056,-1.352847917799041,0,1,0.045054231256489816,0.015899640481661162,1,2,1,0,0
292080,6564,56.430658930135856,-0.5409311205887022,0,1,0.05251152905911358,0.028481672449993754,1,2,1,0,0
292087,6565,56.165326545427334,1.8212081221093932,0,1,0.06031477259980826,0.02722167065906752,1,2,1,0,0
292096,6566,56.56779412437401,-0.08026981183441961,0,1,0.031595939079716646,0.011910644922615359,1,2,1,0,0
292115,6567,40.60140071884336,140.2851070419421,0,1,0.03446810775851522,0.14249940702131797,1,3,12,0,0
292123,6568,60.55266602882389,0.5480064630135821,0,1,0.02587475613416921,0.02834634521191288,1,2,1,0,0
292131,6569,59.60645781458622,2.0077505558912634,0,1,0.04089474722054029,0.023378341602227966,1,2,1,0,0
292140,6570,62.786915048408034,0.16281319339472589,0,1,0.029923985300431825,0.026774354738864123,1,2,1,0,0
292149,6571,71.6972254778143,2.511728353684859,0,1,0.02937705575759992,0.020261370169980367,1,3,1,0,0
292157,6572,57.46086703845634,-0.3570351929964062,0,1,0.033347118179641554,0.014485298175967448,1,2,1,0,0
292165,6573,58.0177145792408,3.9842455040981406,0,1,0.04734705848088414,0.02308913675035343,1,2,1,0,0
292184,6574,42.32280120864454,188.19814973927345,0,1,0.06662029572431342,0.15330972461553904,1,4,17,0,0
292192,6575,56.26804327057165,2.7025209130526555,0,1,0.04244495170892416,0.01415006686000786,1,2,1,0,0
292200,6576,56.57660574628976,1.1024006007878082,0,1,0.04149281645744041,0.02240672067947039,1,2,1,0,0
292211,6577,23.9425134017948,65.68623992604722,1,0,0.059199524699030205,0.1376019713966386,2,3,3,0,0
292225,6578,45.91374240559797,61.13771448029081,1,0,0.03287173623956864,0.07420638154003611,2,5,3,0,0
292232,6579,57.03804556064168,1.811847789624494,0,1,0.06176345264631362,0.030571342577219447,1,2,1,0,0
292246,6580,33.76851286078487,65.63379366825531,1,0,0.02849150586928714,0.0700434486875714,2,4,3,0,0
292254,6581,4.900406902948681,58.23496484740001,1,0,0.02727656545014494,0.030378027867392632,2,1,2,0,0
292264,6582,18.687444803762663,76.11329698600272,1,0,0.03915504659941206,0.08078258425786786,2,3,4,0,0
292272,6583,58.838274851797934,2.3881755734073025,0,1,0.03152200965637212,0.015302240052142582,1,2,1,0,0
292285,6584,84.74292673757714,25.2412778883701,0,1,0.09078978446835768,0.03688282869037003,1,4,3,2,0
292292,6585,55.65880425778657,-1.2867649398238683,0,1,0.045306212317286654,0.02209494103062728,1,2,1,0,0
292300,6586,56.62277002578225,1.3681336961576385,0,1,0.041230441602222036,0.025908327605744862,1,2,1,0,0
292309,6587,56.23444901641353,1.874547088852351,0,1,0.033801231464927306,0.02018888107751917,1,2,1,0,0
292320,6588,69.08448963582724,27.08778262518453,0,1,0.10610279353565975,0.05079813509276847,1,3,3,0,0
292341,6589,102.49195712755105,44.043030585951236,0,1,0.039169162760510474,0.036155083953366536,1,6,5,0,0
292357,6590,80.35134468223886,27.742049933256766,0,1,0.04991676041041957,0.025184905071984058,1,4,3,0,0
292371,6591,72.0268001125762,85.10386279724253,0,1,0.11135355123654643,0.13610408325970957,1,5,8,0,0
292379,6592,65.95734361019491,0.8869874244612195,0,1,0.039706921292999894,0.02373261228434051,1,3,1,0,0
292391,6593,18.165245905566632,76.24589148597204,1,0,0.035645437602780085,0.09304320929572224,2,3,4,0,0
292401,6594,57.30397282314371,0.4721044052072756,0,1,0.03309738019653445,0.017460033840156545,1,2,1,0,0
292408,6595,56.69993090099714,0.8196662383943689,0,1,0.050224331207492416,0.033819163253762295,1,2,1,0,0
292416,6596,57.01506451415818,-1.2063202958342156,0,1,0.042161955871678106,0.011960481843740016,1,2,1,0,0
292438,6597,106.40613112696958,90.88215877807963,0,1,0.0810065485615758,0.09359959390471748,1,7,9,0,2
292448,6598,60.02563481425133,0.4446557492560075,0,1,0.0244597879128182,0.010347586223569431,1,2,1,0,0
292458,6599,69.36008168147768,23.73826968144808,0,1,0.10945900906246608,0.04367884374619902,1,3,3,0,0
292467,6600,56.50107996457953,5.705665759609529,0,1,0.03129219141794542,0.01887620172475271,1,2,1,0,0
292479,6601,14.231653123904625,82.98843183846141,1,0,0.02114985298735861,0.05837538870064646,2,3,5,0,1
292487,6602,59.363805923274256,-0.733659876813622,0,1,0.023108693156323124,0.015121136814719832,1,2,1,0,0
292494,6603,55.51523700981336,2.40308445115628,0,1,0.047383542779064945,0.026292690968782572,1,2,1,0,0
292512,6604,53.371494440468766,192.1171300852932,0,1,0.16178100491945982,0.1420152224266152,1,5,18,4,0
292534,6605,50.55053631695773,180.04084814546414,0,1,0.07036655706871571,0.16134421572681767,1,4,15,2,0
292542,6606,67.01270128551215,0.7287676743779663,0,1,0.045925697086380765,0.016239213816326956,1,3,1,0,0
292549,6607,55.601288564535565,2.5008934582307933,0,1,0.050210319950713754,0.028338116197980146,1,2,1,0,0
292564,6608,68.27935289369327,33.51510141155741,0,1,0.07409953825255565,0.07102201780696243,1,3,3,0,0
292574,6609,71.32323090511795,27.203837522595745,0,1,0.16498473415739695,0.09090508766460198,1,3,3,0,0
292581,6610,66.70988592885007,-0.10717815689751653,0,1,0.05843580271310177,0.03341500529200466,1,3,1,0,0
292595,6611,67.70849971189102,28.481629188277296,0,1,0.03808353960281179,0.03329710228937941,1,3,3,0,0
292604,6612,56.500449942277754,1.0672049034364992,0,1,0.03269255435184009,0.01555657891702045,1,2,1,0,0
292619,6613,72.80956060778074,33.26192859554617,0,1,0.037913841877247785,0.02658621557799141,1,4,4,0,0
292626,6614,66.90117555008663,-2.292732178888471,0,1,0.0558736064793513,0.018101465438421525,1,3,1,0,0
292637,6615,58.06566065059937,3.7824462730615362,0,1,0.02562919310351859,0.016515056284407168,1,2,1,0,0
292651,6616,23.156185673618143,24.05010700567417,0,1,0.018650534683246872,0.023336216767941207,-2,2,3,0,0
292660,6617,58.09396731074922,3.5074999471726223,0,1,0.03800802073367974,0.008379290943125332,1,2,1,0,0
292667,6618,55.069741084275606,-0.28465244235806964,0,1,0.053605991703418336,0.016606378988225493,1,2,1,0,0
292683,6619,74.20783366327966,23.30816481498885,0,1,0.05005733048235573,0.04728329466782443,1,3,2,0,0
292690,6620,57.17721529156107,0.2678800992275008,0,1,0.03850916104527609,0.028407374133901802,1,2,1,0,0
292715,6621,38.881218071352606,221.72466972918392,0,1,0.04412324629776726,0.22227777616608807,1,4,18,0,0
292726,6622,58.17388305232366,4.586407462852401,0,1,0.025228305435339857,0.02189306200172654,1,2,1,0,0
292739,6623,69.86079701280667,59.852626192499336,0,1,0.14216948170060426,0.10746283951722849,1,3,5,0,0
292748,6624,71.49486437072224,-2.8749424679240363,0,1,0.027669676320469905,0.009213488034255195,1,3,1,0,0
292758,6625,63.05183137084113,4.958993541177282,0,1,0.026326328146496887,0.009490491242980445,1,2,1,0,0
293258,6626,-1989.4678419613892,8680.842931508763,0,0,0.002403583410590679,0.10659004033388736,0,13,809,14,37
293266,6627,59.546065079362855,2.932164434393499,0,1,0.03085105194733675,0.013805203942007318,1,2,1,0,0
293277,6628,71.31348953537491,35.0023660390422,0,1,0.1503432180773638,0.09547401939423344,1,3,3,0,0
293288,6629,66.8417041468348,28.029945727223115,0,1,0.051531754414003546,0.06716971498877986,1,3,3,0,0
293303,6630,84.56592980501863,56.705143669034086,0,1,0.04903157814443703,0.05092153564127073,1,5,6,0,0
293311,6631,56.610726828991474,3.429929290291632,0,1,0.046308150151712815,0.024738897804324877,1,2,1,0,0
293328,6632,87.13428869800327,51.135560701970704,1,0,0.051897493688569545,0.15791413749113622,2,9,3,0,0
293336,6633,60.93467718561647,0.010363360603676597,0,1,0.02973371861667705,0.021646517124096862,1,2,1,0,0
293344,6634,66.58657645198502,-1.9007687292066677,0,1,0.03915528255763953,0.011898410087594163,1,3,1,0,0
293356,6635,86.12089987318632,49.949412873020734,0,1,0.08284135387490607,0.0971007458208345,1,5,5,0,0
293364,6636,66.7146722363916,-0.42862602036566777,0,1,0.0378613045460506,0.017259009890716145,1,3,1,0,0
293372,6637,58.85532572572484,1.4509661870498078,0,1,0.031721927749837196,0.011995527642427176,1,2,1,0,0
293379,6638,57.165873279658655,1.0778605496693778,0,1,0.0660807381590012,0.02935178837935497,1,2,1,0,0
293391,6639,68.04264092077624,27.645275972015302,0,1,0.09727253597378364,0.03230023497801915,1,3,3,0,0
293403,6640,100.47044921703721,27.626041745364716,0,1,0.07993988457208899,0.14798617217552404,1,6,3,0,0
293414,6641,4.7651359406823275,55.956394125405694,1,0,0.013633001026264113,0.04473735560738761,2,1,1,0,1
293423,6642,56.57753650008271,2.7195101064339866,0,1,0.03579293298241437,0.015181318215942239,1,2,1,0,0
293923,6643,-1976.4882655653983,8771.464569779222,0,0,0.004611318589582316,0.11958035236660867,0,18,813,44,33
293936,6644,69.48374063612866,22.951660489214134,0,1,0.060023308547692715,0.037351630802790116,1,3,3,0,0
293943,6645,57.81042471182052,2.182917508445467,0,1,0.053583720972282686,0.022256097949783265,1,2,1,0,0
293952,6646,57.548842819385186,3.5115508741672983,0,1,0.025495407029170417,0.01119866930539546,1,2,1,0,0
293968,6647,93.79504318448932,23.101391051551506,0,1,0.07674154203009763,0.023743836542522302,1,5,3,1,4
293975,6648,55.31025558451485,2.4697946733953913,0,1,0.05625413088154473,0.026227264017912953,1,2,1,0,0
293992,6649,8.251510207113057,134.2179036955148,1,1,0.14435457074048771,0.19995387139036105,0,4,11,6,0
293999,6650,65.54324911458686,0.7556230648039044,0,1,0.05958581815124797,0.023618761844857058,1,3,1,0,0
294009,6651,57.537617325140644,1.1924817519291828,0,1,0.03179293617462552,0.01596917749013082,1,2,1,0,0
294017,6652,56.69006918230717,4.5688229905572335,0,1,0.03456594493459528,0.023990812568359117,1,2,1,0,0
294024,6653,67.15820019883277,-0.5540704780996109,0,1,0.05782297368904708,0.022172496081974698,1,3,1,0,0
294031,6654,65.9747219795271,1.2166958434747759,0,1,0.057313013788793256,0.03143338154906005,1,3,1,0,0
294040,6655,56.5898947428077,2.5723829409317958,0,1,0.03206851658540227,0.02392940649180273,1,2,1,0,0
294047,6656,56.16317009183793,2.271026910159451,0,1,0.05695349007929879,0.028864949801078586,1,2,1,0,0
294056,6657,71.35723799681895,0.3012594242879718,0,1,0.03046980643549037,0.01798808707245907,1,3,1,0,0
294072,6658,-11.032866144736634,128.84015310106483,1,1,0.013963562918970069,0.13113860230516033,0,2,12,0,0
294080,6659,56.761420308873014,3.142968212441131,0,1,0.03278113697249664,0.020611526041825683,1,2,1,0,0
294087,6660,56.00907762732677,0.10823732222679538,0,1,0.05154612305826508,0.02627838096873109,1,2,1,0,0
294097,6661,55.00306820048242,7.456755017724269,0,1,0.018466767080355974,0.02011738390651551,1,1,1,0,0
294105,6662,60.17186913832866,1.3501749949995023,0,1,0.024948164954555693,0.025391914592178832,1,2,1,0,0
294114,6663,61.743726055626965,1.519818362557542,0,1,0.02447279053202898,0.02282800483645701,1,2,1,0,0
294122,6664,57.263290261208915,2.159136702222291,0,1,0.034744689616356544,0.024278016505686728,1,2,1,0,0
294129,6665,66.93149264215208,-2.5207932427897966,0,1,0.049876971408267065,0.022494490306799765,1,3,1,0,0
294163,6666,44.880892661865815,90.77023555952371,1,0,0.025521040750679055,0.021319740221264788,2,5,5,7,11
294170,6667,57.51959007931728,0.29680664696598846,0,1,0.04294524593080582,0.027519884303444618,1,2,1,0,0
294177,6668,56.15056721801042,0.5186901269665256,0,1,0.057043598814884175,0.032472526469104035,1,2,1,0,0
294185,6669,59.59977737993205,3.8213728798997177,0,1,0.03320870712016845,0.026736653040278585,1,2,1,0,0
294281,6670,162.8858041956023,62.26012009122818,1,1,0.028210034935839397,0.013985707602196371,0,13,4,42,1
294288,6671,55.95376848412445,2.8816764524049496,0,1,0.05043505080929568,0.02827512125622113,1,2,1,0,0
294296,6672,56.51963428538023,2.8588614562285546,0,1,0.04362149962677406,0.023074969242391632,1,2,1,0,0
294307,6673,8.895474731862693,75.40306370438196,1,0,0.015530000499505663,0.051522296654836534,2,2,4,0,0
294319,6674,15.890841650475352,84.11573171702523,1,0,0.029472906008130118,0.0474034203420704,2,3,5,0,0
294326,6675,57.31590380988541,0.11259372865309025,0,1,0.040018635954626576,0.02731507220205084,1,2,1,0,0
294340,6676,74.69641132073639,35.13305058584922,0,1,0.05543128001335191,0.024476921451955156,1,4,4,1,0
294378,6677,137.04772052012734,39.20165991018135,0,1,0.06975174306201504,0.03311240029188385,1,8,4,11,4
294386,6678,68.35075396696689,1.0564319122716679,0,1,0.03701555256443692,0.02258618490663044,1,3,1,0,0
294398,6679,73.31403469304179,34.46265159087761,0,1,0.1065937227542803,0.07673529162636065,1,3,3,0,0
294407,6680,60.36676929026857,2.9561056663503127,0,1,0.0288326727459332,0.017974747057670604,1,2,1,0,0
294420,6681,66.17943457109862,53.882236953740914,0,1,0.08288596716814235,0.08350949168690501,1,3,5,0,0
294430,6682,72.50045012197192,-2.187321738481618,0,1,0.04422448307669415,0.021664245434022282,1,3,1,0,0
294467,6683,117.90503644018794,9.576806458416307,0,1,0.03907775733448712,0.022033082830632853,1,6,2,9,15
294479,6684,66.12045909973509,27.82113922728152,0,1,0.10598330860609784,0.07556072454915357,1,3,3,0,0
294487,6685,56.49292789697701,1.8215951882918624,0,1,0.03416424367595614,0.024836631030440478,1,2,1,0,0
294494,6686,56.13919156501597,0.5753256937249454,0,1,0.052555035586384656,0.030504104922245947,1,2,1,0,0
294501,6687,55.82657909718786,-0.6980505835094881,0,1,0.06047017986094618,0.021946857789443906,1,2,1,0,0
294509,6688,55.97554856486161,1.0359140122838895,0,1,0.037930359876453844,0.02452487714677967,1,2,1,0,0
294516,6689,57.414846515884406,-0.5797833348339232,0,1,0.040008573683529176,0.03149491843732189,1,2,1,0,0
294553,6690,124.483091340757,41.30731812214336,1,1,0.10165157343455211,0.02669118094724966,0,12,5,11,1
294561,6691,67.75748896393318,-0.18332041129805177,0,1,0.029123237548749077,0.008953509943689889,1,3,1,0,0
294569,6692,57.9216785819706,4.966925016028444,0,1,0.03165249705223664,0.021048811712435642,1,2,1,0,0
294640,6693,222.70942160669006,54.01023163449214,0,1,0.030178263338803944,0.021621232470673837,1,15,5,17,7
294657,6694,40.671768582712325,142.17444073133944,0,1,0.0361990938856339,0.15665319082718798,1,3,12,0,0
294665,6695,50.2621958691864,6.81971669507033,0,1,0.027374901988145708,0.02762141370626265,1,1,1,0,0
294672,6696,66.0710137138291,-3.4318411914462565,0,1,0.0517565133707777,0.01753951959040649,1,3,1,0,0
294679,6697,57.19667766577229,-0.45671232047762267,0,1,0.03237034764126685,0.016291010234492746,1,2,1,0,0
294686,6698,57.64421616361311,-0.34061016600981553,0,1,0.024273269295401707,0.01450539639489706,1,2,1,0,0
294696,6699,56.78214086714719,3.590504449959436,0,1,0.02516646769214765,0.014090836758692915,1,2,1,0,0
294705,6700,62.16050933415234,3.6803509684135243,0,1,0.024074716800649387,0.0210832757895981,1,2,1,0,0
294728,6701,30.78811904752852,239.4388915880023,0,1,0.0375308196875197,0.23579194583523916,1,4,19,3,0
294735,6702,55.466273914147465,3.382615895759063,0,1,0.04016388276277942,0.023024358689575867,1,2,1,0,0
294780,6703,133.72201320051465,37.318687627292874,0,1,0.046329815903235004,0.02727282453225557,1,7,4,10,16
294790,6704,73.21265667807262,1.8615427881075384,0,1,0.043413395824950275,0.0210968777927535,1,3,1,0,0
294801,6705,57.93355900017329,0.5550479347274226,0,1,0.026040311432361355,0.01905539494134364,1,2,1,0,0
294834,6706,131.7307122350073,42.26801965198225,0,1,0.07020206184142708,0.09189650089395093,1,7,4,3,0
294846,6707,76.53341874748523,4.596328031958318,0,1,0.03764578851701245,0.0171575372139231,1,3,1,0,0
294857,6708,69.35326853508973,12.04205997768532,0,1,0.03882060204775228,0.021602304314863454,1,3,2,0,0
294867,6709,53.336028068501975,4.630929558764127,0,1,0.015172138649800392,0.016391671052070456,1,1,1,0,0
294876,6710,53.73397062809843,8.267482639588312,0,1,0.018065561432156638,0.017451496032414502,1,1,1,0,0
294885,6711,52.59176916632532,6.078897991764148,0,1,0.02170115950305904,0.024213023805243223,1,1,1,0,0
294893,6712,69.26160594221008,-3.2730431684099415,0,1,0.041525582379500804,0.014410669672637367,1,3,1,0,0
294902,6713,-1.790769447018338,69.40942488512871,1,0,0.01846018452432094,0.07547749605558436,2,1,3,0,0
294911,6714,56.452206897798945,3.2180446929929225,0,1,0.032770856860238035,0.015331266693552432,1,2,1,0,0
294927,6715,20.056913085554502,77.43173840093647,1,0,0.021302802441509,0.02894103640733881,2,3,4,0,0
294938,6716,73.530415666784,-1.5552627840599378,0,1,0.023541676766810796,0.014836294762395093,1,3,1,0,0
294954,6717,55.41438031291247,142.4821054295617,0,1,0.05628152055310468,0.2742400832844854,1,4,11,0,0
294969,6718,54.681425872486024,124.75076353613527,0,1,0.1634324611490415,0.18568922818243636,1,4,11,5,0
294977,6719,48.95055979410795,4.034785383145239,0,1,0.018346629342783843,0.01153843467040553,1,1,1,0,0
294984,6720,55.63764658174671,2.0623644909657592,0,1,0.04826784209803262,0.025254470684086233,1,2,1,0,0
294992,6721,68.29092023819234,3.024312055548812,0,1,0.04560333002022522,0.023210508029105615,1,3,1,0,0
295003,6722,17.322702549731993,87.9452115774747,1,0,0.024708941504502282,0.0538407696950018,2,3,5,0,0
295016,6723,59.44901288327725,14.574536516309042,0,1,0.031389823159896385,0.015482959545813666,1,2,2,0,0
295027,6724,64.69302935346852,4.630605223995175,0,1,0.03538766339703432,0.011951240175267634,1,2,1,0,0
295034,6725,55.61830314664353,-0.9620495279795058,0,1,0.04910762373964444,0.023100993151325556,1,2,1,0,0
295060,6726,107.21032897342303,13.594068862978489,0,1,0.15338448000123478,0.019773083378916763,1,6,3,7,11
295067,6727,56.033770209056726,0.0780327812827526,0,1,0.053132156506121804,0.027260301606338983,1,2,1,0,0
295122,6728,107.4437663628278,59.25911932820289,1,1,0.04938869476626661,0.01992759135506574,0,10,6,20,21
295622,6729,-2141.64233274005,9352.4444396851,0,0,0.00452533855517945,0.1269120238970098,0,16,868,23,18
295630,6730,50.233654276928185,4.096392974813238,0,1,0.02385706084855166,0.026458865492437394,1,1,1,0,0
295638,6731,68.33670873409909,-0.6431948364926647,0,1,0.042106982148721286,0.022403466758078004,1,3,1,0,0
295647,6732,64.59962476920995,26.43967238024787,0,1,0.18206472740717808,0.10844427029265281,1,3,3,0,0
295658,6733,71.81211146508788,35.02182330792282,0,1,0.06202674158114012,0.03367231902438014,1,4,4,0,0
295668,6734,64.09701059342595,2.2666541153789783,0,1,0.04040580061871969,0.019124768808684488,1,2,1,0,0
295676,6735,49.92071354881598,5.9415388852999875,0,1,0.02069341942930364,0.012418338928634264,1,1,1,0,0
295683,6736,57.46618825255112,0.03766796911605397,0,1,0.04098654302355496,0.027382828003327225,1,2,1,0,0
295691,6737,67.29602502469066,-3.404154780449149,0,1,0.03621982437853098,0.02361426160286874,1,3,1,0,0
295699,6738,69.25342168991618,-2.859157945219774,0,1,0.03855255051514071,0.023964121081148277,1,3,1,0,0
295710,6739,72.64322044057356,29.629409798130933,0,1,0.04712372583323263,0.0168249946789827,1,4,4,0,0
295724,6740,66.35401122702795,39.66602617384658,0,1,0.060394359919314224,0.07253387048654662,1,3,4,0,0
295731,6741,56.033515279996024,2.2508007969040342,0,1,0.05502767289464169,0.030518653881561667,1,2,1,0,0
295739,6742,56.50861789213968,3.117748122047786,0,1,0.03948410814958621,0.01601811925427738,1,2,1,0,0
295749,6743,59.87492430215426,5.668091741453489,0,1,0.02779997532220032,0.020691591701275804,1,2,1,0,0
295775,6744,31.156870252655903,263.6605301351047,0,1,0.043358090848975454,0.1447549604204536,1,5,24,7,0
295786,6745,22.1293507236718,80.70415949229036,1,0,0.0550332606968178,0.07303188588412202,2,3,4,0,0
295793,6746,66.6064935431115,-0.3148501923762499,0,1,0.06849957764022895,0.026158570170414674,1,3,1,0,0
295804,6747,72.04934936969703,20.752062077432726,0,1,0.054801739023047795,0.04262814693904778,1,4,3,0,0
295812,6748,60.098452398969954,1.9632152869913035,0,1,0.026584520185121502,0.026885282680613305,1,2,1,0,0
295820,6749,60.34484746311901,4.9175085200763835,0,1,0.028882626519967734,0.027625929169452224,1,2,1,0,0
295830,6750,55.26944465996721,6.4381011562583375,0,1,0.01583313712520959,0.01664358184610858,1,1,1,0,0
295837,6751,67.80656696307756,-3.0619432360809196,0,1,0.035773243430642296,0.020789740952986215,1,3,1,0,0
295945,6752,150.55464402965592,308.013374145378,1,1,0.07483106673994736,0.039516675438179556,0,18,28,43,32
295953,6753,55.68656987958928,-0.15553362943176907,0,1,0.030079564240617286,0.01901561786898762,1,2,1,0,0
295966,6754,9.903686349281081,105.17565267100721,1,0,0.024323085624312454,0.09561862533933595,2,3,7,0,1
295973,6755,66.33615782158104,-4.618084024921929,0,1,0.05070693193611915,0.020992283519334298,1,3,1,0,0
295982,6756,52.14172620178213,5.275705785656093,0,1,0.01805337071876268,0.019872343894353845,1,1,1,0,0
295992,6757,5.968746277476502,60.81008357316752,1,0,0.016497892199563293,0.050160049555606046,2,1,2,0,0
296001,6758,62.13880579741594,2.862484905004493,0,1,0.02007271217155613,0.018818053382679178,1,2,1,0,0
296016,6759,78.76206901863924,54.328434428903336,0,1,0.05939139994078462,0.09374706845283697,1,5,5,0,0
296024,6760,58.27961591306628,2.454551073368693,0,1,0.021988915394913978,0.016745251649829082,1,2,1,0,0
296037,6761,89.28088339522269,43.35565359683362,0,1,0.1623962622190112,0.04512006898747157,1,5,5,0,0
296044,6762,67.60552431000932,-0.6960257933369594,0,1,0.058848050078633495,0.02623667651104986,1,3,1,0,0
296062,6763,54.540519511305845,164.31870364316916,0,1,0.10979119023807306,0.11432921509990594,1,5,16,2,0
296071,6764,54.42813058990235,15.003648763509833,0,1,0.015819436219052373,0.012826625808647352,1,2,2,0,0
296081,6765,62.099269995416066,3.1480672077824288,0,1,0.019384023497374468,0.00638870598684856,1,2,1,0,0
296089,6766,56.421579853091146,6.378055677910941,0,1,0.026391818151429564,0.02131509991245891,1,2,1,0,0
296102,6767,74.0338943337126,76.84768492552013,0,1,0.05725206919137024,0.14516352254695827,1,5,7,1,0
296110,6768,55.67871580996386,4.469635051202303,0,1,0.034509427058242906,0.019646790762999616,1,2,1,0,0
296122,6769,79.42292248300143,23.06179746392574,0,1,0.10544349175615503,0.053693763917708255,1,4,3,0,0
296140,6770,51.06730814239083,140.37793597412224,0,1,0.03433052998657652,0.17816250277045637,1,4,12,3,0
296147,6771,62.92610373500857,7.882591435536458,0,1,0.0336525269125804,0.01803526505465563,1,3,2,0,0
296154,6772,55.24980404834845,14.788274615342015,0,1,0.030103738237051425,0.017751766954322575,1,2,2,0,0
296221,6773,180.33004273874045,80.10249325503594,0,1,0.038887340805742354,0.023162456211677455,1,10,4,17,1
296229,6774,10.219255928363392,64.08204484310751,1,0,0.0232148871232809,0.060657448467028335,2,2,3,0,0
296238,6775,5.364925749458063,76.93350067196477,1,0,0.021817988024362148,0.05502699319943155,2,2,4,0,0
296246,6776,54.68210336821643,14.61390609380652,0,1,0.017918128288635288,0.009252249867081471,1,2,2,0,0
296300,6777,119.97770629687807,37.684830231266986,1,1,0.04444906364205435,0.016812373859377536,0,10,3,5,8
296800,6778,-2104.2167851146933,8940.155456145549,0,0,0.0038846050241348106,0.11173452887581335,0,10,831,9,25
296855,6779,25.742148730995616,375.86412314248423,1,1,0.027609081624897277,0.09115514923974367,0,10,35,13,14
297355,6780,-2087.3444279220607,9050.927628652546,0,0,0.0033806619083396566,0.11833976051915752,0,14,841,16,22
297414,6781,181.13537210701833,58.69836013089321,0,1,0.13817951675252305,0.023302725014355014,1,11,6,17,22
297463,6782,162.61794175269296,64.17003942117245,0,1,0.04172801752704193,0.029643697983386508,1,11,6,19,4
297533,6783,137.00169972612815,40.19200920906442,1,1,0.06521941822305242,0.012427616852315259,0,12,4,29,15
297571,6784,169.16032613551482,13.763250417557552,0,1,0.030638376446679574,0.02185439756507623,1,11,3,4,10
297596,6785,53.306199977736405,50.9632561366183,1,0,0.04580118380539308,0.019751975123939548,-1,6,4,5,1
298096,6786,-1726.16560462349,7948.089958460321,0,0,0.0038763403227475837,0.09300120539238864,0,21,743,26,35
298176,6787,153.86105456037805,35.720841655480164,0,1,0.017728074608558405,0.016262512863986993,-2,10,2,18,11
298186,6788,23.86220261985055,62.21676630937688,1,0,0.017905783395834034,0.043196804402937314,2,3,3,0,0
298237,6789,109.38637116206795,45.69638258682127,1,1,0.1247586175054594,0.018269132991823183,0,10,4,25,0
298293,6790,165.08905777997578,79.96189761232728,0,1,0.02604243760074474,0.024065743122063506,1,11,8,10,16
298385,6791,20.132648587029074,577.3418602593456,0,1,0.01305438043831361,0.11130513701525278,-2,9,51,12,41
298430,6792,46.727296656468084,30.06496642803562,1,1,0.13365668124370497,0.011139797877725708,0,5,2,42,0
298443,6793,24.902941991047182,53.86557850307835,1,0,0.01965536548005629,0.030194567424936616,2,3,2,0,0
298455,6794,-0.6367802431367764,70.11363758367409,1,0,0.013438041605779305,0.03644261493149478,2,1,3,0,0
298464,6795,9.508040291433463,64.7680272738358,1,0,0.018089373597279704,0.0460940656793554,2,2,3,0,0
298488,6796,139.21942459974187,25.919372673338263,0,1,0.0842641906605613,0.02760804882493519,1,8,3,4,0
298988,6797,-2076.1356990606246,8943.103821590583,0,0,0.0036139302423997544,0.13009449343889679,0,12,823,58,12
299009,6798,117.35278297723413,23.49368149502781,0,1,0.06555859787071688,0.029965279304283308,1,7,3,7,0
299016,6799,74.79543161425555,6.197520300231854,0,1,0.04824721328434651,0.031103920818248188,1,4,2,0,0
299092,6800,199.21690119638617,33.506117205328096,0,1,0.08190616198395652,0.013768500405600976,1,12,4,27,29
299592,6801,-2160.662218270587,9075.081231876014,0,0,0.00498549993291581,0.12122419552906807,0,9,840,14,25
299604,6802,23.945938866304473,71.88242355587946,1,0,0.023109053051002082,0.03784713505056489,2,3,3,0,1
299616,6803,23.197366450877638,63.08259538535238,1,0,0.02088156605814176,0.042229976269663204,2,3,3,0,0
300116,6804,-2147.856359015313,9086.52157178345,0,0,0.004277333609471035,0.11929879840160705,0,11,842,65,7
300123,6805,64.97208197988863,8.760668737315532,0,1,0.04861034424793135,0.019798236497805814,1,3,2,0,0
300195,6806,173.90392273627384,44.73229168059461,1,1,0.10246609980185861,0.01618328439712844,0,14,5,24,17
300202,6807,63.45830322983288,12.333969249386689,0,1,0.03168920974216329,0.01499351991861331,1,3,2,0,0
300210,6808,63.89872540981997,8.198732905166583,0,1,0.032663795956896,0.01678732420415803,1,3,2,0,0
300262,6809,179.29369899329538,10.112704070916198,0,1,0.10859398642929417,0.040499373481014116,1,12,4,19,33
300762,6810,-2309.0714048239256,9585.255568554436,0,0,0.0030634193532323713,0.12799058481269487,0,9,888,36,11
300782,6811,108.82023469747989,27.113765872366045,0,1,0.041266186946724494,0.03458663708904027,1,6,3,0,0
300791,6812,60.26378598045161,15.089813008490468,0,1,0.02469408390092303,0.02516518807415396,1,2,2,0,0
300801,6813,23.798010418579292,63.587939972985055,1,0,0.025606335638629657,0.051135312026866685,2,3,3,0,0
300809,6814,55.20697787476287,16.847735948227083,0,1,0.02476567198521545,0.021945429912056065,1,2,2,0,0
300829,6815,19.67454149454014,59.09615528877563,1,0,0.014996123240455378,0.02586964166078848,-1,3,5,0,0
300891,6816,156.92334532825598,56.43884113104369,0,1,0.0637139349438076,0.023479588977061778,1,9,4,32,0
300900,6817,61.13731266776179,4.847165644442736,0,1,0.02373630561648222,0.025094650966923128,1,2,1,0,0
300913,6818,61.32625303930222,45.72852535760742,0,1,0.06914276307802171,0.029507305584842717,1,3,5,4,0
301413,6819,-2164.8328552054113,9316.63622440632,0,0,0.0027379466837650322,0.12999787836470159,0,15,863,24,25
301526,6820,136.97483947954453,130.90913281542583,1,1,0.03254219952274719,0.0302655063956003,0,9,8,34,15
301611,6821,-47.38698088889507,676.4164683860213,1,1,0.07748392779770144,0.0815334704594398,0,10,63,24,24
301623,6822,7.612743021683684,77.01617889960079,1,0,0.015062223609780037,0.03945631293027888,2,2,4,0,0
301630,6823,63.580299064503365,11.262488006611502,0,1,0.042697194845711835,0.016691575390402166,1,3,2,0,0
301644,6824,69.25770226963901,3.7463788984551787,0,1,0.022249911571147307,0.007921864694669415,1,3,1,0,0
301655,6825,59.37351579843711,15.550297519306234,0,1,0.029398034466483133,0.016875411785755304,1,2,2,0,0
301709,6826,22.47903420775224,317.86630263231535,1,1,0.06943989343274853,0.07163003465453296,0,7,28,5,3
302209,6827,-2065.2472654493668,8807.99437764278,0,0,0.00361199017745814,0.10471517205954908,0,12,821,21,20
302264,6828,114.79362023761698,39.6993464372684,1,1,0.04013363821356457,0.018838662188409985,0,11,4,38,0
302333,6829,196.05627072034181,51.67126898876495,0,1,0.07417917436306515,0.035339967720888356,1,11,4,13,23
302833,6830,-2072.3168534816205,8810.942519487113,0,0,0.0026986896840526693,0.10126184879292706,0,9,822,18,10
303333,6831,-2207.646351171216,9318.845684206975,0,0,0.002904659466594915,0.1235898353342139,0,11,865,27,23
303343,6832,23.616633744719653,53.73396625397561,1,0,0.023561227260922506,0.05683607070351324,2,3,2,0,0
303843,6833,-2136.3245774459756,9129.898587730735,0,0,0.0038318197200288974,0.12109129899206479,0,13,848,29,39
303849,6834,62.68290565428374,7.164108772098517,0,1,0.06555660793782131,0.030410766200332923,1,3,2,0,0
303903,6835,161.68803538894844,91.54305320904405,0,1,0.11004545268121113,0.04576386036777161,1,11,8,20,4
303924,6836,116.6629809665653,20.65952459189655,0,1,0.08660111335499568,0.04440841578760281,1,7,3,6,0
303936,6837,10.643064762880341,75.6281157250086,1,0,0.019621002294383228,0.03404465550492797,2,2,4,0,0
303944,6838,56.02552550144688,12.486219414441251,0,1,0.0257543255424666,0.02514731996414245,1,2,2,0,0
303959,6839,38.05016770977572,84.85110789665022,1,0,0.07752662436877548,0.09035067948126901,2,4,4,0,0
303992,6840,60.983810768688,53.3030723619741,1,0,0.061330118639791896,0.023895363990276527,-1,6,3,11,0
304016,6841,141.95389088872568,18.648225617820046,0,1,0.056203021144801545,0.03271336794940491,1,9,3,4,0
304061,6842,93.89178846493154,32.298066512624175,1,1,0.046625811518583575,0.013805136091994392,0,9,3,25,0
304110,6843,175.33970901385953,17.026866161180333,0,1,0.04353198242612579,0.017132871043092208,1,11,3,17,17
304129,6844,28.59287629772756,12.26849100770356,1,1,0.052974517493151095,0.018715063418853102,0,3,1,4,1
304156,6845,122.90172842258374,23.758067361314914,0,1,0.08160740800371835,0.029546489055939446,1,7,3,11,2
304166,6846,4.134971320229335,57.23783657877874,1,0,0.017180064491921106,0.036422536943002425,2,1,2,0,0
304177,6847,57.68950290910536,15.690126992998483,0,1,0.035122014735681904,0.018166886022168763,1,2,2,0,0
304187,6848,59.66727558380168,17.096128676190776,0,1,0.01975136503072524,0.020187219541756486,1,2,2,0,0
304195,6849,55.25222063031045,15.12874470528797,0,1,0.022033384189633028,0.016498175297784176,1,2,2,0,0
304208,6850,12.567042169557615,67.55977589233107,1,0,0.015148755959121638,0.03926191297344712,2,2,3,0,0
304217,6851,57.503842856974984,14.875173304758405,0,1,0.02315514189386638,0.02362989499988587,1,2,2,0,0
304226,6852,22.32023367068802,52.36386987909501,1,0,0.029723368820983777,0.06108317317494551,2,3,2,0,0
304237,6853,62.70804497747886,15.372383863233567,0,1,0.018387206934519087,0.018853510030321964,1,2,2,0,0
304246,6854,63.14218375697007,4.743630818974506,0,1,0.021304883191857717,0.017424982200026813,1,2,1,0,0
304347,6855,130.79032958624154,88.04249171096505,1,1,0.06352735441347739,0.033294554112851475,0,9,4,43,0
304356,6856,62.88454370715954,6.1126495637962,0,1,0.020514575383625267,0.022242433525250894,1,2,1,0,0
304411,6857,158.83506575152583,45.16658047838042,0,1,0.033527628863816175,0.023672757101769498,1,9,5,10,14
304419,6858,55.42114025836912,16.28840480585958,0,1,0.028287523899872293,0.025616856417995538,1,2,2,0,0
304427,6859,56.061834555011515,2.195870031763608,0,1,0.04531831672392698,0.027340542648583023,1,2,1,0,0
304435,6860,54.6587520306801,15.167937514891321,0,1,0.029891297209960786,0.02502210479924608,1,2,2,0,0
304443,6861,56.088750575989245,13.358122171560003,0,1,0.03050939890838339,0.02539136432293829,1,2,2,0,0
304452,6862,59.57339804071492,5.178934563216767,0,1,0.02361095356424712,0.02204131372615366,1,2,1,0,0
304469,6863,93.68484717172063,10.082504048009636,0,1,0.05098002427779499,0.02142104022421032,1,5,2,5,0
304480,6864,28.406121519895652,68.05046269098105,1,0,0.0374231124390875,0.05801981216999253,2,3,2,0,0
304490,6865,9.701580934509039,64.61042955824142,1,0,0.020242618281054482,0.04089400191623521,2,2,3,0,0
304544,6866,176.29151194093265,36.338247529144326,0,1,0.028316164876858504,0.012397117581999139,1,12,4,23,8
304563,6867,24.01179852994922,49.43353982265776,1,0,0.014283286322289894,0.030830442230131164,-1,3,4,0,0
304572,6868,57.90536754146241,13.005738976571722,0,1,0.021684006103552495,0.020882795821572965,1,2,2,0,0
305072,6869,-2224.7475747241265,9443.988825692166,0,0,0.0032766452556587315,0.13151864691205886,0,12,874,25,22
305086,6870,32.28425304524862,74.1210931951658,1,0,0.01950891126468964,0.042939752693936316,2,4,4,0,0
305179,6871,-49.154857267361265,810.7201754676863,1,1,0.026310006676121413,0.17720082731114822,0,10,66,30,11
305187,6872,66.64445947460801,-1.6437362591913853,0,1,0.05497525166450089,0.0283150071298263,1,3,1,0,0
305197,6873,65.5280097758374,12.464252481485047,0,1,0.030592215355562558,0.02069526940510927,1,3,2,0,0
305206,6874,11.649574590743615,65.09687561532863,1,0,0.02332388327668584,0.05909757608717484,2,2,3,0,0
305218,6875,65.47082235491217,3.9550257249408673,0,1,0.017731405941478855,0.013116981529166115,1,2,1,0,0
305224,6876,63.136308132912106,6.686873553837229,0,1,0.0757295915394698,0.024630336123218285,1,3,2,0,0
305231,6877,64.8454067833193,11.200991690926152,0,1,0.04011381346822179,0.01860540611283004,1,3,2,0,0
305240,6878,66.41236653975939,2.235623167684217,0,1,0.03952531819727322,0.015922783854483032,1,3,1,0,0
305319,6879,137.4905391225251,71.99234974428165,1,1,0.08395612293573211,0.0188035017770713,0,12,7,29,29
305328,6880,22.325718979464078,70.31482426767099,1,0,0.035086864673212044,0.0724518744675446,2,3,3,0,0
305350,6881,108.67838771576683,23.700692323747276,0,1,0.08169114906056539,0.025387344568787697,1,6,3,3,5
305375,6882,122.49219266373905,15.054941137400373,0,1,0.03333551255186702,0.0219326394191688,1,7,2,4,0
305383,6883,69.82701921081063,0.7533718160192304,0,1,0.024525937265608987,0.02027316812631521,1,3,1,0,0
305395,6884,29.101113494856076,61.2049399063617,1,0,0.027715215385458878,0.028814073261707224,2,3,2,0,0
305404,6885,58.83591686701803,14.531464126980993,0,1,0.018368011062932205,0.01144004674088815,1,2,2,0,0
305904,6886,-2198.2968732921363,9236.562151528069,0,0,0.0027238849727280103,0.11507725785346366,0,9,859,19,16
305932,6887,69.04996150325832,39.30488620118466,1,1,0.08668095515024873,0.017765722927092765,0,7,4,12,0
305941,6888,63.191687121152086,5.828547797951035,0,1,0.022070639974226303,0.016797144869145977,1,2,1,0,0
305949,6889,56.48444521217409,13.426431258752654,0,1,0.02609103293323836,0.022070601112085333,1,2,2,0,0
305975,6890,98.2200075261131,30.235481814764427,0,1,0.021903839171522797,0.016317762695951334,1,5,3,5,2
306037,6891,20.302209154133212,274.1437810232135,1,1,0.014784400616884978,0.08021017316463841,0,6,24,14,25
306060,6892,120.01543189792551,20.973081003737995,0,1,0.0526815487934138,0.024642000205698816,1,7,3,3,2
306100,6893,86.08930045220139,50.24467101696817,1,1,0.06034976854331577,0.02015681807278972,0,8,4,16,0
306107,6894,64.30381482061482,11.900797885158191,0,1,0.03414974355528686,0.026813688797582187,1,3,2,0,0
306116,6895,62.998872894909205,13.599514681916999,0,1,0.024329660348659438,0.019737496057531313,1,2,2,0,0
306128,6896,62.33685288086514,7.444998017584187,0,1,0.03410425271746957,0.014691154077402598,1,2,1,0,0
306146,6897,54.21605646782734,22.774815427676373,1,1,0.11353894945878433,0.033972011324071516,0,6,3,9,0
306646,6898,-2154.405291444884,9077.228507078911,0,0,0.0027648273297519207,0.11717289186017237,0,10,842,24,19
306653,6899,64.29142208477106,12.470238548763877,0,1,0.04228964428111822,0.022801815542376418,1,3,2,0,0
306678,6900,105.77369660119348,27.70627683806778,0,1,0.03749587619197106,0.03394175326158827,1,6,3,2,7
306692,6901,17.438894106792624,79.76346732350936,1,0,0.02685304698061738,0.054174953861741613,2,2,3,0,0
306699,6902,64.5704164688868,12.006768123831442,0,1,0.03588434008413495,0.027316882361687087,1,3,2,0,0
306745,6903,142.3806532234933,55.81494246289374,0,1,0.03534491823007271,0.021258863266662712,1,9,4,27,1
307245,6904,-2002.852939626373,8613.496008726655,0,0,0.0019609827146471236,0.10313460601363754,0,11,803,24,24
307257,6905,93.90563552116518,34.09878397204627,0,1,0.11138582040381441,0.0403104981009471,1,5,4,2,0
307284,6906,81.65913771219742,33.635378665106316,1,1,0.09034533828363242,0.019430428615872446,0,8,4,8,0
307784,6907,-2244.8525857266154,9427.350368815407,0,0,0.005134286667392451,0.12144485047877039,0,9,875,13,4
307792,6908,76.4623467619871,0.6877524312207299,0,1,0.03579062363130486,0.01872791943407318,1,4,1,0,0
307887,6909,43.0444754790684,605.2209094253167,1,0,0.0189617677337564,0.10198400806477506,2,14,46,41,1
307903,6910,16.021555774512628,87.02450590691859,1,0,0.013243617913067648,0.03427667318740885,2,3,5,0,0
307914,6911,1.945387624783514,67.30555332132269,1,0,0.012813531418699871,0.031214864963142182,2,1,3,0,0
307940,6912,168.94799822061046,1.7657828555025201,0,1,0.03661254274324816,0.020399737720743685,1,11,2,1,2
307949,6913,2.00879537070516,58.23842443583533,1,0,0.015536312100251339,0.05003463027142623,2,1,2,0,0
307965,6914,104.59799876101559,62.435312765401015,0,1,0.0812223966046096,0.11549783922302582,1,7,6,0,0
307992,6915,117.41849826478847,26.46407991927748,0,1,0.050281251830181777,0.04038822281885291,1,7,3,7,12
308091,6916,22.40917522928187,676.8537374293697,1,1,0.08041510897516946,0.06264289028942134,0,15,63,18,12
308130,6917,154.05785044468007,29.573773277111894,0,1,0.028713002458721028,0.030333262202783998,1,10,3,8,8
308140,6918,64.25612042261415,6.572022228562776,0,1,0.016388673946958476,0.015065640630113956,1,2,1,0,0
308151,6919,17.601485937018133,55.20504026395324,1,0,0.02317416802173081,0.044751295145929786,2,2,2,0,0
308192,6920,123.82544990977016,26.910257985251896,0,1,0.020088468781691245,0.013796476767437733,1,6,2,3,2
308216,6921,111.94969887724366,23.069049880623005,0,1,0.06206604772862704,0.02055729257863912,1,6,3,0,8
308224,6922,56.64206596341152,12.562997316312348,0,1,0.020325549155559872,0.011928411584886545,1,2,2,0,0
308724,6923,-2073.2890348363617,8869.73656149167,0,0,0.0032020026418098533,0.11632246351165078,0,13,822,27,18
308767,6924,57.08630502481409,24.98542682823074,1,1,0.04177298412580151,0.01164831732511339,0,5,2,17,13
308781,6925,93.30195065512773,16.25037827541514,0,1,0.05799287884404769,0.019705984155430855,1,5,3,0,0
308791,6926,23.558792452430154,63.18423648421049,1,0,0.024079526924407672,0.05033385989862954,2,3,3,0,0
308800,6927,12.573263899861434,65.08930230940437,1,0,0.02062139358388858,0.057308057886246454,2,2,3,0,0
308815,6928,16.594616414459814,60.55617908912032,1,0,0.014548608732816649,0.02228030733439445,2,2,2,0,0
308823,6929,69.69463493262899,0.46098342386074265,0,1,0.03243695077366749,0.021471224330543576,1,3,1,0,0
308837,6930,19.115328973774453,59.82600422965943,1,0,0.013947178016709846,0.025144218095931682,2,2,2,0,0
308849,6931,18.090960911135642,56.85417196758267,1,0,0.018528589949904157,0.037200729555062685,2,2,2,0,0
308894,6932,124.89450808480447,23.917011095273228,0,1,0.03509909075249616,0.014570244035973732,1,6,2,8,16
308901,6933,57.13693583127717,-0.08084686391792673,0,1,0.024750838133212,0.015751355669248488,1,2,1,0,0
308908,6934,63.682332707785804,10.814166209930484,0,1,0.04478090129891051,0.01998112198270627,1,3,2,0,0
308944,6935,124.4018932255905,31.75608150318345,0,1,0.040570551954830544,0.02642036198214462,1,7,3,8,7
308952,6936,56.50810281336415,15.516791319620094,0,1,0.019480676649516387,0.015905283282474633,1,2,2,0,0
308970,6937,39.35187263687018,65.97818341747653,1,0,0.020106809485998522,0.027529910013225363,2,3,2,0,0
309470,6938,-2186.1514928889155,9130.837389259903,0,0,0.0012266695925646641,0.12028050476716884,0,8,847,3,36
309477,6939,47.156761752725146,4.55841227759284,0,1,0.026484931864814088,0.02319975975153132,1,1,1,0,0
309484,6940,56.96074202263971,1.1187753099804763,0,1,0.022803688523578343,0.01586054604175357,1,2,1,0,0
309560,6941,136.27874503001468,271.74899861034436,0,1,0.03872536853235826,0.07405913908170518,1,11,24,12,25
309568,6942,58.695372813658665,2.3341525637583604,0,1,0.017577427400636645,0.013042067737002887,1,2,1,0,0
309596,6943,122.83699096067845,23.48584763741303,0,1,0.038238939273811466,0.031590531938915874,1,7,2,5,3
309607,6944,32.46970262442592,49.0827436329616,1,0,0.01789173067502942,0.03483471496709231,2,4,2,0,0
309648,6945,134.4304306446084,73.14353751602734,0,1,0.054479603864909236,0.02579398574438827,1,9,8,14,13
309789,6946,-225.02661459366308,1549.0537509874728,0,1,0.01403749410204089,0.1460128231544456,-2,8,135,22,35
309825,6947,128.3849534499212,51.113937891484156,0,1,0.056493786434998965,0.01657214225459857,1,7,4,9,8
309860,6948,59.64743662232325,28.910549957791254,1,0,0.022232955007616028,0.030919058462249276,-1,5,2,3,19
309918,6949,149.41927695901074,191.1205139612525,0,1,0.02437336919622325,0.08024430562366265,1,12,16,15,13
309966,6950,173.99605565484103,41.006488537415905,0,1,0.06922327861566278,0.03446861484106267,1,11,5,10,21
309978,6951,12.51266675340408,69.9104140266389,1,0,0.016670871707566755,0.04432425256182195,2,2,3,0,0
310013,6952,64.57171476446031,30.665975804218817,1,1,0.06888212418950376,0.018096536274680167,0,6,3,12,12
310023,6953,58.77021506216519,4.890062034032804,0,1,0.019497880886112318,0.01791786566709152,1,2,1,0,0
310035,6954,55.797897812971684,26.051095816438217,0,1,0.02760756704679317,0.018297682134136063,1,2,3,0,0
310046,6955,70.68999135565079,11.906880322460818,0,1,0.02614481750453976,0.02050378186741755,1,3,2,0,0
310052,6956,64.35884235087408,-2.9263061609048187,0,1,0.05750165430621385,0.024756384426453393,1,3,1,0,0
310059,6957,56.36022202191394,1.1397092456347337,0,1,0.025204776736566927,0.020473358695401487,1,2,1,0,0
310073,6958,24.85133931828453,64.19545152982866,1,0,0.02253127383794635,0.035708264866532405,2,3,3,0,0
310084,6959,22.46991809601523,63.617629291364324,1,0,0.018706633652172094,0.03354270587506768,2,3,3,0,0
310093,6960,20.523768868113127,74.48149379249989,1,0,0.035937339537202156,0.05442340540484454,2,3,4,0,0
310104,6961,4.798134223973484,98.52998323737961,1,0,0.019786724418879607,0.06076282397060155,2,2,6,0,0
310114,6962,63.276507473724465,7.287479432714278,0,1,0.018249485570688413,0.019920617107936113,1,2,1,0,0
310122,6963,63.276516058745415,13.019634106523595,0,1,0.058267135032978444,0.022243790350533626,1,3,2,0,0
310184,6964,58.81110364221066,292.22704701213013,1,1,0.13666211540846346,0.07615191692282944,0,10,27,19,7
310201,6965,54.257184186908034,38.79616700610225,1,0,0.09476691771182455,0.02529733155017516,-1,6,3,6,0
310211,6966,3.193116011290666,58.38553979585469,1,0,0.016604734415908345,0.04196768660608004,2,1,2,0,0
310283,6967,141.36895801287866,56.67506583108626,0,1,0.027225184367880628,0.027092916560543075,-2,10,6,14,25
310302,6968,92.75566885325298,24.0621262646995,0,1,0.02786580515326022,0.020784912126351435,1,5,3,0,0
310314,6969,33.73776407393845,62.17168727830682,1,0,0.019307245201054285,0.043628869686514575,2,4,3,0,0
310323,6970,62.37111891135876,3.652493085835907,0,1,0.017421945678162312,0.012721261471141904,1,2,1,0,0
310400,6971,106.97374797369228,285.96403207219527,1,1,0.11611814247705798,0.050543900807562596,0,13,25,31,4
310411,6972,3.8660726976779145,63.16192241400467,1,0,0.015374777984968281,0.035681765672498804,2,1,2,0,0
310448,6973,159.6336560995866,11.11877506964824,0,1,0.043431391165056114,0.021098195071234505,1,10,2,12,1
310458,6974,10.590845760298578,67.84686367992647,1,0,0.020435102531069126,0.039394532614452436,2,2,3,0,0
310465,6975,67.59530678460999,-1.7932332646521711,0,1,0.028747147577353967,0.026759094934921516,1,3,1,0,0
310487,6976,118.02600382117058,18.400374216964217,0,1,0.05675192285523649,0.028003545124947328,1,7,3,1,5
310553,6977,141.86874816524886,21.217164569195766,1,1,0.02743685842260213,0.015843043238229708,0,11,2,7,21
310593,6978,83.77733437523648,59.09157587314641,1,1,0.08833121557029354,0.0234368065191672,0,8,6,11,8
310602,6979,3.6808060056065557,57.296159495799955,1,0,0.019416079152352266,0.04984073041353301,2,1,2,0,0
310653,6980,180.92745449116427,13.186325143545853,0,1,0.067460230645816,0.02419199700404687,1,11,2,13,26
310705,6981,51.403317678746376,150.5130729236499,1,1,0.029316365365917547,0.05104547784452013,0,7,13,16,23
310978,6982,-953.9783858312935,4204.412622947285,1,0,0.011715980230640568,0.099336988723625,2,7,386,60,39
310988,6983,-5.670150011422784,152.58689377733478,1,0,0.016801634587656145,0.2878719143968061,2,2,9,0,0
311008,6984,108.86427788582836,10.901919376887228,0,1,0.0407011337354697,0.025074998693774907,1,6,2,2,0
311017,6985,52.02816520412587,5.2476800620177855,0,1,0.01569804707589961,0.013624118101842535,1,1,1,0,0
311026,6986,75.36113716019224,0.6624081715984342,0,1,0.03764414313276397,0.02255971049629328,1,3,1,0,0
311052,6987,37.01463279227257,51.23745871055759,1,0,0.06032069263632122,0.01844347818564506,-1,4,3,9,0
311552,6988,-2160.7294396640323,8945.199298502495,0,0,0.0017210610527107803,0.09248070862293714,0,6,837,0,0
311560,6989,66.34522065970278,10.47375943232251,0,1,0.06457794457887796,0.02776861739749109,1,3,2,0,0
311637,6990,127.81238512348477,74.26132417496277,1,0,0.05280577210259657,0.018926903734438248,-1,11,5,35,41
311647,6991,19.460762304528874,56.01771374059736,1,0,0.019598492448066232,0.017227365106796705,2,2,2,0,0
311654,6992,54.710895731407646,12.887770062370604,0,1,0.03088198873795842,0.02910704160396476,1,2,2,0,0
312154,6993,-2355.572641551325,9644.171490804301,0,0,0.002022282908685462,0.12373390538678981,0,8,895,38,0
312161,6994,65.01463769104963,9.690722788600652,0,1,0.034633167207044624,0.01852220298497063,1,3,2,0,0
312169,6995,77.80439091399418,1.1975423839877024,0,1,0.06472011543836972,0.020504097117856997,1,3,1,0,0
312176,6996,65.98646157413069,1.4058883597682463,0,1,0.040962483978457406,0.03015667955485319,1,3,1,0,0
312186,6997,32.105265042963836,61.05173430497455,1,0,0.03914381422324873,0.06761230701261417,2,4,3,0,0
312235,6998,125.13931247150555,38.74474602911353,1,1,0.06330118930298899,0.020576325152612342,0,12,4,35,0
312305,6999,138.39947530853777,39.32015606227981,1,0,0.07639802659879391,0.037496024953654526,-1,11,2,23,26
312314,7000,59.86604552372391,16.411233895469067,0,1,0.023312566575347526,0.021516589809212915,1,2,2,0,0
312322,7001,57.559601258108785,4.414615182730481,0,1,0.025492668519455735,0.023326413480955422,1,2,1,0,0
312342,7002,88.85027136864493,33.3522683748238,0,1,0.04445014067398287,0.01903473278085439,1,4,3,0,0
312359,7003,78.84565794928174,2.960546178569114,0,1,0.016406661975269177,0.010749667626665708,1,3,1,0,0
312366,7004,64.22056585132798,13.40634191067382,0,1,0.048978444905597225,0.0223097075605846,1,3,2,0,0
312373,7005,62.599174684943755,11.70686151774677,0,1,0.04285682057078274,0.025166346324456242,1,3,2,0,0
312379,7006,63.370466556833684,7.140011773311825,0,1,0.041216645570078696,0.03061464320705197,1,3,2,0,0
312388,7007,57.82361388503986,13.559493734887482,0,1,0.02367274198055542,0.021902467923153954,1,2,2,0,0
312397,7008,74.49628648850617,17.12594610930929,0,1,0.06417580225180455,0.03774403375566677,1,4,3,0,0
312409,7009,61.16036633057607,3.183644298443486,0,1,0.046117683692200595,0.016779169932145708,1,2,1,0,0
312418,7010,29.150506259521745,59.504710348706624,1,0,0.02999279378188846,0.052422366996622345,2,4,3,0,0
312429,7011,32.76460710934087,60.77445726795213,1,0,0.031221355927129258,0.031838761250592165,2,4,3,0,0
312439,7012,25.888806945136455,53.12359215315189,1,0,0.024069233403960253,0.05316227525759324,2,3,2,0,0
312447,7013,60.39916098813774,4.895472144452047,0,1,0.022405234600918665,0.015139235769202397,1,2,1,0,0
312454,7014,53.40766273494894,13.846231348472891,0,1,0.03441634053367429,0.027432281773238285,1,2,2,0,0
312465,7015,87.35513181261531,4.241606789200228,0,1,0.05286793557062979,0.024497430316807733,1,5,2,0,0
312550,7016,185.5095958325462,203.19526858561477,0,1,0.041969169292159166,0.03840012662438656,1,13,18,16,28
312559,7017,22.978594802338247,47.04592303851563,1,0,0.019907476662718488,0.021008895522125776,2,2,1,0,0
312616,7018,161.80627401142527,37.57739662168463,0,1,0.030643858097426206,0.027169424224982096,1,9,4,14,26
312624,7019,75.19148906702647,7.359511919777404,0,1,0.04323154536679552,0.024630163326065168,1,4,2,0,0
312631,7020,66.49321845288188,1.3046473924808364,0,1,0.03893134637796493,0.028534029580285666,1,3,1,0,0
312673,7021,153.78613182341957,27.703241299681228,0,1,0.08254613260732582,0.033027892389877675,1,9,4,0,9
312680,7022,67.95487054688647,-1.2620102956012236,0,1,0.03219444526139242,0.020180671308907137,1,3,1,0,0
312693,7023,27.56059533948256,62.15640355739711,1,0,0.01666125722861886,0.026516441628656153,2,3,2,0,0
312701,7024,60.20288983759948,4.682322094383007,0,1,0.025236252827459598,0.026638818530997962,1,2,1,0,0
312713,7025,63.13079361236096,5.084709741882328,0,1,0.015380458805828173,0.015812938098637985,1,2,1,0,0
312730,7026,22.99872246384424,68.11798715021693,1,0,0.024582433604252177,0.06276505839759873,2,2,2,0,0
312761,7027,125.55547356065463,35.63013975005295,0,1,0.036699962325804886,0.01801580658906467,1,8,4,7,8
312791,7028,45.415306887851266,32.25207069135729,1,1,0.09163946020190132,0.014555220815932128,0,5,3,22,0
312798,7029,54.85343996513481,12.23646517595699,0,1,0.031816082206464445,0.023195807860327544,1,2,2,0,0
312804,7030,62.75358871344658,6.847594900141816,0,1,0.05787777612258913,0.025133964302133455,1,3,2,0,0
312812,7031,56.737362887184375,13.26878617290392,0,1,0.027988586082464247,0.019687313864733543,1,2,2,0,0
312819,7032,67.4177718487795,-1.7015181654299099,0,1,0.028708955397093172,0.026043878022807953,1,3,1,0,0
312846,7033,127.0173302775651,23.18554756666731,0,1,0.029353554509949805,0.021327618433413027,1,8,3,0,0
312857,7034,66.44219468142146,5.701893819360615,0,1,0.03761636978275515,0.018500025206012422,1,2,1,0,0
312869,7035,22.456737418688796,63.57459051707971,1,0,0.018950272700224296,0.0353497378267847,2,3,3,0,0
312879,7036,58.44572584684443,13.414037864923106,0,1,0.02086695661365946,0.016127148888237235,1,2,2,0,0
312891,7037,10.307202602764253,71.05656931029708,1,0,0.01951273368188385,0.036984330858408666,2,2,3,0,0
312898,7038,65.94323483271444,10.949382283351742,0,1,0.052393489254971434,0.029252383373240372,1,3,2,0,0
312906,7039,56.11209870214431,12.541097918213616,0,1,0.02566654106913773,0.024001448434011398,1,2,2,0,0
312914,7040,57.367862984062114,11.273725789340876,0,1,0.024709152501255934,0.020622031573956392,1,2,2,0,0
312921,7041,65.01178197215283,12.349249331711366,0,1,0.035125880399462114,0.015556493528981554,1,3,2,0,0
312928,7042,63.61421944907076,9.130545254645892,0,1,0.03768333074188217,0.024440843722588843,1,3,2,0,0
312941,7043,65.36092643922827,10.055148411451905,0,1,0.026111281878596806,0.009329562585293574,1,3,2,0,0
312953,7044,20.864344912088363,76.73108939507168,1,0,0.03412565926318271,0.06859798893608023,2,3,4,0,0
312962,7045,57.75841344799666,14.262521954178432,0,1,0.02336007435022351,0.01830053136922443,1,2,2,0,0
312995,7046,99.30452741702021,35.74111793593952,1,1,0.03732587222579731,0.02297560344636575,0,9,4,5,7
313004,7047,57.75679145597338,3.9853196503140733,0,1,0.03101187721688941,0.021323777319829665,1,2,1,0,0
313014,7048,67.10065826400356,12.32868734816408,0,1,0.0233939232934821,0.018644757677443342,1,3,2,0,0
313069,7049,104.95697153204803,92.20860822558838,1,0,0.14386901108988678,0.03606891575760509,2,8,3,5,6
313077,7050,56.63499963534314,11.463552850347366,0,1,0.02120009275078371,0.014270634887795666,1,2,2,0,0
313086,7051,57.573778524815985,3.355421796890191,0,1,0.02069115915970103,0.017209605574299396,1,2,1,0,0
313126,7052,45.6260267641642,274.25521861590164,1,0,0.04107704239998722,0.14078953916301498,2,7,18,9,3
313157,7053,116.35739877725625,31.25478871250396,0,1,0.05570868191463704,0.025903806461620552,1,6,2,12,1
313165,7054,55.043471654652606,13.423630450097303,0,1,0.02798161997156904,0.026387862837788795,1,2,2,0,0
313210,7055,75.5241093906858,178.6185153934159,1,1,0.04209975636249984,0.09637377324128078,0,9,16,12,18
313221,7056,64.19405037209381,15.304223096743524,0,1,0.02523656960165829,0.014370681364812033,1,2,2,0,0
313229,7057,56.11741363886596,12.239550104822875,0,1,0.024609379865647242,0.016983057007126795,1,2,2,0,0
313259,7058,150.806554171978,21.15692365529579,0,1,0.03441525020117948,0.022408057363994,1,10,3,10,0
313274,7059,18.30885685074029,70.2375435986165,1,0,0.01977802554730901,0.04337282437430225,2,2,2,0,0
313290,7060,21.682733599455055,67.12220556502221,1,0,0.02948912157512136,0.0362604744748158,2,2,2,0,0
313300,7061,60.257966773795395,14.800858265727523,0,1,0.021061517805355673,0.018152581089456506,1,2,2,0,0
313309,7062,58.60924549448158,1.9799758605106845,0,1,0.019587890025460148,0.01750173747342645,1,2,1,0,0
313321,7063,25.281436316003717,71.39762403376739,1,0,0.030548345129448772,0.05677335147936304,2,3,3,0,0
313340,7064,109.72797851018287,33.86020980391679,0,1,0.03994746554407017,0.027695420294705203,1,7,4,0,0
313475,7065,128.19999656770517,122.07469810034036,1,0,0.008807213292104205,0.02256858932959888,-1,7,4,21,3
313485,7066,60.2393410259642,13.812856316145592,0,1,0.018322563996442588,0.013141189230092032,1,2,2,0,0
313514,7067,68.97473002891282,49.45260130164185,1,0,0.08293330201664655,0.019668668238630675,-1,7,3,14,0
313526,7068,17.449697984801425,65.91594443648509,1,0,0.017747630011120372,0.014225876125274478,2,2,2,0,0
313539,7069,17.66061039948177,64.65480224344064,1,0,0.025743216944298417,0.04682199285835193,2,2,2,0,0
313547,7070,54.72427400989095,14.82763789001439,0,1,0.027479675320670895,0.02222688808463242,1,2,2,0,0
313555,7071,55.09432131902738,16.915037589577913,0,1,0.02363497328558186,0.02576355510511389,1,2,2,0,0
313563,7072,57.39951316839367,12.725108812410758,0,1,0.02622919139599717,0.02552726635736094,1,2,2,0,0
313571,7073,57.83834156112701,13.481170693856594,0,1,0.028601910872670933,0.024453996635130704,1,2,2,0,0
313579,7074,57.83057167310524,12.688187381228513,0,1,0.02649576429838429,0.026279559088395302,1,2,2,0,0
313587,7075,53.8226186900655,14.934961816116815,0,1,0.03419405143302311,0.027189769243878743,1,2,2,0,0
314087,7076,-1924.4972023609926,8652.956262882302,0,0,0.006296853231979658,0.1139094485164608,0,16,801,12,12
314094,7077,65.13424584949846,11.792004797356828,0,1,0.06006484500488196,0.029245057889292082,1,3,2,0,0
314140,7078,96.1485925017683,21.165210979515077,1,1,0.08430141447383051,0.01852322331993348,0,9,3,19,24
314149,7079,58.20166162825302,14.586809552315003,0,1,0.021183065560382488,0.018806040478170902,1,2,2,0,0
314165,7080,25.179840450411458,81.60100035945086,1,0,0.01785166490617816,0.027665664752208646,2,3,4,0,0
314174,7081,58.2561061127622,16.313095865169295,0,1,0.02370668680321715,0.020391047975099347,1,2,2,0,0
314196,7082,114.55753748836047,22.03871688824402,0,1,0.04132497960502012,0.0267622373578531,1,7,3,3,1
314203,7083,65.04879546099693,13.054971676162449,0,1,0.038152438037440055,0.026577903750917224,1,3,2,0,0
314213,7084,12.718694649121122,58.9096896628657,1,0,0.01974903786098849,0.013974616151332966,2,2,2,0,0
314227,7085,31.165502588548254,8.827279652588553,0,1,0.01168876730176359,0.011198067086484487,-2,2,1,0,0
314288,7086,153.23902879147045,30.56405511019347,0,1,0.05199830300822465,0.012156317270395471,1,9,3,24,24
314297,7087,17.714665443773264,17.113722159351763,1,1,0.024491708419999432,0.022252039069706193,0,2,2,0,0
314305,7088,59.95253995773367,5.169372824179344,0,1,0.022527801806913918,0.01944096373391164,1,2,1,0,0
314314,7089,55.98508331772862,17.025024482575994,0,1,0.024435694667959633,0.019480444545692366,1,2,2,0,0
314377,7090,125.2834683142998,63.36665521949268,1,0,0.029774935897547147,0.020698923832447338,-1,11,4,14,0
314412,7091,148.79702599814763,117.40369010411949,0,1,0.1411716924349673,0.06953332662467764,1,11,11,6,0
314419,7092,66.10049399189101,2.8799942237840135,0,1,0.04536965311964227,0.02799175059014083,1,3,1,0,0
314453,7093,67.98053105766118,89.3407654905559,1,0,0.05757247641629744,0.02581165902685563,2,7,4,11,3
314463,7094,32.409301530647795,59.80383790496023,1,0,0.041951479252132585,0.05813599132327315,2,4,3,0,0
314481,7095,104.57993068838147,26.35933043629123,0,1,0.04296339062247025,0.014064592312116079,1,6,3,1,0
314495,7096,88.36259723515523,40.24618904839267,0,1,0.053414427706289735,0.06044968161579507,1,5,4,0,0
314506,7097,62.23642525154417,15.753043508605218,0,1,0.019826838320779323,0.013819567373496237,1,2,2,0,0
314519,7098,23.468744847026272,72.63853650291455,1,0,0.01952112538755709,0.05512795121803812,2,3,3,0,0
315019,7099,-2019.9703280367378,8787.035285877979,0,0,0.012733760143378809,0.11868855208267796,0,14,815,15,30
315027,7100,56.91323993063771,12.756771942332335,0,1,0.02743284718007337,0.022790520209733784,1,2,2,0,0
315036,7101,62.81164421824991,7.233781829614969,0,1,0.021417065497914327,0.020365102642461903,1,2,1,0,0
315046,7102,63.710719924949224,4.581599417150926,0,1,0.021247179559900485,0.01867723894118939,1,2,1,0,0
315053,7103,54.88447772644082,14.471814382033756,0,1,0.036295100831640295,0.026130699092129967,1,2,2,0,0
315062,7104,59.44954634176247,17.216316150927547,0,1,0.02703274267948276,0.0242884935040534,1,2,2,0,0
315069,7105,61.88870172503496,12.022940012971809,0,1,0.04212760439251833,0.02955861495197284,1,3,2,0,0
315079,7106,61.66849242611537,17.45390727335178,0,1,0.02032067860924972,0.01882640270196104,1,2,2,0,0
315089,7107,56.53208846133761,19.11369248029756,0,1,0.021754739642644978,0.020120123989213697,1,2,2,0,0
315098,7108,56.74251513183725,17.57756683185032,0,1,0.023350822322216733,0.02646992767818764,1,2,2,0,0
315106,7109,60.312186694128144,4.73636647506245,0,1,0.02220971573405347,0.024577381500705122,1,2,1,0,0
315114,7110,55.07034775135159,14.922328075821317,0,1,0.027629438381013005,0.029788843585392313,1,2,2,0,0
315122,7111,55.21124102366774,13.016874076637201,0,1,0.02712237536346128,0.03138101202941763,1,2,2,0,0
315129,7112,64.00014660524047,13.437030892631391,0,1,0.04852647759194022,0.02970971108744341,1,3,2,0,0
315137,7113,56.08485839946299,12.554928333194812,0,1,0.031087831966672173,0.028615007033295517,1,2,2,0,0
315145,7114,60.70415167155112,2.372759991155096,0,1,0.02413069719284813,0.0216686632931328,1,2,1,0,0
315193,7115,175.84083468223264,56.800699775472,0,1,0.12732809982448717,0.02482806194167637,1,11,6,3,10
315201,7116,53.52382284187693,16.577905798901337,0,1,0.030227926279821543,0.028847898228375114,1,2,2,0,0
315208,7117,65.55991610922447,9.754564878144507,0,1,0.04298127413019813,0.03862961771124647,1,3,2,0,0
315216,7118,47.243698087165896,5.410814612914409,0,1,0.026844986835401347,0.03209889761525449,1,1,1,0,0
315225,7119,58.68999999661916,15.117970147433024,0,1,0.02445227087117781,0.023300834798766552,1,2,2,0,0
315233,7120,55.299632469578235,17.872284925529186,0,1,0.03494984284256154,0.03538754704045726,1,2,2,0,0
315250,7121,20.2699105678899,76.3076444650093,1,0,0.019976912795254303,0.042203884833366706,2,2,3,0,0
315260,7122,63.242699094386424,3.7821403797978803,0,1,0.019446261513669735,0.021560276683568573,1,2,1,0,0
315270,7123,51.80153906309101,11.074051989200063,0,1,0.01889004752731717,0.022700103820908025,1,1,1,0,0
315277,7124,54.69444023116388,10.839467973202662,0,1,0.03333356691462711,0.027611722451950933,1,2,2,0,0
315286,7125,18.370042352183226,55.17936009730346,1,0,0.02370608684836505,0.02351129260045227,2,2,2,0,0
315295,7126,20.541873871078437,49.47236891672122,1,0,0.02299498054655931,0.027627464242188052,2,2,1,0,0
315306,7127,63.90717908281252,15.721246455214647,0,1,0.0185959175405651,0.0190721485226285,1,2,2,0,0
315359,7128,140.04345585275496,22.44089540638349,1,1,0.05891887928784284,0.02204241119002271,0,12,2,15,19
315368,7129,62.91494249326418,6.296286518798574,0,1,0.02169474132949622,0.022437244202195915,1,2,1,0,0
315377,7130,62.734375434086026,5.990187571080481,0,1,0.024734100564347987,0.025491048367305324,1,2,1,0,0
315392,7131,18.44071590810477,79.36711846510185,1,0,0.03326043432709068,0.035501299953524114,2,2,3,0,0
315402,7132,18.097471027003255,51.37004085784384,1,0,0.019080047848489663,0.021886019142385013,2,2,1,0,0
315414,7133,14.433102830001415,75.51030117666461,1,0,0.01837395982258314,0.14848444998645532,2,2,3,0,0
315425,7134,61.086266640356826,7.286197960264827,0,1,0.022629815503558047,0.01957520551143748,1,2,1,0,0
315433,7135,53.72015430305146,11.814193314112586,0,1,0.029105494466774944,0.027483956509940004,1,2,2,0,0
315441,7136,56.982469711784134,14.279195432746246,0,1,0.02924631930336998,0.027964948203627087,1,2,2,0,0
315448,7137,55.08729835795211,12.466291532332134,0,1,0.03327896654346381,0.034597065033633224,1,2,2,0,0
315457,7138,55.865664785010964,13.9867703705212,0,1,0.022347194442938867,0.02591968055325096,1,2,2,0,0
315463,7139,61.79331184176969,8.773565999827284,0,1,0.07224903231835117,0.03419839869981661,1,3,2,0,0
315473,7140,53.46422910847829,6.553993636343147,0,1,0.01747787992834224,0.021249124413149835,1,1,1,0,0
315482,7141,61.75399352589396,2.2234728827405057,0,1,0.025725464430304976,0.01950594511432381,1,2,1,0,0
315493,7142,22.281413194831213,52.7136858292468,1,0,0.015771538756191906,0.01577069410801752,2,2,1,0,0
315543,7143,130.0678673729974,71.55968270618447,0,1,0.036875728181786076,0.04254635689528549,1,7,7,10,18
315550,7144,66.32224516989874,-0.5519396934431438,0,1,0.02398617995899247,0.008034124861289621,1,3,1,0,0
315564,7145,69.572116884004,6.3637137158494,0,1,0.01818504370094796,0.014576153892796635,1,2,1,0,0
315581,7146,96.49697929647301,18.53498768478821,0,1,0.04298859565285458,0.03006799686107131,1,5,2,0,0
315601,7147,87.15186602674147,19.43931416958025,0,1,0.03072914015796129,0.02484803307795267,1,4,2,0,0
315609,7148,57.83110948984326,6.440961102518518,0,1,0.02968270755236946,0.02402912024953924,1,2,1,0,0
315624,7149,19.662385633369624,73.28963671697812,1,0,0.023107479113588774,0.034263294537857376,2,2,3,0,0
315635,7150,26.081112311366386,52.80156682614523,1,0,0.023543733602718917,0.041958516876897285,2,3,2,0,0
315645,7151,23.83895946243087,63.04503003973474,1,0,0.022584502587722148,0.04995165126815854,2,3,3,0,0
315669,7152,128.44457586892636,13.147259595263122,0,1,0.05044387296701608,0.024488177146824164,1,8,2,1,0
315677,7153,57.65850269887159,11.153402228783705,0,1,0.029225900374434326,0.028044017404253763,1,2,2,0,0
315684,7154,54.27767190420725,11.691738627261273,0,1,0.028890167038789133,0.02574367023248026,1,2,2,0,0
315693,7155,56.28089356022841,14.818415765148806,0,1,0.02527741384753229,0.02176737044345698,1,2,2,0,0
315703,7156,14.141127170799434,55.25931908240403,1,0,0.020949759557100506,0.021035797949832482,2,2,2,0,0
315710,7157,47.17376684652176,4.662936506776434,0,1,0.024560595354545557,0.028333988233565085,1,1,1,0,0
315717,7158,64.47742875778555,11.455948479254099,0,1,0.03333747283498008,0.02562202481832071,1,3,2,0,0
315778,7159,114.6896866625035,29.54850572887353,0,1,0.010894231409448304,0.02077589914287689,-2,8,3,8,5
315785,7160,62.12774710868439,10.726690392388162,0,1,0.04976726545737354,0.028219701272062796,1,3,2,0,0
315795,7161,62.049953453314814,18.489208444181724,0,1,0.01885833038430646,0.01632866969043894,1,2,2,0,0
315804,7162,58.20795012520711,16.78070792734303,0,1,0.020662535164941286,0.01956792966468474,1,2,2,0,0
315813,7163,58.358461049887104,16.664084497640925,0,1,0.02580110627581293,0.02503956785313592,1,2,2,0,0
315830,7164,70.61034832169176,5.703699760821813,0,1,0.021274157506554744,0.012767454256939776,1,2,1,0,0
315839,7165,58.34938402384144,13.999733967841578,0,1,0.022362907068699128,0.01975349668642615,1,2,2,0,0
315846,7166,64.25527979839225,10.410117630241428,0,1,0.04010618745545005,0.03411844761351969,1,3,2,0,0
315854,7167,55.72289965650888,12.157609051144929,0,1,0.02355967875759953,0.019297051041951188,1,2,2,0,0
315863,7168,66.79125069735389,1.5515934257221815,0,1,0.0321075747945737,0.024020133588349327,1,3,1,0,0
315873,7169,60.49027098930642,6.942765851032984,0,1,0.018906461762125116,0.023019466056873373,1,2,1,0,0
315879,7170,63.55665018674328,7.169097097526937,0,1,0.06339003532436584,0.03390586640530335,1,3,2,0,0
315902,7171,62.08514205708495,33.65250106260339,1,1,0.07271412247416449,0.021825278222828492,0,7,4,14,0
315938,7172,103.26301686426143,52.797919793741436,1,0,0.05666588274947193,0.022074625118303614,-1,10,4,11,6
315944,7173,62.42283292972081,7.273013512611087,0,1,0.06867768730565457,0.03093704184231491,1,3,2,0,0
315961,7174,65.66141552327207,27.480876372908888,0,1,0.018857423889271755,0.010995330087974571,1,3,3,0,0
316012,7175,135.75558170541473,54.30920847930878,0,1,0.0908523106862443,0.020468422636114494,1,8,6,15,21
316019,7176,65.22518751300035,13.081372432300558,0,1,0.03889236753563926,0.02616020070635844,1,3,2,0,0
316039,7177,76.05295181719111,35.19642557868498,0,1,0.048225259876680915,0.031179258385085278,1,3,3,6,0
316048,7178,11.666395688317472,64.191570544182,1,0,0.022650123070801928,0.023032227500701028,2,2,3,0,0
316059,7179,65.57193593357957,6.531889481505884,0,1,0.017142258034657215,0.019057811161126804,1,2,1,0,0
316118,7180,143.64190375903436,49.33844003699386,0,1,0.08575610986389688,0.015582090221620605,1,8,5,17,30
316128,7181,61.42461289089218,14.660395929050386,0,1,0.019442978793820096,0.01718163925755381,1,2,2,0,0
316137,7182,19.30882340067953,49.06484638253483,1,0,0.021523534145046805,0.02628798118520044,2,2,1,0,0
316148,7183,64.27076355781935,5.730850370341445,0,1,0.025899176480352434,0.022022723119401136,1,2,1,0,0
316158,7184,18.424306555789727,14.557062388723278,1,1,0.02495975321550601,0.02435962766495986,0,2,2,0,0
316167,7185,18.144938705207384,57.68337778875062,1,0,0.029234225949015813,0.02650101491586102,2,2,2,0,0
316179,7186,9.039342278405762,55.06813327256237,1,0,0.01337151205511027,0.014086874719769639,2,1,1,0,0
316187,7187,59.22366607413117,3.0195651037321287,0,1,0.02402801420395445,0.0245216951895245,1,2,1,0,0
316196,7188,16.556484815770997,13.025499525805621,1,1,0.023027469879039766,0.023747208277128243,0,2,2,0,0
316204,7189,55.05300546353695,12.754198008383515,0,1,0.024813214142966323,0.019575506677807563,1,2,2,0,0
316212,7190,12.111866665181058,54.91022334560083,1,0,0.028419673721789607,0.025337498908443595,2,2,2,0,0
316223,7191,60.33149563339883,18.083354380234237,0,1,0.018593560070308365,0.019412102225956806,1,2,2,0,0
316234,7192,18.656002996074648,60.392314673907975,1,0,0.017371314461275864,0.01846315027050022,2,2,2,0,0
316243,7193,17.084528429253737,57.82894114108066,1,0,0.024032491383789788,0.024677056430951277,2,2,2,0,0
316250,7194,54.41159585899818,12.89032375453111,0,1,0.03666990048917621,0.03314629316926644,1,2,2,0,0
316260,7195,53.93205118598662,5.7448287501227036,0,1,0.018259130621794108,0.020662818106175575,1,1,1,0,0
316270,7196,20.34540345377014,60.075081713600426,1,0,0.020394536325896086,0.022544527993024675,2,2,2,0,0
316283,7197,6.049080819197162,67.02170482910019,1,0,0.01482853365872566,0.17592983693398168,2,1,2,0,0
316290,7198,68.1076874844342,1.2306331753388982,0,1,0.035973553674613225,0.02864451623544386,1,3,1,0,0
316299,7199,64.42926394432735,12.73585720051333,0,1,0.02592975454123469,0.024590453303368145,1,2,2,0,0
316309,7200,52.20555973445343,7.741939835325201,0,1,0.01914082101134603,0.02520155504114683,1,1,1,0,0
316317,7201,58.60041188717564,2.3624196255680516,0,1,0.025286005828918063,0.028491970111987588,1,2,1,0,0
316326,7202,57.89110088486874,15.263374604144595,0,1,0.020455842457336462,0.023896949706120475,1,2,2,0,0
316339,7203,13.995685274947125,57.398325348180606,1,0,0.013737246019270098,0.035565283165777194,2,2,2,0,0
316361,7204,83.70243642994684,25.808702016499957,0,1,0.045675871465475186,0.015550028689589074,1,3,2,4,0
316407,7205,174.61108771499786,43.80752987178309,0,1,0.029518676592377474,0.01676807578741146,1,12,6,6,12
316418,7206,85.43867126629408,32.908464580780404,0,1,0.09071639726248265,0.06312535769148181,1,5,4,0,0
316425,7207,53.16432989495689,15.516480868734666,0,1,0.03445234076647173,0.039227138833876865,1,2,2,0,0
316433,7208,56.432336440062976,13.546953380412477,0,1,0.02945187234481028,0.030043308927739213,1,2,2,0,0
316442,7209,59.876123482224116,17.60316707176147,0,1,0.02055232774019937,0.01664927262321512,1,2,2,0,0
316473,7210,110.76289175475623,26.626919399755735,0,1,0.023562344731329028,0.030220311282706195,1,6,3,2,12
316479,7211,64.11311384448052,8.54862412392136,0,1,0.07111806478821882,0.027848920137768202,1,3,2,0,0
316493,7212,12.360954471109526,71.85843316985456,1,0,0.017685391162355225,0.02628254886367296,2,2,3,0,0
316505,7213,15.174378694145542,63.546492243444554,1,0,0.016908635067362964,0.01661872932077284,2,2,2,0,0
316512,7214,62.620845044245655,11.952872592257876,0,1,0.05067687295735592,0.02267275016429937,1,3,2,0,0
316522,7215,85.94921722417128,5.909056486636487,0,1,0.05928620898213216,0.022400690236281717,1,5,2,0,0
316531,7216,60.7198291332586,22.0228221038193,0,1,0.054494613427093636,0.02552417300921716,1,3,3,0,0
316540,7217,57.98467216647982,14.637608042658993,0,1,0.024744303153193606,0.024941153641725517,1,2,2,0,0
316547,7218,66.28860653609564,2.1863260770259494,0,1,0.04136416225533117,0.03107110516592223,1,3,1,0,0
316556,7219,13.907012667797382,54.5147154238297,1,0,0.02213566174739787,0.02237718817350783,2,2,2,0,0
316565,7220,62.91439816207979,7.547049326267645,0,1,0.021623200085460773,0.01617417963997581,1,2,1,0,0
316571,7221,62.368012652519454,7.871507418551303,0,1,0.06121134041388123,0.03291551008741445,1,3,2,0,0
316580,7222,58.86564431942418,16.626867017536295,0,1,0.022894558316791994,0.017059253281264758,1,2,2,0,0
316599,7223,96.45405297109804,27.27595130229615,0,1,0.056140857710287005,0.03181806682253879,1,5,3,0,0
316620,7224,51.08743453175131,36.927500695388076,1,1,0.021678284213505566,0.03403442957237487,0,6,5,0,0
316631,7225,28.201139056720898,62.77593142650013,1,0,0.021175766138094288,0.05330307107991863,2,3,2,0,0
316639,7226,56.52424500136207,13.282168245858578,0,1,0.02663396123316389,0.023234593152321372,1,2,2,0,0
316648,7227,55.369309718507395,13.519660954245463,0,1,0.023338837878831842,0.017879648190676903,1,2,2,0,0
316656,7228,57.30862106023808,12.498777397398015,0,1,0.02583002426628129,0.024608790852506973,1,2,2,0,0
316667,7229,61.68324750629504,13.960544265332427,0,1,0.02008027860778372,0.016459433872473964,1,2,2,0,0
316690,7230,81.43589300861781,27.1350318648003,0,1,0.03940292060867431,0.015402427845658383,1,3,2,6,0
316701,7231,61.50968429115078,12.317993363050373,0,1,0.020333096719200697,0.015963305163559576,1,2,2,0,0
316709,7232,57.5760062440648,11.91201039875191,0,1,0.0255925487252762,0.02612520917050122,1,2,2,0,0
316719,7233,13.438431256857644,65.56691016857702,1,0,0.019043096663747955,0.048666161621380134,2,2,3,0,0
316728,7234,52.313578528133185,5.911271373668768,0,1,0.018968697192092984,0.021380817177031695,1,1,1,0,0
316738,7235,19.430699784368556,13.361071035233248,1,1,0.019673689708219984,0.019717724854520342,0,2,2,0,0
316745,7236,64.04813216190163,12.858816891013301,0,1,0.033381996842902974,0.03167479590039558,1,3,2,0,0
316754,7237,56.54040414864281,16.133841125776044,0,1,0.023315229372079797,0.02149583049815804,1,2,2,0,0
316762,7238,54.729505107606506,12.367310018394914,0,1,0.026367651898121687,0.025057707686603876,1,2,2,0,0
316772,7239,63.721906823309936,16.54941648826756,0,1,0.02226047317939001,0.02268411656164577,1,2,2,0,0
316779,7240,65.11779160484164,11.327145082607556,0,1,0.03984918627870008,0.031114576202799775,1,3,2,0,0
316790,7241,66.67442750932862,6.050585854241078,0,1,0.02385818448760332,0.014065949522777666,1,2,1,0,0
316799,7242,59.90854617863826,14.527797771636564,0,1,0.023427481863050312,0.02041537030174097,1,2,2,0,0
316808,7243,55.36968873927262,13.69797980782179,0,1,0.024113374256503388,0.019290986098386663,1,2,2,0,0
316817,7244,14.652036100470152,61.73998000220667,1,0,0.020654000728626176,0.023979544273827993,2,2,2,0,0
316829,7245,12.748353220863535,75.112874924506,1,0,0.036085547391154695,0.05852960753209568,2,2,3,0,0
316836,7246,54.93767960912829,10.551071128764896,0,1,0.030069701615813262,0.02266029637185058,1,2,2,0,0
316845,7247,58.40291421361465,11.709340241984076,0,1,0.023164014895519662,0.022872501048686402,1,2,2,0,0
316852,7248,65.64705213450014,0.5163747044185794,0,1,0.04084642888463248,0.033223967403842466,1,3,1,0,0
316863,7249,58.94266095901871,13.472099661598307,0,1,0.02021334147875142,0.022097097036361486,1,2,2,0,0
316871,7250,0.5068835044747573,56.43658353416453,1,0,0.018606087065146895,0.05608208488715714,2,1,2,0,0
316881,7251,55.627017518625706,15.439720268055796,0,1,0.020761613958236565,0.019342701148874777,1,2,2,0,0
316888,7252,64.10242953322678,9.151549132126956,0,1,0.03450166391550043,0.026942256016615974,1,3,2,0,0
316899,7253,62.14992748656273,6.800773853637207,0,1,0.016733520111657543,0.019115071930522018,1,2,1,0,0
316908,7254,58.273772929499714,12.56819107417044,0,1,0.023427057331453425,0.02529663242166756,1,2,2,0,0
316916,7255,57.48958046399577,13.314965720238167,0,1,0.029038365000082385,0.029375193036184057,1,2,2,0,0
316931,7256,17.825475636638515,78.15345425431917,1,0,0.029881386502585004,0.05779965043431278,2,2,3,0,0
316945,7257,70.9345341694899,1.9972978461303086,0,1,0.01820115684243149,0.014477114663574061,1,3,1,0,0
316952,7258,53.76599083999568,12.485244385979307,0,1,0.03155488860370935,0.03299642954493588,1,2,2,0,0
316960,7259,56.616487500908214,11.966958546693652,0,1,0.026535506160388824,0.025766590191651537,1,2,2,0,0
316975,7260,88.40106180894774,37.34188184283211,0,1,0.10454503644727316,0.055036923300875305,1,5,4,0,0
316982,7261,66.26930494875614,9.942948884058957,0,1,0.03557446636927965,0.029232090363493106,1,3,2,0,0
316991,7262,55.14376800911661,13.306646423174794,0,1,0.024807190805793203,0.02202712864799481,1,2,2,0,0
317000,7263,61.86887839043892,6.985401488154931,0,1,0.023591409109193724,0.024296054910582315,1,2,1,0,0
317010,7264,64.7843535908056,3.946700471736513,0,1,0.01795464437792516,0.020929891041584364,1,2,1,0,0
317019,7265,51.45070146845748,6.040688468377535,0,1,0.01991914921831476,0.02208469483342211,1,1,1,0,0
317032,7266,69.660920712744,16.535130370590288,0,1,0.06261118751566606,0.03475086207344238,1,3,2,0,0
317039,7267,65.0236871661119,9.82651819329419,0,1,0.03346745226665593,0.029629010036983715,1,3,2,0,0
317050,7268,16.11314036889559,55.87228386311634,1,0,0.017061891770510478,0.018617020046604302,2,2,2,0,0
317064,7269,83.8629891844677,84.77873837273691,0,1,0.06659701698597362,0.14018223282796524,1,6,8,1,0
317072,7270,57.111519792624215,15.352572624729959,0,1,0.0256426732523552,0.027175952894641562,1,2,2,0,0
317085,7271,26.65757215833979,13.830552925781689,0,1,0.014201926877737069,0.015107906031161862,-2,2,2,0,0
317095,7272,16.70833914146148,60.05525415447865,1,0,0.019453432803769183,0.020659213059885502,2,2,2,0,0
317104,7273,56.21215288655048,14.601488136960555,0,1,0.03075421346007274,0.02486967567724011,1,2,2,0,0
317111,7274,65.97124510777307,-0.9875580275639404,0,1,0.03302941743010942,0.02902742045535892,1,3,1,0,0
317120,7275,57.5631942955928,13.386411704441514,0,1,0.020871372968347974,0.022080191672544644,1,2,2,0,0
317128,7276,55.88281709124625,13.529128956066598,0,1,0.02467994090284336,0.030145313211839338,1,2,2,0,0
317136,7277,54.09253113393495,14.625974837082705,0,1,0.0375781877610179,0.02375448563783237,1,2,2,0,0
317148,7278,-5.1736907383051225,140.15025847739454,1,0,0.017305232141065125,0.37072088620988874,2,2,8,0,0
317156,7279,55.987872593510204,13.772087586807594,0,1,0.030672738517440942,0.0241305816639411,1,2,2,0,0
317165,7280,58.25115723773327,13.190421549755719,0,1,0.021621508357463556,0.023215859005805174,1,2,2,0,0
317175,7281,60.625960172506595,13.909433590691942,0,1,0.0231113762822243,0.016659493385858655,1,2,2,0,0
317182,7282,63.857252652210484,11.898563105583282,0,1,0.03815228154058149,0.02336518158520983,1,3,2,0,0
317189,7283,64.94459325212691,10.69629060751807,0,1,0.031047842701559303,0.026296491271426997,1,3,2,0,0
317199,7284,67.7900022787633,13.607483176012618,0,1,0.03334161602072912,0.024476393048700102,1,3,2,0,0
317208,7285,62.769238361657315,1.5119935422666053,0,1,0.02059393759809251,0.020717231732421914,1,2,1,0,0
317221,7286,17.727761639382877,63.91417053490273,1,0,0.03130621740287454,0.05171217335602008,2,2,2,0,0
317231,7287,14.246743648594048,12.881378319949754,1,1,0.019930284301760755,0.020043176636820925,0,2,2,0,0
317252,7288,108.12464502507903,28.60963388549022,0,1,0.04851908612789455,0.039129686861639944,1,6,3,1,0
317262,7289,63.18325707346473,16.58921750325257,0,1,0.020776018570456703,0.02202336049024225,1,2,2,0,0
317270,7290,57.02033277121467,15.236350413437913,0,1,0.026877507876942514,0.020053269876709155,1,2,2,0,0
317285,7291,17.820163506311037,60.03472477519,1,0,0.014451128518445122,0.03466299589365231,2,2,2,0,0
317292,7292,52.73149167826281,12.19273511260731,0,1,0.028665019617943092,0.02713698500786092,1,2,2,0,0
317301,7293,48.18685052700256,7.416048765511439,0,1,0.016335180542275098,0.01589954487791373,1,1,1,0,0
317311,7294,63.05108120454118,3.0525699794436356,0,1,0.021280334168872785,0.020472494171625742,1,2,1,0,0
317318,7295,53.902711089917375,11.570613735911053,0,1,0.031541477070580894,0.028062884515507723,1,2,2,0,0
317328,7296,67.7183713108891,16.025243767883588,0,1,0.02739495668325619,0.02048838908125742,1,3,2,0,0
317336,7297,57.68223883163827,11.90912594765857,0,1,0.03043456235482682,0.030077315818763835,1,2,2,0,0
317346,7298,57.61732403192257,15.618803475080432,0,1,0.020494864038297294,0.01980393808724954,1,2,2,0,0
317355,7299,55.174346209795715,17.842843603008188,0,1,0.02432899485348932,0.02361177140393779,1,2,2,0,0
317371,7300,44.49425034843472,75.22816097899315,1,0,0.034471186973339715,0.16332553141660225,2,5,4,0,1
317379,7301,57.12272679284486,12.25815252041584,0,1,0.02861267891949778,0.026216733903829583,1,2,2,0,0
317386,7302,64.3953345519824,10.826078523912066,0,1,0.03784111674037383,0.029222441284111222,1,3,2,0,0
317488,7303,-134.09353975514978,1212.4238314982733,1,0,0.021950699557771645,0.13847623087653219,2,12,104,32,17
317497,7304,13.152608969876418,56.108419622581195,1,0,0.023068613005979455,0.025134804045865388,2,2,2,0,0
317506,7305,59.68774335424132,15.952469652627103,0,1,0.026455143422394214,0.02401971178975066,1,2,2,0,0
317515,7306,60.321028552072434,14.950101868537589,0,1,0.02192193404013796,0.022843624124498956,1,2,2,0,0
317525,7307,56.807487697242884,17.39999206035698,0,1,0.020366177574018214,0.018984840346967576,1,2,2,0,0
317535,7308,65.24985333035525,8.247877084228616,0,1,0.017742650006893075,0.01709872457921211,1,2,1,0,0
317545,7309,67.94033005187065,8.904662811316474,0,1,0.043174978617732326,0.019266503543495912,1,3,2,0,0
317553,7310,56.21846353414637,4.0318373158125915,0,1,0.02308552956528151,0.025236647702325674,1,2,1,0,0
317566,7311,17.5777441305695,64.09723605768195,1,0,0.03392777726772436,0.04452628126385034,2,2,2,0,0
318066,7312,-2081.56865170477,9145.059656879948,0,0,0.0024381364993464614,0.1228330143614225,0,13,847,26,18
318075,7313,61.223773776867226,2.4817012115982635,0,1,0.021267832885728803,0.022542855382636437,1,2,1,0,0
318084,7314,19.217745425082903,48.79095519325545,1,0,0.01987227928995161,0.019835041645559413,2,2,1,0,0
318094,7315,51.89103138633564,7.453139155550518,0,1,0.016923888738466696,0.019194402127982534,1,1,1,0,0
318104,7316,72.96597039102406,19.2778468809973,0,1,0.06361010887093779,0.025630716797603148,1,4,3,0,0
318159,7317,89.3655262105427,64.18490648397095,1,0,0.0819853968522668,0.011700393659143537,-1,8,3,36,0
318167,7318,54.605018963156326,12.36965561473854,0,1,0.025397239103252995,0.024021542609762463,1,2,2,0,0
318176,7319,59.217467648260296,13.080543918639112,0,1,0.028585963823564695,0.02422725710334624,1,2,2,0,0
318185,7320,57.654006361683514,12.22798695864001,0,1,0.022355447830845348,0.023096336633730213,1,2,2,0,0
318198,7321,40.70122144544383,16.782110195649075,0,1,0.015365286539484409,0.015300476747040864,-2,2,2,0,0
318207,7322,61.97182421537007,4.01101440142018,0,1,0.022839843938777516,0.023662618941056507,1,2,1,0,0
318215,7323,56.317898435120355,13.702676526725824,0,1,0.030684858935424827,0.028888423643206852,1,2,2,0,0
318224,7324,65.32711811268015,14.408715716411972,0,1,0.046257147757433975,0.022806877457867074,1,3,2,0,0
318232,7325,65.41865391750616,-3.227279405301406,0,1,0.0419023581509675,0.014387756384395385,1,3,1,0,0
318247,7326,22.599782328521115,67.16236849764378,1,0,0.03348521592894201,0.0699753522841366,2,2,2,0,0
318258,7327,67.56488268418343,4.797213391032759,0,1,0.018339800738302124,0.016650988887838725,1,2,1,0,0
318266,7328,56.506337372762346,12.162181020123118,0,1,0.025965513561688025,0.027222333572538376,1,2,2,0,0
318274,7329,54.50484471281014,12.135087202132013,0,1,0.02685188827706491,0.026535615520167824,1,2,2,0,0
318283,7330,59.25618355187168,6.326408923442347,0,1,0.020326866895881496,0.016563469997524047,1,2,1,0,0
318290,7331,55.4657446593213,13.673451999744579,0,1,0.036744774821178446,0.030541090166431365,1,2,2,0,0
318300,7332,56.6231123570566,15.97055585501776,0,1,0.027120503034760803,0.017847674987328588,1,2,2,0,0
318307,7333,64.5991226189595,13.057285131043875,0,1,0.04320554341925511,0.03157469305146443,1,3,2,0,0
318318,7334,60.3405878031498,14.224433647870011,0,1,0.013822564331649167,0.016378857688988276,1,2,2,0,0
318325,7335,55.17706486151877,12.798891278019546,0,1,0.03154161280892104,0.029106248330954702,1,2,2,0,0
318333,7336,59.41587412644877,13.049328130642468,0,1,0.026302202500381733,0.021968721860137957,1,2,2,0,0
318339,7337,72.36135662681981,4.628715527346291,0,1,0.05448029986410674,0.03728648143666338,1,4,2,0,0
318349,7338,16.828182033235862,14.907829469895127,1,1,0.020660507600607652,0.02035410712144855,0,2,2,0,0
318355,7339,63.63419607143236,6.915930020765863,0,1,0.053545233685871683,0.032650196219559294,1,3,2,0,0
318377,7340,45.71706467984305,22.875437369024922,1,1,0.07128864823645929,0.008201024735784927,0,4,2,6,0
318385,7341,56.97497454035829,12.888395440743128,0,1,0.02790670298655125,0.024819810931151147,1,2,2,0,0
318393,7342,55.88098085131186,15.55956215634244,0,1,0.02375526156464002,0.020640049311548135,1,2,2,0,0
318411,7343,68.49858634658715,40.911630289764034,0,1,0.05462217492273586,0.010308495208205117,1,3,4,5,0
318419,7344,72.9555205789919,9.455223152652463,0,1,0.04911676024763584,0.017500834581556116,1,4,2,0,0
318430,7345,13.07775395581746,48.65214082744565,1,0,0.015227284499084465,0.018580411880205303,2,1,1,0,0
318438,7346,13.964041686508951,55.80088713818094,1,0,0.02978530936200842,0.02897088367333525,2,2,2,0,0
318447,7347,59.50456406658965,12.10081382447703,0,1,0.025131109213658822,0.027015014349177958,1,2,2,0,0
318492,7348,95.39368306272279,98.7705307134768,1,0,0.023777304307664966,0.020709837878770877,2,8,4,11,4
318515,7349,81.98678128726591,38.41503148538496,0,1,0.09768884262015812,0.013156032850751856,1,3,3,11,0
318525,7350,60.301922127980795,15.973446388788608,0,1,0.020442430248554376,0.020803757998629772,1,2,2,0,0
318533,7351,57.11672576527198,16.780588298276932,0,1,0.02384730067298145,0.02607359904778879,1,2,2,0,0
318543,7352,59.57607446247522,4.24862355565519,0,1,0.03734846089160594,0.01869851704124225,1,2,1,0,0
318552,7353,59.52139625535863,14.64618087669456,0,1,0.02508912025920849,0.022114901025127226,1,2,2,0,0
318562,7354,31.76796294879437,62.2393764971914,1,0,0.030688616714051077,0.05930460981273933,2,4,3,0,0
318570,7355,58.198049122705896,16.70549662116398,0,1,0.03196354230551793,0.032913949772726735,1,2,2,0,0
318595,7356,108.85952618030686,39.057460901306854,0,1,0.05567979302548917,0.03209582005854065,1,6,4,6,1
318605,7357,60.84798048840489,15.145358550387972,0,1,0.02003013667342924,0.019441923676171972,1,2,2,0,0
318621,7358,45.41616223620639,103.30810507608885,1,0,0.11027612070115121,0.1052736245765894,2,4,6,0,1
318630,7359,58.913201172142635,13.392784352430901,0,1,0.02829354425725607,0.026738794691606872,1,2,2,0,0
318639,7360,62.8944845865131,13.673688483663813,0,1,0.02238565671678383,0.022392117655859356,1,2,2,0,0
318751,7361,38.930919623963675,489.4129241673555,1,1,0.07171085125646359,0.04314530866451447,0,10,42,21,18
318759,7362,54.59330594897658,17.577344692202903,0,1,0.027236382880064032,0.024166777724681468,1,2,2,0,0
318768,7363,79.14845138828848,10.46159255602899,0,1,0.03990070002406961,0.017561550601374445,1,4,2,0,0
319268,7364,-2053.690271432646,8969.9410956349,0,0,0.003813364036250401,0.12099341793737786,0,16,832,39,20
319276,7365,56.21834789881286,16.019009422748923,0,1,0.02755508051511723,0.02543973651847705,1,2,2,0,0
319285,7366,60.30771858999344,14.403059746056837,0,1,0.024408327197699,0.017841341840909405,1,2,2,0,0
319296,7367,82.35939306405588,57.698534000000244,0,1,0.07501475653158109,0.041593064797893695,1,6,7,0,0
319315,7368,103.40300460757447,37.46537100555177,0,1,0.1361681588890001,0.04312605510571096,1,6,4,0,3
319362,7369,153.08159917948288,54.00626995110939,0,1,0.04801787081280653,0.02185754983891005,1,9,5,8,17
319369,7370,53.8836999137439,12.437851825124143,0,1,0.03434689700028005,0.03069265365186664,1,2,2,0,0
319378,7371,58.603534410829226,15.93451933201468,0,1,0.020435562101073192,0.01995911010634958,1,2,2,0,0
319386,7372,55.8937452783874,11.099003830947218,0,1,0.02645956523228496,0.020220947727135258,1,2,2,0,0
319394,7373,59.77149687684517,2.8586915864975744,0,1,0.021772405783503545,0.02017525109844394,1,2,1,0,0
319405,7374,82.78442908441801,14.938315483411515,0,1,0.06841563587901058,0.010056496484798554,1,5,3,0,0
319413,7375,57.53236797576875,14.380162195479597,0,1,0.024971716455685244,0.02001603098233668,1,2,2,0,0
319422,7376,63.767587156232565,13.339479851190644,0,1,0.04100063606665469,0.020640450972349497,1,3,2,0,0
319432,7377,59.50724049668647,14.634729978091247,0,1,0.01934833725913686,0.019767116261648447,1,2,2,0,0
319439,7378,62.438155962438586,13.597645421803971,0,1,0.04903260837933514,0.028658809229672632,1,3,2,0,0
319448,7379,59.93598143193693,14.873199562186024,0,1,0.025258647093547384,0.022866303263620564,1,2,2,0,0
319454,7380,65.90385477452554,-2.473915177338423,0,1,0.0467984016933905,0.028994988140547902,1,3,1,0,0
319461,7381,57.722554238456816,2.9561187823362616,0,1,0.024317337609308227,0.013299502693691883,1,2,1,0,0
319468,7382,63.030465274540084,12.320227300451627,0,1,0.04513160513604023,0.03249306578715233,1,3,2,0,0
319478,7383,64.7572158807325,3.9142035972349305,0,1,0.020015001555469876,0.020322056889438077,1,2,1,0,0
319485,7384,53.46491740515664,12.485934729683093,0,1,0.04572489577680967,0.029868398224135305,1,2,2,0,0
319494,7385,19.90101649029925,45.05440955765017,1,0,0.021249722899086512,0.02301913922367452,2,2,1,0,0
319500,7386,62.30080845095529,7.145199900964753,0,1,0.04949707292019115,0.023453904178514968,1,3,2,0,0
319508,7387,61.06488272228815,2.462097251409503,0,1,0.02728181034386762,0.025768421338149234,1,2,1,0,0
319514,7388,64.14350324295876,-2.840729211720406,0,1,0.04682034474368537,0.013468614430736867,1,3,1,0,0
319524,7389,56.684529100313014,14.248554502907588,0,1,0.020694663255347013,0.017939762168269105,1,2,2,0,0
319532,7390,57.92490106316592,13.087046847189502,0,1,0.034651641582310135,0.03362175530914618,1,2,2,0,0
319623,7391,157.81748591322247,97.92249239517443,0,1,0.014310495265888328,0.01719249102972585,-2,12,10,20,44
319635,7392,80.62046701778979,30.967933882439883,0,1,0.08374091499177305,0.02487279971518207,1,5,4,0,0
319654,7393,81.4081952213355,109.44777193773709,0,1,0.05156046687383745,0.07549941601562787,1,6,11,3,0
319667,7394,68.99829334276453,6.5121316777830565,0,1,0.018786259660318234,0.01519494768333823,1,2,1,0,0
319675,7395,57.132781573325886,2.385446952210142,0,1,0.02054619221243003,0.018235140910998277,1,2,1,0,0
320175,7396,-2302.995816534589,9666.370524114294,0,0,0.003978476338231329,0.13444656346682654,0,10,894,36,19
320183,7397,56.47463225682236,14.204920896850343,0,1,0.026070887788814244,0.023186174287282826,1,2,2,0,0
320190,7398,66.39034477245379,1.175943689014975,0,1,0.031952859190010306,0.025694985450934373,1,3,1,0,0
320204,7399,72.63373119389017,68.6627617073381,0,1,0.07013146305831756,0.09148559021399731,1,5,7,0,0
320216,7400,32.21429974329507,70.82229826471696,1,0,0.03434923962496904,0.04790951398180788,2,4,3,0,0
320224,7401,50.461991707783206,8.150243081658568,0,1,0.025445781739748503,0.02503383604856654,1,1,1,0,0
320235,7402,62.50113791462918,23.41866910240726,0,1,0.06384349956083626,0.04459849283959391,1,3,3,1,0
320242,7403,52.62952620259583,13.110383132473869,0,1,0.035738886831976194,0.03483680684072023,1,2,2,0,0
320251,7404,53.091433882847014,6.082830366781561,0,1,0.01940120957843273,0.013663200314548386,1,1,1,0,0
320263,7405,89.14814672457356,47.96295325024981,0,1,0.06225330478866359,0.12826734735460277,1,6,5,0,0
320272,7406,57.84201227587486,15.346918301642155,0,1,0.025481178474056548,0.02504082497572349,1,2,2,0,0
320278,7407,63.27892911993585,7.473979077153638,0,1,0.050758982743410064,0.032258010151907324,1,3,2,0,0
320286,7408,60.09969935760668,1.1745426212835195,0,1,0.023057644335766084,0.022145407172425056,1,2,1,0,0
320293,7409,54.61522668069129,17.476457189303655,0,1,0.03870690634776263,0.03472655256150534,1,2,2,0,0
320302,7410,58.80671299795161,18.08713697809587,0,1,0.031139466082430248,0.032389079837815846,1,2,2,0,0
320309,7411,64.5153331534785,9.080021362205287,0,1,0.06377079768198347,0.027068550342949662,1,3,2,0,0
320317,7412,60.152307583620455,6.392884934791962,0,1,0.022236418376006872,0.0145591065810497,1,2,1,0,0
320325,7413,56.91937634284129,12.836324885831068,0,1,0.026661794711458076,0.025974820359232237,1,2,2,0,0
320332,7414,62.58436979541324,13.292718102946875,0,1,0.05615219676075304,0.02564973579255969,1,3,2,0,0
320340,7415,74.3139829950485,8.289934111053846,0,1,0.05905759107555121,0.029968016124602745,1,4,2,0,0
320349,7416,60.38705187735049,15.594646029348628,0,1,0.030097308767990064,0.020664118148463025,1,2,2,0,0
320355,7417,62.497010185574766,8.34212848228178,0,1,0.045321774456923584,0.031933710434935446,1,3,2,0,0
320363,7418,65.31296936479146,-1.5572986462616853,0,1,0.036097289162530244,0.02161828314737314,1,3,1,0,0
320371,7419,57.44257509757746,13.490813715618934,0,1,0.029679911830723264,0.024697356826576942,1,2,2,0,0
320378,7420,53.14385983523384,14.079116721543294,0,1,0.04123272453356196,0.03870237617789838,1,2,2,0,0
320385,7421,66.19005766074184,11.396248019142611,0,1,0.039055949631723756,0.033790438717153155,1,3,2,0,0
320393,7422,57.017608157369864,17.346075574989513,0,1,0.028511618352432017,0.029078821723216432,1,2,2,0,0
320400,7423,72.61374578530493,5.938038697194752,0,1,0.05982140912688868,0.020354192808367248,1,4,2,0,0
320410,7424,64.8482487872015,13.651098950747091,0,1,0.03209712909446043,0.02205606763707319,1,3,2,0,0
320417,7425,66.45488713173712,-2.805294503951986,0,1,0.06326213219980839,0.025725687354610827,1,3,1,0,0
320428,7426,4.437559558785406,59.51102812923749,1,0,0.008088136829868193,0.03504038210710974,2,1,2,0,0
320436,7427,65.95559936330831,1.2828975785895853,0,1,0.031589681808400154,0.017832310586068767,1,3,1,0,0
320936,7428,-2252.003265737034,9445.681157024164,0,0,0.0060948257753690015,0.12367391034623909,0,10,876,14,13
320945,7429,77.59713260852816,5.668478812329237,0,1,0.07750958265649874,0.02101249912050574,1,4,2,0,0
320952,7430,53.956566268481964,12.332365460773897,0,1,0.03583989063150513,0.037157578106837334,1,2,2,0,0
320958,7431,51.84079069567778,11.878151618002704,0,1,0.042998517499721944,0.042396301155081424,1,2,2,0,0
320968,7432,59.769101055334716,17.675035571330817,0,1,0.0228442551776472,0.027102578937913478,1,2,2,0,0
320976,7433,18.466679922953805,62.66891916307364,1,0,0.029877856846796304,0.033846972565464546,2,2,2,0,0
320988,7434,64.4494057979248,11.24010814172565,0,1,0.027621675673483028,0.009659973461655506,1,3,2,0,0
320995,7435,54.72865891354063,13.672492202881351,0,1,0.036423838446383985,0.034333313589874195,1,2,2,0,0
321002,7436,54.419643642676064,14.379442851760425,0,1,0.03910023562208056,0.03766355104053154,1,2,2,0,0
321021,7437,103.78224761445838,25.979812448588078,0,1,0.045625773098351786,0.03738701363207838,1,6,3,0,0
321036,7438,48.66856431459779,101.45712885498385,0,1,0.04225640550855415,0.120738614188181,1,3,9,1,0
321050,7439,95.2749871992909,61.72535546757545,0,1,0.10475838211242013,0.05507042258921529,1,6,7,0,0
321058,7440,48.98159370717855,7.93120653511582,0,1,0.02613872300813581,0.029482203027462742,1,1,1,0,0
321066,7441,56.58961329076823,16.418871306984038,0,1,0.02418302345847677,0.020502717315402565,1,2,2,0,0
321074,7442,53.21402485906992,14.253351669580901,0,1,0.02866790149931561,0.02982681890711974,1,2,2,0,0
321081,7443,66.3640170803512,2.2090090484216063,0,1,0.06958018224306455,0.03183249488304585,1,3,1,0,0
321088,7444,72.54547391073346,6.8358430874251255,0,1,0.048236275108112334,0.019471417733202333,1,4,2,0,0
321095,7445,53.42123576034783,13.57383709203707,0,1,0.031620845894953044,0.030956373865231337,1,2,2,0,0
321103,7446,57.0539372100702,15.346480165687936,0,1,0.028864249801065504,0.02586107828266261,1,2,2,0,0
321110,7447,54.06291473149025,13.995755394214452,0,1,0.03626774015808148,0.03222179931889813,1,2,2,0,0
321119,7448,55.10639109801801,14.893118645897456,0,1,0.028714070195025823,0.02708922014013633,1,2,2,0,0
321128,7449,75.02081615037298,8.239838037866335,0,1,0.04769375664522986,0.02982986043467503,1,4,2,0,0
321137,7450,59.26814622617802,-8.23674188131701,0,1,0.03410143814802894,0.0009063063198945231,1,2,0,0,0
321144,7451,65.85079873772975,-2.6269136185788877,0,1,0.05613335727730533,0.03081196641316462,1,3,1,0,0
321154,7452,75.69297546276023,-0.1026477997765447,0,1,0.06829788473211977,0.028447349687454344,1,3,1,0,0
321163,7453,70.00735977860829,-1.0290751812953438,0,1,0.044591003817353134,0.02361829026197307,1,3,1,0,0
321211,7454,142.81355380059367,48.12884072828581,0,1,0.041911072890472585,0.037694336054862866,1,8,3,20,2
321217,7455,62.70245783348924,8.867690805289758,0,1,0.04432405576163051,0.03319167370537334,1,3,2,0,0
321227,7456,76.52799439444334,8.31225516422145,0,1,0.04830359118639667,0.018290070158413517,1,4,2,0,0
321233,7457,73.04141427381796,4.928420385058828,0,1,0.04814321657424724,0.03815819481025833,1,4,2,0,0
321240,7458,53.702430592525516,15.006960659894862,0,1,0.037557276000083926,0.03600948976562229,1,2,2,0,0
321247,7459,65.80897193435398,-1.213022215192705,0,1,0.052920562974757064,0.03269391328128513,1,3,1,0,0
321260,7460,78.4016279504292,40.384868927504805,0,1,0.059700549008489964,0.019804047083509614,1,5,5,0,0
321272,7461,77.5944265739467,10.881042910021225,0,1,0.031354710792370254,0.02078520376925019,1,4,2,0,0
321284,7462,68.42195935426814,17.30019352724633,0,1,0.026224280347270822,0.018861629572063675,1,3,2,0,0
321295,7463,1.6699035327797738,73.56763197022934,1,0,0.018399404503079062,0.03447796823372953,2,1,3,0,0
321316,7464,61.48764133866148,112.77160389658938,0,1,0.03726507651583338,0.10404493253958805,1,4,10,0,0
321323,7465,16.571207006854603,54.94916511889919,1,0,0.037513865738489756,0.03523994174031694,2,2,2,0,0
321337,7466,16.87684220357374,61.25897245583518,1,0,0.017933776100377236,0.03934840654819518,2,2,2,0,0
321349,7467,67.17173674127785,87.03568795782836,0,1,0.07702538838979038,0.04857033747641926,1,5,9,0,0
321362,7468,70.03636976187462,107.90918056758866,0,1,0.10779315709071292,0.16656851702899977,1,5,10,0,0
321369,7469,54.391644514827405,12.12960789174458,0,1,0.029091282233419533,0.0228122413198302,1,2,2,0,0
321379,7470,67.29361833683562,2.5416941893544944,0,1,0.028208105470059808,0.01586572818692159,1,3,1,0,0
321387,7471,56.055494505516165,-0.4179480420941566,0,1,0.037834318760497046,0.007431644235435045,1,2,1,0,0
321394,7472,58.57748923051148,11.085299867784293,0,1,0.03046638315459399,0.027755379153793596,1,2,2,0,0
321415,7473,53.65499640264542,79.76762473521798,1,0,0.023146964187365553,0.02327363262840957,2,5,4,0,0
321429,7474,29.156002022806618,83.0313084371488,1,0,0.025785518990315722,0.08651877627783801,2,4,5,0,0
321439,7475,0.05861934570292604,74.27517658720734,1,0,0.02380691682718642,0.05513877204491666,2,1,3,0,0
321445,7476,52.19007907304072,10.950227522416316,0,1,0.044595078056798014,0.026458051829337855,1,2,2,0,0
321470,7477,39.881278094525825,111.11817211565686,1,0,0.03680675075312173,0.039294245652190314,2,5,7,0,0
321487,7478,86.30356001851078,130.003465879628,0,1,0.06706721114516358,0.22723618318188224,1,7,11,0,0
321496,7479,73.36940598318154,9.808792748774039,0,1,0.04512195217871628,0.014414593017138624,1,4,2,0,0
321506,7480,18.828715692476106,80.13270971695634,1,0,0.024369532881163506,0.024025107477879594,2,3,4,0,0
321513,7481,57.05122510342309,5.743689187785723,0,1,0.038832506393732966,0.027482351172302084,1,2,1,0,0
321526,7482,77.7381425256512,13.181557060991558,0,1,0.04627994679678978,0.010777973685417504,1,4,2,0,0
321533,7483,61.686807387962276,10.504077502376797,0,1,0.03289055316724,0.017693249987729174,1,3,2,0,0
321544,7484,12.355199229928083,69.61827684611067,1,0,0.022925854097080815,0.06465534149479353,2,2,3,0,0
321553,7485,2.8829038993825655,60.61393484175871,1,0,0.021031860146294164,0.05505892051926071,2,1,2,0,0
321566,7486,87.05982177843066,54.71083077482112,0,1,0.06186742514022381,0.027870037142046743,1,6,7,0,0
321578,7487,22.961596085616517,77.28667134715784,1,0,0.021225754700333426,0.040198513694203096,2,3,3,0,0
321585,7488,55.09448534192062,11.716406874250495,0,1,0.038361191852868334,0.03232084878153187,1,2,2,0,0
321600,7489,84.99096240104379,45.293387469831416,0,1,0.03881582848115254,0.028730193738768003,1,5,5,0,0
321606,7490,62.47609420524988,7.819500078134848,0,1,0.03856887890165349,0.030004692686751464,1,3,2,0,0
321648,7491,116.76002937046776,69.25913619907857,0,1,0.028820992468547496,0.019150508143992613,1,8,7,10,14
321661,7492,70.99854229745182,43.872638790499884,0,1,0.028654222189364673,0.022523401643810153,1,4,5,0,0
321668,7493,52.52544443421726,11.737641899730958,0,1,0.030382325017303497,0.028859027254191687,1,2,2,0,0
321675,7494,64.1568705912033,10.11458819327539,0,1,0.030165377628985583,0.017433742548402402,1,3,2,0,0
321683,7495,67.43669165282829,0.11592236142935342,0,1,0.05117826300387928,0.01838295256383926,1,3,1,0,0
321694,7496,54.760425641750814,11.360914413775614,0,1,0.03273931127018169,0.010598538337360248,1,2,2,0,0
321708,7497,63.08277243520568,78.53045776571491,0,1,0.10380948960980606,0.027898397565923334,1,4,8,0,0
321719,7498,71.63921998070185,-6.520577949608267,0,1,0.058988646373784516,0.00027619277354956715,1,2,0,1,0
321726,7499,87.03701347265438,-8.794958569822747,0,1,0.03475566097161715,0.010775813840980955,1,5,1,0,0
321733,7500,60.03120431016217,14.307211555590284,0,1,0.03377679910988347,0.029455971029780235,1,2,2,0,0
321740,7501,53.61449627881062,11.446254100484705,0,1,0.02841432835561536,0.0267818141387002,1,2,2,0,0
321748,7502,53.4611478777142,14.656434192213897,0,1,0.027052121519925375,0.02499602724218812,1,2,2,0,0
321760,7503,58.759236465032856,8.810187121946342,0,1,0.014276504462349448,0.016914317611141743,1,1,1,0,0
321768,7504,2.827531879495721,58.041716685817356,1,0,0.02499362079086135,0.02867953238822962,2,1,2,0,0
321777,7505,56.951444037348445,14.96364210465222,0,1,0.0234957631190361,0.02314290081670528,1,2,2,0,0
321784,7506,52.47310500420133,13.922026131954489,0,1,0.03387745296765732,0.024990433378124215,1,2,2,0,0
321794,7507,68.1056131780566,0.1769353836477805,0,1,0.04300191585771508,0.013898063953814016,1,3,1,0,0
321802,7508,56.86324848695021,13.885490664364962,0,1,0.03123686859408965,0.02629874198879114,1,2,2,0,0
321808,7509,62.28987123399061,7.007114756320405,0,1,0.055008873310295255,0.02964762030775964,1,3,2,0,0
321823,7510,68.16035922271439,81.87509101378457,0,1,0.06595288630628007,0.061820380576314934,1,4,8,0,0
321829,7511,63.15493083442494,9.195661111619966,0,1,0.05791367694448268,0.03961825016858544,1,3,2,0,0
321841,7512,56.18373133548711,53.610968303079474,0,1,0.06801935044418861,0.05999572593119871,1,3,5,0,0
321850,7513,50.67869115663703,5.953501753967453,0,1,0.017662272112082884,0.0186993053364363,1,1,1,0,0
321857,7514,54.64714738801038,13.35757111627413,0,1,0.03632174313834929,0.030125607827571736,1,2,2,0,0
321864,7515,64.77799825990789,9.203389304305144,0,1,0.0383261090452223,0.03301336552820289,1,3,2,0,0
321879,7516,16.40754205774821,153.95808142506843,1,0,0.03331656760022371,0.2076033272593479,2,4,9,0,0
321886,7517,55.228975756211156,17.866829837346028,0,1,0.0372493315140587,0.0372772584763735,1,2,2,0,0
321893,7518,65.23901617253813,-0.815176397721407,0,1,0.05594658899209879,0.023647636184482373,1,3,1,0,0
321907,7519,17.712002726206464,61.019583586164075,1,0,0.02918221189837696,0.10158904292478753,2,2,2,0,0
321913,7520,73.22416913956823,6.702267243942611,0,1,0.05352486318814382,0.0361432000157521,1,4,2,0,0
321920,7521,68.09782706977133,-2.7918276824883588,0,1,0.030053589627446024,0.015430426826259174,1,3,1,0,0
321933,7522,99.87987724508866,38.99035589599649,0,1,0.08139230155721519,0.014786200212070107,1,7,5,0,0
321944,7523,83.97367961394158,25.121395154973584,0,1,0.08430670049912949,0.08528974250177983,1,5,3,0,0
321951,7524,72.3425917951311,4.802307941680757,0,1,0.05014087479425721,0.007685854871470574,1,4,2,0,0
321958,7525,76.8550155727177,-1.2960669828547893,0,1,0.03993698911558051,0.027886000229282785,1,4,1,0,0
322003,7526,104.35404140536133,222.1661445418705,0,1,0.07072050741264721,0.15619269012048737,1,8,19,2,10
322011,7527,55.489774201351835,13.07905932209597,0,1,0.030173817924895395,0.028562526937092853,1,2,2,0,0
322018,7528,72.4216697282565,6.221908034505045,0,1,0.04942654923000085,0.02485516321793495,1,4,2,0,0
322025,7529,52.496227949133704,17.0008410251574,0,1,0.035637873029388874,0.031397502501021815,1,2,2,0,0
322033,7530,65.3315782054267,-0.005907213438828052,0,1,0.04247955421824805,0.012908016098536212,1,3,1,0,0
322040,7531,52.98282209442838,13.286163291400102,0,1,0.03184671583575292,0.029512764018033627,1,2,2,0,0
322071,7532,107.11306619521768,24.99985015127846,1,1,0.22715293255688113,0.027219254926635048,0,10,5,5,17
322087,7533,54.65438193153567,116.98550553425342,0,1,0.044963753468353546,0.17694654728097667,1,4,10,2,0
322097,7534,21.987002091453668,74.29550307681487,1,0,0.02902843617313953,0.03800180167239535,2,3,4,0,0
322112,7535,69.302486939603,69.52083200547578,0,1,0.16245624730349684,0.05715844366395719,1,4,7,0,0
322126,7536,99.6718787268691,47.0212503438134,0,1,0.05032004787718759,0.046953032626087174,1,7,6,0,1
322133,7537,65.30548768457994,-0.7078113817549987,0,1,0.058754723445512705,0.023522117056231164,1,3,1,0,0
322141,7538,68.12805219846099,1.677057035842985,0,1,0.05201617598233045,0.022426620558727996,1,3,1,0,0
322151,7539,82.47727950182735,17.19939849265397,0,1,0.07926743916354193,0.042673539407334524,1,5,3,0,0
322168,7540,50.54725904714779,161.4808572461878,0,1,0.04710028466969558,0.09113638452165873,1,5,16,0,0
322178,7541,57.09776741070143,17.416398374100186,0,1,0.01904339137430118,0.019453862598866452,1,2,2,0,0
322187,7542,59.32211179159526,16.742534130967158,0,1,0.02329441947474827,0.022951808464328188,1,2,2,0,0
322195,7543,17.314397570245873,57.991960092056445,1,0,0.026588389812362178,0.025158709824022706,2,2,2,0,0
322205,7544,60.34651873263833,13.115917540932651,0,1,0.021297812525139202,0.01905025059919774,1,2,2,0,0
322214,7545,52.95459108950446,11.620763955736024,0,1,0.051365565578695926,0.0260273430486166,1,2,2,1,0
322223,7546,70.50375788183432,2.5431147067072253,0,1,0.025978696854514934,0.014811066432009209,1,3,1,0,0
322230,7547,52.606664181171695,10.351930095864331,0,1,0.02483129104490515,0.01757033942491393,1,2,2,0,0
322239,7548,69.05674086426997,0.949767235701195,0,1,0.0504655847959085,0.029010212465763383,1,3,1,0,0
322246,7549,52.910880668136514,11.608907569407288,0,1,0.0278473835917545,0.022293860438800803,1,2,2,0,0
322254,7550,57.13960912692836,12.519998832210895,0,1,0.03261817475277687,0.034414360526293764,1,2,2,0,0
322269,7551,91.15488373743864,19.15484803378178,0,1,0.055636095506077655,0.02702909244112336,1,5,3,0,0
322280,7552,19.02204398414052,62.917494861829404,1,0,0.029533228517008788,0.058027197284180244,2,2,2,0,0
322286,7553,53.235021938166305,13.448559617516603,0,1,0.042775650727345134,0.041145060463675526,1,2,2,0,0
322328,7554,114.08737712575062,93.33438130191419,1,0,0.028476023734554448,0.029715953838260183,2,10,6,2,15
322337,7555,53.09646719816108,4.3392200984277025,0,1,0.02379448145061756,0.03333001779907578,1,1,1,0,0
322353,7556,63.66238026829191,16.861815729812776,0,1,0.02412126366913478,0.011730489478750588,1,2,2,5,0
322485,7557,-126.51062267403029,1206.5386429757314,1,1,0.009258713721894697,0.1317550903516547,0,12,108,22,49
322492,7558,55.157175950462104,11.28796878436372,0,1,0.03626045609823431,0.035425427645836345,1,2,2,0,0
322500,7559,56.20294260635748,1.4720178292047414,0,1,0.035972881444099276,0.02177204384924495,1,2,1,0,0
322506,7560,51.17433149578663,11.547243114591552,0,1,0.040336176486853594,0.034265953063938176,1,2,2,0,0
322518,7561,84.76838635775924,19.92101674803139,0,1,0.13533067087413683,0.012517950571639893,1,5,3,0,0
322526,7562,54.32316366756418,11.600443171237671,0,1,0.02303199673514018,0.017537384631364665,1,2,2,0,0
322533,7563,54.59108764729906,12.339322251876146,0,1,0.03237171767585724,0.031116913080236258,1,2,2,0,0
322543,7564,60.772814211918444,15.772614416146467,0,1,0.020237351451846824,0.016111226855475995,1,2,2,0,0
322552,7565,51.49632686873656,9.568715140478137,0,1,0.021005636092468374,0.026649614708235788,1,1,1,0,0
322573,7566,108.31305008277286,27.817514729327883,0,1,0.0483716437214894,0.035496613479514515,1,6,3,0,0
322587,7567,67.30451213208774,69.1689291541708,0,1,0.03780108141814025,0.04257563633677009,1,4,7,0,0
322602,7568,89.49233162975182,53.449952839379385,0,1,0.08587684933487999,0.03735847922713913,1,6,6,0,1
322611,7569,68.33598159938975,-0.03830760307143066,0,1,0.019979986537810353,0.0044548293776379404,1,3,1,0,0
322618,7570,56.79700998891414,0.29348654062243895,0,1,0.027518638374862403,0.016123998946905464,1,2,1,0,0
322628,7571,2.1512152711194155,58.32013233705508,1,0,0.01593597121454648,0.041059529810810395,2,1,2,0,0
322640,7572,29.50805288056508,58.43639232400514,1,0,0.03339620456984816,0.05429221405236192,2,3,2,0,0
322646,7573,52.668489585040945,10.252832536606213,0,1,0.044574001095290944,0.03373739105794987,1,2,2,0,0
322652,7574,63.21769181768505,7.178623876665405,0,1,0.047943726251192226,0.022100945407656763,1,3,2,0,0
322659,7575,65.68323678286127,-2.6645958477225626,0,1,0.02373634695968562,0.008193287076914595,1,3,1,0,0
322670,7576,88.41392517990464,35.95754186209158,0,1,0.09261189352825436,0.03850833286425108,1,6,5,0,0
322677,7577,52.61983271943929,11.294221286299077,0,1,0.034658796811197844,0.032863777385343594,1,2,2,0,0
322685,7578,57.41037969082019,11.345093000205893,0,1,0.02940309848684009,0.027723306294792263,1,2,2,0,0
322691,7579,51.262412821035085,12.094360205918305,0,1,0.04347553982968128,0.04530921206936345,1,2,2,0,0
322698,7580,68.47517469943148,-3.0490942114999076,0,1,0.03415922279715503,0.014168344979931049,1,3,1,0,0
322752,7581,80.79065514358578,69.78934337905547,1,1,0.04668810424478179,0.017540470193327173,0,7,6,5,10
322761,7582,62.174384901002135,5.9070724946058135,0,1,0.027723076442547036,0.03064232750805054,1,2,1,0,0
322774,7583,90.47988614589843,33.11062711030016,0,1,0.09938832031104211,0.026219185525318107,1,5,4,0,0
322875,7584,-111.96781513058531,1093.3879104870116,1,1,0.031019362455156855,0.1525984815185784,0,11,95,24,15
322881,7585,55.3246332451324,1.344289689629182,0,1,0.042559475273019266,0.04191989147245265,1,2,1,0,0
322895,7586,77.35368209659232,17.900467637931328,0,1,0.05703648448771335,0.018270312815728686,1,4,2,0,0
322906,7587,60.33089178027666,68.51093689339693,0,1,0.10936045376545843,0.08922841149546373,1,4,7,0,0
322920,7588,74.0193617361289,75.25325439721696,0,1,0.060311763313092306,0.15711312858804538,1,5,7,0,0
322927,7589,64.77049313682883,1.8726804503665484,0,1,0.05116388454891046,0.02279765516222002,1,3,1,0,0
322933,7590,54.85210129427882,-0.11024415895903594,0,1,0.05039641990150182,0.029639454289049547,1,2,1,0,0
322941,7591,68.35176151287388,4.140897963924388,0,1,0.037733978614949565,0.030872465134457325,1,3,1,0,0
322953,7592,78.32232547769962,54.34196306965602,0,1,0.06183806606564426,0.10500836515982952,1,5,5,0,0
322965,7593,77.13566973525886,54.18181838874099,0,1,0.11361717240718017,0.03119337807007327,1,5,6,0,0
323465,7594,-2171.2297664187445,9299.01674505009,0,0,0.002369161791198936,0.12252967270676282,0,11,862,26,15
323475,7595,3.608725395500745,70.50385136583294,1,0,0.02774066376635357,0.04234325007789991,2,1,3,0,0
323506,7596,128.8271388828522,33.61351940998014,0,1,0.021366066371377123,0.02943195884635533,1,8,4,1,0
323514,7597,58.82869656207562,4.5772823538683465,0,1,0.03344551968084947,0.03416843880488968,1,2,1,0,0
323524,7598,25.185241903230143,60.148771153728404,1,0,0.026993661448054124,0.05894844607436417,2,3,2,0,0
323537,7599,76.42462825510992,43.84933515429603,0,1,0.14322389460996,0.039885310636526276,1,4,5,0,0
323547,7600,57.244393942464214,4.5223705210403295,0,1,0.027282880873321952,0.004913313018207387,1,2,1,0,0
323555,7601,50.73996395999009,9.02561278334889,0,1,0.03482303131908224,0.0383757816802532,1,1,1,0,0
323563,7602,49.67204300362569,6.785295984973052,0,1,0.03257269777827056,0.0349038896689361,1,1,1,0,0
323571,7603,3.9791936059020827,61.41501210580357,1,0,0.03490858631286791,0.05289298015975118,2,1,2,0,0
323578,7604,45.927824874449115,6.349805374132703,0,1,0.035692912646725576,0.039928549373453255,1,1,1,0,0
324078,7605,-2364.178685141484,9783.45829048901,0,0,0.0024900703110424228,0.12780716730993957,0,7,907,0,0
324085,7606,1.3833544577896788,56.55714315216867,1,0,0.04338544559589137,0.05571611102078707,2,1,2,0,0
324095,7607,7.15270770847998,50.39336411360854,1,0,0.029796324247179616,0.02969471843945558,2,1,1,0,0
324101,7608,66.20664503269425,-0.21468191013879157,0,1,0.06196516056490519,0.04748082191362072,1,3,1,0,0
324107,7609,56.157854272326006,0.17292201018969777,0,1,0.05442741202327781,0.04926143419823478,1,2,1,0,0
324119,7610,16.651548223378803,60.00320791973165,1,0,0.02855769232657729,0.054015388452520165,2,2,2,0,0
324133,7611,103.95613095103994,21.090143953495286,0,1,0.11084374896243629,0.04987368701096649,1,6,3,0,0
324142,7612,6.037157007035315,49.30910748389226,1,0,0.032214112418379286,0.03345326925439977,2,1,1,0,0
324148,7613,67.16656093790455,-1.3620666734372548,0,1,0.06148372762410229,0.05256487127920422,1,3,1,0,0
324154,7614,56.03447756504156,0.39234874595006275,0,1,0.06969799010882012,0.04798037402710852,1,2,1,0,0
324162,7615,59.11792885142556,5.924740959150093,0,1,0.0302123153564038,0.03540536226245226,1,2,1,0,0
324169,7616,66.49139290371562,0.3492559578590697,0,1,0.03994520360550696,0.03937356956010212,1,3,1,0,0
324180,7617,0.7166186022396417,70.73311681543584,1,0,0.027611233519217612,0.04124734355152873,2,1,3,0,0
324186,7618,66.25774670649518,2.8403740699865665,0,1,0.07268443716561569,0.047911839312452485,1,3,1,0,0
324194,7619,5.94233460495559,47.37107289729484,1,0,0.03598818114223031,0.03900933644550674,2,1,1,0,0
324200,7620,65.73125433212697,-2.8314118850519794,0,1,0.05571520437685023,0.04554893967424068,1,3,1,0,0
324209,7621,9.472832661614788,69.40767650460934,1,0,0.039990402988059975,0.07963317366785908,2,2,3,0,0
324215,7622,65.44722834040797,-3.0147508712946696,0,1,0.07578971610555722,0.04901340967687463,1,3,1,0,0
324223,7623,1.1296362930153911,58.993945393488175,1,0,0.03747187364477149,0.05590875404410788,2,1,2,0,0
324233,7624,7.496608428575538,52.078350415072386,1,0,0.029785292477475033,0.02968845859362646,2,1,1,0,0
324242,7625,6.862612033788011,50.049157268190754,1,0,0.033471140024401345,0.033346234275916396,2,1,1,0,0
324248,7626,66.08587198432637,0.8543734370438756,0,1,0.08084601533145704,0.04669641161943731,1,3,1,0,0
324255,7627,56.25067762727646,2.197230722252785,0,1,0.0599847355184893,0.04253146093893052,1,2,1,0,0
324261,7628,66.27319131001936,-1.155682276157247,0,1,0.0747215545050216,0.04857098748567166,1,3,1,0,0
324271,7629,6.973111039483481,49.733667995061396,1,0,0.030214109288003062,0.030113736048558166,2,1,1,0,0
324278,7630,56.942151335936316,4.657937729445246,0,1,0.03476540092419757,0.03872782831042483,1,2,1,0,0
324293,7631,47.836999788779266,73.52095144120007,1,0,0.07224789863301566,0.11937286409942294,2,5,4,0,1
324304,7632,6.817724276335817,67.74901890652954,1,0,0.0270813625315801,0.049824395595311606,2,1,2,0,0
324317,7633,19.862143120391828,82.10923564832633,1,0,0.03491165706251947,0.08624268768127862,2,3,4,0,2
324326,7634,21.435395978837686,65.64789835783233,1,0,0.042029617703063474,0.15902129209162316,2,3,3,0,0
324334,7635,60.37987190770622,3.096701287008706,0,1,0.030302907785391582,0.03780739726498031,1,2,1,0,0
324340,7636,66.38537809807576,-2.271838228549454,0,1,0.08643263324476146,0.048441598998917555,1,3,1,0,0
324349,7637,8.262279415078673,52.50855110122538,1,0,0.03289417470707032,0.03279625141627447,2,1,1,0,0
324355,7638,65.4486619051255,1.4184147909966178,0,1,0.08821292729899703,0.047132715337048464,1,3,1,0,0
324364,7639,8.936935510240152,50.711224256578376,1,0,0.033591832231513824,0.033426737388004085,2,1,1,0,0
324379,7640,13.170890417385365,72.01934749166982,1,0,0.022289360466374218,0.048579407678543005,2,2,3,0,0
324401,7641,58.845416280817076,136.32557747140723,0,1,0.05174396679259215,0.058832270138063886,1,4,13,0,0
324408,7642,66.40568285977514,2.409388653931604,0,1,0.06711496154249622,0.04070118676158683,1,3,1,0,0
324421,7643,12.725357151748367,69.77587232775907,1,0,0.02514379853765183,0.046016905917130306,2,2,3,0,0
324430,7644,8.928471287920425,48.70409819452104,1,0,0.034006235406202845,0.03381112859351382,2,1,1,0,0
324438,7645,-1.3298982170869476,69.50081891476171,1,0,0.03580893753697883,0.07772442882114777,2,1,3,0,0
324449,7646,2.6681918921932777,59.201984784134275,1,0,0.027205524723450832,0.028893358364638154,2,1,2,0,0
324460,7647,9.568376380336304,68.52685513406743,1,0,0.029034359532063816,0.11739143479819353,2,2,3,0,0
324504,7648,100.59328212717074,78.8515568847975,0,1,0.061351346838716674,0.04968840165554125,1,5,6,18,1
324530,7649,51.26305464746267,161.6148951074533,0,1,0.03683464022819371,0.04575546741999505,1,4,15,0,0
324564,7650,147.94595438627275,23.18353421920303,0,1,0.03162765153682003,0.0192886014692693,1,9,3,0,0
324572,7651,10.023705659533364,50.70732487695021,1,0,0.03845099641566853,0.039693674876615875,2,1,1,0,0
324612,7652,80.17993461838067,271.41816347018647,0,1,0.03028427005627584,0.09605464640896981,1,9,26,2,9
324621,7653,4.393276917567183,61.42188570256023,1,0,0.0334087290411663,0.05031106666158977,2,1,2,0,0
324633,7654,10.615581406117986,54.662048092501976,1,0,0.024527879137640995,0.019810951238373942,2,1,1,0,0
324647,7655,11.39569969703231,80.21038355643456,1,0,0.03143590587129571,0.040292365641292724,2,2,4,0,0
324656,7656,6.267004578784423,58.83730554110073,1,0,0.0328279749748411,0.03226991244892142,2,1,2,0,0
324668,7657,13.657155805936807,70.43513140121814,1,0,0.02777391782876287,0.04195101902955625,2,2,3,0,0
324711,7658,117.90610689342321,40.507807064450375,0,1,0.022667461332805127,0.032249695136091085,1,6,3,13,0
324720,7659,13.718708447976635,66.65217581527094,1,0,0.03679193298602207,0.06672197268197186,2,2,3,0,0
324729,7660,10.9474840019688,47.67978108686319,1,0,0.03318135601718328,0.024721872936757386,2,1,1,0,0
324740,7661,17.503997966796188,77.00654780677623,1,0,0.03825882140652604,0.07151998164629343,2,3,4,0,0
324750,7662,9.145193981697654,51.89072180293972,1,0,0.030547224002438728,0.03034561422510041,2,1,1,0,0
324760,7663,13.20415299850354,67.54211763961712,1,0,0.032953419391784936,0.05800574962170892,2,2,3,0,0
324769,7664,3.1531343093105555,60.1823683418374,1,0,0.03428660090829691,0.055251046701040314,2,1,2,0,0
324777,7665,2.9575255564103067,58.59890873350668,1,0,0.0363581119546732,0.05611145329476519,2,1,2,0,0
324793,7666,20.418105779816038,59.11621643409546,1,0,0.029501818136046173,0.03666794190876284,2,2,2,0,2
324802,7667,5.632963228059726,48.64557252159037,1,0,0.033864278353530994,0.033707539017452985,2,1,1,0,0
324826,7668,140.44482668848153,17.62539372962535,0,1,0.20621148073002407,0.04310259238112252,1,8,3,1,7
325326,7669,-2127.8849265539607,9158.022778705274,0,0,0.0037337771638673587,0.12374065498663286,0,12,847,32,0
325334,7670,7.019608643098653,50.57083516735945,1,0,0.03931349095981765,0.03928139485608671,2,1,1,0,0
325344,7671,7.960030521519041,52.22377392012869,1,0,0.0301780560081695,0.03017110706498301,2,1,1,0,0
325350,7672,65.78680488337005,-2.040192715795536,0,1,0.06962583641232047,0.047341071200315894,1,3,1,0,0
325359,7673,8.035786873977568,49.88527975200381,1,0,0.03265004733328913,0.02803959644096589,2,1,1,0,0
325365,7674,65.63643562085524,2.546245965697848,0,1,0.07675881570842268,0.04707020235965356,1,3,1,0,0
325374,7675,8.870534257862385,50.3797368873154,1,0,0.033418452461859524,0.033290186991444,2,1,1,0,0
325381,7676,56.753107117158635,2.8302183847615456,0,1,0.06352645784160016,0.04450261701191661,1,2,1,0,0
325388,7677,46.0990583647672,7.97832297444023,0,1,0.03902752722324942,0.04405249078025365,1,1,1,0,0
325396,7678,6.878397339376615,51.42551083636224,1,0,0.039244397191986746,0.03914586725928681,2,1,1,0,0
325403,7679,-1.949388928159454,69.87597715194546,1,0,0.044049840989000985,0.07978066550882776,2,1,3,0,0
325409,7680,65.80161013965171,1.776986781763366,0,1,0.08850752603693203,0.04781270323509632,1,3,1,0,0
325415,7681,66.05850128067945,1.2587328112479987,0,1,0.06399930234954447,0.04810963515722563,1,3,1,0,0
325424,7682,7.5724533273308765,49.816567495248705,1,0,0.033058447159330456,0.03291962645947874,2,1,1,0,0
325433,7683,7.272284188930303,52.66166682604652,1,0,0.03286266710744446,0.023060658335690088,2,1,1,0,0
325470,7684,130.82789044841059,44.055656558503095,0,1,0.033366664270927285,0.04973133157603795,1,7,4,0,0
325482,7685,12.273789970823907,80.01232931857047,1,0,0.034311770471931145,0.04625427243367559,2,2,4,0,0
325490,7686,50.36148742937043,7.368765519788225,0,1,0.029836034955425427,0.037517939872132866,1,1,1,0,0
325501,7687,-6.938227846130044,90.38609906402486,1,0,0.029371847016715854,0.04914489440752989,2,1,5,0,0
325512,7688,5.208564435255081,59.62665391875058,1,0,0.027686127586796994,0.03186696040538287,2,1,2,0,0
325518,7689,65.90221445740491,-1.8199415198362665,0,1,0.06654087413885129,0.04667292651320027,1,3,1,0,0
325525,7690,66.05492108933123,1.217537796337746,0,1,0.07298132540258677,0.04031124041808469,1,3,1,0,0
325562,7691,78.86821287566772,47.66294204101698,1,1,0.06517431716795112,0.05994272186725166,0,8,4,27,0
325668,7692,153.70852895105858,269.52836981949076,1,0,0.054662097323066206,0.040961306529445025,2,16,20,25,6
325674,7693,66.26490212337814,-0.3735435438879193,0,1,0.06598173584981552,0.048281807663166726,1,3,1,0,0
325694,7694,40.39771185343183,66.83941066994743,1,0,0.03757223409327788,0.07513161923855514,2,4,3,0,2
325708,7695,3.3257690819664116,72.19184195428298,1,0,0.028214917957449317,0.029906177856391738,2,1,3,0,0
325716,7696,49.93464050612002,6.204933988684406,0,1,0.02971864372143555,0.036630505731782864,1,1,1,0,0
325722,7697,66.53862165937332,-2.3979911105652967,0,1,0.07942811915518913,0.04212874782578905,1,3,1,0,0
325728,7698,65.94514603251095,0.3082076793205246,0,1,0.08009665466187833,0.04743791078148258,1,3,1,0,0
325736,7699,50.8075493733284,7.4459773861831255,0,1,0.0328633466149244,0.037484570329597434,1,1,1,0,0
325744,7700,48.53583291004789,4.26331162890882,0,1,0.03069029203620615,0.03503026877041778,1,1,1,0,0
325751,7701,48.24055447764758,4.144516189205683,0,1,0.036909707804340317,0.041985991790670536,1,1,1,0,0
325757,7702,65.49912570945722,-0.33372019204215064,0,1,0.056611988800376094,0.04571794114713424,1,3,1,0,0
325763,7703,65.24943345273863,-0.3184436073998569,0,1,0.0687729110317729,0.04245548682449704,1,3,1,0,0
325770,7704,44.98215920845708,7.468822247712096,0,1,0.02761923698121472,0.03714058043820497,1,1,1,0,0
325777,7705,66.50970949051631,-1.6338378689912751,0,1,0.0560327076560592,0.03417483856417601,1,3,1,0,0
325784,7706,66.00708836714303,-2.3332335495088348,0,1,0.054044549430899376,0.024483657833144472,1,3,1,0,0
325790,7707,66.68904127678715,-0.7831396455877755,0,1,0.09712778201361832,0.048324204442258656,1,3,1,0,0
325796,7708,65.18858034843511,-0.880431512891926,0,1,0.07410207255314094,0.03702802287931089,1,3,1,0,0
325803,7709,46.28026245428282,7.060987532677116,0,1,0.041173189494841785,0.04423401731696201,1,1,1,0,0
325811,7710,48.96573842757093,10.860982488307721,0,1,0.03368363602737155,0.03795135426020093,1,1,1,0,0
325817,7711,65.2329088753506,-0.5195986866275213,0,1,0.07506866692309529,0.033641303431308944,1,3,1,0,0
325830,7712,70.80252509411422,13.725026388547239,0,1,0.0415429472034931,0.03299520634533599,1,3,2,0,0
325837,7713,66.15123412336949,2.4756878895052488,0,1,0.03861351805441744,0.02912981968227219,1,3,1,0,0
325843,7714,65.54021818406648,-2.547370042120594,0,1,0.0531106551127451,0.0343203308903882,1,3,1,0,0
325849,7715,65.45593014119923,0.6060490484826282,0,1,0.06332030984081233,0.04385469103525632,1,3,1,0,0
325855,7716,65.34038424749959,0.9409818796251699,0,1,0.06640829846072453,0.041881786905541896,1,3,1,0,0
325861,7717,65.1262042164825,0.8578473631029766,0,1,0.07652108307948764,0.04633556400921567,1,3,1,0,0
325867,7718,66.04775272664243,-1.3505502337887716,0,1,0.062217915295443134,0.04610343629023103,1,3,1,0,0
325876,7719,53.4379377665325,8.870028659409005,0,1,0.023969547660964274,0.02407411863621657,1,1,1,0,0
325885,7720,59.55556821277793,6.209789971462104,0,1,0.023929231744519504,0.02508953011731848,1,2,1,0,0
325892,7721,65.86618091640469,-0.1795429378269109,0,1,0.06114003547806157,0.03465331618889999,1,3,1,0,0
325899,7722,56.828396787229494,1.3802091299543076,0,1,0.044469618090314904,0.03997666668964571,1,2,1,0,0
325907,7723,51.001728623447704,9.331180767849325,0,1,0.036587666888109105,0.038585219754237746,1,1,1,0,0
325914,7724,67.52615604957221,2.923916444694182,0,1,0.07935146376683297,0.041171769722873855,1,3,1,0,0
325921,7725,46.51771381788513,7.458839451519598,0,1,0.029784022194276314,0.04004143100602804,1,1,1,0,0
325929,7726,58.12858758121486,2.7195598225441113,0,1,0.031226830666794003,0.03321688229348987,1,2,1,0,0
325936,7727,57.50762523802922,1.7705732738859954,0,1,0.04427554714813553,0.03793483063511177,1,2,1,0,0
325942,7728,65.56710732630461,-2.5190876067547325,0,1,0.05398488045319733,0.04385448489602942,1,3,1,0,0
325949,7729,67.21706855608684,1.1093242833825894,0,1,0.046059985145264236,0.028274386051840527,1,3,1,0,0
325959,7730,55.97435650812552,10.435494080337612,0,1,0.02226234294679589,0.028131723281973737,1,1,1,0,0
325966,7731,66.81171192567547,-2.6656120104077594,0,1,0.060346810946157126,0.039400671261566204,1,3,1,0,0
325974,7732,47.44365394547603,5.835116807054966,0,1,0.0266224926240119,0.03195304058514069,1,1,1,0,0
325981,7733,64.86517274987003,-1.6035551600292806,0,1,0.04983326653137906,0.0293144214805004,1,3,1,0,0
325987,7734,65.58927145128686,-1.1847390133475084,0,1,0.0498361224175142,0.03548331822000098,1,3,1,0,0
325993,7735,65.98319512859538,-1.668646790309852,0,1,0.07802833684650669,0.0460524637611369,1,3,1,0,0
326018,7736,115.33225453885265,108.61011696209052,0,1,0.0760270114312144,0.17817948910313208,1,8,9,0,0
326025,7737,68.59282163380175,-2.2375099577184976,0,1,0.03767494336690338,0.038681107038112415,1,3,1,0,0
326033,7738,59.91929750938331,2.109305863148297,0,1,0.025486001387556915,0.026328737849866037,1,2,1,0,0
326039,7739,65.34713182035334,0.22316549411211284,0,1,0.06483213750230683,0.04246029645091079,1,3,1,0,0
326047,7740,50.212117069450244,9.50257081079253,0,1,0.02886178743572769,0.035419939119392736,1,1,1,0,0
326054,7741,45.808728248315816,3.875595840403289,0,1,0.03247786834868896,0.038341721150210006,1,1,1,0,0
326060,7742,65.6610115625992,0.5514308369757153,0,1,0.06740797415717054,0.04858234935513841,1,3,1,0,0
326069,7743,52.36755797470353,6.346174865565617,0,1,0.023348692216023068,0.029304942959109934,1,1,1,0,0
326077,7744,49.79063717082982,7.431150666200914,0,1,0.030643184849590298,0.03589891543871007,1,1,1,0,0
326085,7745,50.300003931537944,6.569256895378711,0,1,0.03082581548291095,0.03786005605108417,1,1,1,0,0
326092,7746,65.79976913401767,1.2714088833800972,0,1,0.05594046864741934,0.02931985224638165,1,3,1,0,0
326098,7747,62.4423011525579,10.296323921109277,0,1,0.08173295903874937,0.052797050067298706,1,3,2,0,0
326107,7748,9.651540965262877,52.39998111421809,1,0,0.03078135542387679,0.024018236439053913,2,1,1,0,0
326140,7749,119.29712301296513,26.700301809190197,0,1,0.02454696170739177,0.01973391937809026,1,7,3,4,5
326146,7750,65.70101438296902,-2.147852538027454,0,1,0.05972625160903786,0.047188954310043996,1,3,1,0,0
326157,7751,14.536883559477461,71.35405344191753,1,0,0.05516528827634684,0.1378224711624818,2,2,3,0,0
326193,7752,41.35416570295149,94.51255959144201,1,0,0.015483467072016017,0.026054499144958883,2,3,5,0,10
326200,7753,48.29840785468904,5.459833781895135,0,1,0.03825578239124725,0.04192645236657754,1,1,1,0,0
326208,7754,51.35539255630265,5.8817297727543725,0,1,0.030289012227486745,0.03492143551870718,1,1,1,0,0
326217,7755,8.240839717129695,52.372988730235306,1,0,0.03372256243886665,0.033603560894653585,2,1,1,0,0
326223,7756,66.95836407484225,-0.36628184658987806,0,1,0.10297051720463561,0.05241561718905857,1,3,1,0,0
326231,7757,60.16873414031037,6.037476400250647,0,1,0.03477946235806782,0.03785469234191386,1,2,1,0,0
326239,7758,66.02317481581454,0.0659518449987857,0,1,0.04912754126953109,0.02820140058422252,1,3,1,0,0
326246,7759,48.5271589761432,5.794064106917183,0,1,0.043569024423056935,0.04264068454017717,1,1,1,0,0
326252,7760,66.21559650414609,-2.8275134245363223,0,1,0.08284772815839868,0.046316165753205955,1,3,1,0,0
326261,7761,6.079075692088233,61.84969071299704,1,0,0.03059762477659485,0.040822936185972894,2,1,2,0,0
326270,7762,10.089141418646701,52.62148438743753,1,0,0.03201170457404985,0.0339742353800055,2,1,1,0,0
326308,7763,142.26274831625153,44.11615227002158,0,1,0.07691593253860818,0.0760020822809293,1,9,5,10,10
326318,7764,-4.699407323463841,80.51634608156934,1,0,0.02785068971232658,0.04638076464635267,2,1,4,0,0
326325,7765,58.45651774378672,0.812344422714963,0,1,0.041876356794540055,0.030973732460282594,1,2,1,0,0
326334,7766,9.017039368545522,67.19030505650386,1,0,0.0397791159952509,0.0758542413671844,2,2,3,0,0
326346,7767,29.597949188494134,63.7235611917218,1,0,0.04160256016129984,0.160401275330091,2,4,3,0,0
326356,7768,4.867156549399121,61.18473305947336,1,0,0.030431912403461926,0.05777952024471532,2,1,2,0,0
326362,7769,55.29576760105133,-0.6044045894300734,0,1,0.06931679486328098,0.04825201581377217,1,2,1,0,0
326368,7770,65.18910985215717,-2.5450763692783607,0,1,0.07602608863464728,0.04762974167876357,1,3,1,0,0
326374,7771,63.095323210942354,8.892210174742512,0,1,0.06638795750591395,0.048301653402712356,1,3,2,0,0
326395,7772,114.22198478641552,24.24065635377449,0,1,0.05207965117055656,0.04408472450760267,1,6,3,0,0
326404,7773,53.01815303829324,9.181314929558795,0,1,0.02510169623624288,0.030610005937206433,1,1,1,0,0
326411,7774,66.78695107641516,-0.7562322870741518,0,1,0.04480555776188056,0.04201504800911774,1,3,1,0,0
326418,7775,49.02551686305051,5.014811337584057,0,1,0.04537745419680983,0.044779394147458594,1,1,1,0,0
326424,7776,66.43764474083218,-3.061807424629375,0,1,0.07258255150522525,0.03705951452105591,1,3,1,0,0
326431,7777,66.68187737810035,2.8928551029658536,0,1,0.05444527355803076,0.040943180433990575,1,3,1,0,0
326437,7778,65.51655624537203,-3.428381725570519,0,1,0.08025414977602445,0.04159283355237976,1,3,1,0,0
326445,7779,60.66418131920838,0.15465039400750413,0,1,0.036075857677237505,0.030027367744704117,1,2,1,0,0
326456,7780,9.898079383027621,56.756815056210186,1,0,0.016320370455390736,0.02269819064166015,2,1,1,0,0
326470,7781,24.21321216230692,90.17323549695729,1,0,0.028588774094219695,0.046516462934569076,2,3,5,0,0
326477,7782,66.0135337344184,1.6597843190464747,0,1,0.05921686425212432,0.0363934036954952,1,3,1,0,0
326483,7783,65.81889720953102,-1.6703599613788267,0,1,0.08035757380381378,0.03408891396713377,1,3,1,0,0
326490,7784,66.90073231734958,-1.5207564102080546,0,1,0.05733975970405601,0.03958447741902333,1,3,1,0,0
326499,7785,49.78496190333975,8.613696336770769,0,1,0.022897565680081614,0.028483679616825422,1,1,1,0,0
326506,7786,56.56495012846045,4.161734203127455,0,1,0.03467045508783216,0.029674537501991928,1,2,1,0,0
326515,7787,52.087089198812635,6.083218085296821,0,1,0.024202479048467243,0.03238966795680572,1,1,1,0,0
326522,7788,68.2757734269782,2.0119505091312107,0,1,0.05766801484251653,0.04060599573886209,1,3,1,0,0
326528,7789,61.86215266123236,8.795178385781096,0,1,0.07245172704933135,0.03847718147725739,1,3,2,0,0
326536,7790,49.865468471580684,7.194761628403871,0,1,0.024910933191747794,0.032445618605069455,1,1,1,0,0
326542,7791,65.55969054874733,-0.5087872488056142,0,1,0.05408963796099001,0.030391427102292794,1,3,1,0,0
326550,7792,67.41939544047423,0.3556478054556287,0,1,0.03215212753450192,0.032656308023695214,1,3,1,0,0
326563,7793,66.78339490848923,76.97804921430355,0,1,0.176929618686926,0.06202008257503593,1,4,8,0,0
326569,7794,65.33286255132377,0.021541414629153266,0,1,0.08331311911015973,0.04924270772963824,1,3,1,0,0
326575,7795,64.96622372929453,-2.709281680857938,0,1,0.07301772608920244,0.04519177969955804,1,3,1,0,0
326582,7796,64.94547361064478,-0.007606936620838667,0,1,0.03751428556333081,0.036713724976783234,1,3,1,0,0
326589,7797,67.20040231357899,-1.176081190843611,0,1,0.06713845465574704,0.03041863356374717,1,3,1,0,0
326597,7798,58.0366909362905,5.308208077485746,0,1,0.032579103507359077,0.03403036225129756,1,2,1,0,0
326605,7799,56.8728238713955,0.5544714811721985,0,1,0.04581413142375111,0.026425054440642158,1,2,1,0,0
326613,7800,57.866754229916594,0.7396526144161193,0,1,0.03468012487026262,0.036768693621392526,1,2,1,0,0
326622,7801,52.23168361962273,7.214649212406885,0,1,0.020009459235247534,0.02623759961050951,1,1,1,0,0
326630,7802,47.60461584042946,4.8280625926934775,0,1,0.02212082323569891,0.02987314600660106,1,1,1,0,0
326638,7803,50.83915291497536,6.108433117178894,0,1,0.03242458317459368,0.03729010860745064,1,1,1,0,0
326648,7804,53.36483816517311,10.03766532886296,0,1,0.02351427988596093,0.028960572980436843,1,1,1,0,0
326659,7805,3.78848578379883,63.36734355187875,1,0,0.016183276359181795,0.028511605048330436,2,1,2,0,0
326666,7806,46.570344130654654,7.903234544425308,0,1,0.02943594162797832,0.0388636128838093,1,1,1,0,0
326676,7807,55.13236576968777,10.06753787856435,0,1,0.018381910684313947,0.024248065482789866,1,1,1,0,0
326722,7808,76.27896200992136,35.676018487644235,1,1,0.04307870053617553,0.015342553318799334,0,6,2,10,14
326728,7809,65.83730130389732,-3.1257269657666313,0,1,0.051278960211871026,0.04652217460970596,1,3,1,0,0
326734,7810,65.12210776712061,-0.6007166694786505,0,1,0.06767728981066508,0.043169694401265585,1,3,1,0,0
326740,7811,65.00704823225819,-2.6635915213998818,0,1,0.04852102523440738,0.04069511957422061,1,3,1,0,0
326747,7812,46.69683008796614,9.623760727708987,0,1,0.0260398836272303,0.03511457505848798,1,1,1,0,0
326755,7813,69.67606517364678,-0.23471190596194447,0,1,0.034631162706048296,0.03290653403455893,1,3,1,0,0
326761,7814,44.30770061295089,2.182840015685226,0,1,0.031030686263237472,0.03383934712815943,1,1,1,0,0
326767,7815,65.31987478512698,-0.24922040402154266,0,1,0.06331825022165764,0.04580124297865201,1,3,1,0,0
326774,7816,56.25454239814427,1.6242220591072023,0,1,0.050287891905278236,0.039236342322632144,1,2,1,0,0
326781,7817,65.27085210584573,1.7259792844853141,0,1,0.041159283627748545,0.032666787535861844,1,3,1,0,0
326788,7818,56.50059719143835,5.473728678175924,0,1,0.039413167108613624,0.03934869778593111,1,2,1,0,0
326795,7819,46.492733618113846,8.679274974478748,0,1,0.032366874682057456,0.039222259702138995,1,1,1,0,0
326801,7820,66.2311958131715,-2.0267771458259336,0,1,0.06331394290233529,0.04332369655355935,1,3,1,0,0
326809,7821,48.6796179672909,7.68244996566791,0,1,0.025595535232228597,0.03407253562529023,1,1,1,0,0
326816,7822,48.091618752491236,4.0394950048860245,0,1,0.03415343894460417,0.04223370929056113,1,1,1,0,0
326826,7823,52.09269889739318,4.50130262714281,0,1,0.01942432410389109,0.02507397780704356,1,1,1,0,0
326886,7824,187.83529239796545,30.7663345450695,0,1,0.0833958753887017,0.028687191752366236,1,11,3,14,5
326894,7825,50.801754739595275,8.096604649946814,0,1,0.030269139030585847,0.03662680371969147,1,1,1,0,0
326900,7826,11.767651885276841,51.89357398398086,1,0,0.029738778693670958,0.03277555850338912,2,2,2,0,0
326908,7827,49.90142022640204,5.894468300468699,0,1,0.02371440284813786,0.027882800012293967,1,1,1,0,0
326917,7828,60.379518022241314,3.0136795018501132,0,1,0.027938436667081377,0.032044703743603,1,2,1,0,0
326924,7829,57.639478235089555,5.026926835116784,0,1,0.03401555583305639,0.03796318047841628,1,2,1,0,0
326933,7830,59.875359631708676,4.2856515822425365,0,1,0.036732914085518695,0.031732771746838695,1,2,1,0,0
326941,7831,46.78352791740859,3.701653591130313,0,1,0.024812142997542187,0.03340182758812107,1,1,1,0,0
326948,7832,56.804537402339776,3.9423975278494474,0,1,0.03269967271941153,0.03508546216899932,1,2,1,0,0
326957,7833,52.65085128675545,9.486779300852291,0,1,0.02419404026524005,0.030684891300239894,1,1,1,0,0
326965,7834,50.23525015549892,5.917605775068939,0,1,0.025743914881838543,0.03376969115764528,1,1,1,0,0
327042,7835,51.39464190305515,398.27383610184415,0,1,0.07869500738897632,0.04565284660715444,1,7,36,22,12
327052,7836,66.2689548576644,5.040840471366975,0,1,0.024357986537570375,0.020292335148773773,1,2,1,0,0
327060,7837,0.8267738559438058,59.18711133001865,1,0,0.02032243645809453,0.02036012075745368,2,1,2,0,0
327068,7838,60.25319964422781,3.068320171745004,0,1,0.033338143739930645,0.036635164017292075,1,2,1,0,0
327077,7839,52.09825281644838,9.00120437874649,0,1,0.025387870699911736,0.029385561552398534,1,1,1,0,0
327084,7840,66.11613820545791,-1.8894650627004737,0,1,0.05232987993254069,0.038543224325356874,1,3,1,0,0
327099,7841,32.03246594726282,59.02475961175975,1,0,0.027498612606771992,0.0816595541807045,2,3,2,0,0
327106,7842,47.63620138474529,2.944067714363161,0,1,0.031185044938549743,0.032475903101837685,1,1,1,0,0
327113,7843,48.274682309446106,3.0383900401368944,0,1,0.032763903544423996,0.03210828413033347,1,1,1,0,0
327126,7844,78.9393960253393,14.277117774866461,0,1,0.04168551574013579,0.025460638593261198,1,3,2,3,0
327134,7845,49.236620143587,6.370881399585212,0,1,0.02966661996476344,0.0253729324936518,1,1,1,0,0
327142,7846,50.524805075864236,4.706914488636999,0,1,0.029954421673101164,0.036535664601087266,1,1,1,0,0
327148,7847,57.21446138484838,-0.7481488588959451,0,1,0.05952720256403692,0.035869106975987934,1,2,1,0,0
327155,7848,66.83862845882746,-2.061842657641634,0,1,0.04406787405561531,0.039577423329503196,1,3,1,0,0
327165,7849,56.52996264294457,8.88139276266081,0,1,0.019730939438118756,0.026850380758400166,1,1,1,0,0
327174,7850,53.278734972209364,7.697088777914242,0,1,0.026602928143507086,0.025022384909147325,1,1,1,0,0
327182,7851,47.299332828409874,4.704216431909785,0,1,0.031062417419942034,0.03682180182295773,1,1,1,0,0
327190,7852,50.44076528579264,7.152606438446938,0,1,0.02854318108458743,0.025585178310979038,1,1,1,0,0
327198,7853,51.316182401933695,5.639100498706739,0,1,0.030327523523004694,0.03711077900974114,1,1,1,0,0
327204,7854,62.29568781220003,7.571403695084019,0,1,0.04063324952302285,0.03382527092435007,1,3,2,0,0
327210,7855,65.54957750452124,-1.0998018747335756,0,1,0.051659307046145964,0.03444334202325764,1,3,1,0,0
327217,7856,65.57771914842064,1.560031905872009,0,1,0.03798198396689155,0.02457403345180386,1,3,1,0,0
327225,7857,58.042942037851745,0.2318483065864818,0,1,0.03733401280240239,0.02643708069709517,1,2,1,0,0
327231,7858,65.03546807075055,-0.29107786679792724,0,1,0.07107559693157839,0.034465091534572986,1,3,1,0,0
327239,7859,49.23656081496837,8.571020081095067,0,1,0.022821119521263915,0.030094022928128284,1,1,1,0,0
327246,7860,56.318396530518825,3.8347471091407765,0,1,0.04810236556835353,0.032126762272182814,1,2,1,0,0
327255,7861,52.64484446635588,8.938369134020867,0,1,0.02325596343849118,0.031326743488428004,1,1,1,0,0
327263,7862,57.41134305182504,4.672317759588308,0,1,0.030360057055071783,0.02829407074091138,1,2,1,0,0
327270,7863,62.932626940469845,12.80824801633251,0,1,0.03846408208379829,0.02928920910814695,1,3,2,0,0
327277,7864,67.17136995570701,-0.5634550120772417,0,1,0.06446999966259438,0.04330365353235748,1,3,1,0,0
327285,7865,51.133037386466455,3.9235941004325134,0,1,0.03015003266579591,0.02909770092078534,1,1,1,0,0
327296,7866,78.29989154766156,1.2651867976336675,0,1,0.03712515419754797,0.024291067324750382,1,3,1,0,0
327303,7867,67.11998963239448,3.0746874224953835,0,1,0.04393866954316821,0.02702553424375212,1,3,1,0,0
327309,7868,64.61947540809707,0.040351367056722154,0,1,0.06826140331923307,0.04421261097665093,1,3,1,0,0
327317,7869,49.83729310072948,17.25333950831033,0,1,0.024888584960797877,0.03607086656030298,1,1,2,0,0
327331,7870,35.05441448577551,10.958562741897094,1,1,0.09286649574484292,0.023961139448091275,0,3,1,1,0
327339,7871,50.65738005722912,6.614799286610168,0,1,0.028741440261750704,0.0357973215351402,1,1,1,0,0
327348,7872,51.090197524620095,6.126212008120216,0,1,0.020060900421574865,0.02743426517384772,1,1,1,0,0
327357,7873,52.866154432118094,6.130733629347889,0,1,0.02211719321668362,0.03001203313418764,1,1,1,0,0
327365,7874,48.062434361927636,6.916441356535335,0,1,0.03129779924889198,0.03715492177883494,1,1,1,0,0
327374,7875,47.8992463501457,6.754646894474593,0,1,0.025475840480714808,0.02918894463205859,1,1,1,0,0
327383,7876,52.18747952906689,5.1605777058248385,0,1,0.019785289921389435,0.029930339069814214,1,1,1,0,0
327391,7877,50.54449281886277,3.930260753394192,0,1,0.028945750953302134,0.028002354745597185,1,1,1,0,0
327402,7878,75.9879418042186,2.719790940757754,0,1,0.02646377223485817,0.023763238607942425,1,3,1,0,0
327411,7879,52.81391251679628,8.253252535815944,0,1,0.025386302988371242,0.03246727279526815,1,1,1,0,0
327418,7880,65.91765617395885,-0.27646023815956156,0,1,0.04334513372213088,0.03827372684941971,1,3,1,0,0
327427,7881,63.834162229243645,3.853539134908745,0,1,0.030128437090751962,0.021995251261834794,1,2,1,0,0
327435,7882,6.067621840942422,46.557346341318755,1,0,0.024557517376797105,0.032912987947087566,2,1,1,0,0
327444,7883,51.42996805639317,4.566504976378951,0,1,0.023743734449114966,0.030739957526138142,1,1,1,0,0
327487,7884,6.44046785852219,445.7797845835044,0,1,0.04755575338889957,0.09207604585778364,1,6,41,18,0
327495,7885,49.81788635309157,5.388676340837657,0,1,0.02266427428063198,0.025468084641171174,1,1,1,0,0
327504,7886,61.83766547733251,6.091028999129925,0,1,0.02965199127614933,0.02812289664958323,1,2,1,0,0
327531,7887,126.34167335641598,28.870327923245767,0,1,0.047956688878784154,0.025741592225931094,1,7,3,4,0
327538,7888,67.03405898764166,-2.113133523833735,0,1,0.06354703187369436,0.02589363757581437,1,3,1,0,0
327546,7889,61.465958639769056,4.0622157063644195,0,1,0.03009077772499903,0.023827232950384677,1,2,1,0,0
327556,7890,55.600256686801146,8.563925980834188,0,1,0.022129589833520695,0.025595459790178278,1,1,1,0,0
327565,7891,52.50504548531339,6.449317609896809,0,1,0.022849197275423054,0.026656740891908056,1,1,1,0,0
327575,7892,62.401711620929255,1.8963769309150216,0,1,0.029853500152200126,0.021549132590915294,1,2,1,0,0
327584,7893,57.94905069829715,6.36126322446008,0,1,0.02259185313213803,0.02498287159711551,1,2,1,0,0
327593,7894,53.47389993407569,9.168583967127994,0,1,0.022343938487149422,0.021938381668858507,1,1,1,0,0
327601,7895,59.124456028902394,2.9541429416945615,0,1,0.0259622894594963,0.02475240353791784,1,2,1,0,0
327608,7896,57.51519638292288,4.850715196939561,0,1,0.03436437879384042,0.027644658128896663,1,2,1,0,0
327617,7897,52.339452457136666,6.367367165995326,0,1,0.022432246422048288,0.026387868258890265,1,1,1,0,0
327630,7898,80.82286879773437,13.643871561445557,0,1,0.0770085919453299,0.01741812947284882,1,3,2,1,0
327641,7899,68.15506723024879,3.221327003318205,0,1,0.02451047961794088,0.025517923184815272,1,2,1,0,0
327650,7900,53.176166422088755,4.7563466202254325,0,1,0.022527753735467518,0.024602376168151027,1,1,1,0,0
327659,7901,52.399341720773336,8.108006104521285,0,1,0.024082071998368662,0.031160926680592727,1,1,1,0,0
327668,7902,61.52372308618288,6.298476132048361,0,1,0.03950698714460524,0.03194610440560822,1,2,1,0,0
327689,7903,101.86844593332034,68.21089250325835,0,1,0.047961748445823696,0.050588974529883854,1,7,7,4,0
327698,7904,52.75984913621525,7.618398171651943,0,1,0.02461420068306191,0.031439991170347265,1,1,1,0,0
327705,7905,55.339771332491026,15.451582232316564,0,1,0.03328495330568467,0.024734370058519077,1,2,2,0,0
327712,7906,55.65283950279756,5.29987394089021,0,1,0.03588201674529417,0.031099483242680918,1,2,1,0,0
327719,7907,65.88777279059585,3.695596468441371,0,1,0.046718892247877855,0.030832329752399235,1,3,1,0,0
327727,7908,49.70303680195792,6.2085135435877135,0,1,0.0303267016108332,0.028524631188943644,1,1,1,0,0
327735,7909,67.49810901314459,-2.4837588725622695,0,1,0.03162333711689671,0.026871075895181177,1,3,1,0,0
328235,7910,-1783.7491697442135,8064.669842254112,0,0,0.02199729047243182,0.09522158600938296,0,16,751,13,14
328243,7911,60.234543990584655,0.3637516347533065,0,1,0.040655834887836834,0.02050767531067306,1,2,1,0,0
328250,7912,54.63532310550495,2.3955252908264235,0,1,0.041609287715683105,0.025051526526074962,1,2,1,0,0
328265,7913,86.92525306029533,76.73690337117951,0,1,0.04437099420001736,0.10329634576683137,1,6,7,0,0
328281,7914,76.83296545796227,68.47588121610596,0,1,0.1291982420670939,0.02902357440367684,1,5,7,1,0
328289,7915,56.90858530200417,1.9149667103939514,0,1,0.026553217091736296,0.02280809179460072,1,2,1,0,0
328297,7916,63.295506186202246,-8.988004812765697,0,1,0.07126271548822243,0.0012486854421872508,1,2,0,0,0
328313,7917,48.16381239200705,145.50232994690847,0,1,0.04907640963296383,0.1471915175375579,1,4,13,0,0
328323,7918,63.92498593578015,12.165790548927479,0,1,0.033505471769990566,0.013069784137257262,1,3,2,0,0
328336,7919,87.99766587459204,6.76967851320558,0,1,0.044147227056696416,0.0036901491473147986,1,5,2,1,0
328350,7920,57.65482948762814,79.50788859740948,0,1,0.04934440111678444,0.032726036744116935,1,4,8,1,0
328362,7921,69.01042216867668,73.68307366788926,0,1,0.06212996564219841,0.02989177728483594,1,5,8,0,0
328374,7922,71.22662810789626,28.178122694864904,0,1,0.054689781915851034,0.009194921129327013,1,4,4,0,0
328385,7923,81.71032026599666,20.967774035617463,0,1,0.048155908852367896,0.039720921887996655,1,5,3,0,0
328395,7924,11.610537350876587,76.24046484681142,1,0,0.02300352323088079,0.035566918275001407,2,2,4,0,0
328407,7925,62.43761970844329,72.6371183215031,0,1,0.08161437524374594,0.1273196100142582,1,4,7,0,0
328420,7926,96.20310905101027,28.160518448601533,0,1,0.07067764919468547,0.033574893850679126,1,6,4,0,0
328427,7927,55.41601607016424,0.4642422174750962,0,1,0.044493581512677065,0.013466680579188086,1,2,1,0,0
328436,7928,75.42874720157889,5.813670588886929,0,1,0.03413543866371343,0.02495255812745509,1,4,2,0,0
328442,7929,64.12258170711645,-3.447904479208294,0,1,0.047699851424348794,0.0186620263171255,1,3,1,0,0
328449,7930,57.44236599646574,-0.2512975605052912,0,1,0.028031311782046115,0.026027831998895117,1,2,1,0,0
328465,7931,30.317567932165147,74.97164692402266,1,0,0.01636964180446139,0.05262730452060486,2,4,4,0,3
328473,7932,55.36287711308661,0.6797592008706381,0,1,0.04020194612655877,0.007142927761343602,1,2,1,0,0
328485,7933,71.21797659040506,40.15259496327204,0,1,0.13184745653918734,0.06425340179907162,1,4,4,0,0
328492,7934,64.95241949676058,0.8760913771172003,0,1,0.040447875151173915,0.01756872257931679,1,3,1,0,0
328505,7935,82.25208910931264,20.045631458381713,0,1,0.04297464086192397,0.013757311549761045,1,5,3,4,0
328519,7936,76.05803803742612,11.932635274450424,0,1,0.041954412717651594,0.003930820418305614,1,4,2,0,0
328541,7937,87.80031319833331,57.96574508410424,0,1,0.055909258964840024,0.023168370697323446,1,5,6,2,0
328604,7938,83.36505707597375,214.09065252098824,0,1,0.018625699036444867,0.06638317367706793,-2,9,20,10,23
328612,7939,49.91684332911172,4.965429294238941,0,1,0.019279768691162828,0.01930547184087665,1,1,1,0,0
328625,7940,79.23375246913608,95.3913762665774,0,1,0.05967810418749998,0.17200148080272004,1,6,9,0,0
328637,7941,80.47637241603078,33.19712236106968,0,1,0.049864777425159906,0.019821252056905648,1,5,4,2,0
328653,7942,66.86749770315419,46.14590804142783,0,1,0.04838288839063394,0.01810920187629839,1,4,5,4,0
328670,7943,29.601916917530726,85.53858964883139,1,0,0.017830822021548988,0.04454000134046191,2,4,5,0,1
328686,7944,69.59447402033831,107.36661090816634,0,1,0.0263500347078434,0.14951244269227618,1,5,9,0,0
328694,7945,60.43251431158942,3.3774375778860666,0,1,0.02172736210475783,0.015705520578635515,1,2,1,0,0
328701,7946,65.24794464570118,1.9956536368780267,0,1,0.026560236508065594,0.010921425727689267,1,3,1,0,0
328713,7947,52.755351109359324,110.63534992186081,0,1,0.08478937753613146,0.12942711485865016,1,4,11,0,0
328720,7948,57.48616506050212,0.06629527444423466,0,1,0.02374372497682978,0.022460450373407874,1,2,1,0,0
328731,7949,59.99322296746085,5.339199341016846,0,1,0.03317590497747974,0.01633702670119195,1,2,1,0,0
328738,7950,57.213796894876424,1.6090452242366453,0,1,0.023431773369868892,0.009878220597497846,1,2,1,0,0
328749,7951,74.75110222229883,50.927763864842724,0,1,0.09337244989468864,0.04066901620316185,1,5,6,0,0
328762,7952,89.7124998798957,43.04988990853563,0,1,0.06457694121241798,0.07563327019253285,1,6,5,0,0
328815,7953,132.8302087880587,40.088388108446566,1,1,0.050298303024501265,0.029186005696117817,0,12,4,21,0
328827,7954,69.76435307107712,38.81471637669582,0,1,0.03957036226897207,0.0175420245306239,1,4,4,2,0
328840,7955,66.15642998260113,97.0276006452031,0,1,0.05414234023957003,0.15848897001191892,1,5,9,0,0
328851,7956,67.43275107046182,24.51851352562329,0,1,0.0975331193483759,0.02927680658317231,1,3,3,0,0
328864,7957,56.30610079342805,47.58605504755313,0,1,0.08375360581318905,0.04554022778743709,1,3,5,2,0
328881,7958,47.249391513524245,89.89534099911204,0,1,0.028256598171588924,0.020273033869558667,1,3,9,0,0
328893,7959,62.61679415853233,68.08785041555164,0,1,0.08103935269787883,0.04294678920513067,1,4,7,0,0
328906,7960,59.96406189979547,77.33526846093713,0,1,0.08713529705114344,0.08033077803899157,1,4,8,3,0
328923,7961,57.75222117753231,173.17426750521287,0,1,0.10534608664952007,0.29511155617324386,1,5,14,0,0
328930,7962,64.95199213798963,0.8771089703265869,0,1,0.05495347682393389,0.009861690334667855,1,3,1,0,0
328941,7963,71.40860147850765,68.79074877300332,0,1,0.05988937595602631,0.13882729513378245,1,5,7,0,0
328951,7964,63.706431968233744,9.178693568090198,0,1,0.029107553645157973,0.012828730005799188,1,3,2,0,0
328963,7965,71.2751977836617,68.72363702122544,0,1,0.0649075508704322,0.06117677856191985,1,5,7,2,0
328980,7966,47.02825938882304,114.09629293893171,0,1,0.03366699735779094,0.14653871738745652,1,3,10,0,0
328992,7967,64.86306592363962,62.31558557930366,0,1,0.0536530608760532,0.10278553115293987,1,4,6,0,0
329003,7968,72.70886259723193,71.37994503976786,0,1,0.09307852322761817,0.1741270102013369,1,5,7,0,0
329015,7969,64.50654293023877,58.548720619993006,0,1,0.0893257028660004,0.06347777066974165,1,4,6,1,0
329025,7970,62.71192743986148,21.492958472320296,0,1,0.10410232360064127,0.019407612701008502,1,3,3,0,0
329038,7971,97.49036648706871,6.9997640631979365,0,1,0.05500855967818627,0.00931527975372053,1,6,2,0,0
329045,7972,55.17245431676776,13.170321755017106,0,1,0.029554385741837663,0.015016666994179232,1,2,2,0,0
329053,7973,59.609252713624414,1.5811097287516667,0,1,0.018620662457205887,0.01134195008801123,1,2,1,0,0
329062,7974,47.33080984479372,4.802100490833061,0,1,0.016794892587705796,0.013880016621865839,1,1,1,0,0
329074,7975,62.4800360950226,38.21135970942047,0,1,0.06929293036604967,0.03589582944280293,1,3,4,0,0
329109,7976,24.877649194698204,435.270565506575,0,1,0.04740599277655404,0.16179840757470731,1,8,40,3,0
329122,7977,82.93433006369008,44.4923084276536,0,1,0.08407387385177995,0.029565580274658894,1,5,5,0,0
329133,7978,77.3598152570877,37.5293512776872,0,1,0.0852004929732857,0.01957206191280616,1,5,5,0,0
329141,7979,70.42696862739808,-10.359190224854672,0,1,0.04817334963636612,0.0011519544578622325,1,3,0,0,0
329154,7980,61.040551691675546,68.21832354313293,0,1,0.034618575772167495,0.08411534165397014,1,4,7,0,0
329166,7981,59.39245974354862,84.89395787281151,0,1,0.07392009272691533,0.119809596705941,1,4,8,0,0
329180,7982,71.41031341080796,83.358213018906,0,1,0.06164574026622587,0.06442229238644058,1,5,8,0,0
329194,7983,67.26746892494765,97.58888603853234,0,1,0.06501711372783293,0.12598353167392287,1,5,9,0,0
329210,7984,91.04408947069493,2.058985015472743,0,1,0.022126561577227248,0.004228220654908741,1,5,1,0,0
329221,7985,69.16958757961447,36.70585736594218,0,1,0.103023334389274,0.011503100989825061,1,4,5,0,0
329233,7986,68.55989050471466,56.35508048881344,0,1,0.05296248764064985,0.10874808524831463,1,4,5,0,0
329246,7987,64.03321415654281,63.97034764090613,0,1,0.03066491361155384,0.10517068896446816,1,4,6,0,0
329256,7988,60.755667363920175,0.8772486572553788,0,1,0.02277504714244808,0.008033300720674517,1,2,1,0,0
329266,7989,60.464910154312065,3.6068911183474945,0,1,0.017601569379299256,0.017929846761441045,1,2,1,0,0
329272,7990,61.855212148954855,7.304306275455382,0,1,0.05931679557193562,0.025726656419495755,1,3,2,0,0
329282,7991,63.160472372357276,21.514596191875402,0,1,0.10808151598237714,0.021211453752261043,1,3,3,0,0
329293,7992,67.2575493118278,84.62220416386486,0,1,0.0828393178957373,0.1881717934534879,1,5,8,2,0
329342,7993,64.25158696595537,54.398810275303745,1,1,0.06588105190293975,0.028624194031893438,0,6,5,18,22
329356,7994,51.77287676034335,126.69007917832127,0,1,0.06843452824689415,0.18756427344635215,1,4,11,0,0
329369,7995,78.79184618151164,49.04027139862224,0,1,0.08990359635124602,0.05771036765262316,1,5,6,0,1
329382,7996,70.66660847031028,91.07873876306326,0,1,0.07719542905352691,0.20405589661459628,1,5,8,0,0
329395,7997,83.82060774087792,61.56297708105379,0,1,0.06343942534025726,0.059972038988376664,1,6,7,0,0
329415,7998,62.198886701248775,158.79006639907604,0,1,0.050260722823038596,0.19299013662067505,1,5,13,0,0
329428,7999,75.0547427239558,57.10919192095639,0,1,0.04146167324862926,0.03824402117511228,1,5,6,0,0
329442,8000,74.99820186438058,32.38635414469916,0,1,0.07785778228517827,0.01816460796483812,1,4,4,0,0
329458,8001,53.552378530185095,146.05703974588016,0,1,0.08771137525871112,0.06854896301465939,1,5,15,0,0
329469,8002,72.61494842606211,33.13741776776899,0,1,0.10832016555250484,0.038638181512426345,1,4,4,0,0
329510,8003,146.83338055706145,29.84588393133477,0,1,0.13871786241266307,0.019784228577580498,1,9,5,3,25
329517,8004,57.84807861399664,0.2370686158566162,0,1,0.02676078175273839,0.019977952925565562,1,2,1,0,0
329534,8005,68.8946611698628,95.71346505450117,0,1,0.025463031531202735,0.10341471224840271,1,5,9,0,0
329541,8006,54.72959386854195,13.77235991477734,0,1,0.03300943130156693,0.024637996203283333,1,2,2,0,0
329553,8007,72.14527424611254,43.06404121788433,0,1,0.0782983555157868,0.10232196221861227,1,4,4,0,0
329565,8008,62.66589175752783,53.93626208638657,0,1,0.06261382932894315,0.01808221619310921,1,4,6,2,0
329578,8009,64.69577414605438,113.62594065195528,0,1,0.08068654276667424,0.19978267487380516,1,5,10,0,0
329592,8010,63.14931337446577,78.02118425060479,0,1,0.06109511572331817,0.15542667664504317,1,4,7,2,0
329613,8011,103.85123323257349,43.66373476605114,0,1,0.07584917412578797,0.021572329843446276,1,6,5,4,0
329621,8012,47.8864803080113,4.490857585790685,0,1,0.021513098035541144,0.02185148753092986,1,1,1,0,0
329635,8013,72.37344848911341,122.32627833995319,0,1,0.03689830771561288,0.207370861202183,1,6,11,0,0
329649,8014,84.0531233250822,37.03639606417999,0,1,0.07550018662123684,0.029036840423421563,1,5,4,0,0
329712,8015,135.62176575013052,86.04219328019127,1,1,0.024866147169521485,0.03203730522649511,0,13,9,12,19
329719,8016,57.81496840837195,1.5940061305911293,0,1,0.02722990634753609,0.022051810378948714,1,2,1,0,0
329727,8017,60.166302151873836,4.789258437525339,0,1,0.019360791351630855,0.0132229453834557,1,2,1,0,0
329741,8018,62.19452293432609,136.16463776623823,0,1,0.0443884599830198,0.2744634265153553,1,5,11,0,0
329748,8019,57.90970467030941,0.6972320701686368,0,1,0.028816300699054914,0.028480082178269563,1,2,1,0,0
329792,8020,143.85032854905901,42.525468607836174,0,1,0.07041089664761602,0.020081855479384483,1,9,5,11,17
329804,8021,66.97004391839454,91.2659820198007,0,1,0.07240328179998005,0.12562002330403632,1,5,9,0,0
329811,8022,58.259672449363514,3.440182205958857,0,1,0.028649170337714577,0.023269830360875262,1,2,1,0,0
329819,8023,57.50026342881301,11.394653635082552,0,1,0.025310989707510535,0.023383242975982963,1,2,2,0,0
329826,8024,47.06714107699493,3.424669496781064,0,1,0.023881628939848017,0.02444699478527426,1,1,1,0,0
329840,8025,64.59258065378594,114.71473717048849,0,1,0.07366746742221099,0.17950170953225664,1,5,10,0,0
329848,8026,49.80369255658996,4.369536475920285,0,1,0.019965444343123476,0.019022457270352712,1,1,1,0,0
329861,8027,68.75785364932028,108.04733865128986,0,1,0.06445311278387106,0.24216103569223899,1,5,9,0,0
329878,8028,92.55151394908981,18.809357373027037,0,1,0.0924609468884366,0.0221853603268075,1,4,2,1,1
329886,8029,48.02555335438201,3.6531144598842324,0,1,0.020867536736811673,0.02157293869501337,1,1,1,0,0
329901,8030,36.18702010785732,66.3938272710647,1,0,0.029621882009092163,0.032703904474877366,2,3,2,0,0
329908,8031,57.39247559403569,4.307467193715251,0,1,0.021796687269865,0.01301211420612399,1,2,1,0,0
329916,8032,60.41287700679061,5.057299011715019,0,1,0.021826404534588707,0.02009837354662899,1,2,1,0,0
329924,8033,55.564068049163815,13.557981651014337,0,1,0.026035496457001768,0.02498548735463824,1,2,2,0,0
329932,8034,60.93335665852413,2.9752325261601875,0,1,0.02562844994542901,0.023467584640872247,1,2,1,0,0
329940,8035,57.09569542999651,2.960160552749027,0,1,0.02415890606676786,0.023204561463309115,1,2,1,0,0
329950,8036,59.430421924959155,5.132406446473761,0,1,0.040545853834759664,0.018511594235130234,1,2,1,0,0
329959,8037,69.07354326278832,-2.1078441357602458,0,1,0.03981130050923275,0.023191820617077544,1,3,1,0,0
329968,8038,60.224152862419366,5.2342671423202525,0,1,0.025545565047890465,0.01887026640114726,1,2,1,0,0
329981,8039,21.760600485936337,11.07351733685455,0,1,0.01321579182286493,0.013829868950131895,-2,1,1,0,0
329988,8040,67.33707015218673,-1.6118084065286347,0,1,0.03345419273147675,0.02426998930976088,1,3,1,0,0
329995,8041,58.195384443005196,-0.7467347474078405,0,1,0.029430808475965967,0.023599906602082537,1,2,1,0,0
330054,8042,152.53449972756857,48.51048926113616,0,1,0.01945616895585482,0.03250713563496843,1,9,5,3,37
330065,8043,69.37626334907881,4.957005402286281,0,1,0.020650525171377665,0.019667326914090802,1,2,1,0,0
330074,8044,75.6639217111956,-1.8704604759549746,0,1,0.03206749635013138,0.01264334749382393,1,4,1,0,0
330084,8045,55.03478420772245,5.712581682907285,0,1,0.019429623788051062,0.02033435404198069,1,1,1,0,0
330094,8046,5.620489790476679,55.12123509072363,1,0,0.01622864255007131,0.02104803483624269,2,1,1,0,0
330106,8047,23.36437958659528,64.97091938074196,1,0,0.028037245010084127,0.06725199477867418,2,2,2,0,0
330124,8048,27.734101894722706,73.8709054285312,1,0,0.01979063771048104,0.049506327618140396,2,2,2,0,0
330624,8049,-2022.2995170660197,8718.100176260785,0,0,0.002753564477252874,0.1058315749985428,0,10,811,14,31
330634,8050,12.340587643091656,65.66975773200497,1,0,0.019308860210746792,0.04631201140921911,2,2,3,0,0
330644,8051,54.930056782401614,6.899236451425107,0,1,0.015798991380660918,0.01850814582378598,1,1,1,0,0
330691,8052,148.98613089379674,23.142224081798346,0,1,0.08609462635769556,0.020737457469685226,1,8,2,11,12
331191,8053,-2084.6550238091827,9058.776505567588,0,0,0.03257292899638257,0.12474460564065902,0,12,837,23,23
331199,8054,56.07860869207852,12.528277207667102,0,1,0.024680944793193993,0.025104028957581924,1,2,2,0,0
331209,8055,50.68826328421563,8.88169657918663,0,1,0.017908030667570744,0.019442599258218438,1,1,1,0,0
331259,8056,89.36709002688279,30.02834928320028,1,1,0.04388828425147164,0.020436083327081613,0,7,2,14,18
331272,8057,26.354949148531322,53.6975509887874,1,0,0.019082416908880146,0.044349154831041133,2,3,2,0,0
331286,8058,25.36006394475224,73.71506051728625,1,0,0.0350526187251022,0.05049245372950736,2,2,2,0,0
331295,8059,68.73240221155348,-2.696456327898602,0,1,0.02550969430942522,0.019854285923391272,1,3,1,0,0
331795,8060,-1996.3154972446328,8642.703684044238,0,0,0.08519953106125701,0.11004146127045147,0,14,804,44,32
331848,8061,126.66273145433296,249.8369124463531,0,1,0.02511509776761656,0.10369824580231154,1,11,21,10,12
331859,8062,4.798010936555411,59.47353096428319,1,0,0.014089392274866459,0.03049382400757578,2,1,2,0,0
331904,8063,102.15506928957512,18.883554289761413,1,1,0.03215810709762773,0.014237968882425463,0,9,2,18,5
331912,8064,0.9799680647686522,62.49540079300991,1,0,0.01895919649122131,0.057310128965432215,2,1,2,0,0
331976,8065,153.05587345118886,79.86636449034481,0,1,0.02652275954557501,0.022408301960680214,1,9,6,9,0
331986,8066,50.06914838778943,6.806720061215589,0,1,0.015471317171819845,0.017169409731778933,1,1,1,0,0
332028,8067,115.85410941583493,27.44188829371452,0,1,0.018536334167393382,0.028107762376588703,1,6,3,1,23
332044,8068,31.36161414631757,68.67322778880731,1,0,0.02128829385785662,0.047153075218375834,2,3,2,0,0
332072,8069,103.1676650489517,47.463433668331945,0,1,0.03864814045375773,0.03376295174130366,1,6,5,5,8
332079,8070,47.18579963032931,3.4325379691109426,0,1,0.027438576306352595,0.02744501777725408,1,1,1,0,0
332090,8071,27.713658525519026,59.86686571081974,1,0,0.029707041908567707,0.04524498072577799,2,3,2,0,0
332152,8072,180.2796153640243,45.58366079161307,0,1,0.07103521954285356,0.019092896638466816,1,11,4,23,19
332178,8073,24.332797821641854,71.99350033640806,1,0,0.009527820278762093,0.03639123537708303,2,2,3,0,10
332187,8074,58.67028925844454,11.945074538641762,0,1,0.02101396641391395,0.021978534154641703,1,2,2,0,0
332223,8075,161.77260676325142,17.60086322114226,0,1,0.04364370527878161,0.017842100448260803,1,10,2,10,2
332235,8076,70.15904186960864,5.865715216309933,0,1,0.021889881313822347,0.01284111289294349,1,2,1,0,0
332264,8077,105.61011326937151,35.31671914568314,0,1,0.05599018808697956,0.03195873573938393,1,5,3,8,6
332275,8078,17.686625373278865,64.9755187148564,1,0,0.02387682078168465,0.04257074517233701,2,2,2,0,0
332322,8079,163.6080134222469,18.500472542527596,0,1,0.03610907970947449,0.020992508738623118,1,10,3,13,22
332332,8080,68.82113583441757,0.3269013447399871,0,1,0.037529241148086784,0.017339498249800724,1,3,1,0,0
332346,8081,65.59435592106476,5.49558511064193,0,1,0.02868631523455299,0.01404068119233374,1,2,1,0,0
332356,8082,56.83198539585348,6.821003339945836,0,1,0.015277572320684116,0.016854570614835186,1,1,1,0,0
332368,8083,9.270118311131597,58.494028704807434,1,0,0.014338201928411285,0.016935596219927015,2,1,1,0,0
332386,8084,27.403441828208408,70.41194405237451,1,0,0.01954056380613686,0.04795438915375271,2,2,2,0,0
332396,8085,74.15054208731749,0.9499171648428888,0,1,0.02572067144681308,0.01641752734499912,1,3,1,0,0
332896,8086,-2061.399803262738,8920.095505397187,0,0,0.002059450327946407,0.1280423759877959,0,11,823,37,40
332986,8087,-83.25519023864783,786.377236116418,1,0,0.0177345104317142,0.08921315720453958,2,7,67,27,33
333486,8088,-2125.570210433622,9035.543493580017,0,0,0.003863078170055609,0.1138921870446898,0,12,841,27,33
333494,8089,65.47438001674158,0.44628070524756325,0,1,0.023543617082021507,0.006390748718156254,1,3,1,0,0
333545,8090,124.9746135621468,21.912014033248127,1,1,0.027044345994983718,0.03146171815439191,0,10,3,9,30
333557,8091,6.7527746380262315,56.86780166085673,1,0,0.013608994205050406,0.04234370581820108,2,1,1,0,0
333584,8092,121.99484732682203,33.557476026141195,0,1,0.038836114018092845,0.025342638904643087,1,8,4,4,5
334084,8093,-2262.383303656727,9442.01447507211,0,0,0.00190722835643939,0.12400557036610721,0,9,876,11,23
334093,8094,23.285196392618662,54.72545383911506,1,0,0.027847707522255842,0.07304773267027603,2,3,2,0,0
334101,8095,56.564369903982374,16.788040345709334,0,1,0.03031387750737919,0.027966125191163108,1,2,2,0,0
334113,8096,29.050325461668134,63.802432795403604,1,0,0.02357781639103006,0.05104142442005494,2,3,2,0,0
334613,8097,-2174.1986264866955,9336.090633270429,0,0,0.05980116016649213,0.1351025496662084,0,13,860,32,10
334645,8098,65.6136369285574,30.354454555039815,1,1,0.037784144089443736,0.02864527766838849,0,6,3,6,14
334697,8099,150.3932339868382,43.15015110303262,0,1,0.023185539485232436,0.019160959701320687,1,9,4,14,22
335197,8100,-2166.7052032973484,9124.431727815027,0,0,0.0026693608475546783,0.11757529930721805,0,9,847,25,21
335228,8101,114.14524822146498,38.241805693615575,0,1,0.03812854251960331,0.027028538219354227,1,6,3,3,2
335318,8102,-40.889771607234664,765.9098030309578,1,0,0.016355650685665506,0.13509272512076662,2,10,63,14,27
335362,8103,103.00762350526182,99.61391987369943,0,1,0.066058849692627,0.047730817646660324,1,6,8,16,13
335376,8104,14.012814970417551,75.33060152081855,1,0,0.02301223979960226,0.0462132568250399,2,2,3,0,0
335399,8105,89.08519335902102,34.73801963756804,0,1,0.033422736471204015,0.03818917276369326,1,4,3,1,0
335466,8106,20.61517846624099,450.8393588355596,1,1,0.06791666866445908,0.10728357138270922,0,10,39,15,17
335492,8107,94.6694492570434,31.31296711893547,0,1,0.03216043906449409,0.03639897951206559,1,5,3,4,4
335593,8108,121.16862796767526,128.66760637137193,1,0,0.03788625496395069,0.035008975594842374,2,7,4,14,29
335654,8109,143.67871778421488,57.41803386329043,0,1,0.028344253152676583,0.02727874534689314,1,8,3,22,9
335696,8110,110.57548156097727,31.4755472933345,1,1,0.04512708619336919,0.017589939687043456,0,10,4,10,15
336196,8111,-2220.423461973277,9365.545067903522,0,0,0.0036738016128562605,0.12292042380111777,0,9,867,26,12
336224,8112,108.26136956827554,31.627341497110166,0,1,0.06252333054958907,0.026438209701615725,1,6,3,5,8
336268,8113,117.70278269847934,40.29688276181463,0,1,0.020766791401256143,0.02163131163826332,1,7,4,15,19
336298,8114,121.02586402517598,32.49213947614798,0,1,0.04410382144851755,0.03537688356016033,1,7,4,6,9
336339,8115,64.4938018869199,33.30618914159446,1,0,0.00941656623785234,0.03538099947786557,-1,5,2,0,19
336385,8116,186.97693767583837,8.822845298857864,0,1,0.03341901628352959,0.028106296113532946,1,12,3,2,28
336885,8117,-2235.1018229145816,9249.379451192613,0,0,0.008242822608956583,0.11896414347950615,0,7,858,7,19
336931,8118,110.85310908753935,51.087840927980224,0,1,0.0290359406697107,0.02548826548462423,1,6,4,14,8
336974,8119,128.6990984911483,38.482444695822046,0,1,0.03781458315445196,0.04046658901728986,1,7,3,4,16
337030,8120,193.19209435835606,42.65163390994172,0,1,0.07718785069770547,0.03655225625298913,1,13,5,13,13
337111,8121,68.10325714396082,313.4119658298135,1,1,0.05676524083903205,0.06991436132365915,0,11,26,38,14
337173,8122,151.36307021654912,67.94487684461451,0,1,0.07566287857385229,0.03899605218051344,1,8,5,15,14
337673,8123,-2238.5862060058744,9561.060701748871,0,0,0.0035448131626685557,0.13186036813256913,0,13,886,17,21
337708,8124,115.53605957669718,50.64141211594478,0,1,0.0623904159928174,0.023761809882558188,1,7,5,6,11
337761,8125,149.44885260237146,34.16082966656745,0,1,0.03047122061008487,0.014498434919547243,1,9,4,14,20
337837,8126,53.433525598360596,397.97108059186814,1,0,0.030605691658361286,0.07226162864338401,2,10,30,21,14
337912,8127,195.3561922683888,65.45340480161428,0,1,0.08906619624419225,0.03740773379978079,1,12,5,15,16
337928,8128,22.904113344014394,66.99895214243254,1,0,0.012943613849625828,0.06200155362122664,2,3,3,0,7
337985,8129,49.36590230808879,67.52868701336513,1,0,0.03622644031556573,0.02222792916305964,-1,5,4,32,15
338047,8130,81.78887335295173,219.33554724463426,1,0,0.042886551946689194,0.04911968348648382,2,9,16,7,25
338057,8131,5.498201745537489,54.834748190534704,1,0,0.015115415769577775,0.01947927430413713,2,1,1,0,0
338094,8132,117.29758370197433,45.01737442102914,0,1,0.026912621287064353,0.029453552094743297,1,6,4,3,15
338165,8133,-20.710839193296664,531.7668747674808,1,0,0.013634217749396058,0.12080370593281664,2,7,42,10,20
338182,8134,79.40597410863413,42.82734427331208,0,1,0.048562341464786475,0.03445177491955817,1,4,4,0,0
338221,8135,117.05423096221168,41.52638676461848,0,1,0.032696117846798045,0.035210240976909946,1,6,3,15,10
338231,8136,15.886094112167239,84.40349699992683,1,0,0.025159068339529057,0.06430652847427598,2,3,5,0,0
338241,8137,61.62056223615788,16.22720829647544,0,1,0.022410237623193607,0.024716491268867425,1,2,2,0,0
338253,8138,20.10925587524349,60.31420722900875,1,0,0.03447944198543102,0.05346881169623996,2,2,2,0,0
338753,8139,-1929.4849913333767,8497.149597743695,0,0,0.005779194163185493,0.10883947933102534,0,14,791,24,27
338842,8140,107.09863612921198,360.5431786108357,0,1,0.0480804051787911,0.07388731367227105,1,9,31,9,40
338859,8141,96.0931835907469,25.58607212903027,0,1,0.09079025430192665,0.03119034934972872,1,5,3,2,4
338909,8142,125.66478230174532,101.00659974229684,0,1,0.024680517656269906,0.08971405856830893,1,8,8,6,19
338948,8143,146.68888642981366,31.273637083108163,0,1,0.03009577218912538,0.03384283985136484,1,9,3,10,10
339448,8144,-2255.9488397767946,9383.447277157085,0,0,0.0032426662368378613,0.13089323010146425,0,11,867,36,8
339493,8145,123.08753742662287,158.545815703068,0,1,0.08945491526551543,0.04962697362220814,1,9,14,15,9
339510,8146,87.99654484738001,38.14847507109466,0,1,0.04680114286982978,0.03511545692168626,1,5,4,2,0
339534,8147,26.736224441066412,31.816121518978203,1,1,0.010788820013886457,0.09462320151198977,0,3,4,0,16
339577,8148,63.76911917153227,41.53759915154517,1,0,0.03259647268944756,0.022085416172413448,-1,6,3,12,19
339589,8149,15.831348032908291,65.08772337867698,1,0,0.01681316558595292,0.050359050908693276,2,2,2,0,0
339604,8150,15.747181707801317,66.99981359042732,1,0,0.011612011491167211,0.05401635584254453,2,2,2,0,4
339638,8151,136.0998790603393,39.47342089658693,0,1,0.051921708627765926,0.0328362821597028,1,8,4,5,11
339679,8152,43.05361995397752,64.0993898276132,1,0,0.042324413416577264,0.022774190580448894,-1,4,4,5,7
339691,8153,82.83276272079063,2.6558003145742717,0,1,0.03700181014941035,0.015653234839444623,1,3,1,0,0
339734,8154,102.00788893591094,83.44794491249337,0,1,0.029945504243686284,0.02130381268061889,1,6,8,9,13
339813,8155,153.9981082629174,43.00485130241963,1,1,0.0449813173242441,0.04213302058601219,0,11,4,12,47
339880,8156,172.68132152764412,70.27596369000011,0,1,0.09326032930549648,0.02580337464739244,1,10,6,20,26
340380,8157,-2195.836557238764,9340.36807743403,0,0,0.00254777824036913,0.12888658239372938,0,10,864,25,21
340438,8158,97.91339859978729,72.44402849761117,1,0,0.01618159259954266,0.03061466816841162,2,8,3,10,32
340460,8159,105.67034869960608,26.345085352506633,0,1,0.029346891612698437,0.034197472139750745,1,6,3,4,3
340479,8160,21.726499491442766,86.58538225706988,1,0,0.011384448820271339,0.04345377305413185,2,3,5,0,6
340511,8161,124.33322228164873,47.15252501403087,0,1,0.04361047937812381,0.02782011916185436,1,8,5,2,11
340555,8162,68.05755934661623,66.1545417851963,1,0,0.07899829488975472,0.017191384372000892,2,7,3,20,29
340588,8163,129.5141403374662,22.67574089702831,0,1,0.04158112001834256,0.023559646662897414,1,8,3,10,12
340647,8164,200.8261563998777,21.11921372226735,0,1,0.09353633987381595,0.03164757945206829,1,12,4,12,44
340733,8165,39.63700624219013,365.74732101804074,1,1,0.09830484955407892,0.04802581997670239,0,9,31,43,3
340804,8166,118.48820597812455,20.591273887901146,0,1,0.010052688416421127,0.032406828789706,-2,7,4,1,62
340824,8167,15.025971104562018,23.05486724158166,1,1,0.008290924878054905,0.07016468029455619,0,2,3,0,12
340879,8168,73.5218086263237,106.97315825090124,1,0,0.02697863185157558,0.020802050264203426,2,7,3,31,5
341379,8169,-2246.4817375671,9449.245896341394,0,0,0.002483179746664028,0.12300412558691336,0,11,878,3,24
341401,8170,104.90436811112849,40.89897652921887,0,1,0.05937862114771571,0.05138586498202038,1,6,4,5,0
341431,8171,111.90937232867283,43.32730890236914,0,1,0.029207287127684178,0.027063509121200265,1,7,4,9,2
341439,8172,57.77249840023629,16.711305581666824,0,1,0.03051740695046922,0.02143590786191198,1,2,2,0,0
341485,8173,144.29737070377053,30.971409260371978,0,1,0.0702023729441669,0.019737744325566364,1,9,4,13,17
341985,8174,-2101.0542664354507,9087.23319152375,0,0,0.0073014438363176734,0.11893068565714017,0,13,843,7,23
342029,8175,70.8670124757279,169.8739318174773,1,1,0.04905081214811171,0.07896135501408863,0,9,16,6,15
342162,8176,-240.49040029369706,1575.2202188571164,0,1,0.015579771260274173,0.12344358291199808,1,8,142,39,25
342204,8177,126.94955043736266,66.4830465086897,0,1,0.05245032752458473,0.040316821045481954,1,8,7,8,17
342704,8178,-2300.039549283531,9613.000044273373,0,0,0.002695752641667869,0.13030880010612567,0,9,890,22,15
342713,8179,61.82667942473731,2.232247798029775,0,1,0.018476269325499714,0.022062676450897118,1,2,1,0,0
342723,8180,6.754187780476407,53.4994685310926,1,0,0.016161892995166925,0.02058716135708483,2,1,1,0,0
342735,8181,10.166082542264316,62.163056204231786,1,0,0.013064602270624372,0.016388289263185255,2,1,1,0,0
343235,8182,-2298.988030318222,9417.21899796981,0,0,0.0018870851602625987,0.12533657559995307,0,6,871,5,4
343735,8183,-2087.5530023366723,8911.695317439955,0,0,0.00544721205435847,0.10671479882717316,0,10,829,19,14
343805,8184,64.24974027892888,79.23760839015897,1,0,0.012110152879842823,0.03259667006929484,2,4,2,12,29
343837,8185,145.9446875849242,22.841772429301407,0,1,0.03152852711435839,0.024576618759313495,1,9,3,5,9
343918,8186,-129.4927118146433,879.7999832023767,1,1,0.01548230890521323,0.10364294298955096,0,7,81,16,12
344008,8187,148.05509699273983,118.619848191937,0,1,0.05735555995580882,0.043149958219463394,-2,10,9,26,23
344079,8188,75.97399279523304,226.0006294498719,0,1,0.0438040205504083,0.06298866400933882,-2,8,19,25,11
344579,8189,-2190.185014535467,9202.74558624472,0,0,0.005163873627365272,0.1149179971116888,0,12,857,19,32
344612,8190,158.98758834365975,38.27693859079992,0,1,0.05617871467041261,0.026065310835042876,1,11,5,10,4
344697,8191,136.81252975931744,193.4752776691446,0,1,0.031382530619967035,0.025807045889492907,1,9,17,16,34
344712,8192,27.78743070909675,62.41470567112847,1,0,0.021950456400107666,0.04458017311122146,2,3,2,0,0
344739,8193,101.12004271294356,53.45858578919287,0,1,0.038613303480498434,0.034030071942576866,1,6,5,6,2
345239,8194,-1893.3960363822566,8430.147045736621,0,0,0.004394303966995079,0.10649603527552179,0,15,782,28,26
345256,8195,72.78713094320433,49.44260946879838,0,1,0.03789037920530645,0.04716444481623955,1,4,5,1,2
345756,8196,-2204.098081157193,9284.422397771064,0,0,0.003393513669520066,0.11845857902805315,0,12,864,27,32
345831,8197,191.69880578972055,47.79811498314976,0,1,0.01747191055256719,0.03390924455020312,1,11,5,3,47
345901,8198,30.821952893815386,467.4185399020916,1,0,0.016820116689023244,0.08860012615569174,2,10,39,8,31
346401,8199,-2149.0441330256444,9008.977199788142,0,0,0.0029430114506235183,0.11533891092653895,0,11,838,30,39
346901,8200,-2168.0068491488014,9287.525002740012,0,0,0.00335629329043215,0.11943601649643228,0,13,863,21,18
346911,8201,7.638151594087727,54.99618140753769,1,0,0.01598692815181052,0.02096403087905926,2,1,1,0,0
347411,8202,-1941.628210357047,8596.184706700276,0,0,0.006674338116086974,0.10611890854101862,0,16,800,24,31
347507,8203,157.68379530332183,272.7895700746296,1,1,0.06646623737793539,0.0661073458357719,0,17,24,35,41
348007,8204,-2157.218190801272,9309.981061718434,0,0,0.004325231310634405,0.13491963478765934,0,15,860,42,30
348507,8205,-2181.0339898663356,9047.850743207058,0,0,0.001841283635233802,0.11051119299288907,0,8,842,20,17
348518,8206,23.16888724880559,71.27433885152993,1,0,0.02319526701810205,0.05867809033485993,2,3,3,0,0
348553,8207,71.5765784077923,45.24485455441688,1,0,0.037235014540931394,0.02200709825240856,-1,7,4,5,16
349053,8208,-2251.73029911544,9602.274346291177,0,0,0.0044593217577239075,0.13636438760081984,0,13,888,24,25
349079,8209,113.30074164176297,37.07621827273131,0,1,0.03275667613429471,0.030562276829909803,1,7,4,3,5
349114,8210,77.56327505681004,80.2671526140969,1,0,0.0545237443744386,0.025855344253328867,2,8,4,14,3
349154,8211,134.2960604384802,52.835559126914674,0,1,0.05623668681017452,0.023917316278836188,1,9,6,11,16
349166,8212,19.17029533996585,64.81790201944477,1,0,0.03750555845029524,0.053550941902929035,2,2,2,0,0
349184,8213,104.60912600952432,20.198613577461472,0,1,0.05801772488761045,0.03975037788490366,1,6,3,1,2
349288,8214,-7.011900097484281,924.6554467072053,1,1,0.014747438280968408,0.1447914246400773,0,18,83,21,29
349350,8215,31.62601648242454,279.309227930577,1,1,0.03400416508044784,0.05795097163688727,0,8,24,27,8
349850,8216,-2246.427445485075,9358.866125387956,0,0,0.004569807414409028,0.1179481898865497,0,10,871,2,22
349899,8217,96.08222273477705,74.19692039153274,1,0,0.05063170224047342,0.048961994212435155,2,9,4,13,34
349940,8218,127.91895838089333,34.6427977253348,0,1,0.031370185981068006,0.01786046904066558,1,8,4,12,13
349980,8219,133.83316436549018,49.336572169525155,0,1,0.027203681130050623,0.020049454435726095,1,8,5,8,13
350017,8220,121.92675180624835,38.361141790426124,0,1,0.03490545683971646,0.02539948638275599,1,7,4,12,16
350049,8221,119.27723380737328,38.41437580053805,0,1,0.031288464796004174,0.043505039118676495,1,7,4,3,9
350103,8222,125.71750072798271,84.94202363221379,1,0,0.04064655954077706,0.029542689083419043,2,11,5,9,29
350603,8223,-2360.5208989440484,9689.34199882842,0,0,0.005688247911716888,0.13089717375314514,0,7,897,14,14
350637,8224,139.58929242334787,37.38024592356261,0,1,0.0458937089182028,0.01921759815672595,1,9,5,6,11
351137,8225,-2238.996033095288,9395.33024427295,0,0,0.0034306298338676153,0.12933023020876527,0,10,869,45,20
351174,8226,113.93262534600262,37.14697540643107,0,1,0.06239303590802771,0.022820969313046856,1,6,4,11,17
351206,8227,133.92186072072536,24.776759215390875,0,1,0.05110076496148943,0.02699005783576514,1,8,3,8,11
351706,8228,-2229.1420726249344,9406.647465464308,0,0,0.008063399560788385,0.13810843997256048,0,10,868,37,15
351755,8229,60.21773606558827,97.76881589515098,1,0,0.03308587297427745,0.024618863514709925,2,6,5,12,11
352255,8230,-2212.854285712451,9535.425728641498,0,0,0.004276313902360327,0.1364908201646209,0,13,880,13,6
352270,8231,27.78020803253258,95.33314860429485,1,0,0.022788451885301948,0.061495579794453754,2,4,6,0,2
352299,8232,55.53883518639442,48.5827350602867,1,0,0.045668994163217194,0.04165212707113423,-1,6,3,11,4
352343,8233,149.66511122702457,54.9638669634583,0,1,0.027494865679286905,0.0317984315582368,1,10,5,6,11
352378,8234,119.5474038429444,42.33036015517503,0,1,0.03903197075459237,0.030005060298822668,1,7,4,8,7
352422,8235,133.4097103830236,40.287043492350605,0,1,0.0386592869155927,0.021784989484145624,1,8,4,11,15
352922,8236,-2278.45287368398,9527.817473072328,0,0,0.00430687984435138,0.12870460602106049,0,10,882,32,7
353069,8237,-114.57045968487375,1485.352258853897,0,1,0.05370238509500887,0.12129188976178791,1,15,134,26,43
353130,8238,156.39730986404396,66.79082462528122,0,1,0.07328192883841812,0.05341318004614929,1,9,8,6,40
353180,8239,142.48198469363803,45.329464844899434,0,1,0.02815167824846796,0.018076796823000518,1,9,5,15,15
353218,8240,129.7500200691893,77.50367536055872,0,1,0.05821338786961745,0.042838915848677044,1,9,8,10,11
353251,8241,95.88639432897246,62.47381632179478,0,1,0.05018382124914426,0.02099611583578571,1,5,5,10,3
353275,8242,113.77916544980633,30.862429236955286,0,1,0.039482150016852395,0.03572216341205157,1,7,4,5,3
353775,8243,-2152.0183222831565,9243.135661432298,0,0,0.004990546825571989,0.12137713213427455,0,13,858,24,23
354275,8244,-2037.826735258689,8579.233392690257,0,0,0.005781246463958509,0.10185815073146351,0,8,797,38,18
354323,8245,129.47348522821838,46.85505532128391,0,1,0.04758407234264986,0.03274247532601956,1,6,5,5,28
354365,8246,101.61904577322485,44.081663449643926,1,1,0.08036595652500814,0.018787535544957906,0,9,5,9,17
354395,8247,43.4755209788871,78.17980815950207,1,0,0.019181974197032416,0.053050665862719365,2,4,4,3,20
354465,8248,41.912177945272006,527.2118842051004,0,1,0.029643545039404345,0.10890361561088195,1,9,47,10,14
354492,8249,119.18164367565136,15.444433213667429,0,1,0.025175439361432374,0.02617956601350788,1,7,2,6,6
354501,8250,61.68568391206004,1.7759706129130066,0,1,0.02718005661101465,0.027584149506633515,1,2,1,0,0
354565,8251,140.8703635005432,111.83535535460219,0,1,0.03703352469184953,0.025000002232381094,1,9,9,25,20
355065,8252,-1989.0679411327108,8723.561165846095,0,0,0.004763717796817681,0.11710159008631794,0,14,809,9,41
355565,8253,-2051.069716699798,8867.618230932649,0,0,0.003260890420696724,0.12040602874515714,0,13,822,20,42
355659,8254,67.44356533796639,448.2573630742047,1,1,0.06367997667549677,0.05201292208367853,0,14,43,25,43
355717,8255,114.84498734412362,54.37957972266831,1,1,0.036904116609087594,0.02275658068999508,0,9,6,8,29
355752,8256,149.0805458956946,42.11980629123559,0,1,0.04917837947694362,0.024151913361254274,1,10,4,12,4
356252,8257,-2164.12543365983,9127.327701004573,0,0,0.002521700692788133,0.1089648394427576,0,12,852,18,14
356287,8258,116.44228888662386,36.41282220259241,0,1,0.16499373821863894,0.03038942491590721,1,6,5,11,21
356325,8259,144.53051893740857,40.93345971590316,0,1,0.028873074041085925,0.01896680286308113,1,9,5,5,8
356371,8260,164.92208627479798,23.551713862364725,0,1,0.05155318208016404,0.024804363305592412,1,10,3,5,23
356871,8261,-2341.558065239681,9771.103380647468,0,0,0.0025391192200579895,0.13275662922926068,0,11,906,22,19
356929,8262,121.32849524058975,93.4436970658258,1,0,0.07253510939081209,0.05108391320812605,2,10,5,11,39
356938,8263,50.46211387328772,5.381115739237437,0,1,0.019549015746007755,0.027274370126108213,1,1,1,0,0
356981,8264,106.61613007638294,25.410482247723145,1,1,0.04428770013752115,0.020308865687183902,0,9,3,8,23
357001,8265,91.56050007880559,26.963855567572523,0,1,0.03237342589718269,0.04145313796963297,1,5,3,1,3
357501,8266,-2191.442497526421,9346.943547873007,0,0,0.002685640768974922,0.12438312737451603,0,12,867,17,21
357525,8267,105.8311028128402,36.21925330775742,0,1,0.04414738298684317,0.032420885056992484,1,6,4,4,6
357535,8268,24.229252760457523,53.84719991724257,1,0,0.024839873505050902,0.051067968520457876,2,3,2,0,0
357553,8269,21.02758434954971,78.43492545564578,1,0,0.01659633184937817,0.05331399568007356,2,3,4,0,5
357586,8270,118.65225310215362,40.371606862502915,0,1,0.053620146885007866,0.027214579064205404,1,7,4,13,12
358086,8271,-2221.1384465215974,9432.246820888708,0,0,0.002200261950472126,0.12513181692020955,0,8,874,15,23
358172,8272,28.737502840812773,735.3839755645297,0,1,0.08999568251296779,0.09300034848755444,1,13,68,13,16
358214,8273,84.45288906783342,30.048801190333393,1,1,0.16104207098742943,0.02530524988394504,0,7,4,3,18
358321,8274,-11.381274623683819,794.6581077795729,1,0,0.03992522625167272,0.09510114477113726,2,14,68,50,15
358821,8275,-2133.842604495452,9198.689690309859,0,0,0.002575460218423697,0.11825775495944046,0,14,856,3,28
359321,8276,-2005.2968706560218,8550.808682166522,0,0,0.001983412977749949,0.09864511486223464,0,10,799,6,38
359333,8277,24.213661498768168,75.38561698918663,1,0,0.026423906103104657,0.05286894007098322,2,3,3,0,0
359375,8278,137.88372400018213,105.44333035267742,0,1,0.024587494965780457,0.028316114202197203,1,10,11,0,5
359875,8279,-2130.014582224618,8856.888306434126,0,0,0.0023244639876906113,0.10381320903310055,0,8,826,9,25
359949,8280,129.2619551725424,30.599186259466343,1,1,0.017495397213072684,0.017323629141235808,0,10,3,22,35
360053,8281,-171.27456118777656,1223.0620131619303,0,1,0.021918493106707085,0.10331254016330106,1,7,111,52,12
360082,8282,109.79994140701706,22.05273664183097,0,1,0.053094951400497394,0.03026795772065906,1,6,2,14,6
360220,8283,-268.4986341819208,1828.6706646037578,0,1,0.017576043945041267,0.13358505370927207,1,11,165,40,16
360293,8284,142.40781296604428,52.541740698579574,1,1,0.05453015416304024,0.04172704218840939,0,10,5,12,46
360351,8285,161.46688005711883,65.18996801593127,0,1,0.09865077471221544,0.018747301951986706,1,11,8,24,37
360402,8286,83.23760255544055,211.48602555964925,0,1,0.049948767884483464,0.044214007797657974,1,7,19,13,14
360425,8287,2.192284303346316,124.94329464988863,1,0,0.009528324847172809,0.04194855317922959,2,2,8,0,4
360925,8288,-2252.6530519654375,9465.919795931508,0,0,0.0024861350505444003,0.12804280004372767,0,11,877,30,20
360938,8289,20.495887847088696,64.27511932015,1,0,0.024534446620468626,0.05270774454354255,2,2,2,0,0
360977,8290,66.48715200075577,89.53664868699894,1,0,0.02225395760899528,0.050261698913129704,2,6,5,3,26
360995,8291,20.083817818016826,77.97155380257323,1,0,0.014671805477728197,0.07637587796314854,2,3,4,0,10
361039,8292,132.0437763862758,36.56441130973722,0,1,0.03151624931319971,0.02020442388409519,1,8,3,23,10
361104,8293,106.5925601416383,130.89610127772772,1,1,0.03932630629955065,0.02057164373220723,0,11,12,22,13
361139,8294,123.4133933496971,27.94274508773171,0,1,0.04440400441237646,0.022324399444128902,1,7,3,9,14
361153,8295,26.266347950299373,69.93468280126956,1,0,0.04354217781149363,0.048688261837380176,2,2,2,0,0
361184,8296,131.5890799414055,26.4929155475166,0,1,0.037514963456394324,0.027983652163727637,1,8,3,5,4
361205,8297,22.827237872134422,89.55106419583234,1,0,0.01098878958071697,0.03887052756583068,2,3,5,0,4
361332,8298,-294.9598997319976,1796.0738730859355,1,0,0.021154465084015577,0.1607000750420534,2,10,156,27,16
361832,8299,-2243.864769577501,9403.703667192174,0,0,0.0038909566064160624,0.12765508912693246,0,9,871,38,25
361849,8300,22.61913743007596,78.8581044841915,1,0,0.023008703397038005,0.04757593518942845,2,3,4,0,2
361893,8301,92.54862542419109,94.3795109730005,1,0,0.04837875832565184,0.028002988544781508,2,9,5,15,6
361910,8302,32.598680448798376,74.43442180254502,1,0,0.013476067416455604,0.04506936505046175,2,4,4,0,2
361975,8303,155.07523232287195,180.8307724938457,0,1,0.04068193369035298,0.03759353571061928,1,12,16,26,13
361997,8304,82.00428991309929,61.18900804602838,0,1,0.05901559365333202,0.028457129723818374,1,5,6,7,0
362006,8305,58.04797213215018,3.171467490152459,0,1,0.022450800867208336,0.015339485058195839,1,2,1,0,0
362113,8306,94.50903007335415,452.804018208922,0,1,0.0644985094211306,0.04526568956647262,1,9,38,27,18
362128,8307,22.617585372645344,75.1981172429155,1,0,0.017635815605691045,0.047836356613314174,2,3,4,0,2
362214,8308,166.0878704165826,76.1050117218629,0,1,0.03828056474158426,0.031568464135086696,1,10,5,40,27
362256,8309,101.68025124122133,34.837474868950274,1,1,0.12265375613724808,0.028303694572851264,0,9,4,7,20
362370,8310,103.87289306715167,348.9136705010859,1,1,0.010327894630443528,0.07397941270767547,0,11,29,15,62
362414,8311,53.17517604327308,80.69127700843909,1,0,0.050583231134043345,0.05324987077289966,2,5,4,8,33
362554,8312,-313.08117358462874,1648.9877388701861,1,1,0.009395893516466145,0.12173313736068203,0,5,148,6,18
362572,8313,89.0309322054313,19.017146625595565,0,1,0.08895959397255844,0.02263045638719891,1,4,2,4,0
362605,8314,35.89506197207979,76.38013000271336,1,0,0.0478000543042452,0.03244660754890123,2,4,3,13,18
362617,8315,13.72851506037416,58.12066529038492,1,0,0.013570628502128009,0.0335004596672202,2,2,2,0,0
363117,8316,-2250.107221870507,9421.503551476937,0,0,0.003170964841238436,0.12635842500013056,0,10,873,28,20
363129,8317,24.659785411864075,68.98104832574512,1,0,0.03365919215640176,0.07729763208839484,2,2,2,0,0
363139,8318,9.161101368077748,77.71953826210878,1,0,0.019734884284609736,0.05349265293313055,2,2,4,0,0
363151,8319,65.55179778999975,12.020269862764913,0,1,0.022312042317107966,0.018587151003159066,1,3,2,0,0
363651,8320,-2216.071744039088,9179.065265217045,0,0,0.002342114924318993,0.12430394156356238,0,6,849,44,30
364151,8321,-2235.4032265336764,9329.071065392864,0,0,0.0027420568000022967,0.12272338081626774,0,10,866,11,30
364166,8322,64.46377253206049,38.30713014607483,0,1,0.07942650285355041,0.03425509029988522,1,3,4,10,0
364194,8323,94.45831296595367,36.65457022822899,0,1,0.02681145743291506,0.03651388467513147,1,5,4,1,12
364242,8324,112.91651344930128,76.88662407322556,1,0,0.03029765483874637,0.03078276009498045,2,10,4,7,24
364303,8325,167.85996448683045,31.7150862957341,0,1,0.013952002686264238,0.026516579127396685,1,10,4,13,18
364803,8326,-2132.718394644463,9215.60049659851,0,0,0.002626312222771868,0.12012284660743776,0,13,856,33,26
364898,8327,-103.55602847229602,1032.8294733207053,1,0,0.020345001196689177,0.13885047428487124,2,11,88,23,26
364917,8328,88.54959114238771,31.510178558069715,0,1,0.0473967789308591,0.031495148690612144,1,5,4,7,0
364938,8329,96.38572474657387,28.53777120149303,0,1,0.07321133139190891,0.03092958763321259,1,5,3,8,0
365026,8330,13.85129986598011,543.7998600470876,1,1,0.014078631975650256,0.09681626550284012,0,12,49,28,29
365038,8331,22.47636174699318,67.17834869442817,1,0,0.014421425036726795,0.047546146008208674,2,3,3,0,0
365112,8332,211.64588727862898,31.595650293404095,0,1,0.01766296718139413,0.03762213310196392,1,13,4,8,49
365150,8333,67.26397285988837,116.14025113580556,1,0,0.04105906690797584,0.02126550249384733,2,7,7,12,14
365650,8334,-2223.562244862105,9288.642858124047,0,0,0.0025465937274785633,0.12083136255872057,0,10,862,26,19
365711,8335,134.44503248584363,36.95794748939433,1,0,0.041739553080543584,0.018980661492662598,-1,11,3,14,29
365761,8336,152.96845429605395,34.040272770883625,0,1,0.023974724049749426,0.01502122481777859,1,9,4,8,21
366261,8337,-2074.9370775408133,8765.013183954574,0,0,0.003563013690072733,0.10091861206510039,0,10,819,16,31
366321,8338,91.72133635778523,52.326661752565485,1,0,0.023673942401906414,0.012458764819417505,-1,7,3,10,23
366454,8339,-333.13901007182585,2026.8293091880134,0,1,0.014103454636127069,0.13272089360692363,1,9,186,4,8
366569,8340,-110.26043748404416,1126.518437555131,0,1,0.01742483663140966,0.1207129837151535,1,9,101,42,37
366610,8341,131.0066229187216,20.224504621743417,0,1,0.1300387620696689,0.020625054438385932,1,7,4,4,31
366696,8342,70.95457111857753,396.0780458477808,1,1,0.018347774530172778,0.10253291804614943,0,12,35,15,44
366708,8343,13.536419662230038,56.64906567026259,1,0,0.012967833855796362,0.03478146827035885,2,2,2,0,0
366819,8344,-41.21585835310098,1048.9742366533753,0,1,0.01139648615035127,0.12921840259290085,1,14,96,22,41
366857,8345,96.55571453660998,84.08237436411596,0,1,0.17920885301196554,0.024726803899115947,1,6,8,20,12
366866,8346,63.82989705272574,10.347226111808556,0,1,0.04506436328765438,0.025811489353308088,1,3,2,0,0
366930,8347,139.34653504082772,42.39281335211917,0,1,0.026766397675475045,0.027966665507676035,1,6,4,4,39
367430,8348,-2224.9558753983947,9382.915385190447,0,0,0.002501260845563583,0.11491557908289365,0,12,874,33,14
367486,8349,173.27137508310653,57.812825827157695,0,1,0.0299622296996478,0.021441897326116018,1,12,7,17,28
367986,8350,-2213.7951711178375,9210.336734926941,0,0,0.003047681708957921,0.12353516540705958,0,10,854,50,38
368023,8351,60.80340386153746,94.08225151740606,1,0,0.037498350798745896,0.027489889511662507,2,7,5,16,11
368080,8352,-35.05931991297575,605.6976145813371,0,1,0.011679054676252265,0.16063045155769237,1,5,53,11,8
368110,8353,114.80170066607673,55.16388814094748,0,1,0.03342592626275484,0.027180139305291895,1,7,5,1,0
368120,8354,21.881900460101754,67.96123281214827,1,0,0.030600407926101587,0.06619974696939736,2,3,3,0,0
368620,8355,-2142.1776717267962,9008.996794140408,0,0,0.007309662372699342,0.11868027528659035,0,9,835,10,15
368633,8356,24.221459697326885,72.87676593612787,1,0,0.038280900916722274,0.08808088850228063,2,3,3,0,0
368738,8357,-113.24617602449135,1177.3270977431887,1,1,0.054523362151252454,0.1253420158229579,0,14,107,32,15
368762,8358,41.09499327097854,40.187141324881885,0,1,0.0099429660067093,0.05409933067719972,-2,3,5,0,12
368777,8359,86.64857317453074,39.273097846342125,0,1,0.05232970768972485,0.03952897265532263,1,5,4,2,0
368795,8360,17.5886906878382,74.03659373671803,1,0,0.01821975861396807,0.042982761912078095,2,2,3,0,5
368808,8361,21.98877393182395,75.64857509401652,1,0,0.02844839645312769,0.046454856565497096,2,3,3,0,0
368819,8362,65.0489420889667,9.081547911467794,0,1,0.027983640863225658,0.019234832450791692,1,3,2,0,0
368896,8363,98.07311340155078,245.39774584106368,1,1,0.02343332018118938,0.030298684485962367,0,13,23,28,9
368904,8364,65.95663183746947,0.08019716810573563,0,1,0.032865622399958425,0.02137551143303606,1,3,1,0,0
368914,8365,70.11395419762971,12.89607890749221,0,1,0.02656451131803107,0.018244196903478307,1,3,2,0,0
368924,8366,66.90512194360599,10.057026135577608,0,1,0.01672600672273079,0.020002113751877926,1,3,2,0,0
369424,8367,-2042.1187605497971,8947.639106985596,0,0,0.004389789189857997,0.11355709967201737,0,14,831,15,13
369453,8368,56.57413951495117,99.44089725176154,1,0,0.08922384932780959,0.046307985422361975,2,5,5,0,10
369462,8369,66.70503392949647,9.930077194548504,0,1,0.032057525269554375,0.022875782808708518,1,3,2,0,0
369472,8370,1.7397988436292167,58.14201424932614,1,0,0.012056486332038716,0.03625975069900334,2,1,2,0,0
369484,8371,10.203206518831731,68.91268525865317,1,0,0.014219751347085224,0.030816289174373093,2,2,3,0,0
369591,8372,-67.99331798020452,1004.4261424412914,0,1,0.04038993754183586,0.08128755723186742,1,10,92,26,13
369686,8373,40.984223549478756,745.502166726521,0,1,0.07079761504614111,0.11270566193025901,1,13,66,25,24
369747,8374,85.94370604742466,152.2339771404478,1,1,0.0338407208001158,0.039752358328390434,0,9,14,14,15
369772,8375,100.15499154724021,37.4722828922669,0,1,0.03289020206605144,0.021744283860104175,1,5,4,4,3
369813,8376,143.58165151053805,35.259431226452335,0,1,0.030672431220709697,0.022328757049257908,1,9,5,2,21
369827,8377,12.610724052680599,73.16698786498455,1,0,0.019121460338270575,0.07751420889344995,2,2,3,0,0
369839,8378,18.42074977987689,64.54779409691749,1,0,0.023056307198662956,0.06064794360094713,2,2,2,0,0
369879,8379,134.33469788958928,25.420049060794298,0,1,0.01611709022172687,0.01600292993294574,1,8,3,2,13
369891,8380,8.425484443470255,81.46632599044044,1,0,0.017562301864630942,0.04020534125786877,2,2,4,0,0
369903,8381,11.151681128784872,66.65306622640455,1,0,0.014775006900862475,0.038086126575128214,2,2,3,0,0
369956,8382,32.94424078816745,157.9478385968572,1,0,0.021739604382113142,0.034102211166192664,2,4,10,15,29
369968,8383,23.79178849353371,76.17258637112143,1,0,0.03574725451105154,0.05263908421274759,2,3,3,0,0
370019,8384,86.1506422279513,48.39604007565945,1,1,0.03205012784751057,0.023497460726673414,0,7,4,8,29
370030,8385,24.58688097938919,75.15067971096596,1,0,0.02616070130165382,0.06631945294501762,2,3,3,0,0
370042,8386,26.634213053998117,75.7306500856213,1,0,0.03675234000124236,0.048564098428244655,2,3,3,0,0
370542,8387,-2345.2764109820723,9668.66927863441,0,0,0.0027898643278492464,0.12631170542901354,0,8,897,25,17
370558,8388,82.0390778970716,44.90111817481027,0,1,0.03513442437843599,0.02686415214055149,1,5,5,0,0
370570,8389,26.945492703098076,58.23721280248675,1,0,0.018183300070349673,0.033772862860095995,2,3,2,0,0
370650,8390,-48.97204711812083,687.5872942229946,1,1,0.025605316530050565,0.08159943787895983,0,9,63,11,12
370688,8391,74.95201979590698,36.32045076327058,1,1,0.026542845235267037,0.043921513472543326,0,6,4,2,15
370721,8392,127.99886877188273,47.571399531331394,0,1,0.03917081928217511,0.036877642919317395,1,8,5,6,14
370809,8393,-96.33090410912223,1077.2207853036375,1,0,0.025769549632996755,0.19564029873459976,2,11,87,21,1
370827,8394,91.46257232128319,29.020657131009074,0,1,0.027425552489327123,0.024219470484555777,1,5,3,0,0
370842,8395,29.85354028386328,75.93323648803073,1,0,0.024480455948329767,0.043808856385759695,2,4,4,0,0
371342,8396,-2072.0531395249022,8851.857697204874,0,0,0.0033694998003825916,0.10752319622922368,0,12,824,20,27
371358,8397,26.32076822658221,39.20741362560009,1,0,0.013008982410136514,0.02221917996102281,-1,3,3,0,0
371380,8398,101.46838253980971,14.15536305189223,0,1,0.0385922474596744,0.01939940611911338,1,5,2,0,0
371389,8399,63.16976605620847,11.155795489898058,0,1,0.03662140500776084,0.015154904027850018,1,3,2,0,0
371428,8400,56.01034835617651,165.58416627869187,0,1,0.029936891430447927,0.1538054461392857,1,4,13,17,0
371472,8401,54.02308356042006,62.34066558363644,1,1,0.05195528572564025,0.033207004077512474,0,5,4,26,1
371486,8402,3.5154645505683817,62.065168484942284,1,0,0.010073687323067957,0.020130339325905654,2,1,2,0,0
371986,8403,-2268.5872902273945,9419.435698539357,0,0,0.0021441832092504503,0.11719686429191893,0,9,876,18,17
372055,8404,130.86328191582777,346.94313726708765,0,1,0.027339861078310698,0.09473823817801785,1,13,30,12,16
372555,8405,-2150.330665976214,9066.865724605586,0,0,0.0036709492534020877,0.11777767645568743,0,8,840,15,29
372565,8406,13.65079554312095,60.71953999507397,1,0,0.024994044535715125,0.06360065043426785,2,2,2,0,0
373065,8407,-2191.347846738516,9231.71729648831,0,0,0.004339253661837302,0.11533006391844831,0,8,858,7,20
373081,8408,26.210894301056438,67.56517520487796,1,0,0.012636559105670511,0.029232564363323103,2,3,3,0,0
373106,8409,119.69120462182616,38.74783457596677,0,1,0.03784691375468744,0.023363615933677008,1,7,4,4,0
373119,8410,6.8986198676378905,54.755843086399,1,0,0.01152862872745053,0.02515449250151282,2,1,1,0,0
373146,8411,116.92609029970873,42.80028948349517,0,1,0.07329366798595306,0.022658580487106447,1,7,5,6,8
373646,8412,-2160.9613389080764,9126.79730954145,0,0,0.0034848659305987107,0.11640060414297639,0,9,847,19,26
373695,8413,-13.244134675782519,366.56716062639384,1,1,0.02365951583737313,0.16058620411441196,0,6,31,13,12
373706,8414,30.83902193289368,71.30799406497647,1,0,0.017285182966870396,0.05489190290560581,2,4,4,0,0
373720,8415,32.91087112692951,72.27335065204352,1,0,0.01609316884657489,0.04009730974101418,2,4,4,0,0
373732,8416,8.827740802917443,75.71828402909088,1,0,0.013175594655041312,0.04690441585338939,2,2,4,0,0
373781,8417,13.270772914887324,298.48747707521255,1,0,0.021123800593508463,0.08127983593913068,2,5,21,7,0
373881,8418,-31.042119904787633,849.7392401235979,0,1,0.07295138132185126,0.087214125375742,1,9,77,16,22
373921,8419,114.21007639081316,79.72993732003866,0,1,0.10671389940016343,0.02548569814906627,1,7,8,11,8
374421,8420,-2163.814752597718,9132.90424998242,0,0,0.004498131381300206,0.11889241985793995,0,10,846,35,4
374921,8421,-2244.5124702468956,9261.30749495457,0,0,0.003868454942197485,0.11393367186375536,0,8,863,2,24
374942,8422,74.12762924084252,27.965148139774623,0,1,0.028521198174642,0.030831366900977552,1,3,3,6,0
374956,8423,21.76202525963129,82.99588366913852,1,0,0.01797000628460874,0.13392987049524344,2,3,4,0,6
375456,8424,-2172.595576671204,8960.289488938844,0,0,0.005578100374055023,0.11145691244595562,0,6,833,23,15
375466,8425,20.99434371233044,63.31236624999403,1,0,0.026853059601264384,0.05166183279627294,2,3,3,0,0
375966,8426,-2083.84675637326,8967.528643793441,0,0,0.003459489357287571,0.12343751105418897,0,12,831,13,41
376055,8427,74.02782053819153,579.6483331198494,0,1,0.0344069980536077,0.08707232707227357,1,12,51,11,21
376085,8428,55.32328064310532,29.25600209065744,1,1,0.14265462342214186,0.02151263042279726,0,5,3,6,12
376585,8429,-2180.9646970030803,9235.612331984568,0,0,0.009841689917286971,0.11925662135074691,0,10,858,7,20
376626,8430,141.73621889051412,33.68698595867461,0,1,0.023102870169106116,0.016982356658187273,1,9,4,7,18
376641,8431,27.072583665577564,84.04198564942209,1,0,0.014604254847979729,0.05086247285155086,2,4,5,0,0
376653,8432,17.649666710928994,56.63361077485042,1,0,0.013238623860156734,0.02295647684903017,2,2,2,0,0
376699,8433,106.91268298740432,12.582873768316375,1,1,0.1428519445400187,0.0273341566180842,0,8,3,3,32
376763,8434,10.102457621433171,485.1031593965292,1,0,0.023206386950422923,0.09204338257742638,2,9,40,13,23
377263,8435,-2077.5605119516326,9020.312626937977,0,0,0.0037827906828176014,0.11239322751333951,0,15,841,16,26
377304,8436,157.43153860267657,58.970478794819506,0,1,0.024330717131824185,0.041871994317865195,1,11,6,15,0
377333,8437,47.540189831338864,70.66544848579792,1,0,0.04525485054013446,0.03732177470993631,2,5,3,6,8
377349,8438,85.84926014670893,35.170511177020316,0,1,0.028091924945978435,0.04675130707995269,1,5,4,0,0
377363,8439,17.665000760227517,76.44005174521004,1,0,0.013918329866682122,0.04773433591128202,2,3,4,0,0
377438,8440,124.93442720686487,19.435164733682935,0,1,0.010566551656184055,0.038779852141287194,-2,8,4,2,72
377470,8441,114.73956402297682,58.160250397512584,0,1,0.06307550733321106,0.05654823781981051,1,7,6,13,0
377517,8442,152.0197692160127,62.54513553129661,0,1,0.050437234391091455,0.014366789283075627,1,10,7,16,16
377531,8443,22.273628572146315,74.91551184724234,1,0,0.011373469366606012,0.043928754490075723,2,3,4,0,0
377570,8444,169.56838700826285,18.865532440178768,0,1,0.08142269130362352,0.03486616627860433,1,11,4,7,19
377605,8445,88.4528201740114,18.966860108579738,1,1,0.10295702273053896,0.01493869475119447,0,8,3,11,20
377639,8446,113.65164363125479,39.40205586606528,0,1,0.05387276313394859,0.02061680093845271,1,6,4,7,12
378139,8447,-2235.337781119643,9250.822059630102,0,0,0.003006309503348153,0.1149489824174484,0,10,861,22,27
378168,8448,91.03138510419004,29.292788592172275,0,1,0.027549298538302604,0.04308470553553249,1,4,2,2,0
378218,8449,105.1256420728931,207.63405504301923,0,1,0.030825119858400658,0.058299479733974785,1,9,20,6,17
378270,8450,-9.122209897566687,464.10632748043724,1,0,0.03233481331100564,0.11179376668990668,2,6,36,10,2
378313,8451,130.1734224386396,47.82906487001484,0,1,0.0919989408815986,0.023704639441398584,1,8,6,15,27
378396,8452,-194.404370443395,1189.7488568798115,0,1,0.014301110240871273,0.15699560276171318,-2,7,108,14,7
378414,8453,49.104613570198005,75.80428292077251,1,0,0.023744303025323536,0.03571671992631985,2,5,4,0,0
378914,8454,-2167.18138156789,9222.336451933248,0,0,0.0045247979273509925,0.11714030920590607,0,12,857,26,23
379414,8455,-2225.6927018058523,9275.916017347994,0,0,0.004113769960056939,0.13928910086901902,0,8,853,57,36
379478,8456,-92.28658371680885,759.0662146581938,1,0,0.024104848570758085,0.1323550934748595,2,6,64,9,10
379490,8457,27.74836270811312,68.69311094190599,1,0,0.027107230209753294,0.048718615044671655,2,3,3,0,0
379516,8458,119.30754002756254,34.4905190749127,0,1,0.057370429811949036,0.024946169914299057,1,7,4,3,2
379530,8459,13.217096094141128,69.30780287391947,1,0,0.022976909591342937,0.10001750238525174,2,2,3,0,0
380030,8460,-2115.463533597198,9204.609374880582,0,0,0.0025831556886543408,0.12904300211067765,0,14,851,25,27
380530,8461,-2156.9995740692243,9127.620937493079,0,0,0.0036601290727897493,0.11785654042827293,0,9,847,11,21
380576,8462,126.5841936470454,47.515450364146965,0,1,0.025777967052134518,0.024704340793466662,1,7,4,9,19
381076,8463,-2156.5105691473436,9127.026784232283,0,0,0.002180846644892356,0.1146178710531358,0,9,848,15,20
381576,8464,-2334.799188144318,9525.922508074827,0,0,0.0019646477496054896,0.1156599690794765,0,8,887,24,16
381621,8465,160.32134085676003,24.91741003901878,0,1,0.030976764902917134,0.016527484278276112,1,10,3,14,17
381665,8466,132.80702993967736,61.099287742046855,0,1,0.031187379055217134,0.029271248290212163,1,8,5,12,0
381747,8467,33.95219001280504,446.8982402533367,0,1,0.0177238734139477,0.09937628812774238,-2,8,39,2,27
381808,8468,186.4852015557014,31.266087827355523,0,1,0.08696871278827564,0.030370839382402773,1,11,4,16,40
381821,8469,16.443487705721793,86.73249694403131,1,0,0.015539662003190438,0.03490242110725093,2,3,5,0,0
381878,8470,110.81688211682467,71.08190151887433,1,0,0.06477802212422558,0.0424750334574475,-1,9,5,6,20
381897,8471,84.98909470164088,42.88471431485878,0,1,0.03088840911704513,0.026740161223684472,1,5,5,2,3
381909,8472,21.342672049892716,67.9112488145887,1,0,0.017292264578426492,0.040444167280063927,2,3,3,0,0
381920,8473,22.428888618508058,67.78818978018784,1,0,0.01918634141222804,0.048727389687801596,2,3,3,0,0
381958,8474,132.00831361938256,49.97596523561725,0,1,0.02314897985960991,0.02517309785323819,1,8,4,0,6
382458,8475,-2165.2820960350286,9090.36390536466,0,0,0.0036104912128492725,0.11000098646474774,0,9,847,16,27
382503,8476,78.36459026158457,92.29251793990854,1,1,0.021585412172558265,0.06583767458795155,0,8,10,6,25
382565,8477,118.09744062020584,74.23127978149674,1,0,0.03412744012615474,0.028298992684760348,2,9,3,4,32
383065,8478,-2206.9940237256274,9230.33565840064,0,0,0.002108322719558036,0.11959039537054515,0,8,857,32,26
383168,8479,-113.75225428070934,1031.6823081079417,1,1,0.01566453999547856,0.14754613346693243,0,10,90,25,19
383319,8480,-276.46687466462083,1804.2319062759127,1,1,0.013805255054475779,0.13942748702208907,0,12,160,26,24
383331,8481,18.752923467584782,84.11966529447275,1,0,0.02515453946514908,0.03448621838842407,2,3,4,0,0
383343,8482,40.38773287988928,58.36320830178111,1,0,0.027797521869455052,0.0382294730065557,2,4,2,0,0
383434,8483,-138.75155199439143,1120.8332270781336,1,1,0.018983666838637635,0.18915503369071154,0,10,99,8,19
383539,8484,-165.7855441678019,1167.2403219583884,0,1,0.014017514159604465,0.11905621183994122,-2,8,106,20,27
383574,8485,120.42727971710973,67.95102526161378,0,1,0.04185627013146317,0.018459563132492387,1,8,7,9,7
383639,8486,-18.044020291270627,411.2418189386767,1,0,0.06197246964318562,0.06880146594133331,2,5,32,21,5
383670,8487,110.43459070563999,59.05473730053935,0,1,0.07430985354296976,0.015514408015781864,1,7,6,13,0
383772,8488,-53.94557545928895,974.001928580711,0,1,0.01264640719974349,0.09961622375510108,1,12,90,22,25
384272,8489,-1962.2494165639018,8553.506732282613,0,0,0.003335657530130977,0.11500218816384367,0,12,793,12,59
384296,8490,112.53036641743574,29.872119489283,0,1,0.03801509162874477,0.04192099940305873,1,7,4,2,9
384433,8491,-255.78804107363757,1528.0893900288704,1,1,0.011559760635598616,0.1376166279961267,0,7,133,30,5
384453,8492,97.2644014861483,41.64094438852324,0,1,0.045889878715496844,0.027546791594174724,1,6,5,0,0
384953,8493,-2217.471392686523,9289.286283528278,0,0,0.002868703606790624,0.11730382461921589,0,10,864,33,18
384964,8494,21.45143338509644,70.43899264143069,1,0,0.023928533399176045,0.05953549925427672,2,3,3,0,0
384989,8495,105.3766377999875,24.058149672372537,0,1,0.07549703687432033,0.020412350885955645,1,6,3,13,0
385016,8496,127.53296572531704,40.340689548474394,0,1,0.032329962222777356,0.01987075488097761,1,8,4,3,0
385090,8497,-136.0002087284994,1012.4710154353309,1,1,0.01882630990244347,0.20035320328604914,0,9,89,22,4
385590,8498,-2206.019491898082,9361.382356286316,0,0,0.002702969991775821,0.12116585364016957,0,12,870,22,25
385716,8499,-302.4461415933527,1737.0663757874313,0,1,0.013619836190589162,0.11315050763946212,-2,10,161,18,12
385776,8500,60.88368833777788,243.02347591808666,1,1,0.02605872495922872,0.08906034719181781,0,9,22,11,16
385864,8501,213.67731782005768,58.02563219422826,0,1,0.070568887586764,0.030857613401590715,1,11,5,16,50
385953,8502,83.68844201263293,443.0952128819781,1,0,0.019904031384350637,0.07351028408313381,2,13,36,9,43
386006,8503,79.2183542623115,52.192165092939305,1,0,0.015896204321675298,0.016940449756371323,-1,6,4,3,33
386065,8504,140.56875897023335,71.57003545739681,0,1,0.025322479939120342,0.013334806711325982,1,9,6,21,16
386565,8505,-2147.879792097414,8887.786616312344,0,0,0.0015512474747645228,0.10090065839583166,0,7,830,10,24
387065,8506,-2178.1238996949673,9614.121309668559,0,0,0.004026580835185227,0.13662389262785332,0,18,890,28,20
387135,8507,-39.71579096664082,572.023257731356,0,1,0.012434651604416,0.11999368104103343,-2,6,50,13,8
387635,8508,-2259.5018461104514,9441.32407681153,0,0,0.0021634444475230365,0.12280143918211453,0,8,875,17,10
387678,8509,130.10325692615038,32.332798256988525,0,1,0.037799390935070384,0.026983267625608903,1,6,2,5,0
387718,8510,87.63426014401908,71.4735774682483,1,1,0.04034536867344822,0.046246593878715096,0,8,6,12,4
387731,8511,7.100124137308228,55.83302855606483,1,0,0.011307147947802685,0.03029235298319699,2,1,1,0,0
388231,8512,-2161.3432657833273,9196.795174154633,0,0,0.0022356369428019915,0.12102204138624043,0,10,853,15,21
388731,8513,-2202.4554882398556,9286.616694275974,0,0,0.0031738176407508293,0.12616027076652586,0,9,859,16,27
389231,8514,-2323.087955318724,9627.104769580694,0,0,0.003171216274508865,0.12435575293812288,0,7,892,24,4
389731,8515,-2057.407430774362,8801.542624040898,0,0,0.002811213771444276,0.11852716066790342,0,13,816,31,50
390231,8516,-2312.9869480119564,9512.287671050646,0,0,0.003707190009390365,0.12585882176407917,0,7,881,40,17
390731,8517,-2284.291269759423,9337.702189205567,0,0,0.0018856414243466895,0.11311065324116777,0,7,869,35,1
390840,8518,-129.3684482314999,1138.6681281501287,0,1,0.008307054109088273,0.12271731827284145,1,7,103,14,38
391340,8519,-2361.1400172369836,9670.063064862206,0,0,0.002134105470989788,0.12229993214995483,0,6,897,0,0
391385,8520,77.9275502693492,30.32491317647242,1,1,0.09365350021516655,0.01955918133210257,0,7,3,22,11
391885,8521,-2231.615882857677,9306.655250308328,0,0,0.0018481182694221397,0.12086950478385536,0,8,863,19,16
391923,8522,121.86519099222508,47.78812679461656,0,1,0.05183218321137742,0.03391313865754174,1,7,4,14,6
391949,8523,60.84806045252925,84.1688784224678,1,0,0.02837575849858339,0.04180025285767949,2,6,5,1,12
392449,8524,-1997.9677148419469,8666.577136692305,0,0,0.00653531196607042,0.10868317460471172,0,14,807,11,33
392573,8525,-83.90410382486162,1039.3642528764492,0,1,0.027015399170154157,0.12430498539807998,-2,10,93,9,38
392647,8526,-71.82596621115714,808.6033306503303,0,1,0.02051318145603926,0.16685447342291534,-2,8,71,14,13
392766,8527,-138.05924987378535,1176.7541090401432,0,1,0.016740157922475855,0.1331285946521578,-2,9,105,23,44
392861,8528,-28.071709074357692,929.3112405008682,0,1,0.07152083515350996,0.09205585242004208,1,12,85,28,8
392893,8529,35.42426732463276,74.10279431097501,1,0,0.028612847116320377,0.031687526128448676,2,3,2,7,5
392908,8530,13.384464632494872,68.07433708587689,1,0,0.009641921417798727,0.016917115271520688,2,2,3,0,0
392921,8531,20.437283715513104,78.50929870605768,1,0,0.01845178980385765,0.04816892314019915,2,3,4,0,0
393421,8532,-2190.595247156603,9249.471517012278,0,0,0.00423793673705415,0.12170497114504995,0,9,857,11,22
393458,8533,17.21538321888248,246.12512526472793,1,0,0.03692069144615608,0.08022373153651813,2,5,18,4,6
393958,8534,-2137.358611911081,9166.969044020856,0,0,0.006451621803914626,0.1232273474120176,0,10,849,36,17
393967,8535,71.12890461420527,-1.5816487594189201,0,1,0.06392334107545215,0.016273071159188815,1,3,1,0,0
393979,8536,17.393637872524465,56.406832591797084,1,0,0.016377056849664135,0.025884611902612324,2,2,2,0,0
394009,8537,164.68198223119265,27.174307607297408,0,1,0.05519047220916408,0.025996764967127273,1,11,4,3,0
394077,8538,89.23990531294787,342.32915456631827,1,0,0.019533027022408694,0.10634061943200687,2,13,26,15,31
394184,8539,-14.285628714166656,891.9456411779278,0,1,0.014777425951440088,0.09565382595178738,1,12,81,28,36
394242,8540,215.04986566411833,37.39619429991369,0,1,0.03471716446042785,0.026305866745010852,1,14,4,11,0
394273,8541,88.32775676168967,52.73459669093693,0,1,0.04654956300688987,0.026710517961522812,1,5,5,19,0
394324,8542,190.97725837621695,55.60390332787776,0,1,0.033062222649590835,0.06619747613402187,1,13,6,9,22
394350,8543,114.91378221220126,44.763729316885424,0,1,0.06207045448199,0.023618170520165675,1,7,5,6,7
394374,8544,118.26768883842982,33.17194747212714,0,1,0.10451224551861692,0.035997034855040876,1,7,4,4,0
394407,8545,133.5020312180074,36.3991891318271,0,1,0.06689733580123541,0.024582834072370302,1,9,5,10,10
394418,8546,28.606949678022367,62.73482810333185,1,0,0.034580026455029236,0.05070888161984841,2,3,2,0,0
394434,8547,20.05771589864818,75.32719069325043,1,0,0.011647994219087047,0.029619658637086727,2,3,4,0,0
394459,8548,99.8392077532244,60.33278961171596,0,1,0.058708399720407485,0.03117351390036804,1,6,6,7,0
394472,8549,17.741512225504632,85.38644581885782,1,0,0.01457730886665682,0.03622861307938437,2,3,5,0,0
394481,8550,66.24053204757986,2.4306933588770008,0,1,0.027043281260947145,0.014874454782457275,1,3,1,0,0
394506,8551,109.6391660163346,48.67829340641162,0,1,0.06024659447625622,0.02294007089753468,1,7,5,7,0
394589,8552,6.84041638834066,540.9199623487619,1,1,0.031784449490820654,0.13782385625881646,0,8,46,5,35
394653,8553,53.15238018416416,286.2917054084062,0,1,0.014093176313266708,0.05849212272516527,-2,9,27,11,15
394670,8554,24.406554156846358,82.10026668826143,1,0,0.02294184332830688,0.04927370161875095,2,3,4,0,3
394682,8555,8.747030416245162,76.49823117604886,1,0,0.012546468465039968,0.03237111397839112,2,2,4,0,0
394695,8556,20.139454368512204,76.00196878520643,1,0,0.018853134358225696,0.02928110019213076,2,3,4,0,0
395195,8557,-2134.3441010060387,8836.024816210016,0,0,0.003011946522993798,0.10079755892107095,0,8,825,12,29
395233,8558,130.5120140767295,82.79846784417063,0,1,0.044216329736555836,0.03810587187519603,1,9,8,5,8
395265,8559,132.67681357879212,43.94166594393536,0,1,0.0625616259382228,0.02430666454440979,1,9,5,15,0
395765,8560,-2233.7856933579264,9367.994515745886,0,0,0.004712288119445309,0.12411174198246677,0,10,869,19,12
395808,8561,153.25936482820896,49.276815937776945,0,1,0.05320041900108953,0.018628385671223022,1,10,5,17,8
395897,8562,-2.0854301186864816,471.9407392825867,1,0,0.06158687183479164,0.0631932748197351,-1,7,40,17,13
395940,8563,99.08706471399923,42.43469491258325,0,1,0.04684511770474527,0.025809932238628656,-2,6,4,3,20
395971,8564,112.58860797524508,62.36337630405566,0,1,0.05381910285967963,0.022506015024207723,1,6,5,2,0
396471,8565,-2046.7169691677761,8696.277590320347,0,0,0.0023101298526551554,0.10505984635376718,0,11,810,21,32
396530,8566,111.22387790818583,52.71029957052416,0,1,0.013966827595133588,0.026971210005835074,-2,9,7,11,36
396558,8567,116.36796174380942,38.01569902312021,0,1,0.04258692951483364,0.01924856280697723,1,7,4,0,0
396630,8568,50.02800539033103,484.2676574159513,1,0,0.029581969028410468,0.08971830025627434,2,13,40,16,23
396678,8569,21.35844728047555,368.407679591618,1,1,0.02142069361429629,0.14964122553677056,0,9,32,10,2
396718,8570,108.04031928883965,35.657792170438185,0,1,0.04622743790133095,0.0288868360950775,1,6,3,24,0
396758,8571,69.84625268462909,83.03300879616907,1,1,0.18425973353192687,0.02542412718449314,0,7,8,16,0
396768,8572,10.917872497992825,55.65795202720821,1,0,0.014445975164048632,0.017595228908218352,2,1,1,0,0
397268,8573,-2376.310685191703,9743.430503864543,0,0,0.0022054998781453027,0.12547521890687943,0,6,904,46,0
397280,8574,23.62961782802378,64.15596475828191,1,0,0.025549815509077617,0.039248054168820996,2,3,3,0,0
397780,8575,-2144.5958579443445,8972.044751910946,0,0,0.0025138113380366194,0.10400477129822917,0,9,837,28,10
397823,8576,141.5433684141623,42.467073998011905,0,1,0.03598742711778422,0.01574981061851266,1,9,5,13,9
397847,8577,111.16792649857062,41.05700511614488,0,1,0.04146615827463445,0.022439517246038435,1,7,5,3,2
397872,8578,51.277187028922086,27.92424940462747,1,1,0.047361075092333615,0.01986109036647267,0,6,3,16,0
398047,8579,-416.948402582157,2429.50686755735,0,1,0.006353642415421905,0.11357899277355056,1,12,224,35,14
398109,8580,140.85757591171088,38.4724385089189,0,1,0.028712925429970025,0.034641763051867426,1,6,4,7,46
398177,8581,124.36590475266965,42.459029780478645,0,1,0.06769528141480857,0.028691387886301278,1,5,3,19,25
398236,8582,152.62922229664713,81.45949779900228,0,1,0.07070432379934981,0.03404005536190354,1,9,6,21,1
398281,8583,85.86678305800233,50.658878465465236,1,1,0.03404103166427205,0.020796575512658004,0,8,4,20,4
398334,8584,9.424061612606993,384.4063777555931,1,1,0.020688983560981148,0.10033840514631634,0,8,35,3,7
398348,8585,7.411960931010523,67.85503375319485,1,0,0.009721699963785775,0.01597649530891216,2,1,2,0,0
398403,8586,98.43947410479113,205.77133062448254,0,1,0.050533750741480164,0.04048170720127487,1,8,19,15,13
398903,8587,-2253.416054591047,9334.680983037117,0,0,0.005920988838115539,0.12871403101353387,0,6,862,25,2
399012,8588,-266.02074881315247,1571.9735058327797,0,1,0.012855926485117505,0.1470787052205746,-2,8,143,6,12
399512,8589,-2353.6372258226315,9514.901110237482,0,0,0.0018418597986303903,0.11779398503254893,0,6,884,16,1
399563,8590,84.87138138902715,83.75060760409808,1,0,0.028681454775033997,0.06317670449082433,2,7,3,13,6
399601,8591,63.7809665051242,84.91831963691055,1,0,0.038857408668612335,0.031927993841743295,2,7,4,21,5
400101,8592,-2287.7243457236646,9580.022291412237,0,0,0.005119784398906333,0.12504527743875132,0,11,890,6,18
400128,8593,101.13364530117957,32.428371984722816,0,1,0.021787967951018696,0.031015512347029373,1,6,4,1,8
400174,8594,54.53244812714691,282.16276385945497,1,0,0.06944572761601306,0.07310370352660912,2,9,21,15,3
400221,8595,139.2631107376102,34.31014388543858,0,1,0.037839652643344025,0.016366737885033494,1,8,4,15,22
400239,8596,63.44799092889796,31.62784527630378,1,1,0.09734964740908135,0.03134992708342232,0,7,4,4,0
400273,8597,133.2787118975784,37.5762497490054,0,1,0.08787679189645313,0.0204641499856978,1,9,5,16,7
400319,8598,77.06938329330188,72.24948994391326,1,1,0.04879131222024867,0.03198878490963469,0,8,6,27,4
400819,8599,-2302.556152313235,9732.27106113414,0,0,0.004201283901080171,0.13562059339869303,0,11,900,22,12
400853,8600,108.29542891099581,47.23053481100186,0,1,0.030187938162787132,0.03293456250260744,1,6,4,1,0
401353,8601,-2180.189447853701,9092.440151635654,0,0,0.004086407455595396,0.11981320776212687,0,8,842,27,2
401366,8602,8.668759463237057,64.08044452784421,1,0,0.010462635709836778,0.020502823504946772,2,1,2,0,0
401400,8603,124.90591583714365,67.14060988725902,0,1,0.05115770570191862,0.02816195782871415,1,8,7,10,0
401430,8604,113.50512090696961,41.68903068957591,0,1,0.053834017455941095,0.02789279803760872,1,7,4,16,0
401455,8605,97.15495984307779,50.63972575646012,0,1,0.03311364241120573,0.03397427131483534,1,6,5,6,0
401508,8606,-7.007958939206404,497.3387029486558,0,1,0.036239763696370025,0.13856872125277053,1,5,44,14,6
401522,8607,36.24682170136617,73.43936105378194,1,0,0.0254657871379591,0.04408598799172676,2,4,3,0,0
401559,8608,90.99065904096544,59.432955469396674,1,0,0.02930843996894723,0.021518985759371334,-1,8,5,3,6
401653,8609,-45.646676397234316,918.5459201811577,0,1,0.08513921208873658,0.0706950636767619,1,11,86,21,2
401712,8610,-5.538696251720257,490.16000801678246,1,0,0.022889572600234522,0.09315350391372931,2,8,40,8,9
401737,8611,36.648078747368125,49.750513516512974,1,1,0.08487965027216557,0.037487485672395376,0,5,5,12,0
401780,8612,90.75862173648058,85.22900031573994,1,0,0.05999111721842791,0.029024521494495695,2,9,5,12,24
401807,8613,107.55452688398607,38.82044062168541,0,1,0.05460775436430794,0.027308104759292857,1,7,5,3,7
401876,8614,-16.84705131949994,739.7653535877,1,0,0.023233560267739706,0.11133044687010901,2,13,64,13,5
402376,8615,-2177.6610207429408,9187.655987654724,0,0,0.002624732976167062,0.11084327225595497,0,12,857,7,26
402492,8616,-253.42798146199675,1660.6636951067007,1,0,0.023904208618808234,0.15875268505165263,2,10,144,16,10
402522,8617,83.75039948943999,88.56187849081036,1,0,0.04253080064438275,0.024146406524641804,2,9,5,9,0
402571,8618,68.26267717811959,218.5240026085769,1,0,0.044724097656827166,0.07439109723037966,2,8,15,2,3
403071,8619,-2210.199605242437,9240.283750543646,0,0,0.0027062886802868766,0.11873815016625099,0,9,858,21,25
403128,8620,105.61918128654014,273.5620540817331,0,1,0.03379664062111504,0.09640860838589939,1,9,23,9,5
403176,8621,17.04638512314097,331.082661719487,1,0,0.02891067913500571,0.0882232502759913,2,7,26,11,14
403223,8622,128.60277744422564,72.2207743344624,0,1,0.0529712905502397,0.040920721035435446,1,7,6,7,0
403242,8623,89.0768864067119,38.47429045821048,0,1,0.06668149668595795,0.03691696799857919,1,5,4,8,0
403292,8624,64.34337674754404,87.44835830199824,1,1,0.04415504054040234,0.02013481000137933,0,7,8,20,19
403332,8625,119.49587360856333,61.77347503284882,0,1,0.031750649878342474,0.031125773794500645,1,7,5,12,8
403348,8626,87.52654426682096,33.73687749474895,0,1,0.06588840980898457,0.025269192304334488,1,5,4,1,0
403406,8627,95.9491959944587,141.54190163483364,0,1,0.027096410574858,0.048808233288622924,-2,9,14,15,24
403906,8628,-2073.0477759509818,8876.802262676254,0,0,0.0026561530715195313,0.1148540456050559,0,11,825,30,45
403967,8629,167.59103775212526,96.72454903434942,0,1,0.08633284033214851,0.027920915464411833,1,11,10,19,21
403994,8630,96.92350088163636,48.032252815729215,0,1,0.03644707093847366,0.027672838281663795,1,5,4,4,2
404025,8631,99.0918905784692,92.21839826072872,0,1,0.0446933486419305,0.029545818330152098,1,7,9,7,5
404525,8632,-2223.3921008465777,9360.201322569636,0,0,0.0028805382804414498,0.1238060783900837,0,10,867,28,14
404554,8633,82.30219322977636,34.32544759370823,0,1,0.01916069506391113,0.01984416625960614,-2,7,4,2,4
404619,8634,138.05112229901795,51.872828458391325,0,1,0.0402567455065706,0.031554646873364005,1,7,5,9,44
404643,8635,100.59681710122595,33.35294979127815,0,1,0.030173961621205152,0.03735550545977409,1,6,4,3,6
404691,8636,147.00406154258235,69.1346056205445,0,1,0.054902048453520945,0.020739648647516335,1,10,8,5,17
404739,8637,109.28810012560483,150.47981527516143,0,1,0.07411618465198933,0.05149781563431013,1,7,13,7,9
404795,8638,18.225955033327587,342.429795988448,1,1,0.027231069680552326,0.07239829463571008,0,8,31,17,6
404836,8639,79.9835458281898,233.3505062564711,0,1,0.04838942868638259,0.13563181523068255,1,7,18,17,0
404870,8640,68.45744131393275,79.13761610713738,1,0,0.024821426087376336,0.02097738312968075,-1,7,7,3,14
404884,8641,81.13270737283352,41.078388061964844,0,1,0.07068261490235829,0.04505957051508659,1,5,5,0,0
405384,8642,-2181.347061570713,9258.44275589655,0,0,0.003731358864348062,0.12772480574438025,0,11,856,30,21
405434,8643,78.00911444207432,147.9756257813679,1,0,0.025064489374569336,0.020373218435011768,2,8,10,10,15
405455,8644,106.81928430659305,56.82142657786208,0,1,0.06750068958526918,0.026241067023888034,1,7,7,3,0
405490,8645,104.88750286324185,49.605408785373434,0,1,0.031974041658836924,0.04239307377846652,1,6,5,12,0
405505,8646,89.8367254177107,39.923793006953005,0,1,0.04559128359390653,0.035449043916905225,1,6,5,1,0
405551,8647,83.28668796037172,47.17863295614168,1,1,0.051372023038677904,0.020824197210909532,0,8,5,14,23
406051,8648,-2216.2186801037888,9173.381427311,0,0,0.0024418221922547357,0.11570824609401614,0,6,852,3,25
406069,8649,66.31706755244042,39.703878739211405,0,1,0.07632937198245698,0.07150974459883681,1,3,4,9,0
406569,8650,-2237.0027220837287,9121.654964797517,0,0,0.0022077294681008765,0.10870746927661283,0,6,848,21,0
407069,8651,-2178.3163041723083,9230.363798932898,0,0,0.0025015055539218097,0.11378730434712367,0,12,860,19,20
407569,8652,-2206.654524909952,9281.082170694188,0,0,0.002907340204368801,0.11568304708324238,0,11,864,52,24
407594,8653,113.3097041680576,34.78350662655333,0,1,0.09184346987080874,0.04356430865477069,1,7,4,12,0
407636,8654,138.06436783683876,128.03940714523065,0,1,0.05596917889606622,0.04744800561832628,1,10,12,0,0
407689,8655,71.41891257437702,172.57045307640868,1,0,0.040751537314695094,0.02999837062685422,2,7,11,7,19
407716,8656,104.98208441584171,62.60028027132972,0,1,0.042491737303691185,0.024419189453828948,1,7,7,8,9
407763,8657,22.99852766095931,380.7463728103245,1,0,0.02140452394652954,0.12556114977720245,2,9,30,13,11
407784,8658,95.02298524806488,43.8052661582951,0,1,0.03464088466752113,0.03212262042484065,1,6,5,2,0
407825,8659,141.2986586804749,25.062409844066813,0,1,0.04771166782595483,0.014002170402685293,1,8,3,8,15
407904,8660,-104.22299909630306,797.038637526593,1,1,0.017725599841495375,0.09337777113821356,0,7,73,11,12
407932,8661,123.13945212366156,43.745426992383074,0,1,0.02202636201189335,0.024807631421194364,1,8,5,0,0
407978,8662,70.70427205066935,119.88159906707281,1,0,0.01838944200137157,0.018764466403428697,2,7,8,11,20
408023,8663,140.18032668324557,35.098254568847445,0,1,0.03200465131601154,0.025640606334646165,1,8,4,7,18
408523,8664,-2296.0250552325515,9489.980598003303,0,0,0.00196917242918967,0.12223098655233594,0,8,881,17,16
408546,8665,99.88495518912073,30.812983768311078,0,1,0.0348005872425476,0.020705506573676695,1,6,4,4,4
409046,8666,-2191.910860651017,9154.99652871496,0,0,0.0029672478847936386,0.11539791896126009,0,7,849,34,20
409161,8667,-60.19780052870518,1124.5669912173166,0,1,0.022000749266984015,0.15541986496852328,-2,15,100,18,14
409180,8668,98.84678412447846,40.14564277398512,0,1,0.10511247357204563,0.023553452838785936,1,6,5,5,0
409229,8669,112.32738288898769,85.33217069350428,1,0,0.05147837215924274,0.025247978302342735,2,11,5,23,19
409250,8670,85.58531210828107,52.721468671187374,0,1,0.029010025099268272,0.0354654771335323,1,5,5,2,0
409337,8671,38.18516375734908,676.5827919892862,0,1,0.017465166738794405,0.0862048541389832,1,13,63,15,19
409352,8672,17.944760442289613,61.342043387582194,1,0,0.011738958140366018,0.01760698208089566,2,2,2,0,0
409368,8673,75.37876340525247,25.581187271086495,0,1,0.031466061930242005,0.021429769916450885,1,4,3,0,0
409868,8674,-2198.4942649917707,9257.606808091401,0,0,0.0019587510428109266,0.11866159986635277,0,9,859,50,15
409942,8675,-40.9221841375017,776.0585289170178,0,1,0.021735918520889547,0.1630515330936062,1,8,68,23,11
409974,8676,106.89950278690935,43.50141920781377,0,1,0.07238865218216801,0.039180015260249855,1,6,4,13,0
409999,8677,93.79447590463327,65.77699781365752,0,1,0.03213141272386382,0.025974972134719502,1,6,7,2,0
410499,8678,-2230.669803021502,9248.643384940251,0,0,0.0020552853864662214,0.09905498423453894,0,8,866,13,0
410999,8679,-2337.4526792698643,9489.44277926114,0,0,0.002107150293239794,0.12519082864611977,0,5,879,25,21
411079,8680,84.6432146468322,389.9601952216011,0,1,0.015437255790617494,0.06711158055029204,1,10,36,13,36
411579,8681,-2193.1191579799847,9448.060532714873,0,0,0.0032665880341324494,0.12395519620430505,0,16,878,24,17
412079,8682,-2095.287003742622,9066.788273933535,0,0,0.004195731657952912,0.12155740868414223,0,14,840,41,24
412579,8683,-2111.2061518759942,8930.738232755852,0,0,0.002253770581405834,0.12263662044936313,0,9,827,23,54
412602,8684,95.27594679479085,53.307012507541934,0,1,0.07494361074320788,0.03488107653232889,1,6,6,11,0
412613,8685,53.323794941459234,8.236292082479457,0,1,0.012633117243345366,0.014966273439478105,1,1,1,0,0
413113,8686,-2235.6240052693674,9466.101076650302,0,0,0.00361711902882768,0.1191366999511046,0,13,881,26,14
413174,8687,151.7464193880883,125.5043541536676,0,1,0.01977605802044901,0.06198486292158804,1,10,12,10,31
413203,8688,37.53569065983386,94.20555333734023,1,0,0.08361466709389194,0.06838545608844428,2,5,5,8,7
413703,8689,-2279.5043205300476,9466.779809104877,0,0,0.0033340218373922904,0.1173413885317808,0,9,881,19,8
414203,8690,-2140.9082724754403,9134.062377227368,0,0,0.00436344517345136,0.11480087006093914,0,13,850,21,18
414237,8691,118.76680510687581,33.44821240708508,0,1,0.032854852577536446,0.024615612304368952,1,7,4,3,11
414289,8692,107.46058962597459,70.52344037445569,1,0,0.023717148112564,0.025047352779038898,-1,10,6,17,22
414789,8693,-2216.8796827997994,9393.014297148911,0,0,0.002777301894770717,0.12806799293270066,0,11,871,14,28
414922,8694,-269.1725394838776,1768.9707075836368,0,1,0.01175517546772808,0.14439730261021355,1,9,160,26,32
414956,8695,132.2412338855287,24.054920248823162,0,1,0.02976648574759937,0.023425593527989196,1,8,3,7,5
414989,8696,114.55159720409716,50.86056263413781,0,1,0.05657147544405784,0.032704494365085886,1,7,5,12,0
415004,8697,22.686491460650934,76.56640658491919,1,0,0.02463948582766233,0.06990633671929287,2,2,3,0,0
415079,8698,34.218284312122165,545.4386108904198,1,0,0.028383461149187893,0.08934402630631325,2,13,47,14,27
415579,8699,-2343.177003714017,9405.932736385512,0,0,0.0026497325221119584,0.10763045033661654,0,7,879,63,14
415609,8700,62.32223772286881,41.16191734392264,1,1,0.0593150250293811,0.03014120658233643,0,7,4,14,0
415626,8701,96.81551333711819,40.115677721947975,0,1,0.0470051782135273,0.027572263210882096,1,6,5,0,0
415708,8702,9.746767318130715,754.4560769860644,0,1,0.02204493095449964,0.11697575628831268,1,12,68,19,13
415732,8703,95.18335122989679,49.49653061932318,0,1,0.029672454741427937,0.03175729270172602,1,6,5,4,2
415811,8704,-14.303229735199047,802.9813310299415,0,1,0.01995269755166041,0.1224925652686224,1,11,73,10,14
415873,8705,-5.842132758936459,619.3520076886883,0,1,0.028500855256372856,0.15322885032644765,-2,10,55,5,4
415922,8706,107.5848385080015,55.33980396745778,1,1,0.08138812152848778,0.027082812103225235,0,9,5,5,0
415977,8707,207.4246637567085,59.37337587679201,0,1,0.0459516878513959,0.032189121350598246,1,14,8,10,24
416065,8708,-26.177899715537833,787.1619033073123,1,0,0.02025892994177066,0.0950068524150267,2,11,66,17,4
416129,8709,94.29597150610155,276.2166800425204,1,0,0.03426504092888235,0.046720266676647915,2,12,22,20,19
416145,8710,92.95341745125086,32.70715004486017,0,1,0.1016915969635822,0.024488177139110057,1,5,4,5,0
416196,8711,142.27568988052417,72.31721925936245,0,1,0.08537564004885738,0.020938878591649758,1,9,7,15,17
416251,8712,106.51665053572367,304.74040916169145,0,1,0.11510522320351471,0.055916107249124256,1,12,30,21,8
416279,8713,109.89785717881233,47.63830431939669,0,1,0.08250416452307893,0.03786058729874624,1,6,5,2,5
416369,8714,-21.56710214088696,722.5968809000194,0,1,0.04263202596696514,0.11950361691881474,1,8,66,24,20
416449,8715,-33.238148115039486,481.16915553571437,1,1,0.022346262795592667,0.07081038909916118,0,5,42,5,0
416949,8716,-1744.6019512488995,7654.394338823915,0,0,0.004283587332755128,0.08544446175707554,0,12,714,28,41
416970,8717,93.39063082010605,47.74187594124038,0,1,0.03877818225888651,0.03524109301784557,1,6,5,6,0
416987,8718,90.06683641817638,32.906532101499025,0,1,0.09357227770800451,0.032233751799220965,1,5,4,10,0
417009,8719,97.94005281352051,37.52230660495218,0,1,0.21980740674651347,0.03406937824414956,1,5,4,11,0
417046,8720,115.00347393206968,42.52190939805564,0,1,0.04142211314579709,0.013534964919693028,1,7,4,22,9
417123,8721,-73.44715352369244,811.3256467758349,1,0,0.030920552277876955,0.10112748805827643,2,10,69,36,6
417167,8722,141.34497352448597,38.190833080767646,0,1,0.030896522612008804,0.020958981826153363,1,8,5,2,13
417213,8723,100.78313069117597,44.371621822770265,1,1,0.07311564973115962,0.017531919293432528,0,9,4,17,5
417350,8724,-183.6166447935497,1373.8230222426093,0,1,0.007311580570939699,0.09388238642089976,-2,10,127,18,48
417373,8725,88.91220068147832,43.213182571393276,0,1,0.0501458476970136,0.0227268395027193,1,5,5,6,0
417435,8726,48.684761007035014,421.8448635586957,1,0,0.020688559698457745,0.0744631014184782,2,12,36,15,17
417469,8727,100.41566104375542,58.046758206255916,0,1,0.06343890289798018,0.03372073124198242,1,6,5,20,6
417480,8728,76.5015483593047,10.037264967476997,0,1,0.06512186746746845,0.026362913954039006,1,4,2,0,0
417980,8729,-2185.5125689148595,9243.535817327138,0,0,0.002661462316903312,0.11445169695515245,0,13,861,18,14
418091,8730,-231.63732223999946,1529.1275089363141,0,1,0.011877060268345774,0.13249926424066838,-2,11,141,15,17
418204,8731,-183.2874356916287,1460.5947434254736,0,1,0.0766100075267216,0.1350922529405438,1,9,131,22,6
418704,8732,-2156.77697274434,9119.795373904723,0,0,0.0047223455005877745,0.10850894019133552,0,11,849,10,3
418716,8733,12.232261781141155,76.32827001990152,1,0,0.010352166105832764,0.039287409556096727,2,2,4,0,0
418733,8734,83.13603433293738,43.987063233815874,0,1,0.03752430018345741,0.042754325588638876,1,5,5,0,0
419233,8735,-2160.3856422611507,9266.781314663465,0,0,0.0037704395592040112,0.1265969749732544,0,13,858,42,17
419260,8736,119.51427232489249,35.80129454074277,0,1,0.036803837566448415,0.029744114619647856,1,8,4,10,0
419284,8737,138.2310009739196,14.892198880157249,0,1,0.03408063938981914,0.023180812132350608,1,9,3,0,0
419309,8738,100.19614939676933,50.02253437418959,0,1,0.05364155712703723,0.03009323078720886,1,6,5,4,1
419809,8739,-2103.834186340875,8996.895032092487,0,0,0.002502257630861589,0.11113982446027021,0,14,838,25,17
419860,8740,64.03822538476577,228.55721333783404,1,1,0.016936691772948015,0.07681251266910002,0,10,22,12,18
420360,8741,-2068.27610341652,8768.042321149538,0,0,0.0037962784981522466,0.11698422768731734,0,10,810,51,15
420390,8742,146.60700290267002,29.18189566218088,0,1,0.060700587825542746,0.03266564980474283,1,10,4,11,0
420404,8743,22.951869200546277,77.47729668699583,1,0,0.03197926354556463,0.04615612991026403,2,3,4,0,0
420436,8744,80.57260010876024,38.359606434777064,1,1,0.11602874308115109,0.031281467016699406,0,8,4,8,0
420483,8745,85.06708480933644,29.152631796519003,1,1,0.03568704444562548,0.030993482883423344,0,6,4,2,32
420586,8746,7.0756221683320675,683.8693215669045,1,1,0.016988397553150167,0.07908678153555698,0,13,62,25,26
420672,8747,62.467718944965256,363.5374335152121,0,1,0.02167505203869977,0.054672913379834,1,7,33,17,35
420692,8748,131.49036807271318,39.53405342025593,0,1,0.05419273618201746,0.028248360496256248,1,9,5,1,0
420781,8749,31.549019510862426,472.81599248592346,1,1,0.014325831635302247,0.08217463025564678,0,10,42,14,31
420840,8750,103.80839671144338,170.48478133794507,0,1,0.032059562573289964,0.0286348949348643,1,8,16,18,18
420900,8751,0.6480499724136628,536.8410764690595,1,0,0.027988270182681983,0.1255694634461017,2,10,44,15,16
420961,8752,82.84840390919952,234.94518426190365,1,1,0.018270813635397717,0.07816705684765274,0,11,21,12,15
421461,8753,-2282.4136291806467,9568.376546884869,0,0,0.003388817212273312,0.12354227989749964,0,11,889,47,19
421538,8754,17.793798397293912,550.3854966868491,0,1,0.01689322145781845,0.08842264505725901,1,8,50,23,25
421565,8755,105.1429209760548,54.613515786288424,0,1,0.047248449156126235,0.023355914785986285,1,6,5,8,2
421585,8756,99.86527635065272,43.54757423877351,0,1,0.08084836518533063,0.04205214790404273,1,6,5,6,0
421650,8757,158.49843815837636,75.73846069530572,0,1,0.037593356286014255,0.03864462631161941,1,10,6,27,0
421668,8758,105.0880947752463,30.506285122526446,0,1,0.10221114064686859,0.042039406680575,1,6,4,3,4
422168,8759,-2209.319348095622,9184.860496265697,0,0,0.004770061110787016,0.12056537992164156,0,5,850,9,25
422239,8760,-54.30688222122559,644.1163820454211,1,1,0.0111423621761482,0.1762374777853519,0,7,55,2,18
422288,8761,164.26728441323323,47.13256402056743,0,1,0.034447936389571485,0.01960631616233181,1,10,5,8,15
422301,8762,33.352952899264636,72.8411994861171,1,0,0.02380625902045106,0.05833834392529331,2,4,4,0,0
422379,8763,30.17753996464624,441.63957518403794,1,0,0.024076014678547825,0.04577197419094742,2,9,35,26,7
422435,8764,33.88184123917427,327.5159502219974,0,1,0.025911725131019008,0.12292228120134766,-2,7,27,16,5
422935,8765,-2330.214070179461,9695.77519352906,0,0,0.002063016893525191,0.131633059189835,0,7,897,16,8
423435,8766,-2209.9229605855367,9107.200800809827,0,0,0.0055972989311073255,0.1163530100673159,0,5,843,12,0
423492,8767,127.17655678442415,47.12212634029768,1,1,0.055073370634634605,0.010684914412521406,0,11,5,15,22
423549,8768,92.65930163218208,85.66922093061909,1,1,0.025422006111109896,0.017348286789075858,0,8,8,10,9
424049,8769,-2237.8304718464387,9496.701000986748,0,0,0.002502328038405568,0.12727717996504156,0,12,881,11,13
424099,8770,82.00045916964964,78.40002965106692,1,0,0.029990282702908676,0.023854913077369498,-1,7,5,12,9
424133,8771,55.63012587614067,80.87509354262296,1,0,0.04946408035374,0.01804182279312257,-1,6,6,8,0
424167,8772,84.35462736497726,83.06878586088455,1,0,0.025635734014481434,0.030170073995792877,2,8,5,5,14
424208,8773,128.9423624582959,60.276034616356625,0,1,0.04837167241327447,0.061664624531734824,1,8,5,19,5
424252,8774,89.16236503769514,116.3176690895229,1,1,0.0962806018937396,0.060639927250549404,0,10,11,12,14
424332,8775,-48.35813757977323,803.0237603437951,1,1,0.019338012996319272,0.16101743751752326,0,12,71,26,22
424350,8776,107.1238809785078,30.952825913349454,0,1,0.03294454566954824,0.04323179267861883,1,7,4,1,0
424478,8777,-258.30440543194317,1532.3738205984428,0,1,0.0256197066582986,0.12027429100392693,-2,7,139,19,27
424511,8778,142.83173803417185,25.854297698193356,0,1,0.050045169738132174,0.0268495936801613,1,9,4,8,19
424527,8779,86.075741434719,34.04615846000638,0,1,0.03167213815559257,0.035568100756428925,1,5,4,2,0
425027,8780,-2264.6824395684025,9355.065584744689,0,0,0.001724849592708645,0.1199924854334717,0,7,869,15,24
425527,8781,-2044.673017064477,8834.192087921867,0,0,0.00284557147176344,0.11282629062079011,0,12,822,13,44
425550,8782,101.75187904385992,43.9536474290862,0,1,0.03757955595217127,0.028715898206664908,1,6,5,0,0
426050,8783,-1786.2995853581524,8197.852804683718,0,0,0.006055064921652143,0.11075535793942855,0,18,759,30,32
426550,8784,-2218.1121213818906,9282.73745592992,0,0,0.002500531732268478,0.12162478213459949,0,9,860,49,16
426566,8785,63.220938367190314,38.203895086255145,0,1,0.03879585314255758,0.029720482826782704,1,3,4,0,1
426641,8786,14.618189766439698,571.1654123193576,1,1,0.016432879451821807,0.09073458959905006,0,13,53,16,14
426682,8787,89.66917757956105,39.97380160034585,1,1,0.03337787834058445,0.04221090822861139,0,8,4,7,12
426812,8788,-47.53094597436569,1134.476374911292,0,1,0.017790500413162453,0.12020995304742128,1,13,100,34,35
426866,8789,104.22183993438807,111.09673578306904,1,0,0.027440488786367276,0.05585005556547623,2,10,7,19,21
426935,8790,-27.560991706751913,596.7319354265461,1,0,0.011130582114113993,0.0932020546136831,2,8,50,5,14
427435,8791,-2114.2470889630144,8761.091804323709,0,0,0.003961563561209186,0.10601765726934889,0,5,815,0,31
427464,8792,91.82953046632466,60.10763949224983,0,1,0.03565604249302762,0.025532557862473517,1,5,5,3,0
427485,8793,80.5244981564437,52.27148033551353,0,1,0.036686969136760436,0.031855682261674866,1,5,5,8,0
427522,8794,116.04221107693833,43.85739581348575,0,1,0.06399600049774964,0.031675846072277566,1,7,4,25,0
427582,8795,141.97662474422654,163.7457792842497,0,1,0.03460087122427684,0.10677771057240347,1,10,13,7,18
428082,8796,-2101.0824758022063,8950.57665950057,0,0,0.005302898019561581,0.11496284210152602,0,10,831,15,37
428108,8797,117.4607828744865,44.15602588223144,0,1,0.03347025722313239,0.026023323332551054,1,7,5,7,0
428231,8798,233.2035195601927,49.367857132304366,0,1,0.018169749376734042,0.034256786903201615,1,11,5,5,89
428731,8799,-2152.9376695801975,9136.409723900777,0,0,0.002920477820022891,0.11773543332517038,0,11,849,16,33
428756,8800,87.72470425923302,49.73726754746183,0,1,0.10877057312320053,0.038010911021015246,1,5,5,11,6
428833,8801,-10.283823137405959,665.874421089802,0,1,0.01938176949457821,0.12517085310924972,-2,10,59,13,9
429333,8802,-2115.608688686247,8979.567563592893,0,0,0.0018308582659012247,0.11640394326208858,0,10,834,20,29
429422,8803,-8.211930195367692,829.8779515032807,0,1,0.10005377232390666,0.09710840549624214,1,11,77,6,21
429922,8804,-2132.984688846277,9042.918132297387,0,0,0.0025437800679042584,0.11630609185640449,0,11,840,20,27
429995,8805,-91.24183531542369,704.0426378182874,1,0,0.010559198808000915,0.1465785711629601,2,5,56,17,10
430075,8806,88.30555506616028,65.22317295201866,1,1,0.022646858961435305,0.05409958740101001,0,6,5,17,35
430117,8807,79.39334646420392,90.86048050353894,1,1,0.027547694506644103,0.04862395940041984,0,8,9,7,12
430617,8808,-2392.3761448534647,9503.143739646213,0,0,0.0022456518279395797,0.09128670575761949,0,4,894,20,0
430634,8809,97.84915939183048,33.05285779588976,0,1,0.04867141975228796,0.04399144948098658,1,6,4,2,0
430672,8810,127.24652041532721,52.574951016352145,0,1,0.025130440250881226,0.03934189714354722,1,8,5,8,0
430697,8811,102.22882417254354,53.621699399146046,0,1,0.05380542241379104,0.025562876988057433,1,6,5,5,0
430797,8812,-5.393830555699182,842.140221568212,0,1,0.018285441652536094,0.12278240202315675,1,12,75,24,26
430839,8813,129.80998700863387,59.01733163585824,0,1,0.1154709288178446,0.041277809799732355,1,8,6,20,0
430859,8814,105.27441434631933,33.66369724437244,0,1,0.044859156389078544,0.023897428579022047,1,6,4,5,0
431359,8815,-2249.417095387721,9412.544270307464,0,0,0.002624856327797737,0.1231531502840027,0,10,873,2,9
431372,8816,18.53519234660089,62.85458692260639,1,0,0.018441408585503718,0.047630948392224585,2,2,2,0,0
431385,8817,28.0239698889181,64.33777953344224,1,0,0.03014661710690111,0.06998344347626145,2,3,2,0,0
431393,8818,59.59377742091122,1.7662520529377623,0,1,0.023975330170920708,0.027565470709910004,1,2,1,0,0
431454,8819,121.85446093760699,111.08450175254535,1,0,0.03252400610419335,0.033216551371226914,2,9,5,4,12
431526,8820,126.18426487665111,62.34407512815682,0,1,0.013106063777234953,0.032108525686623944,-2,9,7,9,41
431548,8821,112.00723789510607,62.55000411971215,0,1,0.08681813170831473,0.04391138825847605,1,7,6,5,0
432048,8822,-2267.583190135819,9359.085190824328,0,0,0.0023539717606835047,0.11951576109250417,0,8,869,17,17
432157,8823,-96.08924028156719,990.3035485411135,1,1,0.023119876712995053,0.13943082229444934,0,10,86,14,9
432168,8824,64.28761066255184,11.609349275735369,0,1,0.028488585878485108,0.018101266920474233,1,3,2,0,0
432200,8825,109.74866128298146,33.05042288367783,0,1,0.03111815751652571,0.015283552581234103,1,6,3,4,1
432209,8826,60.35700617580761,6.338512366576149,0,1,0.023443039589377067,0.02213509959389108,1,2,1,0,0
432227,8827,30.055302668369407,71.55507618490813,1,0,0.01887017503607995,0.023550140582142838,2,3,3,0,0
432292,8828,132.03416088180728,234.05623153102925,0,1,0.03545783873501206,0.10480952457914332,1,11,20,18,29
432420,8829,-341.3524758658712,1840.7709209488175,0,1,0.00701145462638995,0.12864263987967284,-2,8,169,23,12
432920,8830,-2246.5806293840874,9391.203920288383,0,0,0.0026576582266348518,0.12409532243928108,0,11,871,39,19
432942,8831,88.19821962535416,41.763880845380406,0,1,0.023160256356087414,0.026851248551707806,1,5,4,0,0
432955,8832,18.423373554069784,68.52906603119209,1,0,0.03523319832788345,0.05673340402166337,2,2,2,0,0
433455,8833,-1841.7684512872743,8282.407378609496,0,0,0.0037569326006347496,0.10941181748684099,0,17,770,33,66
433955,8834,-2189.433148778785,9272.842888697358,0,0,0.0024540380104389617,0.12092118300201851,0,11,861,16,23
433964,8835,57.26809148013151,3.054000921586969,0,1,0.030652139217550604,0.018247090256931824,1,2,1,0,0
433973,8836,58.95012558344653,7.656626510277448,0,1,0.02379681651937566,0.021284003494072962,1,2,1,0,0
