step,episode,reward_r1,reward_r2,falls_r1,falls_r2,hits_r1,hits_r2,winner
500,0,296.3211611768674,293.82382152170993,0,0,0.0022629045656099955,0.001702312488780589,0
1000,1,293.5823738168684,297.08855653646333,0,0,0.0012654680019432958,0.0013841418536973025,0
1167,2,134.8701791649254,83.57274501181574,0,1,0.012741263875553886,0.008595587100170044,1
1667,3,292.4025221646247,302.7624164238772,0,0,0.0021055712888665926,0.0026553696890637404,0
1843,4,139.25659847122398,93.83348497242264,0,1,0.011681301951713942,0.009875298897437266,1
2343,5,293.44893221172197,301.7137446272627,0,0,0.00274304460753773,0.003897835330611031,0
2843,6,285.33325493579366,295.8127060157551,0,0,0.001873634999909297,0.002215315509217553,0
3343,7,292.7792057417762,307.5587353902239,0,0,0.0023214857585537553,0.005386956330732356,0
3478,8,107.24234548723831,70.04994305142769,0,1,0.0050795903739735936,0.010947131519979324,1
3978,9,296.5475837249654,294.50982901501874,0,0,0.0029405962244793754,0.0026979019001352354,0
4478,10,298.8340026927531,299.1184610438839,0,0,0.002976126602877678,0.0036934635787229135,0
4978,11,286.7937726073389,300.95690780548995,0,0,0.0033163592462757655,0.00803802601640531,0
5318,12,238.02214759117643,175.6694223281159,0,1,0.0030626501676795257,0.001983119647003453,1
5818,13,289.4307585054973,298.67459179688313,0,0,0.001151359346963765,0.0041097222343838245,0
6318,14,296.33449890730003,286.0903356280732,0,0,0.0013120846720837938,0.0005021233674143758,0
6818,15,288.71351227962685,300.2148263335166,0,0,0.0023531338627024363,0.0024714670483785566,0
6971,16,123.05485068535563,73.767228159659,0,1,0.006737039341311845,0.004376814740639992,1
7471,17,296.34246318636855,303.5294950910057,0,0,0.002070288436692103,0.001635853815415016,0
7971,18,290.99647141215775,291.41344914696964,0,0,0.0019043261611929449,0.002559012301864877,0
8471,19,303.4913228942974,303.4562708462679,0,0,0.002660733935750422,0.0025055595139091853,0
8646,20,137.2243365665326,94.00692098012621,0,1,0.006481564385512115,0.007344416968791357,1
9146,21,313.54358508239835,273.51541890677015,0,0,0.00509368368975391,0.0025958868237562975,0
9646,22,277.7562562723681,344.43772897875556,0,0,0.0012258142435822678,0.013066550565031339,0
10146,23,299.21805918389055,304.24952366296185,0,0,0.001477636667161561,0.0014861852158013832,0
10333,24,104.91611875242452,141.92714072053053,1,0,0.007923428487866467,0.003778697472548599,2
10514,25,138.82224511781993,91.76840476721961,0,1,0.006656940545842633,0.004738390350463521,1
11014,26,291.195166236185,296.8063760659699,0,0,0.0019212301133589575,0.000753311680063652,0
11514,27,-343.8104472236492,1967.1465548192887,0,0,0.001151057228075883,0.4292479435290431,0
12014,28,-1681.3950568427933,5446.552106160229,0,0,0.0006820153674711872,1.3154063877340751,0
12514,29,-2530.0610393255956,7713.949658866316,0,0,0.0,1.8825498290645355,0
13014,30,-2655.224891048645,8029.51738478566,0,0,0.000667409627347484,1.9621703446833012,0
13514,31,-2051.5892542277065,6407.570408784435,0,0,0.0008794926802854206,1.5566205693230846,0
14014,32,-2669.8621657709896,8005.828764163775,0,0,0.00023346722763654943,1.9562849161454325,0
14514,33,-2158.671359363463,6710.147084116814,0,0,0.0,1.6338278218749387,0
15014,34,-2047.8869332337433,6386.560251796365,0,0,0.0,1.5507863000481468,0
15514,35,-2140.457943261549,6704.7307174325315,0,0,0.0,1.6319264073964284,0
16014,36,-2645.7802995706907,7977.531470739163,0,0,0.00045685416231502446,1.9490195121042098,0
16514,37,-2645.7748985325475,8003.6861876326875,0,0,0.0,1.955417881335374,0
17014,38,-2649.180580544886,7989.644948384818,0,0,0.00026436101384908075,1.952138206066756,0
17514,39,-2639.7900812974867,8004.513057346184,0,0,0.00045112029461273845,1.9559310499411071,0
18014,40,-2627.117166052207,7968.378045552411,0,0,6.781440397644069e-05,1.9465243636188339,0
18514,41,-2622.6919241026458,8016.439444457233,0,0,0.000175495877249135,1.9580641246499095,0
19014,42,-2639.6687447200175,7972.971739751694,0,0,0.0006441871927944246,1.9477581085762152,0
19514,43,-2638.320963611121,7996.741003975685,0,0,0.00011838027623625832,1.9532990692391834,0
20014,44,-2599.7658423928456,7871.706209427218,0,0,0.00012895099228981327,1.9217884791074045,0
20514,45,-2666.394142649162,7920.549912994403,0,0,0.00012081806585413045,1.9340050101449986,0
21014,46,-2559.586346074724,7757.904946041245,0,0,0.0006033950792187707,1.8937809073746246,0
21514,47,-2596.82676325312,7929.0937431163675,0,0,0.00018273743783916776,1.9356034052875444,0
22014,48,-2539.3839938678175,7727.712077728856,0,0,0.0008845583859323593,1.8859328155132442,0
22514,49,-2497.8938368207955,7535.898629002695,0,0,0.0,1.837308444056773,0
23014,50,-2578.419283805972,7824.577306262434,0,0,0.000743574350115507,1.9100311535693153,0
23514,51,-2570.0939016429425,7836.652167666132,0,0,0.0,1.9124945466491754,0
24014,52,-2602.680563358592,7901.304347630381,0,0,1.3677628264043035e-05,1.928829733724695,0
24514,53,-2592.801229663938,7881.719318482192,0,0,5.780592457458025e-06,1.9237044600843378,0
25014,54,-2496.8630171350196,7646.699765015952,0,0,0.0,1.864720292847964,0
25514,55,-2529.8890224573597,7736.6804466050735,0,0,0.0005210261837040657,1.8878121966916213,0
26014,56,-2483.445102515444,7768.857617198826,0,0,0.025175027716966523,1.9037276182041503,0
26514,57,-2534.1130325631934,7690.075512136427,0,0,8.477888215537203e-06,1.8758434321578923,0
27014,58,-2521.0185752487864,7689.532762783475,0,0,0.005722963231066509,1.8776661915161335,0
27514,59,-2484.0307584800958,7543.830384792603,0,0,0.00031038539028899225,1.8391611038941993,0
28014,60,-2420.9020499995386,7404.071162857364,0,0,3.480996407569748e-05,1.803932287338546,0
28514,61,-2505.2424858736304,7721.9571022243945,0,0,0.008848401670976648,1.886472646943698,0
29014,62,-2429.3059752037,7461.400824623095,0,0,0.0011274671281514227,1.8183154482219106,0
29514,63,-2368.269421636073,7289.622481204146,0,0,0.0024237233865808962,1.7759609440347237,0
30014,64,-2072.3059295729604,6452.709823400228,0,0,0.00021477412446641156,1.5654937192211795,0
30514,65,-2517.8793370102876,7709.252358693732,0,0,0.006735481048262994,1.882934779043237,0
31014,66,-2126.6839159440606,6657.488760140168,0,0,0.0008953089275038329,1.6169075781865148,0
31514,67,-2277.9088587694664,7053.976282290007,0,0,0.00017777536757074375,1.7163559769825825,0
32014,68,-2232.250060561799,6935.067804312605,0,0,6.796362020892142e-06,1.6859276990925387,0
32514,69,-2321.5470452533286,7175.73058690327,0,0,0.0001502950051922381,1.7463603228975608,0
33014,70,-2486.7787150642316,7621.322055400777,0,0,0.0006454671341806062,1.8581301985264491,0
33514,71,-2290.19225801369,7027.690231239447,0,0,0.0004744583390690266,1.709613582974184,0
34014,72,-2396.3804168221723,7346.4365506739705,0,0,0.0021724962381946926,1.7901312688207622,0
34514,73,-2401.5049019901044,7379.627150786938,0,0,0.00017968860092164787,1.798005254925769,0
35014,74,-2250.0350150203617,7323.0490468462995,0,0,0.04900082743114635,1.8011624836222917,0
35514,75,-2450.9807878735987,7469.982505154534,0,0,0.0008901770533817666,1.8203933309280746,0
36014,76,-2364.3093140052424,7249.314736678147,0,0,0.0,1.764766038487341,0
36514,77,-2237.052951459796,6899.66527060893,0,0,0.0,1.677100991507366,0
37014,78,-2322.8202613788535,7132.290042403903,0,0,0.00018532766096604998,1.7356858729928617,0
37514,79,-1774.6971837653246,5725.784556637472,0,0,0.0008396864337815781,1.3834679074946656,0
38014,80,-2281.9905246135722,7020.441968974967,0,0,0.0001670147119713163,1.7075462155240795,0
38514,81,-2461.9423931592323,7526.186373663361,0,0,0.00012352137250653728,1.8341689227968017,0
39014,82,-2212.4885220843125,6855.19412465095,0,0,0.0001871880533193209,1.6658579740547508,0
39514,83,-2370.677190356646,7266.154910182568,0,0,0.0,1.7689494375849006,0
40014,84,-1996.8815649800308,6284.916539729206,0,0,0.00044207121195235637,1.5231840382997033,0
40514,85,-2487.798221579706,7601.124345566923,0,0,0.00012427251592025918,1.8525638257298755,0
41014,86,-2202.7497819229466,6838.098290947331,0,0,0.0012542288862142207,1.661972493296258,0
41514,87,-2361.160544612916,7258.62612465639,0,0,0.0020334530369665853,1.7677758961191716,0
41641,88,-540.6059933165673,1743.6048709266006,0,1,0.004308831180016841,1.688581475432103,1
42141,89,-2378.9021623578824,7322.601843281745,0,0,0.0006101092391862284,1.7831150470821733,0
42641,90,-2534.0814864601825,7724.401988892959,0,0,0.00041394677724186646,1.8840600271380645,0
43141,91,-2513.5954561757867,7681.017266081808,0,0,0.0022464907572463896,1.8738044294662441,0
43641,92,-2558.092312627976,7772.090384012699,0,0,0.0021500789549263612,1.895758045937717,0
44141,93,-2452.6176216275126,7555.445056278978,0,0,0.018505091278058695,1.8483091978366728,0
44372,94,-1078.9154115230594,3470.8669137931215,0,1,0.03405680034641731,1.849185396017509,1
44872,95,-2471.9289913142766,7527.1825874309725,0,0,0.002732946943311489,1.8353924591073378,0
45372,96,-2339.911998201221,7182.701733623324,0,0,0.0059498726554263505,1.7500618616191692,0
45390,97,9.352523840770175,-2.183348277583539,1,1,0.10488484242486325,0.10716550518457965,0
45408,98,56.87683350660095,25.94379888852755,0,1,0.19835601473241432,0.33535050346106193,1
45908,99,-2381.0301600156017,7375.727076458337,0,0,0.010416535933927745,1.7998534086979643,0
46408,100,-2217.0969073027936,7526.5144023281255,0,0,0.08673953676658817,1.8638412640757278,0
46427,101,74.43053627182687,-9.030573397410325,0,1,0.21557875801143234,0.09857957238381278,1
46927,102,-2161.5444252883945,6832.476991280664,0,0,0.019901541619975073,1.6668918765127865,0
46952,103,10.116028874877028,-3.454202498272455,1,1,0.029058022340474724,0.03694601087907159,0
47452,104,-2471.077741513824,7445.184535694831,0,0,2.428812296968922e-05,1.8140221473262024,0
47952,105,-2487.383382556894,7575.250441717748,0,0,0.0008244369816165905,1.8467338634173018,0
47965,106,53.48708977116152,-14.197970779766683,0,1,0.03578828234223876,0.013464476922424235,1
48465,107,-2226.7518342118447,6916.56445284683,0,0,0.016266901332462273,1.6861841004912395,0
48585,108,-455.02811009110894,1542.6587199057353,0,1,0.019817363201984274,1.5795686809024378,1
48636,109,6.857421557210607,281.04440941176216,0,1,0.14511863446364184,0.7178098687958545,1
49136,110,-2428.4367348240603,7404.774190514207,0,0,0.007179847866657774,1.8049755901486004,0
49152,111,7.115451541410753,-11.694323698861472,1,1,0.030242747888688422,0.01455062034367722,0
49163,112,-0.6229249298005932,-14.989243434943752,1,1,0.013588130096337912,0.0143582994983167,0
49663,113,-1782.9333075031689,6761.544675716013,0,0,0.12768157326310198,1.6902629540626857,0
49677,114,4.47583483238509,-12.33156239563342,1,1,0.025912950293665252,0.021306167665229934,0
49689,115,1.514667240786757,-13.322881551042759,1,1,0.0072692471594420814,0.022577291478383565,0
49702,116,0.058953698176061664,-13.779351448833172,1,1,0.0014858486362229054,0.008934682838547914,0
49717,117,62.047681489340846,-7.954767381541959,0,1,0.17839121639583136,0.11217704023417487,1
49737,118,59.440158126517275,-14.728683032071926,0,1,0.11614447052461614,0.021015894844340945,1
49750,119,1.3802298921227276,-14.260559065524177,1,1,0.0104889747901879,0.006365999650116394,0
49763,120,0.025723481919996516,-13.063650987196421,1,1,0.0,0.011652533281533843,0
49789,121,48.41961045738528,-14.071289437429613,1,1,0.20839982848083624,0.03883373523055733,0
49807,122,62.26725810158032,2.508097145090698,0,1,0.14250942562850022,0.1447749229454827,1
50307,123,-2012.4590652578734,6606.532167824152,0,0,0.04125450766984945,1.6184195436018776,0
50807,124,-2076.25128717508,6655.496805620424,0,0,0.031044360859840595,1.6273769745449798,0
51307,125,-2243.2704837128204,6864.681860805492,0,0,0.00019473191277867699,1.6687095970456953,0
51807,126,-2274.383076871535,6978.076142622245,0,0,0.00427991129963282,1.697349252146339,0
51820,127,39.499660242562044,-10.827946778375344,0,1,0.006234660113723621,0.035088088551171674,1
51843,128,-27.499421246414947,123.20515593775357,1,0,0.0547776340027913,0.42221155765752394,2
51855,129,2.9890726245973234,-14.587816688518046,1,1,0.0440741228157532,0.018332854190423395,0
52355,130,-2537.5413202122745,7669.346644771175,0,0,0.003430990207606462,1.870791172662157,0
52367,131,46.8416133539438,-11.21074230045853,0,1,0.038287840836941485,0.0517564330045417,1
52381,132,72.18008689677313,-16.62123118488978,0,1,0.25036631147964084,0.07440594815381227,1
52881,133,-1048.966068028412,6198.3937158614635,0,0,0.2829069652490558,1.6072083795440975,0
52895,134,55.01768016822414,-11.209383040189865,0,1,0.08135020938682695,0.05986779139345096,1
53395,135,-371.34842598546123,6736.378482267705,0,0,0.5445239387703091,1.8404360946499747,0
53895,136,-2477.750708864462,7615.787066527446,0,0,0.011526293878863619,1.861097920593003,0
54395,137,-2366.1681888369258,7432.559684791048,0,0,0.024377465763034657,1.8199063098147117,0
54413,138,5.306817018707402,-7.209768682896605,1,1,0.04025769894097929,0.05055530799520835,0
54441,139,-55.97013589189757,197.05710596573795,1,1,0.11617414666669257,0.91802347884191,0
54941,140,-982.0068698431176,6277.317202815354,0,0,0.3124061788885648,1.6383101058028817,0
55441,141,134.02228706499207,6758.497535695317,0,0,0.6993243874321728,1.904450482490302,0
55589,142,262.621795041373,1578.645570718436,0,1,0.7320306786199449,1.5695025734333092,1
56089,143,-21.067212313823852,5169.049572968556,0,0,0.4715561937899678,1.4201998583032762,0
56589,144,-2161.019333304045,7437.972246111632,0,0,0.08449547142435165,1.8433590499852446,0
57089,145,1279.3302929965917,5988.274132738892,0,0,0.948272254047116,1.806294271390415,0
57107,146,-12.264320603518527,77.6888732672044,1,0,0.08915338679594383,0.25648690976208294,2
57118,147,6.115458458000596,-13.242388223045806,1,1,0.06414993244463135,0.04742114678028812,0
57618,148,1828.683883874276,5881.205932987632,0,0,1.0942513007130548,1.833167899445278,0
58118,149,4651.833174524651,4640.832226704562,0,0,1.7849607543131987,1.782438161275403,0
58130,150,1.018699922767805,-14.570774966496376,1,1,0.013426286201121575,0.010110882506940139,0
58630,151,4670.929375168345,4307.459626310552,0,0,1.7543374764520367,1.6872288582504893,0
59130,152,3813.4892415649,5396.848200476544,0,0,1.6225056229753811,1.9098574518994185,0
59148,153,-5.062567726206687,5.585931055342883,1,1,0.009759811140517534,0.014699667315950923,0
59648,154,3435.179434569228,4758.8033443658505,0,0,1.4421631863942315,1.6826582745587648,0
60148,155,4902.7498988886055,4281.914746158132,0,0,1.81961786016115,1.7055849126374227,0
60648,156,3572.7285338913994,5138.40158412464,0,0,1.5251395497073206,1.8085603987740657,0
61148,157,2933.9292904459976,5627.746137495092,0,0,1.3935370543659342,1.8820194094832825,0
61648,158,4837.92290099948,4484.571389236382,0,0,1.8224083403133406,1.7566543496886102,0
62148,159,3430.59212926126,5250.849847584435,0,0,1.4964646524803913,1.8264431797494407,0
62648,160,3061.8835590466792,4807.896356336713,0,0,1.3416366644651727,1.6571589179794917,0
63148,161,3601.2127126068995,4836.6203323869595,0,0,1.500340939023924,1.723544730622549,0
63648,162,7474.716989600984,-2467.5607716401278,0,0,1.8228110297292135,7.398105450320488e-05,0
64148,163,3782.7453037801424,5376.952946447939,0,0,1.6127022742143515,1.9016590195389693,0
64648,164,4413.1450453920825,4213.645954963503,0,0,1.668565540989815,1.6309926496576856,0
64680,165,362.07443860962286,-112.72008204419858,0,1,1.228985500130373,0.043342806171372955,1
65180,166,3059.6438729003203,5494.047052397437,0,0,1.4132487652712862,1.8556610575665466,0
65680,167,4759.587224652676,4221.93973430119,0,0,1.7706290002927596,1.6714576178786322,0
66180,168,4741.807217675101,4681.1572469893845,0,0,1.8143091317225881,1.8024458299008497,0
66680,169,4197.283545124353,4980.516812726335,0,0,1.6878234660205744,1.830289029437094,0
67180,170,4946.367009525029,3753.6633495621104,0,0,1.7719018833947378,1.5544325683587212,0
67680,171,5230.239395171455,3266.256960365279,0,0,1.8016098709044914,1.4421711516366504,0
68180,172,4903.057042457368,3360.3398422659743,0,0,1.7159809900287089,1.4327143908952176,0
68215,173,339.4042850214297,-40.39213432246065,0,1,1.1218997414726992,0.2861761533973808,1
68715,174,4323.639730690006,4927.012353363557,0,0,1.7200268207279061,1.8292407115360954,0
69215,175,4968.33022202793,3978.5779702226155,0,0,1.8041909442590747,1.6230578958996298,0
69715,176,5153.805259053616,3622.8442258154246,0,0,1.8174632137294187,1.5375864990531263,0
70155,177,4541.958129031832,3162.3661149023183,0,1,1.8096512406135281,1.5325177581274203,1
70655,178,5040.2002848018055,3812.517543494385,0,0,1.8055176972805507,1.5803583337942606,0
71155,179,5108.3893507858265,3618.136912397684,0,0,1.804652180135606,1.5329013848583453,0
71655,180,6348.78877505488,329.59589313564067,0,0,1.8028263379416787,0.6997797235909213,0
72155,181,7389.910574972438,-2410.5060698729276,0,0,1.7999841285035167,0.0011165327803415973,0
72655,182,7334.692167976363,-2393.0770960935647,0,0,1.786146931196846,0.00011088522401674575,0
73155,183,7407.339626398724,-2426.7084346238325,0,0,1.8042793388420724,0.00015348417985992278,0
73655,184,4964.673857974825,4002.387122107133,0,0,1.8049455711514981,1.6295216066018707,0
74155,185,4908.130496718335,4144.829097974241,0,0,1.8025149354822558,1.6628536634115307,0
74655,186,7341.998868196239,-2404.871155135539,0,0,1.788064371428202,3.269059537636882e-05,0
75155,187,7391.438548029222,-2421.466980727185,0,0,1.799973939390589,0.00012585720294321708,0
75655,188,5051.959307210517,3799.110134072067,0,0,1.8066768737827987,1.5772863482973953,0
76155,189,5354.850307591775,2934.8286377800127,0,0,1.799404660110497,1.35572302143794,0
76655,190,5133.6199789452,3529.9106706843127,0,0,1.8009605330766758,1.508035494642516,0
77155,191,4864.844867120505,3587.3140312894257,0,0,1.7294664812399403,1.4969978707349856,0
77655,192,4424.186444053384,5194.847749668411,0,0,1.7782081418104045,1.9183505851055034,0
78155,193,4611.0511617028415,4873.031853276771,0,0,1.7960301693440242,1.8441066944927023,0
78655,194,4706.943571111611,4554.043560151725,0,0,1.7887838866579964,1.761868033839763,0
79155,195,5324.48605234517,3079.785048446457,0,0,1.8085161055206018,1.3997206254915435,0
79655,196,3342.8894634132644,5099.132885374562,0,0,1.45223022105367,1.772278777531343,0
80155,197,4567.63548845387,4960.507852838835,0,0,1.793282134609056,1.8650126616310465,0
80655,198,4378.180492407386,4664.047502038147,0,0,1.7066207030677287,1.7590487679011517,0
81155,199,4750.799430141518,4433.853855708732,0,0,1.7893280404928815,1.7317789814404687,0
81655,200,4516.687532886113,5060.76327548778,0,0,1.7902349412088336,1.889508298025542,0
82155,201,4608.753813994143,4579.437384441604,0,0,1.7643186685248826,1.7587831450145959,0
82655,202,4540.581035192743,4998.2884812239745,0,0,1.7914960176121177,1.875723295880271,0
83155,203,4456.156190702031,5116.13756346814,0,0,1.7786418498415544,1.8985930981658672,0
83655,204,4532.9674984267485,5090.437196487537,0,0,1.7983107830389655,1.9000646903929743,0
84155,205,4680.499192271438,4733.218166782179,0,0,1.8024919174244238,1.8120034565155922,0
84655,206,4702.50879773022,4596.8052900937255,0,0,1.7947708772718987,1.775045003044909,0
85155,207,4451.052905731023,5066.281329674153,0,0,1.7731433109143047,1.8857338438412883,0
85655,208,4527.56209330862,4934.386174911493,0,0,1.7799576264156016,1.8541106090923924,0
86155,209,4591.326868806411,4902.208552605144,0,0,1.7954946834028584,1.8517535545900503,0
86655,210,4396.210429664184,5101.595288249713,0,0,1.7590554581500553,1.8878859709254001,0
87155,211,4557.498443418576,4932.142933065384,0,0,1.7888794790786293,1.8566805426344932,0
87655,212,4522.20387040126,5069.062710991079,0,0,1.7931627450730139,1.892785932213154,0
88155,213,4353.458569700834,5162.089644028607,0,0,1.7529671580788404,1.900931610413785,0
88655,214,4514.293230517422,5057.7124656334645,0,0,1.7898220835662129,1.888710286588249,0
89155,215,4573.059004532888,5077.151773370794,0,0,1.8090856525506696,1.9007957527986927,0
89655,216,4645.788679223687,4761.513020682614,0,0,1.7956591518788423,1.8162613699127985,0
90155,217,4703.7207068135895,4562.124519120209,0,0,1.7908032060137975,1.7644976862939954,0
90655,218,4534.7395379488735,4966.207184276842,0,0,1.7866573915617001,1.864124603222712,0
91155,219,4467.811184468074,5183.86996329767,0,0,1.7903459320746882,1.9204041854843996,0
91655,220,5294.934110917919,2674.8625676533684,0,0,1.754105557746644,1.2740907012744132,0
92155,221,4435.486109722164,5142.3124468718115,0,0,1.7757450185543884,1.9040510276548908,0
92655,222,4574.16302210455,5060.405888133197,0,0,1.8065357356122724,1.8953418170329497,0
93155,223,4437.792017001928,4762.003880579285,0,0,1.7347419416646441,1.793361578104041,0
93655,224,4716.2814421813455,4653.756863773608,0,0,1.80362343149319,1.7926719679701653,0
94155,225,4659.363261069366,4791.715749020307,0,0,1.8028627427227972,1.8269863041267669,0
94655,226,4388.44410172668,5062.572280359823,0,0,1.753196676639726,1.875730921766455,0
95155,227,4614.522787382192,4827.798581924661,0,0,1.7928185985682747,1.8321994049836339,0
95655,228,4773.663271820116,4331.082503663567,0,0,1.7848258949740046,1.7045700119369904,0
96155,229,4611.389802461807,4820.57134103913,0,0,1.7916359288316017,1.8296475788430302,0
96655,230,4538.569405249159,4847.310351960253,0,0,1.7740719739279633,1.8296637800448754,0
97155,231,4632.590519185955,4842.24557687678,0,0,1.800417827294921,1.8384908233001498,0
97655,232,4345.352851165029,4883.505805877943,0,0,1.7209802381320054,1.8182905379343506,0
98155,233,4384.188546333096,5061.535811252938,0,0,1.752733715228224,1.875217985892124,0
98655,234,4597.627242762855,4767.417493126778,0,0,1.7816659818846932,1.8122183374865168,0
99155,235,4588.629882563433,4856.185635221493,0,0,1.7882835213881523,1.8368132403693653,0
99655,236,4355.2393579590225,5092.843547393019,0,0,1.74688107266637,1.8805126677518256,0
100155,237,4502.081388483771,4946.995800745035,0,0,1.7735456778301733,1.8543333131973105,0
100655,238,4689.6524628240695,4636.700213948741,0,0,1.7938715397761527,1.784191550717028,0
101155,239,4353.259919831234,5067.754127517992,0,0,1.7441956409393522,1.8735460072176884,0
101655,240,3917.6657241522075,5251.831408222682,0,0,1.6352886195727456,1.878515597771117,0
102155,241,4896.613562887008,3307.0240810265454,0,0,1.706405169526769,1.4134775180625225,0
102655,242,4439.086386215269,4904.934455173003,0,0,1.749229780159197,1.8345040246960365,0
103155,243,4453.363550715864,4972.032455681067,0,0,1.7618700970809456,1.8559207588703766,0
103655,244,4521.268523986257,4679.801079806166,0,0,1.749494371156609,1.7780489343112373,0
104155,245,4342.337557850661,4918.195039529732,0,0,1.7234311267977456,1.8278854908101858,0
104655,246,4428.761590633003,5040.450172321969,0,0,1.76219911116612,1.8731679215926609,0
105155,247,4424.828654976054,5006.810448773844,0,0,1.7563855336169119,1.8627672043769072,0
105655,248,4500.575105850898,4810.486371602681,0,0,1.7575612636478664,1.8135624867664817,0
106155,249,4290.565872604758,5179.694308388999,0,0,1.7371613513794875,1.898826276162619,0
106655,250,4849.0410655093265,3949.7928516916445,0,0,1.7643306454439418,1.600199933266629,0
107155,251,4186.520070046644,5270.936445054649,0,0,1.7170293139836321,1.913853275614072,0
107655,252,4355.638499772792,5138.412523493473,0,0,1.751784482887019,1.8936677722834525,0
108155,253,4406.432608838525,5063.2155028246425,0,0,1.7587416033382077,1.8777306506134428,0
108655,254,4450.527694903051,5049.0908517538355,0,0,1.7694027305665858,1.8789513641055358,0
109155,255,4104.920824562752,5219.119812232706,0,0,1.687226546543522,1.8896338916206261,0
109655,256,4585.329332298773,4717.429747354688,0,0,1.7712339322067026,1.7960382240801245,0
110155,257,4387.527465144928,4885.760413749328,0,0,1.7330502019649077,1.8236154477210553,0
110655,258,4675.744748060577,4566.301832216336,0,0,1.782153972915138,1.761654205620879,0
111155,259,4306.669028163632,4948.181521655677,0,0,1.7157987259907035,1.8327319569591214,0
111655,260,7328.0316675817685,-2389.4373939992356,0,0,1.7841782580052263,0.0003104438941729033,0
112155,261,4511.100245798578,4978.414105656823,0,0,1.7779180877060115,1.8636144937507884,0
112655,262,4475.057460095743,5074.531810267276,0,0,1.7791859452002563,1.8882136355281955,0
113155,263,7229.2497101147255,-2357.942515763327,0,0,1.7598873988186379,0.0006059563130727187,0
113655,264,4416.190566966915,5134.130130737796,0,0,1.7691714046679203,1.8997341062392568,0
114155,265,4463.323517030572,5031.539416521719,0,0,1.770862801509429,1.8745610044118328,0
114655,266,7155.921005963999,-2327.8304004519237,0,0,1.7417732318012773,0.0,0
115155,267,5057.3793019377945,3582.222933292286,0,0,1.7834381052684676,1.5122675405129509,0
115655,268,4605.875815064405,4507.234231724637,0,0,1.7534847360116883,1.7350671366075308,0
116155,269,4434.251703128147,5091.0559981230535,0,0,1.7683595257217442,1.8883888150300139,0
116655,270,4512.730984255518,4930.302432367417,0,0,1.7742754742807247,1.8504441685468969,0
117155,271,4548.889890859679,4717.362055240439,0,0,1.7609840687716964,1.791615602994107,0
117655,272,4510.438739950024,4890.035938218476,0,0,1.7692628548282572,1.8386055731913606,0
118155,273,4391.895156054972,5010.401310086728,0,0,1.747915345572843,1.8604726510614729,0
118655,274,4497.212721778194,4907.8649865097905,0,0,1.7674642535812235,1.8426566837148133,0
119155,275,4670.71175910367,4551.502924986994,0,0,1.7782215839744289,1.7568244460264306,0
119655,276,4651.396940594975,4331.621317224179,0,0,1.748573274096609,1.6909976547288696,0
120155,277,5374.82416328236,2304.682040742189,0,0,1.7358757969045877,1.17393657431971,0
120655,278,4795.799251764126,3883.560282983268,0,0,1.7406318156395444,1.5741376636980837,0
121155,279,4492.951860913349,4586.885633436847,0,0,1.7292900969970124,1.7473830859184598,0
121655,280,4858.643436458491,3017.440831551165,0,0,1.6638193018244758,1.325077785571318,0
122155,281,4357.882202839591,5061.677584365826,0,0,1.742882528885868,1.8713339031063376,0
122655,282,4566.256686649416,4707.436935655861,0,0,1.7648486614441683,1.7909843607943459,0
123155,283,4375.530379648179,5147.524075350512,0,0,1.756802487074287,1.8982101525324777,0
123655,284,4371.258998222139,5178.777123085635,0,0,1.7604304541492128,1.9071528577084054,0
124155,285,4482.975836840129,4947.716644386556,0,0,1.7676087707335304,1.8521797219499585,0
124655,286,4273.909399769395,5175.47885147343,0,0,1.7314323201854125,1.895673931797268,0
125155,287,4579.585068687425,4856.402433220829,0,0,1.7850341294866545,1.8349916020180042,0
125655,288,5064.104624875214,3192.357577646757,0,0,1.7418593709607284,1.3978250734357056,0
126155,289,4400.906358298406,5042.042092904022,0,0,1.7536870422533823,1.870648175354255,0
126655,290,4377.391471043311,5079.324949800915,0,0,1.7509272135977667,1.8789680926271224,0
127155,291,4385.408391129155,4931.834472256406,0,0,1.73568837020308,1.8360678592352677,0
127655,292,4361.00013323333,5150.2453799834175,0,0,1.7533370455941244,1.8971519308780775,0
128155,293,5148.4913454403995,2982.102923453249,0,0,1.7437693473809424,1.3472382862279277,0
128655,294,4406.929254673814,4849.42885725544,0,0,1.733757719985562,1.8140506788182942,0
129155,295,4447.0933955872,4999.718818826591,0,0,1.7616631872893938,1.8631444247888076,0
129655,296,4546.485408984007,4844.377784654514,0,0,1.7737142609561551,1.8287103739787165,0
130155,297,7225.271625899911,-2348.7876987532873,0,0,1.7584277477706793,0.0006054501946744681,0
130655,298,4417.3775175348255,5154.344586049087,0,0,1.7712994589652074,1.9057119039473305,0
131155,299,4289.349389611257,5140.526352496652,0,0,1.731404401780934,1.886720956317172,0
131655,300,4428.95474456048,4940.058203342166,0,0,1.7505747244227452,1.8438597913605308,0
132155,301,4419.596201018981,4936.397391877688,0,0,1.7469938214156047,1.8417349047199907,0
132655,302,4436.32208803484,4803.531907039941,0,0,1.7373946333570172,1.804855818108794,0
133155,303,4312.4338004485735,5091.890246783076,0,0,1.7329716902168295,1.8750375714166165,0
133655,304,4208.104337954346,5134.849949885982,0,0,1.7063202009736975,1.8758168929627983,0
134155,305,4567.870898048353,4476.88014631582,0,0,1.739348005792484,1.7223443167284596,0
134655,306,4298.31743768483,5285.972120196288,0,0,1.7498103899529123,1.930156320465051,0
135155,307,4224.236170761034,5230.062593272454,0,0,1.7217185716245498,1.9053566845329128,0
135655,308,4426.603443215242,5032.3091221799905,0,0,1.7597212656671544,1.8701802594128911,0
136155,309,4572.840791392614,4653.049826253954,0,0,1.760441499973644,1.7757035410687054,0
136655,310,4360.145541474496,5194.978810831817,0,0,1.758095632430815,1.9101741627132027,0
137155,311,4636.2669341689725,4399.11191423869,0,0,1.7504063480463266,1.70692897663399,0
137655,312,4458.620624612599,4597.038933283312,0,0,1.7209977753367625,1.7468539237090852,0
138155,313,4608.133775881084,4609.585324247967,0,0,1.766354206161973,1.7666264695606688,0
138655,314,4461.829421249616,4854.973982426546,0,0,1.7503262739008523,1.8213972705259716,0
139155,315,4781.9827814633745,4013.1908067486984,0,0,1.7503944149099266,1.6106712905991623,0
139655,316,4174.19181939606,5243.7635041935955,0,0,1.7087268810364264,1.9039123620793894,0
140155,317,4329.946710177017,5144.69510067177,0,0,1.744031984170285,1.8929799831521634,0
140655,318,4413.392083783248,5117.331366013246,0,0,1.7644643835270994,1.8934695404939328,0
141155,319,4562.018180458483,4348.3623544508055,0,0,1.7233958128056932,1.6856396794370836,0
141655,320,4293.532054815112,4678.505196045616,0,0,1.6811287779459536,1.7523473925800646,0
142155,321,4243.780418738062,5244.61489087845,0,0,1.7291443416407235,1.912239202919085,0
142655,322,4436.702686272994,4965.324032438575,0,0,1.7552367921654541,1.8519215421145185,0
143155,323,4392.671595215496,5052.864076749978,0,0,1.7516976475690043,1.872430258396369,0
143655,324,4500.346471554997,4967.738875801149,0,0,1.7734843993132365,1.8593881466919,0
144155,325,4395.7991929718355,4923.602869718493,0,0,1.738105951802723,1.8347806748904882,0
144655,326,4379.282859182146,4800.724423279573,0,0,1.7194406710539338,1.7970841935409816,0
145155,327,5481.352766328835,2004.693274715308,0,0,1.7323811147378705,1.095153842755884,0
145655,328,4466.949022061411,4898.7439946559025,0,0,1.7558163022433855,1.834999320003349,0
146155,329,5474.951289210456,2346.388670929302,0,0,1.7675436316054043,1.1925209111560535,0
146655,330,6095.359528208433,723.9316686464697,0,0,1.7698999810823273,0.7843895987712269,0
147155,331,5411.580093114044,2346.3261331145886,0,0,1.7490358075697632,1.185077071225824,0
147655,332,7226.6521218386715,-2352.2557890353346,0,0,1.758102630594551,0.00016826927718271593,0
148155,333,7303.768725431923,-2208.9819692244146,0,0,1.7960276271386422,0.048381017662177214,0
148655,334,4685.212847627835,4462.775787629789,0,0,1.7715315453802607,1.7306623691502434,0
148678,335,-3.688870234713338,186.80425065172395,1,0,0.36719543825567824,0.8975872300242174,2
149178,336,4613.900211576669,4373.9741670221365,0,0,1.7412220703174195,1.6978753287536787,0
149678,337,4197.652450774887,5305.316839589793,0,0,1.7214342347173084,1.9244423477308736,0
150178,338,4471.1390920675785,4853.326872447319,0,0,1.7518440406811915,1.8221775572954706,0
150678,339,4404.773923129381,5029.780948456386,0,0,1.752954201288079,1.8669139378081505,0
151178,340,4551.478381429457,5024.492807737806,0,0,1.7945955079167113,1.8816038184700048,0
151678,341,4496.842626825711,4803.38368231568,0,0,1.7544731228026613,1.810855539367037,0
152178,342,4414.494193676145,5197.574083327578,0,0,1.7737899237163801,1.9172260583808256,0
152678,343,4270.936181102365,5300.511579734929,0,0,1.7431371783149554,1.931319741434304,0
153178,344,4119.166284643141,5120.724210774689,0,0,1.6790974667613434,1.862017381298903,0
153678,345,4359.61057953731,5109.756203751972,0,0,1.747881716770391,1.885274041498538,0
154178,346,4411.286739999009,4836.216014941791,0,0,1.7322354083159561,1.8103764297776566,0
154678,347,4368.469302512041,4931.321934624246,0,0,1.73038163323725,1.8336996991196655,0
155178,348,4225.811565837082,5266.996051145965,0,0,1.7265060840434665,1.9165539329973291,0
155678,349,3973.8885277980676,5273.601666867934,0,0,1.6547843315248338,1.8913915268517378,0
156178,350,4293.500734874703,5087.616800104335,0,0,1.7268528761062818,1.8717426578270377,0
156219,351,195.66866697606994,305.31349149115374,1,0,1.0407170897422748,1.1728375097245836,2
156247,352,65.08566174706746,181.29784686547856,1,0,0.6380105148498224,0.8229619488472653,2
156274,353,38.28661184895728,185.9981146433479,1,0,0.5283610986360274,0.8318107507503435,2
156303,354,-22.298963359359686,273.020226422947,1,0,0.33731841430809945,1.0867501391082641,2
156803,355,4325.475590527059,4990.423839219389,0,0,1.7248802159515637,1.8465250228287409,0
157303,356,4270.361006241428,5254.166061335806,0,0,1.7377053666837108,1.9180363843038226,0
157803,357,4494.644302685538,4679.530551577897,0,0,1.740328030752262,1.77423129838083,0
158303,358,4345.008214636575,5251.360933145796,0,0,1.7592052978168249,1.9250037959228545,0
158803,359,4980.057587156824,3762.6635210128616,0,0,1.7803550966523072,1.5582430360631312,0
159303,360,4143.168843565425,5279.544790877443,0,0,1.703473061059194,1.9108833919717627,0
159803,361,4437.214978548809,5023.058229883021,0,0,1.7613316843162488,1.8685291217634465,0
160303,362,4427.611266656884,5011.985341344818,0,0,1.7567166834951449,1.8644668845320147,0
160803,363,4438.812228937178,4719.679493036836,0,0,1.7285155845210243,1.780182830953891,0
161303,364,3406.0356919885194,5388.5213053132,0,0,1.4993820563843514,1.8613683932608498,0
161803,365,4263.094356077216,5116.240646602483,0,0,1.7201635249195326,1.8761835764504395,0
162303,366,5506.713732661357,2570.7319797542687,0,0,1.802722915527237,1.2646780032583536,0
162803,367,4481.737910004046,4422.481133950112,0,0,1.7060640321674245,1.6946958949369866,0
163303,368,4394.580634198955,4928.423111956128,0,0,1.7379212927487966,1.8359211587441402,0
163803,369,4560.201297760338,4812.609640300869,0,0,1.7737606884086505,1.8205066771044012,0
164303,370,4409.080781329493,5143.600406929122,0,0,1.7659590458261567,1.9002688424118743,0
164803,371,4562.785264993987,3922.461637172617,0,0,1.675306902535252,1.5573094271855157,0
165303,372,4110.509249455552,4907.726472931169,0,0,1.6517942572023439,1.7984985156325164,0
165803,373,4040.3321417994116,5340.033584184134,0,0,1.679223966554614,1.9174072822779538,0
166303,374,4068.756037155761,5332.260781677538,0,0,1.6870327068301323,1.9180017038777042,0
166348,375,-33.773761566092666,476.93306306963706,1,0,0.40285750512781826,1.3346615632828587,2
166384,376,-58.75870659879754,364.06643902305643,1,0,0.26108532721266375,1.2000439949407269,2
166884,377,3779.229506307989,5297.9288289355,0,0,1.5969728871969764,1.8750843751263075,0
167384,378,4145.466678471639,5130.884399118953,0,0,1.6870326473598383,1.8669987816727491,0
167424,379,-11.77184921815148,412.67636314949135,1,0,0.4539713868719339,1.2932930823779356,2
167924,380,3882.584110861347,5374.503074069666,0,0,1.636919011263133,1.9096178405841393,0
168424,381,4170.248749389804,4947.0489270944945,0,0,1.673895695273166,1.816397627272057,0
168465,382,-21.26570158311693,404.24122474059936,1,0,0.3918123943200371,1.2110537487352249,2
168503,383,-30.57497980271446,384.3618177872696,1,0,0.3724277414291665,1.2392404568599087,2
169003,384,4164.042724193348,5239.73178398839,0,0,1.7046635155914611,1.9011538496132034,0
169051,385,-178.3690662357656,558.9415314573118,1,0,0.0244659602980508,1.331536385347629,2
169551,386,4099.880703061467,5256.466157110055,0,0,1.686594329117876,1.8983270164069044,0
170051,387,4339.013785892919,5175.354134642512,0,0,1.7487962551787477,1.9019581828546617,0
170551,388,3907.376095785586,5286.358655555742,0,0,1.6350580087920255,1.8868447673538145,0
171051,389,4243.080461730323,5196.14181266209,0,0,1.7231474387546755,1.897736201521312,0
171551,390,4546.50275057077,4843.287401932802,0,0,1.7728175332785159,1.827409096211936,0
172051,391,4577.125939903647,5009.334635861908,0,0,1.8001343757316628,1.8795669424460493,0
172551,392,4229.740571789029,4979.75135151654,0,0,1.6953762906569567,1.8330284178915637,0
173051,393,5720.537919145852,1555.2151098648808,0,0,1.751677685150162,0.9887707995047257,0
173551,394,4764.281326087318,4118.911306381184,0,0,1.7558800886179546,1.637444809249871,0
174051,395,4976.649818970849,3327.3466412003277,0,0,1.7299675194361719,1.427623701126619,0
174551,396,4468.228011753353,4943.0857683357835,0,0,1.7605446107932505,1.8477043190354516,0
175051,397,4884.491080613715,3662.135642764095,0,0,1.7402645395917877,1.5167732848834519,0
175072,398,62.27324497653037,-6.527558766150465,1,1,0.4250793415630644,0.18628486018217746,0
175572,399,5566.489295528735,2080.4073582281926,0,0,1.7644671863939918,1.1257961564952033,0
176072,400,4749.421502405282,4341.4217888689545,0,0,1.7765088227113939,1.7024922853510478,0
176572,401,4345.688200939892,5206.730793579568,0,0,1.7538511227013733,1.9114974069611317,0
177072,402,4450.196630687553,4787.629128473508,0,0,1.7384112689980278,1.8009472676662974,0
177572,403,4405.0634554819035,5152.171304739777,0,0,1.7652806391411375,1.9025031330930156,0
178072,404,4489.62173794735,5101.720038367804,0,0,1.784982452198164,1.8970926351708222,0
178572,405,4420.166590946237,5111.66941148492,0,0,1.7658662952408846,1.892646847830311,0
179072,406,4508.486783095173,4943.793151880713,0,0,1.772733716991651,1.852921577217361,0
179572,407,4454.2676511660475,5071.78913211006,0,0,1.7710074267964984,1.8842540849211171,0
180072,408,4467.39747468833,5100.083114375677,0,0,1.7772331334572313,1.893706052001359,0
180572,409,4559.312487983098,4758.377524822398,0,0,1.7675821715600322,1.804510446697862,0
181072,410,4579.300319474142,4926.74143395659,0,0,1.7913330782082388,1.8556400027146516,0
181572,411,4202.4760150581515,5147.585461105849,0,0,1.705516056149139,1.8783619831356264,0
182072,412,4241.731966847321,4335.80438959913,0,0,1.6271965682690492,1.6445949453562068,0
182572,413,4578.616035280606,4899.522850286852,0,0,1.7877388136613646,1.8478480204476,0
183072,414,5264.965202814675,3087.0358830453815,0,0,1.7882470122650822,1.3892603897374527,0
183572,415,4219.492592175365,5047.0101698641,0,0,1.6991336011009683,1.8508873757767532,0
184072,416,4572.259402506264,5054.073798869597,0,0,1.8029767966857806,1.8918609446665933,0
184572,417,4462.786651342954,4995.825632516036,0,0,1.7649229586780812,1.8630965280482104,0
185072,418,4356.916293349668,5124.023628627416,0,0,1.7484146619937697,1.889351743489099,0
185572,419,4648.239955256519,4597.446475144943,0,0,1.7743476448647024,1.765867489023789,0
186072,420,6018.312956548634,963.7031201244394,0,0,1.7740447172876208,0.849542883261909,0
186572,421,4489.6934224211545,4914.612932609274,0,0,1.7635227930496822,1.8418659927498562,0
187072,422,4187.371878590445,5142.667931944855,0,0,1.7003629977621697,1.8757661007164796,0
187572,423,4431.932371385318,5104.4014186245195,0,0,1.7673140343235247,1.8913650312475576,0
188072,424,4664.238736798192,4575.6080899409735,0,0,1.7782013792080946,1.7627156854732333,0
188572,425,4446.720612765619,5117.8949081733435,0,0,1.773321346831765,1.8967770160236064,0
189072,426,4383.561261676565,4991.765354561408,0,0,1.7414169183745851,1.8530723371699183,0
189572,427,4348.7048663951755,5185.108930288422,0,0,1.7524346774200958,1.9058871347226547,0
190072,428,4535.676788967634,4708.098213390506,0,0,1.7543171185410693,1.7866828365090415,0
190572,429,4215.519927334101,5086.738729575324,0,0,1.702664207951509,1.8623684596171872,0
191072,430,4276.081754364292,5064.175097160596,0,0,1.7177386083892605,1.8624592137961458,0
191572,431,4352.794646510907,5155.034279132397,0,0,1.750879626726656,1.8978833799865775,0
192072,432,4370.439632166554,5135.051631967391,0,0,1.7535567734261743,1.8932286253080912,0
192572,433,4287.9135780518845,4962.688804634404,0,0,1.7105142476592625,1.8343034788478518,0
193072,434,4436.2092058573635,4924.27856439051,0,0,1.7491611628946584,1.8391629880728992,0
193572,435,4267.095015043041,5220.941351414237,0,0,1.7317407275976548,1.9065586898062852,0
194072,436,4272.263186622833,5167.824600346362,0,0,1.7280259573016301,1.891864292991691,0
194572,437,4342.578288183406,5126.572879734899,0,0,1.743963945529845,1.8876232742901689,0
195072,438,4351.849637037874,4779.53448361747,0,0,1.708487004720208,1.7873922253249948,0
195572,439,4327.281719783358,5171.404901394717,0,0,1.7450567329311797,1.8994784000253084,0
196072,440,4051.072976293642,5242.262218091418,0,0,1.6726927810937224,1.8902195076321708,0
196572,441,4435.352785037375,4489.197782666565,0,0,1.7009454173194731,1.7114462294410315,0
197072,442,4345.359733231159,5126.084759240432,0,0,1.7453869857859994,1.8884200038003138,0
197572,443,4119.22002859283,5243.803672409757,0,0,1.6916628265017342,1.897659839645962,0
198072,444,4198.173145626971,5217.329172069876,0,0,1.7123924906197412,1.8984878402644192,0
198572,445,3941.401078029432,5285.309174990541,0,0,1.6441548777193686,1.8898511359793,0
199072,446,4094.81645027973,4929.256274981633,0,0,1.6500312392898118,1.803236511629491,0
199572,447,4162.877962341236,5232.734633870853,0,0,1.7031698145690723,1.8990065923136779,0
200072,448,4309.0571313940645,5059.595348150044,0,0,1.7270770925708403,1.8644592207701338,0
200572,449,4154.924639059999,5162.187122528716,0,0,1.6929171844342152,1.8774181659215046,0
201072,450,4338.621780411452,4811.483396058874,0,0,1.708369778428652,1.795378839731886,0
201572,451,4276.368549348021,5162.070736941529,0,0,1.7283341891402253,1.8910382786453104,0
202072,452,4599.437016520462,4672.351024145747,0,0,1.7694703381364125,1.783666321048256,0
202572,453,5199.80251086299,2873.673019192711,0,0,1.7456077775736103,1.3200012216422317,0
203072,454,4718.135885887308,4469.0211766440225,0,0,1.7809691804140142,1.7361290865218462,0
203572,455,4519.2772593799755,4965.920894564008,0,0,1.778052001632839,1.860457822611123,0
204072,456,5181.550724931842,3035.2503975095756,0,0,1.7580375568987472,1.3651164978858052,0
204572,457,3962.431516724096,5145.865705650188,0,0,1.6359009636276765,1.8520686553781043,0
205072,458,4531.8401640216125,4769.674374568249,0,0,1.7603851911184243,1.804665954975677,0
205572,459,4467.5454727939505,5111.60397834142,0,0,1.778781187163825,1.8972193724581923,0
206072,460,4842.522027612304,4153.55787731842,0,0,1.781949654616169,1.6564244596118878,0
206572,461,4416.71898529529,5088.971317617403,0,0,1.7612685415011153,1.884658215336586,0
207072,462,7330.839267983994,-2390.753739206278,0,0,1.7835866471519681,0.0005269301957963261,0
207572,463,4399.280163412138,4781.950930623376,0,0,1.723702766172142,1.7950080771914885,0
208072,464,4991.49518309078,3416.457216881144,0,0,1.7446601572219895,1.4571809790112187,0
208572,465,4586.656299241122,4921.366916160379,0,0,1.7920879471119,1.8547897351782814,0
209072,466,1611.2990160485945,5279.995805618568,0,0,0.9585560830551605,1.6295384259292365,0
209572,467,4603.276657658998,4764.310523702357,0,0,1.779968225136673,1.8100580564567923,0
210072,468,4645.890935854635,4727.765491906048,0,0,1.7887176364012005,1.8037555615191985,0
210572,469,4593.204017884331,4182.432332539592,0,0,1.7133353285238326,1.638063714110213,0
211072,470,3522.817687305916,5267.130396609719,0,0,1.5195406699985732,1.8388767025622914,0
211572,471,4486.618042670062,5145.056609299093,0,0,1.7888203195679262,1.9092460329816434,0
212072,472,4820.509932558736,4210.576284431884,0,0,1.7822598200308029,1.671598879911094,0
212572,473,3750.376504962592,5259.069589065412,0,0,1.586485288856478,1.861967553430024,0
213072,474,1582.0267398238998,6035.41923324566,0,0,1.0326427978735415,1.8481899050282007,0
213572,475,2816.6355263646633,5530.154785739109,0,0,1.340558485526997,1.8369741068060719,0
214072,476,4419.659452922693,5033.505644165969,0,0,1.7568693283033328,1.8698018992811118,0
214572,477,4366.3712413780895,5175.14974692714,0,0,1.7567280020322775,1.9046672063243728,0
215072,478,4447.780409876074,5013.558398851476,0,0,1.7621737076264194,1.8664338386557833,0
215572,479,4637.89541298429,4768.749007441104,0,0,1.790558102133059,1.8153499040654786,0
216072,480,4503.283676136493,4791.626281769145,0,0,1.7537305004119277,1.807268632963702,0
216572,481,4490.174117454383,4971.447216284351,0,0,1.7698266958328879,1.8586021096682737,0
217072,482,4405.35974548273,5099.78972828806,0,0,1.7588908113861834,1.8869514733299524,0
217572,483,4611.447019131112,4884.714507544031,0,0,1.795365928407192,1.8465203952005627,0
218072,484,4276.842451347793,5096.866618139642,0,0,1.7205233724171405,1.8713424807844157,0
218572,485,4483.681113965141,5053.239116304752,0,0,1.7773643565562065,1.8818887943997655,0
219072,486,4647.996612253662,4975.919732089856,0,0,1.817032336907095,1.877710457908861,0
219572,487,4321.406854616696,5097.997795537824,0,0,1.7343933549398247,1.877364460602712,0
220072,488,4471.874341590753,4971.154863977639,0,0,1.764054585782467,1.8565834622236665,0
220572,489,4442.936084630492,5025.393300660101,0,0,1.7608661017904954,1.868611839453163,0
221072,490,4555.242106037564,4874.981929522394,0,0,1.7786253827301612,1.8379048052681586,0
221572,491,4518.562589306767,5037.688283334677,0,0,1.7845898662360442,1.8803873256381238,0
222072,492,4445.806788887184,5095.301593600624,0,0,1.770549133184096,1.8898679754630223,0
222572,493,4576.141537529824,4991.296307253013,0,0,1.7962655055391505,1.8735318575086322,0
223072,494,3642.2868755973914,5156.725691917234,0,0,1.5415341630884603,1.818663843441713,0
223572,495,4440.79768926755,4920.311068254577,0,0,1.7498266637213218,1.8385086327679518,0
224072,496,4544.851676166808,4969.386011090496,0,0,1.7858088323046144,1.8641802664706462,0
224572,497,4479.968760525811,4989.473141156028,0,0,1.7695519668487005,1.8629518784376222,0
225072,498,3269.0631596939506,5261.5683535532025,0,0,1.4416563867571284,1.8079281232249704,0
225572,499,4002.0926379447324,5155.550710713593,0,0,1.646506355127996,1.8584003456989258,0
226072,500,4538.726588796197,4962.8537789419,0,0,1.7837339778238621,1.861971253226659,0
226572,501,3181.6779405101706,5243.422532810215,0,0,1.41583257712365,1.793627459879522,0
227072,502,224.5105183678037,6386.325196189882,0,0,0.6692428348117526,1.7992438713403964,0
227572,503,4536.96212216738,4817.259147373794,0,0,1.7670061695092325,1.8191023135404787,0
228072,504,4208.368701874755,5258.864616985872,0,0,1.7197068852174955,1.9118382189872143,0
228572,505,4066.694482891491,5287.268788529219,0,0,1.6813346337574915,1.9046445583758413,0
229072,506,4128.174632260256,5131.755577721976,0,0,1.6827567454050696,1.866099655744545,0
229572,507,4491.26798481091,4482.2652739997675,0,0,1.7143514535979463,1.7125730160214738,0
230072,508,4206.483275825721,5028.193329912054,0,0,1.6937835026591344,1.844224940166987,0
230572,509,883.694254642568,6295.100119884249,0,0,0.85359490207448,1.8457816634828879,0
231072,510,3938.755446299561,5238.0586226302685,0,0,1.6386739771250567,1.8761915095630501,0
231572,511,4289.561002916862,5093.092428851133,0,0,1.7251380638476206,1.8725466903325594,0
232072,512,4306.854367943403,5083.337885334341,0,0,1.7293303972712901,1.871318544119866,0
232572,513,4030.5874153106624,5250.769053134567,0,0,1.6665289492452284,1.8893788510439888,0
233072,514,4044.7336202055603,4315.190616722404,0,0,1.5642550627410015,1.6136776364598238,0
233091,515,2.020583968356682,-10.620683756439949,1,1,0.005996937881240428,0.009018539728938506,0
233591,516,4429.351866190737,4223.077170851716,0,0,1.6672491546731782,1.630813493989513,0
234091,517,4073.014723129031,5082.254481204683,0,0,1.6601668545735013,1.8448441043114583,0
234591,518,3922.642654960861,5176.457076877805,0,0,1.6254398591631245,1.8557058845151668,0
234683,519,-396.6157697336315,1248.6857487061682,1,0,0.022741576209773105,1.5990970308923038,2
235183,520,4290.967491375383,5017.2330853557605,0,0,1.717203071157575,1.8500620354954347,0
235683,521,4104.341273309046,4053.5848826438537,0,0,1.5545983355353923,1.5449566085973516,0
236183,522,4285.368166597298,5058.969096858148,0,0,1.720082319916331,1.861786031295502,0
236683,523,4333.389289809865,5107.55083935914,0,0,1.7397384091905648,1.8815748418727973,0
237183,524,3764.5051059865214,5033.232270607316,0,0,1.5625910061529094,1.7960364470870172,0
237209,525,-85.70421149650687,258.52006914674774,1,0,0.016248784369488102,1.0420567557818705,2
237709,526,4047.0109254685267,5149.237518352345,0,0,1.6600419247439997,1.8607616840098802,0
238209,527,4270.551609429616,5040.974820997799,0,0,1.7141102004416404,1.8550954090471559,0
238709,528,4030.108592645829,5252.117017435016,0,0,1.66597411562219,1.889522224235609,0
239209,529,4295.633643965663,4897.77341070745,0,0,1.705715623107208,1.8159950995698106,0
239709,530,4302.861000897356,5151.8330953454,0,0,1.7354439098851937,1.890554425307804,0
240209,531,4218.328264812698,5187.672280634408,0,0,1.7139360137449229,1.8918838686248256,0
240709,532,4416.823510424408,4917.708155898395,0,0,1.7431630278058987,1.8345100555443867,0
241209,533,4443.255080748887,4636.6562562355675,0,0,1.7213617085923112,1.7582902658912074,0
241709,534,4521.747636703916,4822.283094759104,0,0,1.7627407375619135,1.8179011477150286,0
242209,535,4599.929463457309,4514.460624970345,0,0,1.752762458058389,1.7369705951118615,0
242709,536,4638.473200648721,4712.488640059129,0,0,1.7846745925782281,1.798288894761971,0
243209,537,4484.897782240914,4798.8535651830125,0,0,1.7491025299914147,1.8066637569007715,0
243709,538,4507.115294735696,4919.354819611687,0,0,1.768833426376506,1.8451938053665806,0
244209,539,4388.189937524575,4813.549212465127,0,0,1.7225040432534602,1.800409434075923,0
244709,540,4653.625841140995,4399.038606120368,0,0,1.75510200384575,1.7088825403410224,0
245209,541,4518.331231424727,4971.576871719616,0,0,1.777956902893808,1.8618505036863227,0
245709,542,4577.4883849949765,4856.184468846381,0,0,1.7826673579606043,1.8339315692356857,0
246209,543,4459.2248600554785,5017.975102261925,0,0,1.7665394403893788,1.8688304484785514,0
246709,544,4454.1527293510535,4806.827605145395,0,0,1.7418495873617208,1.8064571761702772,0
247209,545,4410.911088920352,4805.583902053277,0,0,1.7286933585119977,1.8012141540818076,0
247709,546,4412.494438901598,5001.115874194553,0,0,1.7506077642947657,1.8585951257775601,0
248209,547,4514.672060399682,4562.325178387674,0,0,1.7328231851416918,1.7420153907897309,0
248709,548,4005.8654330063787,5113.379007194092,0,0,1.642529732283254,1.8462743072179817,0
249209,549,4669.09632084756,4760.000434622257,0,0,1.7993922461375014,1.8168384104937194,0
249709,550,4642.496995263163,4769.110668707395,0,0,1.792185441165795,1.8160041170620638,0
250209,551,4615.389271982518,4931.804230674695,0,0,1.8022546072998256,1.8604560214266108,0
250709,552,4381.292330085721,5013.293128330635,0,0,1.7432836384808148,1.8592520561750703,0
251209,553,4604.602249212865,4729.748199983361,0,0,1.776966829432424,1.800887817356541,0
251709,554,4526.85833781166,4926.632021149112,0,0,1.7756180290394978,1.8490698226522058,0
252209,555,4677.031899176861,4483.28857243413,0,0,1.771064608069261,1.7366306719615336,0
252709,556,4571.920403665346,4899.593431847916,0,0,1.7860689067101445,1.8466341278125,0
253209,557,4587.221820194585,4778.562540004193,0,0,1.7772601073915257,1.812625707233118,0
253709,558,4551.128119112129,4940.924574377868,0,0,1.7855660011820202,1.8572846834303856,0
254209,559,4522.880478259408,4791.006561404625,0,0,1.759987119231349,1.8093078200585997,0
254709,560,4500.947148262848,5023.945489495014,0,0,1.7783469749280532,1.8749350426896096,0
255209,561,4658.584908336195,4779.279474746612,0,0,1.7982740663750931,1.8201603734588634,0
255709,562,4665.519000085624,4573.441343595298,0,0,1.7785821877164145,1.7627075577745979,0
256209,563,4565.383101147584,4735.463541080263,0,0,1.7656872266866928,1.7970817456383898,0
256709,564,4640.133606239503,4834.490403543924,0,0,1.797990944309041,1.83471924354188,0
257209,565,4493.595954532741,4961.797179443535,0,0,1.76957332216937,1.8558210112625122,0
257709,566,4557.603371803763,4953.090094726528,0,0,1.788486308719188,1.8611302573081883,0
258209,567,4523.107042482121,4932.285943870354,0,0,1.7747304533356698,1.850428036893702,0
258709,568,4589.415095238572,4922.346207135252,0,0,1.7931675122801414,1.85484358217153,0
259209,569,4524.374136156801,4914.9159339390235,0,0,1.7739191392460343,1.84577018644449,0
259709,570,4638.030376622059,4824.237146797067,0,0,1.796643661359363,1.8320481627835956,0
260209,571,4732.6046610819085,4542.305766438927,0,0,1.7937019057161208,1.759890121826193,0
260709,572,4528.36366054661,5041.206644871124,0,0,1.7893512082620593,1.8835737127355834,0
261209,573,4582.931257748145,4882.4362537473735,0,0,1.7872167042647975,1.8428753738225274,0
261709,574,4403.5121154749795,4880.310960076942,0,0,1.7331589034887873,1.8211938568846104,0
262209,575,4541.596536821418,4863.743207971918,0,0,1.7725980061082216,1.832206131364071,0
262709,576,4534.579312918156,4959.917183851586,0,0,1.7815207729809894,1.8595377666511894,0
263209,577,4468.6890514325905,5009.057666378701,0,0,1.7674982734150586,1.8671698028382933,0
263709,578,4623.570348984658,5042.006619904726,0,0,1.8169232801975639,1.8941841840616234,0
264209,579,4480.183810403138,5010.365018888931,0,0,1.770761155252399,1.8686069149845075,0
264709,580,4493.523172699214,4939.640453431927,0,0,1.767287699080509,1.84968903712053,0
265209,581,4547.914337071859,5023.773833811257,0,0,1.7928123778985159,1.8802582727263755,0
265709,582,4536.377380696206,4951.5639361900585,0,0,1.781142392782901,1.857766226057783,0
266209,583,4546.564747697541,4776.402363494331,0,0,1.7653978393661058,1.8079708359302584,0
266709,584,4590.098075876702,4918.721376842851,0,0,1.792909691130708,1.8539089297216425,0
267209,585,4474.080303114739,4761.600085347939,0,0,1.7411684964266423,1.7947077239483633,0
267709,586,4609.114513121573,4781.8954481939145,0,0,1.7838926527948205,1.8161416368901386,0
268209,587,4574.955028724498,4686.0284388567625,0,0,1.7616568371557209,1.7833541970143163,0
268709,588,4576.604265556844,4886.036795327737,0,0,1.7844579410293298,1.8422790078714912,0
269209,589,4620.0471287882565,4755.480580104574,0,0,1.7848978335015284,1.8099460187855692,0
269709,590,4487.9896119585765,4957.644274481902,0,0,1.7670152968283992,1.8535196978339954,0
270209,591,4567.452416658556,4914.157406628894,0,0,1.7864846792762892,1.8505167028666352,0
270709,592,4542.258219735734,4861.038681792397,0,0,1.7726233693043163,1.8317716902090013,0
271209,593,4451.893165399333,4998.9511226691775,0,0,1.7621786223871225,1.8627385988729899,0
271709,594,4676.246445608625,4597.0903666542945,0,0,1.7828239877598762,1.768435417358131,0
272209,595,4365.905072210299,5128.551184316055,0,0,1.7516130796539233,1.8910612551161528,0
272709,596,4508.564169398374,4949.269865885022,0,0,1.7720184316529286,1.853775505031988,0
273209,597,4567.582409310421,4869.682288684359,0,0,1.7814938934981956,1.8376026331609265,0
273709,598,4423.061932183482,5033.5979680803075,0,0,1.7574311183029219,1.869543095376932,0
274209,599,4598.8286389163195,4672.292043934651,0,0,1.7677889094794401,1.7819976048199746,0
274709,600,4638.47970301221,4778.143803031744,0,0,1.791588956956378,1.8178495813580038,0
275209,601,5006.562247067935,3625.826511239576,0,0,1.7718829587987346,1.518940865684327,0
275709,602,4653.544279466481,4742.105783132507,0,0,1.7915530853989887,1.8083584663299908,0
276209,603,5250.261818890654,2998.4502248428234,0,0,1.7742845069049278,1.3613417603069558,0
276709,604,4519.81860487099,5027.869842541791,0,0,1.785271266027774,1.8786693237573449,0
277209,605,4460.02074138861,5031.040715783778,0,0,1.7678774673691129,1.8726786338274082,0
277709,606,4514.654121173176,4544.859890917283,0,0,1.7305122584369674,1.7364929589195262,0
278209,607,4723.96898148663,4507.512074311522,0,0,1.7872517239038168,1.748106632668692,0
278709,608,4751.492198687359,4427.363179859828,0,0,1.7862676341528216,1.728271020594683,0
279209,609,4552.930004349242,4821.422341072277,0,0,1.7712739327831115,1.8210290123871142,0
279709,610,4582.049533801296,4638.42713902794,0,0,1.759813442807463,1.7706387706211477,0
280209,611,4660.563670024,4604.153833711112,0,0,1.7803909753193914,1.7699297240520853,0
280709,612,4670.52773265592,4539.217410760897,0,0,1.7752020008457774,1.7512421182236,0
281209,613,4838.098791934078,4004.2228146157677,0,0,1.7645791278380487,1.612146166376937,0
281709,614,4557.839799714004,4896.100401494693,0,0,1.7807764656820344,1.8431117579979006,0
282209,615,4617.666696137768,4814.793700014719,0,0,1.7903450725933736,1.8263608662734117,0
282709,616,4564.918115971201,4881.118312310136,0,0,1.7822917723141374,1.8405107422375024,0
283209,617,4418.312604109748,5032.08632518583,0,0,1.7557621733916693,1.8680643760890296,0
283709,618,4619.968815407402,4810.534729987177,0,0,1.789050145674905,1.8254617127031314,0
284209,619,4394.547019066065,5161.940732123305,0,0,1.763343558419805,1.9032167373084048,0
284709,620,4657.852655506669,4721.733709482264,0,0,1.790954149939157,1.8036004800722103,0
285209,621,4407.824571867379,5043.452859083222,0,0,1.7540549250827786,1.8706601330167714,0
285709,622,2946.350021480249,5349.7864935403295,0,0,1.3564492531199985,1.798012760335761,0
286209,623,4792.303760418533,4285.00546757971,0,0,1.782347594676043,1.690234032734375,0
286709,624,4532.218855878839,5042.2515078415945,0,0,1.7899922242828163,1.8837337742714042,0
287209,625,4638.1510131679925,4854.526385801727,0,0,1.8000087537955973,1.8406867301789054,0
287709,626,4543.521032159378,4876.23448021819,0,0,1.7750986027071034,1.8364457298750794,0
288209,627,4652.678411414031,4646.140320183821,0,0,1.7812331007293003,1.780878558116545,0
288709,628,4605.417465232823,4640.13964222147,0,0,1.7669288553153895,1.7741268651023938,0
289209,629,4550.723067989339,4886.515947637133,0,0,1.7778005206393754,1.8395824936252683,0
289709,630,4566.552851334974,4964.414228358253,0,0,1.7907488046755784,1.8642169721724808,0
290209,631,4497.287501253286,4894.859141389209,0,0,1.763372551012128,1.8366006640994879,0
290709,632,4613.579048079416,4629.255283923006,0,0,1.768242456638494,1.7722172573405155,0
291209,633,4549.795731955325,4962.181859822942,0,0,1.7853961665441398,1.861896836139203,0
291709,634,4551.791910875078,4762.674050993624,0,0,1.7649930080317595,1.8040167436042214,0
292209,635,4499.618895309478,4881.64063599418,0,0,1.762870359747648,1.8334336366111779,0
292709,636,4660.3604145572635,4775.779751069998,0,0,1.799201509165462,1.8205697154470817,0
293209,637,4423.1488109214215,5120.303552241317,0,0,1.7674287231261288,1.8952467039112675,0
293709,638,4517.829653611267,4876.761269276899,0,0,1.7684796305590142,1.8345732047610703,0
294209,639,4639.983101777605,4735.147358103992,0,0,1.7873731738777636,1.80565383131431,0
294709,640,4496.022957955878,4948.771573534567,0,0,1.7691744614702625,1.8520987488549179,0
295209,641,4642.736101968417,4646.778159204709,0,0,1.7786738263777548,1.7807051863291135,0
295709,642,4478.345593650186,4929.530772162267,0,0,1.7611450137151676,1.8447314841969564,0
296209,643,4581.175326215162,4804.506718472411,0,0,1.7777871574986355,1.819244416721368,0
296709,644,4736.841306609276,4654.253215093623,0,0,1.8068031609761603,1.793058026743532,0
297209,645,4538.695101488526,4984.99175368605,0,0,1.7843445885826081,1.8672057155622084,0
297709,646,4575.290012230262,4846.532052101273,0,0,1.7806527974486686,1.8308476291314921,0
298209,647,4633.359406334578,4889.882894478912,0,0,1.8031815241178848,1.8508363575720441,0
298709,648,4528.480343010764,4946.656947815791,0,0,1.7774802040248792,1.8549555212185072,0
299209,649,4633.450675940587,4547.667517247795,0,0,1.765144009623403,1.7500437635633035,0
299709,650,4734.168196465841,4373.442994469606,0,0,1.775558097672385,1.7108790140251993,0
300209,651,4715.8821312572745,4432.876847085968,0,0,1.7776992315379172,1.7259848755968288,0
300709,652,4706.429290271989,4520.741944777569,0,0,1.7823371190292645,1.7491230849596797,0
301209,653,2606.948889676868,5850.91695774263,0,0,1.3123659959093994,1.9068007268925933,0
301709,654,4199.758508994799,5104.55225281419,0,0,1.6989619512614889,1.8648609702432966,0
302209,655,4398.976842122279,4654.043659836059,0,0,1.7073141294072283,1.7551912317096892,0
302709,656,4129.842061561984,5220.226672695844,0,0,1.6910693284854632,1.890684301715804,0
303209,657,3004.2255568020337,-758.1320241361963,0,0,0.6896300140555539,0.00021857553983679006,0
303709,658,4086.9226767284176,5175.091894951984,0,0,1.6733505493169396,1.8734666336161139,0
304209,659,4101.976314299268,5193.471427094369,0,0,1.6806288430336,1.8803286569345965,0
304709,660,4027.293921230575,5267.078919161545,0,0,1.6660884695355465,1.892893685844546,0
305209,661,3998.912526275844,5270.49352950319,0,0,1.658651792865097,1.8918086082727006,0
305709,662,4160.170636354433,5219.618713214686,0,0,1.7006036211286324,1.894280051176886,0
306209,663,4190.580071688516,5171.672926440436,0,0,1.705003321657224,1.8852004046098485,0
306469,664,132.92329714022915,205.9093785180637,1,0,0.009154566948857292,0.021399169613197155,2
306969,665,4141.603467975069,5272.300342675019,0,0,1.7016559456206108,1.9084553194503282,0
307469,666,4260.568818922103,5076.679916687574,0,0,1.7142812996892158,1.8639309608104118,0
307969,667,4197.249951361539,5207.283700375945,0,0,1.7101950768094796,1.8950013534055716,0
308469,668,4232.083837565226,5058.865433455297,0,0,1.7043164235607255,1.8557542234898186,0
308969,669,4184.544466690955,5036.255566338731,0,0,1.6872773552912126,1.843244763885383,0
309469,670,4100.648007707548,5220.299912315602,0,0,1.6826705433503764,1.8881251441877112,0
309969,671,4421.502793025156,5107.200883330241,0,0,1.765836790836587,1.892590336044837,0
310469,672,4447.384855158822,5095.7461708066385,0,0,1.7716482407317902,1.8909939797340931,0
310969,673,4492.822926257022,5049.4975259287885,0,0,1.780240973750295,1.8824737321533886,0
311469,674,4581.41146677521,4985.347430293677,0,0,1.7980163514440726,1.8728673878426068,0
311969,675,4660.304688799997,4837.129485610421,0,0,1.803514193646759,1.8371972759311515,0
312469,676,7304.363655989292,-2382.911095522341,0,0,1.7770020177256391,0.00034969445545218086,0
312969,677,4306.4015568830155,5215.315533856565,0,0,1.7433130855962822,1.9100628210162385,0
313469,678,4296.146758839567,5117.725664144983,0,0,1.7287773087673648,1.879877726627392,0
313969,679,4474.489416536824,4956.895811871143,0,0,1.7642514011058748,1.8528396561221412,0
314469,680,4504.83116073935,4748.738182926678,0,0,1.7500500030068808,1.7955234437459955,0
314969,681,4462.796938403472,5033.359533143728,0,0,1.768355645669963,1.8738854692757423,0
315469,682,4671.242524487536,4636.119391675126,0,0,1.7853896186791118,1.779586845330645,0
315969,683,4609.8027068446845,4835.418606128956,0,0,1.7905591114485488,1.8321384091655692,0
316469,684,4560.652443279933,4997.761343431843,0,0,1.7934030589554109,1.873827107008979,0
316969,685,4678.744975014229,4632.014962441653,0,0,1.7874650593111763,1.779763479015636,0
317469,686,4308.009137384468,5112.224577625386,0,0,1.7332674062591815,1.879995033936854,0
317969,687,4501.2755497115295,4942.367221408363,0,0,1.7698694417790934,1.8510245561563112,0
318469,688,4671.393231168619,4561.943213116671,0,0,1.777967262697166,1.7582952697325842,0
318969,689,4538.988365963213,4977.671587954423,0,0,1.7837571369959055,1.8652087771765775,0
319469,690,4522.123654448472,4993.3108911942,0,0,1.7815722586978597,1.8686788147851814,0
319969,691,4541.4672375685595,5075.682331200348,0,0,1.7966438364961512,1.8949803305761488,0
320469,692,4595.761039305889,4815.357320013504,0,0,1.7834938168855754,1.8242424661338212,0
320969,693,4519.437224552244,5034.050410807282,0,0,1.785894147635874,1.8801632751644517,0
321469,694,4625.742597913531,4934.132921319846,0,0,1.8058625022978179,1.862480864370027,0
321969,695,4545.913638662853,5018.912286559571,0,0,1.791750394655041,1.8787621199240867,0
322469,696,4310.501943751608,5150.678104244312,0,0,1.7378990512363477,1.891559281343484,0
322969,697,4395.893354747275,4959.912141116451,0,0,1.7419778176087328,1.8451071312769018,0
323469,698,4422.222998406761,4942.666419038565,0,0,1.7476448135304588,1.842666847058894,0
323969,699,4490.863012242389,4961.918719317833,0,0,1.7686360289557512,1.8553654139031952,0
324469,700,2157.691615233824,5949.280980101996,0,0,1.197320738470462,1.888402440471464,0
324969,701,4558.049038077703,5000.729668699981,0,0,1.7928211889434387,1.8749040341205117,0
325469,702,4441.379932099357,5117.1382344778385,0,0,1.7717811826991892,1.896050522510545,0
325969,703,4515.485896374063,4950.9465296075,0,0,1.7736598519172826,1.8546170586305364,0
326469,704,4581.045234379713,4909.345241548764,0,0,1.7890277911803436,1.849915722178223,0
326969,705,4477.245361658822,5041.554736419585,0,0,1.7734356684938706,1.877374115955405,0
327469,706,5101.605074170772,-1551.9563361053931,0,0,1.2194994725994808,0.0009353602412848528,0
327969,707,4416.016674379653,4954.115734999108,0,0,1.7457001707312527,1.844650650235992,0
328469,708,4605.771820291446,4893.369636366221,0,0,1.7945287426256018,1.8478003016642692,0
328969,709,4583.463320467706,4857.013026828741,0,0,1.7840925953556364,1.8348078295020676,0
329469,710,5204.3395570568255,2849.133189826664,0,0,1.7431579520859182,1.3113293194008637,0
329969,711,3477.842649870212,5195.638487473387,0,0,1.4963850530543834,1.8106703492600036,0
330469,712,4506.492773476207,4970.5311797130125,0,0,1.7744803362629342,1.859843067986546,0
300500,0,7402.903125082839,-2412.187884451863,0,0,1.8024731402378882,0.0035628251489065207,0
301000,1,7284.30051305023,-2395.0567190561296,0,0,1.7714258132727323,0.0001869924722951425,0
301500,2,4349.189719669065,4971.448843883438,0,0,1.7291981016432503,1.842764963368895,0
302000,3,4351.152851252828,4788.417104627481,0,0,1.7089528887925125,1.7889367667487621,0
302500,4,3981.5356179524088,5416.673612426485,0,0,1.6708559682931492,1.933734406042835,0
303000,5,4018.010593167366,5295.702608701736,0,0,1.6677760199138527,1.901635757270093,0
303500,6,4065.0897121588378,5334.716049604136,0,0,1.68541660638251,1.9182202674019786,0
304000,7,4040.885199685122,5203.11290620584,0,0,1.6632951361499992,1.8762558790826411,0
304500,8,3659.7842215918927,5241.341418078085,0,0,1.5570375773558538,1.8462300755044314,0
305000,9,3118.933472164987,5446.312557708551,0,0,1.4213466881209262,1.8464908402272089,0
305500,10,3860.4311922023144,5147.098309962225,0,0,1.6046445528521365,1.840495912062288,0
306000,11,4174.576473742499,4784.84877719876,0,0,1.6566422881790404,1.7692088771147731,0
306500,12,3143.4291561065156,5440.521181174175,0,0,1.4286113417369715,1.8480502833522012,0
307000,13,4541.009845846412,4143.087436361118,0,0,1.6928549406171562,1.621819194041918,0
307500,14,4101.485656099135,5019.92327470845,0,0,1.6611080210633236,1.8296441346972039,0
307557,15,327.1087029122814,299.96512494509017,1,0,1.0588155863926851,0.9324128994513629,2
308057,16,3951.1889590686956,5141.263367404264,0,0,1.6297766240261558,1.848139298184533,0
308557,17,3340.2519037790507,5386.3954809362895,0,0,1.478048693995844,1.8519760943945491,0
309057,18,4464.469924999,3431.3226554684434,0,0,1.592269600219758,1.4051290296356074,0
309557,19,4164.6406362261505,4915.23574257352,0,0,1.6677421403247097,1.8062008775881264,0
310057,20,3652.115058597172,731.1489483095709,0,0,1.0548880080936118,0.5203573247467782,0
310557,21,4952.2332712664065,2866.035391361165,0,0,1.6720340497381019,1.291001295868267,0
311057,22,3542.004814782291,5450.624444875776,0,0,1.5448961568640533,1.8939333837420185,0
311557,23,4637.949363180134,4133.658556649238,0,0,1.7209559036613478,1.6294391548369334,0
312057,24,3724.2678015952574,5048.182635161417,0,0,1.5527754684177637,1.795473285838684,0
312557,25,3026.361583782118,5401.577639109312,0,0,1.3886513069479611,1.8225666787397379,0
313057,26,4322.6146163548665,4928.76467286024,0,0,1.716045527931535,1.8269428858693448,0
313557,27,4272.7105581634605,4985.240646195638,0,0,1.7066473013370966,1.8379116377654154,0
314057,28,3173.3424269085112,5508.080295312182,0,0,1.4445428765593968,1.8709001664934957,0
314557,29,3963.9677240995607,4998.9563032491615,0,0,1.618384354264725,1.8082718335866075,0
314585,30,16.32201087794468,-8.292617873406206,1,1,0.059368990202758314,0.007169695325940403,0
315085,31,3660.1070040383183,5052.566337123301,0,0,1.536111578349691,1.7908663290140925,0
315585,32,3997.1946865926884,5051.818539859616,0,0,1.6343292495219581,1.8276385988936048,0
316085,33,3353.7016881249715,5374.608094053124,0,0,1.4805554759952677,1.8506651231466953,0
316585,34,3591.173537108406,5367.5634691091145,0,0,1.5504557122048104,1.875030776059447,0
317085,35,1010.3744412727499,6264.436411820858,0,0,0.8898607567997479,1.8514636733463785,0
317585,36,3240.13024944209,5088.615796913294,0,0,1.4152469059114678,1.7539985182934832,0
318085,37,1284.048405643204,4828.205166018332,0,0,0.8131572731807958,1.4633272824982984,0
318585,38,1751.5576777371296,5746.597337192263,0,0,1.0505752484189383,1.7822743947115618,0
319085,39,-354.05863821499076,6756.24410896601,0,0,0.5442913893700612,1.8449920905200339,0
319585,40,2693.736729835022,4415.176844669777,0,0,1.1789860943278916,1.4944080693070876,0
320085,41,-2537.5443121126036,7623.290502346164,0,0,0.001148209380060802,1.8578813573007333,0
320585,42,-2551.147146210258,7700.298520779407,0,0,0.00029274988677513566,1.8772669932880834,0
321085,43,3096.6967839750123,2463.7826713961613,0,0,1.0801921264768461,0.9639423351456267,0
321585,44,1357.996999065791,5908.280971582849,0,0,0.9528104897161683,1.786315502095034,0
322085,45,5922.317991922323,-1872.3596656859834,0,0,1.4283395662968315,0.0008813002971775619,0
322585,46,1986.5291859514518,6008.773577346849,0,0,1.1477862402736956,1.8844115723708037,0
323085,47,2945.195944819037,5663.820442129112,0,0,1.3922166874835737,1.8896527256764533,0
323585,48,1388.2854494104781,6046.254920128592,0,0,0.9818456652498253,1.8310843086542004,0
324085,49,4355.32237486045,4904.322052901946,0,0,1.7222679227706925,1.823715178825353,0
324585,50,3699.24446527237,5420.151898027309,0,0,1.5872654210818167,1.9020052744001563,0
325085,51,3383.224972892597,5511.71870513689,0,0,1.503975351942554,1.8939100015910626,0
325585,52,4373.169710641297,4913.0325911204945,0,0,1.7293522503874892,1.8292126251661598,0
326085,53,4247.9523571853715,4884.596379064541,0,0,1.6877292041080805,1.8056743985654073,0
326585,54,4444.281601285773,4886.735328964373,0,0,1.7462872663376456,1.8281815214561392,0
327085,55,4549.041180348459,4924.536483473642,0,0,1.7814596547554282,1.8510995665216121,0
327585,56,4666.356945492706,4640.164191305949,0,0,1.7837777301512934,1.7803115416985515,0
328085,57,3865.2200235432315,4953.943851365788,0,0,1.5850787642259916,1.784439199333486,0
328585,58,4842.982930023754,3598.869600010904,0,0,1.7206223172601456,1.4936768415886679,0
329085,59,4526.178597960089,4465.308551555333,0,0,1.724087469378953,1.7132580367281909,0
329585,60,5161.6598248400815,2915.956028160174,0,0,1.7390419962033774,1.3278774949210097,0
330085,61,6745.211359698738,-1578.7752551468004,0,0,1.7042625759648165,0.1790482092816924,0
330585,62,4335.24389503186,5092.4910155521375,0,0,1.7377533185274983,1.8768155159391613,0
331085,63,4413.27517697724,5015.997548674514,0,0,1.751717312330199,1.8630905636860784,0
331585,64,4284.540259212548,5132.635084092095,0,0,1.7261214355125445,1.8823759052718376,0
332085,65,4386.196370171381,4973.105911963002,0,0,1.738794981981948,1.8470600734409897,0
332585,66,4406.409281410128,4788.742913350558,0,0,1.7254253886460167,1.7957410769353586,0
333085,67,4388.6602344746025,5099.39349894429,0,0,1.753604197237585,1.8843369682848374,0
333585,68,4411.1211472874775,5080.41017692022,0,0,1.7592242808376168,1.8833751682435198,0
334085,69,3370.145685748371,5486.2460384430615,0,0,1.497506845507518,1.8850782404504451,0
334585,70,4330.8810527285705,5088.7301181000485,0,0,1.735842611442097,1.8750794978788403,0
335085,71,3270.730136567063,5569.0492544680765,0,0,1.4786489256234372,1.89977134126061,0
335585,72,4341.0027496476805,5120.654015151354,0,0,1.7425071663933258,1.885670580248374,0
336085,73,4439.680224047597,4868.859145256724,0,0,1.7435374912807893,1.822970110574751,0
336585,74,4154.52346034938,4992.884323955192,0,0,1.6726106660849782,1.8268436999406288,0
337085,75,4042.142910926238,5191.946661509465,0,0,1.6627277167380008,1.8737120867303887,0
337585,76,4466.713193002041,4881.930604110804,0,0,1.7508738827018793,1.8281984101608257,0
338085,77,4338.443357654514,4948.89613626722,0,0,1.7222603376506354,1.8348735327453345,0
338585,78,3017.0210757574714,5639.872838003205,0,0,1.4111692548418373,1.89153696199658,0
339085,79,3677.3920823622184,5316.788049902922,0,0,1.5696759703350536,1.8700814213390293,0
339585,80,4465.005319042304,4929.987538651609,0,0,1.7572219921493983,1.8429902448654079,0
340085,81,4344.689578456886,5004.927216516454,0,0,1.7298858954495644,1.8515854173117703,0
340585,82,4387.437507703565,4935.044790543197,0,0,1.7345996797791938,1.8352535758932544,0
341085,83,4007.165335624904,4934.4745036828535,0,0,1.6232037937930168,1.7933484371743984,0
341585,84,4555.787048135174,4732.850855765909,0,0,1.7614566167524948,1.7951063691090043,0
342085,85,3946.8626974652607,5067.357586448161,0,0,1.620991915216734,1.8260336330433815,0
342585,86,4357.1188300787335,4967.092983501514,0,0,1.7293868595381852,1.8418391347846734,0
343085,87,4247.230288233263,4907.067570012928,0,0,1.6910061963780618,1.811915763688343,0
343585,88,4352.041580395129,4965.112173933526,0,0,1.7272337678956824,1.8405166501732166,0
344085,89,-2435.134484175428,7317.354444934802,0,0,0.0006579444033581513,1.780523151008917,0
344585,90,4431.703620334871,4942.672856649854,0,0,1.7488785683092887,1.843215654852799,0
345085,91,1577.4086881227636,6024.944647367763,0,0,1.0330710646102845,1.8452476743075008,0
345585,92,4474.786346695694,4725.873279999089,0,0,1.7379718890425262,1.7847069778647742,0
346085,93,4279.9980674905255,5109.668533286963,0,0,1.7221898310492607,1.8751753248792074,0
346585,94,-1352.3339671803178,6851.948895228107,0,0,0.26245346440464506,1.7621856175145678,0
347085,95,4164.17951247287,5134.739503751136,0,0,1.691525771519747,1.869767406754009,0
347585,96,2350.3750843154453,5748.130273402547,0,0,1.2268096351673214,1.8487289346389812,0
348085,97,-1114.1383301940502,7085.006477855946,0,0,0.35852695016113023,1.8575401276206378,0
348585,98,2557.1833129638485,5812.088140402586,0,0,1.2949532897142422,1.8904459001977438,0
349085,99,4541.7922829371855,4611.5487178314315,0,0,1.7440117513168027,1.758283381321087,0
349585,100,3452.310895343809,5442.624607128024,0,0,1.516145684956486,1.8811719293796632,0
350085,101,2336.5456451787895,5882.525660581555,0,0,1.2368190690583512,1.886159928107645,0
350585,102,-2624.8934454909545,7800.143470349664,0,0,0.000534154159579853,1.9026297339884084,0
351085,103,4501.47884249594,4737.816852717561,0,0,1.7466311192764952,1.7909456058098379,0
351585,104,4436.709569244603,4812.92485158538,0,0,1.7364343879355055,1.8057354910527945,0
352085,105,4412.8330324009885,4849.424739447615,0,0,1.7325765603494434,1.81371863970907,0
352585,106,4386.871225771646,4907.474586446358,0,0,1.731438209752061,1.8278042575465967,0
353085,107,4487.44193017072,4755.294161891444,0,0,1.7442247626285332,1.794574145225513,0
353585,108,4374.548296755454,4972.855591568726,0,0,1.7350102713246358,1.8453662805406468,0
354085,109,4378.485177428799,4940.776988901732,0,0,1.7326981525160217,1.8362807145537523,0
354585,110,2277.8835904416082,5803.071756734836,0,0,1.2145953139870298,1.858132641343353,0
355085,111,4397.077223959015,5008.3374996112525,0,0,1.7458579434472974,1.8584612296647904,0
355585,112,4337.290024922044,4983.664360862859,0,0,1.7259935375658466,1.8446640967233272,0
356085,113,2178.521240736533,5810.527004634169,0,0,1.1838053731325786,1.848460201216523,0
356585,114,5907.863936433454,738.0787659778606,0,0,1.7149965096739008,0.7704457379821876,0
357085,115,3179.185125587891,5338.316655502734,0,0,1.4259727529040094,1.8211039037932282,0
357585,116,4390.880656799148,4826.507042388396,0,0,1.724125906342969,1.8045889760035672,0
358085,117,4636.1571457312,4276.903544761647,0,0,1.7341842997501005,1.6701574359256797,0
358585,118,4432.840975434048,4723.859495185763,0,0,1.7242980727792312,1.7790420038000252,0
359085,119,4487.679731488753,4655.924692560994,0,0,1.7336859861915168,1.7656463470343546,0
359113,120,219.87231095966584,-16.399510774361666,0,1,0.8599571036668905,0.28462254588437347,1
359613,121,4390.99571964934,5047.119753769103,0,0,1.7484943723138395,1.8695050198800225,0
360113,122,4622.424461167018,4550.712162282033,0,0,1.7603317803208678,1.7494290271220747,0
360613,123,4353.367368950242,4981.114392463038,0,0,1.730329818142637,1.845879508352221,0
361113,124,4279.067980949952,4959.781555035179,0,0,1.7065678227659606,1.8318553656126915,0
361613,125,4430.0660804465115,4843.577018451962,0,0,1.736567665990124,1.8136917517902629,0
362113,126,4281.873161798695,5068.0227033396195,0,0,1.7182659365973516,1.8633010093721873,0
362613,127,4321.0362673276795,5013.413816870212,0,0,1.7237634057233913,1.8514128554293763,0
363113,128,4345.089060285309,4926.436673301896,0,0,1.7211932291427479,1.828573083104561,0
363613,129,4263.195946006297,4989.377733015318,0,0,1.703828405047872,1.837687900429818,0
364113,130,4397.903347150668,4639.2205572152,0,0,1.704746185760762,1.7495557291689954,0
364613,131,4212.084893614252,5026.042623355025,0,0,1.6928016881497288,1.842352953877151,0
365113,132,4402.889586280833,4935.901162659159,0,0,1.7391607109603038,1.837657146571446,0
365613,133,4443.211177150561,4740.815876945501,0,0,1.729263497716147,1.785425066074687,0
366113,134,4560.665365041089,4420.213128982196,0,0,1.7292082953528463,1.705123709421321,0
366613,135,4277.238674816224,5017.362055084936,0,0,1.7110173045235868,1.8475349655498723,0
367113,136,4333.897507518881,4888.586836757218,0,0,1.7135824849868455,1.8162588444991994,0
367613,137,4447.648084935539,4745.847523449851,0,0,1.7305719453765092,1.7874300877017992,0
368113,138,4465.000309740418,4781.242248492999,0,0,1.7398251665010949,1.798687778716348,0
368613,139,4381.487539811155,5019.204790239212,0,0,1.74256915065349,1.86012194581443,0
369113,140,4543.1423512614065,4581.752146323606,0,0,1.7418735944374202,1.749834755838955,0
369613,141,4335.916830585917,4917.303101900251,0,0,1.7174714184856514,1.825025906941606,0
370113,142,4343.54977745767,4880.972282651008,0,0,1.7154715518330095,1.8149651932457773,0
370613,143,4312.446022912604,4955.985885995119,0,0,1.7149741075296812,1.8335428083919258,0
371113,144,4592.852377020491,4474.525082786029,0,0,1.7439466150756389,1.7232594323979198,0
371613,145,4473.764335523521,4743.761745415809,0,0,1.737999437960496,1.7887727618908773,0
372113,146,4885.450408509739,3950.8750505249045,0,0,1.771406374915103,1.6008242787869136,0
372613,147,3979.499998489361,4323.4081328245065,0,0,1.5467505609371393,1.6098835686440607,0
373113,148,4201.338374081429,4974.312617065151,0,0,1.684402786333968,1.8272163576666112,0
373613,149,4259.745053664563,5029.185088440668,0,0,1.7077278573488714,1.8493447955477054,0
374113,150,4449.460678286865,4956.4009191244495,0,0,1.755249985931552,1.848567710462442,0
374613,151,4584.418867976884,4652.273002886358,0,0,1.7623372560771462,1.7757185004674303,0
375113,152,4467.017129455906,4665.640451666641,0,0,1.7291529312603668,1.7663860951178105,0
375613,153,4319.005575095617,5020.084525634078,0,0,1.724410287285741,1.8533795303210323,0
376113,154,4280.532833150428,4909.067273861583,0,0,1.7001699114601976,1.8160033988430144,0
376613,155,4332.66810145267,5013.365089494667,0,0,1.7267932430801045,1.8521207955028953,0
377113,156,4333.885990569543,4932.983124628597,0,0,1.71875221249989,1.8291887508538918,0
377613,157,4386.513260547523,4846.003972225867,0,0,1.7247193621475496,1.809814479951116,0
378113,158,4364.674206080562,4993.693875023008,0,0,1.735383497336744,1.8520017726487028,0
378613,159,4369.32436525259,4964.1129584693235,0,0,1.7326827827996925,1.8420638305336874,0
379113,160,4368.065908392416,4968.051450160886,0,0,1.7330927519743924,1.8434274146612224,0
379613,161,4274.955744919273,4985.535785041217,0,0,1.7065171079462045,1.8374820036074742,0
380113,162,4441.651626787245,4854.241963580258,0,0,1.742143099437391,1.8181609581534925,0
380613,163,4236.134943995338,4717.024626191591,0,0,1.666413015100913,1.754857963387593,0
381113,164,4311.630763172933,4867.508979209732,0,0,1.7063972702481123,1.8079683763665964,0
381613,165,4553.171117836335,4328.983421221579,0,0,1.7170075558492492,1.6764653695582763,0
382113,166,4310.598928719985,4805.131049204701,0,0,1.6980113890540216,1.789433531360355,0
382613,167,4238.380789448508,4883.701572966033,0,0,1.6868818118634035,1.804726669264702,0
383113,168,4421.115940690455,4831.001229890704,0,0,1.7330324865706912,1.8086867243278117,0
383613,169,4249.9999630679,5108.749266189116,0,0,1.713104120503913,1.8714307853706733,0
384113,170,4403.21221998968,5016.076725789578,0,0,1.7485214409664105,1.8614126821327759,0
384613,171,4357.1681659072865,5112.182532670764,0,0,1.745668868726743,1.8845428716872579,0
385113,172,4341.469887151438,5002.500046625674,0,0,1.7303058999311123,1.8512018195538178,0
385613,173,4618.684061568371,4350.460524347541,0,0,1.7385707104616228,1.6905235132658518,0
386113,174,4415.067611919908,5029.287654328322,0,0,1.7536558350629932,1.8668193166319746,0
386613,175,4229.561186527659,5007.588553804119,0,0,1.695615859539425,1.838919902855111,0
387113,176,4304.037687337995,4871.790819274814,0,0,1.7031766017123884,1.808280391609602,0
387613,177,4419.848697162004,4952.231976593532,0,0,1.7465636154196864,1.845097040392347,0
388113,178,3529.7836852921564,5251.3972027523205,0,0,1.5186081622265004,1.8344135357473936,0
388613,179,4377.38286860128,4930.054645416961,0,0,1.7314223004801546,1.8338646104207157,0
389113,180,4236.267983767756,5078.208795280452,0,0,1.7062041533768082,1.8609662902340172,0
389613,181,4618.438542088692,3732.8657646879296,0,0,1.6705543339678643,1.5082068492602836,0
390113,182,4365.853496766499,4893.445717356801,0,0,1.7234726319824125,1.820726123892401,0
390613,183,4260.866135803002,4937.733739592284,0,0,1.697697223762488,1.8227740806923773,0
391113,184,4472.725628998297,4803.01064389628,0,0,1.7452753795665674,1.8062952269570276,0
391613,185,4258.399739396106,4960.645385930336,0,0,1.6998846957356826,1.8288958594792,0
392113,186,4431.929974901208,4807.843190064486,0,0,1.732952057101146,1.8030203794205413,0
392613,187,4370.641345352512,5009.5079492484065,0,0,1.73814356626276,1.8558763152394393,0
393113,188,4424.681050184611,4892.087912812334,0,0,1.7404587134475644,1.8268723923755663,0
393613,189,4346.4601293921805,5095.658000114914,0,0,1.741494995746016,1.8788458792321283,0
394113,190,4210.153482429137,5042.939305547291,0,0,1.6937062703492989,1.8469969080548965,0
394613,191,4351.121761626093,4943.875212008327,0,0,1.7245274126288577,1.8343321993973296,0
395113,192,4159.903528144713,5039.931093595387,0,0,1.6788715811348176,1.8409101235718688,0
395613,193,4100.1821389735915,5140.451151708917,0,0,1.674669240287454,1.8649169298277077,0
396113,194,4388.319179805848,4899.612465064416,0,0,1.7314267248884139,1.82606328606876,0
396613,195,4390.004626918812,4924.130007766587,0,0,1.733891318178123,1.8328269155798773,0
397113,196,4297.700989691716,4926.476366967668,0,0,1.7067670683615714,1.823106046470674,0
397613,197,4415.5855734088145,4993.843038293661,0,0,1.7495684772359255,1.8564094492979202,0
398113,198,4563.827474869059,4801.90004888085,0,0,1.771944414353469,1.8167419190061889,0
398613,199,4273.722400044244,4908.550344604472,0,0,1.6980323573531382,1.8154109599945076,0
399113,200,4324.115655543728,4980.947622715,0,0,1.7207886824878424,1.8422089338152592,0
399613,201,4397.601650939453,4896.02702608195,0,0,1.733635661808559,1.825581648985576,0
400113,202,4418.4645264986975,4725.786480246836,0,0,1.720797920286254,1.777857382213051,0
400613,203,4371.242922258872,5087.162092989674,0,0,1.7476152723255611,1.8791668154547527,0
401113,204,4350.964285430141,4916.808005285276,0,0,1.7217380102503355,1.8262197278736898,0
401613,205,4433.050148601799,4774.7914397274635,0,0,1.730572656829096,1.7938246938634754,0
402113,206,4212.729237802674,5143.091037680472,0,0,1.7064966885421582,1.877786999794541,0
402613,207,4250.70777345787,4815.3756718896775,0,0,1.6808854951650358,1.784984959779442,0
403113,208,4334.599871163113,5032.537569460061,0,0,1.7298466157040808,1.858458756924368,0
403613,209,4223.269172408411,5052.527702686191,0,0,1.6997156643137314,1.8522337378041975,0
404113,210,4397.08666432733,4958.40600116909,0,0,1.7393270697767393,1.8432580368770077,0
404613,211,4266.5615522118105,4978.616418884475,0,0,1.7043438745363837,1.8357520020751008,0
405113,212,4361.1951829621885,4851.824726670248,0,0,1.716723402669174,1.8075741296935153,0
405613,213,4335.686433967465,5022.21514834455,0,0,1.7289596432505878,1.85472613714895,0
406113,214,4249.816073264467,4992.1985086272725,0,0,1.7001169796856053,1.8374412642418434,0
406613,215,4285.701671923402,5121.685387001231,0,0,1.7254152553214686,1.8794298768690876,0
407113,216,4428.3703246543155,4909.110586959169,0,0,1.743352174252875,1.8325015135336813,0
407613,217,4320.286777289277,4962.891632572045,0,0,1.717818888429942,1.836514468696834,0
408113,218,4301.189358786024,4866.837940332143,0,0,1.7011500056179836,1.806105914686029,0
408613,219,4321.185492107229,5015.51428977769,0,0,1.7238005973975703,1.852044674972021,0
409113,220,4356.084306044174,4940.990721918619,0,0,1.726757586608445,1.8345160598161943,0
409613,221,4347.3127340478995,4966.244895285369,0,0,1.7262090931942762,1.8405564671316574,0
410113,222,4408.678562964717,4794.557857537995,0,0,1.7253127736371918,1.797015511230585,0
410613,223,4311.632671279534,5018.13187222722,0,0,1.7210559704621589,1.8511572357637462,0
411113,224,4351.66441858859,4955.29673840721,0,0,1.7260605281414259,1.8372511153315665,0
411613,225,4316.849458365213,4909.687233826912,0,0,1.7102702134755383,1.8203295355669502,0
412113,226,4415.150921717233,5011.83590727279,0,0,1.7511405247258438,1.8615664556818712,0
412613,227,4386.396967181475,4764.242973318386,0,0,1.7151751493453795,1.7855194581282587,0
413113,228,4201.62085466639,5069.609887339187,0,0,1.6956082145751337,1.8550184114961212,0
413613,229,4278.52229328521,5078.2487458920705,0,0,1.7189005130184491,1.8659089972638507,0
414113,230,4445.10063901869,4989.280137296385,0,0,1.7579557074345695,1.858597806522913,0
414155,231,392.3076242162672,-31.265402503546483,0,1,1.121354351485919,0.32810379947740254,1
414655,232,4316.20988793201,5082.214987952821,0,0,1.7302117301512947,1.8714618078739311,0
415155,233,4287.349508737559,4967.579426694242,0,0,1.7079622530714942,1.8331553334384276,0
415655,234,4254.18297134331,5136.539062840692,0,0,1.717610228837197,1.8801476602354903,0
416155,235,4336.475019371677,4945.392568290978,0,0,1.7204381370638462,1.833030919666317,0
416655,236,4342.149807794302,4960.688452127434,0,0,1.7243381940686413,1.838274807949508,0
417155,237,4274.0544221596165,5085.71401823453,0,0,1.7191218301107272,1.8679089855474753,0
417655,238,4188.344110205711,5112.035681156807,0,0,1.6958139077770962,1.8658376610961627,0
418155,239,4157.642339207226,5139.954218182506,0,0,1.6899778007480264,1.8704566331803414,0
418655,240,4366.136411577124,4936.558942437403,0,0,1.7291187466794244,1.8344612437786654,0
419155,241,4393.7959058033375,4872.805294206332,0,0,1.7289840421367928,1.8178838992109863,0
419655,242,4310.965804372043,5045.875375589717,0,0,1.7248843044551068,1.8601298893517217,0
420155,243,4375.69327887907,4854.731761430543,0,0,1.721957492979862,1.8107217944840381,0
420655,244,4263.35883882383,5045.141140142702,0,0,1.710329215318545,1.8543922759759164,0
421155,245,4391.977246790193,4880.549218253643,0,0,1.7292118921663555,1.819737997665204,0
421655,246,4355.168312438649,4853.872847065825,0,0,1.7153784290075007,1.8071655790189327,0
422155,247,3984.386693579731,5182.538402078925,0,0,1.6456275752112575,1.8647777609816716,0
422655,248,4308.347716398519,4981.586614808136,0,0,1.7156787359860626,1.8402867584318399,0
423155,249,4322.834428886503,5019.709327451635,0,0,1.7257705575856266,1.8542134804814587,0
423655,250,4392.096042817936,4905.085980859487,0,0,1.732791774360516,1.8276758225670688,0
424155,251,4342.253517768985,5163.303788283225,0,0,1.7475916500244504,1.8983468505198131,0
424655,252,4334.58748217673,4834.294030442738,0,0,1.7074313912244197,1.8002279322752273,0
425155,253,4391.790810159926,4939.433348337199,0,0,1.7358050462890604,1.8368296336919365,0
425655,254,4246.247094975428,4870.117798547615,0,0,1.6860129305604175,1.8011246937032415,0
426155,255,4514.052440213232,4836.5967117984055,0,0,1.7610856055170228,1.8212492193449756,0
426655,256,3844.6143429912,5268.884837930448,0,0,1.6128629616744137,1.8737235029539188,0
427155,257,4054.075334441011,5121.56385434499,0,0,1.6580755401723961,1.8538833337275527,0
427655,258,4243.722537281621,5087.844339929911,0,0,1.7098392197033172,1.8650011786255356,0
428155,259,4259.215731308245,5094.081495550078,0,0,1.7142536571381244,1.8680719522839644,0
428655,260,4291.044490027314,4909.257061072327,0,0,1.7038804760495387,1.8174341700561212,0
429155,261,4291.990522556368,5094.89174014594,0,0,1.7243191126308859,1.8720335494612694,0
429655,262,4280.659946419726,5023.892606715335,0,0,1.7126973199757807,1.8498935034439021,0
430155,263,4309.417088339252,5024.010739056825,0,0,1.7222578968794575,1.853764479971696,0
430655,264,4240.64115832168,5121.529212221094,0,0,1.7124691450907583,1.8748764835141198,0
431155,265,4317.375142378085,5100.788278218659,0,0,1.7320234943350896,1.8764559960545304,0
431655,266,4263.487215761198,5007.297357834546,0,0,1.705992357499038,1.8432033862602357,0
432155,267,4352.468815633909,5029.101091908578,0,0,1.7350853670536612,1.8598994365820805,0
432655,268,4177.29293601681,5115.465665466062,0,0,1.6933036464753062,1.865521004213905,0
433155,269,4152.566661129591,5088.4514015358045,0,0,1.682196269031675,1.8547008770914253,0
433655,270,3475.5855337912103,5095.64862397628,0,0,1.4854987917796263,1.7825269519259292,0
434155,271,4202.500827819148,5081.384502225078,0,0,1.696391360424872,1.857936784939978,0
434655,272,4378.328324079542,4986.984637817828,0,0,1.7383722293536228,1.8505997331117106,0
435155,273,4335.098810628384,5023.020231759105,0,0,1.7291476066153684,1.856054263927856,0
435655,274,4310.375014847272,5098.791159594141,0,0,1.7300390968396118,1.8752788588192884,0
436155,275,4135.23574480287,5206.579327331757,0,0,1.691020112447246,1.8880606187629085,0
436655,276,4308.768623548063,5134.9797169997955,0,0,1.7351668649164609,1.8865429874562434,0
437155,277,4329.452848103856,5052.450172971685,0,0,1.7314194635577125,1.8642974532485048,0
437655,278,4407.899589404109,5001.313762694136,0,0,1.7485557381640482,1.857327266982835,0
438155,279,4378.414704595653,4976.379814411212,0,0,1.736285250082347,1.8468334678283007,0
438655,280,4314.154131174289,5060.382938223126,0,0,1.7269168327251778,1.8645120114583271,0
439155,281,4469.922354603656,4955.094759860055,0,0,1.7617853880040426,1.851553878553341,0
439655,282,4332.321585486715,5037.74578780307,0,0,1.7307790072012534,1.8603679225552168,0
440155,283,4279.669891606616,5035.380293437114,0,0,1.715148418760223,1.854005052452511,0
440655,284,4242.571307370767,4955.659505557218,0,0,1.6945466992331473,1.825944236840469,0
441155,285,4298.095136494711,5039.568637431259,0,0,1.7197622173597835,1.8567171984660675,0
441655,286,4303.139238412399,4939.1540474849435,0,0,1.7102915372686942,1.827530761729603,0
442155,287,4232.22666628458,5122.5222645839485,0,0,1.7110946037839094,1.8741030030752581,0
442655,288,4511.790625717935,4616.948344665835,0,0,1.7369076801997096,1.75678761511954,0
443155,289,3927.070910769186,5224.983749978996,0,0,1.6327958640068514,1.8704020465174136,0
443655,290,4337.95737892158,5000.084098439151,0,0,1.727942963032026,1.8502385798582843,0
444155,291,4143.9851185464395,5179.222643277895,0,0,1.690365076026734,1.880549310881795,0
444655,292,4311.786644122805,5117.443223507939,0,0,1.7340274163621758,1.8814596482128274,0
445155,293,4272.893926906277,5081.98092856562,0,0,1.7175927728355749,1.8664421308252057,0
445655,294,4196.521782698125,5109.644437938103,0,0,1.698395409442165,1.8663357326895114,0
446155,295,4047.012828316933,4952.595347414908,0,0,1.6375003126208578,1.804088921948397,0
446655,296,4358.097319456057,4942.074516715071,0,0,1.7275527632602425,1.8351085078133436,0
447155,297,4128.18310021294,5176.703184943794,0,0,1.6868669811651706,1.8797513776380042,0
447655,298,4258.6617376602035,5038.073573867818,0,0,1.7081779388573317,1.8519482882233473,0
448155,299,4143.648420125238,4964.296746328051,0,0,1.6659624047116819,1.8170785728005767,0
448655,300,4131.150941821493,5036.834637389531,0,0,1.6719833308667662,1.8380560132820685,0
449155,301,4315.027854504997,4987.259577261321,0,0,1.7195223790541885,1.8433121774154593,0
449655,302,4408.840665703394,5084.014483069812,0,0,1.7577197260646058,1.882153112034999,0
450155,303,4310.1407302225625,4970.402014472993,0,0,1.7158190002237423,1.837787408462933,0
450655,304,4158.350601089673,5136.020528617795,0,0,1.6910198912297596,1.8696273672522747,0
451155,305,4394.645084396803,4984.497349396428,0,0,1.7429439870994563,1.851390458355666,0
451655,306,4367.446654445129,5071.875778974746,0,0,1.744150202588788,1.8738931412194721,0
452155,307,4237.073475669596,5121.981013085572,0,0,1.7111024036443967,1.8742803872087954,0
452655,308,4296.611828428473,5022.139071965285,0,0,1.7170808176842556,1.8512157137968164,0
453155,309,4341.952130220832,5078.542619334335,0,0,1.737927668493652,1.873523388129871,0
453655,310,4345.106406293912,5074.936297850159,0,0,1.738133438019438,1.872790947893483,0
454155,311,4257.530812046969,5155.665278408199,0,0,1.7213116556668466,1.8865716223795714,0
454655,312,4337.826894127156,4997.9233699700535,0,0,1.7270936057949497,1.8491019526356243,0
455155,313,4187.655378633659,5091.258606511868,0,0,1.693653347408426,1.859680153445901,0
455655,314,4177.7725153004185,5209.464228562494,0,0,1.7038906391048694,1.8935300266582036,0
456155,315,4356.398284652595,5038.413185979833,0,0,1.7373535233037647,1.8629298970938473,0
456655,316,4370.410833079865,4984.779865097876,0,0,1.735704160893543,1.8489434985096935,0
457155,317,4338.770946850937,5028.891669118515,0,0,1.7304403253551852,1.8580615823538749,0
457655,318,4331.9210076944,5100.087462157189,0,0,1.7369432799610067,1.8782037748017357,0
458155,319,4156.364865858302,5183.475571909291,0,0,1.694497786321252,1.8830504756017374,0
458655,320,4370.377499280175,5039.829952869862,0,0,1.7426823860643248,1.8652070580854536,0
459155,321,4420.230237061795,4967.6773649752695,0,0,1.7499789532371448,1.8498685103831567,0
459655,322,4308.220656064963,5119.632504702553,0,0,1.7324218243234795,1.8814864046242095,0
460155,323,4540.974630895265,4915.376394929133,0,0,1.7775676993515082,1.8474120446771223,0
460655,324,4316.60145636796,5064.938515869345,0,0,1.7293175815890063,1.866796179203247,0
461155,325,4289.364005283846,5087.316549198411,0,0,1.723543117614972,1.8701596678994392,0
461655,326,3603.4361529537296,5334.657473531036,0,0,1.54920964347346,1.8667753901371684,0
462155,327,4130.895216008496,5254.0334365759045,0,0,1.6955611820509313,1.9012179586761955,0
462655,328,4341.964264874053,5038.476885064942,0,0,1.733425151381886,1.8612741016584735,0
463155,329,4281.104556309811,5098.984956086374,0,0,1.7227320164429427,1.8727571356093178,0
463655,330,4431.214358950783,5019.649423724212,0,0,1.757176194997911,1.8659581489932133,0
464155,331,4388.158779846912,5009.4701491036485,0,0,1.7431003331301658,1.8577219731325805,0
464655,332,4171.622483158726,5199.471634396572,0,0,1.7004207295226925,1.8892385534778164,0
465155,333,4318.6873425216845,5014.195606834502,0,0,1.7240893104222281,1.852393053960469,0
465655,334,4240.750861856249,5073.631205600944,0,0,1.7068915343102644,1.8601769325851558,0
466155,335,4336.5802708283,5068.020423262776,0,0,1.7352808539123943,1.8699047487275666,0
466655,336,4323.338412270651,5101.037256741017,0,0,1.7346754507505122,1.8779959186397834,0
467155,337,4334.39733090229,5145.525673603052,0,0,1.7421951742193023,1.8913489616256218,0
467655,338,4343.796196862898,5070.732950770139,0,0,1.7371614200447743,1.871206487768672,0
468155,339,4295.958784993748,5129.619588940217,0,0,1.7300050640921283,1.883325711752278,0
468655,340,4087.235893801247,5201.524909936756,0,0,1.6761590857552078,1.8806036594167863,0
469155,341,4381.5527458241195,4974.979704449988,0,0,1.7383483399553863,1.8475425078135734,0
469655,342,3234.0104786723828,5410.478192837149,0,0,1.4494115626191495,1.8475936858249904,0
470155,343,4350.29984336708,5125.5354117457555,0,0,1.7459197749318085,1.8881736009525578,0
470655,344,4362.8894628031585,4937.906347623939,0,0,1.727416278407049,1.8336601507171706,0
471155,345,4439.481314733305,4842.501349178459,0,0,1.7399269024421464,1.8146904029892232,0
471655,346,4130.290713830805,5191.227255647034,0,0,1.6881488130538322,1.8828594812629795,0
472155,347,4346.119231074809,5040.3899954149165,0,0,1.7344965118394238,1.8624986637908574,0
472655,348,4280.17288871739,5081.4919388256385,0,0,1.719055671806487,1.8669420909714818,0
473155,349,4341.817136017301,4880.323942525499,0,0,1.7153901563814566,1.8148098816924851,0
473655,350,4369.517833714838,5001.940781600257,0,0,1.7372076706388058,1.8536097151336797,0
474155,351,4289.3077146483265,5131.766891578394,0,0,1.72743616450135,1.8828969253142054,0
474655,352,2423.557913750619,5858.812722754688,0,0,1.2610679947303276,1.889790926637061,0
475155,353,4323.352070939315,4994.64274177757,0,0,1.7222350533356143,1.8462975914082864,0
475655,354,768.6984467449452,6445.6846938144845,0,0,0.8419624304391528,1.879300590454511,0
476155,355,2092.7836715676335,5818.943725573331,0,0,1.1609054550121065,1.8421503736807072,0
476655,356,4302.914899662193,5007.736155913473,0,0,1.7183102547368378,1.8481977285977367,0
477155,357,4336.715796090721,5079.3525561580545,0,0,1.736719155546388,1.873354720539873,0
477655,358,4324.413336942942,5003.576444909636,0,0,1.724410677792318,1.849339662190212,0
478155,359,4326.21000277732,4987.798772343689,0,0,1.7230199489719877,1.8447379164004298,0
478655,360,2109.2131162373694,5825.49058732721,0,0,1.164584849419709,1.8447573684818122,0
479155,361,2286.7121214527665,5955.330085424114,0,0,1.2310044604689079,1.902595167853207,0
479655,362,4214.148225536624,5158.495604849636,0,0,1.709373021743807,1.8820063521047983,0
480155,363,4213.067499671741,5140.648679785583,0,0,1.7071762584617025,1.8769604016864874,0
480655,364,4053.905684327794,5266.562864247558,0,0,1.6747037539434537,1.8969632103154241,0
481155,365,4317.868511221693,5017.649045821625,0,0,1.7245877950831967,1.8525377512957835,0
481655,366,4197.9666701325195,5104.1307385403325,0,0,1.6982611069462465,1.8646086558023138,0
482155,367,495.9156490579093,6539.548424054598,0,0,0.7693687400956443,1.875034237839287,0
482655,368,1333.448476634519,6282.534556780449,0,0,0.9880559482143972,1.8932177945020774,0
483155,369,3418.9629084592625,5383.447131441106,0,0,1.5004688305200724,1.8603016363633709,0
483655,370,2947.555815042574,5541.049636534234,0,0,1.379864020941793,1.8544878660791102,0
484155,371,3061.302249849341,5598.500571669317,0,0,1.4178219545631492,1.8830054482485994,0
484655,372,1627.5953120205468,6205.2356603077915,0,0,1.0660043891439122,1.9034546442248326,0
485155,373,3662.2134718304424,5320.332277932008,0,0,1.5640996733370323,1.8677555978452454,0
485655,374,3425.486875055346,5415.366870059672,0,0,1.5063683667333916,1.8703284811575247,0
486155,375,-20.91380592777778,6824.049039713888,0,0,0.6493292922879543,1.9012223739706406,0
486655,376,4010.047472888926,5259.225630355332,0,0,1.6597893282010405,1.889203521883128,0
487155,377,4216.263456970566,5142.235280330903,0,0,1.7085579283482184,1.8779019623481839,0
487655,378,4262.851474421114,5028.230635825264,0,0,1.7093751553935472,1.8497298703590814,0
487951,379,947.6855750744008,3563.054304761537,1,0,1.0416188645016526,1.834226727601541,2
488451,380,4187.115157758833,5075.548286898404,0,0,1.6920023697059854,1.854215958109506,0
488951,381,4270.422360640885,5123.395896197571,0,0,1.7221614285962727,1.8785355497858336,0
489451,382,4274.189347802011,5070.037746471457,0,0,1.7161559579048193,1.8630469716030844,0
489951,383,4321.871192374719,4968.101327216582,0,0,1.7198068050215725,1.8384343923650135,0
490451,384,4376.082197001699,4911.908643007841,0,0,1.7286559258465464,1.8277526313366572,0
490951,385,4391.4662398911905,5003.729264880744,0,0,1.7443456226721672,1.8571510026454887,0
491451,386,4367.365962946287,5048.97551896958,0,0,1.7419808010220155,1.8673615600279063,0
491951,387,4313.215667358137,5143.364524158505,0,0,1.7367276181253501,1.88901232835324,0
492451,388,4252.661606064884,4962.359024875042,0,0,1.6994019807862772,1.8297457911839894,0
492951,389,4212.728156791372,5032.399278909945,0,0,1.6941998446243174,1.8454597720402433,0
493451,390,4161.461961651408,5132.161240766933,0,0,1.6904954616621792,1.868967728827295,0
493951,391,4144.854074624615,5049.365767267159,0,0,1.6769439377734798,1.843022839107128,0
494451,392,4177.004885088965,5039.459062178656,0,0,1.6859967871922925,1.8441589456062797,0
494951,393,3953.7549329961116,5236.924410207096,0,0,1.6420557989550786,1.8768768079579807,0
495451,394,1649.0871454107116,6027.282915410454,0,0,1.0522115194831105,1.8532473174970645,0
495951,395,-2605.895110520818,7746.628654434281,0,0,0.000766729819577137,1.8891888979981928,0
496451,396,3171.213371993141,5549.30153700033,0,0,1.4461334815527949,1.881435505446415,0
496951,397,3322.1948995021717,5468.548967913786,0,0,1.4815121024552627,1.873512142159074,0
497451,398,2799.87174917459,5729.023389476806,0,0,1.3583944528692007,1.8936295656725517,0
497663,399,-958.5857459310508,2994.6237108518108,0,1,0.0008321679839867013,1.7241975043040063,1
498163,400,3935.637531073231,5200.762027969928,0,0,1.6319119180109873,1.8640821644955667,0
498663,401,2491.567656358736,5857.615488202071,0,0,1.2813776228572835,1.8970825753271736,0
499163,402,4244.260966974788,5077.067558299807,0,0,1.7091302546313867,1.8619650876732068,0
499663,403,4197.6745893649,5163.751921584289,0,0,1.7046538610562627,1.8819722900964486,0
500163,404,4288.25812052828,5037.608903872205,0,0,1.716985049864527,1.8550294264505578,0
500663,405,4254.406492178302,5098.570175776442,0,0,1.7138639589253115,1.8690175124124946,0
501163,406,4109.441279955481,5109.058120791755,0,0,1.6733589606346169,1.8566368135447169,0
501663,407,4187.687565039431,5174.581962309388,0,0,1.7037581565021063,1.8844697886980326,0
502163,408,4176.394431351225,5169.514510107934,0,0,1.6987817327258061,1.8813933201077877,0
502663,409,4257.40575881312,5151.651597139037,0,0,1.7210113394810973,1.8850920724760634,0
503163,410,4200.208035694249,5181.539811310088,0,0,1.707440154814036,1.8876486380188393,0
503663,411,4150.772292560367,5150.024491669726,0,0,1.6895183551401955,1.8731113249136937,0
504163,412,1029.0332188982766,6304.775360670227,0,0,0.9024268483483959,1.8664099144235309,0
504663,413,4220.309295645539,5019.0423005356015,0,0,1.6954882763092487,1.8421856946036526,0
505163,414,4255.323778729539,5004.604748638817,0,0,1.7039827384086403,1.8415550957570124,0
505663,415,4038.1863716698986,5225.435124711485,0,0,1.6652306058891562,1.88248829541802,0
506163,416,3542.3552483772573,5308.1057603296595,0,0,1.5293569102567632,1.8520764066510271,0
506663,417,4154.085303603049,5126.295489762285,0,0,1.6887368337049875,1.866704672806887,0
507163,418,4221.051001154898,5119.939349986634,0,0,1.708072947753156,1.8724894092635749,0
507663,419,4034.0573455699805,5139.45538224885,0,0,1.654890320756286,1.8576167726844033,0
508163,420,-1161.595158670511,7293.963176781108,0,0,0.36807760568438946,1.913934272693203,0
508222,421,-238.96541995695162,677.1840881809366,1,1,0.0030080938262958224,1.4039504185413276,0
508722,422,3586.9372411040736,5317.376106545898,0,0,1.5426611784131687,1.8597704204383638,0
509222,423,-2575.677566370302,7777.527776787816,0,0,0.0002245060552156569,1.8965373059462025,0
509722,424,2636.7685388785467,5828.140401500169,0,0,1.3206606934319292,1.9041486397520637,0
510222,425,3439.2039308908256,5457.342442040687,0,0,1.5146532604097267,1.8833978479463014,0
510722,426,3270.3102849777265,5509.691055287584,0,0,1.470605380234821,1.8806816671049906,0
511222,427,3783.163002952952,5303.669274979489,0,0,1.5993116353105379,1.8775554348928163,0
511722,428,3743.858165148025,5319.736166191069,0,0,1.5891829299598326,1.8772377722454574,0
512222,429,-2604.2285708047143,7810.06705685076,0,0,0.004931718657427683,1.9060540760733922,0
512722,430,3673.186313772321,5336.721524614682,0,0,1.5713907581265851,1.8752412250558748,0
513222,431,1592.344811030347,6071.601120162624,0,0,1.0401796863978,1.8597809898302116,0
513722,432,-2558.158548728278,7702.599456364086,0,0,0.0034064023297940373,1.8792919417092162,0
514222,433,3272.481902547629,5150.3973373617755,0,0,1.431971347738646,1.7764135605958975,0
514722,434,-2592.630792425369,7732.161031335544,0,0,0.0007773573792295463,1.885397242184286,0
515222,435,3238.109669267808,5551.719303231475,0,0,1.465701368508468,1.8892446837153802,0
515722,436,3199.03523918231,5521.312129759723,0,0,1.4510496649223739,1.8760301761270564,0
516222,437,3523.5996698093736,5267.522167785116,0,0,1.5180572193459325,1.8379841106817123,0
516722,438,2849.954621235268,5655.953782954541,0,0,1.3642094617605653,1.8774213325546238,0
517222,439,3614.6231546764548,5388.430598133799,0,0,1.5583294976886608,1.883031597393551,0
517722,440,2983.988473789312,5608.486288278285,0,0,1.3984527359028718,1.8778743874958588,0
518222,441,3512.307739241711,5457.742835353015,0,0,1.5365769701973209,1.8923074605224242,0
518722,442,-2125.062649174273,7524.985837841529,0,0,0.11481863194202764,1.876580854716395,0
519222,443,3833.075779388665,5301.171273717625,0,0,1.6132130939416218,1.881435950697945,0
519722,444,3717.6765763044605,5311.552108767654,0,0,1.5805492427162933,1.8721253215618576,0
520222,445,3593.946771212607,5342.546430842744,0,0,1.5483242718805015,1.8679462386620118,0
520722,446,3404.925978959709,5407.539919433812,0,0,1.5002643860032516,1.8666455652379659,0
521222,447,3072.7285726364207,5495.608428188995,0,0,1.4121239807155388,1.8546176226115108,0
521578,448,884.850620969954,4365.969534466924,1,0,0.945838920508928,1.8285190130942204,2
522078,449,3335.1102408320507,5480.188247827649,0,0,1.4875617956826837,1.8797260539464455,0
522578,450,3494.9794570166932,5389.867934214169,0,0,1.5248002479612788,1.8708617955258953,0
523078,451,3894.4698688741714,5225.834741318975,0,0,1.623569241430543,1.866819946015778,0
523578,452,-2361.010941377359,7230.728468590072,0,0,0.016716092305653373,1.7658036254865812,0
524078,453,4053.86265720454,5162.630657931248,0,0,1.6639111775469697,1.866060094199939,0
524578,454,-2452.4913984563877,7674.493877386495,0,0,0.033056162221841,1.8830740982407015,0
525078,455,2210.4249090099856,5873.017885065557,0,0,1.2024827125094737,1.8713133011358478,0
525244,456,-470.39170193448314,2288.418993019641,1,0,0.2553096129757088,1.7467096660663226,2
525744,457,4212.61796455531,5039.077287887802,0,0,1.6961330926805491,1.8481063359894363,0
526244,458,3959.8611917806315,5163.983643287742,0,0,1.635357790783607,1.8560586986606744,0
526541,459,494.63698835764063,3745.0651291342833,1,0,0.8475791599176663,1.8321403699855572,2
527041,460,2866.9948627785666,5667.203936881163,0,0,1.3710854129013077,1.8826393660655336,0
527541,461,-2573.97055524322,7727.997907803274,0,0,0.004165854203072791,1.8854112921325201,0
528041,462,-1641.602338393437,7427.651132120802,0,0,0.24295855007043923,1.9000526633532746,0
528541,463,4208.416390764203,5138.469773754793,0,0,1.7057788364802233,1.8762421115401893,0
529041,464,-326.98555720534074,6821.602886773543,0,0,0.5626090993162978,1.8679605487458066,0
529541,465,4070.6796561870697,5164.0660948412915,0,0,1.6678889988969876,1.8682252869888116,0
530041,466,-2490.460119467972,7663.57078272307,0,0,0.017624049856876763,1.87449421627075,0
530078,467,-122.70713306907943,366.4235719412019,1,1,0.060085064364157045,1.239654555686685,0
530578,468,3774.2612973975524,5360.30351292214,0,0,1.6025386556177295,1.8923691003039256,0
531078,469,-2493.5959080034236,7703.242421875385,0,0,0.022296591189200455,1.8862119113296736,0
531578,470,-2528.5158948221265,7594.094751956553,0,0,0.00041829379448439925,1.8498169947663723,0
532078,471,-2562.4374861288466,7653.76762125253,0,0,0.003160969621360351,1.8661918488209808,0
532578,472,-2552.12793646616,7701.5315031586715,0,0,0.00796145088178027,1.8801476293416628,0
532831,473,-1243.123724293991,3768.182541545438,1,0,0.005239258875152319,1.7991839839915078,2
533331,474,-2584.990234945727,7756.017079827346,0,0,0.0014800604606143833,1.8912491396827318,0
533367,475,-116.25352795107617,319.1590131197329,1,1,0.011676094723149845,1.0935485024812577,0
533867,476,3631.0434283238164,5282.603517535434,0,0,1.5514752910502385,1.85412080051324,0
534367,477,-2580.379643337262,7729.9466579557775,0,0,0.0020077858779708716,1.885241036335034,0
534867,478,-2539.11420305526,7610.951937754753,0,0,0.0004620091469190267,1.8545338499762116,0
535207,479,-1715.6329371777435,5127.847117988405,1,1,0.007437984742934271,1.8430792329679377,0
535707,480,-2579.8511074449334,7717.524691104677,0,0,0.0013447603266254053,1.881583037676062,0
536207,481,2194.6882765120495,5972.1943128188905,0,0,1.2045963039795768,1.8963123176727688,0
536707,482,3892.057852291869,5193.39884360638,0,0,1.6185586899554303,1.856770285425609,0
537207,483,-2531.095728126946,7687.2550376066965,0,0,0.011500435523056587,1.8779189542443828,0
537707,484,4122.971143297291,5118.100054090535,0,0,1.677523444275916,1.8602730725478493,0
537819,485,-509.6962856120442,1581.9812542331476,1,0,0.018513793964454572,1.6869613957413472,2
538319,486,3997.697385537754,5205.999681374479,0,0,1.6511415098443132,1.8719507392135335,0
538819,487,3788.7444033928978,5231.9758422430405,0,0,1.5929314532765853,1.8565039102494267,0
539319,488,-1966.174403277488,7416.064461402118,0,0,0.1499700135678685,1.8622708841746662,0
539819,489,4133.40298386018,5186.067877349585,0,0,1.6895973601974272,1.8824618972963822,0
540319,490,4071.7979620280366,5149.870669361899,0,0,1.6671354327091656,1.864483610397751,0
540819,491,3930.8319934476503,5295.209437239661,0,0,1.641748974066421,1.8912031307801103,0
541319,492,4110.7541742790945,5228.453687109239,0,0,1.6871700827522642,1.8915105851648548,0
541819,493,4240.18371528972,5052.235944839561,0,0,1.704070877728675,1.8540064897851158,0
542319,494,4196.656563569997,5232.870191695956,0,0,1.7123937909567215,1.9025815702681597,0
542819,495,4155.111963967566,5180.279895472371,0,0,1.693697461400513,1.882051332672221,0
543319,496,3534.223175670416,5347.060982565741,0,0,1.5303834917450967,1.8627538244645316,0
543819,497,3544.801951673956,5280.526958874917,0,0,1.5271353138601538,1.8446137956420832,0
544319,498,4390.587659641946,4985.391185832309,0,0,1.7413552514155222,1.8512183039616812,0
544819,499,4285.01677617505,5095.1195183749405,0,0,1.7232346806845542,1.8717321260863844,0
545319,500,4223.933471019996,5121.485269823642,0,0,1.7075033443665182,1.8725874147439923,0
545819,501,4351.611806967195,5103.451001988106,0,0,1.743396632876716,1.8816041455429782,0
546319,502,4247.23735320294,5137.201479041779,0,0,1.7165569085440504,1.879911506803086,0
546819,503,3948.7219289385494,5198.721782152552,0,0,1.6350906985577256,1.864777920931773,0
547319,504,4531.084395825771,4641.563344782115,0,0,1.7453912814602972,1.7664779126420938,0
547819,505,4517.986848561008,4815.93340140151,0,0,1.759892955420771,1.815664313469402,0
548319,506,4363.344435347543,5052.926022098153,0,0,1.7417302323150667,1.8684909018364746,0
548819,507,4289.015657750448,5050.126937280805,0,0,1.7192344493290952,1.8592648469852262,0
549319,508,2342.1706207319316,5785.924283102369,0,0,1.2299437564252838,1.8595227834116907,0
549819,509,4331.9003510888115,5125.834671912912,0,0,1.7398747004061066,1.8858002278908783,0
550319,510,4318.719253941606,5049.705059497553,0,0,1.727227496485441,1.8618683719608935,0
550819,511,4342.098633664665,5073.772500155552,0,0,1.7379147370708372,1.8722332419623968,0
551319,512,4477.575540921374,4973.9766204778425,0,0,1.76452505746528,1.8568035447160873,0
551819,513,4310.214236932599,5046.334758330409,0,0,1.7240169839658335,1.8603385596334032,0
552319,514,4366.491392903066,4995.184409139703,0,0,1.7364310237201692,1.852091170120042,0
552819,515,4161.175583151699,5177.090340581932,0,0,1.6959149344469509,1.8821448334745718,0
553319,516,4396.5722226904545,4994.608910827303,0,0,1.7444241985521636,1.8546710729161435,0
553819,517,4410.935245708513,4939.471067416665,0,0,1.7426635001961115,1.840076356837398,0
554319,518,4381.537319141331,5015.414609034993,0,0,1.742071816348909,1.859186147197598,0
554819,519,4372.74693757092,5071.438573549276,0,0,1.745702153640602,1.874496986140335,0
555319,520,2105.784440321552,5870.248666484695,0,0,1.1696595269308174,1.85807818656305,0
555819,521,4330.171468241504,5081.528789755311,0,0,1.7348710212402825,1.8730628513807521,0
556319,522,4344.939098941269,5006.316099138103,0,0,1.7298234362246088,1.8522566177034867,0
556819,523,4395.603310392101,5050.311350241307,0,0,1.7499904898445113,1.8707159193592577,0
557319,524,4352.062907043175,5003.689053460318,0,0,1.7327024318710855,1.8527094416412777,0
557819,525,4206.098245815405,5155.136436094533,0,0,1.7065727494696525,1.8807948227670885,0
558319,526,4350.99038032342,5025.6781464288415,0,0,1.7344147687601124,1.858694330170362,0
558819,527,4329.7737680031805,5024.121066603585,0,0,1.72872469776751,1.8564303218333915,0
559319,528,4394.18812867456,4965.108330935075,0,0,1.7395911923639005,1.8453746312290507,0
559819,529,4396.331773540937,5075.670956961401,0,0,1.7532990606230214,1.8782647746781633,0
560319,530,4307.786768139878,5115.145108247405,0,0,1.7316953663013896,1.8800207295470317,0
560819,531,4440.877695564678,5016.179326196099,0,0,1.7594625928643812,1.8660064691708727,0
561319,532,4497.586414952662,4995.638333359275,0,0,1.7740408022683325,1.865873312450288,0
561819,533,4586.311382898543,4933.116622860985,0,0,1.7936828137252034,1.857755511235728,0
562319,534,4405.906870220544,4979.859330975615,0,0,1.7456532361582295,1.851490764559569,0
562819,535,4379.709281674373,4927.30569805495,0,0,1.7319742617396539,1.8326174488359732,0
563319,536,4365.805315153346,5126.140769017301,0,0,1.7511221117493472,1.8904384714169422,0
563819,537,4405.109324594866,5051.620023869735,0,0,1.7529737543375334,1.8723628650064355,0
564319,538,4421.318980451732,5039.339450884101,0,0,1.7561674999815222,1.870220842878329,0
564819,539,4330.556063610844,5034.83425274586,0,0,1.7291455610400852,1.858801927189686,0
565319,540,4239.66316449525,5137.548634456207,0,0,1.713716145991687,1.87908788719432,0
565819,541,2365.629550446989,5677.321390898545,0,0,1.225054690179948,1.8305688190918983,0
566319,542,4335.249229612405,5037.8571331149815,0,0,1.7310712668170263,1.860462367055554,0
566819,543,4380.508626828849,5064.725979083942,0,0,1.7471561915733045,1.8734413728028019,0
567319,544,4409.290107834327,5019.911139912694,0,0,1.7504925471370916,1.863380351812265,0
567819,545,4533.822327362985,4796.83116508192,0,0,1.762807717629723,1.8122008474903541,0
568319,546,4471.700591546619,4879.337110499753,0,0,1.7540460396503321,1.8292647091722036,0
568819,547,4391.986872459512,4975.098270615193,0,0,1.7405433057999027,1.8482139386947452,0
569319,548,4483.989890271244,4826.568853316848,0,0,1.7517344903685166,1.815676223485642,0
569819,549,4400.604632699335,5032.295345824003,0,0,1.749465630182666,1.8661303056855623,0
570319,550,3127.3821443405063,5509.167199780803,0,0,1.4305073122468446,1.8653492994887984,0
570819,551,4423.100982904657,5017.244339009509,0,0,1.7549011292318526,1.8641331023729972,0
571319,552,4406.482174285145,4943.187056063359,0,0,1.7415344517191584,1.8409432351198824,0
571819,553,4356.490554457443,5052.247263694109,0,0,1.7389197498587317,1.8672836267569224,0
572319,554,4427.195091578341,5084.388997874489,0,0,1.7627769389544337,1.8840489981944233,0
572819,555,4337.594943257645,5103.3952331430955,0,0,1.7393966855163705,1.8800365887821597,0
573319,556,4376.0432568411225,5024.170324094952,0,0,1.7417917995733672,1.860945807849729,0
573819,557,4371.834980955375,4973.087412886989,0,0,1.7355672755811202,1.845953527971847,0
574319,558,4351.604724196488,5106.229963180783,0,0,1.7430698848810164,1.8817118729424764,0
574819,559,4316.152231691014,5055.215349624195,0,0,1.727020490387804,1.8633088160149773,0
575319,560,4326.2904360582015,5044.045479973856,0,0,1.729042232252052,1.861252329679636,0
575819,561,4403.520005560985,4977.3989623845855,0,0,1.7446552386999763,1.850851155839762,0
576319,562,4395.327109549906,5034.264423377264,0,0,1.7484466647633314,1.866041699665786,0
576819,563,4401.455805966144,5045.486948642419,0,0,1.7518428623032019,1.8703063103142439,0
577319,564,4443.43192687174,4900.187397648779,0,0,1.747253503052505,1.8320252875819234,0
577819,565,4438.701505102415,5000.697912031086,0,0,1.758430022078698,1.8620537134614166,0
578319,566,4338.883270342947,5052.547856431397,0,0,1.733841224292905,1.8652405468986295,0
578819,567,4386.072443828251,5013.361087107176,0,0,1.743226632805936,1.8586666986161728,0
579319,568,4224.038874138675,5121.43911765395,0,0,1.7078032759165627,1.872794722251002,0
579819,569,4404.476203613071,5101.140123102877,0,0,1.7597575780369592,1.8874361919543257,0
580319,570,4451.304056514455,4872.250953230177,0,0,1.7468864103260797,1.8250781457583978,0
580819,571,4410.575300626701,5013.449370978621,0,0,1.7512766013769292,1.8618532748768983,0
581319,572,4406.756810018191,4919.886919782285,0,0,1.7391184298511213,1.8338698309353876,0
581819,573,4391.718972384834,5005.351246453588,0,0,1.7438435668327985,1.8571229591823035,0
582319,574,4243.940260034577,5148.327188796704,0,0,1.7160795286677941,1.8823880677861815,0
582819,575,4334.131509851411,5064.28981534839,0,0,1.7334400128027496,1.8677943845974996,0
583319,576,4341.61995471244,5038.040844521488,0,0,1.7331157982690912,1.8613713484953238,0
583819,577,4348.44138719998,5059.315162313359,0,0,1.7373664686800516,1.8681844219178334,0
584319,578,5188.467680764511,2772.923082642238,0,0,1.7294244113634478,1.288305579159599,0
584819,579,4387.138917037065,5131.44754163773,0,0,1.7570450496590928,1.8939181521884432,0
585319,580,4664.156174677361,4408.715393053193,0,0,1.7581199908891658,1.711503925104048,0
585819,581,4406.392930986865,5007.933075320073,0,0,1.7485461636802957,1.8594893495144798,0
586319,582,4468.818695328872,4804.618219154658,0,0,1.7439458757372601,1.8065987721691699,0
586819,583,4361.239478540784,5053.0441298962805,0,0,1.7407298178727761,1.8679518845933363,0
587319,584,4343.584387986103,5047.030357209686,0,0,1.7357262872363872,1.8642558395922602,0
587819,585,4432.91528540668,5045.825872134809,0,0,1.761363570558995,1.8740769387480376,0
588319,586,4275.091689182843,5080.375751412123,0,0,1.7193677938224787,1.866868664458392,0
588819,587,4324.348459309136,5140.5633718663385,0,0,1.7399044309433909,1.889700412616082,0
589319,588,4951.888786414692,3601.9096556473432,0,0,1.7537941902373748,1.507851493192293,0
589819,589,4351.642319397816,5073.759235090753,0,0,1.7395467622824254,1.872712831736016,0
590319,590,4212.100634328054,5159.694613446225,0,0,1.709226327348035,1.8831647969462606,0
590819,591,3212.941518725892,5451.429567782784,0,0,1.448206285352091,1.8578744320710354,0
591319,592,3827.930585274078,5279.418328664033,0,0,1.609451485378391,1.8755348180920912,0
591819,593,4344.472452824101,5088.291917040837,0,0,1.7393227641627667,1.8766563341117999,0
592319,594,4378.91019254072,5020.2373839414295,0,0,1.7420358360993218,1.8601347875037348,0
592819,595,4147.052207847591,5228.228864514712,0,0,1.6966152278818543,1.895055795944225,0
593319,596,4254.664961319796,5136.271185590544,0,0,1.7180737727073678,1.8805114361539348,0
593819,597,4331.897621338011,5016.597682696061,0,0,1.7279469620501307,1.8538222441982548,0
594319,598,4263.912495403871,5140.575153855936,0,0,1.7214075837260545,1.882634001277102,0
594819,599,4287.070764675641,5155.021725254283,0,0,1.7295109101393613,1.8893882043547912,0
595319,600,4241.064530027688,5093.405490128588,0,0,1.7097383279297649,1.8666754402999914,0
595819,601,504.2199083711358,6444.398989440866,0,0,0.7617145077171881,1.848414661370007,0
596319,602,4350.072846726031,5009.053379268128,0,0,1.7320083194609428,1.8536241975713128,0
596819,603,1790.7919455385675,5997.767442332404,0,0,1.0923414092477235,1.861145059363926,0
597319,604,4344.246102443789,5130.33741922922,0,0,1.7449370314740598,1.8888589616558709,0
597819,605,4031.2948875460984,5158.765066148518,0,0,1.655153010697924,1.8615173225874495,0
598319,606,4070.3193707336513,5133.7556490656325,0,0,1.6641159770551635,1.8589512181185126,0
598339,607,26.659154250056314,49.27014744294752,0,1,0.0,0.3837046964576704,1
598839,608,3561.4540991104527,5386.401926585149,0,0,1.5431452631312317,1.8769325523863571,0
598933,609,-119.14511788160895,1155.8887189578165,1,0,0.4018665205504043,1.5975867332486793,2
599433,610,2302.710027170671,5857.237427775701,0,0,1.2256209668067624,1.8756993721655977,0
599933,611,2641.596958395788,5763.30326635739,0,0,1.3149291659243643,1.885248806859967,0
600433,612,3015.9907819208256,5586.177979537102,0,0,1.4061204721060343,1.8753443903801423,0
600933,613,-2596.8911020852584,7742.354002510503,0,0,0.00020029586735929088,1.887485128283901,0
601433,614,3597.1289936513663,5362.740734886523,0,0,1.552110989185488,1.8750476625572745,0
601933,615,3748.3585060692462,5294.3776439145595,0,0,1.587503080996676,1.8707029308835623,0
602433,616,3973.428027360098,5286.561369784891,0,0,1.652474593387848,1.8928790034823213,0
602933,617,3523.4763268669526,5502.072755812815,0,0,1.5447136297085757,1.9066429327358345,0
603433,618,3552.346189934375,5288.054043681156,0,0,1.5285953474674023,1.8467557636290983,0
603933,619,-2588.1583656719386,7747.966506357956,0,0,0.0008944298286516049,1.8891596624770446,0
604433,620,3746.065431561349,5249.071714576329,0,0,1.5819055319513509,1.8572167914163245,0
604933,621,3458.5783643554287,5372.564047394046,0,0,1.5106147922889963,1.8614199332124295,0
605433,622,3773.6254752827335,5250.918202662333,0,0,1.5904244382207515,1.8612230783600683,0
605933,623,4132.631461461791,5172.357934919357,0,0,1.6873086264688795,1.877681078213425,0
606433,624,3423.5937478640612,5219.737204081319,0,0,1.483670301921123,1.81293835380617,0
606933,625,3897.2400277231645,5273.757601720018,0,0,1.6286140553218071,1.8809259756477767,0
607433,626,2581.5516010311676,5734.372809562141,0,0,1.2932007583751932,1.8703066840970266,0
607488,627,-194.01221435849897,595.2416077543361,1,0,0.0,1.2138456344212702,2
607988,628,3336.514442358456,5450.314011024198,0,0,1.4836367258209402,1.8706035516930088,0
608488,629,3568.1986680655496,5452.235735728996,0,0,1.5519962204635338,1.8972102209430157,0
608988,630,3600.690527130462,5361.810223312209,0,0,1.551921293203124,1.8741804361572911,0
609488,631,-2539.242373109521,7613.892812815316,0,0,0.0035978128097199948,1.8568240315433762,0
609988,632,4070.4481377079846,5199.675818091072,0,0,1.6698718227114446,1.8778522145060668,0
610488,633,4333.8750284290745,5115.798403241191,0,0,1.7390190477022887,1.8828956674881292,0
610988,634,-2538.0349068637956,7637.902612683293,0,0,0.0058728557693040855,1.8635602262223097,0
611488,635,4232.172237708574,5076.222964941764,0,0,1.706997736196345,1.8617900113083508,0
611988,636,3911.7337823382068,5196.959184548624,0,0,1.6246943956034077,1.8606180793941598,0
612488,637,4380.873501881325,5099.020718726789,0,0,1.7525278545422525,1.8840071649493546,0
612988,638,4355.070833603237,5070.173760365575,0,0,1.7407253633588278,1.8722582615864385,0
613488,639,4248.328282126073,5147.6873180485545,0,0,1.7183619400991206,1.8832442485335101,0
613988,640,4413.455647229114,4912.1354452237565,0,0,1.7400489793841862,1.8325411779156304,0
614488,641,4326.788064355641,5042.177084074337,0,0,1.7292348781867857,1.861222043520523,0
614988,642,-1597.8434401484894,7316.788157383765,0,0,0.2498838411261112,1.8750046026354243,0
615488,643,4232.74432023194,5161.221613789973,0,0,1.7151055946342804,1.8860652756375798,0
615988,644,4257.268163416752,5177.1890145411635,0,0,1.7242443887812624,1.8929156107636114,0
616488,645,4458.5241505505155,4919.893297785826,0,0,1.7543257788158715,1.8403382180980312,0
616988,646,4361.532563011621,5100.124889967018,0,0,1.7455754995652606,1.881725192205745,0
617488,647,4347.613477858102,5111.639686513199,0,0,1.7432661193295709,1.8842395247129193,0
617988,648,4358.308421896728,4981.0393294522155,0,0,1.7309364095589683,1.846150547933252,0
618488,649,4328.531073674965,5090.225990424742,0,0,1.736149949206328,1.8757166851950744,0
618988,650,4263.654999629608,5173.134578160968,0,0,1.726014620643293,1.8932658272657226,0
619488,651,4294.967033527259,5110.52664841178,0,0,1.728185375068422,1.8791487565948624,0
619988,652,4406.060847397597,5023.737253616491,0,0,1.751096893936489,1.8648988269261793,0
620488,653,4355.239315192293,5084.270000649973,0,0,1.7423101156505048,1.8763682776568873,0
620988,654,4280.6979185199425,5143.632257257981,0,0,1.7276612445759787,1.8858123011003831,0
621488,655,4440.252191753426,5032.680706408046,0,0,1.7620723927207282,1.870973609186172,0
621988,656,4320.85854211424,5066.166034178327,0,0,1.730420125149727,1.8672515515556047,0
622488,657,4409.44295206241,4993.17856835403,0,0,1.7481026640879875,1.855705873776411,0
622988,658,288.6026346838578,6517.714597597229,0,0,0.7111188995288,1.8485965886534337,0
623488,659,4454.460623142102,4990.104511508842,0,0,1.7620589056239653,1.8599802953898783,0
623988,660,4400.822189350032,5046.2002247122755,0,0,1.7517281342887967,1.8700979802011852,0
624488,661,4301.902102901797,5015.7418788338455,0,0,1.7194870365371953,1.851129896232206,0
624988,662,4331.081329344008,5082.745810447295,0,0,1.734855757157437,1.873001754502392,0
625488,663,2182.8746337432344,5790.877791385092,0,0,1.1838086286715384,1.8433069170540244,0
625988,664,4278.700560881579,5211.826935962006,0,0,1.7342330387045033,1.9051612201525598,0
626488,665,4412.319417357132,5036.315922307965,0,0,1.7529175536459916,1.868237222030485,0
626988,666,4302.470836244256,5089.0731367067265,0,0,1.7271666542264381,1.8717832729983412,0
627488,667,4319.940828391007,5072.472210045583,0,0,1.730311076550022,1.8687064695833926,0
627988,668,4351.981075901523,5096.181171979432,0,0,1.7421778161493995,1.8788768787621084,0
628488,669,4372.568975082565,5074.177670950424,0,0,1.7459193438265692,1.874706695712791,0
628988,670,4420.725395195072,5040.219234959019,0,0,1.756138180529502,1.870582956820133,0
629488,671,4369.864442252226,5158.884445618249,0,0,1.75545792721606,1.9015005654046964,0
629988,672,4405.629205160556,5018.708041153171,0,0,1.749972819551121,1.8628314031515956,0
630488,673,4290.780222233984,5120.552735094718,0,0,1.7270133883738896,1.87976874309615,0
630988,674,1755.5674950796715,5677.240720075377,0,0,1.0484989612812334,1.7645717705857364,0
631488,675,4401.098431144589,5049.140104468936,0,0,1.751275286744385,1.870763270258372,0
631988,676,4401.173397906064,5081.9293324235105,0,0,1.756251223129545,1.8813176340199018,0
632488,677,4446.078272189207,5038.310965921952,0,0,1.7637841190756451,1.8730884171668887,0
632988,678,4311.097920485491,5179.844110661087,0,0,1.7407084776885526,1.8997920021353993,0
633488,679,3886.77093539231,5217.492584159292,0,0,1.6201696510968093,1.8638182564996353,0
633988,680,4184.862436869243,5129.510609716403,0,0,1.6971782578586558,1.8705019328130568,0
634488,681,4264.376503781806,5066.8244786568575,0,0,1.7139640625860069,1.8612549446102562,0
634988,682,4409.5761221837765,4957.356334231754,0,0,1.7443487241756008,1.8456146181208755,0
635488,683,4467.22848765729,4946.011498869089,0,0,1.7600755512057384,1.8486812280735478,0
635988,684,4342.487138879339,5078.304698967831,0,0,1.7389007606957307,1.8749503199702198,0
636488,685,4346.852879285841,4979.3228019354365,0,0,1.7278323841824654,1.8444886580574662,0
636988,686,4428.46380431174,5024.970693209581,0,0,1.7570520153407805,1.8668508430421764,0
637488,687,4390.636507116084,5083.677258084342,0,0,1.7518474713269843,1.879744011124175,0
637988,688,4434.741285299266,5069.955521053255,0,0,1.7635906888496224,1.8810534891993607,0
638488,689,4495.373348531734,4941.196577263976,0,0,1.7685246455038977,1.8504014103076964,0
638988,690,4400.3450187250155,5040.220006493729,0,0,1.7498968733506377,1.8680086744011084,0
639488,691,4481.200119132452,5000.326731496961,0,0,1.7699646485373706,1.865863377188703,0
639988,692,4266.306565082224,5227.372257676365,0,0,1.7324700113609686,1.9085761029421155,0
640488,693,4298.764559287965,5160.495054384904,0,0,1.7340037522510547,1.8914865062016502,0
640988,694,4468.045364155421,5007.9715788905,0,0,1.7675566444162363,1.8667851124744617,0
641488,695,4410.858516720432,5062.516206064529,0,0,1.7566556911902462,1.8765880214745505,0
641988,696,4402.247916579311,5083.205577366865,0,0,1.7557897911961426,1.8812915715624567,0
642488,697,4340.019800738134,5078.800941280947,0,0,1.7381061401624331,1.8734961254021438,0
642988,698,4389.330398114143,5080.67604893501,0,0,1.7511002349054048,1.8788035881174356,0
643488,699,4369.401279912136,5122.711375335997,0,0,1.7506776469678902,1.8893854112478718,0
643988,700,4346.39360881835,5081.362474406525,0,0,1.739366967031482,1.8743495732511575,0
644488,701,4387.310416998197,5060.971172269968,0,0,1.7481935412004492,1.8726142167656779,0
644988,702,4471.118675881748,4898.2129400823205,0,0,1.7558447486322601,1.8346210806293795,0
645488,703,4385.604035559634,5197.517346751401,0,0,1.7638044811032292,1.914261611674431,0
645988,704,4214.02391803681,5233.962722328467,0,0,1.717569798415922,1.9047403038339628,0
646488,705,4320.520940387672,5130.696493292901,0,0,1.7380304480628286,1.8864528969173566,0
646988,706,4221.416770774518,5083.322761182373,0,0,1.7030184956189025,1.8611238506567638,0
647488,707,4330.05585241818,5126.760287287998,0,0,1.740028885183327,1.8858119413585084,0
647988,708,4483.686831513112,4960.532296946332,0,0,1.7654135842825371,1.8542336471350347,0
648488,709,4427.251667669631,5001.464925910519,0,0,1.7542802527466457,1.8600407908115821,0
648988,710,4486.951831845446,4975.343847241383,0,0,1.769075480156215,1.8590685696911193,0
649488,711,4420.286673810855,5074.841051915847,0,0,1.7598938693722441,1.8808504879790675,0
649988,712,4270.15668762523,5129.401466671528,0,0,1.7226351584730566,1.880272193819246,0
650488,713,4352.883503518684,5112.8586944555445,0,0,1.7442762581144873,1.8845830789918887,0
650988,714,4308.666127102881,5167.9133355734075,0,0,1.7375450977889089,1.8956276929495273,0
651488,715,4469.481989237808,4997.059619374518,0,0,1.7655887531804406,1.8633404869496446,0
651988,716,4453.612081771873,4986.230486243464,0,0,1.76025702570592,1.858494859181553,0
652488,717,4356.197914832692,5172.14317087717,0,0,1.7518681606128796,1.901671959127902,0
652988,718,4453.502738399039,4926.559688250909,0,0,1.7533698993540006,1.8411037251033457,0
653488,719,4482.232997226281,4962.061370581767,0,0,1.7649435887818263,1.8542418919918149,0
653988,720,4481.486777767895,4964.900035333102,0,0,1.7648896550052686,1.8548799695777491,0
654488,721,4285.971771833021,5083.776181745373,0,0,1.7221916494308147,1.8690146025841865,0
654988,722,4287.954861458172,5158.231659610149,0,0,1.7301860021287447,1.8901753886070591,0
655488,723,4308.949104768968,5111.248855667512,0,0,1.7307633810468095,1.8788632019034561,0
655988,724,4297.304206720204,5125.317739857609,0,0,1.73023234605814,1.881786153829059,0
656488,725,4334.4244062483795,5123.915440773864,0,0,1.7405881316987797,1.8855141083443867,0
656988,726,4337.081875706492,5124.453612306312,0,0,1.7413594734828985,1.8862657681054968,0
657488,727,4372.860103715616,5038.8177087939985,0,0,1.7420346437606549,1.8646079634857953,0
657988,728,4323.844912330098,5075.208504410007,0,0,1.7310966623051054,1.8694942406851596,0
658488,729,4394.803531720925,4996.8523474897065,0,0,1.7440004045891475,1.855065539443804,0
658988,730,4443.981273850041,4928.753467683768,0,0,1.7521087374048303,1.8414163233105112,0
659488,731,4306.9142734962,5139.897208481627,0,0,1.734372657655918,1.8872793885263237,0
659988,732,4386.872231836714,5036.898539552365,0,0,1.7462494856079545,1.86600025603848,0
660488,733,4359.485597287144,5074.26840419492,0,0,1.7419038487482326,1.8737596531741194,0
660988,734,4493.645524652782,5021.096742829945,0,0,1.774976558385168,1.8725770844998877,0
661488,735,4533.527128355725,4942.477800077449,0,0,1.7787085888612033,1.8546257602575074,0
661988,736,4387.346818665405,5062.507743653756,0,0,1.748805777527582,1.8732066899144295,0
662488,737,4299.078771724702,5119.656083301321,0,0,1.7304320765225794,1.882121977056587,0
662988,738,4389.413675095944,4966.477836498688,0,0,1.7391306459184983,1.845637297055643,0
663488,739,4436.908979397095,4985.661452712037,0,0,1.7547641493373616,1.856177391611394,0
663988,740,4400.879139043656,5060.421749678608,0,0,1.7529458337170105,1.8746916566441303,0
664488,741,4371.901061971892,5093.616276184736,0,0,1.7481739556370817,1.8811458499226843,0
664988,742,4415.044247717285,5072.340077915836,0,0,1.7583343179877322,1.8790627826510513,0
665488,743,4446.632475854732,4893.206003291008,0,0,1.7484472561912285,1.830823013213215,0
665988,744,4408.818044950862,5107.127128152168,0,0,1.7608633756503342,1.8895515386895791,0
666488,745,4448.288764998465,4985.102042058309,0,0,1.758094092761224,1.8571327448439412,0
666988,746,4384.456304645696,5024.247065112756,0,0,1.743642761450606,1.8616341973213821,0
667488,747,4239.014453596624,5162.470512612645,0,0,1.7173573898062016,1.8862809604867616,0
667988,748,4364.773822376133,5156.319971872825,0,0,1.7534754356498694,1.8987094581778736,0
668488,749,4387.404397604965,5126.820212485236,0,0,1.755607592625988,1.8921710013685855,0
668988,750,4500.066886203928,4970.369761738783,0,0,1.7721085793875613,1.8589757529145001,0
669488,751,4336.581104182375,5081.377498682604,0,0,1.7377810927567992,1.8750630771298578,0
669988,752,4387.775799714629,4927.430033857337,0,0,1.7347146579341925,1.834212168951697,0
670488,753,4385.850345743031,5063.387217513576,0,0,1.7484265704090882,1.8735985897583383,0
670988,754,4336.8191845011515,5051.608683432185,0,0,1.7334557896867537,1.864954864832757,0
671488,755,4509.763756625278,4951.420252552985,0,0,1.772179668411082,1.854176961372376,0
671988,756,4335.866252734636,5166.450222648689,0,0,1.7461168256488668,1.8980656486532435,0
672488,757,4366.948525696849,4988.36879060927,0,0,1.7343231951882065,1.8487701559969154,0
672988,758,4442.636066660519,5071.746462018881,0,0,1.7668254609733132,1.8823557574678649,0
673488,759,4288.499150590349,5078.237857144572,0,0,1.7210686760126357,1.8662255492772037,0
673988,760,4393.25085535332,5068.536026547634,0,0,1.7516280937757374,1.8758308996598088,0
674488,761,4370.56883065197,5090.488110271053,0,0,1.7470644120023535,1.8794261280179687,0
674988,762,4548.501543301611,4938.707582749762,0,0,1.7823914404926569,1.8546829902497686,0
675488,763,4358.7930917261965,5100.3765535276125,0,0,1.7453179033079593,1.8815208637263403,0
675988,764,4487.676340074217,4988.564377855064,0,0,1.7703041030137605,1.863159128053212,0
676488,765,4398.18144995758,5068.732800350049,0,0,1.7534001007913635,1.8765303339148636,0
676988,766,4385.421867293209,5014.328183824823,0,0,1.7430162064768289,1.8594323010549565,0
677488,767,4403.732307226712,5096.66419695406,0,0,1.7566670285818724,1.884744317666201,0
677988,768,4369.112846552446,4963.184427013394,0,0,1.7321453084858143,1.84191629745253,0
678488,769,4381.65542297353,4996.370409652026,0,0,1.740400351448927,1.8538720853704291,0
678988,770,4454.285886612701,4973.736559587886,0,0,1.758264696908365,1.8545204440025984,0
679488,771,4278.492366904025,5095.698863298817,0,0,1.7203109561404033,1.8712056764429517,0
679988,772,4426.268394505804,5066.762076336303,0,0,1.7605082243230858,1.8788345214061708,0
680488,773,4353.744914741887,5129.696734904337,0,0,1.7462729341216408,1.8890178056971645,0
680988,774,4436.215408778443,5057.383995904775,0,0,1.763111139380083,1.8775818343597421,0
681488,775,4311.9759092044815,5049.6699636040585,0,0,1.7249517377782244,1.861099163717543,0
681988,776,4482.043485676166,5056.175048537806,0,0,1.7756081911843073,1.881729935893132,0
682488,777,4422.056160323803,5047.750637039545,0,0,1.7577670180451017,1.8728373495171018,0
682988,778,4410.929431481053,4959.690916639486,0,0,1.7445917431892677,1.8460370455289963,0
683488,779,4352.537855626518,5148.298911866777,0,0,1.7484657501412804,1.8944839280299168,0
683988,780,4316.376512809617,5119.451673706112,0,0,1.7347757040082883,1.8823558250789572,0
684488,781,4433.060487359157,5087.141538652325,0,0,1.7669336879844066,1.8865083215925778,0
684988,782,4372.858892489523,5080.068749587743,0,0,1.7467179187519102,1.8760936018152354,0
685488,783,4381.098124587607,5025.988450885756,0,0,1.743024687736721,1.86185408288133,0
685988,784,4302.843537769817,5098.0582239821815,0,0,1.729302409006685,1.87496873821716,0
686488,785,4462.404754865048,5012.215290228239,0,0,1.7651311680785116,1.8669482295732636,0
686988,786,4371.478263479735,5117.594256585227,0,0,1.750075215783564,1.8877640603145176,0
687488,787,4356.471393636083,5089.017366244122,0,0,1.7433610010890068,1.8780907894189152,0
687988,788,4472.987522216065,4938.3793474320355,0,0,1.7595943135177456,1.8460149918842936,0
688488,789,4426.413808265229,5045.871458119984,0,0,1.7583677590792497,1.872687566091383,0
688988,790,4401.08587049692,5044.831157919445,0,0,1.7509007759354263,1.8693671620135874,0
689488,791,4391.475959481036,4980.6113628124385,0,0,1.7407699447420935,1.8499376232826785,0
689988,792,4326.152382671469,5162.0682259766745,0,0,1.7424921162658502,1.8959407183338877,0
690488,793,4355.082296346228,4920.490804851339,0,0,1.7240428016268878,1.8284686977794005,0
690988,794,4442.244323116425,5010.265942109538,0,0,1.7603169926769244,1.8656622907101712,0
691488,795,4319.798865786474,5033.192682495596,0,0,1.7253592604155361,1.857252419294147,0
691988,796,4346.465117069773,5062.742259394727,0,0,1.7381893544515792,1.869628461690351,0
692488,797,4423.741047327586,5048.413782686272,0,0,1.7581152712640287,1.8734106173640885,0
692988,798,4372.30324940184,5101.235152993919,0,0,1.7488012650019813,1.8830125369740625,0
693488,799,4386.414282436709,5024.929023258992,0,0,1.7448607221970738,1.8626052036548564,0
693988,800,4363.001764730408,5038.399194105155,0,0,1.7383338099874763,1.8631354576507213,0
694488,801,4399.163225250094,4995.854914435684,0,0,1.7453285344821068,1.8549694097319553,0
694988,802,4369.963410179801,5018.097559501786,0,0,1.7392886405596077,1.8586647051486718,0
695488,803,4409.245294864766,5037.330186499486,0,0,1.7522996021782387,1.868493179997611,0
695988,804,4338.840148069203,5128.9229743064925,0,0,1.7420179319665048,1.887355884154513,0
696488,805,4394.958755743701,5113.446348577741,0,0,1.7576430514821173,1.8897649940556616,0
696988,806,4336.6027358143,5156.45221450623,0,0,1.7445287932198235,1.8952602683316777,0
697488,807,4367.930378806972,5186.57353370828,0,0,1.757020884600852,1.9075265063278013,0
697988,808,4356.088471069529,5099.192060966325,0,0,1.7433779034925982,1.8804067295242224,0
698488,809,4394.175670843374,5073.361774462558,0,0,1.752875611629995,1.8777747408066299,0
698988,810,4466.389539107313,4942.67555949425,0,0,1.7593212010110089,1.8469879364153703,0
699488,811,4392.699053749607,5058.48710949099,0,0,1.7505367449264335,1.8730872080742618,0
699988,812,4282.392547170217,5131.664276917913,0,0,1.7269209734107387,1.882930410488263,0
700488,813,4347.004893296413,5082.392015567527,0,0,1.738387434081003,1.8739440885177532,0
700988,814,4354.745323958987,5028.151747075848,0,0,1.7356111648782033,1.8594982970876506,0
701488,815,4424.971543015728,4875.4188097634105,0,0,1.7399498384543424,1.8232466490452386,0
701988,816,4358.170785078709,5032.090814192063,0,0,1.7378039824580016,1.8618230574937138,0
702488,817,4325.2005466863775,5012.300682416076,0,0,1.7251508901241464,1.8513718776138361,0
702988,818,4472.35772819521,4892.790945289493,0,0,1.7561478397790318,1.8340199165575815,0
703488,819,4474.478127125555,5020.157363724606,0,0,1.7704891499127982,1.8706522271053414,0
703988,820,4387.638351735882,5044.738077235302,0,0,1.7473707075589824,1.868671837360503,0
704488,821,4346.062949683028,5106.000431551727,0,0,1.7414292591916483,1.8815327975795113,0
704988,822,4416.721769464017,5074.8270338963475,0,0,1.759237050805526,1.8804928805816474,0
705488,823,4399.55118697031,5060.211769259989,0,0,1.7527029835845473,1.87449439647983,0
705988,824,4339.01382586486,5073.8439654436925,0,0,1.7363105173064235,1.8718843821015827,0
706488,825,4380.947673084312,5099.697659482556,0,0,1.751567379892673,1.8836946263227692,0
706988,826,4428.157548479084,5033.118201964955,0,0,1.7576285614158826,1.8691889997937334,0
707488,827,4393.895102842233,5072.675194721767,0,0,1.7522442737323434,1.8771324039486146,0
707988,828,4391.640836980987,5051.7162083014555,0,0,1.74882230717955,1.8706055415176226,0
708488,829,4455.700867332844,4973.081908995901,0,0,1.7593486600597936,1.8551768508375766,0
708988,830,4440.350974808831,5056.448487268404,0,0,1.763373352576148,1.8771927557943229,0
709488,831,4422.721326123713,5095.55722365883,0,0,1.763498406504661,1.8870230681760638,0
709988,832,4453.78245544737,4902.0921019955385,0,0,1.75117564841651,1.8335994274410907,0
710488,833,4260.102379480609,5182.258082538974,0,0,1.725203895358731,1.8939171583174181,0
710988,834,4338.825715694105,5103.723307798326,0,0,1.7387257982451676,1.8796904994005452,0
711488,835,4367.602749099431,5066.499953599628,0,0,1.7438055867312616,1.8725867390762831,0
711988,836,4402.783579434451,4996.475163290492,0,0,1.746587433161962,1.8556729296695447,0
712488,837,4452.20261570859,5031.535995864275,0,0,1.7644675560296392,1.871619166904425,0
712988,838,4349.18736091064,5017.701971939612,0,0,1.731824027912813,1.855391805238896,0
713488,839,4387.918731044242,5143.829817950976,0,0,1.7591766629937593,1.8976743157774993,0
713988,840,4408.884753372831,4976.075168897475,0,0,1.7449206759286613,1.8504426543113712,0
714488,841,4326.360814539201,5085.952423458114,0,0,1.73422996652741,1.8739214236417383,0
714988,842,4402.6250964507835,5017.482453149437,0,0,1.7490704075792332,1.8621632161394523,0
715488,843,4447.480555312237,4941.286976551234,0,0,1.7527473492538839,1.8441884144969738,0
715988,844,4321.557548151481,5086.839650513495,0,0,1.7321229546147108,1.873285511338759,0
716488,845,4341.058909943804,5119.586250908788,0,0,1.7413733112190708,1.8847787635400655,0
716988,846,4433.8123387634605,4987.118293093857,0,0,1.7549635432602,1.8567272302140305,0
717488,847,4362.311882839951,5011.434876066511,0,0,1.7366752033263542,1.8558075525608333,0
717988,848,4344.951431991091,5142.372549296362,0,0,1.7454953377181943,1.892068942956687,0
718488,849,4391.037755178817,5073.706954298843,0,0,1.751770995070817,1.8775526643942806,0
718988,850,4415.110369427953,5035.552335102406,0,0,1.7550010664538034,1.8689045231637587,0
719488,851,4279.275481396034,5105.898095754195,0,0,1.721759292433291,1.8741959412836475,0
719988,852,4377.734789598988,5040.485883463902,0,0,1.7442000799121786,1.866241222433146,0
720488,853,4361.08543369022,5048.242116829814,0,0,1.7394653906658215,1.8661733081732337,0
720988,854,4271.076034583606,5087.022401175195,0,0,1.7181650230120262,1.8678000996318485,0
721488,855,4445.790909392164,4919.000838212246,0,0,1.749577756964359,1.83736276362376,0
721988,856,4448.438245444385,5015.57034723761,0,0,1.7623431122652895,1.8664970889139432,0
722488,857,4292.849230242176,5169.855527264594,0,0,1.732892936214163,1.8944928563760246,0
722988,858,4340.9533731425845,5040.207797943715,0,0,1.7330536410290582,1.8616017655238242,0
723488,859,4504.7532949713905,5012.69038884451,0,0,1.778341717797899,1.8718877306978867,0
723988,860,4492.294925530498,5020.914953451994,0,0,1.775545454140678,1.8730335697063045,0
724488,861,4335.596330020671,5132.880987807976,0,0,1.7409671558086552,1.8876311169403373,0
724988,862,4485.204441683676,4938.906708496517,0,0,1.7645522119783152,1.8483812390418208,0
725488,863,4344.670653908172,5122.248839740549,0,0,1.7428559835419615,1.8862769499988454,0
725988,864,4409.567554533474,5060.577900861439,0,0,1.7552930187808828,1.874765692882963,0
726488,865,4293.97447168744,5138.88227940794,0,0,1.730313393639451,1.8859125386577302,0
726988,866,4408.798726840064,5094.927707741508,0,0,1.759043150682492,1.885179090083438,0
727488,867,4403.374033644444,5062.86740044131,0,0,1.7540456339633255,1.8753552660790576,0
727988,868,4385.077194869523,5035.971002305618,0,0,1.7450035095505245,1.865143553381896,0
728488,869,4382.44611112911,5132.153426824055,0,0,1.7550531568687397,1.8933964901981057,0
728988,870,4436.724001505635,5069.103601603708,0,0,1.7642257063612472,1.880696178500849,0
729488,871,4434.242579173743,5008.6448514303065,0,0,1.7571276877608875,1.862919042447085,0
729988,872,4385.1046463501725,5007.138242907549,0,0,1.7420292030786604,1.8569804251412447,0
730488,873,4181.031894783173,5198.921483345491,0,0,1.7031535812416134,1.890256339415293,0
730988,874,4398.197343057995,5073.525469415815,0,0,1.754013246458852,1.878051200804472,0
731488,875,4394.010269306992,4975.382531732331,0,0,1.741796247833639,1.8491300745853885,0
731988,876,4280.148219763274,5119.573536964154,0,0,1.7238982210806952,1.877975048950417,0
732488,877,4311.7066458365125,5044.802272051156,0,0,1.7244186952323581,1.8595571430021889,0
732988,878,4256.022074445052,5159.776890023646,0,0,1.7211771089451067,1.8872215853333905,0
733488,879,4481.696432325743,4954.162262588963,0,0,1.7650139120886887,1.8524063091262593,0
733988,880,4462.767356912751,5076.07655014398,0,0,1.7726810853710826,1.885810157301026,0
734488,881,4310.784813030124,5102.102982489675,0,0,1.7305569098382396,1.8764452793212743,0
734988,882,4431.1655943226315,4990.000159198731,0,0,1.7538530836034447,1.8569986829096006,0
735488,883,4430.554206831983,5004.817460323448,0,0,1.7550797607619297,1.86119702507311,0
735988,884,4398.460545182836,5036.1670312580245,0,0,1.7488565892996852,1.8668286627951607,0
736488,885,4356.873155407197,5133.42167855326,0,0,1.7486221914805258,1.8914218962673017,0
736988,886,4355.630753593509,5173.753358747313,0,0,1.7525162081410404,1.9029240480288965,0
737488,887,4376.399417652463,4994.329685425548,0,0,1.738697100416565,1.8521701476960621,0
737988,888,4545.200010867221,4950.7183396554665,0,0,1.783026631758198,1.858149864466389,0
738488,889,4320.953124742614,5073.013920233591,0,0,1.7314781441563105,1.8693636862025387,0
738988,890,4398.444845053676,5118.543905259891,0,0,1.7581827082246797,1.8905112228330698,0
739488,891,4309.862664065694,5091.074659163069,0,0,1.7290619015625384,1.873265083376115,0
739988,892,4306.842709188747,5126.539796991461,0,0,1.732722531982866,1.8828076158691833,0
740488,893,4277.344252369722,5095.549874386719,0,0,1.7202211533386198,1.871017797636783,0
740988,894,4367.538034191931,5108.470306966442,0,0,1.7481744846553322,1.8844955990389134,0
741488,895,4455.409107425524,5044.912497821988,0,0,1.7669068767994742,1.8760229412137597,0
741988,896,4301.564667256003,5110.436759011474,0,0,1.7287995937691163,1.8775641410329067,0
742488,897,4264.806140664247,5193.022946906985,0,0,1.7282013846643802,1.8985068307341582,0
742988,898,4379.2224742299995,5031.476375163068,0,0,1.742986188191978,1.8631887114205472,0
743488,899,3787.7058732137875,5349.110828661618,0,0,1.6051668714904561,1.8907965760497627,0
743988,900,4382.631854842705,5048.10740841252,0,0,1.7467534689336925,1.8687162335779004,0
744488,901,4456.0873018048005,5001.2760041905,0,0,1.7634965574721846,1.863415747656148,0
744988,902,4482.024219280012,4968.664332026073,0,0,1.7657268323581676,1.856342754801177,0
745488,903,4333.657246896039,5095.64758344567,0,0,1.7373727867515716,1.8768237545680817,0
745988,904,2432.7400769391343,5802.400645312974,0,0,1.2598588671774842,1.8748787285638693,0
746488,905,4397.972452046627,5115.152498858796,0,0,1.7577658251763622,1.8899227735981505,0
746988,906,4316.731507428427,5076.013891936883,0,0,1.7295601977776451,1.8694914050920757,0
747488,907,4307.614878903825,5099.822042140088,0,0,1.7292379643353324,1.8749765324120926,0
747988,908,4437.870349586686,4951.8985839828,0,0,1.7518175187277485,1.846824857959659,0
748488,909,4381.885214148761,4980.535665976943,0,0,1.7382328922601384,1.848541487950105,0
748988,910,4401.946470204512,5113.551342873828,0,0,1.7588571321282693,1.889804241647761,0
749488,911,4429.683532442309,5060.774222083089,0,0,1.761454923222104,1.8781224028820143,0
749988,912,4346.383754304636,5079.896355488722,0,0,1.7392347472128453,1.8740017789799104,0
750488,913,4448.069021006674,5037.546895690751,0,0,1.7643019684278527,1.8727417426020956,0
750988,914,4434.6885633168795,4941.940601469839,0,0,1.7499449597182997,1.8436947113958808,0
751488,915,4436.129258986211,5014.468341394719,0,0,1.7576220616451181,1.8651108782422237,0
751988,916,4479.83749423306,5002.964662349743,0,0,1.7693274773023222,1.8657604263270897,0
752488,917,4422.566289189259,4998.418387817643,0,0,1.7518198099975628,1.8583759605619015,0
752988,918,4369.713732389188,5019.538115503677,0,0,1.7389391062638777,1.858804824941226,0
753488,919,4440.3338821809675,5028.559830567066,0,0,1.760937852533838,1.8694419514623384,0
753988,920,4415.8327147677055,5055.211038497712,0,0,1.756352524879321,1.8743269826805835,0
754488,921,4239.405572022449,5162.367054483562,0,0,1.7166399793997702,1.8862363606046857,0
754988,922,4358.94662785124,5139.180868621178,0,0,1.7495865938932444,1.8931208741314773,0
755488,923,4499.236953915633,4923.339908557479,0,0,1.766621940953041,1.845236499638142,0
755988,924,4169.322309611456,5214.003316746313,0,0,1.7018079664880248,1.8929826601414115,0
756488,925,4443.297926931089,5009.406535976823,0,0,1.7591718144297241,1.863650522376096,0
756988,926,4428.0944910757025,5125.966183329004,0,0,1.7679379350738844,1.8966825724223488,0
757488,927,4427.954351013115,5027.805767521676,0,0,1.7562306937451566,1.867430217314512,0
757988,928,4509.073397130823,4946.912351741882,0,0,1.772056498059803,1.8533951931017087,0
758488,929,4453.942596523651,5008.426023971622,0,0,1.7624980868412714,1.8649202802895495,0
758988,930,4418.580392221323,5026.524956636121,0,0,1.7540786556115993,1.866216829327739,0
759488,931,4366.470315214199,5049.007628313382,0,0,1.74188170978635,1.867295716922331,0
759988,932,4380.127166809277,5006.535398215543,0,0,1.7406786928526907,1.8562644927547005,0
760488,933,4376.471607521898,5099.039540965584,0,0,1.7503268446829816,1.883331841605877,0
760988,934,4406.602602796658,5126.8974391734755,0,0,1.7613033891509886,1.8942875049481025,0
761488,935,4357.0504221605415,5129.25282586601,0,0,1.7477782290536925,1.8898677457711044,0
761988,936,4340.33665369514,5136.1537692060765,0,0,1.7435413045248382,1.8895232445711025,0
762488,937,4357.4477236014,5110.471793523086,0,0,1.746252577102245,1.8844394470242574,0
762988,938,4432.774565263447,4866.163107943273,0,0,1.739569477433109,1.8199897127831668,0
763488,939,4336.274787263485,5091.672483331754,0,0,1.7367423739484762,1.8757952571929968,0
763988,940,4459.907142697394,5031.519719043909,0,0,1.7671447813045413,1.8726826102711895,0
764488,941,4390.873695314015,5025.586596179945,0,0,1.7469286872150338,1.8639207366435917,0
764988,942,4429.646109090443,5076.488084491327,0,0,1.7619977580498145,1.8818818513974689,0
765488,943,4487.488377241693,5028.0937964396335,0,0,1.7739685924188702,1.8741945686291417,0
765988,944,4491.962313060549,4934.251440189551,0,0,1.766026776029869,1.8475765210203394,0
766488,945,4329.0056184064,5032.406591149995,0,0,1.7282962556415076,1.85818191251644,0
766988,946,4461.624835655561,5002.528145431124,0,0,1.7641055546933226,1.8640440012479893,0
767488,947,4316.414006104223,5136.575409526006,0,0,1.7365017615336478,1.8870793471108016,0
767988,948,4458.357161822485,5120.547892698591,0,0,1.7767908082143724,1.898724568427276,0
768488,949,4486.072633945111,5020.260301974505,0,0,1.7740208468141385,1.8725843721034534,0
768988,950,4451.863170944577,5005.548350585683,0,0,1.7613365808614034,1.8639770659728803,0
769488,951,4410.564126938553,5092.087708607577,0,0,1.758787673375857,1.884466417069549,0
769988,952,4429.1806199157745,5063.75974832054,0,0,1.7606189099773728,1.8782420539504492,0
770488,953,4418.307351613935,5071.781752597221,0,0,1.7588623755778023,1.879588232907783,0
770988,954,4403.015775845407,5015.458381902893,0,0,1.7481910114473358,1.8611793442734585,0
771488,955,4314.166014643159,5130.55861421925,0,0,1.7348958864416286,1.8854446610305542,0
771988,956,4471.4649150710475,4965.451122160809,0,0,1.7634212120633215,1.854653510812914,0
772488,957,4397.247368533441,5117.1031087689935,0,0,1.7579708863932804,1.89057265062818,0
772988,958,4430.967675633196,4945.99398989675,0,0,1.748707929859337,1.8441858676402088,0
773488,959,4368.640593485219,4953.530161947237,0,0,1.7310889607086564,1.8395544332741038,0
773988,960,4360.963069704413,5121.312480213547,0,0,1.7483342146229923,1.888157985506331,0
774488,961,4307.402507468706,5166.803757524549,0,0,1.738026772288932,1.8956585928220517,0
774988,962,4379.493236066139,5011.396092149873,0,0,1.7414970028106742,1.8580847725292466,0
775488,963,4436.591404041849,5078.64051379544,0,0,1.7651051592664824,1.8836176133674563,0
775988,964,4365.193824072955,5149.630627074717,0,0,1.7524601760980418,1.8969141466830206,0
776488,965,4439.3292682226165,4952.172155183888,0,0,1.7521476037704038,1.8469668913938335,0
776988,966,4383.311690284558,5035.6681845260855,0,0,1.7446677885948796,1.8651261671747068,0
777488,967,4319.486225335415,5117.143482722528,0,0,1.7350884276737801,1.8820279273402303,0
777988,968,4442.706569027536,4949.983924816724,0,0,1.7532522806260202,1.8471290735206214,0
778488,969,4389.165370771654,5016.7583830447975,0,0,1.7441994352857553,1.8600990247643756,0
778988,970,4442.742287626333,4975.122448052667,0,0,1.7557451908413637,1.8542838449454722,0
779488,971,4291.885529616692,5174.507454594473,0,0,1.7330726109959558,1.8957866639515715,0
779988,972,4435.44924366076,4999.265259088218,0,0,1.7566039056569271,1.860618014354654,0
780488,973,4399.013452112645,5079.122705218962,0,0,1.753450868143967,1.8793131124619324,0
780988,974,4373.618563189336,5110.9864532232405,0,0,1.7499433747800053,1.8861161309346792,0
781488,975,4329.172884286636,5031.986243848555,0,0,1.7292621900242857,1.8582604605308854,0
781988,976,4394.604057716413,4958.9648091534555,0,0,1.7400590320842348,1.8440884570372105,0
782488,977,4377.007507632542,5014.420315471441,0,0,1.7404965279716929,1.8579258601213862,0
782988,978,4448.936499407794,5000.6629532823235,0,0,1.7617531075891202,1.8631255879472075,0
783488,979,4420.103228064758,5085.60148783743,0,0,1.7616450060434707,1.8840047237121058,0
783988,980,4468.771576622307,5043.788305015817,0,0,1.771009523084154,1.876916395184944,0
784488,981,4322.7672365875105,5061.03683429204,0,0,1.7300823903616906,1.8659064464846453,0
784988,982,4438.670786419496,5016.3827276036145,0,0,1.7576332473695455,1.8646011021189093,0
785488,983,4416.906434781891,5032.168359895083,0,0,1.7543709289020757,1.867872805649397,0
785988,984,4363.0890379544635,5099.118591141405,0,0,1.7466505562467014,1.8814615108793102,0
786488,985,4448.614426403108,5088.985777256631,0,0,1.7709184608388857,1.889546820442777,0
786988,986,4386.16500689884,5081.945041091579,0,0,1.7519619221053784,1.8797574490271813,0
787488,987,4359.553154693259,5070.633386971644,0,0,1.7421060464046974,1.8731738055497356,0
787988,988,4346.141437913219,5034.6442087944315,0,0,1.7333093997940896,1.8603874058377305,0
788488,989,4379.437823253816,5084.743676098119,0,0,1.749329638682578,1.8793887586996068,0
788988,990,4395.64736115826,5098.208692633628,0,0,1.755125253968088,1.8849256674116845,0
789488,991,4320.8943498749595,5141.17124598769,0,0,1.738157939034364,1.8888848953677493,0
789988,992,4367.237105307076,5114.227353661375,0,0,1.748951432504361,1.886538472255546,0
790488,993,4355.348267337249,5164.583042104368,0,0,1.7505043958572626,1.8992370651817116,0
790988,994,4454.583267980268,4964.502960257215,0,0,1.7580634631892158,1.8518820958986812,0
791488,995,2042.0495549053796,5805.53326583847,0,0,1.1450186364701103,1.8320689566936794,0
791988,996,4403.090201060811,5044.082747394976,0,0,1.7508989153020105,1.8693466420774734,0
792488,997,4428.65225479961,4994.895692888947,0,0,1.7536539516066232,1.8581360228397825,0
792988,998,4462.536978798773,5005.235330395398,0,0,1.7648045664375582,1.8649291564407104,0
793488,999,4463.087152616248,4714.399498538091,0,0,1.7332302599330334,1.7800120564486825,0
793988,1000,4422.662444422283,5023.088439457925,0,0,1.7556815973512776,1.8662119702621816,0
794488,1001,4433.082988648493,4911.261568781165,0,0,1.7451385973126043,1.834114210970129,0
794988,1002,4283.3220769678455,5153.903208066179,0,0,1.7284961831878705,1.8886945746911137,0
795488,1003,4402.367852299064,5121.484970791455,0,0,1.7604772913156654,1.8926907135957953,0
795988,1004,4308.368958301682,5098.659153144828,0,0,1.7297904255754208,1.8751341355775688,0
796488,1005,4393.762962729302,5065.9721004134935,0,0,1.7512668424898465,1.875206544143796,0
796988,1006,4324.715257192847,5067.591080183951,0,0,1.731126655190032,1.8680102306099877,0
797488,1007,4368.755237390519,5012.458219769426,0,0,1.7380188525671056,1.8569151937032904,0
797988,1008,4250.644511451966,5094.833100442784,0,0,1.712719965725742,1.8680064401471193,0
798488,1009,4426.897899436404,5074.447338052001,0,0,1.7630523444417399,1.8821448708142627,0
798988,1010,4409.563906195434,4897.114139044815,0,0,1.73634108966573,1.8270406277610827,0
799488,1011,4285.123540979391,5236.496124330082,0,0,1.738845142314914,1.9144698990824627,0
799988,1012,4416.884827005735,4980.235530920355,0,0,1.7487438104951778,1.852468544931164,0
800488,1013,4404.133168628381,4994.862052771957,0,0,1.7472654827294727,1.8557501719517124,0
800988,1014,4377.422466752788,5059.691177439765,0,0,1.7462397017593634,1.8721627156245984,0
801488,1015,4459.942907557762,5120.324302180105,0,0,1.7757169277849192,1.8976749980241383,0
801988,1016,4437.694226624429,5080.681834009685,0,0,1.7661709997661001,1.8844113033881869,0
802488,1017,4313.8669848455,5172.492090259653,0,0,1.7391090918998184,1.8972863702530969,0
802988,1018,4402.023369850803,5075.258505085522,0,0,1.754792186705419,1.8787190277582229,0
803488,1019,4407.034694490254,5024.38733465254,0,0,1.7508976351558305,1.864756610909483,0
803988,1020,4343.277316036885,5138.97528936761,0,0,1.7453831242909126,1.8911398211274333,0
804488,1021,4296.927192863409,5059.649997805168,0,0,1.7228270434748911,1.8626892923019018,0
804988,1022,4414.894950420269,4971.619874913716,0,0,1.746561266300873,1.8498145982082135,0
805488,1023,4267.217545768587,5104.673501137494,0,0,1.717828669369461,1.872214508077096,0
805988,1024,4346.134656459425,5122.896435000084,0,0,1.7434531484218752,1.886442181916239,0
806488,1025,4361.567466194226,5117.236522090933,0,0,1.748967141446851,1.887547518300485,0
806988,1026,4431.5909729631885,4915.4211994253465,0,0,1.7456531541255371,1.8352387400752421,0
807488,1027,4471.323391948446,4806.504688433971,0,0,1.7450476790328102,1.8071068077502173,0
807988,1028,4522.929956746002,4988.496525635906,0,0,1.779949628467143,1.8664671578814997,0
808488,1029,4318.536808521668,5098.117500759027,0,0,1.7325363681928125,1.8759859896808717,0
808988,1030,4437.982877174192,4871.4741420395385,0,0,1.7419805143705975,1.8227874105370416,0
809488,1031,4475.079700765229,4978.012305076683,0,0,1.7643442384748171,1.8576452301094357,0
809988,1032,4393.158458446718,5042.96288312038,0,0,1.7484127067718578,1.8682007708228192,0
810488,1033,4432.678253468656,5052.316360944668,0,0,1.761389372741127,1.8754816519871496,0
810988,1034,4405.2296676330425,4881.045106076152,0,0,1.7334010222005847,1.8217710528306106,0
811488,1035,4447.8168624881355,5034.084184369769,0,0,1.7631495067917664,1.8715367077794345,0
811988,1036,4495.378783104522,4924.886001472442,0,0,1.7654843083522744,1.8450574268156485,0
812488,1037,4338.598527109137,5106.666045826244,0,0,1.7390935894830084,1.8807880602121696,0
812988,1038,4436.0263191189715,5040.183846618175,0,0,1.760483750644191,1.8723441548109268,0
813488,1039,4383.620028269094,4953.339732543891,0,0,1.735392608403728,1.840841804454698,0
813988,1040,4462.784830868144,5025.735902165056,0,0,1.7663275480587282,1.8706823129213515,0
814488,1041,4321.579290550955,5080.016252953771,0,0,1.731314093573073,1.8710276666205374,0
814988,1042,4435.78458620651,5008.551132558039,0,0,1.7576218281794658,1.8631977431419853,0
815488,1043,4346.699016129532,5137.150615494623,0,0,1.7447113504606835,1.8905991590915279,0
815988,1044,4424.896037931988,5100.438427457371,0,0,1.7643317203386968,1.8887228025245935,0
816488,1045,4388.192821066282,5019.8635839708,0,0,1.7442962994286382,1.8611174328727604,0
816988,1046,4342.465991236456,5156.708879136731,0,0,1.7467293375905766,1.8963444457111727,0
817488,1047,4427.105118651811,5043.603045640165,0,0,1.7582092544594978,1.872237180874095,0
817988,1048,4320.521688815377,5009.545643860836,0,0,1.723565833069321,1.8503886064558366,0
818488,1049,4345.406687147834,4958.105710912674,0,0,1.7254893885926568,1.8381810332756503,0
818988,1050,4442.436585783635,5066.212898734846,0,0,1.7654340157815624,1.8805078136384132,0
819488,1051,4389.822031909207,5115.420948994202,0,0,1.7553760873552327,1.889223384444007,0
819988,1052,4410.230580425598,5081.3131300585965,0,0,1.75728391450707,1.8809464034229089,0
820488,1053,4322.548328840138,5078.775358085326,0,0,1.7316867463060581,1.8710515523682938,0
820988,1054,4450.799176331162,4971.308796989224,0,0,1.7572111657653033,1.85390809825099,0
821488,1055,4368.29653849146,5081.715939816225,0,0,1.7452584107992744,1.8768921116208295,0
821988,1056,4460.204618099735,4952.684940826306,0,0,1.7571536749536552,1.8486661539856344,0
822488,1057,4308.254618321258,5041.659212301692,0,0,1.7239980739648826,1.8587287064700433,0
822988,1058,4412.067079430272,5028.922586008433,0,0,1.751973743853752,1.8660584793873038,0
823488,1059,4300.009700306657,5028.694581682002,0,0,1.7203621044188862,1.8539051714632355,0
823988,1060,4435.812828161573,4961.880053182132,0,0,1.7519948687653126,1.8491941330406634,0
824488,1061,4324.745854478084,5157.419547978642,0,0,1.7417271248173858,1.895574692896073,0
824988,1062,4454.446473821708,4973.381251600246,0,0,1.758321256765904,1.8545048240578783,0
825488,1063,4335.187615321747,5105.503390702257,0,0,1.7377550131923427,1.8796884329068402,0
825988,1064,4458.0874504021285,5055.583079066253,0,0,1.768330104604598,1.8787025606129064,0
826488,1065,4309.289151762282,5131.509879226975,0,0,1.7336233407028112,1.8848599888428068,0
826988,1066,4284.352040975189,5125.768250539074,0,0,1.724980334125044,1.8800397920618608,0
827488,1067,4419.732752690126,4987.347551658841,0,0,1.750177334141518,1.8549309342948201,0
827988,1068,4393.008717601823,5072.729994015754,0,0,1.7520807974894004,1.877412418045103,0
828488,1069,4333.311283572617,5043.0298520323795,0,0,1.7311509366952604,1.861954121627688,0
828988,1070,4353.712891335432,5103.728984831181,0,0,1.7430082335386248,1.8814121102670358,0
829488,1071,4396.72998675777,5088.689502500046,0,0,1.7552686830849487,1.8823583580596317,0
829988,1072,4336.992460640302,5092.646944419774,0,0,1.7370272458739595,1.875962265767485,0
830488,1073,4334.177588132599,5024.600341937077,0,0,1.729582207022785,1.8568309816973667,0
830988,1074,4327.6823894233585,5095.260846469688,0,0,1.7347784657905772,1.8762069415110585,0
831488,1075,4545.905289042063,4883.070883930527,0,0,1.7753017278007721,1.8378868798918402,0
831988,1076,4452.544045245064,4913.914901111307,0,0,1.753108393970253,1.8380302413729066,0
832488,1077,4383.722249573197,5025.155096427759,0,0,1.7433250846463173,1.8620740955710922,0
832988,1078,4310.755049362096,5097.877951467431,0,0,1.731341096221856,1.8768377734987511,0
833488,1079,4334.9067263154475,4958.5326559496325,0,0,1.7212868850149443,1.8366084537844174,0
833988,1080,4174.788832880303,5158.228167987858,0,0,1.6966093717014874,1.8775302719351763,0
834488,1081,4280.642363949428,5109.57546083185,0,0,1.7231433762833446,1.8753101627286537,0
834988,1082,4331.188364308016,5142.099102963573,0,0,1.7413216822267519,1.8903906776750052,0
835488,1083,4430.227459996302,5028.542491776081,0,0,1.7573059780414377,1.8682403380550803,0
835988,1084,4422.160894364125,4960.074067054893,0,0,1.7478302277476185,1.8471028428654348,0
836488,1085,4423.711716519609,5035.374941007242,0,0,1.7567620313329126,1.869512859112875,0
836988,1086,4360.946922273098,5037.604156841383,0,0,1.7383899083476537,1.8628055964067496,0
837488,1087,4351.44806960134,5149.640245705261,0,0,1.7481088411263033,1.8948245056546997,0
837988,1088,4349.586392979316,5144.158660568495,0,0,1.7471201429662784,1.8934976838770763,0
838488,1089,4464.210423480688,5001.4514869010145,0,0,1.763780267055297,1.8632788539121088,0
838988,1090,4321.840953083248,5042.276914823574,0,0,1.7274049713839779,1.8604219534907642,0
839488,1091,4401.390339654572,4950.981558998908,0,0,1.7401990501284823,1.8420382449868682,0
839988,1092,4446.215847808115,5027.991171358018,0,0,1.761282019471394,1.8693588336747005,0
840488,1093,4374.940802676698,5063.471594349047,0,0,1.7457515638994348,1.8724500881080501,0
840988,1094,4388.63340595956,5084.033823961697,0,0,1.7513027731286346,1.879474141045714,0
841488,1095,4414.502278893574,5096.404022090451,0,0,1.7604966996329916,1.886054156268516,0
841988,1096,4453.748004698575,4942.30101754528,0,0,1.7559885168105414,1.8460207792012706,0
842488,1097,4340.108536416497,5124.527736886512,0,0,1.741933764613795,1.8861225859570425,0
842988,1098,4463.279388937684,4890.6490573141,0,0,1.7522870343478283,1.8315277720655205,0
843488,1099,4287.9425302355385,5033.351472195576,0,0,1.7166198325951856,1.8536587368300772,0
843988,1100,4411.922663141464,5026.138985161932,0,0,1.751651063738829,1.8653291179875042,0
844488,1101,4458.952636783332,4943.4827103413445,0,0,1.7571532736674444,1.8468785707656088,0
844988,1102,4316.158523507072,5195.898305720844,0,0,1.7429690942229317,1.9047313286231662,0
845488,1103,4400.642679792645,5045.245994470715,0,0,1.7516885652016174,1.869997163410136,0
845988,1104,4362.627605699916,5097.277498880828,0,0,1.745810241678592,1.880945399576711,0
846488,1105,4333.491744207229,5044.113905200305,0,0,1.7303036911888998,1.8613838384182686,0
846988,1106,4406.553186635458,5019.224167506835,0,0,1.7494003165566923,1.862545857417151,0
847488,1107,4295.442663800262,5125.490733324673,0,0,1.7286721474481672,1.8816883797520934,0
847988,1108,4292.899198066088,5156.943611977194,0,0,1.7323660607786648,1.8907700981753777,0
848488,1109,4298.95515256394,5155.649815899905,0,0,1.7330403321672532,1.8907348205055419,0
848988,1110,4366.483526587611,5079.33795747663,0,0,1.744504425393588,1.876161389913759,0
849488,1111,4239.304047491761,5100.348160470414,0,0,1.709865245166965,1.8682187326191801,0
849988,1112,4313.727507717151,5085.647326045513,0,0,1.7309500334888472,1.8730839668965182,0
850488,1113,4473.030475496408,4963.169165988232,0,0,1.7634638281792046,1.8549376099624695,0
850988,1114,4340.50017061968,5197.181953820036,0,0,1.7504972810802266,1.9082161802703888,0
851488,1115,4448.151935508426,4991.400205575424,0,0,1.7583763863336233,1.8588772097079227,0
851988,1116,4333.195545933606,5108.536426688229,0,0,1.7382759239002603,1.8811075646133395,0
852488,1117,4412.116974955637,5130.998504831143,0,0,1.7635758879204484,1.8959526015128663,0
852988,1118,4274.779308938375,5043.163104643355,0,0,1.7135547684071613,1.8549524994781599,0
853488,1119,4469.809342875375,5032.646725830816,0,0,1.7700048870403828,1.8739979339878066,0
853988,1120,4340.123923218143,5121.016736838565,0,0,1.7412589959330163,1.885300130097571,0
854488,1121,4414.310931474691,5039.148536577746,0,0,1.7538790691878328,1.8689397018444707,0
854988,1122,4308.348116271066,5073.892846492371,0,0,1.7269911972569698,1.867702616101504,0
855488,1123,4329.894146552073,5069.580951242857,0,0,1.7329180962915969,1.869160817465256,0
855988,1124,4415.550660116552,4978.690018651732,0,0,1.7488890911228376,1.8524910262770535,0
856488,1125,4389.122090447417,4995.176972417682,0,0,1.7416731026934813,1.8538705236107644,0
856988,1126,4405.495164173294,5035.594562057606,0,0,1.7509700308660212,1.8672474675703912,0
857488,1127,4420.737648986662,5039.084351375849,0,0,1.7562483079676032,1.8702049872815083,0
857988,1128,4268.002128563793,5126.052465243739,0,0,1.7214230447716221,1.8788416024970052,0
858488,1129,4407.406150137975,4964.443082109485,0,0,1.744212931759157,1.8466234599221227,0
858988,1130,4347.311905226961,5141.123430451759,0,0,1.745456723432465,1.8917011565553825,0
859488,1131,4429.000884692947,5009.443995803474,0,0,1.7547023786241196,1.8621247962412384,0
859988,1132,4388.637200461305,4940.057080042393,0,0,1.7352151572208814,1.8369801732035838,0
860488,1133,4344.262174361945,5131.352164794857,0,0,1.7442841695723033,1.8887992526788049,0
860988,1134,4327.05770449002,5050.680729115419,0,0,1.7295284776780278,1.86310882768076,0
861488,1135,4369.300237211232,5117.186459902265,0,0,1.749181989502506,1.8872441704843472,0
861988,1136,4479.61663378241,4975.374579163847,0,0,1.7654412551363372,1.8575900852315053,0
862488,1137,4348.737404424287,5056.948015369941,0,0,1.7369142402050033,1.867431450855284,0
862988,1138,4366.888939683554,4973.87074870632,0,0,1.7325424642835292,1.8447688813101437,0
863488,1139,4380.986061636503,5058.5103087082125,0,0,1.746210809198314,1.8716294231922281,0
863988,1140,4296.9269981913185,4918.348259506431,0,0,1.70622556330134,1.8206866404719204,0
864488,1141,4402.877481745007,5092.9282152032565,0,0,1.7573208049754652,1.8842505662017712,0
864988,1142,4391.374859756911,4923.339527831302,0,0,1.7348620840709645,1.8330164123491248,0
865488,1143,4537.81287597422,4813.326942799606,0,0,1.764615374265202,1.8162219049676238,0
865988,1144,4290.357356880485,5153.552142286831,0,0,1.7305002239961285,1.8894337005297337,0
866488,1145,-2502.900429632677,7516.492473996595,0,0,0.002421309990994275,1.8314956943135114,0
866988,1146,-2576.3353731307857,7731.5688973244305,0,0,0.002092885568354946,1.8855022956920076,0
867488,1147,-1960.3603258487744,7337.699160177514,0,0,0.13718469570447367,1.8373875047049153,0
867988,1148,-2561.5113953083123,7673.445360214312,0,0,0.00047015632382048454,1.8704659757194309,0
868488,1149,-2537.1240706216945,7590.311273582111,0,0,0.0005446029409721617,1.8494927582539376,0
868988,1150,-575.5607913386871,6941.70176346155,0,0,0.5018328429345885,1.8749266021766395,0
869488,1151,-2556.6051196407275,7684.448398570247,0,0,0.0018266454857286795,1.8741312766948972,0
869988,1152,-2545.219298787456,7683.600751920268,0,0,0.004542267065140431,1.8740874519437989,0
870488,1153,293.0044434033938,6635.30586839762,0,0,0.7219538306402146,1.8815429541949522,0
870988,1154,-2613.0067236796517,7819.307069406906,0,0,0.0016432350233489042,1.9066608651396266,0
871031,1155,-155.11819748934062,475.23614716652196,1,0,0.005744108384451872,1.220464972176396,2
871531,1156,2872.6230937323094,5671.2944392672935,0,0,1.3722656944293021,1.884584930461937,0
872031,1157,2998.1836188311495,5621.239165916346,0,0,1.4027532839234487,1.8830529775980926,0
872531,1158,-288.4812236440408,6782.2164499492565,0,0,0.5674677614238559,1.8586497300104765,0
873031,1159,-2604.0784614566337,7803.658607742299,0,0,0.001359348176651788,1.90356210160438,0
873531,1160,3183.7036575015763,5307.386382489961,0,0,1.423135990412853,1.8123311401799755,0
873565,1161,-97.95515287752269,256.33237802622244,1,1,0.006322232801318679,0.9341860602318798,0
874065,1162,4336.0952274551955,5121.644110498444,0,0,1.7405695746462106,1.8846709621652984,0
874565,1163,4381.44828687875,5076.358890422238,0,0,1.7489284191945271,1.8768526302058837,0
875065,1164,4344.568763659388,5121.073795023629,0,0,1.7423134246382301,1.885656936791973,0
875565,1165,4336.9510676354275,5094.8805060967015,0,0,1.736882493341584,1.8766679986985466,0
876065,1166,4376.814379528861,5150.096883123404,0,0,1.7558121357516954,1.8989136312553436,0
876565,1167,4428.971228133917,4995.142807503454,0,0,1.7544477300424905,1.8593067176080393,0
877065,1168,4436.224239779882,5017.049545812564,0,0,1.7576446161962813,1.8652947379943732,0
877565,1169,4340.500237013201,5124.79745214134,0,0,1.7420955880727902,1.886140120949901,0
878065,1170,4378.551175372585,5084.346463561385,0,0,1.748348386679027,1.8781325077989648,0
878565,1171,4506.308580150845,5001.177363234073,0,0,1.7764865716097888,1.8682156451971972,0
879065,1172,4348.103763821692,5077.257852460963,0,0,1.7387481394711926,1.8733539825731778,0
879565,1173,4388.14082727887,5070.44309378769,0,0,1.7496948066321536,1.8757333282047302,0
880065,1174,4475.690043289945,4873.7409473559965,0,0,1.7534519842130285,1.8277792488244238,0
880565,1175,4403.41965360834,5009.444587383549,0,0,1.7478209182539994,1.8594530799287536,0
881065,1176,4335.241397535192,5080.1177948272925,0,0,1.7361840097703933,1.872886691156088,0
881565,1177,4471.784030933522,4988.873947458183,0,0,1.7649859597161441,1.860887745090771,0
882065,1178,4384.765131029343,5108.329577464642,0,0,1.7526623041561644,1.885632805693414,0
882565,1179,4386.604683086744,5010.639812135769,0,0,1.7438431709069213,1.8584279045201895,0
883065,1180,4407.566794842231,4987.006522033828,0,0,1.746811936924905,1.853609178786083,0
883565,1181,3656.2186741357104,5229.311788693109,0,0,1.5543964403585993,1.8421420675975262,0
884065,1182,4459.100786932389,4994.5753371022965,0,0,1.7627146505714781,1.861552443503405,0
884565,1183,4377.724183863775,5068.004503652889,0,0,1.7477268429293191,1.8750320213008371,0
885065,1184,4425.624764471945,5072.717161500734,0,0,1.760832900687027,1.8803180207484282,0
885565,1185,4344.570966723855,5119.11671744997,0,0,1.7424118043489178,1.884879587809243,0
886065,1186,4373.684773089057,5093.416476932245,0,0,1.7481505921134903,1.881094438442537,0
886565,1187,4371.294158660676,5009.34627010793,0,0,1.73854858833134,1.856060425266812,0
887065,1188,4374.448093833378,5035.683961954682,0,0,1.7427648444961543,1.8640361162140486,0
887565,1189,4435.796436170109,4984.052943554641,0,0,1.7549558912624987,1.8559351823690309,0
888065,1190,4429.222361531341,4944.764302156062,0,0,1.7478040664434633,1.8434638913883368,0
888565,1191,4430.862689997007,5050.783654085385,0,0,1.7607150600483137,1.8753341639487369,0
889065,1192,4397.791641527649,5001.523204487402,0,0,1.7454339147578257,1.8569004561730427,0
889565,1193,4405.939648206749,5014.514767082841,0,0,1.7487402858935495,1.861123886983787,0
890065,1194,4481.47711827536,4953.41657373719,0,0,1.764455180776064,1.8519437308168667,0
890565,1195,4423.021740150411,5059.4563322944905,0,0,1.7588734866433533,1.8762586013573674,0
891065,1196,4452.567208727353,5021.9575727600595,0,0,1.7627471189393504,1.8680534808936937,0
891565,1197,4349.78242020009,5088.303101554685,0,0,1.740417343397821,1.876861670568787,0
892065,1198,4446.444259446713,5032.936637453444,0,0,1.7629359015823485,1.8714079594280888,0
892565,1199,4295.52758254723,5046.365344726965,0,0,1.7203977063139733,1.858980368581612,0
893065,1200,4378.431603859253,5046.354784495232,0,0,1.7439533819818398,1.8674452325074884,0
893565,1201,4414.170528837399,5083.209151426544,0,0,1.759972221423713,1.8836163393169758,0
894065,1202,4447.477165287414,4944.081699290404,0,0,1.7528359937533247,1.8450805637064924,0
894565,1203,4409.2830367611205,4990.040336415981,0,0,1.7465380825750758,1.8542289778935874,0
895065,1204,4365.349530349773,4991.77490649452,0,0,1.7339800023233738,1.8499878536326073,0
895565,1205,4437.995533284599,5018.736843033984,0,0,1.758844852206016,1.8662947697009498,0
896065,1206,4338.57311079251,5037.771516414526,0,0,1.7314464909824827,1.8603664648356666,0
896565,1207,4398.2047201293335,5093.648616648731,0,0,1.7567785343045783,1.884066347523047,0
897065,1208,4358.912081873933,5092.535099819902,0,0,1.7431991607768604,1.8783535836267744,0
897565,1209,4409.205167998508,4960.417242093079,0,0,1.7439004272566208,1.8457592583598903,0
898065,1210,4368.726978569448,5077.392196075104,0,0,1.744710094144951,1.8754210761476489,0
898565,1211,4455.27216475578,4951.347919972826,0,0,1.7567971138458622,1.8483785583203476,0
899065,1212,4301.008066073634,5140.05363059157,0,0,1.732798222360645,1.8869197742954753,0
899565,1213,4312.579984228661,5139.256890684634,0,0,1.735360867054081,1.8872031969553442,0
900065,1214,4478.6603396460605,5025.86138795218,0,0,1.7713726345884524,1.8726246570162344,0
900565,1215,4438.544894175869,5037.217411629703,0,0,1.7618598414874442,1.8722937183697592,0
901065,1216,4462.412743126516,5046.219897310857,0,0,1.7686419812873677,1.8766786749655533,0
901565,1217,4381.1734070277225,5057.874595331077,0,0,1.7460123757568797,1.8712519853854128,0
902065,1218,4387.54360991798,5017.51891642906,0,0,1.7434462135626594,1.8596470013510744,0
902565,1219,4440.259452313102,5016.319827961369,0,0,1.7598262151873063,1.8656422832678063,0
903065,1220,4371.552418081799,5065.733156163202,0,0,1.7447010959484694,1.8726334511659262,0
903565,1221,4274.953243409441,5137.470543492195,0,0,1.724769881949938,1.8834680215974982,0
904065,1222,4476.3298738635385,5015.167459280713,0,0,1.7699189948698069,1.869313177955981,0
904565,1223,4341.6305021089565,4967.662488244126,0,0,1.724248578155963,1.8402222692619619,0
905065,1224,4420.251064490154,5010.46281208317,0,0,1.7526536833154547,1.8614259843805865,0
905565,1225,4421.415255427786,4984.923323919283,0,0,1.7496149119771283,1.8541914497453567,0
906065,1226,4382.761609358435,5083.066576089235,0,0,1.749712996983559,1.8789553472862095,0
906565,1227,4401.236156934482,5075.1416766260645,0,0,1.7539263452038927,1.8782475156116005,0
907065,1228,4367.552925293747,5107.896811420905,0,0,1.747860566453782,1.8839088740702916,0
907565,1229,4410.140857883905,4965.929649514435,0,0,1.745545096240342,1.8476831471392539,0
908065,1230,4423.512822944112,5055.953557085733,0,0,1.758868468222214,1.8753104888426584,0
908565,1231,4451.238160099386,4959.60005677354,0,0,1.7565107465646403,1.8503013195833713,0
909065,1232,4423.697676892174,4976.148101713895,0,0,1.7501082950190685,1.8521624664225333,0
909565,1233,4371.60002866965,5095.5407615777385,0,0,1.7481934025741954,1.8813151963620192,0
910065,1234,4445.704743788775,4977.420187702983,0,0,1.7570954617415522,1.8550243986975146,0
910565,1235,4444.171207558599,5021.128148563919,0,0,1.760391212169762,1.867171237797761,0
911065,1236,4389.868805213455,5142.132663443347,0,0,1.7581730734145913,1.8963452949367046,0
911565,1237,4309.412896009584,5085.483461515915,0,0,1.72804378579048,1.8710168502334414,0
912065,1238,4439.176162589518,5025.00281232427,0,0,1.7602167902385986,1.8685572418467415,0
912565,1239,4395.7782156096555,5014.453754156434,0,0,1.7452555199124404,1.8599639390141192,0
913065,1240,4420.633584526417,5028.189450179559,0,0,1.754864207764592,1.8673241586061782,0
913565,1241,4403.440344371141,5013.5824026684795,0,0,1.7477451514316098,1.8607244360617,0
914065,1242,4467.849921237582,4974.0463754419325,0,0,1.7628893427836676,1.8563886726225498,0
914565,1243,4517.578007668608,4882.878136553708,0,0,1.7662228981817487,1.834737195396056,0
915065,1244,4511.668927861372,4941.442052740481,0,0,1.771525669828516,1.851292357849304,0
915565,1245,4533.007731513567,4853.59709113203,0,0,1.7677342917100407,1.8276740763422854,0
916065,1246,4339.186855594177,5008.340465231474,0,0,1.7289886534518346,1.8518703786752664,0
916565,1247,4335.707661255742,5074.121114443787,0,0,1.7361141328598502,1.8713934195286364,0
917065,1248,4503.640115952604,5047.3183597058505,0,0,1.782384417065958,1.8826697585265162,0
917565,1249,4377.547908193882,5084.375526147264,0,0,1.7478198446697961,1.8784118042236098,0
918065,1250,4477.176044700322,5032.885531466585,0,0,1.772307691813829,1.874742218880582,0
918565,1251,4400.498367806369,5081.614160249619,0,0,1.7549583224406313,1.8802191257281315,0
919065,1252,4322.050372372521,5046.753315557234,0,0,1.7276241573048965,1.8614405421465319,0
919565,1253,4437.587527404636,5048.220616864936,0,0,1.7615998870109084,1.8747579766686246,0
920065,1254,4406.333019834432,5055.963235608493,0,0,1.753389799486955,1.8734727622093041,0
920565,1255,4460.066905784445,4961.342454868604,0,0,1.7590542048244306,1.8517118088835238,0
921065,1256,4294.196767310408,5044.2569269272635,0,0,1.7197252114328103,1.857733213161525,0
921565,1257,4398.457899069735,4972.356481015584,0,0,1.7427401505754425,1.8484462833049464,0
922065,1258,4382.034951201511,5000.89014866832,0,0,1.7403099997514253,1.8548183913311553,0
922565,1259,4424.99839049254,5048.2521264720845,0,0,1.7588304524295124,1.873419496608477,0
923065,1260,4417.407592227875,5047.898546927334,0,0,1.7561960989837095,1.8720498291156074,0
923565,1261,4486.689143051581,4920.514949470587,0,0,1.7631687461247432,1.843271715996525,0
924065,1262,4376.976012601289,5059.800721230426,0,0,1.7463340656530129,1.8717919811825656,0
924565,1263,4470.406321279668,5077.431216922872,0,0,1.7745981049571815,1.8869969628883556,0
925065,1264,4442.672190698985,4985.314037228079,0,0,1.756758730357346,1.856651181786974,0
925565,1265,4494.52531607714,4998.358892356288,0,0,1.773077198893136,1.8662449953679376,0
926065,1266,4381.9547333243145,5056.687916767595,0,0,1.7465776383240847,1.871255954207374,0
926565,1267,4305.441771795765,5079.278727377333,0,0,1.7275777626560864,1.8697839869350386,0
927065,1268,4406.621147431211,5098.878243247908,0,0,1.758950730122127,1.8860539683477051,0
927565,1269,4506.658806499348,4978.380854060335,0,0,1.7753412724881437,1.8622556517775761,0
928065,1270,4440.583101202067,5074.88937807626,0,0,1.7660023174632504,1.8827793577471117,0
928565,1271,4420.783395917384,5052.650060739421,0,0,1.7580652257152887,1.8745933334052327,0
929065,1272,4412.612769554328,5047.98230873738,0,0,1.7543504365180467,1.871614401747508,0
929565,1273,4533.621115356539,4890.79751893143,0,0,1.772994247111863,1.839214053386227,0
930065,1274,4520.7078424089905,4846.0325906455055,0,0,1.7643162519255056,1.8247763073670544,0
930565,1275,4393.841181898078,4952.204096070356,0,0,1.7387366414958298,1.841729718529073,0
931065,1276,4439.9343379738075,5049.494886817491,0,0,1.7634247727267085,1.8753841932771127,0
931565,1277,4347.024427419214,5059.661441431166,0,0,1.736574203544551,1.8680102247912689,0
932065,1278,4399.639694430127,4970.164944488402,0,0,1.7416558385241165,1.8473290759586827,0
932565,1279,4398.137450484971,5109.116865054814,0,0,1.756676725363253,1.8879076665247383,0
933065,1280,4474.070890387234,5017.591285481385,0,0,1.7696547324846004,1.8699244568181979,0
933565,1281,4419.203253840465,5091.545165887792,0,0,1.7617287541105777,1.885959135612941,0
934065,1282,4381.150311533777,5083.762793306307,0,0,1.7490710883289011,1.8790364785559042,0
934565,1283,4405.703744312144,4928.673351610313,0,0,1.7384558458678994,1.8354559036822482,0
935065,1284,4346.895943535673,5103.235548738251,0,0,1.7420237615819425,1.881089247837541,0
935565,1285,4429.372482254496,5054.00259276195,0,0,1.7596572519530917,1.875403913790581,0
936065,1286,4486.59755971738,5001.878958712044,0,0,1.771106157757962,1.866737920306656,0
936565,1287,4461.771025794638,4971.359792423561,0,0,1.7617831804582944,1.8565938484529654,0
937065,1288,4442.635457733741,4982.427357064493,0,0,1.7558358440977113,1.8558530713999848,0
937565,1289,4463.967896430576,5045.901604096598,0,0,1.7696525936882608,1.8766339765506166,0
938065,1290,4470.486016506817,5037.570710332021,0,0,1.7707421353707729,1.8753097755832338,0
938565,1291,4452.882529075619,5006.9924559845485,0,0,1.7622267726978682,1.8643519310875039,0
939065,1292,4434.127613175068,5003.329244390511,0,0,1.7562933696538214,1.8612755448284373,0
939565,1293,4407.974488513649,5041.547929481333,0,0,1.7520407586397282,1.8692250236007328,0
940065,1294,4460.023678154486,5068.841785931637,0,0,1.7715694401407782,1.8837770245211745,0
940565,1295,4394.20168895331,5018.045224796909,0,0,1.7469751171983563,1.8619621650050544,0
941065,1296,4395.189557700406,5097.973785128595,0,0,1.7565350209346122,1.8859309945270006,0
941565,1297,4501.398290705814,4890.533975528627,0,0,1.7629591832168137,1.8350066549043864,0
942065,1298,4335.003527611977,5081.780739009156,0,0,1.7351835906657147,1.8728788504940241,0
942565,1299,4342.044069828283,5137.669617877111,0,0,1.7442477176764994,1.8904897426935185,0
943065,1300,4420.059237736886,5059.7596844907275,0,0,1.7580498991642648,1.8762584149514194,0
943565,1301,4496.607916509593,4856.57749691466,0,0,1.7584917263481787,1.8254212560388419,0
944065,1302,4371.7912378497995,5074.030639412935,0,0,1.7458394665780115,1.875164573148189,0
944565,1303,4332.754798508962,5070.602648184504,0,0,1.7341142727721375,1.8699432356868497,0
945065,1304,4415.999880374802,4970.787046053716,0,0,1.7477280141148817,1.850105051519891,0
945565,1305,4347.0135568417845,5025.561991492226,0,0,1.7325953284251214,1.85785891612098,0
946065,1306,4470.820873879145,5040.470785891653,0,0,1.7705001889661005,1.8759472202538652,0
946565,1307,4538.770257275613,4947.871542274477,0,0,1.7803139712949032,1.856586074713251,0
947065,1308,4525.581525431041,5015.767333486258,0,0,1.7837474974298193,1.874536491352356,0
947565,1309,4416.525959991233,5017.286494569416,0,0,1.7526458890723056,1.863436719592991,0
948065,1310,4480.004675800401,4955.056701839716,0,0,1.7641583819342908,1.8521668261230606,0
948565,1311,4479.233688752924,5036.020874596788,0,0,1.7735046074541532,1.8761977097955178,0
949065,1312,4459.27300368723,4984.478787848306,0,0,1.7611950606025204,1.8579548539197805,0
949565,1313,4486.399969837343,4979.248038411227,0,0,1.7683866918281672,1.8596600793784743,0
950065,1314,4497.833604545491,4807.784034628421,0,0,1.7537267182772938,1.812003319128204,0
950565,1315,4459.912406054061,5074.44065562839,0,0,1.7718771571561303,1.8849136872582515,0
951065,1316,4487.956686717012,4915.895785418443,0,0,1.7621305527558473,1.8413180979432624,0
951565,1317,4497.473354632199,4945.829055920546,0,0,1.76810775190374,1.8515250532845442,0
952065,1318,4456.9552330377055,4984.336760371558,0,0,1.7608290384554675,1.8580403267401802,0
952565,1319,4428.37578659386,5073.51084414704,0,0,1.7617413345646975,1.8811463121307643,0
953065,1320,4465.83330178079,4932.171771500585,0,0,1.7564782912894985,1.8434229869710803,0
953565,1321,4380.941040400923,4984.0034171649095,0,0,1.7380887252340222,1.849537651215908,0
954065,1322,4537.289358778609,4849.011399810581,0,0,1.7686991389965068,1.826974243371142,0
954565,1323,4354.92971612611,5085.658788660822,0,0,1.7418260923427256,1.8763465807983555,0
955065,1324,4497.83401234948,4903.390386511849,0,0,1.7634549776400497,1.8389691435627737,0
955565,1325,4636.921534671053,4807.135417896429,0,0,1.7929345857882726,1.8254709279791128,0
956065,1326,4338.477212968273,5069.939379783733,0,0,1.73500724465309,1.8697651307765173,0
956565,1327,4411.11180482304,5105.785159114331,0,0,1.7606243805602912,1.8888796600527715,0
957065,1328,4437.277007578076,5019.3738177595105,0,0,1.7588569673770433,1.8663515097156549,0
957565,1329,4462.315130502123,4956.3914687125425,0,0,1.7588014350720231,1.8502840636502373,0
958065,1330,4407.265655634089,4927.928666512983,0,0,1.7388889515829329,1.8354053427415975,0
958565,1331,4456.866449361113,5004.724669288248,0,0,1.7634539141940835,1.863941259379817,0
959065,1332,4495.118213270822,4831.693152977293,0,0,1.7539775229527133,1.81693067044598,0
959565,1333,4387.892487784145,4987.292137322176,0,0,1.7410328971515803,1.8511373205559578,0
960065,1334,4411.000729681016,4850.051284710436,0,0,1.7309691785240333,1.8129688684820051,0
960565,1335,4443.095541154109,5070.109286162029,0,0,1.765962373192997,1.8816579649424716,0
961065,1336,4387.460315541896,4904.782348965664,0,0,1.7316037754288502,1.8273292894116613,0
961565,1337,4484.862088522048,4940.0373764136375,0,0,1.7640040142846827,1.8479656896286398,0
962065,1338,4527.913687707036,4960.034645603194,0,0,1.779707635102557,1.85931348694894,0
962565,1339,4366.719137758169,4991.61586214619,0,0,1.7347135175043644,1.8498577286312492,0
963065,1340,4530.93906627543,4943.636059879275,0,0,1.7775767811869128,1.8541720562739896,0
963565,1341,4380.850411747482,5095.238540608586,0,0,1.7505646963918335,1.8824255789568556,0
964065,1342,4403.8915118299965,5021.703788213108,0,0,1.7494956653732576,1.8629149939067131,0
964565,1343,4407.773324722919,4915.172383338774,0,0,1.7383139788681468,1.8321523596439868,0
965065,1344,4438.537038783775,4994.438843774237,0,0,1.755984757765519,1.8583559327941632,0
965565,1345,4360.19157095622,5020.08455125372,0,0,1.7375643333272501,1.8592235430493913,0
966065,1346,4438.8422957092,5101.196371067592,0,0,1.768327169407504,1.8905840440933506,0
966565,1347,4389.953843284268,5091.351763461745,0,0,1.7522290048115046,1.8817523356305488,0
967065,1348,4384.748626199946,5005.8623256051615,0,0,1.7416311560245674,1.856509295437117,0
967565,1349,4459.531841498991,4959.326736828508,0,0,1.7582889836875635,1.8508319564977713,0
968065,1350,4402.261255096504,5092.239114015021,0,0,1.7553630131489475,1.8829254727035794,0
968565,1351,4407.025796263638,5053.523309310475,0,0,1.754040579807503,1.8730663345728535,0
969065,1352,4316.613522094495,5122.802654500529,0,0,1.7346680867934325,1.882862243308123,0
969565,1353,4333.03385100255,5101.025588346135,0,0,1.7373213558141098,1.8786502866821784,0
970065,1354,4510.77030903285,4982.795378776686,0,0,1.7750654344185075,1.863078285482907,0
970565,1355,4471.514923622804,5049.623485508081,0,0,1.772008609933978,1.879033322474867,0
971065,1356,4483.011015829413,5028.138398057003,0,0,1.772985279022966,1.873791194564625,0
971565,1357,4420.258267793568,5047.6851725618735,0,0,1.7568785866479026,1.8723500910272641,0
972065,1358,4402.481797172508,5087.6905131156245,0,0,1.7562921225030914,1.8825755927191354,0
972565,1359,4429.491843833737,5066.667932824655,0,0,1.7614981134745273,1.8790975517564243,0
973065,1360,4554.979326124098,4824.290470028447,0,0,1.7705334183908663,1.8219425926598747,0
973565,1361,4453.394816965433,5061.908423379141,0,0,1.7677981138764258,1.8800486614215706,0
974065,1362,4412.867253882235,5020.669059831815,0,0,1.7515047518745954,1.863941796134606,0
974565,1363,4363.215131446879,5155.243215239625,0,0,1.75219542792051,1.8980191795685106,0
975065,1364,4454.760982056981,4986.730674748963,0,0,1.759776467584599,1.858504178453028,0
975565,1365,4421.850288059127,4991.327822419262,0,0,1.7509062641615365,1.8559102985354314,0
976065,1366,4387.596977995757,5031.242568692105,0,0,1.745075234074236,1.8637872421608446,0
976565,1367,4434.5147328184685,5073.429809435783,0,0,1.7638911699733377,1.8813603902205023,0
977065,1368,4393.153760796173,4959.515585228271,0,0,1.7400802329046554,1.8444555815867885,0
977565,1369,4378.940794401404,5045.72423518396,0,0,1.7441813356564642,1.8672206438191539,0
978065,1370,4419.034838984883,4969.854607827516,0,0,1.748033477314025,1.849766931257667,0
978565,1371,4411.500723372211,5056.923977576547,0,0,1.7557020978265683,1.8744388238690228,0
979065,1372,4418.313544051185,4943.309968869418,0,0,1.7440906994350083,1.8415345587656573,0
979565,1373,4475.399914305299,4871.849985352495,0,0,1.7527416876444943,1.8268157529027522,0
980065,1374,4438.130102945035,4948.567485214806,0,0,1.751131615689073,1.8456072811290727,0
980565,1375,4433.6445870547395,5084.976180286727,0,0,1.7651617277871086,1.8848191838353237,0
981065,1376,4555.897360426739,4863.239926496372,0,0,1.7760041052738098,1.8337925540011661,0
981565,1377,4456.597573594067,5009.870211932449,0,0,1.7631108414951122,1.8654674811943859,0
982065,1378,4406.466681129235,5046.304340716075,0,0,1.7526654995416353,1.8705972816230023,0
