step,episode,reward_r1,reward_r2,winner
5,0,-43.42501371094702,56.70617284523361,r2
10,1,56.70557659753315,-43.40967498286032,r1
14,2,55.48106782278971,-44.70523482873621,r1
19,3,-43.36616875612033,56.73063308799871,r2
23,4,55.52581426009553,-44.61417680888265,r1
29,5,58.513710268044164,-41.47982381692821,r1
36,6,58.89405507080322,-41.0837407872121,r1
46,7,62.371968646422545,-37.73641160857493,r1
55,8,62.006157992567346,-38.323462712451104,r1
60,9,56.96391513612826,-43.28038933162561,r1
66,10,-42.74391004055264,57.273917029531326,r2
74,11,61.40129242860657,-38.826199489452726,r1
79,12,56.92854311231576,-43.25799619306625,r1
85,13,58.31697580060558,-42.02367941360945,r1
92,14,9.985655193450029,10.133495658357088,double_ko
98,15,-42.67653417119017,57.504856098622,r2
102,16,55.59536703098,-44.64849939327647,r1
106,17,55.510642980190035,-44.66262661664618,r1
114,18,-39.57537529729405,60.718631846101744,r2
120,19,57.45546742512036,-42.83318884268054,r1
125,20,-43.919540785813226,56.303822586641274,r2
130,21,55.94003761425093,-44.274439164961485,r1
135,22,-44.81625525276437,55.315419551397866,r2
141,23,-41.945944572493865,58.24656788492921,r2
146,24,-43.34513361200933,56.79773052690253,r2
154,25,59.4858433106494,-40.86361901849561,r1
159,26,-43.44554688355606,56.72942579574562,r2
164,27,57.00383421863726,-43.17733302955219,r1
172,28,-41.48947777129757,58.84664517625764,r2
180,29,60.70542453752664,-39.442495228825976,r1
187,30,57.51634246380195,-42.50264085008034,r1
194,31,-40.461516846952826,59.73202993883563,r2
202,32,59.805367349827364,-40.55602427527862,r1
207,33,7.396801646705517,7.428519507354283,double_ko
215,34,-40.095900808621515,59.897717338984336,r2
223,35,-38.997909202831536,61.147937911154436,r2
228,36,-42.81007183560116,57.29413461108441,r2
234,37,57.147424380537274,-43.074541668086596,r1
239,38,56.467812585905826,-43.69811962598341,r1
245,39,-42.167256013409315,57.92213635040004,r2
251,40,8.268080795725622,8.1862019545097,double_ko
256,41,56.730297491294806,-43.365244585554755,r1
263,42,59.71105354220597,-40.569861278569995,r1
268,43,-44.28540216526759,55.935166509792914,r2
274,44,58.003078815791056,-42.2235648569883,r1
278,45,55.61267107988838,-44.544091222411794,r1
283,46,-42.68149116165951,57.477481023110144,r2
288,47,-44.75852068180523,55.37819955624391,r2
294,48,-42.036809844958675,58.08424941635853,r2
302,49,60.56741984857847,-39.70656394198747,r1
310,50,-40.052406227730216,59.8888230572094,r2
315,51,-44.298371448644545,55.890192382640194,r2
323,52,59.78755037130975,-40.169645090795086,r1
328,53,-44.415839907447854,55.9207234225657,r2
334,54,-43.15384763332843,57.061727184803594,r2
340,55,-41.47175717129942,58.567151116905805,r2
345,56,57.53661305930198,-42.57321829323111,r1
351,57,56.72399087691157,-43.58383290387405,r1
358,58,59.39635168775212,-40.78694184283929,r1
363,59,56.642500440537745,-43.453381115617205,r1
369,60,-41.79292568068026,58.29191461789205,r2
376,61,59.56558952321491,-40.554921623496156,r1
384,62,-39.44883028783315,60.71861265387796,r2
389,63,-42.997069640068965,57.08546731829716,r2
393,64,-45.376289128005325,54.77905069886591,r2
399,65,57.947927136251785,-42.10911389500291,r1
407,66,-40.791595610988146,59.472186354121575,r2
413,67,-41.38088425138231,58.644775591690866,r2
421,68,-39.21783954911241,60.85690942040349,r2
425,69,54.99725489002329,-45.13544311240336,r1
431,70,57.713836004220056,-42.569642023624766,r1
437,71,-41.98771621047318,58.37185489626536,r2
443,72,58.21102262911293,-42.0513618074705,r1
449,73,8.713315664705839,8.760841382479006,double_ko
453,74,-44.56138945024506,55.59216913756498,r2
458,75,56.92938504556507,-43.21859429870953,r1
464,76,-42.86670050336325,57.4097962026274,r2
469,77,56.97496562226834,-43.23427589085656,r1
474,78,56.27142091479868,-43.94862166782497,r1
479,79,55.777330198656905,-44.34773487498918,r1
483,80,55.61812741632998,-44.62938418751381,r1
488,81,57.23913217278812,-43.07380619014545,r1
494,82,57.320312473380675,-42.920926672120856,r1
499,83,-43.45362402357702,56.720851348657916,r2
505,84,57.96761819403059,-42.321195296865675,r1
512,85,57.75225296916711,-42.51126106984558,r1
519,86,59.45752641905581,-40.67236839998978,r1
525,87,-42.08977994522685,58.1560227398145,r2
529,88,55.35747215319203,-44.757227834773744,r1
535,89,-43.08296685186846,57.13343931258845,r2
541,90,8.387467633157268,8.351431770718754,double_ko
547,91,-43.519528114692655,56.68308853839932,r2
555,92,61.26044595523223,-38.88002346551646,r1
560,93,56.0509367611235,-44.144829671490555,r1
565,94,55.15419334787931,-44.90139867496185,r1
571,95,58.706182059675655,-41.43100917532392,r1
577,96,-42.324452044329675,57.743924022552584,r2
587,97,-37.045518325841,63.18796895465124,r2
594,98,-39.82739313234692,60.21386497001215,r2
600,99,-41.66884185895242,58.50066756203607,r2
606,100,-42.27544647004856,57.854181498278685,r2
611,101,-43.629227989890026,56.43710890934495,r2
618,102,-40.78855845499487,59.29766475354092,r2
624,103,58.55620481875384,-41.54805638763341,r1
629,104,5.878726367292783,5.802331576638982,double_ko
635,105,-43.235181427548525,56.92764948680579,r2
640,106,-43.36172718350394,56.932625335254016,r2
648,107,60.226160409448,-39.91540337379092,r1
652,108,-44.53001280691437,55.70499539927962,r2
657,109,-43.51923264065483,56.629141844722824,r2
665,110,60.7882014869341,-39.46945109635867,r1
671,111,-42.46183204430977,57.60195426591185,r2
678,112,-41.94714253184119,58.2688812382158,r2
686,113,9.96964052581371,9.982022494088268,double_ko
692,114,56.82039732780356,-43.44423379551415,r1
696,115,5.851948465420278,6.0210366837856855,double_ko
701,116,-43.396515332738744,56.87527600039258,r2
706,117,-42.73909403168903,57.64303931148268,r2
713,118,58.810095571268654,-41.29730177208124,r1
721,119,11.79721560515421,11.767138154391686,double_ko
725,120,-45.11222684744094,54.96576198930451,r2
738,121,14.747008897205053,14.788291501674884,double_ko
742,122,55.220126625651254,-44.8996814969145,r1
748,123,58.305815459216234,-41.88120937934726,r1
754,124,-42.792314440062974,57.457980313686924,r2
758,125,-44.57789392038181,55.50930407185517,r2
766,126,59.84050162139842,-40.49942234626655,r1
774,127,60.79565922503615,-39.40120091748618,r1
779,128,-42.97181116959066,57.33649665150281,r2
784,129,-43.068305893240016,57.06022794408465,r2
790,130,58.50057773685137,-41.66500717442206,r1
795,131,-43.580644824139945,56.52910422436796,r2
803,132,59.58017252601254,-40.723132201891545,r1
808,133,57.1513154480681,-42.95197889352805,r1
816,134,-40.95508217388367,59.15848849019681,r2
823,135,59.0604022031229,-41.02750217402748,r1
830,136,59.84570521255191,-40.45095403895906,r1
834,137,-44.72093123698692,55.41122093890505,r2
840,138,57.04191465256933,-43.109430795905325,r1
845,139,-42.78425651383896,57.19714792331989,r2
853,140,60.59486297517075,-39.66520394694636,r1
861,141,11.247201242764366,11.242329521848468,double_ko
866,142,56.334177097209235,-43.69313518006343,r1
870,143,-44.721377016856074,55.516398642554634,r2
876,144,-42.072534026949555,57.8957881699761,r2
881,145,-43.55066866334534,56.495384754866635,r2
886,146,-44.34987137035852,56.04629468830436,r2
894,147,58.91606955276731,-41.2597694642797,r1
901,148,-41.36707677065519,58.78772111432085,r2
909,149,11.426797861749156,11.58537951711539,double_ko
915,150,7.469673063181599,7.592193125109424,double_ko
923,151,-38.853191156923984,61.322759956162606,r2
929,152,58.08266780136659,-42.133517211901435,r1
935,153,-43.89281939463852,56.1851954666395,r2
941,154,57.93469870333866,-42.288458351809645,r1
945,155,-45.415279130134984,54.75600076399218,r2
952,156,-42.46841919284231,57.72892318939202,r2
959,157,-40.558054169618366,59.66346790908203,r2
967,158,-40.621376238575536,59.64048023705657,r2
972,159,57.02115263797186,-43.29686187350462,r1
977,160,-44.24738398194234,55.96333697443849,r2
981,161,-44.55193506815247,55.60733291134736,r2
989,162,-41.2015360060152,59.025436754854155,r2
994,163,6.142865766986903,6.1580221219310465,double_ko
1000,164,7.67039355412477,7.619048017337825,double_ko
1006,165,-43.083671241352945,57.033918820581306,r2
1011,166,56.71423167300318,-43.3913375757226,r1
1017,167,-41.87410511998374,58.11008299184585,r2
1023,168,57.66131848261083,-42.56575118312361,r1
1027,169,-45.34571040762393,54.80032154904033,r2
1031,170,-44.58856781051406,55.72278881443637,r2
1038,171,59.20732842873892,-41.050445027650376,r1
1043,172,-44.40329720814943,55.839561467468,r2
1050,173,-41.60498776193815,58.60408350355816,r2
1054,174,55.7001780271188,-44.57397052525099,r1
1059,175,57.03998393986708,-42.9653686974045,r1
1064,176,55.56752518423827,-44.6712829841524,r1
1068,177,5.734068503705036,5.783175503528815,double_ko
1073,178,56.93241043632908,-43.31696240777573,r1
1078,179,-43.197924321091165,56.97565544171792,r2
1084,180,7.204246051286391,7.409821715791951,double_ko
1094,181,63.63510287482639,-36.538859003836805,r1
1101,182,58.83639697898217,-41.294067423425304,r1
1108,183,-40.518677173945065,59.578256051242896,r2
1114,184,-43.0207416362326,57.126281476965424,r2
1119,185,56.912111707622934,-43.27652454259107,r1
1124,186,6.547395862385455,6.531624963234229,double_ko
1129,187,55.729668850276596,-44.53541252572505,r1
1135,188,-41.65039496236615,58.407334296112374,r2
1142,189,59.850906197960065,-40.317788611229204,r1
1146,190,-44.68334292818383,55.58922958272959,r2
1150,191,55.81535451885392,-44.305473938171495,r1
1157,192,-40.49441533148672,59.79857393901949,r2
1161,193,-44.307123437499236,55.75849294434531,r2
1165,194,-45.55123781136072,54.57821078289476,r2
1172,195,-41.29688720844194,58.900525263760116,r2
1176,196,55.86789372240438,-44.23110815528873,r1
1184,197,-39.974026579238455,60.20049279228127,r2
1190,198,58.557317673881116,-41.61382516649658,r1
1196,199,8.442341638709669,8.508140867994392,double_ko
1206,200,61.79348141298668,-38.48757220754962,r1
1216,201,63.3319272549799,-36.82471551183411,r1
1220,202,55.118401268331034,-44.88277055996597,r1
1227,203,-40.46218273508227,59.73697180327615,r2
1233,204,58.20320042067429,-41.966255390601006,r1
1239,205,-42.43563239428626,57.620188027664966,r2
1249,206,63.6651229342743,-36.43028495717304,r1
1255,207,57.91613665331012,-42.18598891464812,r1
1261,208,56.39243498300943,-43.87481530732343,r1
1266,209,57.200722691526295,-42.97943358468244,r1
1271,210,55.7023698147814,-44.59215358033987,r1
1275,211,55.59720581925113,-44.59636888110694,r1
1282,212,59.006567360045445,-41.096676155020475,r1
1286,213,55.43404158140359,-44.746094394731294,r1
1291,214,-44.18410060786792,56.03024423518408,r2
1295,215,-45.83387404543749,54.393821658560626,r2
1301,216,58.18607258723388,-42.00846646419442,r1
1306,217,-43.16925148739459,57.05248707399443,r2
1311,218,57.38661782701806,-42.7799874436846,r1
1315,219,-44.72090806725534,55.417452496249986,r2
1320,220,7.218296379175039,7.340967556504742,double_ko
1326,221,-43.69469345233289,56.422326149429296,r2
1331,222,4.957824964718943,4.981753697945556,double_ko
1337,223,-42.20027765408452,58.18656519646778,r2
1343,224,57.80550006655399,-42.23278288783085,r1
1349,225,57.6876378176635,-42.34875698400843,r1
1358,226,60.886247192483545,-39.166352136801876,r1
1368,227,-36.759615545201946,63.380999255539734,r2
1374,228,58.03056573422091,-42.226857320099455,r1
1381,229,58.81322320680427,-41.09897567535234,r1
1385,230,55.77703842308864,-44.42875398417776,r1
1391,231,-41.88030478703814,58.38753153379179,r2
1396,232,-43.05556599062044,57.16548236960048,r2
1402,233,-42.45273294372477,57.69615813245077,r2
1407,234,55.73684959950941,-44.35045623988569,r1
1413,235,-43.11279003880458,57.074240651433115,r2
1418,236,56.77794341048234,-43.42615210090746,r1
1422,237,-44.534399004640576,55.50962059195321,r2
1429,238,57.38557113999885,-42.7327317822281,r1
1437,239,-39.19278964895956,61.14942968833374,r2
1444,240,7.937452475969925,8.146004648046025,double_ko
1449,241,-44.727410024504664,55.41070747092414,r2
1453,242,55.68500366136646,-44.50153356837662,r1
1462,243,-37.79097475669118,62.43566834455315,r2
1470,244,10.387095901815535,10.353361324823407,double_ko
1475,245,-42.9450511135825,57.28603939603886,r2
1482,246,-42.36232887807938,57.71014936163742,r2
1488,247,57.272742489678194,-42.96778587923157,r1
1493,248,56.99123053135701,-43.13981870455918,r1
1500,249,9.955123453227262,10.007978616748083,double_ko
1507,250,-40.15635602565916,59.91556575949603,r2
1512,251,57.46357410371569,-42.782907395657986,r1
1520,252,59.17280223959908,-40.99489179658249,r1
1526,253,-41.67307150295544,58.534841168818616,r2
1532,254,-42.24631438107822,57.95888428042614,r2
1539,255,59.956552225706595,-40.325562276615,r1
1545,256,58.18772886324541,-41.92616109325414,r1
1552,257,58.98807638246333,-41.221297145257225,r1
1557,258,-44.37959789305496,55.8398243171618,r2
1565,259,10.077773973016653,9.994209502861231,double_ko
1570,260,-42.97398993720912,57.17648639618508,r2
1574,261,-44.83124403038702,55.329938333299424,r2
1583,262,9.918892030718517,9.954338778826438,double_ko
1590,263,9.422351108720772,9.630770178348072,double_ko
1597,264,59.971330242084036,-40.33812443349971,r1
1603,265,58.90902497947296,-41.1577617887549,r1
1609,266,8.57723901725253,8.618096282408251,double_ko
1616,267,59.78986106750762,-40.23329354713475,r1
1624,268,-39.451430168660565,60.76032636551287,r2
1629,269,-43.67143700760555,56.622978549933954,r2
1635,270,8.94292805922378,8.930552111068934,double_ko
1643,271,-38.841389762125445,61.255592506639815,r2
1648,272,57.104866332434,-42.87657007387174,r1
1654,273,56.559468391793004,-43.674812231441564,r1
1661,274,-40.377583958299525,59.81426034191141,r2
1665,275,-45.662147111284014,54.482882228507165,r2
1670,276,-42.8247970331444,57.27461879254967,r2
1677,277,-40.812270253570624,59.42879390849442,r2
1684,278,59.500184946385275,-40.83715564855432,r1
1691,279,9.767197033164631,9.740203684052133,double_ko
1696,280,55.73736265019862,-44.354094505918724,r1
1700,281,-44.24797444711649,55.79513498689682,r2
1706,282,58.21246573018131,-41.981793073845196,r1
1712,283,7.598577647717197,7.692614922765682,double_ko
1720,284,-38.82466156552473,61.307837579643895,r2
1725,285,6.155938346072871,6.161602462847611,double_ko
1732,286,-41.09286708623928,59.08231329511688,r2
1737,287,55.89632764738486,-44.25032635788,r1
1744,288,8.644229837556797,8.586915872377686,double_ko
1749,289,6.4696438164947665,6.452288282643481,double_ko
1757,290,-38.88210960731064,61.300795237475874,r2
1762,291,-42.948211274825155,57.2645677161121,r2
1768,292,57.923506930499556,-42.23817158395904,r1
1773,293,56.44985077843727,-43.67757019372822,r1
1779,294,7.418358450227585,7.354695939799643,double_ko
1784,295,56.91393530301109,-43.27042648072457,r1
1790,296,8.610750331693563,8.612425515938176,double_ko
1795,297,-43.56697930701739,56.58690314374127,r2
1804,298,60.69457251477806,-39.54322814500009,r1
1812,299,8.153364713081563,8.358941809906637,double_ko
1820,300,60.0157611702491,-40.060048518836425,r1
1825,301,57.362990290450085,-42.770176972776724,r1
1832,302,58.422884724560866,-41.764262149295675,r1
1839,303,-42.62820918013002,57.5119560661122,r2
1844,304,56.08439106923571,-44.09685330490571,r1
1848,305,55.7102306458601,-44.480510487680355,r1
1855,306,9.975436338667116,9.99501560678647,double_ko
1860,307,56.911494404642134,-43.245399930238115,r1
1866,308,7.545182564547474,7.531992667914565,double_ko
1872,309,57.966045048744625,-42.28042266046308,r1
1876,310,55.64810903335742,-44.437092603909335,r1
1881,311,-43.23756444055518,56.8826124191459,r2
1886,312,5.943019171280605,6.000039695921668,double_ko
1894,313,59.744561066528746,-40.51458020135361,r1
1899,314,56.58875001226221,-43.58921618976619,r1
1906,315,58.54671458425061,-41.64011351718157,r1
1912,316,8.318597725103198,8.365795293543679,double_ko
1920,317,11.236120032166498,11.173804393941806,double_ko
1925,318,56.4464951817163,-43.79095898648503,r1
1930,319,-43.64789388269807,56.433436320467806,r2
1937,320,-42.349982707560514,57.76237360502056,r2
1947,321,-36.830570403304385,63.236554755392746,r2
1953,322,-41.32674819168591,58.820196105328804,r2
1959,323,-41.605785744535176,58.59002215418412,r2
1965,324,57.55671684168349,-42.51609363359648,r1
1975,325,13.926128297417131,13.668396903867706,double_ko
1980,326,-44.2619503969554,55.92055171883722,r2
1985,327,-43.75716070579171,56.30304237285798,r2
1991,328,-42.58466522644889,57.603919894018865,r2
1996,329,56.08303641807362,-44.10116080668135,r1
2004,330,59.67040893981266,-40.50236369394851,r1
2007,331,-45.964186989643544,54.1515859552373,r2
2013,332,8.649439818641156,8.592018678724187,double_ko
2018,333,57.16891496609521,-43.139083373272435,r1
2024,334,7.405120257335041,7.51743167771528,double_ko
2032,335,60.46665936740671,-39.5962121630376,r1
2038,336,-42.0434297902052,58.18753202314179,r2
2043,337,56.77231113343474,-43.37467779968636,r1
2051,338,-40.46109160491682,59.71291627327349,r2
2062,339,62.95510387452126,-37.08480533590958,r1
2069,340,59.863432379388385,-40.383022977305956,r1
2076,341,59.32261164321244,-40.93680977836372,r1
2081,342,56.69978912421421,-43.35611374201416,r1
2086,343,56.73361194041506,-43.32713345516406,r1
2093,344,-41.913197972600656,58.22248432257307,r2
2097,345,5.024143259400632,5.126338209639483,double_ko
2103,346,57.04090439561563,-43.11093735154651,r1
2109,347,56.63061640996199,-43.61469368897162,r1
2115,348,7.630905221151709,7.577564177600306,double_ko
2121,349,56.96632873435739,-43.27211871463288,r1
2126,350,-42.612054412392794,57.53868319184241,r2
2134,351,59.60473375832268,-40.50544731546961,r1
2140,352,7.478802808983945,7.530713389629121,double_ko
2145,353,55.87498194877102,-44.34355448425448,r1
2150,354,-43.412694926180556,56.671703164306166,r2
2157,355,59.77811545568862,-40.46680959375732,r1
2162,356,56.21471972253953,-44.10783539443295,r1
2168,357,56.60457228163729,-43.56923435357303,r1
2175,358,8.8924943534661,8.813802861360728,double_ko
2180,359,55.89105540570664,-44.262601612798214,r1
2187,360,-41.704022318302876,58.44296840713813,r2
2195,361,60.60262043052394,-39.666332294477925,r1
2200,362,6.079838665315433,6.139907064259823,double_ko
2205,363,56.171906535053736,-43.98614928696328,r1
2213,364,10.03558307412178,10.086605287639252,double_ko
2217,365,54.70600063246479,-45.455097662231275,r1
2223,366,57.68745454685645,-42.54731511957699,r1
2228,367,55.953287302111406,-44.226950328042435,r1
2236,368,59.491285303120996,-40.821993572859355,r1
2242,369,-42.11861559192583,58.11204856261787,r2
2247,370,55.76032504839806,-44.396895163869225,r1
2255,371,59.073861091058475,-40.99118033262365,r1
2263,372,-40.24172979446382,59.754104532060474,r2
2268,373,55.88960707514629,-44.35593073824578,r1
2272,374,54.79846968059788,-45.33157122318532,r1
2277,375,55.74873393043391,-44.467179479315035,r1
2285,376,-40.806166421079205,59.50293860155494,r2
2290,377,56.069555796411805,-44.12162352902451,r1
2296,378,-43.647382644920825,56.371791294066284,r2
2302,379,58.07660421325717,-42.112468668306946,r1
2311,380,11.24110455940388,11.172573273646636,double_ko
2318,381,-42.10154023255795,58.18608281520506,r2
2324,382,-43.39653576112573,56.96690058676527,r2
2332,383,60.784219510337934,-39.413050566900225,r1
2340,384,58.98424561981629,-41.26985213911303,r1
2346,385,9.146321598440064,9.267336004013963,double_ko
2352,386,8.991592841908679,8.87131478849049,double_ko
2361,387,61.55537511910035,-38.57662100981791,r1
2374,388,66.84401677319065,-33.35022704336008,r1
2381,389,-40.328298109225464,59.859406633429245,r2
2387,390,-41.49064566525608,58.82823238540037,r2
2394,391,59.808434175666704,-40.44087484097513,r1
2399,392,-42.45146286808657,57.623660756325535,r2
2405,393,57.880475745177336,-42.44103095964991,r1
2410,394,57.02642823209384,-43.23496477995209,r1
2418,395,61.34710251444408,-38.79319861621501,r1
2428,396,12.892973265447479,12.982093901829698,double_ko
2436,397,-39.02087739298848,61.273660735467885,r2
2443,398,-39.89303924525388,60.25444000385825,r2
2450,399,59.879917379639295,-40.30444656393674,r1
2457,400,60.37095539836612,-39.911202581750366,r1
2464,401,60.10010724782427,-40.07920049797814,r1
2470,402,-41.62415012305907,58.6260649454866,r2
2476,403,58.39902636734458,-41.910396257144754,r1
2482,404,-40.995968013895954,59.15045417752203,r2
2489,405,60.43770127625982,-39.85085053073408,r1
2495,406,58.87578161492223,-41.43503889509698,r1
2501,407,58.530743327188105,-41.58764572213647,r1
2509,408,11.29988710282331,11.474219002098934,double_ko
2516,409,59.9455101009664,-40.21834342005522,r1
2526,410,-37.03087199661613,63.35424512847218,r2
2532,411,-41.59254844881567,58.70490914067945,r2
2539,412,60.120946819485994,-40.0400559423189,r1
2545,413,-41.43676107422997,58.696675293039945,r2
2551,414,8.808893645555683,8.81437845123066,double_ko
2558,415,-40.551927521418556,59.68290162446405,r2
2564,416,-41.99747151414062,58.227661393804006,r2
2572,417,61.24031365491667,-38.95600945507154,r1
2579,418,60.45408852819806,-39.682676434866394,r1
2584,419,-43.13095032910043,57.15648628853626,r2
2589,420,-43.32805057355578,56.89298337893581,r2
2597,421,11.35226051806076,11.34015062721514,double_ko
2603,422,58.787632620429115,-41.356805575200475,r1
2611,423,11.677651542836774,11.525605170090135,double_ko
2620,424,62.60830882177635,-37.67289033545245,r1
2626,425,-42.088774262084044,58.23643304859864,r2
2632,426,-41.779173422762724,58.457895370214075,r2
2638,427,-41.82949581388272,58.35083113559625,r2
2645,428,-40.14838324410714,60.132391908523736,r2
2659,429,-31.915377821027977,68.36992827871094,r2
2665,430,58.91976224311576,-41.12009332787542,r1
2671,431,-41.25710772395656,58.85108944069835,r2
2680,432,-38.215169816415866,62.004417037152464,r2
2686,433,-41.24115358321219,58.98209085085185,r2
2693,434,10.351343396696505,10.252906307073625,double_ko
2700,435,-40.4278742202848,59.74318794143884,r2
2707,436,-40.211902177762276,60.01181764171462,r2
2714,437,59.945264022289805,-40.3525843074596,r1
2721,438,60.12676724817267,-40.147432669710454,r1
2728,439,59.719010648820976,-40.356755214651685,r1
2735,440,59.49365359686898,-40.56811015129907,r1
2743,441,-38.97617621322953,61.06590767065739,r2
2749,442,58.656870179619915,-41.52241394471378,r1
2756,443,60.45283285582748,-39.70927724661499,r1
2765,444,62.36271650519862,-37.89820861543218,r1
2774,445,-38.076136399783934,62.07686593387444,r2
2780,446,-41.738700672114,58.43819352521414,r2
2786,447,-42.22690493494858,57.94770565948368,r2
2794,448,-38.728988235555796,61.49927299822882,r2
2803,449,-38.51468534170339,61.87805856430874,r2
2812,450,11.053865370018157,10.953816633175752,double_ko
2818,451,-41.92851077716105,58.14634275767268,r2
2824,452,-41.61774558502963,58.45613654502131,r2
2830,453,-42.079169462184026,58.38899005502945,r2
2843,454,-33.32418593865824,66.83428033559363,r2
2853,455,-37.072308470076536,63.30132396210862,r2
2863,456,-37.90963095217727,62.30217968939155,r2
2875,457,15.566867518821322,15.487394742903508,double_ko
2881,458,-42.434542541006586,57.705011292672914,r2
2891,459,-37.09130216994593,63.11489564467473,r2
2899,460,-39.280324784506654,60.959355127039046,r2
2909,461,-37.074004405714724,63.18568573994541,r2
2920,462,-36.510074573061374,63.70154936622186,r2
2928,463,61.53387737017215,-38.73399396163203,r1
2935,464,59.897806511103795,-40.34223803861567,r1
2943,465,59.43818079159003,-40.93482794359777,r1
2952,466,-38.43464439697491,61.78741343712794,r2
2960,467,-39.5548250474984,60.734929113635864,r2
2968,468,11.841651241686131,11.80946140916427,double_ko
2979,469,63.72852867950257,-36.53799487030913,r1
2988,470,-38.689887741780375,61.52776959775494,r2
2999,471,64.8838640436758,-35.26080668271583,r1
3006,472,-40.85376804186822,59.313882923017374,r2
3020,473,-33.90317769810369,66.35522472660645,r2
3030,474,61.00393532235118,-39.27193995840487,r1
3041,475,64.7851916556108,-35.51947482017973,r1
3054,476,67.69361240566118,-32.439876232082355,r1
3062,477,-39.57942125284224,60.59802719778756,r2
3069,478,-40.941543967275265,59.2416512014901,r2
3075,479,-41.88184274072189,58.34687837236429,r2
3089,480,66.65587350356664,-33.39674851957433,r1
3096,481,-41.095307287898436,59.10891159514212,r2
3102,482,-41.95621234469941,58.26980069686887,r2
3112,483,-37.059366625092395,62.902577631977856,r2
3122,484,-39.89722041053027,60.187049446871306,r2
3128,485,-42.13104459437051,58.0446183117883,r2
3136,486,-39.73308408163632,60.44609176071191,r2
3149,487,-35.69281059948082,64.73521464565623,r2
3157,488,61.53480350842217,-38.69190425898076,r1
3166,489,-38.313396043755375,61.729667538205824,r2
3177,490,62.49173080182531,-37.88614090728972,r1
3187,491,-39.06098649738152,61.11228734519055,r2
3194,492,10.381316782666783,10.180747334830889,double_ko
3205,493,64.43968323009182,-35.65594552124823,r1
3212,494,-41.045388340178704,59.25391942717308,r2
3222,495,-37.185849418076444,62.916415483621265,r2
3234,496,-37.28401744660427,62.73635586716854,r2
3241,497,-42.28714216177328,58.00698164212702,r2
3250,498,60.25071705525534,-40.02395003020085,r1
3257,499,-40.984108897597395,59.33481175515795,r2
3268,500,64.17792069282463,-35.98726661348813,r1
3276,501,59.30639562911995,-40.89427964140881,r1
3287,502,64.23646933910908,-35.905662377509614,r1
3296,503,-39.85671869667058,60.476629359892435,r2
3308,504,64.5704888313663,-35.81580271377817,r1
3321,505,65.9905141742435,-33.96075575260883,r1
3326,506,-42.86794222215627,57.285766192765486,r2
3336,507,-39.63764552258079,60.73396656490609,r2
3342,508,-42.12375862900445,58.09214316327186,r2
3356,509,-32.515958373503295,67.66271212038419,r2
3363,510,58.709881166873025,-41.52144757566974,r1
3372,511,60.854366093940484,-39.46154224217475,r1
3386,512,-31.782135869404133,68.50343851724668,r2
3395,513,-40.8131634390879,59.59413116247855,r2
3404,514,61.876878316614295,-38.20659008023192,r1
3415,515,-35.867633406006824,64.2893126068297,r2
3424,516,-40.11149923328056,60.21507873970417,r2
3436,517,64.94399230222291,-35.184046468181506,r1
3448,518,64.32928494916865,-35.84515209154111,r1
3457,519,-38.084495889194244,62.21837240308821,r2
3468,520,-35.8881371070912,64.23625430755315,r2
3477,521,-38.271325502570065,61.79978027753989,r2
3484,522,-43.438886023347145,56.785679589206126,r2
3493,523,-40.106658798110175,60.06885975840219,r2
3501,524,58.34345366350521,-41.686185631158864,r1
3510,525,-40.40453553904972,60.03353563164421,r2
3519,526,-40.60666934440356,59.65615387142693,r2
3530,527,62.532161116257186,-37.63020038351321,r1
3543,528,-35.099423250484406,65.26985398064882,r2
3552,529,-39.78544825025747,60.34978052312613,r2
3561,530,-40.54967710170653,59.868692475926956,r2
3570,531,-40.62888674987966,59.59992642575564,r2
3581,532,61.96695192939308,-38.176458729773884,r1
3590,533,-39.917861535903604,60.31739611256883,r2
3599,534,-40.236210571781015,60.09058980491449,r2
3611,535,-37.212154423436345,63.02748796611187,r2
3618,536,-42.99572988961142,57.247540949793986,r2
3625,537,-42.276392487496665,58.04237729557546,r2
3634,538,-40.55937663660779,59.7726662157513,r2
3644,539,9.905489598820973,10.084014366160607,double_ko
3655,540,-37.95601363659784,62.378967220487056,r2
3662,541,-42.575679201938634,57.575497012848025,r2
3670,542,-41.121538598362335,59.185792215921545,r2
3678,543,-41.11807260350663,59.172294895073854,r2
3686,544,59.05956437530649,-41.13423650248759,r1
3694,545,58.32184882458317,-41.90037921262006,r1
3702,546,-40.91435706511079,59.36028554645642,r2
3716,547,65.98781705896867,-34.24259014545837,r1
3727,548,-36.71028597419688,63.55687057382916,r2
3734,549,-42.40627776738767,57.9342599510566,r2
3744,550,-38.739772969916004,61.45539901546918,r2
3751,551,-42.64134522103364,57.72694580643054,r2
3761,552,61.31069872204236,-38.68088074132281,r1
3770,553,-40.18868214254228,60.12511035565148,r2
3781,554,62.619311267596075,-37.64368071953957,r1
3789,555,-41.565555233214816,58.502350353583495,r2
3802,556,66.57746545069153,-33.528579783467066,r1
3810,557,60.18043205947835,-39.94710708553092,r1
3817,558,-42.41073067342074,57.83152861733332,r2
3826,559,60.033981828442904,-40.00596275857922,r1
3836,560,11.96905662986032,12.286252223898051,double_ko
3846,561,-38.85290566073053,61.536842284746925,r2
3856,562,-39.04490762322499,61.33408844639477,r2
3864,563,-41.07354128626102,59.209438655617106,r2
3872,564,58.73396739134733,-41.3473451604803,r1
3883,565,-38.06867098522663,62.14852426376498,r2
3891,566,-41.398378594247774,58.90038738001959,r2
3902,567,62.46455975857243,-37.799961079792006,r1
3914,568,-35.95346593936365,64.32894605366549,r2
3922,569,-41.4959741963082,58.86931462200847,r2
3932,570,11.905974636337888,12.071484355700209,double_ko
3942,571,61.66344501819497,-38.44705111740359,r1
3949,572,57.73393302335612,-42.41839828142212,r1
3957,573,-40.920170008823064,59.31330975176534,r2
3965,574,-41.18289920811843,58.97837044458926,r2
3973,575,59.18391985472845,-40.99101707193303,r1
3981,576,8.240255593259471,8.395664171030399,double_ko
3992,577,-37.68073321663647,62.6806134372402,r2
4002,578,-38.883764079665305,61.39466260819833,r2
4013,579,62.8071791979282,-37.398631126150065,r1
4025,580,64.41225993869628,-35.61107239002888,r1
4039,581,68.24769934877912,-31.736796533677644,r1
4050,582,63.94892557408935,-35.93428127020884,r1
4059,583,60.33437178173259,-39.80458450103904,r1
4073,584,66.46926345628401,-33.75770963830222,r1
4081,585,59.21078531421771,-40.848172367129834,r1
4092,586,62.236248671918105,-37.71962789096346,r1
4104,587,63.77008948506523,-36.2919997382825,r1
4112,588,-39.25923946531265,61.01115673359291,r2
4125,589,66.64763889712702,-33.479778208779166,r1
4141,590,21.15934790126075,21.56538204048754,double_ko
4148,591,59.33851797513596,-40.67762747556761,r1
4160,592,64.32111906217601,-35.822243175044775,r1
4173,593,66.30402807306365,-33.41439642616622,r1
4182,594,60.612605645230815,-39.496222064027855,r1
4193,595,-37.57672620316097,62.71211504343556,r2
4202,596,60.391141739740085,-39.8368459574955,r1
4214,597,63.56995961692333,-36.47738065966211,r1
4222,598,-40.421931621722024,59.850520550021514,r2
4230,599,-39.82815476349748,60.454450960289975,r2
4241,600,12.011733317412101,12.325933726310861,double_ko
4253,601,65.57867510677518,-34.611676308358334,r1
4263,602,-39.076002440164004,61.39614059275285,r2
4274,603,-36.53833732362504,63.85926798040909,r2
4289,604,69.18603748851643,-31.0300845891461,r1
4299,605,-38.85373270671594,61.637971504190325,r2
4309,606,-38.55838155903606,61.797507797024494,r2
4326,607,-30.160858165049703,70.18124481685791,r2
4339,608,65.31040444792941,-34.99687184442907,r1
4350,609,63.56306545121798,-36.391326385631565,r1
4360,610,-38.57989842170648,61.69193152935996,r2
4366,611,-43.30164636641894,57.00662521527327,r2
4389,612,77.84372922341853,-22.37145881520859,r1
4398,613,-38.093062191672686,62.254292659307524,r2
4405,614,-41.11741322499215,59.41698515431707,r2
4417,615,-35.049362579965056,65.30659660978117,r2
4431,616,17.200451442898917,17.65325821227684,double_ko
4440,617,61.781015961293576,-38.438355560836754,r1
4450,618,63.3195504694467,-36.616225892849386,r1
4460,619,62.138100144217574,-38.067332746898515,r1
4470,620,-38.75845068938506,61.483095434120365,r2
4478,621,59.12641053096027,-41.09886259578191,r1
4489,622,-35.71074768754352,64.67019208294742,r2
4499,623,-36.167536524666886,63.93099880493712,r2
4511,624,64.73729436746021,-35.468655122559646,r1
4528,625,70.72848739192777,-29.583607565653395,r1
4537,626,61.218516870630374,-38.80308740869748,r1
4548,627,-35.7880227657148,64.39332539419368,r2
4557,628,-38.3296535934192,62.05395999056559,r2
4572,629,-31.4547460189685,68.78866128678933,r2
4585,630,65.57056972403448,-34.49233491469957,r1
4593,631,-38.90683695399436,61.30966745924786,r2
4607,632,17.616222873647843,17.723800732125063,double_ko
4621,633,-33.75475165870614,66.30180926086523,r2
4634,634,17.26259835653534,17.226089428909738,double_ko
4645,635,64.22711991126515,-35.85138787612757,r1
4660,636,68.51416325758504,-31.413332401555714,r1
4667,637,-41.948341760536145,58.26182674138524,r2
4682,638,-31.34270676924208,68.88328836087442,r2
4691,639,60.96909787641823,-38.92140076451154,r1
4708,640,-29.345932475609786,71.10336870612983,r2
4716,641,-39.63292173069655,60.82813696147084,r2
4724,642,60.44755111681502,-39.49817542743155,r1
4733,643,-38.141887877815215,61.99082609024897,r2
4740,644,-41.08558565385472,59.192253103558556,r2
4753,645,67.00733492074507,-33.26915953552603,r1
4760,646,-41.01192286618543,59.312830808309435,r2
4774,647,-32.05708716243226,68.35367564676068,r2
4783,648,-39.53334443936677,60.674106721713315,r2
4802,649,75.35347259849473,-24.764595873832228,r1
4812,650,-36.70466749840806,63.51245614058004,r2
4822,651,-38.688813995135135,61.46675791434462,r2
4834,652,-34.33977901098695,65.81356323914764,r2
4849,653,-30.360576840207905,69.98550042088365,r2
4855,654,-43.561496706036465,56.60977875183466,r2
4865,655,61.692019380091395,-38.55328246056162,r1
4873,656,60.437280543776374,-39.68724136779521,r1
4886,657,-33.58677430811347,66.86144832796728,r2
4894,658,-41.200044064880835,59.144069479093034,r2
4904,659,63.4936259141083,-36.84599161022363,r1
4913,660,-38.26506044583244,62.02085546427546,r2
4924,661,-35.39287618199244,64.88158090608194,r2
4935,662,-36.47224057969055,63.75253476385254,r2
4953,663,73.5127876599822,-26.538026252718872,r1
4966,664,-33.282674866565,66.95112965032115,r2
4976,665,63.53637630873882,-36.68502875334905,r1
4988,666,-34.18967014288529,66.09232746378902,r2
5008,667,75.49194700616079,-24.35940444322855,r1
5021,668,-33.31270841135377,67.14272331868612,r2
5033,669,65.11188187742225,-35.1181600122774,r1
5043,670,-36.59286750704601,63.63680487853452,r2
5054,671,64.40228546648535,-35.645129044379644,r1
5062,672,-40.86837382685977,59.2670000252113,r2
5072,673,-38.35682885097687,62.03610399667572,r2
5084,674,65.3921585397445,-34.53334665116593,r1
5091,675,59.5513412489054,-40.59531816837802,r1
5102,676,64.24226969189053,-35.86831742227828,r1
5114,677,65.66214681354208,-34.57585521663202,r1
5132,678,72.2551063697645,-27.608780078542573,r1
5141,679,-39.471332015770386,60.926103299658806,r2
5151,680,63.19399421861848,-37.0843871261125,r1
5157,681,57.25315449805285,-42.78195710364065,r1
5166,682,-38.65317181454663,61.64983253403055,r2
5180,683,68.213514706724,-31.915014817816573,r1
5187,684,59.11974701235963,-40.93046580069367,r1
5198,685,65.03232684881976,-35.03288869543168,r1
5210,686,-35.7548442773198,64.57127981021767,r2
5220,687,-37.41591929571902,63.009986185661155,r2
5228,688,-39.39308664341047,60.90005396069764,r2
5238,689,-37.7280896120445,62.59621079233847,r2
5249,690,-36.57487171116562,63.55006120198565,r2
5259,691,63.824065366055564,-36.50956641059028,r1
5269,692,-37.14091420233502,63.19318489498771,r2
5279,693,-36.93137918382331,63.430355983589514,r2
5291,694,-36.142344489814434,64.41721794029753,r2
5303,695,-35.307673940323625,64.98213786052925,r2
5312,696,-38.24382565253767,62.19275019511916,r2
5320,697,-39.78204710465404,60.625204668414064,r2
5330,698,-37.103815260045884,63.287482016908925,r2
5338,699,61.1318533879998,-38.88104326203052,r1
5352,700,-32.64716087228909,67.83628446545876,r2
5362,701,63.41890787878822,-36.752951246291914,r1
5374,702,-33.923501105102616,66.61216297936816,r2
5385,703,-35.46883698922283,64.81291680815596,r2
5393,704,-40.381037985978004,59.831774862990784,r2
5417,705,-20.05568839542787,80.46467449169214,r2
5430,706,16.606654411672434,16.751692332907446,double_ko
5439,707,-39.27980386691828,61.08930509718464,r2
5453,708,-32.94104006184705,67.40860846207242,r2
5464,709,-37.063592793695044,63.331697731733186,r2
5476,710,-35.23928779650118,65.17597725824179,r2
5487,711,-36.67348396044278,63.74927553139828,r2
5499,712,-35.476322496361774,64.90546957624525,r2
5515,713,21.50515826130673,21.913099619913822,double_ko
5530,714,-30.803007662248817,69.52696855192181,r2
5546,715,-29.11173154555875,71.21168935212285,r2
5559,716,-34.14214034612307,66.28028785366433,r2
5574,717,-32.16961056673188,68.73001664913612,r2
5585,718,-37.059007682652506,63.38918098640234,r2
5606,719,26.49958197763998,26.979241152638934,double_ko
5617,720,-35.38573917059345,64.96766509996058,r2
5626,721,-38.81776974762383,61.458054148860796,r2
5640,722,-32.20318672370347,68.23793880520917,r2
5647,723,-40.722154320656486,59.671304596232815,r2
5654,724,-40.95629142466803,59.42230491165553,r2
5663,725,-39.710305130015556,60.4716556254465,r2
5677,726,67.59404872299379,-32.044788256846466,r1
5685,727,58.564672025089465,-41.748476053951485,r1
5695,728,12.047910462183209,12.070884500236494,double_ko
5708,729,66.30043759190326,-33.52653332010218,r1
5720,730,65.80430498651927,-33.94342882994219,r1
5726,731,-43.239967238500725,56.95256457131891,r2
5734,732,-40.00001137456547,60.33641948721819,r2
5749,733,-30.638136153784284,69.87126977522455,r2
5757,734,-39.6102517037365,60.689278279777746,r2
5764,735,-41.003164890474665,59.35722701875041,r2
5772,736,59.20106423113048,-40.885012754353895,r1
5782,737,-37.40093114701557,62.99371976782429,r2
5791,738,-38.878838767947855,61.33441489329649,r2
5803,739,-34.416683680711024,65.82260268383112,r2
5814,740,-36.28593787566998,64.20509782201368,r2
5823,741,9.592664469105772,9.75512245117935,double_ko
5832,742,60.011799035074006,-40.209987904811186,r1
5842,743,-36.4707898223863,63.64869133006506,r2
5850,744,-39.09077600597408,61.23025400060644,r2
5869,745,72.81852572058452,-27.551737782493404,r1
5877,746,-39.83451912201345,60.260523405201354,r2
5892,747,-31.893710257132582,68.34165046287893,r2
5905,748,-32.72981398457798,67.41353219658376,r2
5913,749,-40.51613002760263,59.69587286631051,r2
5927,750,-32.4271116989749,67.74718672160303,r2
5933,751,-42.15296122015893,58.003405871423126,r2
5942,752,-38.00991667499598,62.400909320292385,r2
5950,753,10.020140384705845,10.075252927590615,double_ko
5958,754,-39.66244704854559,60.739584441200215,r2
5970,755,-34.53180217840329,65.41231448549573,r2
5981,756,-35.93881752330178,64.30049406358816,r2
5991,757,-37.12750231872331,62.875078746806345,r2
5997,758,-42.0081824978426,58.12640590236252,r2
6005,759,-39.83575789040502,60.25545194932761,r2
6014,760,61.80511408342589,-38.44470485273449,r1
6026,761,-36.10727918608762,64.15297553549664,r2
6040,762,67.31527952570019,-32.84920792944825,r1
6051,763,63.64589297129701,-36.34708618083427,r1
6058,764,-40.8645855527521,59.386822904463855,r2
6068,765,-37.36976967085964,62.51009686590613,r2
6078,766,-37.1479477168957,63.100569538060114,r2
6088,767,-37.026306701387846,63.33480807232306,r2
6099,768,-35.78614094903546,64.70421115658016,r2
6109,769,63.2476274329031,-36.938603468485894,r1
6121,770,63.63416787923339,-36.49867023892068,r1
6131,771,-36.95848999916823,63.05804379287877,r2
6141,772,-37.33639704328919,62.72941088265155,r2
6151,773,-37.42648859227732,62.81695856337375,r2
6162,774,64.39007957396703,-35.742047409433255,r1
6176,775,66.51318557504806,-34.03763677783908,r1
6192,776,-31.53790226595892,68.98957061790641,r2
6208,777,-29.87789492988634,70.30711032874174,r2
6222,778,66.42898417659401,-33.48052292157129,r1
6239,779,-29.53614210124392,70.67337749513754,r2
6249,780,62.967050998612386,-37.251453771012905,r1
6261,781,-34.25412051709024,65.81860555478384,r2
6277,782,-31.472276071600273,68.70895508920253,r2
6291,783,-32.2202996757374,67.857657020283,r2
6320,784,85.51799068001816,-15.196323101170421,r1
6335,785,-32.419913640427865,67.87745284072952,r2
6348,786,-33.18651893426413,66.87556506217942,r2
6361,787,65.67766985361172,-35.04041624617961,r1
6375,788,-32.18251036672614,68.0937911867675,r2
6390,789,67.46826973917746,-32.94014514457048,r1
6402,790,-34.12550873075413,65.95213118550693,r2
6416,791,66.89532245718902,-33.42098000138124,r1
6428,792,63.97900772941625,-36.24695253615141,r1
6441,793,65.60653321636694,-34.72417440260678,r1
6452,794,62.727664094693594,-37.57737049014769,r1
6462,795,61.724378344960435,-38.71317752646487,r1
6472,796,63.117266799833544,-36.971669890400314,r1
6485,797,17.59606761488468,17.57410764158581,double_ko
6493,798,-39.54537576694017,60.71756680963189,r2
6506,799,-33.22168970953649,66.89093025269277,r2
6516,800,63.13880279386197,-37.03729954637238,r1
6529,801,-34.42977624478708,65.74741805461788,r2
6541,802,65.29563692753652,-34.94368800276724,r1
6554,803,-35.06974492539703,65.29168770001345,r2
6568,804,67.79521919458757,-32.20731588169987,r1
6581,805,65.6401482843149,-34.95778055464053,r1
6603,806,77.99773849140476,-22.583375494740704,r1
6618,807,-32.59118618168854,67.63193252027192,r2
6630,808,65.39117734586915,-34.97141421241818,r1
6641,809,64.37167214871718,-36.03181040836054,r1
6661,810,74.44135457822304,-25.776020703260585,r1
6670,811,-38.285703985925274,61.94645217905568,r2
6683,812,66.89692584504222,-33.38192447082014,r1
6700,813,71.68319227067462,-28.524980350822723,r1
6714,814,66.57172486839177,-33.67216500167114,r1
6733,815,-28.052990746700534,72.44720798859811,r2
6749,816,69.18828249765957,-31.539961345313234,r1
6758,817,62.15226610195046,-38.140412566403654,r1
6767,818,62.25695373690424,-37.65117465308286,r1
6783,819,-29.696794760017163,70.2687906341833,r2
6805,820,75.82353398423855,-24.400909554797064,r1
6819,821,67.62615007708423,-32.50291415687548,r1
6837,822,-27.239975144011776,73.05986890943979,r2
6853,823,68.60971912437789,-31.748564839197307,r1
6862,824,61.93759911308814,-38.223445068998,r1
6877,825,18.563735814797685,18.430524154481947,double_ko
6890,826,67.0697699588312,-33.25891641805772,r1
6899,827,62.53014499424685,-37.65810050727152,r1
6906,828,-40.57002291642727,59.713686729941244,r2
6916,829,-37.46221498025314,62.99305872975714,r2
6929,830,67.05820732005373,-33.175084293843376,r1
6939,831,62.27397827188223,-37.95912648193548,r1
6949,832,62.46394066955673,-37.75322758413102,r1
6968,833,-26.892512945150575,73.15676662738079,r2
6980,834,65.31497930520429,-34.81358264765674,r1
7011,835,-12.399021858459811,87.67363335323249,r2
7021,836,12.91607052169159,12.802052847640399,double_ko
7033,837,64.42156382523052,-36.062825847840024,r1
7042,838,62.452942200562,-38.13257115608548,r1
7051,839,61.8115180310423,-38.5067240358394,r1
7064,840,65.4718085941904,-35.0301941055822,r1
7078,841,68.30910983020621,-32.019013121824614,r1
7090,842,65.85808210800101,-34.5889771831237,r1
7098,843,60.31533395079198,-39.727156262356054,r1
7107,844,61.885528630572466,-38.533340325980475,r1
7129,845,77.55288588499288,-22.416534514592275,r1
7142,846,66.35959975625036,-33.935167007638015,r1
7156,847,67.04636888544431,-33.327684950772,r1
7165,848,62.139289247091504,-38.14252415122571,r1
7174,849,62.29038554320314,-37.934145529426374,r1
7181,850,59.3425182853381,-40.908400753843964,r1
7192,851,-35.87522469149191,64.37462480918224,r2
7201,852,-38.17123928618484,61.929355515746536,r2
7219,853,72.18152867618745,-28.38273190401425,r1
7225,854,57.7471204335316,-42.53796034586713,r1
7239,855,-31.56548999496223,68.62201097038009,r2
7250,856,-35.76794410476571,64.5013256683565,r2
7259,857,62.57399555942525,-37.90057704733475,r1
7270,858,64.56498603461847,-35.71797064186013,r1
7286,859,-32.030032486431296,68.32813756098486,r2
7296,860,-38.65295370860078,61.62964831720607,r2
7306,861,62.70025757942732,-37.67252903109868,r1
7319,862,-33.54583093953974,66.84017075618549,r2
7331,863,63.940687238092046,-36.58468929073905,r1
7344,864,67.36573943192289,-32.943918679600046,r1
7356,865,66.1484059713252,-34.11354557051551,r1
7366,866,-37.57350611311518,62.52082514923822,r2
7391,867,82.23710307501588,-18.011537269993703,r1
7412,868,-24.010534564712458,76.19371622908076,r2
7425,869,-33.8310182393544,66.23924815350134,r2
7442,870,70.78902633532826,-29.564245840481036,r1
7459,871,-28.3200966628298,72.01261095947046,r2
7470,872,63.41747853487328,-36.91478360103479,r1
7487,873,71.74997436007817,-28.52087255796554,r1
7496,874,-38.30866274841793,61.863436306929984,r2
7506,875,14.192513946156772,14.0558990027069,double_ko
7522,876,69.30875395530717,-30.979879903562622,r1
7532,877,63.15552593519929,-37.09298086321752,r1
7547,878,69.26981397405947,-31.21676191118163,r1
7556,879,-38.05150796132219,62.03135902925235,r2
7566,880,-37.274431703139996,62.81517815364505,r2
7581,881,-30.513648436744365,69.86222232351146,r2
7590,882,-38.92502030025953,61.171925658445744,r2
7602,883,-34.70194235728428,65.37072899239709,r2
7611,884,-38.441879434180564,61.78415013996264,r2
7624,885,65.9190279811182,-34.44935036882207,r1
7632,886,-40.6779537110253,59.502745119721915,r2
7644,887,-35.5353638450694,64.73636550266295,r2
7653,888,-38.39733122682692,61.67941137478962,r2
7665,889,64.31398467750516,-36.11768625928868,r1
7677,890,64.02163258472619,-36.32389440468911,r1
7690,891,-33.91375332290799,66.21046440243255,r2
7701,892,-35.624666437184025,64.5323878472673,r2
7711,893,61.67646546652978,-38.54493208590827,r1
7724,894,65.31090675388374,-35.230545891936146,r1
7737,895,67.35795145731923,-33.03257924254849,r1
7751,896,66.68464349207274,-33.587136976017625,r1
7760,897,60.52924850314852,-39.53601573680608,r1
7773,898,-33.3862495951484,66.9558466920971,r2
7786,899,65.43798364744993,-34.8474941237943,r1
7801,900,19.763813723978032,19.95392035873901,double_ko
7809,901,-39.52064707107402,60.66093297923453,r2
7823,902,-33.45684947262576,66.48510344390986,r2
7837,903,-32.45757476253476,67.76305649252618,r2
7855,904,72.48582147138103,-27.719134845754745,r1
7870,905,-30.118553628578333,69.89111072698518,r2
7884,906,-33.78011986247717,66.52110243159326,r2
7894,907,-37.271013359382906,63.0793071612076,r2
7907,908,65.75036374834988,-34.38482433579226,r1
7921,909,-32.422275262567624,67.97814215353877,r2
7928,910,-40.81584377035831,59.34413154643192,r2
7938,911,-36.96529280414113,63.386897944752434,r2
7954,912,70.920282474709,-29.049079660521453,r1
7966,913,64.04610648946941,-36.17840166383211,r1
7974,914,59.419068970395024,-40.7141250022017,r1
7983,915,-38.419583719565395,61.612091808404585,r2
7999,916,71.02337176379672,-29.119992879652763,r1
8010,917,63.222402547004364,-37.02313128796374,r1
8020,918,64.03571339140427,-36.09588220807553,r1
8033,919,-33.406807819705406,66.73552347639746,r2
8043,920,-37.15333346270549,63.151782881797175,r2
8052,921,62.24984327399414,-38.04604261108891,r1
8062,922,62.09138400139825,-38.118308964268536,r1
8070,923,60.92813076446129,-39.423754771163416,r1
8090,924,-24.697019239626815,75.43121488517247,r2
8099,925,-39.5204347658556,60.75955836816067,r2
8111,926,65.7078446059054,-34.53200598246268,r1
8120,927,61.48374467260086,-38.82133291829969,r1
8132,928,65.13430526471436,-34.996120423677674,r1
8144,929,65.60416438461523,-34.603814681190386,r1
8152,930,60.91053279903288,-39.190501888857604,r1
8162,931,63.20354140289807,-36.88886800784072,r1
8174,932,65.26755963722019,-35.097039192018656,r1
8186,933,-35.827367004831885,64.6063355871197,r2
8198,934,65.69104382425192,-34.442096498896966,r1
8211,935,-33.310651157383944,66.99126476490302,r2
8220,936,61.96687823466071,-38.31062491736265,r1
8234,937,66.3814204575873,-34.16554917937884,r1
8244,938,63.378233316135784,-36.95229944754418,r1
8251,939,59.32157409412262,-40.86276386962523,r1
8259,940,59.984244414345916,-40.13390954625081,r1
8283,941,80.57651248713434,-19.735769670293116,r1
8293,942,63.04992970864902,-37.051714150174654,r1
8302,943,-38.09011306425353,62.16790313337073,r2
8320,944,72.56211508946154,-27.43142543943585,r1
8330,945,63.432762246651556,-36.659541486282066,r1
8338,946,60.48143029125106,-39.66107393152573,r1
8349,947,64.98105539091185,-35.11149372601861,r1
8363,948,-31.642180589078837,68.71724938486093,r2
8372,949,61.91491100881086,-38.29701233678283,r1
8383,950,64.1367242693176,-36.044480788445114,r1
8407,951,31.216046557645807,31.217281290986513,double_ko
8416,952,61.32377577354127,-38.76410168551497,r1
8429,953,-32.797858265543205,67.43632145490984,r2
8437,954,60.007235432712804,-40.08551950436089,r1
8462,955,31.343204511457685,31.209033366115968,double_ko
8473,956,-36.49528784557644,63.78409155213882,r2
8489,957,70.18339621211173,-29.819811397733904,r1
8500,958,-35.865491331504856,64.57791029428488,r2
8531,959,-10.13712227321777,90.13029632173351,r2
8547,960,21.04669034195606,21.340131924505542,double_ko
8556,961,62.28609078461542,-38.07798530357303,r1
8564,962,60.775109126547704,-39.538746920175576,r1
8579,963,69.50169180391669,-30.81781010511711,r1
8587,964,60.803770408014636,-39.31684261111235,r1
8600,965,66.90057568553327,-33.25583484310622,r1
8609,966,12.182655185599748,12.142102980826778,double_ko
8618,967,62.82650014541761,-37.29500504875533,r1
8633,968,68.45078388823107,-31.406882390557502,r1
8645,969,65.45832765369335,-34.56074326013255,r1
8657,970,65.4496721100341,-34.684690748959326,r1
8683,971,-16.89368316130568,83.2715240666951,r2
8693,972,63.262294229430985,-37.08306970193277,r1
8702,973,62.13222586716967,-38.04744780649618,r1
8719,974,-29.237130192699347,70.92643155495026,r2
8730,975,63.925479106891466,-36.19086690109529,r1
8742,976,-33.962115281066644,66.16288764075274,r2
8758,977,-29.287601140562778,70.94492311017017,r2
8770,978,-34.32243614234039,65.93831425688748,r2
8782,979,-36.44202190559114,63.95890055166073,r2
8790,980,60.680082437370544,-39.6587843028471,r1
8806,981,69.98288523716414,-29.86329214792678,r1
8825,982,-25.429276579698417,74.74815889897786,r2
8835,983,14.04413834114862,14.03095181688742,double_ko
8855,984,73.88377813025109,-26.159592042400778,r1
8869,985,-33.32552542498966,67.12452216943512,r2
8882,986,-34.542057677601015,65.76826267412656,r2
8893,987,63.73094598867736,-36.48322636909013,r1
8903,988,63.358714104680594,-36.91792435470276,r1
8927,989,-19.48479850780302,80.8016343986007,r2
8943,990,-29.50002648103682,70.69680934253783,r2
8951,991,-40.34439976006403,59.96854962074704,r2
8963,992,65.68825983567542,-34.619852620160394,r1
8976,993,-32.688757555735535,67.68321623958813,r2
8991,994,69.04670497076121,-31.052664646317364,r1
9004,995,65.99325951351139,-34.16507576012987,r1
9015,996,64.46344415857165,-35.70949697449568,r1
9033,997,-29.630418728619276,70.91460746119893,r2
9044,998,64.51760145306683,-35.58613971493967,r1
9065,999,-23.244549207245214,76.99206179101202,r2
9075,1000,63.50629091490999,-36.73099470758604,r1
9093,1001,72.2337768829534,-27.907851132667503,r1
9112,1002,74.91287078618322,-25.391590440058863,r1
9125,1003,67.41476429945209,-32.7596509068145,r1
9143,1004,71.88208694363885,-28.158850257448442,r1
9159,1005,70.4512756785871,-29.60186826428959,r1
9173,1006,67.90892092275476,-32.59005580273269,r1
9182,1007,-38.13613870077779,62.18085861521629,r2
9203,1008,75.32139777035613,-24.878601134936176,r1
9213,1009,61.87560959399407,-38.229732366073954,r1
9230,1010,70.29708988540767,-30.05705177618027,r1
9250,1011,75.03799093202088,-25.280912206256605,r1
9264,1012,-33.73629781729076,66.47126386603655,r2
9282,1013,71.28015733699723,-28.96123314350489,r1
9293,1014,-35.9811819641639,64.16672541860092,r2
9307,1015,67.839406162468,-32.34013473610997,r1
9322,1016,68.97242430537702,-30.99980653576153,r1
9337,1017,-30.34662876787404,69.72460989038066,r2
9362,1018,80.4527675505334,-19.869165122816867,r1
9376,1019,66.65288352632032,-33.80107091900062,r1
9394,1020,20.238049336927787,20.26833284049477,double_ko
9403,1021,60.74599153299978,-39.50642061478439,r1
9415,1022,66.09093871517337,-34.15657385479348,r1
9425,1023,63.09824615959579,-37.150993689380286,r1
9437,1024,66.33222119423554,-34.056626361199314,r1
9452,1025,-32.78959106239505,67.51121884167259,r2
9470,1026,71.62428609885171,-28.669895487764787,r1
9487,1027,-28.497162572633545,71.80571307272818,r2
9498,1028,-35.5869132310449,64.69071901556241,r2
9508,1029,63.241150859145094,-37.00998422772382,r1
9520,1030,14.654641542988836,14.665262880362555,double_ko
9537,1031,-28.000784893494696,72.2697280053834,r2
9549,1032,-34.5070605442684,65.89634869397247,r2
9560,1033,62.97991942476641,-37.404894471607065,r1
9571,1034,14.99338526900237,15.126811264468303,double_ko
9589,1035,71.39991010111389,-28.87683168638467,r1
9600,1036,62.8048411204751,-37.599805908529504,r1
9613,1037,-33.269547379478574,66.86164623232648,r2
9624,1038,62.944911418894115,-37.4537421019161,r1
9633,1039,-37.867752010711214,62.257520974900544,r2
9646,1040,-33.17579364350863,67.10752370334286,r2
9656,1041,-36.83911292499917,63.46901792210343,r2
9677,1042,75.31620496070352,-24.994492876070247,r1
9702,1043,80.41993782558572,-19.70429254528317,r1
9711,1044,-38.23851530937408,61.964862153029884,r2
9747,1045,94.67632283241366,-5.564066295284668,r1
9758,1046,62.76441817941178,-37.49485816132874,r1
9773,1047,19.97503682382078,20.036566896040526,double_ko
9788,1048,69.28324026147287,-31.011261162539416,r1
9798,1049,61.54463281236612,-38.94113042895875,r1
9809,1050,63.09232871993277,-37.26330977183854,r1
9820,1051,-35.95911199892723,64.44367913425535,r2
9838,1052,20.554031849020724,20.89757330427068,double_ko
9858,1053,74.9288329933607,-24.95740601679447,r1
9887,1054,33.81417703240286,33.80210241322983,double_ko
9897,1055,-37.0600118699209,63.164866530979495,r2
9911,1056,-33.55306788843487,66.52333280241548,r2
9936,1057,30.55658758918113,30.71991747431285,double_ko
9951,1058,-33.021676351154795,67.53033471252185,r2
9966,1059,-30.238022167447575,70.22623366999609,r2
9991,1060,-20.423458046447177,80.12340704041581,r2
10009,1061,-29.018319804821946,71.3228443683825,r2
10021,1062,65.69457720118893,-34.587892946613835,r1
10042,1063,-24.090105761671833,76.07785140772651,r2
10053,1064,-36.35059131035263,63.88539311243279,r2
10066,1065,65.1878495018262,-34.882247155121725,r1
10077,1066,64.56995642178003,-35.62823207711655,r1
10090,1067,65.25650867817531,-34.9972428816166,r1
10112,1068,77.20184856386939,-23.221867381437693,r1
10135,1069,-22.826715392321837,77.6404124117506,r2
10144,1070,12.283750238734317,12.409452922764604,double_ko
10161,1071,70.86927864675077,-29.323773993999758,r1
10174,1072,64.72156687710118,-35.72633945867677,r1
10186,1073,-36.146575017393204,64.19156828207663,r2
10211,1074,81.91053848937568,-18.314784174574594,r1
10226,1075,-32.56608231619171,68.12264882438922,r2
10242,1076,71.03886290219069,-29.402031286434518,r1
10268,1077,-17.654644917037036,82.67645641387347,r2
10284,1078,21.328614093635323,21.668557675790133,double_ko
10296,1079,-34.37470119288461,65.74893165035365,r2
10309,1080,67.32577351574562,-32.965217494980365,r1
10322,1081,-33.011863473583205,67.09863825323593,r2
10333,1082,-35.82311093026826,64.23949489212703,r2
10378,1083,4.848965927634481,105.39851808115176,r2
10394,1084,69.22344766739846,-30.850943201603553,r1
10406,1085,64.5141621567654,-35.693889461318356,r1
10416,1086,-36.926041556371416,63.25585224279838,r2
10432,1087,70.35009495224523,-29.893322527900104,r1
10443,1088,-35.93212927997588,64.32851632395918,r2
10453,1089,63.26873287947977,-37.056415638241795,r1
10472,1090,-25.844239889537775,74.15762561399508,r2
10485,1091,-33.21202075528113,67.12020844014279,r2
10503,1092,-26.740318138752833,73.25854616811726,r2
10517,1093,18.888059655140115,18.905094024986443,double_ko
10528,1094,-35.986248275761895,64.24850550190041,r2
10544,1095,-30.103013564751805,69.97209429088933,r2
10557,1096,-33.363181154065856,66.98305990333046,r2
10577,1097,-25.361641625180486,74.72194679567987,r2
10590,1098,-32.922538146772084,67.4236108513414,r2
10604,1099,-31.966186089310355,68.2104955072099,r2
10614,1100,-36.79927263791926,63.382052846926115,r2
10625,1101,-35.520917000637986,64.66755924377263,r2
10637,1102,64.44703632644388,-35.94200107226424,r1
10658,1103,-23.155540918524075,77.05273136193183,r2
10672,1104,67.02406252746057,-33.326504905021494,r1
10690,1105,71.21491530300113,-28.937291027389517,r1
10707,1106,-28.352613660437882,72.05892829410985,r2
10715,1107,-40.77912952598008,59.49703179655722,r2
10726,1108,-35.80137859451152,64.45926426226579,r2
10744,1109,72.99002185667345,-27.275355516925615,r1
10758,1110,-31.6868733910465,68.65405039978324,r2
10766,1111,59.50852471292086,-40.67474776086944,r1
10782,1112,71.37143663458464,-29.033374567783746,r1
10798,1113,71.28088967858636,-28.939314190146856,r1
10813,1114,-31.1466153755787,69.02553345882384,r2
10824,1115,-35.89293530001392,64.36598574530734,r2
10837,1116,-35.764792784067374,64.3648631230688,r2
10855,1117,-27.958655671883132,72.67139676107702,r2
10878,1118,-22.352900996455162,78.05405256864427,r2
10892,1119,-31.67662706048322,68.65637549231351,r2
10906,1120,68.24555704716161,-31.997628915769244,r1
10919,1121,-35.47338218593879,64.9651171433775,r2
10935,1122,-29.401709519108636,70.7205020939142,r2
10947,1123,-36.22454535993753,64.1791647129131,r2
10957,1124,-37.357395392942536,62.833384539627495,r2
10967,1125,61.25857716981423,-38.87439031580639,r1
10977,1126,61.573799215740905,-38.77835346970129,r1
10988,1127,14.68881186408681,14.659701192609871,double_ko
11001,1128,67.25246951829794,-32.83772292714116,r1
11013,1129,-35.13363152100818,65.26615442003133,r2
11025,1130,64.14050910596433,-36.13352543725432,r1
11034,1131,62.000764149528074,-38.35104284176985,r1
11045,1132,62.86307485065491,-37.338110178856105,r1
11059,1133,66.51944943270664,-33.726303774222146,r1
11077,1134,-28.185499350608637,72.35930146004213,r2
11086,1135,-38.22942825581119,62.072937236583904,r2
11105,1136,-27.864392183036323,72.78645045096441,r2
11128,1137,79.98673053551394,-20.1937288922989,r1
11146,1138,-27.902655944767407,72.46574832721832,r2
11161,1139,70.33879288282017,-29.925424736523492,r1
11177,1140,-29.605398470549716,70.54542085086725,r2
11188,1141,-37.70489158155901,62.73962293083454,r2
11200,1142,-36.36473406841044,63.927771924927185,r2
11208,1143,-40.96260186705226,59.23354001962858,r2
11216,1144,-40.00190265897574,60.24300801394174,r2
11224,1145,-41.136717223289246,59.382182415589426,r2
11234,1146,60.65998006990577,-39.284543726508886,r1
11246,1147,-34.98912099711701,65.32075020322057,r2
11264,1148,-28.04865690803937,72.32459780101857,r2
11280,1149,-30.25631674047598,69.78482109327749,r2
11290,1150,-38.652059288842366,61.53480229825275,r2
11302,1151,-34.35637209416089,65.78040460024818,r2
11334,1152,89.5001234232208,-10.764177586088074,r1
11355,1153,74.92964903523958,-25.20372100633542,r1
11371,1154,68.56426679384893,-31.57699984581984,r1
11381,1155,62.94625857802821,-37.35739476403896,r1
11397,1156,-30.779405791217233,69.63222455042344,r2
11415,1157,-26.968810534216402,73.41132868737976,r2
11427,1158,64.22332537386056,-36.053712339418254,r1
11438,1159,-35.56924317221194,64.74179957917353,r2
11448,1160,62.822442787844665,-37.32504776201058,r1
11466,1161,73.50971578072226,-26.80538057381614,r1
11487,1162,-25.255523939148752,75.30656729467142,r2
11501,1163,66.32700461274894,-34.075958850458804,r1
11519,1164,-27.552011698796793,72.59485857010573,r2
11526,1165,-41.18092578902849,58.9896650247588,r2
11534,1166,60.52035342502194,-39.54724056232027,r1
11549,1167,69.3810882320787,-30.865326817264368,r1
11557,1168,-39.8688400907743,60.42192348254753,r2
11568,1169,13.594619493570596,13.564463344250626,double_ko
11579,1170,64.19390510195234,-35.91757700547927,r1
11602,1171,78.95424126601593,-21.276299803291938,r1
11613,1172,-35.8029438865932,64.39103695734242,r2
11624,1173,-35.45937201727412,64.70574278192981,r2
11644,1174,74.85752519305375,-25.262055912743463,r1
11656,1175,14.695603847417377,14.747831960835255,double_ko
11673,1176,70.57898250637024,-29.746553566947412,r1
11685,1177,14.350949580600046,14.242771100319114,double_ko
11699,1178,68.20686431467725,-31.93631274608614,r1
11717,1179,-27.490423025642016,72.95038395273363,r2
11727,1180,63.158386111349756,-37.06869811443259,r1
11743,1181,69.85226161737113,-30.35695858903532,r1
11757,1182,-32.28327515028269,67.97088530565887,r2
11765,1183,60.52288527649658,-39.71637557081545,r1
11779,1184,66.26782912041645,-34.28700368618685,r1
11791,1185,66.11676301999364,-34.282645146770186,r1
11799,1186,-39.62622776792788,60.50395470357023,r2
11814,1187,69.09637607120061,-31.201793326144756,r1
11831,1188,21.60442758411925,21.44924560160082,double_ko
11844,1189,65.37858406669686,-34.90028538347187,r1
11855,1190,-36.14915050701911,64.1045602089224,r2
11864,1191,-38.640876877019416,61.72669267465014,r2
11878,1192,-31.85824029629518,68.52174110271969,r2
11887,1193,-39.66993294330326,60.641828324127765,r2
11901,1194,-32.04293265125321,68.40316313913021,r2
11910,1195,-38.39752871484147,61.90788708749916,r2
11919,1196,-38.68513394127446,61.56598573475331,r2
11947,1197,-15.482058315782716,85.00683504369366,r2
11965,1198,73.18850530317286,-27.091722912803608,r1
11977,1199,-34.22619849419585,66.14140763813081,r2
12000,1200,77.9051722899371,-22.268189921667084,r1
12011,1201,64.68955191431161,-35.74370206927033,r1
12022,1202,63.734917127166334,-36.67549920038377,r1
12039,1203,19.85970922647599,20.1485972655809,double_ko
12049,1204,63.144834500284944,-37.11674926944449,r1
12061,1205,-34.5499504191146,65.6299736492745,r2
12077,1206,-31.39404673489243,69.0956117159923,r2
12094,1207,71.06308842514603,-29.06367788263031,r1
12109,1208,-30.813967678027335,69.48109417040394,r2
12129,1209,-26.226424724562875,74.00876524714565,r2
12144,1210,69.56355610068476,-30.513398064734837,r1
12153,1211,12.575346271695176,12.639537708297935,double_ko
12170,1212,-30.34237861077751,70.29584376166201,r2
12184,1213,-32.078162905904826,68.36886051663947,r2
12198,1214,68.37650038687306,-32.059879677983204,r1
12214,1215,-31.788201263629052,68.50625171778024,r2
12225,1216,64.33206798125238,-35.972136046676724,r1
12245,1217,-25.867083051141268,74.55042363575052,r2
12258,1218,-34.04200983432368,66.23049860636026,r2
12270,1219,-34.73543624839553,65.70547267160079,r2
12281,1220,64.10918295223915,-36.042930879718426,r1
12290,1221,-38.92386396225608,61.44752021209618,r2
12302,1222,-34.82208088896189,65.56815931838247,r2
12315,1223,-34.92019685752268,65.37111273357674,r2
12325,1224,-37.5113260277,63.031172294592785,r2
12347,1225,77.26550480491278,-22.511194614375167,r1
12358,1226,-36.36097116155537,63.902639179739054,r2
12366,1227,-39.406610696494575,60.81232422385972,r2
12380,1228,-31.417028886984745,68.85470126218065,r2
12397,1229,72.64555679050703,-27.520940706551546,r1
12409,1230,-36.212162702674064,64.14349018154732,r2
12425,1231,70.31006775469535,-29.860647924757576,r1
12441,1232,20.848647476531102,20.749641111973197,double_ko
12457,1233,69.30222835055888,-30.90014197578924,r1
12470,1234,-34.78840215615895,65.47441324840277,r2
12480,1235,-37.0832313872688,63.23530876092697,r2
12491,1236,64.4290497976506,-35.88065028511683,r1
12504,1237,67.1068664222536,-33.221208191156045,r1
12517,1238,66.90862748281042,-33.25791483862645,r1
12543,1239,32.1939930042123,32.30890589216297,double_ko
12556,1240,-32.965529331986346,67.38546459011432,r2
12589,1241,-8.560996328422625,91.70810347341596,r2
12608,1242,-26.953245353028485,73.70593847796268,r2
12626,1243,72.46522159403509,-27.63620004992662,r1
12650,1244,29.000862458518224,29.061482048653932,double_ko
12662,1245,-34.44334138310698,66.05363558789169,r2
12674,1246,64.67450241005108,-35.50261181352443,r1
12684,1247,63.43934745960878,-36.816345333157045,r1
12694,1248,62.698951869535044,-37.504252944275954,r1
12706,1249,65.73067433783908,-34.43359345517038,r1
12724,1250,-26.15346896468468,74.06892991604629,r2
12740,1251,-30.706848904733686,69.52080728754161,r2
12752,1252,-34.74899979697436,65.83134682258404,r2
12770,1253,24.28001276699399,24.450033957073458,double_ko
12783,1254,67.13088032507575,-32.892368464826326,r1
12794,1255,-36.19822820597389,64.08137865180811,r2
12804,1256,62.792188657413774,-37.44485707900036,r1
12820,1257,-29.27746914567514,71.21905953203432,r2
12862,1258,3.2742022568123588,103.67533622673383,r2
12886,1259,-20.465897494727965,79.69569987016195,r2
12902,1260,-29.399484333352163,71.12263361281936,r2
12914,1261,65.90395446909064,-34.22364937162943,r1
12927,1262,-33.00098874735171,67.59122636993035,r2
12942,1263,-30.653418761646723,69.59151325983869,r2
12963,1264,-24.47923073681491,75.71424326952548,r2
12975,1265,65.64217061681522,-34.65777108927701,r1
13002,1266,85.23142986142147,-15.154663446846186,r1
13015,1267,66.6677952462827,-33.30735572314626,r1
13041,1268,83.7668766619547,-16.31882487398005,r1
13050,1269,-38.16441824921051,62.02487447250686,r2
13072,1270,78.57707836851532,-21.510028654686046,r1
13088,1271,70.77480600648842,-29.2453706849293,r1
13096,1272,-39.427168980765906,60.819537707009125,r2
13117,1273,76.22528856661995,-24.178716400336874,r1
13128,1274,-35.627671813640234,64.57689495301013,r2
13140,1275,64.92431882754758,-35.10618450507948,r1
13150,1276,13.256291418723727,13.347744440939692,double_ko
13167,1277,71.29958557678052,-28.873419886839645,r1
13181,1278,68.41504593413651,-31.834965545885368,r1
13197,1279,-29.340689594626497,70.85385479953896,r2
13220,1280,-19.905967617567953,80.11570879638197,r2
13240,1281,-24.417359941368105,76.02232690127359,r2
13259,1282,-25.609837298176203,74.69010655230109,r2
13270,1283,-35.591144477823036,64.75845408018206,r2
13290,1284,-25.717146080792496,74.31419518221881,r2
13301,1285,64.6721172135591,-35.71402707144988,r1
13314,1286,67.24860225612663,-32.936071517973744,r1
13330,1287,69.98330311371929,-30.267428755279916,r1
13343,1288,-33.78378525782117,66.45964782696008,r2
13352,1289,62.18020133555159,-38.19539991764235,r1
13373,1290,75.68442678913586,-24.60718624524505,r1
13383,1291,63.477315797963726,-36.82061361030566,r1
13398,1292,69.85225682961891,-30.395521763434196,r1
13417,1293,73.42579000173838,-26.772720558254264,r1
13425,1294,60.74708531994982,-39.50899800073106,r1
13440,1295,68.01030788331272,-32.1792784447639,r1
13453,1296,67.30877831714452,-32.934712102358446,r1
13484,1297,88.1319783128182,-12.0465723646127,r1
13495,1298,-35.68698106770622,64.58455572052924,r2
13514,1299,-25.37446369488172,75.00108015679814,r2
13527,1300,-33.13951111413666,67.09945657453466,r2
13543,1301,70.93532696752882,-29.294537709615327,r1
13562,1302,-25.926121107312806,74.09137597070756,r2
13575,1303,67.22342806631528,-32.98865170086873,r1
13595,1304,-24.276630430800115,76.17719039322505,r2
13605,1305,-36.703501731746606,63.53266489025336,r2
13622,1306,-28.695799570565175,71.85186798711,r2
13647,1307,-18.292452499114482,81.59640714606724,r2
13669,1308,78.51742721681494,-21.609294638764315,r1
13686,1309,71.70431270355066,-28.64651971212626,r1
13698,1310,-34.35306461680548,66.01426234296376,r2
13713,1311,-31.3208385832329,69.09307517819076,r2
13730,1312,72.63710530290908,-27.717997967009744,r1
13743,1313,67.2461784243349,-33.0814465974656,r1
13753,1314,-37.07481230087245,63.24903970464029,r2
13765,1315,-34.504730936487675,65.99864706032606,r2
13778,1316,-32.74243614731877,67.76461099903189,r2
13791,1317,65.46597302416413,-34.84903496798685,r1
13803,1318,16.468361131713372,16.676075565195788,double_ko
13823,1319,-26.161828083424435,73.7685696573235,r2
13834,1320,-35.06077867084581,65.14424310427991,r2
13846,1321,-34.43737095746406,65.69000942181958,r2
13858,1322,-34.5373331675486,65.61362065071322,r2
13867,1323,-38.14385777368104,62.242699728914324,r2
13877,1324,-36.87570432873629,63.29180753051348,r2
13890,1325,-32.94211959034543,67.26685586015664,r2
13905,1326,-31.031601801457736,69.13217535419936,r2
13914,1327,61.758907390891515,-38.374981250290276,r1
13923,1328,-38.09348095891973,62.2101300855618,r2
13944,1329,75.68265524247484,-24.692711986259905,r1
13954,1330,63.90302747489372,-36.47417394653093,r1
13968,1331,-31.70821146567357,68.11845842024064,r2
13977,1332,-38.08607812385937,62.202955282476644,r2
13985,1333,-39.019612938878666,61.21206528307411,r2
13995,1334,-36.781099254682154,63.70392315094767,r2
14010,1335,-32.499419657005774,67.92046724728216,r2
14021,1336,-35.93705716190507,64.47432074339922,r2
14031,1337,-36.916297714893986,63.23830157248789,r2
14058,1338,83.3412498372154,-16.851064036181093,r1
14071,1339,66.7256941859271,-33.55597910245072,r1
14081,1340,61.94445864217687,-38.52896251129076,r1
14092,1341,64.90979400627556,-35.38534279490413,r1
14111,1342,-25.749141064773397,74.18373151970326,r2
14127,1343,71.00566775588831,-29.335488784651524,r1
14138,1344,64.57892794717888,-35.55155477498252,r1
14148,1345,12.289313694300372,12.131779251541634,double_ko
14160,1346,64.33161317067909,-36.129774768331906,r1
14176,1347,-29.34576131228947,70.80705606510222,r2
14193,1348,20.98199689790512,20.9497746988929,double_ko
14204,1349,-35.59227007079495,64.77992586702861,r2
14216,1350,-34.0751053290622,66.15775779900524,r2
14228,1351,-34.26043806644107,66.05421612057728,r2
14238,1352,-37.202062459826706,63.11561988633615,r2
14249,1353,-35.38655991414737,65.04290404405138,r2
14259,1354,-37.213354952028496,62.678802873727676,r2
14271,1355,64.80636433965809,-35.58075021101034,r1
14279,1356,-39.40578405577887,60.80880779005531,r2
14289,1357,-36.00680561229248,64.10509463939697,r2
14302,1358,66.4700386971146,-33.83785464169104,r1
14309,1359,-41.106307008728955,59.233785521348146,r2
14323,1360,-31.86947803372605,68.34586133525085,r2
14338,1361,68.91612063174487,-31.307469345670146,r1
14352,1362,-31.673939375762664,68.34428333878887,r2
14382,1363,39.18398493313501,38.98126799164601,double_ko
14403,1364,26.914048130496653,26.92150468936482,double_ko
14424,1365,26.169566835723245,25.696039672000598,double_ko
14440,1366,71.24290383763145,-29.146601864669627,r1
14463,1367,28.331669310401697,28.48887168067076,double_ko
14487,1368,-19.891600124548283,80.35524994478817,r2
14497,1369,-36.559516511858526,63.709387928883416,r2
14514,1370,-28.009144487341942,72.27215550615804,r2
14525,1371,-35.832591239046494,64.37608994139495,r2
14541,1372,70.4770784888797,-29.857192216854077,r1
14555,1373,66.70770644031218,-33.95572211866088,r1
14564,1374,-38.33430949608331,61.883189715993296,r2
14573,1375,61.408100407354866,-38.698584514757,r1
14589,1376,-29.16396119203473,71.1331738109388,r2
14598,1377,-38.24928313216289,62.0186705466039,r2
14607,1378,60.375343230332994,-39.91793463588361,r1
14618,1379,-35.613267724165844,64.53789635656386,r2
14628,1380,63.75181660269201,-36.496521722845756,r1
14644,1381,-29.082693132269046,70.88479911448668,r2
14664,1382,26.28443909079214,25.936609216705897,double_ko
14673,1383,62.007071377805126,-38.132252541457575,r1
14693,1384,75.32425053461756,-25.117420482652697,r1
14721,1385,-14.675625658293434,85.56123788530859,r2
14739,1386,71.90100686094969,-28.532040182187977,r1
14756,1387,70.25313581450003,-30.21087863642849,r1
14768,1388,64.4016276396943,-35.94410478856943,r1
14786,1389,23.851083211719157,23.67194039666696,double_ko
14803,1390,70.23771752570815,-30.032231917618287,r1
14814,1391,64.69125372141627,-35.593785290837516,r1
14824,1392,63.15493851200756,-37.21871480822619,r1
14849,1393,-17.435090471072407,82.73337914198913,r2
14863,1394,67.36310821901131,-32.856175001582244,r1
14875,1395,64.0429796085818,-36.262459143521525,r1
14889,1396,-32.84151374902565,67.34547609015692,r2
14910,1397,-22.545691156568665,77.81335696706454,r2
14922,1398,65.47334657117207,-34.592384424961615,r1
14934,1399,66.27930927639368,-33.95270631552968,r1
14953,1400,-26.709989842435764,73.49660641290806,r2
14974,1401,77.36970196858101,-22.70598266621736,r1
14985,1402,-37.47646361683236,62.768112771550896,r2
14997,1403,-33.450293656012704,66.9397900624943,r2
15010,1404,67.45033592194504,-32.631549557337394,r1
15023,1405,67.80969745713821,-32.31297197160043,r1
15033,1406,-36.87016845954198,63.458111427123775,r2
15054,1407,-23.093207537446368,77.40540352687579,r2
15068,1408,-31.59833762045834,68.57846203423087,r2
15085,1409,-29.443617210618527,70.80705900382014,r2
15093,1410,61.05362138749025,-39.42287287567296,r1
15105,1411,-34.50496719308438,65.64237934334923,r2
15119,1412,-33.768147341375816,66.69951129900117,r2
15129,1413,-38.32748453264662,62.05821872395509,r2
15154,1414,81.46965846250868,-18.84034525604944,r1
15181,1415,-17.52279757334013,82.71604641465872,r2
15194,1416,66.99980005057753,-33.12228732142171,r1
15203,1417,-39.736861613110065,60.65881959663415,r2
15213,1418,-38.791318821385175,61.62031276873003,r2
15232,1419,75.25884528132923,-25.00635604198243,r1
15241,1420,61.93787213291719,-38.37031371185154,r1
15266,1421,-17.953763951526845,82.61159285375382,r2
15280,1422,-34.295554620424994,66.10972784885946,r2
15302,1423,26.80663490208805,27.05514917262225,double_ko
15317,1424,-32.51703062038974,68.04208655999446,r2
15333,1425,-29.69060884767531,71.00812960540046,r2
15343,1426,-39.376662425688345,61.158107441792026,r2
15358,1427,-32.89636116240299,67.7558647462513,r2
15372,1428,-34.104598901021134,66.35039663682605,r2
15381,1429,-39.51684089531604,60.73039933281743,r2
15399,1430,-29.099342210000554,71.47407224317467,r2
15411,1431,-36.10168048125293,64.33689751626508,r2
15431,1432,22.836839227176196,23.228879296208454,double_ko
15444,1433,66.61360722132736,-33.61279501154603,r1
15484,1434,0.13871490516003604,100.19141352641972,r2
15495,1435,-37.125500772605704,63.01657403603117,r2
15511,1436,70.27653841543432,-29.734832020758354,r1
15527,1437,69.38653367618957,-30.654830038941363,r1
15537,1438,-38.666471459720725,61.75803426231876,r2
15554,1439,71.6825906438614,-28.424618792890133,r1
15570,1440,68.72318536603696,-31.698896009686887,r1
15587,1441,-29.53007928670115,70.6410071347336,r2
15603,1442,-31.32050629908126,69.1019217078766,r2
15613,1443,-38.66902101919065,61.681510536971366,r2
15623,1444,-39.112095321765445,61.333537350525106,r2
15635,1445,65.68870864607788,-34.57704302660318,r1
15643,1446,-40.832232516318605,59.409020281893575,r2
15657,1447,-34.12323086895155,66.22673435241653,r2
15667,1448,62.90664592424422,-37.413306723631365,r1
15691,1449,-20.82777323389753,79.53018964853422,r2
15706,1450,-30.602553329237903,69.65976611108964,r2
15721,1451,68.02980942361911,-32.24092311988143,r1
15744,1452,30.799329656859445,30.80958474299407,double_ko
15755,1453,64.33980761768501,-35.78178513739939,r1
15766,1454,-37.23649318863313,63.19097103420968,r2
15785,1455,22.28154795719243,22.13538693206523,double_ko
15797,1456,-36.431448554508485,64.22688354884306,r2
15822,1457,-20.15588029438133,80.33458616392682,r2
15839,1458,70.93770026211277,-29.117810293598033,r1
15853,1459,66.96184903798024,-33.09871742854174,r1
15871,1460,71.40626222495891,-28.848679163990646,r1
15893,1461,-22.981636541114053,77.59866183360495,r2
15921,1462,85.11236775339161,-15.086419309151722,r1
15940,1463,-25.871624288224066,74.61712022787785,r2
15957,1464,-29.83073546852368,70.71408710745683,r2
15978,1465,77.34397722520151,-22.962398132604353,r1
15988,1466,-37.10416397944702,63.367672470227824,r2
15998,1467,-38.68886101094968,61.609822352243775,r2
16012,1468,67.99172893882007,-32.07181457603353,r1
16024,1469,-35.79521443808576,64.44729101216366,r2
16032,1470,-41.04255011749299,59.22626746916269,r2
16048,1471,69.80386116882603,-30.28373725593965,r1
16061,1472,-35.329835055789744,65.02160785869624,r2
16073,1473,-35.90698367185456,64.42597785095253,r2
16087,1474,68.23542454654313,-31.79648385266676,r1
16102,1475,67.71857763471306,-32.71928779200996,r1
16115,1476,-34.66554340989512,65.88150718126583,r2
16129,1477,16.994464920342036,17.168930234660877,double_ko
16144,1478,69.14915081768359,-30.962289982898557,r1
16158,1479,67.13096460579122,-33.20062938243475,r1
16167,1480,62.014875418321154,-38.20075172345537,r1
16188,1481,-22.797932140592728,77.61719938160456,r2
16195,1482,59.511534740082865,-40.685138033236996,r1
16205,1483,-36.836588843924105,63.78779391237796,r2
16221,1484,70.44589577424473,-29.771891620059673,r1
16232,1485,-35.462700583494055,64.8912924333933,r2
16248,1486,-29.238753356434714,71.03403260424061,r2
16273,1487,81.85543484826282,-18.0813997355245,r1
16286,1488,-33.11236324639165,67.41207461318994,r2
16298,1489,15.85871730309119,16.044801269467758,double_ko
16306,1490,60.21974162459095,-39.958971693479434,r1
16324,1491,73.67077200865904,-26.536158387464386,r1
16332,1492,60.878726759215574,-39.54249541001629,r1
16353,1493,76.80512216456265,-22.976542178689733,r1
16368,1494,-32.086099632353594,68.1862580736657,r2
16377,1495,62.12325781603415,-38.0917500036297,r1
16389,1496,-34.99502486486342,65.25691693996058,r2
16403,1497,-33.86794095625334,66.72195483270625,r2
16416,1498,-34.67713043214596,65.79963026590684,r2
16429,1499,-33.07808392590305,67.31818874646521,r2
16444,1500,69.66131128919127,-30.379303848798884,r1
16461,1501,-29.894675110090006,70.583482107309,r2
16477,1502,-29.778056575309886,70.49177981350516,r2
16491,1503,66.49102688565175,-34.07503408082209,r1
16508,1504,72.15632018595998,-27.88088053275152,r1
16527,1505,-26.18439162626201,74.0182218773979,r2
16548,1506,76.9031463548834,-22.86955396322197,r1
16564,1507,-29.48161048871451,70.95776461990422,r2
16577,1508,-35.09063822635197,65.19628393252333,r2
16587,1509,63.59351597730831,-36.719526628601905,r1
16604,1510,-28.725771658552645,71.66638873143009,r2
16614,1511,-37.207561666914515,63.18892566262655,r2
16621,1512,-40.60466682007502,59.54016811691548,r2
16634,1513,-33.24453387705713,66.97289533928681,r2
16642,1514,61.15765927103734,-39.12372166429113,r1
16653,1515,15.373958855051365,15.203184879202496,double_ko
16666,1516,67.33369612715994,-32.90821790135785,r1
16682,1517,-28.9963488723723,71.19488299397186,r2
16695,1518,67.5127017341876,-33.03085723590462,r1
16703,1519,61.33904156751082,-38.82771891320787,r1
16710,1520,59.668353394339476,-40.695560181493406,r1
16719,1521,62.038180072304606,-38.31554283771948,r1
16730,1522,64.47864625710979,-35.799205970932064,r1
16744,1523,67.79510650780887,-32.65592068873984,r1
16752,1524,60.70625845677161,-39.679330605784855,r1
16767,1525,69.01631104598948,-31.459215752044113,r1
16780,1526,15.52631009143178,15.807871964453124,double_ko
16792,1527,66.22158781684573,-34.09792565544704,r1
16810,1528,73.19835691609795,-26.94153955511828,r1
16827,1529,72.11753276453533,-28.272664081377027,r1
16835,1530,61.0033145923527,-39.10794325822732,r1
16842,1531,59.94140326128853,-40.369795755956396,r1
16850,1532,60.84668738156262,-39.44321690553283,r1
16868,1533,-25.959241086358592,74.23463601748774,r2
16881,1534,66.84577021988137,-33.45355377492573,r1
16890,1535,-37.9213838222455,62.40448502635378,r2
16896,1536,58.12603878709877,-42.07195790761303,r1
16905,1537,62.14218137172732,-38.26278059457424,r1
16920,1538,-30.31890502584391,69.94480080849765,r2
16928,1539,-39.18133047063049,60.89087510344166,r2
16939,1540,64.42468884905028,-36.14790217435924,r1
16951,1541,66.0336314699545,-34.30201449139885,r1
16960,1542,62.19056590103645,-38.31195566403915,r1
16973,1543,-33.23162850796586,66.8331865427656,r2
16985,1544,65.61783515478714,-34.96492090328127,r1
17000,1545,-31.231484258318947,68.99302425101556,r2
17016,1546,70.7731566366259,-29.475193236157807,r1
17023,1547,59.028910304128594,-41.06685631464432,r1
17032,1548,61.55959600237619,-38.511260659540625,r1
17048,1549,70.43332661105998,-29.738424472529058,r1
17066,1550,72.98771020021445,-27.084725861734974,r1
17078,1551,64.02890434715687,-36.15311063125122,r1
17091,1552,67.15058922830738,-33.22909127301398,r1
17100,1553,62.20243664282746,-38.04525155301629,r1
17114,1554,-32.3960969407096,67.75226604524923,r2
17123,1555,62.13282048323481,-38.191974397049634,r1
17143,1556,-24.72811577071122,75.46732156941253,r2
17151,1557,60.706092745258815,-39.46732354785346,r1
17159,1558,61.34048071356592,-39.00238946553542,r1
17171,1559,-34.47750590887464,65.81198455657156,r2
17180,1560,62.41880809907374,-38.041360703084564,r1
17202,1561,78.78189929801724,-21.327099266008066,r1
17221,1562,-26.442130441021526,73.7838397452766,r2
17251,1563,-13.083893601874827,87.43237813582321,r2
17259,1564,60.805646564456566,-39.350049288982504,r1
17267,1565,60.88122206979146,-39.36670647874548,r1
17278,1566,64.48564037265692,-35.61821122453174,r1
17296,1567,-28.96810340253986,71.64480114754014,r2
17311,1568,-32.152875489149224,68.29041273345985,r2
17322,1569,64.86704497165297,-35.406454637405204,r1
17334,1570,64.07709488074417,-36.23608049886018,r1
17343,1571,-38.32881977336559,61.977046343191105,r2
17352,1572,-38.41662568308662,61.95005525604087,r2
17361,1573,62.30315843690239,-37.92313977535241,r1
17378,1574,-28.489970391639517,71.91123891125945,r2
17398,1575,-24.575435026553805,75.52201112049377,r2
17411,1576,-33.289267928680275,66.93166209298134,r2
17419,1577,-39.63074810833605,60.672768936856826,r2
17438,1578,73.5807474537591,-26.90829130272755,r1
17454,1579,-29.50621984227802,70.56748403627007,r2
17471,1580,70.30921207227028,-29.84961476512926,r1
17482,1581,-36.31253155778694,63.80821375048061,r2
17495,1582,-32.967423734495156,67.24219072338067,r2
17503,1583,60.99161853115127,-39.354658974942325,r1
17528,1584,80.24254176113251,-20.31607176344285,r1
17536,1585,60.92778832961311,-39.38267184016424,r1
17545,1586,-38.13052505621558,62.199469574211875,r2
17554,1587,-38.77949411849165,61.62294849743281,r2
17569,1588,68.79704007439256,-31.63232419995824,r1
17584,1589,70.0295016179054,-30.18770093521179,r1
17598,1590,-31.89455035831416,68.69302954846324,r2
17614,1591,-31.01221999969475,69.13768481448281,r2
17635,1592,75.7155394274268,-24.86777242729594,r1
17653,1593,72.4051862676601,-27.971253603050947,r1
17671,1594,-27.26697004700733,72.94505623801714,r2
17683,1595,63.92506498404469,-36.37173376600468,r1
17701,1596,24.071669686526132,24.26250089260793,double_ko
17722,1597,25.694073485562505,25.22238630874311,double_ko
17740,1598,-27.725982152755034,72.35254634491389,r2
17752,1599,65.82553742033211,-34.41645845753707,r1
17761,1600,-38.584034933902686,61.77426765280926,r2
17779,1601,-28.756008839623842,71.41345854409074,r2
17791,1602,65.63158867386034,-34.26592221974817,r1
17803,1603,66.32828783404719,-34.07234634540749,r1
17821,1604,-27.374138438948528,73.07991295290181,r2
17841,1605,-24.284765947354796,75.90601651871515,r2
17852,1606,-35.635519921484864,64.83684855220605,r2
17866,1607,68.50357882456794,-31.983550526552737,r1
17877,1608,-35.56358982031061,64.63376257893654,r2
17905,1609,86.07024401418273,-14.100125944728447,r1
17921,1610,69.56850978455844,-30.737413425612303,r1
17938,1611,71.88871565306627,-28.38994191642168,r1
17958,1612,76.27517261525654,-24.023593828192777,r1
17971,1613,67.0103719825998,-33.197561328423284,r1
17987,1614,-29.3551554664746,70.74460202394356,r2
17997,1615,-36.81305219702529,63.31547728216224,r2
18019,1616,-22.192316877132136,77.6669853318658,r2
18031,1617,65.78497851810567,-34.329730548111264,r1
18043,1618,-34.4715116038328,65.85458381423253,r2
18066,1619,79.703204997543,-20.259659209325115,r1
18081,1620,-30.176856968301852,69.99211182173417,r2
18100,1621,-25.833349145195836,74.55018137892696,r2
18112,1622,66.10674968214448,-34.31340488741028,r1
18128,1623,71.26565624009389,-29.165709732253337,r1
18145,1624,-28.23740135294066,71.95904806116545,r2
18166,1625,76.78954359770056,-23.545118814910587,r1
18185,1626,74.50602798587211,-25.818159261394925,r1
18206,1627,-23.37675849160248,76.61303987154209,r2
18217,1628,-35.433165089529496,64.7925022769183,r2
18238,1629,77.06865610873922,-23.468248969758516,r1
18264,1630,83.58550339927811,-16.699954925614037,r1
18277,1631,-33.07952990484051,67.298580403662,r2
18294,1632,72.63488441384372,-27.751792087342796,r1
18308,1633,66.50112731688958,-33.60193468068353,r1
18323,1634,67.47296913703833,-32.94435744760423,r1
18337,1635,-32.53827182768701,67.74566172762368,r2
18349,1636,64.32848829641264,-36.00455790891063,r1
18362,1637,-33.79546581457931,66.19764315032423,r2
18373,1638,-35.74205433993076,64.4437605683708,r2
18385,1639,-34.40436193831512,65.75886839572026,r2
18402,1640,-28.424607243296222,71.48277498516809,r2
18428,1641,82.08293553790448,-18.566517292811536,r1
18464,1642,96.58952556727156,-3.6315561206072218,r1
18490,1643,81.84590754412636,-18.569073238196456,r1
18505,1644,-31.233557072087947,69.00217197333258,r2
18521,1645,70.87732464068856,-29.399121013474304,r1
18545,1646,80.48114175344404,-20.14446585528433,r1
18555,1647,61.79809093781254,-38.681899577913285,r1
18566,1648,64.94994354030328,-35.47788128672063,r1
18576,1649,-38.35948181417662,61.892391706236864,r2
18596,1650,-24.3252937176205,75.95775774980102,r2
18606,1651,61.53387603455429,-38.88270556328686,r1
18617,1652,64.69480307996449,-35.753131895648956,r1
18627,1653,-37.04778051238139,62.92547535545445,r2
18641,1654,67.28825098344716,-33.040645220848376,r1
18648,1655,-40.81121690886961,59.34803909961697,r2
18663,1656,-30.713226329732496,69.2242009780025,r2
18698,1657,94.41498717659142,-5.988524941667585,r1
18708,1658,-36.938706004381146,63.33716484137818,r2
18735,1659,-15.555055597203108,84.5609650263403,r2
18752,1660,71.5683901575647,-28.82407275491977,r1
18766,1661,-32.60051025669371,67.6321685957448,r2
18785,1662,-26.19385181614815,73.83489488619661,r2
18797,1663,64.27005255524033,-35.87070327324768,r1
18812,1664,68.2661942904387,-32.231397627748294,r1
18822,1665,-36.74618837170452,63.57404905930923,r2
18835,1666,67.09706672543642,-33.42060817485359,r1
18849,1667,-33.25196946356145,67.17585000985797,r2
18859,1668,-36.77288044385688,63.265065325056355,r2
18880,1669,-22.380769290729603,78.02420463951992,r2
18907,1670,83.3374877605327,-17.507337847300022,r1
18922,1671,69.41194333374946,-30.892694822022857,r1
18937,1672,-33.06265383649428,67.389160784843,r2
18945,1673,-39.46881804989388,60.739998455375165,r2
18962,1674,70.00033773103186,-30.678414727608597,r1
18972,1675,62.02832903074432,-38.48468666856261,r1
18981,1676,-38.11272578286133,62.05553428241025,r2
18995,1677,-32.14380862999249,68.17831609162933,r2
19007,1678,-34.79265467632745,65.37380396891496,r2
19019,1679,-34.72464591858863,65.57507925839417,r2
19033,1680,67.04722411867917,-33.57895121759839,r1
19048,1681,68.1783514933992,-32.14617839824558,r1
19062,1682,67.19107530168561,-33.20162186955132,r1
19079,1683,70.57704290659947,-30.022984540367347,r1
19095,1684,69.14184897561552,-31.114790014745843,r1
19110,1685,68.60168361784167,-31.475011584406566,r1
19129,1686,75.01313883758452,-25.274592922624095,r1
19150,1687,-24.361198626999773,76.09611185850389,r2
19162,1688,16.566603553077634,16.32427119412555,double_ko
19177,1689,68.01296190205979,-32.34200966444975,r1
19193,1690,70.86254037301231,-29.461576595760686,r1
19205,1691,64.68325105242117,-35.71616338234654,r1
19220,1692,68.19492108354845,-31.93509011881369,r1
19245,1693,81.77462594627023,-18.712757745849345,r1
19262,1694,71.53205920738174,-28.604355837533745,r1
19280,1695,71.91015240212496,-28.66128622341583,r1
19292,1696,-35.4432742865342,64.5575543331804,r2
19311,1697,74.9845235875424,-25.213741439460257,r1
19330,1698,-26.79833546299493,73.71800364942624,r2
19344,1699,66.67496462105758,-33.48368365572025,r1
19360,1700,-29.97046988598206,70.11625040643467,r2
19369,1701,13.203599045636158,13.020088235213848,double_ko
19380,1702,-36.382350617676906,63.66125122625881,r2
19393,1703,66.75614414752701,-33.60119562579686,r1
19414,1704,75.40573263318686,-24.73697460273744,r1
19434,1705,-25.101055188994234,75.47095561009301,r2
19449,1706,-32.438462068340854,67.81458369228726,r2
19457,1707,-39.23429330119478,60.88035639268899,r2
19470,1708,65.7176160218133,-34.724704804053786,r1
19485,1709,68.3094624778615,-31.989084899416916,r1
19507,1710,76.65085702029864,-23.554504870996418,r1
19521,1711,67.13087038985422,-33.036925506818434,r1
19532,1712,-36.67783216471389,63.423317649767654,r2
19553,1713,76.40103871714146,-23.968895517891124,r1
19563,1714,-37.263621867813725,63.11536439648404,r2
19572,1715,-38.029171812210606,62.11972200049585,r2
19588,1716,-29.175394440257122,71.10013695525312,r2
19599,1717,-35.55580133651934,64.59573726999533,r2
19613,1718,66.86360024200864,-33.41242737372214,r1
19638,1719,-18.19882440967133,82.038714833905,r2
19647,1720,-38.42730957107149,61.96788242324358,r2
19667,1721,24.77254532370783,24.607219327348457,double_ko
19688,1722,-23.596397993380275,76.80461521726932,r2
19700,1723,-34.65174718097455,65.71915101198529,r2
19719,1724,-26.91587238550263,73.63110903571884,r2
19742,1725,26.625689643041824,26.86821741226921,double_ko
19753,1726,-36.0063588616697,64.34488978927182,r2
19765,1727,-34.171924452731716,66.10888860976424,r2
19790,1728,80.84929369743662,-19.591346751215216,r1
19809,1729,-25.623638656448588,74.33187379778377,r2
19829,1730,-24.365136887080478,76.12931367488801,r2
19841,1731,-34.513179242711566,65.69596521002104,r2
19865,1732,79.61246727615975,-20.944267739750064,r1
19880,1733,-31.08049580549266,69.05693816962018,r2
19895,1734,68.09502259088109,-32.466454068317006,r1
19914,1735,73.79011614671825,-26.354906110667983,r1
19925,1736,-35.37872465701822,64.83103212746218,r2
19944,1737,23.36153572186175,23.402086502162394,double_ko
19967,1738,79.31335965552128,-20.90411056286934,r1
19981,1739,67.31906278247459,-32.79139792389422,r1
19995,1740,-33.407239666748374,66.92144510366194,r2
20003,1741,-39.67816347818887,60.65075229277576,r2
20012,1742,60.58061112097896,-39.874557570259825,r1
20023,1743,64.0026822043644,-36.275443943956816,r1
20037,1744,68.19529251945266,-32.088421756752915,r1
20049,1745,64.13370881677886,-36.18000273929649,r1
20074,1746,32.87225929216551,32.7872246693514,double_ko
20088,1747,66.80937732989598,-33.34770134526863,r1
20098,1748,-36.3528027893629,63.75154672228615,r2
20129,1749,-11.4122683329241,88.59941448493068,r2
20154,1750,80.37818410099412,-20.1440869632879,r1
20176,1751,-23.69112897791412,76.49395061927193,r2
20191,1752,-32.4319072560643,67.83996218795825,r2
20214,1753,30.425823548005276,30.224465185479843,double_ko
20249,1754,94.61876092009237,-5.809892434223478,r1
20258,1755,60.62683951650954,-39.70735068435606,r1
20268,1756,61.738475189247175,-38.69748484810687,r1
20290,1757,77.75971752576308,-22.61713024890084,r1
20306,1758,-30.3951049632196,69.82083782798249,r2
20325,1759,-26.37708506365392,73.9904765106296,r2
20352,1760,83.47515677386804,-16.850084874093533,r1
20378,1761,-16.838687452945614,83.72284523247657,r2
20392,1762,68.75689492067048,-31.33190506808148,r1
20401,1763,-38.39379229775694,61.95691423661258,r2
20413,1764,-35.41614245109817,64.78623080839459,r2
20433,1765,73.54888925005599,-26.462961602182798,r1
20447,1766,-31.641199062452145,68.56013604096403,r2
20468,1767,-23.3784503845492,76.78532321639781,r2
20483,1768,-30.483775883861963,69.85081262768541,r2
20503,1769,75.30151718477062,-24.90413307520781,r1
20516,1770,67.10288760691175,-33.16101600062531,r1
20528,1771,66.25461685418213,-34.35786500960168,r1
20541,1772,-33.122456057790856,67.08203717908472,r2
20560,1773,73.02643488118656,-27.3730183184293,r1
20584,1774,-19.07357189720004,81.5037899690933,r2
20596,1775,64.79421655424693,-35.46491732770858,r1
20610,1776,-32.14378204463037,68.07913393933578,r2
20623,1777,-32.73668409831005,67.68681202913315,r2
20638,1778,69.8517965961883,-30.514057089002264,r1
20652,1779,-33.664453975927955,66.68849720056065,r2
20671,1780,-25.159310685347133,74.91523788098465,r2
20681,1781,-36.501715632060964,63.67437044165516,r2
20703,1782,-22.80941388824774,77.29131329507123,r2
20723,1783,-26.088251176737963,74.06101766692308,r2
20733,1784,-37.49691457413107,62.64582078893088,r2
20757,1785,-21.024375358212474,78.98004267872673,r2
20783,1786,83.63000792642265,-16.891407497548798,r1
20796,1787,-33.283704279341066,66.97360122832742,r2
20825,1788,-12.471403377026576,87.99489859867396,r2
20843,1789,-28.839377119379428,71.15568622486606,r2
20864,1790,75.76425793074807,-24.500577023864714,r1
20874,1791,-37.19131168631848,62.87762457728604,r2
20891,1792,69.90010768505782,-30.433970456468796,r1
20907,1793,-29.459846010814257,70.39293699878678,r2
20921,1794,-31.87160937030253,68.22247353897328,r2
20930,1795,61.30754082055083,-39.07118004441963,r1
20943,1796,-33.1211548961724,66.88885457095935,r2
20954,1797,63.536597236752996,-36.78400890325831,r1
20973,1798,-26.959425525235442,72.85163952193729,r2
21001,1799,85.89606611827816,-14.439157296815232,r1
21024,1800,78.06010098247417,-22.680906250877424,r1
21036,1801,65.84622049961125,-34.456474097413,r1
21046,1802,11.448329474830727,11.306907527112362,double_ko
21061,1803,69.78887949558043,-30.488347869352733,r1
21090,1804,-12.98882631002028,87.23254186761847,r2
21101,1805,-36.68843848552034,63.45087265758476,r2
21112,1806,-35.26723811307857,64.83599771779801,r2
21136,1807,80.62118749775644,-20.134554646185006,r1
21145,1808,-37.706189378466135,62.759136336610986,r2
21160,1809,-30.48277692589753,69.62286362017903,r2
21169,1810,60.42093003451898,-40.160658381823104,r1
21189,1811,-24.22084880193215,75.6883842338181,r2
21206,1812,-28.79341398000587,71.16248983270748,r2
21223,1813,-27.80518812979201,72.5084190964666,r2
21242,1814,74.12238717419848,-26.304638560116455,r1
21261,1815,-27.65867389438733,71.8355927604047,r2
21290,1816,87.48300805610343,-12.76343552844196,r1
21313,1817,79.09055526799662,-21.34569325519913,r1
21325,1818,65.89405526568063,-34.35358080569129,r1
21334,1819,61.717950760602996,-38.516021750058144,r1
21344,1820,-37.426547711129416,62.61412495266672,r2
21355,1821,14.643809341393323,14.33789174227449,double_ko
21365,1822,-36.74215984752672,63.46696874683889,r2
21381,1823,-29.19271826460171,70.94575113188478,r2
21392,1824,-36.00330226359277,64.26202862155947,r2
21414,1825,78.32103592681327,-21.53892463352366,r1
21448,1826,92.82494075331695,-7.746191365790395,r1
21464,1827,68.83854060040589,-31.438794201585026,r1
21479,1828,-31.384676004519836,68.52653369433366,r2
21509,1829,87.70422270167548,-12.552462120142586,r1
21534,1830,-17.470147561300326,82.44274050121751,r2
21544,1831,-36.984559581622136,63.25496640902251,r2
21582,1832,97.67516118214004,-2.80011578798927,r1
21607,1833,-20.468005549889078,79.66997813857525,r2
21618,1834,64.33115263459177,-35.88358114563964,r1
21639,1835,77.03062296096707,-23.553291679196512,r1
21648,1836,-38.250646152831706,61.934871937868806,r2
21671,1837,79.91678870008228,-20.441666555931846,r1
21689,1838,73.32171458510572,-26.9456465283561,r1
21702,1839,65.65889077663118,-34.48848970901149,r1
21719,1840,71.82698455793724,-28.29776068721106,r1
21743,1841,-19.551834858231594,80.55156478053036,r2
21763,1842,74.60363363940846,-25.99629172011297,r1
21778,1843,69.67901841700616,-30.66527638265028,r1
21794,1844,70.88969328811612,-29.280401299373427,r1
21803,1845,-38.15047172146804,62.1085202122351,r2
21820,1846,72.4685930364428,-27.8820596719527,r1
21844,1847,81.44459400323882,-18.90848526751498,r1
21855,1848,-36.22087633414215,64.21274092167143,r2
21871,1849,-31.167306566519684,69.46637877003889,r2
21886,1850,68.63661251361015,-31.354805367438388,r1
21896,1851,-36.51531982054921,63.6078506267953,r2
21907,1852,64.68129798509196,-35.299385736720964,r1
21918,1853,64.84553395453665,-35.570697222068915,r1
21936,1854,73.18154911877986,-26.988601572822844,r1
21959,1855,-20.81014062231373,79.5715601664874,r2
21970,1856,-35.332364572736516,64.76230738775499,r2
21978,1857,-39.58620688405526,60.64252398820099,r2
21989,1858,-36.13228847527144,64.22890582184394,r2
21999,1859,-36.79083623074832,63.30687757336529,r2
22012,1860,67.22012318964427,-33.06752501238749,r1
22024,1861,66.53400875204808,-33.4772855420261,r1
22033,1862,-39.038399751557535,60.92231375877282,r2
22070,1863,-3.666244463332724,96.42739970146593,r2
22081,1864,-35.572130066021785,64.80233174984203,r2
22111,1865,87.38817577905985,-12.774761491141255,r1
22127,1866,71.4835289090132,-28.48096560896144,r1
22146,1867,74.5207786402319,-25.706050585980986,r1
22156,1868,63.48415747005389,-36.67331835625211,r1
22171,1869,69.1451884487908,-31.02898705156843,r1
22178,1870,-41.274095667804716,58.96370374199528,r2
22196,1871,-28.601823922385343,71.78937038522879,r2
22207,1872,64.41729073419516,-35.83500059147957,r1
22218,1873,64.53368512283282,-35.73275104376264,r1
22245,1874,-15.465817824029692,84.722787109014,r2
22252,1875,-40.89629819767154,59.421137813914044,r2
22279,1876,-17.41657013284591,83.0192135947971,r2
22302,1877,80.21206078873242,-20.373132832523567,r1
22314,1878,65.61331984464304,-34.472391079995134,r1
22323,1879,62.20309525696331,-38.16344706804363,r1
22337,1880,68.66352495045984,-31.407734621473313,r1
22360,1881,79.50642154840828,-20.801803517060502,r1
22371,1882,63.480301764706944,-37.03042256217988,r1
22380,1883,61.72573105269524,-38.6339874345874,r1
22397,1884,-30.543611902446262,69.90650099036637,r2
22405,1885,60.69786457315572,-39.47061571496604,r1
22415,1886,-36.829576947505636,63.50125731106293,r2
22425,1887,-37.25228350292271,62.997030565153835,r2
22431,1888,57.82418794245933,-42.46007562939102,r1
22438,1889,59.62821995549172,-40.64908531520683,r1
22455,1890,72.26013255344775,-28.098741402750907,r1
22464,1891,62.12116013841827,-38.02774532626167,r1
22491,1892,83.18270253443691,-17.00064741112509,r1
22506,1893,68.72122802216215,-31.42078471179608,r1
22524,1894,71.57484747233647,-28.877334337589115,r1
22540,1895,-31.174166979078805,69.43827210404426,r2
22553,1896,-33.75589332312414,66.51342530261999,r2
22572,1897,74.45136670381056,-25.792531411075874,r1
22602,1898,87.29910968110491,-13.221628968226192,r1
22619,1899,-27.606992691001903,72.90143752256262,r2
22637,1900,73.58808789168457,-26.736165430424776,r1
22657,1901,75.67152982251989,-24.36579789806056,r1
22682,1902,82.27724016756235,-17.861677090485152,r1
22721,1903,99.28203738436517,-0.6431816644608972,r1
22737,1904,-30.968687785597165,69.37973382569717,r2
22753,1905,70.91712661835668,-29.421997696724503,r1
22763,1906,63.0787724242698,-37.203610545574946,r1
22775,1907,65.90404880981725,-34.6765707395817,r1
22789,1908,-33.147200273205335,67.16945934106732,r2
22803,1909,-31.63005716820023,68.28571443875633,r2
22821,1910,-28.823652587017094,71.41369446274278,r2
22829,1911,60.77624878099801,-39.40576304248251,r1
22839,1912,63.65846838215008,-36.46010106767811,r1
22847,1913,60.60463535325069,-39.81997450410168,r1
22870,1914,-22.100708487555494,78.47960428574318,r2
22886,1915,-29.08099717356448,71.24793460758909,r2
22920,1916,-6.940737761825723,93.48178877616388,r2
22929,1917,62.3945989719688,-37.906833506951756,r1
22963,1918,-9.290896177128737,91.75486510307692,r2
22979,1919,17.87909834400878,17.772352312168596,double_ko
23002,1920,-22.028388398173934,78.47839780599722,r2
23010,1921,60.87185006713915,-39.463211354126685,r1
23022,1922,66.11732245424831,-34.309695154601265,r1
23029,1923,59.34851742619056,-40.86697227215361,r1
23050,1924,75.27995419797548,-24.945695819600957,r1
23089,1925,98.70452929914768,-2.039556832488074,r1
23098,1926,61.87214818160152,-38.450412800502185,r1
23107,1927,62.13343484450252,-38.165994380197375,r1
23121,1928,68.01527167994843,-32.00770123227018,r1
23138,1929,70.6705652778919,-29.44595613805463,r1
23157,1930,72.59142881565968,-27.635245717900013,r1
23184,1931,-17.08159720626193,83.23244272255906,r2
23194,1932,63.42927093670302,-36.84941824148922,r1
23235,1933,101.43731166420156,1.096723328837946,r1
23257,1934,78.14666305837525,-22.02902295940739,r1
23276,1935,72.83524348402479,-27.852984512473455,r1
23292,1936,-31.26212412721264,69.22388787631783,r2
23301,1937,62.12408709094664,-38.06822488047259,r1
23324,1938,-21.507156503467186,78.6379566781419,r2
23332,1939,60.28835374553389,-39.95712268466342,r1
23365,1940,90.67218893767038,-9.478554899090831,r1
23377,1941,65.55410007982783,-34.62644970178333,r1
23386,1942,62.17208112929904,-38.23089782399911,r1
23394,1943,60.94859470592608,-39.35309886448841,r1
23402,1944,60.81923237956538,-39.31328089912205,r1
23424,1945,-23.44382726228937,76.9505826172994,r2
23434,1946,63.35713679818993,-36.965327503020994,r1
23448,1947,68.25121269340578,-31.925069238331144,r1
23475,1948,-17.528672085285255,82.91627264510896,r2
23490,1949,69.43204519852173,-31.046239027788562,r1
23514,1950,-19.75664296263107,80.78518069941238,r2
23528,1951,-32.5447744206454,67.62621229128206,r2
23537,1952,62.24468596608049,-38.08215231879937,r1
23558,1953,-24.841030974880308,75.45156661884188,r2
23568,1954,63.92867222203667,-36.3800964737717,r1
23602,1955,93.88367025163255,-6.576690839545172,r1
23611,1956,62.2371196588246,-37.9391640918107,r1
23628,1957,-29.866085452506873,70.59329294244503,r2
23639,1958,64.23702148138429,-35.99314162452396,r1
23654,1959,69.50344285454615,-30.70583914816294,r1
23674,1960,74.1894564763337,-26.43165372463055,r1
23691,1961,70.26976444774145,-30.06046847670039,r1
23699,1962,60.86720978209668,-39.511190837028586,r1
23714,1963,69.74267723932975,-30.35268161478495,r1
23746,1964,-11.020829298996446,89.4825254977024,r2
23755,1965,62.1414530269036,-38.3515944568407,r1
23767,1966,65.55427601097485,-34.984416690050054,r1
23778,1967,64.57035202478303,-35.719473490679334,r1
23794,1968,70.78969664648122,-29.6942293257803,r1
23808,1969,-32.01977294949741,68.39145280743207,r2
23815,1970,59.18880758110915,-41.04949839546449,r1
23822,1971,59.72547082020388,-40.47948157645489,r1
23843,1972,75.57525088417437,-24.598684819355384,r1
23859,1973,71.04644683531501,-29.34968801148305,r1
23867,1974,60.63900539935724,-39.710434049275435,r1
23884,1975,-28.339988806055153,72.01382169641795,r2
23900,1976,69.23610364349216,-30.854027882774457,r1
23910,1977,63.09088770687842,-37.20765757094803,r1
23925,1978,69.5144435539958,-30.78921225601761,r1
23933,1979,60.77174500687103,-39.30909515068639,r1
23947,1980,-31.75618957863861,68.34865202205981,r2
23971,1981,80.63142776520301,-19.630817561347587,r1
23982,1982,64.33632825166836,-35.907634917852185,r1
24001,1983,-27.519364964679674,72.60278581180327,r2
24016,1984,69.25264285902487,-30.47962630064101,r1
24041,1985,80.82430369408429,-19.93133686867354,r1
24059,1986,72.39882086748321,-28.072088071478294,r1
24072,1987,67.55279706290983,-32.74138187271699,r1
24101,1988,35.573574886606494,34.91429948123177,double_ko
24122,1989,75.64855927703933,-24.832284157126168,r1
24132,1990,-38.33004857224246,62.246211573523084,r2
24159,1991,-16.101720462780087,84.096570353287,r2
24174,1992,69.40478023999684,-30.90845493987401,r1
24185,1993,63.33051722719601,-36.98791468179315,r1
24224,1994,98.93530828140686,-1.3703151747951807,r1
24236,1995,65.79190022099202,-34.436081375992266,r1
24255,1996,73.14261122134523,-27.1867088521079,r1
24272,1997,-27.749132815569794,72.39909611898479,r2
24302,1998,88.48602735168132,-11.921030271916813,r1
24332,1999,87.3802418000884,-13.0693011182491,r1
24360,2000,84.64559390409818,-15.375143393079618,r1
24373,2001,67.58877517675022,-32.62080720011443,r1
24387,2002,66.91864466610032,-33.48446684861833,r1
24411,2003,79.82413076191543,-20.36143607477085,r1
24435,2004,-20.133668656940163,80.05365604311916,r2
24457,2005,-24.218142735101736,75.99563796168721,r2
24474,2006,70.19453942462663,-30.102492051396332,r1
24489,2007,70.02111944616485,-30.4527128359082,r1
24506,2008,72.02785041767656,-28.478214758114014,r1
24525,2009,73.2425871148549,-27.353588044943116,r1
24541,2010,68.99869110085791,-31.33418309419445,r1
24560,2011,74.55018532906014,-25.75895371059117,r1
24576,2012,70.90117785833588,-29.24194997755791,r1
24605,2013,85.82895298705947,-14.662109103753181,r1
24636,2014,-11.605676310208551,88.86597421361303,r2
24648,2015,65.87175853211801,-34.39576193909457,r1
24682,2016,-7.915710611006666,91.9704367708234,r2
24703,2017,-23.416490251502204,77.03210781632086,r2
24714,2018,64.76496589425845,-35.682662697008325,r1
24742,2019,84.99015661818265,-15.360728841629147,r1
24759,2020,70.72805907165473,-29.649201066466784,r1
24775,2021,71.22013532822467,-29.28443033982388,r1
24802,2022,-16.047273107632428,84.18202637427237,r2
24818,2023,69.41053658028353,-31.16232396684359,r1
24832,2024,68.3111377702673,-32.04197232529407,r1
24852,2025,74.36335230232835,-26.239029860947518,r1
24870,2026,71.76645561442575,-28.739017719957438,r1
24890,2027,74.20402472480032,-26.285982184545677,r1
24915,2028,80.85632652810207,-19.879262960414017,r1
24932,2029,71.03220561486485,-29.603352130006908,r1
24950,2030,71.808115036035,-28.46714727783252,r1
24963,2031,67.10318096239402,-33.34353055016771,r1
24977,2032,66.4370951750637,-34.041333659095486,r1
24998,2033,77.41864538163523,-22.959352082402606,r1
25037,2034,48.49793139047035,48.46100630709555,double_ko
25075,2035,97.78933033967647,-2.6394566112596394,r1
25090,2036,-32.16783467650207,67.9684629602787,r2
25110,2037,74.40962905412667,-26.01269728133847,r1
25127,2038,-27.72840123535822,72.24700889607962,r2
25138,2039,63.356088770815326,-37.04395225733118,r1
25158,2040,-24.004517724282387,75.71432358197522,r2
25171,2041,-33.11033005668563,67.17564268917428,r2
25188,2042,72.39578525929082,-28.26139440633104,r1
25203,2043,-31.25905593340859,68.76985346346898,r2
25229,2044,82.74120259415368,-17.92308023244977,r1
25261,2045,91.11053354350386,-9.09536267126694,r1
25278,2046,-30.052373382377947,70.28911876202667,r2
25297,2047,75.12006131893962,-25.335865402495706,r1
25319,2048,77.1935155517932,-23.37673522026109,r1
25358,2049,99.41310609572724,-0.9313411684337041,r1
25372,2050,-33.280597933462516,66.857817637826,r2
25389,2051,70.99217633002431,-29.473192376741004,r1
25409,2052,-23.45374824677048,76.55742480790114,r2
25427,2053,72.5051639051352,-27.80383434839817,r1
25461,2054,93.42415059915467,-7.164729187983461,r1
25477,2055,-28.859891958482244,71.31049785060002,r2
25501,2056,80.1916960265107,-20.27301749107546,r1
25533,2057,90.77200801544993,-9.945864984025043,r1
25557,2058,79.631563715466,-20.66977261634393,r1
25588,2059,89.99927825651756,-10.54430804536959,r1
25603,2060,67.73889118976774,-33.195011749759686,r1
25618,2061,-30.48030718911232,69.5010030704999,r2
25641,2062,-21.131974590755952,79.14036582346999,r2
25669,2063,84.8819936138068,-15.626980395194039,r1
25678,2064,61.78691760071881,-38.708269009690056,r1
25693,2065,-30.368458481883554,69.81797357603408,r2
25704,2066,64.44052115785938,-35.887211058103816,r1
25717,2067,-34.02443801478742,66.15993880502162,r2
25772,2068,120.02813293273671,19.138450250965306,r1
25798,2069,84.11275666199543,-16.330813904662683,r1
25821,2070,80.48656879761303,-20.140992261421044,r1
25857,2071,96.26018524887479,-3.9505008062450884,r1
25868,2072,64.70042621478167,-35.60144423486861,r1
25913,2073,106.76151679270268,6.308826701775708,r1
25938,2074,81.27215640312103,-19.124489426784336,r1
25953,2075,-30.19398601578119,69.97715598303226,r2
25975,2076,77.80578361581931,-22.551183911873597,r1
25998,2077,78.87227333521797,-21.469405685057428,r1
26022,2078,-19.878145303734442,80.22050648041254,r2
26042,2079,74.7166936345256,-25.71787568670191,r1
26060,2080,73.08980032572696,-27.22914804095098,r1
26086,2081,82.52766979982033,-18.09930402819933,r1
26107,2082,76.35843748595026,-23.977635620690204,r1
26127,2083,75.03855915885471,-25.990934230147023,r1
26157,2084,88.50552500211694,-12.148057641008073,r1
26202,2085,7.691172656186183,107.89073046122564,r2
26237,2086,94.3722047624892,-5.996886239215968,r1
26247,2087,63.54430891046536,-36.83489062621137,r1
26270,2088,29.36433734721417,29.192488106755157,double_ko
26291,2089,76.65165015531258,-23.852363463525464,r1
26303,2090,66.18848052522696,-34.34160012557892,r1
26314,2091,64.82072867433699,-35.669399730152456,r1
26324,2092,63.29008249650442,-37.087175628344994,r1
26355,2093,90.27682260206176,-10.132620202703421,r1
26388,2094,-9.560691191232316,90.86515293987185,r2
26406,2095,-26.50222518639563,73.65733588269666,r2
26433,2096,83.65321817019031,-16.65149058021992,r1
26458,2097,82.16470067315564,-18.161252223801554,r1
26468,2098,63.199196790455446,-37.34234584864295,r1
26490,2099,-21.484702964709108,78.65108916664224,r2
26504,2100,67.48814109391918,-32.89973412141434,r1
26521,2101,-27.417618824845896,72.66172296075396,r2
26533,2102,66.22816224399415,-34.283466840383554,r1
26549,2103,-29.03617890676279,71.1342338994932,r2
26562,2104,65.70436463135509,-34.83477431466174,r1
26590,2105,-15.731836793496306,84.56097401529208,r2
26602,2106,65.99975451677982,-34.4856904957366,r1
26615,2107,67.25178632861066,-33.125313997820975,r1
26632,2108,70.70890539894137,-29.61593349565119,r1
26655,2109,-21.454203800199,78.93491078347427,r2
26673,2110,72.85247184539651,-27.48508895593312,r1
26688,2111,68.75460959003638,-31.59080452859869,r1
26698,2112,63.119103569603865,-37.257806188619796,r1
26712,2113,68.49172685845008,-31.96645505286092,r1
26727,2114,70.00721021175912,-30.570869453610065,r1
26740,2115,-32.81743171181889,67.34669907207903,r2
26747,2116,59.28647171516586,-40.987789732838465,r1
26762,2117,69.89090037052831,-30.426423356206893,r1
26783,2118,76.50242673397442,-23.85287028327798,r1
26792,2119,61.323997877865885,-38.977825067529466,r1
26799,2120,59.13182319287356,-41.32119506065076,r1
26808,2121,62.314447683377004,-38.27934311150057,r1
26819,2122,64.6700718955674,-35.548289878983766,r1
26829,2123,63.47071373891975,-36.92691174035115,r1
26839,2124,63.32775100200256,-37.23988103565158,r1
26853,2125,69.05889691187213,-31.349783965685493,r1
26868,2126,69.84348760566374,-30.639149605543682,r1
26881,2127,66.86965503761097,-33.39047584195911,r1
26889,2128,60.6098865015746,-39.58576047147756,r1
26901,2129,65.55838276221553,-34.762685485733996,r1
26911,2130,63.35338037831208,-37.19267685249072,r1
26924,2131,65.01105097222325,-35.272936742093634,r1
26939,2132,68.62863338427663,-31.935739918798824,r1
26954,2133,70.37872666523988,-30.117801311440626,r1
26982,2134,86.05920237776715,-14.50347590456741,r1
27005,2135,79.60653852653206,-20.402424885176398,r1
27030,2136,80.52977004101423,-19.893917625319315,r1
27053,2137,79.72172636158007,-20.968285447464172,r1
27062,2138,62.12258426353492,-38.313035810146644,r1
27095,2139,91.35673044972704,-9.333838960209725,r1
27112,2140,-27.83150204490676,72.28527696251504,r2
27128,2141,71.05902854452134,-29.273365506684236,r1
27137,2142,62.3844773755261,-38.15872777905166,r1
27147,2143,63.55263220012734,-36.801793862984105,r1
27163,2144,-30.24616296428336,70.00369677171962,r2
27173,2145,-37.65128828354895,62.56961114346081,r2
27183,2146,63.572575334945924,-36.77541541677517,r1
27234,2147,15.378771452255748,115.05723388314156,r2
27250,2148,-30.243038787210928,70.01731947639352,r2
27265,2149,68.64852711804507,-31.86562377213609,r1
27277,2150,66.34803039163194,-34.11240983825667,r1
27306,2151,86.08187636068911,-14.443133157088177,r1
27327,2152,-22.96106250075888,77.49807230341469,r2
27361,2153,-8.0685218543126,92.09312600741688,r2
27369,2154,59.280387824518215,-41.16927071583573,r1
27393,2155,80.62857376846026,-19.807942330292605,r1
27403,2156,63.78012403655171,-36.655954951658124,r1
27420,2157,-27.999058054352844,72.28686981811268,r2
27442,2158,-21.288998521471054,79.09911050611053,r2
27460,2159,-26.68817015381472,73.75093969024027,r2
27496,2160,-4.10922376005184,96.36010882181098,r2
27506,2161,-38.65067165680864,61.58003009326136,r2
27515,2162,60.57906300028843,-39.61576707640172,r1
27526,2163,62.89695654076853,-37.657441649798585,r1
27544,2164,72.25877813988801,-28.19057666369194,r1
27567,2165,78.57776266968462,-21.64698617896346,r1
27586,2166,73.2305902701307,-27.35506458518546,r1
27603,2167,70.97931590092259,-29.457147937306615,r1
27620,2168,70.54554364904587,-30.026235471493273,r1
27644,2169,79.66592427439676,-20.67891694916742,r1
27660,2170,70.91748040167425,-29.25772382996669,r1
27684,2171,-18.696426187056613,81.72543046304432,r2
27732,2172,10.540944971971385,111.11931821836131,r2
27749,2173,72.66226347910383,-27.796128904270937,r1
27783,2174,-6.708287228794255,93.73794769788735,r2
27796,2175,-34.52202967467258,65.7836294809532,r2
27808,2176,66.42122274491365,-33.92831046565078,r1
27844,2177,-5.232154444936718,94.92910392870525,r2
27883,2178,100.29771224677128,0.06334031714313682,r1
27898,2179,-30.29635219790555,69.74133243345702,r2
27916,2180,72.50915281459172,-28.003988750175196,r1
27929,2181,67.53926007007458,-32.71512133093687,r1
27941,2182,-34.08608684924531,66.1285876160567,r2
27951,2183,61.77721962291261,-38.58413796167055,r1
27985,2184,91.76527392492596,-8.741337739745106,r1
27997,2185,64.25945716107262,-36.02841078080513,r1
28018,2186,-24.478352901676733,75.80215177937367,r2
28031,2187,65.86850091308759,-34.638926838554184,r1
28043,2188,66.39105219467656,-34.044282845456436,r1
28069,2189,82.10780799572665,-18.651760193991745,r1
28084,2190,68.25970502523668,-32.05107090917261,r1
28099,2191,68.10616768596012,-32.2439217271297,r1
28123,2192,79.35683721592059,-20.917353024994792,r1
28141,2193,71.16396634928381,-29.056272400023346,r1
28153,2194,65.11775643074328,-35.206077682898595,r1
28167,2195,-32.119097610412126,67.93783282727182,r2
28180,2196,66.32823353564524,-34.04738596597384,r1
28202,2197,78.7796531819481,-21.460224683324018,r1
28214,2198,-35.61482678568206,64.62823934725955,r2
28245,2199,89.96565627258968,-10.486681126458969,r1
28274,2200,-12.818926933523997,87.16545424632744,r2
28287,2201,67.57541574390481,-32.87231194463071,r1
28305,2202,-28.824819405540286,71.52088650572088,r2
28323,2203,73.5688948950072,-26.961195025110722,r1
28337,2204,-33.84422089030164,66.29960992013957,r2
28372,2205,-6.174442119394605,94.22326753082663,r2
28424,2206,114.87083641512757,14.690330461855083,r1
28461,2207,-4.520389181849765,95.91065601637543,r2
28486,2208,-18.42041261250826,81.87109377505536,r2
28508,2209,-23.489825234314434,76.9757915137915,r2
28519,2210,63.13869403062378,-37.29294896952511,r1
28534,2211,-31.04041511262625,69.16316927709438,r2
28547,2212,67.65032786744884,-32.7983859982101,r1
28561,2213,68.3124620502763,-32.01238090493643,r1
28582,2214,77.46514587327961,-22.890107885148502,r1
28596,2215,67.29359437190813,-32.95354669601869,r1
28620,2216,80.60473056120807,-19.89479236039158,r1
28638,2217,72.67227950174545,-27.7616368562258,r1
28660,2218,77.2319696181474,-23.11574305689104,r1
28675,2219,68.98447680687447,-31.489024691615693,r1
28688,2220,65.7163168927883,-34.66264151900018,r1
28701,2221,66.33885303666781,-33.996190461126986,r1
28716,2222,68.5607374007977,-31.6366341791127,r1
28726,2223,-36.958519935112506,63.43373432441682,r2
28752,2224,-18.18833040646518,82.1131555004902,r2
28761,2225,61.06445763423091,-39.118274912029996,r1
28789,2226,86.12341961615209,-14.463484027373163,r1
28801,2227,-33.73514485152074,66.4524628330229,r2
28823,2228,78.65242006113134,-22.027627919135398,r1
28843,2229,-24.48923637114865,75.60050194476695,r2
28880,2230,95.83539968179062,-4.447522101910764,r1
28897,2231,70.21361420974547,-30.120438057774233,r1
28919,2232,-22.326063982485664,77.72904297677468,r2
28928,2233,-38.223729600765786,61.86890005740226,r2
28949,2234,74.86530762452455,-25.586167727027323,r1
28961,2235,66.36578791554287,-33.89837879251674,r1
28971,2236,-36.77238987315309,63.39473006368381,r2
28989,2237,73.2513799293686,-27.13840637227903,r1
29012,2238,-20.519948771885037,79.45771132715656,r2
29032,2239,74.42074647008702,-26.006579974291835,r1
29040,2240,60.900375403173484,-39.46879167634799,r1
29052,2241,-34.06991768390229,66.21039766942857,r2
29067,2242,67.93116929376252,-32.68475987192623,r1
29078,2243,62.93435765111147,-37.42099197556051,r1
29097,2244,-25.836361959134457,74.5153117945001,r2
29112,2245,-30.534739301286308,69.59222550247827,r2
29130,2246,-26.30657309564604,73.8313758573766,r2
29148,2247,71.97039988706655,-28.43893685005859,r1
29164,2248,-29.615276212282108,70.68350619852833,r2
29176,2249,63.8785919626604,-36.395182710535636,r1
29207,2250,90.00418605115071,-10.433514098316301,r1
29243,2251,-4.460384415692964,96.1091945755738,r2
29257,2252,67.17554250725286,-33.328482281678504,r1
29290,2253,-7.397594911504058,92.70275151625876,r2
29304,2254,17.106063339402656,16.8324408192107,double_ko
29335,2255,-10.380009661821646,89.48982554989652,r2
29349,2256,68.58529158626754,-31.749200996766742,r1
29361,2257,64.65650219586658,-35.68720657663347,r1
29372,2258,-35.428077558046354,64.89543209490381,r2
29413,2259,1.801551949405777,102.1469978020334,r2
29428,2260,-30.49148256362202,69.51417510334038,r2
29460,2261,-8.87961181960749,91.16685555700059,r2
29497,2262,97.9129754506831,-2.7265938968651824,r1
29506,2263,-38.67580914612255,61.46899040822563,r2
29521,2264,69.28461352607643,-31.046127000059492,r1
29540,2265,-27.017547134763323,73.00991218540432,r2
29585,2266,6.84886181605534,107.10929269085148,r2
29603,2267,-28.332625349130044,71.86060146039759,r2
29633,2268,88.61067494455253,-11.874664108436285,r1
29647,2269,-31.18157932701165,69.06819444951483,r2
29663,2270,69.52630429960256,-31.15713567625076,r1
29673,2271,-38.836503164130704,61.143278998718344,r2
29685,2272,66.12023619341598,-34.362668716127395,r1
29699,2273,68.88275387132194,-31.413575267521832,r1
29712,2274,67.41510750127036,-33.024117524240374,r1
29725,2275,67.33501343490511,-33.06601664429319,r1
29739,2276,-32.400162514670555,67.73272840984704,r2
29761,2277,-22.57962518449933,77.40390449467925,r2
29786,2278,81.07530995077538,-19.408189873152747,r1
29803,2279,-28.314293867145704,72.05423353428054,r2
29824,2280,76.11422271158558,-24.47078290473652,r1
29838,2281,68.03613517413372,-32.52964184030583,r1
29852,2282,-31.711395800444052,68.46662640352798,r2
29896,2283,106.98754013190276,6.354839121421051,r1
29918,2284,-21.974351303749238,78.36639167304311,r2
29938,2285,76.4340626461729,-23.670463068184425,r1
29964,2286,82.21722644830447,-18.21166399985848,r1
29978,2287,-32.41054215813956,67.66112233380073,r2
29996,2288,73.57331317809829,-27.01251738656658,r1
30032,2289,-4.078277019504455,96.1404936443544,r2
30057,2290,80.50424957663873,-19.90464609163764,r1
30070,2291,-33.0428956460284,67.193451148755,r2
30083,2292,65.56429490486912,-35.18822249440918,r1
30136,2293,118.0413226039308,17.071411254538987,r1
30149,2294,-32.95955169548045,67.27239664807323,r2
30162,2295,65.26484851834044,-35.14264627454206,r1
30171,2296,-38.41762956320924,62.107025909929504,r2
30184,2297,-33.27512151881622,67.11307653374952,r2
30195,2298,64.81411203811852,-35.501101702717875,r1
30219,2299,-21.21721497870342,78.9105382389768,r2
30241,2300,78.65794934338666,-21.6077910284553,r1
30258,2301,-27.740609134885176,72.61463758276287,r2
30270,2302,65.99462808998746,-34.2846669030627,r1
30281,2303,64.66977328784436,-35.471145378259706,r1
30296,2304,68.48851153901481,-32.01323421581486,r1
30335,2305,100.0186592247465,-0.5490733776239267,r1
30359,2306,79.76000626991109,-21.322233246338996,r1
30376,2307,72.85261568493439,-27.298697998772017,r1
30400,2308,-20.104268935517617,80.18814822453805,r2
30432,2309,91.41570792894453,-9.00214689585163,r1
30454,2310,-21.785992337039424,78.55406095388848,r2
30491,2311,-1.673678921580077,98.38244306958319,r2
30525,2312,91.86121448957765,-9.01584076564852,r1
30539,2313,-32.78550935767462,67.73781928098009,r2
30568,2314,87.82116604527334,-12.430060209120313,r1
30582,2315,-33.577097927734314,66.68115867308686,r2
30595,2316,67.46227453824095,-32.88356836178076,r1
30617,2317,-22.542009252876312,77.77405163956621,r2
30650,2318,92.80739567895529,-7.669230316398547,r1
30666,2319,70.0347684501696,-30.280496221092704,r1
30681,2320,68.50821790281915,-31.75403129438098,r1
30691,2321,63.23811525834301,-37.228442772872214,r1
30708,2322,-28.05630698671009,72.06848848139082,r2
30744,2323,-4.097870242305177,95.90023189816688,r2
30775,2324,-11.751266716820552,88.41496495256932,r2
30793,2325,71.73312220494826,-28.739952427537066,r1
30816,2326,28.514788150362087,28.620634502394097,double_ko
30847,2327,88.16914267090914,-12.554025262446132,r1
30866,2328,-25.876723852164776,74.06570029430999,r2
30882,2329,-30.702048266151216,69.55096115067677,r2
30895,2330,65.26288189863244,-35.16416095067463,r1
30918,2331,78.34557629695684,-22.123096930283822,r1
30941,2332,-21.184608853466976,78.77668229709481,r2
30973,2333,-9.918422197241036,90.13348854422037,r2
30982,2334,62.502168192008625,-37.736344607556404,r1
31028,2335,108.55696033686903,8.366878999078473,r1
31050,2336,77.93580049922879,-22.304674306626115,r1
31064,2337,66.77200496093958,-33.559606286875486,r1
31080,2338,71.16743590052477,-29.416915771693965,r1
31123,2339,102.46552492173514,2.7723015585933766,r1
31163,2340,0.7241574429029001,100.82623012749849,r2
31177,2341,68.55067344122418,-31.823017973756563,r1
31197,2342,76.0853749655057,-24.32504547435021,r1
31205,2343,60.96937889580853,-39.42159633037289,r1
31237,2344,-10.790553200830011,89.74300954346606,r2
31272,2345,94.65578535225359,-5.765724506329747,r1
31296,2346,81.01154338853848,-19.164649887668944,r1
31328,2347,89.87843922825411,-10.459784231941356,r1
31350,2348,-23.573912140546934,76.97589246914035,r2
31361,2349,64.79804460702644,-35.595531923212754,r1
31385,2350,-20.540003357384094,79.80460290779675,r2
31404,2351,73.11299116167717,-27.27603377191346,r1
31413,2352,62.28273573271953,-38.16439708626514,r1
31459,2353,7.727880607073622,107.61978614583478,r2
31488,2354,86.47958521263624,-13.819155193897444,r1
31510,2355,76.87948912324195,-23.615758871469094,r1
31542,2356,89.72958012895472,-10.907069662915923,r1
31560,2357,73.23263998864593,-27.13500458324269,r1
31571,2358,64.5488610272373,-35.72152838679801,r1
31610,2359,-1.8915687907562813,98.2219070235583,r2
31629,2360,74.2777776034477,-26.28221960235833,r1
31639,2361,63.501588392530934,-36.84867699721728,r1
31655,2362,-31.451189768627824,68.9002380052638,r2
31665,2363,63.52212526297329,-36.90380039793807,r1
31685,2364,-25.39838247513849,74.97310070629163,r2
31711,2365,31.572795404649344,31.819016543303814,double_ko
31726,2366,-31.124597165333267,69.14366706630335,r2
31749,2367,-21.639534078574886,78.84412217560168,r2
31762,2368,67.35605564110729,-33.162370494310345,r1
31771,2369,62.30296547745165,-38.04666166129873,r1
31780,2370,62.35201591552037,-38.041344354568565,r1
31788,2371,60.938458246299604,-39.36565246272146,r1
31811,2372,-21.773751568036413,78.65026939668702,r2
31835,2373,80.36543774477515,-19.634584761149668,r1
31851,2374,71.56121377582832,-28.949262577773105,r1
31868,2375,71.740428795281,-28.465751012432452,r1
31880,2376,65.26229553240869,-35.22393057076862,r1
31903,2377,-20.98356349788774,79.21877510872787,r2
31916,2378,67.17646659277881,-33.189406928475215,r1
31944,2379,84.41215810788728,-15.974106447314902,r1
31963,2380,-27.33306760421836,72.98157813400879,r2
31975,2381,65.0248646909035,-35.155888391579126,r1
31991,2382,70.7565102641881,-29.51465904177508,r1
32008,2383,71.24585791341401,-29.11266729052461,r1
32038,2384,38.41428403088694,38.236922763322205,double_ko
32064,2385,-18.74980309874926,81.67069693805468,r2
32086,2386,78.40538581752088,-21.784198566288588,r1
32129,2387,104.4672026760663,3.685361056446453,r1
32148,2388,74.31673483430524,-25.87342679021278,r1
32168,2389,76.16720813401778,-24.37837818511819,r1
32212,2390,6.191154143099411,106.67682318852107,r2
32226,2391,68.1181108326773,-32.025579282333325,r1
32254,2392,-15.33039239751399,85.06809778235788,r2
32288,2393,93.63110795578346,-6.605803015264748,r1
32305,2394,72.2154697929454,-28.248682507913713,r1
32320,2395,67.91248573056193,-32.57445709049097,r1
32342,2396,78.73138029257149,-21.53090489309222,r1
32359,2397,71.37834591026078,-28.85178306373918,r1
32369,2398,63.592344669870315,-36.77251247701529,r1
32387,2399,72.86798946453919,-27.431245915693264,r1
32412,2400,-18.99063646736731,81.10897254631875,r2
32422,2401,63.161420076438304,-37.09559351158791,r1
32437,2402,68.02079934812932,-32.28341361022428,r1
32450,2403,66.95882289593385,-33.28021996593591,r1
32481,2404,89.94624464975294,-10.315016154753991,r1
32497,2405,69.12615500769743,-31.475107355972444,r1
32526,2406,36.03662511098754,36.15544417497962,double_ko
32542,2407,69.28070647802579,-31.236717115023552,r1
32556,2408,68.22880796832398,-31.9862571385707,r1
32574,2409,-28.56783382144122,71.87737333209552,r2
32606,2410,89.79779836985243,-11.065697084406132,r1
32621,2411,-32.419106915150515,67.66100446904454,r2
32634,2412,66.70327669463546,-33.45078332630014,r1
32650,2413,71.15362940992743,-28.939710247250694,r1
32699,2414,10.600696158983794,110.80619534173907,r2
32712,2415,66.2357565430016,-33.99173746844408,r1
32728,2416,70.7966553554654,-29.5259976898632,r1
32748,2417,-24.91279099082537,75.28988293321751,r2
32757,2418,-38.94639960687813,61.271339630486295,r2
32789,2419,-9.374831215526676,90.7857618379256,r2
32798,2420,62.1913930123431,-37.97634881897257,r1
32817,2421,74.58795486983702,-25.610889771836465,r1
32830,2422,67.02342659872224,-33.331965385496886,r1
32840,2423,62.99673859016161,-37.23351351425219,r1
32865,2424,82.28764577170817,-18.180256665536483,r1
32876,2425,64.85642783054999,-35.515313527494214,r1
32894,2426,-27.806132009066904,72.47520657128842,r2
32911,2427,72.27443404690078,-27.931834453211646,r1
32953,2428,103.51023846537842,3.372274673748862,r1
32968,2429,69.86560613319341,-30.41837364303484,r1
32985,2430,71.53361048281054,-28.83238912686638,r1
33000,2431,69.05377971889727,-30.902444746698617,r1
33012,2432,66.27563280864749,-34.26356843237716,r1
33027,2433,70.03289183388645,-30.228743795534953,r1
33043,2434,-30.67313281847858,69.76270485175138,r2
33062,2435,73.20420841414929,-27.314886092722507,r1
33082,2436,-24.576599939353905,75.50431265749977,r2
33116,2437,93.64559019666612,-6.543526477636938,r1
33132,2438,-29.73345620727147,70.23069270964383,r2
33144,2439,64.22173575425636,-36.0484554977367,r1
33162,2440,74.48643310617189,-25.877387456985904,r1
33188,2441,82.98937451731258,-17.228881021179145,r1
33209,2442,77.01509833387951,-23.536652680538754,r1
33225,2443,-29.203563047131265,71.4605379345189,r2
33242,2444,70.86877059055521,-29.345653019343594,r1
33273,2445,89.33531139888885,-10.770636400789712,r1
33294,2446,75.58526350672825,-24.621319013667446,r1
33325,2447,-10.925425335770441,88.81728105650632,r2
33346,2448,77.27900870787751,-23.029314623176106,r1
33363,2449,-30.203838523230473,70.21856944388067,r2
33393,2450,87.79702198411167,-12.742816518841437,r1
33426,2451,92.19053867734033,-8.441849941512451,r1
33436,2452,63.17052770833668,-37.117656276209,r1
33459,2453,-21.06637787205533,78.96018065529307,r2
33479,2454,75.27117418594597,-25.011528134512446,r1
33501,2455,77.73405292264361,-22.593158941816906,r1
33528,2456,83.69112762156088,-16.284878226002128,r1
33556,2457,85.8448786205733,-14.593136458754564,r1
33580,2458,81.01756772544489,-18.971467062682443,r1
33624,2459,5.724341065639386,106.15141823281465,r2
33635,2460,64.87513438668381,-35.312435033114525,r1
33657,2461,78.24664577897737,-21.974156958305553,r1
33681,2462,-20.598863690006077,79.93420885454643,r2
33690,2463,62.14592028380915,-38.21985354008558,r1
33712,2464,78.09482211927792,-22.267688058551244,r1
33732,2465,76.04911745992378,-24.122291635458872,r1
33748,2466,70.94711689822358,-29.239474938584145,r1
33761,2467,67.22786330450775,-33.27007624748743,r1
33777,2468,-31.10589591540605,69.20622499731874,r2
33790,2469,67.27730187854095,-33.13978369559631,r1
33798,2470,60.749716431653496,-39.443582345360106,r1
33808,2471,-37.78985698861442,62.6337874622843,r2
33819,2472,64.71515502230591,-35.64010237166255,r1
33838,2473,72.86395492599759,-27.30375182828895,r1
33853,2474,69.78296549079086,-30.541541128367612,r1
33864,2475,64.89861198215219,-35.499809879124726,r1
33885,2476,77.1785789232606,-22.888267739610505,r1
33920,2477,95.12285917358636,-5.387113452894354,r1
33928,2478,60.98525639805059,-39.33264950976615,r1
33937,2479,62.56364001631295,-37.977109117077575,r1
33950,2480,67.40576122161687,-32.84861835599504,r1
33968,2481,72.85061705674487,-27.316138965511794,r1
33997,2482,87.13002539973627,-13.429056474705789,r1
34022,2483,81.90018714314094,-18.4674571188143,r1
34042,2484,76.31763798039695,-23.972785161201326,r1
34062,2485,-25.333107618422623,74.91064115973396,r2
34075,2486,-32.96052948588169,67.45898926832282,r2
34091,2487,-30.40393498710289,69.84570445552689,r2
34104,2488,67.4161981946106,-32.92623985038811,r1
34128,2489,79.2027484167098,-20.8876274918718,r1
34166,2490,97.78571930565357,-3.017678707398467,r1
34187,2491,-24.50451335338179,75.90565713995943,r2
34218,2492,89.50985153348356,-11.129962411490872,r1
34231,2493,65.4157967274254,-35.10551552776351,r1
34257,2494,83.72737159621052,-16.41765575962924,r1
34271,2495,68.48394672197796,-31.90865149607943,r1
34317,2496,7.715390602597303,107.62035116666154,r2
34339,2497,78.49968823852306,-21.770598699969128,r1
34362,2498,79.8972754225884,-20.59859328175196,r1
34394,2499,89.12788033843312,-11.733300782972975,r1
34405,2500,64.70405131013163,-35.60145753575624,r1
34423,2501,71.6690254209142,-29.073007624059546,r1
34442,2502,74.94804708396354,-25.347079643094954,r1
34477,2503,95.13295266905232,-5.4002796133070206,r1
34494,2504,69.71015285128661,-30.413479552024477,r1
34527,2505,90.80412914453532,-9.390846493201131,r1
34562,2506,-6.649820094004632,93.23616389855428,r2
34573,2507,64.40960781135843,-36.19110784432158,r1
34596,2508,79.70880573706162,-20.539244566188145,r1
34609,2509,66.82721096212079,-33.928030475713165,r1
34624,2510,68.0439522888715,-32.60259737226832,r1
34646,2511,78.69654494013554,-21.506327897466953,r1
34666,2512,74.89179577717579,-25.38281508200326,r1
34699,2513,92.21592070121444,-7.898133856107421,r1
34752,2514,115.98316600763009,15.808858707798422,r1
34772,2515,75.50357360634764,-24.837981587280492,r1
34793,2516,77.31292897407543,-23.173139740677335,r1
34803,2517,63.541485015145525,-36.80150418401881,r1
34815,2518,-36.26503319808428,63.837990414051546,r2
34834,2519,-26.300296340911178,73.78982634579113,r2
34851,2520,70.99799836265014,-29.469234474679563,r1
34927,2521,45.3697290681731,145.51417528735794,r2
34963,2522,94.03502645546205,-6.425019043673835,r1
34980,2523,71.09931491348274,-29.188673422841347,r1
35010,2524,86.22058347560451,-14.206235381303507,r1
35021,2525,62.89963187854107,-37.470436615307165,r1
35057,2526,-4.646072340227505,95.54537380812437,r2
35071,2527,-31.908270383364698,68.41378062177166,r2
35083,2528,65.95840021841451,-34.23600643693795,r1
35109,2529,-17.595589066934508,82.72249849540108,r2
35143,2530,-7.346976162759198,93.05011026859665,r2
35152,2531,62.14707634467741,-38.25430319685742,r1
35179,2532,84.02072898555896,-16.401010458147063,r1
35213,2533,92.90128031030616,-6.970369795035104,r1
35228,2534,69.52186281692053,-30.797102559115892,r1
35252,2535,79.92530428316415,-20.51393508920585,r1
35283,2536,-11.334817877098466,88.71551294125766,r2
35307,2537,81.07965794313327,-19.28098661598717,r1
35320,2538,67.31366402251226,-33.02565198755904,r1
35338,2539,71.90085270130612,-28.66447186768192,r1
35358,2540,74.51217810153284,-25.82407675103684,r1
35380,2541,76.48552415535109,-23.762388748257564,r1
35408,2542,-14.54237696483085,85.62041157519859,r2
35435,2543,84.18646040486766,-16.10537189631947,r1
35447,2544,66.14623497132948,-34.04033971987437,r1
35456,2545,62.16736744150463,-38.26428190511226,r1
35479,2546,78.97919105455931,-21.449388770917007,r1
35494,2547,67.80870650361672,-32.43645449574924,r1
35508,2548,-32.06458976464485,68.13878455918235,r2
35517,2549,62.21173255555668,-38.31094040043885,r1
35535,2550,71.86298463038821,-28.551531952678058,r1
35567,2551,91.38212395573404,-9.281947064759677,r1
35588,2552,75.42174138064243,-24.95288436955204,r1
35596,2553,60.526922626282236,-39.636120513319725,r1
35611,2554,68.50487829408195,-31.75710945494059,r1
35630,2555,73.26963520443866,-27.198026513238645,r1
35677,2556,8.689223601417304,109.04243998225016,r2
35706,2557,86.7110249299298,-13.88559916375442,r1
35717,2558,64.89853625968261,-35.6699115572098,r1
35751,2559,-8.36265387320519,91.82033140534392,r2
35762,2560,62.84449524403486,-37.395481069499695,r1
35816,2561,17.708649070621824,118.33483049668108,r2
35831,2562,69.73441655745388,-30.662370398388486,r1
35844,2563,-33.02478613302304,67.01297211738822,r2
35863,2564,73.6553481584379,-26.711892331045554,r1
35884,2565,-24.97554980882529,74.93711149902549,r2
35901,2566,71.29240377078497,-29.012909140210493,r1
35914,2567,-34.672208924226034,65.6001523414275,r2
35930,2568,69.00672778732074,-31.60134089447094,r1
35948,2569,71.79812945346549,-28.74044896875966,r1
35982,2570,-6.588258216531251,93.58794792139525,r2
35993,2571,64.47395080686263,-36.055199260124155,r1
36005,2572,-35.09550923991085,65.17198506526918,r2
36020,2573,-30.522029118018683,69.6811649047894,r2
36038,2574,-27.102551344096504,73.10949096182685,r2
36066,2575,86.10433616901796,-14.5800603994088,r1
36098,2576,-11.700121541427897,88.34728034646358,r2
36112,2577,67.65032314641294,-32.66557899790952,r1
36143,2578,88.06119098432629,-12.265179476895845,r1
36154,2579,64.55305910209339,-35.64826747015717,r1
36184,2580,87.7029984677477,-12.482489451652889,r1
36197,2581,67.425998100544,-33.17419829338915,r1
36205,2582,59.17855867956442,-41.238047808872196,r1
36230,2583,82.50423290333276,-17.783096104757412,r1
36246,2584,-29.249623732100236,70.97662882664201,r2
36265,2585,75.51996062710296,-24.59787041553087,r1
36280,2586,69.58132895569084,-30.91394217494556,r1
36302,2587,78.47375269598676,-21.648639856086934,r1
36325,2588,80.13610600605517,-20.525117234556134,r1
36360,2589,92.62199257962808,-8.197478290658168,r1
36375,2590,69.98095514123457,-30.377783870421208,r1
36387,2591,66.2580748395783,-34.34337385842025,r1
36417,2592,88.06770543193872,-12.267914470406701,r1
36429,2593,64.23345474556866,-36.1143883580766,r1
36457,2594,84.41610264508327,-16.204470298362352,r1
36484,2595,-17.260734381506644,83.04988722926046,r2
36512,2596,85.33927612578225,-15.074327404592218,r1
36529,2597,-30.106713276524495,70.33202792421037,r2
36564,2598,94.82734829898064,-5.608213149900578,r1
36574,2599,63.501833076581946,-36.84601307077405,r1
36591,2600,72.67767207898686,-27.282765010576878,r1
36603,2601,64.30572127708861,-36.19281881163361,r1
36612,2602,60.3878550132797,-40.162979054349385,r1
36640,2603,86.11024973092178,-14.186884178135436,r1
36679,2604,98.38819945187396,-2.079370130496322,r1
36699,2605,74.57743472368452,-26.181250910271043,r1
36751,2606,115.63530357565875,15.187404384013327,r1
36783,2607,91.07768450758452,-9.529013323252364,r1
36800,2608,71.99370650041983,-28.334220322215288,r1
36825,2609,81.21681319815043,-19.202373298744796,r1
36884,2610,123.80886417163734,22.79583559716432,r1
36901,2611,72.39263840424451,-27.963095892091154,r1
36914,2612,67.51384210684033,-32.92835535362777,r1
36950,2613,94.7771141004686,-6.001602816155355,r1
36983,2614,90.24609846353192,-10.791350673870625,r1
37000,2615,-28.875981761932298,71.13771142448168,r2
37013,2616,65.88590680374956,-34.7810164043744,r1
37039,2617,83.04100865324786,-17.290561087625694,r1
37052,2618,-33.56966130692847,66.56850806832455,r2
37067,2619,68.59369515515036,-31.89316097366095,r1
37084,2620,71.4559928046057,-28.992478293255687,r1
37121,2621,-4.815729996822114,95.08044251256163,r2
37128,2622,-40.42238781502969,59.65305196071251,r2
37141,2623,-33.24971127170593,66.86688785368949,r2
37160,2624,73.19226464500119,-27.06599138436221,r1
37173,2625,67.11939775932717,-33.25552289324176,r1
37183,2626,63.25680614359253,-37.15522873136079,r1
37193,2627,63.19893563560271,-37.08777950088145,r1
37208,2628,-31.123041691296017,69.02219455022515,r2
37229,2629,75.66722910492649,-24.91093302045059,r1
37241,2630,64.22876231407886,-36.32140924674665,r1
37272,2631,90.1189226714415,-10.62207767065268,r1
37290,2632,-27.480005832852164,72.48959820911395,r2
37302,2633,66.13530352172171,-34.416160507667605,r1
37324,2634,-22.75569879657128,77.31864246534823,r2
37334,2635,63.628362989397246,-37.001704115244586,r1
37351,2636,71.04011018679702,-29.415858668518897,r1
37372,2637,75.65442761540855,-25.399113631785873,r1
37402,2638,87.56248646519293,-12.624915053277476,r1
37437,2639,93.38110581673229,-7.5060952238361764,r1
37456,2640,74.9825772936683,-25.46489620401712,r1
37481,2641,80.92694753909825,-19.941265121498574,r1
37503,2642,78.326487776554,-22.043259670375726,r1
37519,2643,70.61583626878968,-30.001572224336993,r1
37532,2644,67.07436912005844,-33.31095351958341,r1
37598,2645,34.13347785145357,134.11526584677318,r2
37623,2646,82.68269657803909,-17.776797018027093,r1
37656,2647,90.8863889622591,-9.567898855084017,r1
37674,2648,72.80340411193363,-27.361444984575574,r1
37699,2649,80.40549155447245,-20.441856772595223,r1
37708,2650,-39.47022780761394,60.59195756017286,r2
37726,2651,73.34086083962447,-27.155839747244258,r1
37740,2652,67.12622003867106,-33.25525088609502,r1
37750,2653,62.352733342626586,-38.112535784389216,r1
37762,2654,65.96417056556064,-34.41986210830316,r1
37771,2655,-38.8775894450498,61.25320887808558,r2
37782,2656,64.75117273318222,-35.74435689245538,r1
37798,2657,71.06789486273797,-29.381674539690497,r1
37814,2658,71.25905948277344,-29.444001462018893,r1
37828,2659,-33.50352877258055,66.736082352106,r2
37841,2660,67.31571774468914,-32.951761953414874,r1
37855,2661,67.16616400999746,-33.43642728532754,r1
37873,2662,73.70626472869031,-26.673841857449297,r1
37886,2663,-33.25248016725069,66.81329264381648,r2
37905,2664,-25.47017259625787,74.77617266820164,r2
37915,2665,62.59848818508476,-37.891429178541856,r1
37932,2666,71.69085495233573,-28.940825470932605,r1
37957,2667,83.06175674309202,-17.275176499483354,r1
37976,2668,-25.226932693576924,75.09186173893077,r2
38005,2669,87.02563476010283,-13.615881775783294,r1
38019,2670,68.33801766436656,-32.21809747669112,r1
38036,2671,-29.515003234381105,70.56410068972238,r2
38072,2672,-3.823542090554888,96.50383144859444,r2
38091,2673,-25.90250898272614,74.25699304394196,r2
38129,2674,99.56070168569966,-1.0768913414310717,r1
38139,2675,63.51495907961791,-36.831226516332336,r1
38187,2676,11.276999786893896,111.34975630613323,r2
38200,2677,67.00780879819136,-33.510705160109765,r1
38218,2678,73.43935516255294,-26.799816018118,r1
38257,2679,99.556353126787,-0.8818717456276914,r1
38290,2680,92.3868157365968,-8.096770844390619,r1
38300,2681,63.42129121700995,-37.08019601658877,r1
38337,2682,97.9800403366531,-2.584041389541241,r1
38353,2683,-31.90387410959354,68.57254795350775,r2
38374,2684,75.5905233752359,-25.090771121461177,r1
38390,2685,-29.418974633128467,70.78152383184931,r2
38399,2686,62.24704157178433,-38.13244935153175,r1
38439,2687,100.98878052239834,0.4534915086722293,r1
38496,2688,123.13094394065075,22.914910776333294,r1
38510,2689,-33.540940626874786,66.88095233042498,r2
38523,2690,66.00794919273739,-34.31883112037589,r1
38555,2691,91.68612998291903,-8.661691029825889,r1
38588,2692,-7.624948385708038,92.68229454974302,r2
38624,2693,95.81916794784644,-4.650508116772521,r1
38640,2694,69.26604937902091,-31.33160389980453,r1
38649,2695,62.28096845379993,-37.96240906395887,r1
38680,2696,-11.6237038626018,88.45088585219897,r2
38709,2697,86.41814018886171,-13.789710001376314,r1
38741,2698,91.37004702529276,-9.091749514686136,r1
38755,2699,66.93178149298863,-33.344525640811305,r1
38780,2700,80.93876613183697,-19.535162628276705,r1
38800,2701,75.31327426227092,-24.90645526530486,r1
38810,2702,64.07049828000868,-36.28120809240912,r1
38826,2703,69.23798608768644,-31.47294887765436,r1
38869,2704,103.87420075578365,3.4949314227695396,r1
38890,2705,-22.671304131794958,77.71184518788876,r2
38906,2706,69.37424037281801,-31.00407023739385,r1
38932,2707,83.98433263241802,-16.499166661946006,r1
38985,2708,117.76475139589331,17.735057162316103,r1
39003,2709,72.31247516012824,-28.26945089871296,r1
39015,2710,-35.69680225944647,64.61496163236139,r2
39025,2711,63.5651386893954,-36.74530879843722,r1
39089,2712,130.38683547437756,30.13152304860059,r1
39115,2713,-18.344323555157466,81.77470963467647,r2
39133,2714,71.72536668035869,-28.82863823499607,r1
39151,2715,71.40365503565337,-29.096525956166516,r1
39163,2716,64.61708452749028,-35.594016177581,r1
39225,2717,127.24814962103557,27.118390676910472,r1
39237,2718,64.97416896582506,-35.41343156671332,r1
39300,2719,29.93618035640725,130.14684439265682,r2
39353,2720,116.05980978207754,15.792194931841372,r1
39382,2721,-14.5443665958067,85.69975194776117,r2
39397,2722,67.63276446804176,-32.6254224289421,r1
39431,2723,91.67127160353314,-8.457562307284718,r1
39449,2724,-26.99934112763294,73.5011285546127,r2
39463,2725,68.4935539340764,-31.886365052434996,r1
39494,2726,89.67580029663424,-10.52063211475145,r1
39514,2727,75.53073140156248,-24.727761754674187,r1
39539,2728,-19.247543147853513,81.02244497419831,r2
39552,2729,67.55643834694982,-33.0912020435084,r1
39580,2730,84.34193612998467,-16.093282982371697,r1
39592,2731,-34.29669182031118,66.21078083698109,r2
39632,2732,101.76691169814474,1.02001090311348,r1
39655,2733,78.52983478862032,-22.01424922580017,r1
39675,2734,-24.111434666993357,76.09215233861858,r2
39695,2735,74.91665496026596,-25.700745256640506,r1
39709,2736,68.17081197601883,-32.09440596348996,r1
39739,2737,86.72568856559832,-13.836655721509274,r1
39770,2738,-13.14047747515292,87.59082468049237,r2
39789,2739,72.24695340401811,-27.872906767959996,r1
39802,2740,-33.17488571146167,67.13596181170459,r2
39819,2741,72.3696064009909,-27.96676104942653,r1
39829,2742,63.36561429357707,-36.95943658262852,r1
39858,2743,-14.260596823485287,86.04393908318343,r2
39877,2744,72.83092417020586,-27.578576763871137,r1
39899,2745,-22.792065514205206,77.44828171004495,r2
39924,2746,81.8232276678975,-18.61000847618764,r1
39944,2747,74.32660101061124,-26.216958399779497,r1
39980,2748,95.97463387743109,-4.437640607548062,r1
40004,2749,29.67996742500072,29.783816910393615,double_ko
40031,2750,-15.768782298706071,84.77015816723949,r2
40056,2751,80.72596070439053,-19.68203240533134,r1
40085,2752,87.05594715467578,-13.544431616602672,r1
40095,2753,63.51924129186328,-36.779147608595245,r1
40132,2754,-2.9255959266623393,97.10869736430452,r2
40162,2755,88.8687071169327,-11.431055896781146,r1
40174,2756,-36.1123289252461,64.13855908243985,r2
40197,2757,-20.205412093452072,80.23737192159751,r2
40225,2758,-14.171537163744574,86.28050975986827,r2
40262,2759,-4.95420407055245,95.28457000228067,r2
40315,2760,117.04382325424689,16.660759871910884,r1
40340,2761,81.31647651848937,-18.978682510953092,r1
40353,2762,-33.51062997674502,66.66083671463048,r2
40368,2763,69.77537708415727,-30.66194445845865,r1
40408,2764,100.84881773045598,0.606694132338859,r1
40418,2765,-36.760137725121496,63.50367993456486,r2
40442,2766,-19.182309194990424,80.99518439654983,r2
40457,2767,69.58610351683848,-30.550805354189364,r1
40473,2768,69.14539854517403,-31.398950663353467,r1
40531,2769,124.23908524885081,23.077599476416346,r1
40547,2770,71.31528503384908,-28.85952026258632,r1
40566,2771,73.05242284803879,-27.436633981880696,r1
40601,2772,93.41708028760164,-6.898205469326513,r1
40617,2773,-29.38049155967168,70.97934723433113,r2
40696,2774,149.91260443313428,49.840214753021286,r1
40719,2775,-21.533667546012218,78.95756727416021,r2
40742,2776,78.4382384019581,-21.898178469879984,r1
40752,2777,63.354534378410406,-36.99132204665005,r1
40769,2778,72.5347563786531,-27.88961888342376,r1
40790,2779,77.46155121638543,-22.95706938239158,r1
40833,2780,5.013071517188955,104.85743858589595,r2
40861,2781,86.47768376579506,-13.898258116263591,r1
40887,2782,32.35723401013181,32.48516917051806,double_ko
40922,2783,93.95371573975244,-6.3338405886665825,r1
40936,2784,67.42866202774171,-32.924529179441436,r1
40951,2785,-31.187342785728582,69.2306428074254,r2
40968,2786,-29.473221963726214,70.8411213456243,r2
40984,2787,69.83466649059729,-30.634940461053702,r1
41000,2788,70.98063108625956,-29.48292304126129,r1
41038,2789,99.14190474211512,-1.1044900050069018,r1
41055,2790,-30.315918383620073,70.2367370317425,r2
41072,2791,-29.961021852027187,70.3596261862851,r2
41107,2792,94.04518446334694,-5.963704696575363,r1
41136,2793,87.42018980761213,-12.970243906678768,r1
41170,2794,-7.129761185586794,93.54924221815489,r2
41183,2795,67.3049598730809,-33.02276731488513,r1
41211,2796,86.41288828036753,-13.64983455817437,r1
41233,2797,76.80705614247772,-23.37730476731068,r1
41286,2798,116.26102417384388,15.517933404963408,r1
41314,2799,86.15272965584185,-13.969195966331746,r1
41337,2800,78.40968504436398,-21.82947216244333,r1
41372,2801,95.33097368561207,-5.058165579475691,r1
41388,2802,-29.375307804700732,70.87845793986953,r2
41416,2803,84.69637948294374,-16.007116736062564,r1
41425,2804,62.24166985940341,-38.0848149342493,r1
41440,2805,-32.6285971952055,67.60698218271526,r2
41482,2806,1.346524466752463,101.4233316628499,r2
41549,2807,135.4144495213855,35.292472029383596,r1
41577,2808,-16.433238232203514,83.93619901098369,r2
41634,2809,21.20761841969307,121.71098548036048,r2
41670,2810,-5.845695505613406,94.16946694066493,r2
41698,2811,-14.381971732490356,86.16066830709795,r2
41712,2812,-32.888161471472465,67.33826000096401,r2
41746,2813,92.09589658124656,-8.41731732606776,r1
41785,2814,97.83045732267955,-2.4131468959560536,r1
41800,2815,69.72045246016737,-30.601365839395054,r1
41825,2816,82.74931229572188,-17.47545496109663,r1
41846,2817,77.45598544303421,-23.083423750556925,r1
41857,2818,63.08706831640507,-37.19665415687969,r1
41885,2819,85.05240802136302,-15.146878293985743,r1
41949,2820,131.0047328480388,30.422443188554453,r1
41960,2821,64.84092288764003,-35.58463956255986,r1
41981,2822,-23.077204436200695,77.12196255997229,r2
42006,2823,82.29306208440181,-18.06751945665405,r1
42036,2824,86.58738163508694,-14.119196409149367,r1
42054,2825,73.54120337047227,-26.777485040517313,r1
42086,2826,90.95575640137913,-9.628808530823243,r1
42096,2827,62.61749254887749,-37.693979943512595,r1
42106,2828,63.513240956578386,-36.690311521744626,r1
42128,2829,-22.14546831173779,78.34535569491959,r2
42149,2830,76.7456506503872,-23.41225284999713,r1
42161,2831,66.55407366767881,-33.96374718524588,r1
42180,2832,74.97863047028657,-25.42315512362868,r1
42230,2833,113.91166772846495,13.749030059795707,r1
42244,2834,68.7868779970512,-31.63631238255746,r1
42264,2835,75.91071268069511,-24.366312210081556,r1
42288,2836,81.19269106810226,-19.12939872391631,r1
42304,2837,-31.0880466650867,69.46377039865737,r2
42328,2838,81.23463613430373,-19.168897369273335,r1
42374,2839,108.93866371596621,8.480203881771942,r1
42390,2840,68.85318762894562,-31.51487432274292,r1
42400,2841,62.208982817651275,-38.03666845185688,r1
42421,2842,77.39308683410223,-22.88727681034618,r1
42479,2843,23.064337404572854,122.82503519346017,r2
42510,2844,-10.91958171016249,89.7727816485659,r2
42525,2845,67.88678841009232,-32.70933851963447,r1
42544,2846,74.90713424857736,-25.50101119565769,r1
42570,2847,33.60080407180095,33.21310950534192,double_ko
42614,2848,105.98044106800984,5.567283233267389,r1
42638,2849,79.90031970135153,-20.204944748878642,r1
42674,2850,94.68871765571481,-5.586558920239,r1
42703,2851,85.80070731339575,-14.491336877749276,r1
42751,2852,110.417627082409,10.390790649682188,r1
42761,2853,63.04092951748109,-37.0378893348414,r1
42774,2854,67.22295761760552,-33.24926558713654,r1
42799,2855,81.29978338417057,-18.893055230099538,r1
42819,2856,75.92443128418984,-24.217819083585226,r1
42841,2857,78.48407671342639,-21.753050484606874,r1
42868,2858,-15.277577515947748,85.20811799733494,r2
42897,2859,86.24856505587749,-14.303611435659427,r1
42905,2860,61.01862396893269,-39.30251267717234,r1
42914,2861,62.0431226287635,-38.099427268198774,r1
42927,2862,67.39504818520771,-33.168178742029774,r1
42951,2863,81.10468183067667,-19.248804929782352,r1
42976,2864,-18.77805544027137,81.51038414587286,r2
42994,2865,72.36005389218737,-27.913411673316187,r1
43038,2866,105.88657926836072,5.61428717299529,r1
43063,2867,80.74199791434717,-19.551112124739458,r1
43074,2868,64.73324468626207,-35.68444570449658,r1
43121,2869,110.71950822460036,10.248288689133538,r1
43148,2870,-17.34192074207532,83.0727661214471,r2
43183,2871,-6.018135967928146,94.39199038119989,r2
43202,2872,-25.33737091011612,74.97965705059903,r2
43214,2873,66.52836419759844,-34.06040933226225,r1
43262,2874,109.51351074980334,10.036155280031238,r1
43281,2875,74.79183069254813,-25.655201573071228,r1
43292,2876,64.40957355459045,-35.90085674137461,r1
43316,2877,81.06870374954845,-19.161387628396444,r1
43341,2878,81.40883334435341,-18.873673584195203,r1
43356,2879,69.6770564311959,-30.65772444609304,r1
43406,2880,13.105721011396945,113.67125267401497,r2
43426,2881,76.08386010627788,-24.560207488841645,r1
43455,2882,86.27485260804819,-14.212462004906556,r1
43475,2883,76.88315084934165,-23.359146644428737,r1
43517,2884,1.05957323278718,101.4484294199659,r2
43549,2885,90.4670858689116,-9.732165307911657,r1
43589,2886,0.5537661656362047,101.29801372457244,r2
43640,2887,115.93380251642927,15.69956314740454,r1
43666,2888,82.38512779090738,-18.02641792230773,r1
43700,2889,92.86661880605853,-7.508866539544407,r1
43739,2890,99.63568346171095,-0.35616262441634916,r1
43770,2891,88.11627638681578,-11.861874447958087,r1
43807,2892,-2.8581803012674953,97.5739768721415,r2
43855,2893,109.40164227048088,8.92003470206727,r1
43924,2894,137.50019690825008,37.052274424599844,r1
44005,2895,51.28601001807759,151.01669633950956,r2
44027,2896,78.61917395332173,-21.255688423967086,r1
44074,2897,10.39140939181214,110.34798552596703,r2
44140,2898,33.96561039609278,133.7771260669812,r2
44167,2899,-15.399114448942882,85.18787217438782,r2
44204,2900,-2.7993191711928915,97.17653371721254,r2
44253,2901,111.92725523996386,11.900542474811957,r1
44285,2902,90.11828492378841,-10.010904391941835,r1
44297,2903,-34.64721054958939,65.5076815727247,r2
44308,2904,64.43543726318518,-35.95980373890805,r1
44352,2905,106.10720903086893,5.985115996067556,r1
44364,2906,-35.777148535867404,64.7821695084214,r2
44399,2907,-7.047517952737422,93.5033998846817,r2
44421,2908,78.93737684565046,-21.562068208356514,r1
44438,2909,70.56498731868426,-29.610039819421196,r1
44450,2910,-34.295104114758786,65.88883659753053,r2
44466,2911,70.8716289477473,-29.263111061470376,r1
44480,2912,68.50801553678852,-31.652797406292112,r1
44503,2913,77.95165380610192,-22.542429050734807,r1
44531,2914,-16.325257818396267,84.13314101085453,r2
44544,2915,67.20428281461723,-33.17779124966234,r1
44555,2916,64.53960223637476,-35.83350078297216,r1
44582,2917,83.21608264323663,-17.009192467384814,r1
44611,2918,86.78846766997387,-13.343141148980287,r1
44636,2919,81.93035086582086,-18.264525195163944,r1
44648,2920,66.11018036776389,-34.14534325867773,r1
44658,2921,63.33314096294462,-36.79892656183108,r1
44688,2922,37.091496533995794,37.129671420190306,double_ko
44706,2923,73.55159739535556,-26.753844984584873,r1
44733,2924,85.47505343257326,-14.55328693807597,r1
44760,2925,84.73324605445222,-15.971064472755948,r1
44779,2926,74.03552392700186,-26.08485301447022,r1
44797,2927,72.94309524113753,-27.58617569710473,r1
44821,2928,-19.311146617982526,81.12482599703021,r2
44873,2929,115.71324986338718,15.740176911676812,r1
44896,2930,77.86397625680924,-22.675677596609205,r1
44910,2931,68.64774117954448,-31.695396889505314,r1
44936,2932,82.10861191023281,-18.299057281366892,r1
44949,2933,65.39773114497788,-34.922182109041735,r1
44966,2934,72.34866973393498,-27.94005082896289,r1
44985,2935,74.67324548055574,-25.537369956833523,r1
45008,2936,-21.08007008350205,79.6160251970475,r2
45027,2937,-26.708954507480676,73.61597560505787,r2
45045,2938,73.58999580388557,-26.504204123167913,r1
45063,2939,74.23946844386714,-26.183567528890887,r1
45147,2940,54.422360715577426,154.97913694968304,r2
45182,2941,-6.275058407346002,94.36653246298084,r2
45198,2942,71.1681808223957,-29.282991684003765,r1
45208,2943,61.43902384386786,-39.008415522447656,r1
45239,2944,89.46534049316529,-10.709111435892417,r1
45305,2945,31.07297578304773,132.85652213469194,r2
45313,2946,60.7249110736726,-39.538081048495926,r1
45325,2947,63.99344171640633,-36.400752026620445,r1
45337,2948,65.84549496463556,-34.49676031259573,r1
45380,2949,103.9510305328956,3.9096449407122336,r1
45398,2950,71.67257913131637,-28.70801855274557,r1
45419,2951,76.96732094395011,-23.26563964860816,r1
45442,2952,-20.787907605750124,79.63169478665316,r2
45453,2953,64.6712642010412,-35.671513755859316,r1
45486,2954,-7.651649162877291,93.15698663900794,r2
45501,2955,18.395833045848352,18.634438979654448,double_ko
45545,2956,6.807473239469971,106.84575524168632,r2
45569,2957,-19.44564955158753,80.92043098422627,r2
45595,2958,81.8538519071789,-18.437653181409175,r1
45611,2959,-29.15358608118677,71.12452948021156,r2
45640,2960,87.84579172431276,-12.486705277827205,r1
45651,2961,64.7258371314024,-35.59063269362879,r1
45661,2962,63.44479431107612,-36.96354414992852,r1
45673,2963,-34.47200101474787,65.87746299481958,r2
45712,2964,97.97984828824659,-2.370167393429341,r1
45733,2965,75.14813253990457,-25.385303484788174,r1
45753,2966,-24.296303067903146,76.09062446864095,r2
45788,2967,94.61320833034264,-5.464551404952736,r1
45797,2968,62.10887290466457,-38.205393970733866,r1
45812,2969,69.97224309545787,-30.270791132509945,r1
45823,2970,64.5110646511161,-35.58807297686712,r1
45863,2971,-1.0662159093453027,99.5419904162658,r2
45892,2972,85.76921744762546,-14.415069897188744,r1
45913,2973,77.39538588125419,-22.75522635449232,r1
45923,2974,63.31303536617057,-36.96879020877115,r1
45944,2975,75.98450515112083,-24.43349637656739,r1
45957,2976,65.47640393053656,-34.98979245178291,r1
46012,2977,120.5616392556043,19.89566634748435,r1
46071,2978,125.19589408474192,24.98408353688785,r1
46089,2979,73.32993915966918,-26.974528209095425,r1
46127,2980,-3.636059108906089,96.68442070253255,r2
46173,2981,6.7339085880423895,107.0202824951686,r2
46184,2982,64.56328045725662,-35.85604946430751,r1
46239,2983,120.33261794720411,20.200918736712154,r1
46270,2984,88.79514797729956,-11.687001097182765,r1
46279,2985,61.83146100026383,-38.35489541165913,r1
46308,2986,86.2430286334497,-14.306940744563889,r1
46351,2987,103.3648181125796,2.825583320203471,r1
46387,2988,95.51446009293359,-5.001064908560643,r1
46405,2989,73.02220048886831,-27.033792691656636,r1
46416,2990,65.34112825492915,-34.749062912296694,r1
46436,2991,73.97334945829314,-26.43714281166163,r1
46459,2992,79.567301383205,-20.7658839417242,r1
46482,2993,-21.87454508129292,78.56566996332947,r2
46520,2994,97.08413326515583,-3.169452012621697,r1
46546,2995,83.53201460128312,-17.02028643654452,r1
46577,2996,-12.581186619035073,88.18763045816947,r2
46607,2997,87.039900367403,-12.945822450607473,r1
46628,2998,75.40615678017544,-25.327616117590132,r1
46668,2999,101.25253625987888,0.9024821362502635,r1
46698,3000,-11.214877265524784,89.45445052503948,r2
46712,3001,66.3356848116142,-33.96789737199627,r1
46752,3002,100.50297048941422,0.13497888370210376,r1
46769,3003,-28.820606637105534,71.78293259450726,r2
46783,3004,-31.961966884861496,68.56131045780434,r2
46833,3005,112.32652046519064,12.077026602466503,r1
46860,3006,-16.921749325718977,83.39491343079374,r2
46896,3007,94.97418890792457,-5.341665915880533,r1
46932,3008,96.53093306883542,-4.071062957885054,r1
46954,3009,78.07706533228385,-22.278417965086735,r1
46978,3010,-21.427033281001147,79.1075597509514,r2
47011,3011,91.07005964696268,-9.211470646430733,r1
47031,3012,74.15814594514197,-26.274507199007477,r1
47072,3013,0.4710333486265412,100.67927342949211,r2
47129,3014,22.035580102872153,122.609116271294,r2
47162,3015,92.74303379530798,-7.529992407640684,r1
47197,3016,95.16041519894108,-5.418635451345409,r1
47211,3017,17.881865557503517,17.979871857199385,double_ko
47235,3018,80.9967402631526,-19.489036214956705,r1
47294,3019,123.87445363905383,23.13271219817159,r1
47316,3020,76.90087662600658,-23.38121927587039,r1
47327,3021,64.59841265914876,-35.72523429743721,r1
47369,3022,102.14226478660838,1.6011317198198327,r1
47394,3023,82.45587661301008,-17.959448720453874,r1
47405,3024,64.65278549918817,-35.52044857466411,r1
47426,3025,-22.620225359804945,77.79733505205704,r2
47451,3026,80.64233800039362,-19.867042340820156,r1
47461,3027,63.22078290223594,-37.00940996375218,r1
47493,3028,90.12480573552705,-10.42288470457951,r1
47509,3029,-30.324313145476644,70.08238307274033,r2
47537,3030,84.32942159062225,-16.203863897456607,r1
47551,3031,66.83712344955224,-33.70308476435787,r1
47623,3032,140.3654405693137,40.03869403442212,r1
47638,3033,68.01065512378743,-32.62305921609436,r1
47688,3034,14.290259062737974,114.2131777097708,r2
47726,3035,96.51697947620661,-3.679424820347002,r1
47757,3036,89.61844924375393,-10.441224563252007,r1
47766,3037,62.0889642307119,-38.165221109067545,r1
47780,3038,68.24399975929764,-32.034679191643086,r1
47790,3039,62.18688376478593,-38.22379996181897,r1
47809,3040,75.20992016227929,-25.156139208835747,r1
47839,3041,88.6556186888271,-11.686634166642342,r1
47880,3042,1.8787025711701233,101.94020157101014,r2
47905,3043,80.99819437119537,-19.450335582353677,r1
47917,3044,64.59088055960316,-35.6297244253241,r1
47930,3045,-32.91063474566581,67.49942294608965,r2
47938,3046,60.788236851640775,-39.53974490671611,r1
47983,3047,7.829820812137591,108.31134810682892,r2
48040,3048,121.97540612627806,21.78634751774166,r1
48056,3049,70.54763167678936,-29.7644065664939,r1
48067,3050,63.92803081847515,-36.30073997506934,r1
48079,3051,-34.24555833828835,65.97758950084636,r2
48092,3052,67.28300259205186,-33.05616387825961,r1
48131,3053,100.52669922384139,0.008538981216702268,r1
48165,3054,92.31379457816266,-7.976555771486076,r1
48180,3055,69.92353519580367,-30.61334498341626,r1
48199,3056,74.59786422662428,-25.689915074217552,r1
48231,3057,-9.180387601809585,91.29608160166568,r2
48257,3058,82.11644776924429,-18.212752370313744,r1
48284,3059,85.42812595138491,-15.090803979137888,r1
48311,3060,-17.85724010259733,82.70073622769901,r2
48324,3061,66.86415618339939,-33.317425330046845,r1
48352,3062,86.4033727638944,-13.696388172771051,r1
48381,3063,86.1550226698752,-14.348421039586398,r1
48399,3064,-26.670139497698294,73.64975011701611,r2
48418,3065,73.09280053075527,-27.30983625008208,r1
48425,3066,58.96312236442706,-41.2293561788446,r1
48462,3067,-2.905222367085905,97.01555580138414,r2
48470,3068,60.92099875875921,-39.26722076693386,r1
48490,3069,-24.283474564396972,75.71591984127488,r2
48535,3070,107.68004113338134,7.151771874220479,r1
48553,3071,74.09698116010128,-26.31137618530892,r1
48573,3072,76.22186203595312,-24.16731625041173,r1
48592,3073,75.17988225740424,-25.29584225795346,r1
48607,3074,69.69226970280772,-30.544900156453686,r1
48615,3075,60.6782115655543,-39.47318649004143,r1
48640,3076,80.5305176022809,-19.559537844924574,r1
48648,3077,60.908333268053546,-39.48372628014411,r1
48665,3078,72.34931889534494,-27.979741572972493,r1
48688,3079,80.26723391590662,-20.31258049920955,r1
48701,3080,67.42158290157373,-32.728336597333154,r1
48730,3081,-13.672819007065158,86.45486574887212,r2
48776,3082,9.099279541073514,109.27711028590366,r2
48794,3083,71.78186550135102,-28.600503308354785,r1
48810,3084,71.27858625493438,-29.33069434445535,r1
48841,3085,88.46247987045174,-12.030999119423683,r1
48854,3086,66.07998111618991,-34.1887450010763,r1
48870,3087,69.89197264896212,-30.736117088182628,r1
48887,3088,72.62307191963534,-27.98945176457765,r1
48939,3089,116.50286170076942,16.344139145959296,r1
48963,3090,81.59340109414077,-18.74973822466027,r1
48980,3091,72.23609252375664,-27.92529877095798,r1
48993,3092,67.01119614661427,-33.1557018498809,r1
49024,3093,-9.858069579015158,90.10480971043322,r2
49078,3094,117.44842873759617,16.880685336751476,r1
49115,3095,95.7810540420804,-4.540345860340153,r1
49161,3096,106.9671040968769,6.598972069063876,r1
49183,3097,78.55255964875396,-21.850012334264065,r1
49209,3098,83.648555597403,-16.707168382336143,r1
49274,3099,132.67806863883408,31.268739250036965,r1
49326,3100,116.36722407583345,15.955988250523887,r1
49339,3101,67.49085678869963,-32.97514773384229,r1
49355,3102,71.0856311372374,-29.214349297731342,r1
49420,3103,31.17436929585206,131.10977100085012,r2
49468,3104,9.39262110861872,109.34117450159219,r2
49524,3105,19.560695073557717,120.06150129940585,r2
49538,3106,68.54702356030495,-31.949482624613854,r1
49576,3107,97.38918275322189,-3.279319695496902,r1
49595,3108,74.08406165532229,-26.31704938705625,r1
49617,3109,78.94462947736861,-21.500397517930317,r1
49644,3110,33.756351914157385,33.61484774652747,double_ko
49724,3111,151.96128957080094,51.64427712970652,r1
49777,3112,115.83198258396916,15.47752501172311,r1
49792,3113,68.18598716276298,-32.24451865940908,r1
49810,3114,-26.741141161118644,73.52763732940285,r2
49835,3115,-17.764198797857105,82.62065703599492,r2
49859,3116,-19.1777691135732,80.82325723220879,r2
49884,3117,82.4304040818789,-17.983150230442025,r1
49896,3118,66.25468384073608,-34.18682822378635,r1
49919,3119,79.6218142520794,-20.636096698500896,r1
49964,3120,107.56918543229727,7.147572828600985,r1
49983,3121,73.46588747128817,-27.173473107561083,r1
49997,3122,67.03641090021596,-33.32818807653686,r1
50020,3123,78.70259593400121,-21.786459912222064,r1
50050,3124,-11.40075748103444,88.27294161616959,r2
50065,3125,69.54309936824451,-30.675806893301612,r1
50088,3126,78.30493516851213,-22.222803187195257,r1
50126,3127,47.977751043252255,47.47292995919887,double_ko
50197,3128,39.27285818848544,139.33156527706774,r2
50240,3129,104.82837269641587,4.395191664667024,r1
50260,3130,75.47497150220683,-24.86951424126694,r1
50273,3131,67.54169299013995,-32.85750767762826,r1
50287,3132,68.81439490861588,-31.59798969270659,r1
50321,3133,92.1624814047148,-8.228701424788262,r1
50346,3134,80.3325265452591,-19.938463687552108,r1
50396,3135,112.09939147501835,11.34927601930329,r1
50418,3136,76.91247035004807,-23.704399461660437,r1
50443,3137,81.1190941104753,-19.2398890707792,r1
50471,3138,85.71558449576492,-15.022090378148377,r1
50513,3139,103.29329342363465,2.3375316629192184,r1
50581,3140,135.43823559770513,34.96310708885557,r1
50631,3141,113.47297923416785,12.679243777015571,r1
50662,3142,87.92033962017439,-12.013920510576817,r1
50701,3143,-1.937820447707466,98.22838647958773,r2
50735,3144,92.09178693756664,-8.401968139314853,r1
50763,3145,86.45183120797063,-14.093491004444097,r1
50786,3146,79.77253740409876,-20.684609791559108,r1
50839,3147,116.29034394474726,15.714575649021718,r1
50850,3148,64.68549944437393,-35.77487559655694,r1
50898,3149,111.9272321614616,11.266208479676742,r1
50912,3150,68.67967299633538,-31.667854751270465,r1
50946,3151,-6.9717593910211875,93.57883143160106,r2
50998,3152,115.33767622387175,13.855034406158552,r1
51017,3153,73.717365900794,-26.744580188253888,r1
51030,3154,66.80579218174859,-33.48662237991962,r1
51054,3155,81.25402534431223,-19.175091830735425,r1
51080,3156,81.57439144928256,-18.898968746433816,r1
51097,3157,70.80776074607714,-29.42846363290935,r1
51165,3158,134.61879764601457,34.762923936906574,r1
51184,3159,73.47549051844081,-26.97240295837301,r1
51195,3160,64.79311379883823,-35.46881668049889,r1
51212,3161,71.33915508885363,-29.190279540987326,r1
51228,3162,70.70748839823713,-29.469561239457374,r1
51250,3163,78.18060303038784,-22.37613607701067,r1
51276,3164,82.3002778069366,-18.31468671701615,r1
51337,3165,127.33532268168926,27.384994316494968,r1
51352,3166,69.73511728855885,-30.508888046898676,r1
51369,3167,72.09737852335131,-28.22376629275363,r1
51382,3168,67.6222146268,-32.81210252028454,r1
51429,3169,7.664263459067513,108.21525625096675,r2
51470,3170,1.0192434421741794,101.15506631514214,r2
51503,3171,92.6765845989942,-7.652243995911682,r1
51543,3172,100.20413153488275,-0.5864268881218777,r1
51594,3173,114.26634035103162,13.47059766484476,r1
51617,3174,-22.27031682734906,77.98281302538373,r2
51671,3175,119.56953569080437,18.938346726255226,r1
51681,3176,63.374566448457344,-36.90792893989328,r1
51713,3177,89.99277750237889,-10.366841765692179,r1
51753,3178,-0.26778494439457035,100.16897699475047,r2
51804,3179,113.47772941504554,12.69100545175369,r1
51850,3180,109.08153583723373,8.477803555518435,r1
51904,3181,118.79272467632518,17.987981120256535,r1
51918,3182,68.37816291741854,-31.76341280902643,r1
51940,3183,78.75930094221155,-21.523298176724616,r1
51962,3184,76.88964190402649,-23.565516324921497,r1
51976,3185,68.8658178175317,-31.595081142489665,r1
51993,3186,-29.88531466822475,70.40580395035158,r2
52081,3187,161.96275341042525,61.19146740651679,r1
52094,3188,67.22983417039609,-33.039914804307244,r1
52131,3189,97.91312700970101,-2.2752480271804743,r1
52168,3190,96.68773458343153,-3.677408752135115,r1
52230,3191,129.0043896414614,28.439213571962163,r1
52291,3192,128.34797610620325,27.716317093491845,r1
52308,3193,70.5418195129536,-30.253775330770203,r1
52339,3194,87.94479135514939,-12.955446369173139,r1
52386,3195,108.66741616976684,7.9726260949802,r1
52435,3196,111.62375341415499,10.992125643690017,r1
52484,3197,111.47041874700912,10.377765830076576,r1
52498,3198,68.74961342716081,-31.457243781061518,r1
52517,3199,75.22037123476022,-25.344920262266225,r1
52600,3200,153.6706137047662,53.678928630598456,r1
52619,3201,74.53389616282375,-25.806196720403527,r1
52636,3202,-27.937248311719664,72.15652876197481,r2
52661,3203,-19.864459014529043,80.5190464405423,r2
52699,3204,99.19651476067949,-1.1208486694889856,r1
52745,3205,107.4709288886126,6.743588434681492,r1
52766,3206,-24.429197812959664,75.7868035085937,r2
52804,3207,99.08546649326624,-1.4780801069104257,r1
52860,3208,121.84943357567718,21.24420830524167,r1
52879,3209,-27.555409814522697,72.76935262439386,r2
52898,3210,74.77116572696511,-25.61411007914873,r1
52921,3211,-22.093204953872853,78.2933329680139,r2
52956,3212,95.14782839051529,-5.352512027698765,r1
52998,3213,102.46429082716028,1.4677363375688444,r1
53028,3214,87.68166810190186,-12.654589220024413,r1
53058,3215,-11.691095476374556,88.63174128488147,r2
53073,3216,68.77214754361069,-31.771368255134604,r1
53091,3217,73.41688203466938,-26.934323000250203,r1
53114,3218,79.92337111984855,-20.263806192845692,r1
53128,3219,68.48333912567333,-31.9119046961996,r1
53173,3220,5.715132995588618,105.87825013875491,r2
53196,3221,79.37454668569538,-20.9427409900817,r1
53213,3222,-28.954674611120737,71.1923083558724,r2
53249,3223,95.7979629559964,-4.622803956380622,r1
53279,3224,86.92985359020403,-13.416847538944594,r1
53339,3225,125.11740550766696,24.421375342191737,r1
53367,3226,85.31691362988614,-15.356364280588338,r1
53398,3227,90.15478927924713,-10.419616523837767,r1
53416,3228,74.1277219934955,-26.512405924392095,r1
53455,3229,-0.22809388481056914,99.8588414465008,r2
53476,3230,77.76577773587485,-22.558440119253945,r1
53503,3231,83.41025682018102,-16.92118148187332,r1
53531,3232,85.66621396396624,-14.855524160356175,r1
53583,3233,116.60475999933504,16.102453913692216,r1
53615,3234,90.6682833244937,-9.779894138296754,r1
53646,3235,-12.07136559222976,88.05115780047117,r2
53665,3236,74.70756961230529,-25.685195157352798,r1
53677,3237,66.06531334667173,-34.46995748755517,r1
53714,3238,97.62004443075197,-2.4095116432413803,r1
53735,3239,-25.25084875874695,75.11763846483488,r2
53758,3240,79.10038091600843,-21.70710264206404,r1
53781,3241,-20.399824740252512,79.91325131092552,r2
53800,3242,-25.520996978012572,74.61615866504957,r2
53812,3243,65.72502905139362,-34.429008763350154,r1
53839,3244,-15.138800359840516,85.33764640451285,r2
53878,3245,99.88271127595384,-0.5585822947032497,r1
53902,3246,79.86960321891058,-20.74013487695036,r1
53955,3247,115.52611731130678,15.057743563575357,r1
53983,3248,85.98761651264222,-14.434913028170953,r1
54035,3249,116.73013845651016,16.404423505890023,r1
54058,3250,78.05338286450342,-22.408006514115463,r1
54073,3251,69.58706413426455,-30.644452083043127,r1
54089,3252,69.76291689230143,-30.663299154198373,r1
54135,3253,109.57979319474518,8.971517293897861,r1
54151,3254,71.29006648015894,-29.241876656047783,r1
54261,3255,189.2662076371871,88.63422091240102,r1
54278,3256,71.07862019936444,-29.277207498531368,r1
54345,3257,134.02732774253283,34.036907478023615,r1
54369,3258,-19.064659407194473,81.33186255239286,r2
54381,3259,64.64806839323339,-35.67063660398957,r1
54399,3260,71.81691948379597,-28.4641615238747,r1
54435,3261,95.40796130812899,-5.333797323994403,r1
54494,3262,124.16573814394413,23.566521513533424,r1
54533,3263,99.95477149047008,-0.23450672569873632,r1
54606,3264,43.64571177647905,143.43123341840794,r2
54663,3265,121.0991535921687,20.08627375328775,r1
54727,3266,131.61631552660646,30.789983510900882,r1
54744,3267,-28.114965485689947,72.4699457917232,r2
54766,3268,-21.444459612887197,78.7630086656631,r2
54798,3269,91.32559266419923,-9.063130678926107,r1
54822,3270,-19.35316371796621,81.11508536825878,r2
54932,3271,189.8691997449198,90.56416229737576,r1
54956,3272,-18.60968258651886,81.57464110895663,r2
54982,3273,81.8788692832332,-18.75115876883917,r1
55033,3274,113.89198767912546,13.12175536504109,r1
55060,3275,-15.958392684309608,84.7229932797018,r2
55074,3276,-32.134856983085314,68.33961619695471,r2
55110,3277,94.42296375011517,-5.695459898269505,r1
55133,3278,-20.93410265832739,79.12386769072317,r2
55165,3279,-9.187043454465943,90.90295328352632,r2
55174,3280,62.49616541865157,-38.0303622130077,r1
55216,3281,3.6190451952055014,103.67380759797587,r2
55233,3282,70.56455855347097,-30.168706843638933,r1
55248,3283,68.11485387076776,-32.115815411138,r1
55270,3284,77.19129880451212,-23.402504715936598,r1
55285,3285,70.13026251356555,-30.325671116897382,r1
55308,3286,78.16261938286127,-22.136115470017295,r1
55323,3287,69.60021486084702,-30.961245492381135,r1
55354,3288,-9.87676761589961,90.62185526802472,r2
55379,3289,81.04441706809928,-19.402894053973064,r1
55541,3290,255.17842721133258,154.32788270673814,r1
55567,3291,83.48544350271514,-16.928934907786385,r1
55638,3292,140.46359887875974,40.2752796271849,r1
55665,3293,-17.15259157943326,83.39536695912395,r2
55736,3294,39.550197217874526,140.3028991996529,r2
55796,3295,126.00904424695625,25.454462467149085,r1
55830,3296,-6.32846495946621,93.89616472410478,r2
55868,3297,98.09375901426472,-2.3899968781791543,r1
55886,3298,-26.925944607389756,73.33952418019061,r2
55947,3299,26.21067097663021,125.84033826806127,r2
55962,3300,69.64730191837326,-30.56448472551455,r1
55976,3301,68.62481547188489,-31.54020471881739,r1
55984,3302,61.02605441489816,-39.215007162735446,r1
56013,3303,87.70515137869683,-12.781827616312327,r1
56064,3304,113.92866520557644,13.555229101313735,r1
56120,3305,122.26247029453066,20.88988752871103,r1
56136,3306,70.99350299680435,-29.55133175909195,r1
56157,3307,76.32385037689667,-23.99854068850101,r1
56180,3308,80.08542511126863,-20.21748660606162,r1
56193,3309,67.03444018877079,-33.47938960149405,r1
56232,3310,99.0733972492961,-1.4570850810857294,r1
56252,3311,75.25482608807148,-25.17881055320298,r1
56274,3312,-21.9270584768392,78.11237795355834,r2
56282,3313,59.86468592335744,-40.323045204270045,r1
56294,3314,64.38192984200347,-36.057292941418936,r1
56351,3315,121.83405389958872,21.181283111880802,r1
56381,3316,88.76007181369057,-11.675477211150607,r1
56406,3317,82.44376087922333,-18.206655906429102,r1
56438,3318,-8.769298136645148,91.36480525811554,r2
56457,3319,73.3693939371656,-27.232799836482826,r1
56505,3320,12.24028118243666,111.96868016305812,r2
56515,3321,63.74064471424836,-36.682272143187994,r1
56562,3322,110.8806968780244,10.394370249937957,r1
56573,3323,63.84089732431261,-36.56187810061842,r1
56598,3324,80.81416413808077,-19.562948011098065,r1
56613,3325,67.93894105009848,-32.619206405292374,r1
56669,3326,120.13952157158766,20.41980055308064,r1
56682,3327,67.60317937319195,-32.98716974916671,r1
56699,3328,72.35255919265383,-28.22314192480728,r1
56719,3329,75.98789178380095,-24.514502700539296,r1
56749,3330,86.80511615235457,-13.718909378797974,r1
56781,3331,-9.16069722237409,91.26625781816409,r2
56794,3332,65.5653711469628,-34.811093349108916,r1
56862,3333,136.30651280447162,36.16234599409133,r1
56878,3334,71.21889855471579,-29.098432691455088,r1
56904,3335,82.14705787264391,-18.30367146483337,r1
56923,3336,-25.395675697316346,74.76788366291723,r2
56960,3337,97.38959420919076,-3.3153747891978895,r1
56975,3338,68.69799786076462,-31.797771271840084,r1
56987,3339,64.34155283980243,-36.0886102889637,r1
57000,3340,65.71827859872319,-34.673963289122334,r1
57021,3341,77.58916650876884,-22.86011351241385,r1
57056,3342,95.16851130534553,-5.196141421232177,r1
57135,3343,150.3458698066636,49.79353957837962,r1
57164,3344,37.69897528978031,37.9849382986163,double_ko
57211,3345,109.96507555835232,9.122074850045763,r1
57335,3346,208.8441692996993,108.42786013596302,r1
57355,3347,76.04870897942206,-24.57269291500114,r1
57402,3348,108.98082003636807,8.228156684266501,r1
57424,3349,77.33288655355071,-22.924082707641695,r1
57467,3350,103.77584526130292,2.6788645277019256,r1
57515,3351,111.54870452328748,10.938877185607012,r1
57551,3352,-5.163583381722049,95.28056300456879,r2
57567,3353,71.1948769108458,-29.25021088715596,r1
57589,3354,79.18336085458739,-21.329778387125423,r1
57601,3355,64.45511811207284,-35.90054507034557,r1
57622,3356,75.33344208902905,-24.791368317668653,r1
57643,3357,75.9237129798737,-24.5604915682733,r1
57674,3358,-9.997099953111466,89.93180330484824,r2
57720,3359,8.150293742069998,108.23272597867154,r2
57778,3360,122.25789236559788,21.810222789631837,r1
57823,3361,106.52678836008667,6.18149283945592,r1
57843,3362,74.35938473626511,-26.18257841615336,r1
57867,3363,80.65455728725013,-20.147579139320026,r1
57886,3364,73.72685362472126,-26.515333432656554,r1
57937,3365,14.767949127392193,115.04372728761949,r2
58013,3366,146.28587275139668,45.77090211112628,r1
58030,3367,72.26771718233755,-28.203622518722565,r1
58068,3368,97.02925516071548,-3.620412225594535,r1
58141,3369,41.28763837903057,141.50220559544613,r2
58193,3370,117.41469856949396,16.591086680155804,r1
58228,3371,95.33176867251206,-5.571694850912415,r1
58257,3372,87.43711389098534,-13.144130336314937,r1
58282,3373,-19.60174071051487,80.55511455962514,r2
58298,3374,69.11501519087551,-31.460589749481265,r1
58314,3375,71.41782541472503,-29.276364299675684,r1
58358,3376,105.24679617841588,4.545285119904342,r1
58376,3377,-26.598232785045276,73.70631793630025,r2
58425,3378,111.4467850025437,10.652119657775188,r1
58528,3379,181.12741812623997,79.85947907775451,r1
58613,3380,158.28769271858658,57.612332301975655,r1
58682,3381,37.606483160521655,137.8836194129507,r2
58739,3382,121.35852173913713,20.675336148655305,r1
58748,3383,60.604241283005265,-39.81931594239483,r1
58764,3384,71.05692235091576,-29.541182367106344,r1
58817,3385,118.58228199351242,17.971387137539047,r1
58918,3386,176.39534287643846,75.97234149754053,r1
58932,3387,68.86125139511113,-31.36874394655205,r1
58998,3388,134.97253007700132,34.45193839003273,r1
59059,3389,27.433024687193942,127.45813185776703,r2
59143,3390,156.6627151600237,56.07879683233572,r1
59173,3391,87.47238757618493,-12.843927708685811,r1
59190,3392,-29.929001100279937,70.3607445437555,r2
59228,3393,-1.5162731805276621,98.87430160874135,r2
59274,3394,107.22725000551192,6.75296750030391,r1
59343,3395,36.072686030835385,136.2832406224712,r2
59358,3396,70.2495287704826,-30.212654083164146,r1
59398,3397,101.84984818282202,1.024404598566683,r1
59434,3398,94.94117611197277,-5.975746736171217,r1
59479,3399,5.491078800728474,105.95895076435413,r2
59532,3400,118.10709888276786,17.28402280851087,r1
59577,3401,107.42876345715688,6.7634410793554665,r1
59635,3402,23.701588841418072,124.19410014016265,r2
59702,3403,135.4672730882332,35.10873107914902,r1
59733,3404,89.35021378393765,-10.896906078132169,r1
59786,3405,117.10994464147407,16.538533511593734,r1
59815,3406,87.23744507141983,-13.079020395900066,r1
59834,3407,74.48784391244132,-25.80292255830903,r1
59888,3408,119.11306642920034,18.392015972816992,r1
59929,3409,1.7541965704676699,102.06283728603552,r2
59973,3410,105.70392704437997,5.574507379870582,r1
59998,3411,82.76194780538445,-18.103983162491286,r1
60052,3412,118.92145086312806,18.257891470369856,r1
60071,3413,75.0300476550331,-25.354137787069693,r1
60096,3414,81.88865999272198,-18.43969579342469,r1
60123,3415,85.28236416862208,-15.202314125889515,r1
60142,3416,73.85248991327559,-26.358585101989735,r1
60156,3417,68.83912994689967,-31.841136019237027,r1
60200,3418,105.72222284245174,5.176487387927047,r1
60220,3419,74.35271901217342,-26.096371944813658,r1
60242,3420,79.03276329871302,-21.666856926654496,r1
60312,3421,139.06377966597728,38.08050717890312,r1
60379,3422,35.77963932542874,136.2663919925339,r2
60437,3423,124.12216300713999,23.15769147806794,r1
60455,3424,71.92966685220645,-28.724037586931573,r1
60479,3425,79.30585054445488,-21.47865793210089,r1
60499,3426,75.96653350674339,-24.33649011216702,r1
60558,3427,125.8723505853578,25.05376681320815,r1
60607,3428,111.49800109452083,10.354999592840883,r1
60628,3429,77.55118237613247,-23.012242706520595,r1
60641,3430,67.29286590059124,-33.05272526849702,r1
60723,3431,153.94281587249841,53.09817648674736,r1
60763,3432,101.33011236952831,0.6441974931645333,r1
60777,3433,67.09273674144109,-33.42979161499904,r1
60815,3434,97.42929942340646,-3.644061283661827,r1
60857,3435,104.08020448191887,3.332962574004327,r1
60880,3436,77.93408801096137,-22.77068472549919,r1
60916,3437,95.15588640775121,-5.537708924106347,r1
60960,3438,106.62481733593586,5.7148821424065375,r1
61011,3439,115.78830648180167,14.88876900080593,r1
61036,3440,81.47798303069851,-18.8289583626862,r1
61075,3441,99.91429832498504,-1.0094589703303924,r1
61095,3442,75.36444447814078,-25.2399447932206,r1
61140,3443,106.70203302300942,5.269137187425763,r1
61196,3444,121.55215895442137,20.712798996746102,r1
61205,3445,62.28525588395919,-38.32521592390724,r1
61218,3446,67.75247001873122,-32.900788046264424,r1
61260,3447,102.39467826075061,1.271164658667935,r1
61355,3448,170.6533540030978,69.86097953825075,r1
61384,3449,86.0444573068644,-14.635637046333201,r1
61444,3450,125.49271942816875,24.908830111297135,r1
61579,3451,221.55431146354212,120.57606683554044,r1
61612,3452,92.99862142975586,-7.85050537416231,r1
61651,3453,98.36287839400765,-2.5208102509723886,r1
61666,3454,68.09030375431472,-32.76726545319923,r1
61678,3455,65.87116185175712,-34.50974084831042,r1
61696,3456,74.14618240965044,-26.476725888633595,r1
61709,3457,66.070152316,-34.24288799165632,r1
61758,3458,111.42330319072664,10.531706242471913,r1
61777,3459,73.1814364259998,-27.30065940072651,r1
61796,3460,74.61388086614313,-25.890990772001878,r1
61828,3461,91.11148354670142,-9.585982875034688,r1
61904,3462,146.86542553830085,45.77538196356278,r1
61970,3463,133.49112792607366,33.31285605153729,r1
61987,3464,-27.797366738090606,72.33277361372598,r2
62025,3465,99.24677180571497,-1.8155606901253734,r1
62096,3466,140.669143925256,39.62434865619992,r1
62144,3467,111.98256627754445,11.373905554950952,r1
62166,3468,78.8180729262848,-21.60675125518563,r1
62179,3469,67.25467313170927,-33.16967417906849,r1
62194,3470,69.7141902196756,-30.798289894766995,r1
62214,3471,76.50572838637967,-23.98248090191695,r1
62280,3472,133.37897354416634,31.51463226054767,r1
62355,3473,145.00710577512515,43.29608704910988,r1
62380,3474,82.95687551720606,-17.47632589766343,r1
62389,3475,62.354293450351484,-38.12370674142507,r1
62428,3476,98.90820379672492,-1.9182173270871559,r1
62444,3477,71.28953126800289,-29.299385630757612,r1
62458,3478,68.67913843907603,-31.726264666749433,r1
62471,3479,67.64440191331263,-32.751117771994686,r1
62538,3480,135.6786394806893,34.94072548049206,r1
62586,3481,110.37406967848932,9.135562751059986,r1
62611,3482,-17.46154839568435,82.42325054966093,r2
62623,3483,66.32637669108213,-34.292432086278765,r1
62632,3484,61.41392927298766,-39.081788767456715,r1
62656,3485,80.30696663386296,-20.270239671587838,r1
62691,3486,-5.1063829061608175,94.47922781149934,r2
62731,3487,101.93354268636843,1.366286093068858,r1
62748,3488,72.42430167592403,-27.97320690309121,r1
62763,3489,69.80075110891227,-30.51354927036023,r1
62772,3490,62.51892303049545,-38.128581482648585,r1
62797,3491,81.69944213254553,-19.012572336743084,r1
62804,3492,58.780889378564744,-41.54514217198732,r1
62813,3493,62.31208539895689,-38.11474950259943,r1
62858,3494,106.51152208480838,5.832968370961559,r1
62877,3495,75.16550162760291,-25.508175367522053,r1
62948,3496,139.17459594243826,38.28817281753256,r1
62967,3497,74.84402544387763,-25.35744094088548,r1
62979,3498,64.77401732977125,-35.67240438463122,r1
63008,3499,-12.976167333870748,87.43306599012863,r2
63046,3500,97.06506763245437,-3.7232320248568485,r1
63064,3501,71.79783975250469,-28.876584783204727,r1
63113,3502,112.47262834382785,11.963764737101364,r1
63206,3503,168.9668986649495,68.09054224133646,r1
63224,3504,73.60575653568424,-26.593131728307192,r1
63267,3505,104.53552173773426,3.9299066371397657,r1
63301,3506,92.2693758343575,-8.463476392903466,r1
63334,3507,90.77614035616214,-10.098929465993294,r1
63552,3508,327.0875833457885,225.65955085633527,r1
63573,3509,75.53702398228248,-25.200090089793918,r1
63592,3510,-27.811097138472075,72.59988399186301,r2
63613,3511,77.41683750074498,-22.782727570850025,r1
63651,3512,97.14875974125209,-3.609744288610983,r1
63662,3513,64.6842520483098,-35.65499678272622,r1
63739,3514,147.01987688156723,46.15929853350209,r1
63780,3515,101.82751613120898,1.060093351107298,r1
63795,3516,67.81724795302935,-32.65997543409304,r1
63868,3517,42.99756195005773,142.9399038117976,r2
63910,3518,102.53973080503778,2.0991490184678554,r1
63925,3519,69.56258025005906,-30.64418819065812,r1
63953,3520,84.47749466702157,-16.192317667163252,r1
63976,3521,80.01837950459053,-20.518956806146715,r1
64018,3522,103.88355915099527,3.411530029414706,r1
64124,3523,184.0438746610177,82.91289699597576,r1
64165,3524,102.41357749610486,1.8176250250962411,r1
64194,3525,-13.400281895393903,86.73669750339202,r2
64209,3526,68.08995947183041,-32.28087737391828,r1
64258,3527,10.084216304529079,110.21691033401392,r2
64276,3528,-29.127553297922994,71.01234008110987,r2
64304,3529,86.3836483276306,-13.880157525840659,r1
64332,3530,85.32416528719085,-15.326812099207338,r1
64345,3531,66.12389339287228,-34.10585438492838,r1
64434,3532,162.30796904217436,61.61754092869767,r1
64535,3533,78.46479918630561,178.89784071666014,r2
64596,3534,127.92680651400087,27.550315218760197,r1
64650,3535,119.27319268287923,19.066103736036965,r1
64697,3536,108.80197445366798,8.131785639663171,r1
64723,3537,83.53386149572339,-17.090454010095595,r1
64764,3538,100.97294374702781,0.5076569372066047,r1
64796,3539,91.3101070205923,-9.010622324296378,r1
64838,3540,103.18764457110228,2.5024915902189093,r1
64851,3541,66.91989172979646,-33.48443987846619,r1
64895,3542,106.59827060644838,6.056611952453316,r1
64956,3543,128.05452485001024,27.302607190877012,r1
64975,3544,73.91801972187834,-26.431838130943095,r1
64992,3545,72.30888681801238,-27.68104125223247,r1
65024,3546,-10.10308373262118,90.47929896011664,r2
65083,3547,126.46765351365377,25.292372260090417,r1
65114,3548,88.66993090228033,-11.685249553759512,r1
65134,3549,74.32372239003875,-26.304629843564975,r1
65233,3550,174.33784838754778,72.93182162673726,r1
65293,3551,125.07287023465564,24.29339176507476,r1
65317,3552,80.6935774125937,-19.238809685466798,r1
65400,3553,155.74964096991934,55.108742165361065,r1
65409,3554,62.207976067800786,-38.008847337938036,r1
65436,3555,85.41199090110739,-15.08867504716411,r1
65509,3556,142.9633870570318,42.16458249595776,r1
65570,3557,128.53361083417292,27.78830683850491,r1
65615,3558,7.592022901324995,107.80498713756457,r2
65680,3559,132.22082764105747,32.332296319557024,r1
65701,3560,77.51049104590206,-23.25807289483023,r1
65864,3561,156.10384344862607,256.32959026710535,r2
65904,3562,99.94068927601904,-0.19767664647547178,r1
65921,3563,72.38936177324805,-28.044573159134437,r1
65934,3564,65.34653223852204,-35.17014025950548,r1
65998,3565,130.40604423239117,29.551697905559344,r1
66044,3566,109.47993084019613,8.94718619913688,r1
66062,3567,73.52523221533924,-26.792921110987642,r1
66090,3568,84.94651771933643,-15.442186711842083,r1
66137,3569,109.75358942310798,9.030977661667208,r1
66192,3570,119.98619269943514,18.84976803696442,r1
66258,3571,134.6957993505556,34.35108056446148,r1
66284,3572,82.10379331436417,-18.71046682596056,r1
66341,3573,122.04577868957183,21.64320582467103,r1
66375,3574,92.02549253569038,-8.553818077814057,r1
66527,3575,243.55237514478537,143.5207576822182,r1
66583,3576,120.91707566962518,20.019068638269644,r1
66748,3577,258.6328238673732,158.052881241895,r1
66786,3578,97.32421140703289,-3.2636353589003377,r1
66810,3579,81.50177489291217,-19.14774736579789,r1
66830,3580,76.30563850657217,-24.04657277722696,r1
66862,3581,90.7841499117999,-9.76479293286257,r1
66880,3582,73.20173759821377,-27.11133584233677,r1
66989,3583,187.01270341100212,86.28465782588539,r1
67005,3584,-30.39189337118399,70.0362397822949,r2
67025,3585,75.9638374768177,-24.177299837684778,r1
67064,3586,100.12939038174758,-0.3249497129687029,r1
67090,3587,82.04097298620519,-18.635560668312063,r1
67153,3588,130.48614253797652,29.99071414815988,r1
67197,3589,4.365047176528478,104.418177352301,r2
67320,3590,206.44089981198238,105.38967679535608,r1
67404,3591,55.21056266939882,155.70925228406517,r2
67453,3592,10.902303867090161,110.96034860451304,r2
67531,3593,47.995814358439304,147.94637924692046,r2
67606,3594,144.73825051598706,44.42566515274672,r1
67616,3595,62.5262086317511,-37.96549730770706,r1
67681,3596,132.1801282491418,31.885799944834886,r1
67799,3597,198.30666602325118,97.02683626314382,r1
67906,3598,185.6630735889008,85.35019319575898,r1
67949,3599,103.31720278348928,2.9523538406744976,r1
67993,3600,104.8934807649456,4.454256839346016,r1
68023,3601,87.08831254570808,-13.418818583088118,r1
68037,3602,68.5593585848337,-31.695109437209506,r1
68100,3603,129.6397912254717,29.189804699019668,r1
68124,3604,80.9510567161814,-19.601832746482458,r1
68180,3605,122.11087453802614,21.52087405350214,r1
68225,3606,107.48533212165606,7.380866672255543,r1
68290,3607,131.99758032305988,31.5819917086811,r1
68332,3608,103.21691622111294,2.20419323684537,r1
68377,3609,107.83508563821967,7.425858580514095,r1
68406,3610,87.69257542336213,-12.70149764910645,r1
68474,3611,137.243036995917,36.179863963824594,r1
68532,3612,125.28904797393723,24.049525737635825,r1
68557,3613,81.74594925109933,-18.605246308905937,r1
68582,3614,81.28950009933557,-19.248477123065708,r1
68623,3615,2.3633573045895275,102.69596320851008,r2
68637,3616,67.04660947445603,-33.56057388197904,r1
68664,3617,84.66410820613436,-15.908864456425725,r1
68701,3618,97.7454637966571,-2.540672828457488,r1
68729,3619,85.06555274514716,-15.489284279757783,r1
68775,3620,109.39568452578924,8.817959028843134,r1
68956,3621,280.16950499596976,178.74074865760326,r1
69015,3622,124.34828559611077,23.940167699322842,r1
69046,3623,90.62356584921237,-9.6478639514212,r1
69072,3624,83.6939340140249,-16.901037862039104,r1
69105,3625,93.25767889183527,-7.398518678540007,r1
69167,3626,128.9135516649687,28.31358468336719,r1
69188,3627,75.82915286682604,-24.571895947481917,r1
69223,3628,93.73033638960098,-6.873540050074027,r1
69310,3629,161.76258722176436,60.80596885750693,r1
69370,3630,127.20290146144848,26.90533696850575,r1
69403,3631,93.0078381470687,-7.236616505873492,r1
69436,3632,92.70399113522764,-7.517097561290647,r1
69501,3633,131.58684931537599,31.073713253212098,r1
69561,3634,125.05047622513098,24.179997095983147,r1
69585,3635,79.89428378975293,-20.748563625305813,r1
69599,3636,68.90477455509581,-31.615779998454872,r1
69653,3637,118.25173352023535,17.724664652746327,r1
69713,3638,125.69449435209268,24.473410206128655,r1
69763,3639,112.8658001510476,11.911327338651674,r1
69849,3640,159.37969355514372,58.73444646437318,r1
69934,3641,157.88426195313173,56.97098930143711,r1
69962,3642,-13.637298696001004,86.77758758197322,r2
69991,3643,87.62296742995721,-13.072120766747908,r1
70053,3644,129.8905361323812,28.911446069009585,r1
70098,3645,108.372470616074,7.6188696865093135,r1
70155,3646,121.90386365918266,21.241647493660246,r1
70241,3647,160.86503258831115,60.21693011704312,r1
70304,3648,130.91115012969365,30.329618101636015,r1
70429,3649,209.46191697786082,108.14154384014081,r1
70491,3650,128.67043283925676,27.62345928212134,r1
70573,3651,154.30186042468674,52.44309683434062,r1
70604,3652,90.37029741351677,-10.24704386213299,r1
70661,3653,122.11304901243471,21.41820674760303,r1
70714,3654,116.42862460831316,15.511111144460465,r1
70784,3655,139.40952964318274,38.28358907496692,r1
70799,3656,68.1359383380044,-32.57505625153624,r1
70863,3657,129.04743993194103,28.560359031352725,r1
70979,3658,199.23559964672646,97.38035226690522,r1
71065,3659,159.5332130223559,57.96220400150628,r1
71082,3660,70.91148888819677,-29.80967373928804,r1
71121,3661,98.84273512012268,-2.267512456704843,r1
71175,3662,119.5071837453656,18.40667259339517,r1
71222,3663,10.370173970845805,110.52344441914114,r2
71249,3664,85.3332165159594,-15.238590893628306,r1
71267,3665,72.37667179862893,-27.977791898086146,r1
71334,3666,134.4232180656694,32.64375653961967,r1
71401,3667,135.01795573670722,34.14621632629665,r1
71429,3668,84.55374747807167,-16.03118096634674,r1
71498,3669,137.8743056589774,37.11719642656524,r1
71511,3670,67.0925075644812,-33.288303135781135,r1
71555,3671,6.177237143051734,106.1974870913222,r2
71574,3672,75.14918446882943,-25.346566214390073,r1
71598,3673,79.74572898324271,-21.005191097959138,r1
71655,3674,122.43145158450538,21.300032664305952,r1
71686,3675,89.80534020823298,-11.041092086760571,r1
71705,3676,73.24492931840985,-27.368073929024117,r1
71729,3677,81.16729792643164,-19.313729900161167,r1
71806,3678,48.20168393452821,147.36067342745446,r2
71843,3679,98.04416546543163,-2.913546084003592,r1
71963,3680,202.651426723029,102.22451152510376,r1
72090,3681,211.0980997600113,110.33831193534701,r1
72139,3682,111.77154374187165,10.804850375049355,r1
72207,3683,137.1865899162092,36.19613298648536,r1
72238,3684,89.05440882620809,-11.59142953916016,r1
72272,3685,93.22000468438813,-7.389622444938105,r1
72298,3686,82.25804320821753,-18.435787186382175,r1
72542,3687,361.22177012087894,259.4282504352589,r1
72593,3688,113.76603225255681,12.839188490570557,r1
72689,3689,172.92877008287053,72.00853155340441,r1
72807,3690,201.2261256137162,100.05203780379539,r1
72826,3691,74.00686285940574,-26.568868673564793,r1
72878,3692,16.616457048354285,116.68766793504254,r2
72951,3693,142.0879207332916,40.82164430644528,r1
72964,3694,66.1500209912274,-34.41429969522924,r1
73010,3695,107.78672557908703,6.906299581462505,r1
73043,3696,92.1347299599739,-8.697017287115528,r1
73131,3697,162.4276421753794,61.543701554481316,r1
73169,3698,-0.8391412377522016,98.92245110621305,r2
73182,3699,65.63678935199516,-34.901451170477046,r1
73285,3700,181.45722686578583,80.56131875388542,r1
73318,3701,93.11656802749711,-7.799204782396984,r1
73336,3702,71.71938198972529,-28.96400482991242,r1
73392,3703,121.84525066816967,20.995838805429365,r1
73453,3704,127.67955125608626,27.017637910831034,r1
73491,3705,98.19225261014773,-2.3814506502449007,r1
73599,3706,187.7321513981,86.89889348927338,r1
73727,3707,213.7300522704651,112.9530834233149,r1
73798,3708,40.96453539001547,140.9565334600553,r2
73843,3709,107.60944169797634,6.558293791060464,r1
73879,3710,95.73090162236886,-5.2480259388691834,r1
73934,3711,120.40436982769967,19.234575103383662,r1
73997,3712,129.34069643450823,28.320022510893295,r1
74031,3713,94.03378824623243,-6.457175645657479,r1
74090,3714,23.44000824392314,123.57655937655292,r2
74103,3715,67.8074120984885,-32.71949184797078,r1
74116,3716,66.96729412549243,-33.40927964545315,r1
74187,3717,139.33772003092184,38.217405180392575,r1
74279,3718,167.93954949852187,67.11029252687428,r1
74310,3719,89.98754682176434,-10.95858237438533,r1
74328,3720,73.70159563157941,-26.981171536920428,r1
74418,3721,164.49003138247272,64.00159106578171,r1
74460,3722,102.71323137682595,1.4057369788605172,r1
74527,3723,134.99899778020676,34.25223264974991,r1
74612,3724,159.75740695436474,58.72610185092949,r1
74628,3725,71.22469876453461,-29.164337780634618,r1
74719,3726,165.3219657983238,64.32464160587475,r1
74751,3727,-9.995903821778484,90.34784970012223,r2
74801,3728,113.98589779039645,13.180842253236534,r1
74812,3729,63.26911547240965,-37.29006539887605,r1
74907,3730,171.3651321429766,69.46629542930333,r1
74924,3731,72.55807524846053,-28.16861444414489,r1
74948,3732,81.34736222690962,-19.450580506274342,r1
75054,3733,184.8521068349565,83.07012228896505,r1
75109,3734,20.388350597921196,120.49240128116358,r2
75138,3735,87.85465968296323,-12.859832993836136,r1
75204,3736,134.89010088412655,33.91498131349736,r1
75251,3737,108.8834432134288,8.163541218887119,r1
75273,3738,77.74232820134338,-22.804473365190034,r1
75394,3739,203.3591167583502,101.94506688494057,r1
75470,3740,146.09965597935656,44.63077804485041,r1
75512,3741,2.5264620851586272,102.94694166300641,r2
75526,3742,67.49665030946252,-33.240567383409875,r1
75609,3743,156.67612184557572,55.49722658504483,r1
75688,3744,151.50007760487065,50.19407273816796,r1
75741,3745,116.58230082465165,15.334024011778439,r1
75754,3746,67.36089389233062,-33.18885007198112,r1
75873,3747,101.00452837681016,200.8926314991636,r2
75994,3748,203.86074917707066,101.96680058224382,r1
76025,3749,-10.139830535101758,90.14567503109191,r2
76075,3750,114.41402162089406,13.27526287996244,r1
76092,3751,70.50252019470963,-29.954793179009908,r1
76163,3752,141.51312483026177,40.430054726441185,r1
76190,3753,83.71966596612566,-17.112697724249642,r1
76258,3754,135.85162322535487,35.16148127372916,r1
76411,3755,245.85058869612146,144.53942489606507,r1
76450,3756,-0.17401235273947435,100.099808628152,r2
76495,3757,107.80737371531399,6.982813519076409,r1
76517,3758,78.16500610832911,-22.452005928948108,r1
76570,3759,118.76710556502454,17.795616688847936,r1
76669,3760,176.08817924660366,74.3082044392591,r1
76733,3761,132.20558339874918,31.21193851140019,r1
76768,3762,94.35673226319432,-6.204215345265666,r1
76904,3763,224.1127135443133,122.65433555861821,r1
76967,3764,129.6666733254074,28.74159258205372,r1
77001,3765,93.56412212871274,-7.170613089836223,r1
77012,3766,64.85244694207907,-35.76759697574563,r1
77029,3767,-29.754408068686974,70.58500277917865,r2
77108,3768,150.6367723747677,49.90373194181672,r1
77250,3769,230.65673800698943,129.1278019733933,r1
77288,3770,97.60432553650905,-2.9255613110387984,r1
77311,3771,78.39347660836134,-22.321337049927205,r1
77356,3772,108.74841364609031,7.870112864635544,r1
77363,3773,59.03616040669795,-41.39599517706926,r1
77509,3774,134.7397539593698,233.1906926203112,r2
77602,3775,167.67686059017538,66.69616779466786,r1
77645,3776,104.20659441200135,3.510368471043492,r1
77683,3777,98.76669606037507,-1.9248083839763197,r1
77736,3778,117.22317733412763,16.146245649924246,r1
77750,3779,68.76700797044502,-31.724530589717943,r1
77765,3780,69.93042803060544,-30.47416912754263,r1
77806,3781,101.1580901505729,0.25311785618909965,r1
77881,3782,145.11864868817315,43.97838504592844,r1
77997,3783,197.46352794715358,95.70531738306074,r1
78049,3784,116.79902650083844,15.928667900519393,r1
78071,3785,76.86516978739279,-23.92528802635103,r1
78148,3786,147.90226457907357,46.89317151431159,r1
78229,3787,153.38397390730768,52.215427441385366,r1
78280,3788,116.07397493780934,15.33252270053039,r1
78298,3789,72.01196170977434,-28.598490658648913,r1
78368,3790,139.7701633998886,38.881694680868854,r1
78382,3791,68.14460921351797,-32.43696336251085,r1
78502,3792,204.33170589191195,102.18699414620038,r1
78562,3793,126.12622200231539,24.96481293569395,r1
78581,3794,73.36850555868506,-27.231398092457365,r1
78613,3795,90.32728752599154,-10.592735886152994,r1
78676,3796,129.97174886712966,28.857809918705307,r1
78726,3797,113.84992442034775,13.226630528316463,r1
78786,3798,126.44150050884605,25.606973332323285,r1
78844,3799,122.77040148456103,21.42579203498589,r1
78872,3800,85.12433772321447,-15.369186758019715,r1
78973,3801,79.70566283686225,179.21597794980053,r2
79035,3802,27.620086587139113,128.0233769806224,r2
79192,3803,248.34052533256101,147.19411758585073,r1
79286,3804,169.77092468041565,68.6717552604548,r1
79369,3805,56.70866061685428,156.35359003511388,r2
79414,3806,108.59718826730091,7.467960994475391,r1
79512,3807,175.6872883863527,74.45874366643605,r1
79643,3808,218.37344250777258,117.4769458962276,r1
79730,3809,162.43548401042443,60.981627494810375,r1
79851,3810,204.36368699229027,102.67285225048985,r1
79932,3811,152.79141597093061,51.588002971052276,r1
80022,3812,164.2595446194787,62.67939054916246,r1
80058,3813,96.01499604303385,-4.840517665037581,r1
80113,3814,121.55759980394379,20.53558553473639,r1
80152,3815,100.78713045781973,0.052239659465854515,r1
80221,3816,137.7011243796329,36.2318962643032,r1
80278,3817,123.83485520911131,22.834914132763764,r1
80358,3818,153.12181282664253,51.74651574320406,r1
80529,3819,267.84710957830634,166.03993390651218,r1
80551,3820,-21.145706739895523,78.98546112872248,r2
80629,3821,150.64421063896083,49.251442823842495,r1
80678,3822,113.05425807679129,12.03231835833158,r1
80830,3823,145.3381884888479,244.35672686130198,r2
80920,3824,165.8820682956969,64.79992865398629,r1
81029,3825,190.60014069663004,89.17929348309514,r1
81057,3826,86.8971491077553,-13.948717918307679,r1
81078,3827,77.75641167662158,-22.750182332449974,r1
81108,3828,89.1217949331604,-11.655194724045337,r1
81142,3829,94.50497809216586,-6.359569956982412,r1
81192,3830,114.53936472478051,13.588604553476657,r1
81319,3831,213.5463278496217,111.95358043840457,r1
81331,3832,66.35747504094772,-34.27917868862916,r1
81437,3833,185.88498672151775,84.30604474369429,r1
81458,3834,75.57150727531246,-25.07583761076328,r1
81501,3835,105.51135933599816,4.533317750388548,r1
81656,3836,248.27294784789422,146.26476594648133,r1
81668,3837,65.86665119775023,-34.69224311640331,r1
81765,3838,72.72033897828743,172.18466958622093,r2
81800,3839,95.53113576279983,-5.326346019640553,r1
81881,3840,153.18453214899074,52.37986749903205,r1
81983,3841,181.32990532746066,80.1725989236597,r1
82084,3842,179.3823696417613,78.38562338027108,r1
82158,3843,145.05577342035417,44.049864268270746,r1
82184,3844,84.13962445925671,-16.433282913471146,r1
82262,3845,150.99726362597562,50.07092477852844,r1
82434,3846,270.8108599982071,168.59964532163568,r1
82498,3847,131.87814405907727,31.116873084081185,r1
82572,3848,44.689048025982494,144.8216533920963,r2
82628,3849,121.81003843778608,20.83133388542072,r1
82645,3850,70.59579185981211,-30.149145747436386,r1
82709,3851,130.52656549230838,29.27681690384658,r1
82750,3852,101.36333315214327,0.6274273666381092,r1
82827,3853,148.38573397188875,46.98326840510883,r1
82851,3854,81.73613851432421,-18.90585093788803,r1
82997,3855,235.30103677965315,133.9214754170926,r1
83048,3856,115.02583506800843,14.215134839066017,r1
83121,3857,143.07398467889666,42.426455621297606,r1
83156,3858,94.80686877442676,-6.085285460518037,r1
83183,3859,85.82478303937964,-15.121551383727422,r1
83241,3860,124.82791741184218,24.403067735442164,r1
83486,3861,363.70495109965856,260.74923033963745,r1
83564,3862,150.66828286377987,49.61652690496555,r1
83597,3863,90.96555014943573,-9.854913305054914,r1
83801,3864,310.772338026213,207.8559805581379,r1
83849,3865,111.43822865373468,10.626550114515808,r1
83865,3866,69.9936213258143,-30.4319157860626,r1
83922,3867,123.85238835827698,23.056274349862818,r1
83948,3868,84.31897630557177,-16.106608787107305,r1
84004,3869,120.64941447278781,19.51505554097554,r1
84114,3870,88.73841006732806,188.688738420457,r2
84144,3871,-11.155750398427784,89.24379503941688,r2
84224,3872,153.8754920797448,52.618271236636645,r1
84306,3873,154.28236245283244,52.998943541801644,r1
84414,3874,189.10894136698616,87.8925114943975,r1
84487,3875,143.2544520218591,42.11816246853493,r1
84595,3876,188.09382929832503,86.64839348315462,r1
84647,3877,116.32364536264238,15.560271126912212,r1
84739,3878,168.07754001391328,67.17620333875647,r1
84864,3879,208.29738274810455,106.32132084113827,r1
84949,3880,158.61051960821374,57.250802232722485,r1
85063,3881,195.29416097804267,93.87176362737466,r1
85219,3882,249.63830786760278,148.040823983746,r1
85326,3883,187.47586497121296,86.04631748845773,r1
85491,3884,261.1644158458657,159.20241992730215,r1
85682,3885,294.18704761106346,192.6782254785408,r1
85708,3886,82.2238948957534,-18.319643283397056,r1
85887,3887,279.22801596825843,177.82010884572503,r1
85945,3888,125.06707732087688,23.804486095740273,r1
86098,3889,146.60381679580559,245.27794407552108,r2
86236,3890,225.5326730772659,124.12637534255643,r1
86509,3891,399.0880989579655,296.3426435624968,r1
86559,3892,114.54029388179197,13.563240009314725,r1
86640,3893,152.66206916421524,51.942006179301096,r1
86678,3894,99.09474743449826,-1.6393201760812275,r1
86727,3895,111.46579850277331,10.14300856313887,r1
86877,3896,241.5770481254819,139.38994803215797,r1
86907,3897,89.28657686469649,-11.448184750262122,r1
87223,3898,454.35831068040227,349.35164340224793,r1
87339,3899,197.52088430038515,96.52817320617767,r1
87393,3900,119.46512578520122,18.07186464405399,r1
87403,3901,63.875482490403655,-36.748740581950464,r1
87445,3902,104.65476073043158,3.6349163338739032,r1
87483,3903,97.8263521282165,-3.0237403855873026,r1
87517,3904,94.33982908455589,-6.757219574721802,r1
87568,3905,16.14874922218356,116.36371267287313,r2
87615,3906,110.48053505243189,9.730755429665471,r1
87678,3907,129.59861624935178,28.6359729395663,r1
87853,3908,174.71443778591595,273.48306667605794,r2
87875,3909,77.42688913255559,-23.214702047320934,r1
87919,3910,105.8315721744399,4.904412997791084,r1
88012,3911,170.04757927281827,68.89999261812025,r1
88121,3912,188.86991018758914,87.01422656442472,r1
88224,3913,181.89649258769404,80.57726671557853,r1
88344,3914,202.66838288806835,100.22422029776544,r1
88644,3915,434.7069339655917,333.23738668259085,r1
88787,3916,232.81537546120526,131.46550175844294,r1
88809,3917,-21.128498326637267,79.27447822534958,r2
88967,3918,251.35976802178106,149.56197735553698,r1
89188,3919,333.6077408698406,230.9352465503064,r1
89334,3920,236.51800203031692,134.01992279533624,r1
89390,3921,120.2974688789549,19.34136860636157,r1
89511,3922,203.97529726532537,102.43290588194358,r1
89579,3923,138.07644548108905,37.156502437456986,r1
89687,3924,187.44468028409406,85.54623495538351,r1
89720,3925,91.48972958169342,-8.9316846984904,r1
89753,3926,93.15417555290327,-7.747733938891777,r1
89803,3927,14.688269753195023,114.64560509248784,r2
89849,3928,109.75474389955062,8.904839292419581,r1
89868,3929,73.99583696866713,-26.886161937109193,r1
89955,3930,161.0816156100633,59.899408096165836,r1
90037,3931,156.14969168580785,55.03432057919498,r1
90103,3932,133.76815342219427,32.29106987631312,r1
90410,3933,342.9948025555359,441.2308156897127,r2
90456,3934,108.8336512430023,7.90792192020438,r1
90716,3935,382.2903097872347,280.0779892451446,r1
90797,3936,154.19306859589545,52.79500395727791,r1
91150,3937,500.8880171468855,397.9458134009036,r1
91196,3938,109.22721296591776,8.345816862046775,r1
91242,3939,108.58003632509565,7.45778618370921,r1
91357,3940,96.37209878068856,195.58367533924792,r2
91436,3941,149.77370746680884,47.996989879683944,r1
91506,3942,140.25277884643407,39.327400927414345,r1
91669,3943,257.31326987849286,155.10793981608674,r1
91901,3944,345.10523793212326,243.79070893752683,r1
92192,3945,420.89536754187134,316.98038160616625,r1
92303,3946,91.85027465836978,191.13036440077292,r2
92318,3947,68.22860784260557,-32.35204633948119,r1
92331,3948,67.37354735048268,-33.03363754828116,r1
92454,3949,206.44143697273057,106.04310560376271,r1
92491,3950,98.05283572418097,-2.3831213261386353,r1
92508,3951,72.15709861550913,-28.265746840763416,r1
92655,3952,236.87059151546612,135.21910363434495,r1
92723,3953,135.1778606302673,35.181753659576884,r1
92793,3954,138.1361918667014,36.84057574979855,r1
92878,3955,157.86525071563906,56.70307443583492,r1
93138,3956,381.58531029602267,279.2217892846894,r1
93186,3957,111.58458690404558,10.84063157510532,r1
93375,3958,290.6441764240002,189.83600599826957,r1
93667,3959,421.15825474307576,320.8240322258597,r1
93792,3960,209.65196777472414,108.41225206961818,r1
93967,3961,273.80485076989896,172.35516200565516,r1
94219,3962,371.81121935471316,269.1369574287231,r1
94325,3963,186.18342328475921,85.56940181973218,r1
94372,3964,110.83521648035692,9.896194750742694,r1
94387,3965,70.30304233343546,-30.255405262380084,r1
94482,3966,172.31021970606503,71.27397655119731,r1
94631,3967,238.86770209113072,138.0280451318839,r1
94776,3968,233.37740812174087,132.80273699569491,r1
94816,3969,101.93547713417948,0.7292167172159338,r1
95019,3970,307.88557516755134,206.0815145112366,r1
95066,3971,111.0087157458126,10.283392737458648,r1
95239,3972,271.84743570971744,169.7221367496123,r1
95311,3973,142.2128950913439,41.374996433872084,r1
95434,3974,208.1989857479985,106.68632825748847,r1
95556,3975,207.18093614665753,105.77646747780037,r1
95951,3976,453.86637171251454,552.3088843943628,r2
95988,3977,98.37282432294452,-2.475774779363988,r1
96040,3978,117.53774215784739,16.876481480315917,r1
96182,3979,231.99090027939718,131.42102733851598,r1
96195,3980,67.43804862555068,-33.00723698238282,r1
96223,3981,87.02933877631762,-13.825280780286292,r1
96434,3982,318.193145472189,217.3099185896126,r1
96460,3983,84.09402160027852,-16.490607077962196,r1
96781,3984,459.006598841528,358.05232859517764,r1
96805,3985,80.28171984920941,-20.103972767136202,r1
96936,3986,216.96373081400358,115.17303710422965,r1
97099,3987,258.63476306164455,156.49993153063656,r1
97124,3988,81.95647603878943,-19.150476110123403,r1
97341,3989,227.76916545803556,325.8140822058965,r2
97490,3990,240.51043975237002,137.89872532774942,r1
97655,3991,262.3571041976335,159.7820341334184,r1
97724,3992,138.7811393461663,38.16935238068363,r1
98029,3993,440.5088910020679,337.4536433278977,r1
98471,3994,615.9545597246298,510.6347081922617,r1
98585,3995,197.28731232892468,95.63744310886321,r1
98674,3996,164.08314212386318,62.47828374652116,r1
98734,3997,125.54687136032902,24.095922694332614,r1
98809,3998,145.22917530396415,43.7679734570329,r1
98894,3999,59.616177092345566,158.87330773933624,r2
98949,4000,119.73883175017733,18.415268439644088,r1
99131,4001,281.97706597667224,180.06983284105422,r1
99613,4002,665.3211273411553,561.3902538730854,r1
99660,4003,109.34978923440545,8.558371395064981,r1
99843,4004,185.22807290218103,283.30686158307924,r2
100025,4005,281.94071792205835,180.20115138145073,r1
100194,4006,265.8414395361806,163.27473582647548,r1
100483,4007,421.60772928223605,317.3333866913268,r1
101121,4008,866.8602780979353,761.6427407604941,r1
101273,4009,244.70300304080172,142.72870025119875,r1
101502,4010,342.16923432839536,240.33171255256963,r1
101838,4011,479.56561544767027,376.0698186131334,r1
102497,4012,794.3579372735529,887.3365357879953,r2
102672,4013,275.2172038881578,173.11325525054392,r1
103179,4014,598.471419511926,695.2775035618365,r2
103240,4015,127.89880603211053,27.17552528974654,r1
103473,4016,348.43496055862283,246.35410248358207,r1
103956,4017,665.5996823845106,561.9045092213366,r1
104023,4018,136.70835661303084,35.47035957320148,r1
104131,4019,188.24882681039435,86.00980836093945,r1
104592,4020,642.7519710687161,536.8467927683523,r1
104920,4021,470.9061773757292,367.3025512265027,r1
105171,4022,272.82271329802904,370.05288096642124,r2
105840,4023,907.0780629002179,798.8436781813458,r1
106175,4024,478.30671800773723,375.0050079077685,r1
106599,4025,594.6577968231168,489.6244957169149,r1
106827,4026,243.25088407608158,341.06812361581433,r2
107173,4027,492.1282908095741,389.38555202548406,r1
107656,4028,668.4537292039581,564.4496528517367,r1
107823,4029,264.7551421472741,162.95513046318766,r1
107881,4030,125.37485199150254,24.16112784841809,r1
108577,4031,935.6153763357469,835.778325444174,r1
108929,4032,398.61377777427185,498.1752982814828,r2
109317,4033,547.797144533035,443.44008121832167,r1
109523,4034,215.29261236885603,312.891672326869,r2
109559,4035,-3.134018646992473,97.04956220604535,r2
109615,4036,122.12886429986389,21.142110329948025,r1
110140,4037,723.78060960457,619.7146959514259,r1
110340,4038,204.84211807107698,304.588350237868,r2
110401,4039,129.2562655539035,27.927318785573256,r1
110670,4040,394.01336228788983,291.61695292715126,r1
110883,4041,222.99190303059754,321.5512827140111,r2
111057,4042,173.90736729729068,272.8201487783216,r2
111285,4043,343.68539218091485,240.8889653758889,r1
111478,4044,198.03113356907534,297.13412186873023,r2
111545,4045,36.991445480281605,136.7164466886663,r2
111665,4046,205.04659887467366,103.19861247271326,r1
112158,4047,584.0806360549718,678.4379328623882,r2
112418,4048,383.9681902310591,281.4040420282189,r1
112848,4049,600.8963632177506,498.31534866914694,r1
113848,4050,1282.8758444591251,1274.5992106764468,none
114038,4051,293.41603888626935,190.6952592818865,r1
115038,4052,1280.2794342981827,1273.7421972403272,none
115289,4053,373.368366955417,270.36867022659874,r1
116055,4054,929.5269193504854,1025.1828475782252,r2
116568,4055,704.7051604153461,602.8866264230123,r1
116926,4056,407.0117657813765,506.0822724062794,r2
117782,4057,1046.3104024436336,1140.4245520681645,r2
117902,4058,203.79963497323516,101.96115985517017,r1
118146,4059,262.48183983494874,360.84271043904187,r2
118379,4060,348.71625172797997,245.93019902157965,r1
119160,4061,947.947889840251,1046.49452158521,r2
119217,4062,123.07621112852472,22.32618394843704,r1
120001,4063,952.2942703276135,1050.5039480915646,r2
120335,4064,476.8603723806963,375.4634557071787,r1
120480,4065,235.1686905911358,133.80303917448452,r1
120703,4066,235.2357976744118,334.134205920723,r2
120823,4067,104.60935792790056,204.3124043582248,r2
120929,4068,186.97001441016945,85.76020969780132,r1
121022,4069,170.04523257016302,68.35383283520707,r1
121324,4070,335.4430006505507,434.7272996005222,r2
121582,4071,380.77663969185903,279.22055395354437,r1
122196,4072,832.4536740502057,731.9935143452753,r1
123091,4073,1191.3290201368147,1091.7620156999137,r1
124090,4074,1226.1662718345735,1323.5404862102018,r2
124922,4075,1014.0707772435843,1108.480751965826,r2
125664,4076,1000.4555507539321,895.8861420303608,r1
125978,4077,451.15648633622845,350.29739218874215,r1
126978,4078,1274.286712369715,1273.6846652654765,none
127978,4079,1274.938153068381,1276.8884243565005,none
128425,4080,618.8495229044394,520.0359694316861,r1
128443,4081,-27.87107892166763,72.82222689363951,r2
129145,4082,944.8378596166798,844.5991563321268,r1
129506,4083,412.06059069615407,512.1056991068594,r2
130506,4084,1276.694044370279,1273.1932740068967,none
131506,4085,1274.9075024142296,1273.997850393266,none
131900,4086,452.3185789884886,552.4515566047403,r2
132398,4087,584.5589177415407,686.2150854121227,r2
132437,4088,100.73631647292868,0.3785467808618961,r1
132626,4089,190.258085589865,290.96659996732717,r2
133626,4090,1276.5799939692743,1274.8222252868836,none
133704,4091,50.304287858492515,150.10451933967857,r2
134067,4092,514.0365645081508,411.86985431477507,r1
135067,4093,1274.3385709688084,1274.6934022554094,none
135524,4094,532.8749962989164,632.9549333285586,r2
135819,4095,327.7579992928036,426.1471573107998,r2
136819,4096,1270.9717991018242,1270.5974534781615,none
136900,4097,54.165017255498256,154.48331457546456,r2
137900,4098,1275.0509984042644,1272.4769417826901,none
138460,4099,666.1600646817935,762.0637804799547,r2
138899,4100,610.5453141595253,508.19186148274923,r1
139663,4101,925.7976759114676,1023.2342948230556,r2
140663,4102,1273.0627942727215,1266.282971094746,none
140881,4103,225.35584586056788,327.15751591914216,r2
141881,4104,1267.6920085925478,1273.1564378958415,none
142121,4105,258.9336731761374,357.94463830184276,r2
142355,4106,249.1879343512084,348.97109618924225,r2
142528,4107,171.5238787449412,271.8157499502711,r2
143308,4108,946.1998384727475,1044.1478998019713,r2
143722,4109,472.4123318087261,577.2672183646062,r2
144283,4110,662.0397866036815,766.0723615712789,r2
145036,4111,904.8614045271338,1010.0631709912033,r2
146036,4112,1270.0245628545838,1271.5689554508,none
146448,4113,478.4539062209114,575.9240816923607,r2
146555,4114,186.66287590414814,85.18670185754763,r1
147257,4115,948.5583347958176,843.8674057438993,r1
147616,4116,410.5825282206016,506.8557927559065,r2
148616,4117,1277.787592909962,1271.4898531082683,none
149616,4118,1280.5206094422865,1272.9938786607222,none
150302,4119,830.5240862895769,923.4415635563745,r2
151302,4120,1282.8186608800631,1273.8173892269556,none
151519,4121,225.71840852307912,325.30777278033753,r2
151892,4122,425.7325515030069,524.5065903677083,r2
151964,4123,42.43895418576337,141.88862429932416,r2
152679,4124,865.8724751821375,959.8080211709347,r2
152736,4125,23.60682762903243,123.45542111338682,r2
153736,4126,1278.7124873871494,1273.0277738372824,none
154591,4127,1144.3437540446052,1039.3844466256494,r1
155591,4128,1277.0942710452587,1272.616400112331,none
156591,4129,1277.8154913468254,1270.850011591202,none
157527,4130,1245.8350904450328,1142.4666820919686,r1
158356,4131,1101.3151329849718,1002.4879568221005,r1
159281,4132,1233.3491545453605,1125.57519615139,r1
160281,4133,1275.5457233736079,1275.3065323194821,none
160740,4134,535.141755198097,635.8360407808592,r2
161406,4135,898.7844862221443,799.6898453785514,r1
161627,4136,231.20412987403978,331.45519104137895,r2
162216,4137,702.7746390026377,799.0482616686619,r2
162343,4138,113.15048462869915,213.07815522381063,r2
162413,4139,39.98470958226604,140.43316312348014,r2
162646,4140,248.8158359071952,347.3162042465119,r2
162697,4141,116.04363554891577,15.023487949839385,r1
163113,4142,580.1573147247727,478.23446983626246,r1
163433,4143,357.3285569585114,456.65178793993465,r2
163699,4144,390.4509439540794,289.78714192322997,r1
164340,4145,769.953286508867,868.424078877254,r2
164684,4146,392.6071147534059,489.9970735417046,r2
165221,4147,634.4331775216776,732.6799129610635,r2
165470,4148,368.74535579501105,265.34808475270614,r1
166285,4149,988.1687358213774,1088.4397277578464,r2
166721,4150,508.1951743746449,606.6632109512441,r2
167721,4151,1273.502108514045,1272.7197955933686,none
167924,4152,310.5345765658621,208.56568164791986,r1
168472,4153,650.4537686062506,748.0405869492527,r2
168911,4154,506.2416179506544,607.993784727784,r2
169276,4155,417.2566273962278,516.4898272429389,r2
170276,4156,1281.631477163105,1273.6689643628758,none
170953,4157,811.5412617053053,911.9266085996641,r2
171953,4158,1277.0230146952088,1275.0619171415933,none
172762,4159,983.6257073647027,1079.3015834314078,r2
172908,4160,237.7506070777565,136.01832171651375,r1
173908,4161,1278.9360957226897,1273.130962782967,none
174392,4162,665.2359229217318,563.8683478176671,r1
175340,4163,1154.92314322595,1253.7302821700507,r2
175609,4164,292.69772770905666,393.78775694317557,r2
175981,4165,426.59578713117526,524.7158102812622,r2
176719,4166,887.8864311664034,989.1998518209986,r2
177305,4167,698.5366717386304,797.5310365434887,r2
177381,4168,47.823424432133166,147.62210751713525,r2
178273,4169,1090.483357397361,1187.6657548417193,r2
178571,4170,331.9115847610351,431.1623154634341,r2
179241,4171,802.2521017129618,903.5784173794939,r2
179705,4172,544.5666666613736,642.264624309083,r2
180086,4173,438.6142235781557,536.5695091526281,r2
181048,4174,1181.3452873476688,1274.3091305926257,r2
181192,4175,133.58617932221154,234.30455505236583,r2
181309,4176,100.06781274648542,200.10180042645527,r2
181426,4177,100.5652667785952,200.28291100934206,r2
181852,4178,496.8184946523016,594.0143011731499,r2
182237,4179,444.02675105955035,542.0700170654851,r2
182300,4180,130.86022533819843,30.095154616449967,r1
183300,4181,1272.8808723321586,1271.9694299652908,none
183719,4182,586.6811078511681,484.21448373120637,r1
184446,4183,876.103676471042,976.8671263004233,r2
184591,4184,234.97430360589263,133.45449204569948,r1
184852,4185,282.8867169468165,382.10609664889336,r2
185125,4186,296.7410610464032,396.50160159560625,r2
185241,4187,99.62514498704712,198.73741993353053,r2
185470,4188,241.71319012360712,341.3275880912183,r2
186396,4189,1129.0209734027464,1226.9611646970711,r2
186740,4190,388.25248064958436,487.7874404729301,r2
187029,4191,318.22486216069984,418.41643044299406,r2
187816,4192,956.305367968179,1050.7027785198663,r2
188816,4193,1278.3235472669228,1270.6563445635998,none
189192,4194,427.57655316898763,527.4280647535985,r2
189958,4195,1025.8561595443318,923.0233228721908,r1
190511,4196,652.3089970160779,751.6547173610443,r2
191511,4197,1271.6775059238137,1270.6090338867787,none
191864,4198,398.78575845632076,497.8910308033842,r2
192210,4199,491.20817224931704,389.24280346120156,r1
192813,4200,715.5053217448384,815.9861577822455,r2
193813,4201,1281.7004143576976,1270.05675368727,none
194359,4202,647.9384101311409,742.8619280351995,r2
194698,4203,383.0152160013248,481.0052085913453,r2
195698,4204,1279.0302062399176,1270.4680371749114,none
196101,4205,465.19313722391075,562.1384662838891,r2
196355,4206,275.9492506214791,373.976453885498,r2
197289,4207,1237.1895542564487,1136.5406423307636,r1
197718,4208,497.30831393851713,596.4672015840182,r2
197855,4209,124.31558081201865,223.86832122595698,r2
198731,4210,1066.8213249954567,1163.1789985983496,r2
198848,4211,99.21901231376579,199.73764146896656,r2
198946,4212,75.91999824102655,175.34816459900685,r2
199257,4213,447.78856209454955,346.2358298229446,r1
199516,4214,279.9415325161609,379.8602619791345,r2
199662,4215,136.59408095806975,236.6824492410131,r2
199679,4216,-27.852131060759937,72.59102220629984,r2
199877,4217,203.31874321568628,302.9466553363332,r2
200059,4218,183.70921999946444,282.4959586033843,r2
200503,4219,517.6585679961565,614.7880145770533,r2
201024,4220,614.4031660786036,713.0438831457778,r2
201393,4221,520.0910486722053,418.59878327261634,r1
202256,4222,1049.3962764388978,1145.7809492598565,r2
202298,4223,4.219650818101243,104.17783216601472,r2
202437,4224,228.79433102167843,127.06188111646607,r1
203295,4225,1048.4440253060727,1141.3279777781331,r2
204242,4226,1154.1669797224647,1252.028959992774,r2
205242,4227,1276.3857793939571,1272.9226121641516,none
205557,4228,453.1342283330127,351.6758790185353,r1
206397,4229,1025.5025218519415,1115.8222352879234,r2
206801,4230,566.3254019393244,464.1122144222297,r1
207513,4231,856.8456709642852,944.0960902465707,r2
207881,4232,522.8989683914099,419.39510454850034,r1
208252,4233,524.1382483668503,420.92819410929536,r1
209241,4234,1314.8334009411305,1204.3633090935514,r1
209481,4235,357.8520158474094,254.69865861682487,r1
210117,4236,860.5892761707047,755.3896541450797,r1
210343,4237,339.0718795602319,236.32126366010857,r1
211288,4238,1258.4770402569316,1148.3698255684199,r1
211619,4239,471.3081851550893,367.9905506259144,r1
211970,4240,498.60867469923437,396.0656207386431,r1
212341,4241,523.1674028116895,419.3018375981797,r1
212413,4242,142.4129070317694,41.16581047495986,r1
213187,4243,931.798549217854,1030.3011907879331,r2
213413,4244,340.5717090494305,238.10728976631498,r1
214153,4245,987.9363585728587,885.6195226462461,r1
214988,4246,1113.6697585460863,1010.3155094134354,r1
215988,4247,1275.66964222594,1271.099205916428,none
216988,4248,1278.6691790795394,1274.2158674812333,none
217988,4249,1274.859728742568,1270.661058930527,none
218988,4250,1279.6136415856138,1273.7915813123457,none
219988,4251,1280.220112008601,1272.8779888457125,none
220805,4252,1091.9185477864037,989.2920854119219,r1
221805,4253,1278.173914825179,1275.5578471674955,none
222036,4254,344.89161432567727,240.71837146011785,r1
222330,4255,326.197445679407,424.2484244769802,r2
223330,4256,1279.739516316517,1271.9337949978005,none
223945,4257,736.894830939276,834.4689466362962,r2
224945,4258,1279.6977865823724,1274.1123065654124,none
225017,4259,143.48182425493044,42.47530977572909,r1
225429,4260,477.5528450755482,574.9484339014912,r2
225779,4261,397.85212938512547,496.42794913786275,r2
226779,4262,1275.1922482553114,1270.8039587014573,none
227779,4263,1279.3797394248525,1272.6242511650823,none
228779,4264,1276.379353804824,1272.5424487166267,none
228941,4265,157.60681594171533,256.73889559377557,r2
229941,4266,1277.6353503056907,1270.795616152427,none
230441,4267,686.8287973316716,586.085697218117,r1
230999,4268,756.9450419880569,658.1077783690174,r1
231891,4269,1188.4204005772724,1084.5751231340168,r1
232676,4270,950.6818512981838,1049.250215096967,r2
232843,4271,261.6627012212862,162.2975506272773,r1
232979,4272,124.15849088976115,223.63891799835054,r2
233199,4273,329.9211137393757,229.31425261620547,r1
233328,4274,115.5338971001903,214.4014605806731,r2
234102,4275,933.3842536727883,1035.8437000743297,r2
234594,4276,579.0850555030681,678.1936632175834,r2
235594,4277,1275.4692354267027,1274.9169547974345,none
236017,4278,489.8435140874045,589.1207429123585,r2
236528,4279,597.4342297038532,700.5150224305057,r2
236785,4280,277.165147904152,377.4053109736339,r2
237537,4281,1008.7323929913455,906.7907415805515,r1
238246,4282,855.1673355906148,951.7284883526872,r2
238278,4283,-9.453418547102885,90.46534897678086,r2
238478,4284,202.72520853665657,303.0601849285637,r2
239478,4285,1275.7483060305315,1270.1922016401506,none
239981,4286,587.1615969326398,689.3280270948121,r2
240164,4287,181.03833734442455,283.3226843825428,r2
240309,4288,134.69419435347993,233.8239172335617,r2
240402,4289,68.75532485320323,168.47364467613366,r2
240661,4290,381.6067699362331,279.51083743351677,r1
240740,4291,50.74699049179936,150.401394079557,r2
240872,4292,218.4829191000889,118.34011270422417,r1
241103,4293,343.1319499006295,243.6300699929606,r1
242103,4294,1278.561175467162,1269.5969577040719,none
242327,4295,335.4370892599738,233.58274715347247,r1
242517,4296,291.5238123721576,189.86103021937373,r1
243517,4297,1273.1630800116538,1268.810803514236,none
243686,4298,164.46418995642688,265.4476479412956,r2
243863,4299,175.38869091077203,274.86488862281175,r2
244091,4300,240.45269886032685,339.08339448516335,r2
245091,4301,1275.0438011879792,1270.3215566133977,none
245512,4302,588.8837197644256,484.71780749973163,r1
246512,4303,1275.2552798903198,1271.526443890531,none
247154,4304,865.4371939117917,762.6090383128346,r1
248120,4305,1282.935481116423,1179.756981857997,r1
248260,4306,128.4173589417122,227.90373547679238,r2
249047,4307,1059.7177404623596,954.1478286226561,r1
249550,4308,692.7541455438503,590.0973508233379,r1
250550,4309,1273.8485308395452,1272.9982822358813,none
250647,4310,74.48243032991161,174.14178003092795,r2
251647,4311,1281.3557278133294,1273.3732092027624,none
252211,4312,769.3588491964894,666.3071488493094,r1
253211,4313,1277.8988106279494,1271.367034456058,none
254211,4314,1282.0943199179542,1274.7814043236015,none
255083,4315,1169.4888965624168,1063.4034619854112,r1
256058,4316,1299.5196932695958,1193.6639752299418,r1
256387,4317,372.6570997239823,470.52077631238626,r2
257021,4318,859.7918101134181,758.1955409199477,r1
257186,4319,159.5691935168658,259.5728505435883,r2
257820,4320,758.7077857543239,857.3482221161543,r2
257892,4321,42.694159706050556,142.48386593832163,r2
258095,4322,308.7920383667744,206.98066167935582,r1
259095,4323,1275.4201299513597,1271.4969491785116,none
260095,4324,1280.4406766939665,1273.5699222782912,none
260644,4325,650.3586371476621,748.4350356429395,r2
260985,4326,484.0212109012781,382.5044880183813,r1
261775,4327,1061.5315668180385,954.9754157545108,r1
261930,4328,248.17136607360234,145.62859077492988,r1
262930,4329,1280.7218744485879,1274.4042342231483,none
263405,4330,552.9255196492024,655.2292891612625,r2
263602,4331,201.7055146434757,300.85674187705104,r2
264225,4332,746.4875228999213,842.3167936298406,r2
264249,4333,-19.213383232204936,81.03428206898516,r2
265249,4334,1279.8750432713196,1271.9030063056055,none
266180,4335,1140.5489468963904,1235.181745680737,r2
267180,4336,1276.829393764883,1272.5224010350603,none
268180,4337,1277.0914096567462,1271.921374562377,none
269180,4338,1278.5208229920888,1275.4745208356665,none
270180,4339,1277.7932641328277,1274.056461100724,none
271090,4340,1109.0549106286692,1210.0200034110162,r2
271478,4341,546.637846741901,445.54341748091065,r1
271528,4342,113.91889850697609,13.46010615192968,r1
272421,4343,1090.527579515641,1189.6728599199198,r2
272658,4344,253.16592898942866,352.12710920511256,r2
272861,4345,309.41085980232845,205.96392973753797,r1
273861,4346,1280.233249462985,1272.7649126587903,none
274861,4347,1278.284584057538,1271.7110569354625,none
275234,4348,426.1327514621928,526.2357633616729,r2
275706,4349,550.8985817537897,651.7517684209714,r2
276070,4350,413.24974921194575,514.2933555960152,r2
276204,4351,118.05763558587978,220.26963494817974,r2
276609,4352,467.9410486256012,567.1499818157843,r2
276813,4353,211.1284084816178,309.2422281329395,r2
276932,4354,201.2877158821624,99.199042323763,r1
276983,4355,14.315733139300157,114.69917896871567,r2
277336,4356,402.68317112086515,499.9737341573956,r2
277483,4357,137.979383183059,237.25043909364666,r2
277980,4358,684.4258479900802,582.2157150917292,r1
278089,4359,89.94151798083956,189.8804384201311,r2
279054,4360,1283.0880528628827,1178.2568584427663,r1
279316,4361,285.6738818953234,384.2312111208538,r2
279605,4362,318.3274407729598,418.0824400631911,r2
279862,4363,376.0452591486883,274.3009861426802,r1
280151,4364,320.34027250010183,418.5795517165526,r2
280898,4365,1002.0578619314878,897.2065599998328,r1
281898,4366,1281.4209197776595,1272.6087483699355,none
282898,4367,1281.3621523546697,1271.7106020504136,none
283247,4368,496.93522035416834,390.7254121173112,r1
284247,4369,1277.589602302351,1268.6160318874204,none
284422,4370,273.77773844318887,172.42339658959492,r1
284614,4371,294.7220337773127,192.54823108124134,r1
285553,4372,1250.8331377517952,1143.3165661853268,r1
285927,4373,428.91206456761535,526.9614201375523,r2
286927,4374,1284.155570735698,1274.9879273052984,none
287093,4375,160.90193999677928,261.6389692972066,r2
287211,4376,99.0564626776416,199.9541205956682,r2
287541,4377,471.5476485944559,371.9641619054803,r1
288295,4378,916.0888270429701,1010.3859741687352,r2
288862,4379,774.3584471691514,670.5835283043226,r1
289862,4380,1276.592574599739,1273.356177867004,none
290025,4381,158.39549049557036,257.4132448762246,r2
290760,4382,988.2898892068365,885.2645383000087,r1
291760,4383,1277.4112989122152,1273.5228578390459,none
292093,4384,375.32267978591426,473.566002368816,r2
292807,4385,860.1594641567759,956.9501569401082,r2
293363,4386,656.054980853017,754.3876465318104,r2
293572,4387,216.10935652729987,316.7491847496831,r2
293649,4388,48.967017983941325,149.23128924769549,r2
294649,4389,1284.4097224155091,1271.2804550925778,none
295494,4390,1128.587505821949,1018.2635349848978,r1
296182,4391,830.9454521067755,923.3865824682297,r2
296564,4392,538.7181881199132,435.7288475594269,r1
297564,4393,1278.003524184009,1274.2890597968114,none
298564,4394,1281.458875709369,1271.8454984689758,none
299418,4395,1040.6807960630272,1134.3526485450432,r2
300418,4396,1277.0537058784455,1271.2279864371558,none
301418,4397,1279.915952584433,1269.96205946923,none
302418,4398,1280.5425075973155,1272.6988997327403,none
302476,4399,24.268850850705086,124.37205496583687,r2
302589,4400,95.17279837494581,194.54639128030183,r2
302941,4401,400.42057674606616,498.06786799953716,r2
303487,4402,648.707833437765,747.1152018229125,r2
304245,4403,917.7058158610843,1012.1985518668449,r2
304552,4404,339.5620843561353,440.3217145637212,r2
305098,4405,744.8323733114105,642.9153436012534,r1
305368,4406,294.6468266523399,394.21070231239275,r2
306223,4407,1140.399535338441,1039.9220904165397,r1
307223,4408,1278.560737031978,1270.1848331797098,none
308122,4409,1198.0273340737033,1091.235247277856,r1
308998,4410,1072.4062259694456,1165.233964854825,r2
309874,4411,1066.2764700703312,1165.8353627094982,r2
310874,4412,1279.524666783768,1275.7881774074579,none
311017,4413,231.86845156677697,131.38787044770123,r1
311340,4414,363.7479229729312,462.56492546818106,r2
311446,4415,86.48694659075169,186.94324055942144,r2
312446,4416,1278.0494193093978,1272.812006327103,none
312841,4417,556.4278605853322,451.62291578373566,r1
313128,4418,314.90872492164084,415.30503640659094,r2
313902,4419,1030.5390876331492,931.6273453097862,r1
314902,4420,1273.9924437780057,1272.7216339572553,none
315162,4421,277.10811283883737,379.2124178583468,r2
315182,4422,74.40234008591376,-26.567570330752723,r1
316182,4423,1279.609693987446,1275.4812349030203,none
316276,4424,171.2021449939357,70.13366886113924,r1
316290,4425,67.20334331235078,-33.63280931929488,r1
317290,4426,1277.6384752450142,1273.6068127961078,none
317693,4427,462.79447825496607,562.3838789851077,r2
317983,4428,316.83142132665046,417.48908535014016,r2
318983,4429,1275.235662027614,1272.023025997718,none
318997,4430,68.82017661845342,-32.04557281920701,r1
319997,4431,1277.523354097806,1272.0526036681433,none
320997,4432,1275.9437349745783,1274.9877676519443,none
321153,4433,148.7539962022997,247.873841713285,r2
321983,4434,1105.5874101531817,1001.5639705947749,r1
322983,4435,1277.446396916656,1273.0037197915167,none
323612,4436,756.0332682250746,850.6708695393622,r2
323925,4437,352.3080617467338,448.5876791216635,r2
324522,4438,711.8608169507314,809.9834202374902,r2
324693,4439,169.10472285238893,268.5917124275143,r2
325402,4440,857.3250858994675,950.2371682151689,r2
326402,4441,1276.409674246603,1271.302206054435,none
326455,4442,16.099889654766876,116.38788014813417,r2
327455,4443,1279.007442086378,1269.1576605712712,none
327742,4444,313.4210245007162,415.2703059862311,r2
327841,4445,75.78861969473519,175.29416636036126,r2
327936,4446,71.93359989154311,171.10484588396596,r2
328066,4447,116.33756925013256,215.26150524164063,r2
328313,4448,266.0436845457458,363.63591845965357,r2
328578,4449,387.50991935338374,287.08877019821415,r1
329124,4450,743.3330243196609,643.816540567558,r1
329182,4451,23.32173796547201,123.14610416645863,r2
329541,4452,402.8736472450203,504.09824870845483,r2
330541,4453,1281.225687286707,1273.3851141660691,none
331270,4454,983.5423539373163,873.8922369072475,r1
331771,4455,589.7391425241087,684.5689886815562,r2
332065,4456,322.4976332999674,421.6218924156581,r2
332290,4457,233.93200365122635,333.9847875816851,r2
333290,4458,1278.6532473188527,1269.6657317104996,none
334290,4459,1282.3102545465413,1274.8949647249647,none
334769,4460,562.113596570446,657.87930994538,r2
334989,4461,231.62635560389106,330.6802599997251,r2
335989,4462,1280.9461179741036,1271.8420870692169,none
336989,4463,1283.8106185912936,1274.821254588323,none
337989,4464,1278.7825892417652,1270.6618210378756,none
338989,4465,1281.6930942737351,1276.609858369366,none
339989,4466,1275.9959326297558,1274.6529587680031,none
340527,4467,736.0347676781564,634.9898342008858,r1
341333,4468,1081.539101163797,978.5341185130667,r1
341706,4469,426.0934723526753,524.0871296132347,r2
342061,4470,401.5340262680912,498.33890284476627,r2
342542,4471,663.8119737486072,561.6469883440634,r1
343537,4472,1316.2252014544777,1213.1398270651553,r1
344005,4473,544.8486346532247,646.7468621880032,r2
344236,4474,245.03016355804704,344.46200710965326,r2
344267,4475,-10.613038448234349,89.62916157740838,r2
344592,4476,362.34225256945166,463.2536032949449,r2
344762,4477,166.22513321249164,265.992769802279,r2
345518,4478,911.8608957870698,1014.7333619058388,r2
346518,4479,1276.2576733011235,1277.4670740560807,none
346537,4480,-25.000518809794325,75.19669421233723,r2
347537,4481,1275.8398972075486,1272.431403606477,none
348141,4482,720.9928518817106,820.6843756494427,r2
349141,4483,1280.4233055688462,1275.2002808667903,none
349181,4484,100.55599799502993,-0.3388428444958862,r1
349862,4485,919.1331540771096,813.7179123349852,r1
350545,4486,921.1601496674051,817.1527640431058,r1
351545,4487,1275.383616378945,1273.796427936784,none
352545,4488,1279.9047172626044,1272.5249332786982,none
352737,4489,297.81265427637265,194.76060186072363,r1
352939,4490,207.9454217457725,307.60810627500206,r2
353393,4491,630.5762067644117,525.4744516769288,r1
353741,4492,493.5617891723943,390.13647898615676,r1
354081,4493,482.80978349408537,382.17818692867405,r1
355007,4494,1135.679485939407,1230.6752263935018,r2
356007,4495,1276.8029160473875,1272.1720626492904,none
356542,4496,632.1928610116407,729.56451713736,r2
356575,4497,91.35705258108527,-9.903133940687411,r1
356813,4498,253.04725854357935,353.5740352780311,r2
356868,4499,20.038666900742975,120.72821613887463,r2
357868,4500,1276.4212863871157,1274.344172817781,none
358868,4501,1278.1893332885898,1268.2987440870832,none
359728,4502,1149.037045878756,1047.0500539932168,r1
360728,4503,1273.31645993297,1271.9859804417406,none
361261,4504,627.780035395734,728.9731587055778,r2
362261,4505,1274.6839041301223,1273.1788632513187,none
362740,4506,560.4956606802734,659.0969960791972,r2
363740,4507,1278.4077301233233,1269.3894964036726,none
364128,4508,443.6583363788053,541.1333303579903,r2
365049,4509,1121.4827655732593,1221.956965977721,r2
365600,4510,650.0126742103828,752.232131712391,r2
366600,4511,1274.7010300572065,1274.9421494161897,none
366618,4512,74.20817298199529,-26.63344789993543,r1
367182,4513,771.4266273202848,668.7255842945983,r1
367194,4514,65.96583430277259,-34.6692703127155,r1
367224,4515,-12.225777086795254,88.02144280135919,r2
368120,4516,1187.398243638439,1087.2366162294306,r1
368130,4517,63.777735559072866,-36.98184126794628,r1
368563,4518,504.40103905119526,603.7413404094787,r2
368572,4519,62.15262267801524,-38.297826712847794,r1
368581,4520,62.38286445395697,-38.149769492282935,r1
369581,4521,1278.733980155087,1271.6569567941817,none
369722,4522,129.02965416704905,230.66711339608457,r2
370571,4523,1036.000918104918,1134.4921407103673,r2
370596,4524,-17.911787371577205,82.27157239787778,r2
371596,4525,1276.5595697108972,1271.8849113222423,none
372596,4526,1278.212310994978,1275.2559855747988,none
372642,4527,9.54566490255624,110.2474923271192,r2
372692,4528,112.7920046260283,11.46858766895285,r1
373278,4529,799.3611855002594,694.5159952318548,r1
374153,4530,1162.3247895503239,1061.3522250970811,r1
374547,4531,553.9913440425329,452.52417358149006,r1
375071,4532,617.6834239034666,717.1856357018926,r2
375092,4533,76.8445114678604,-23.751792732483057,r1
375526,4534,505.2700235418587,602.7312402863867,r2
376422,4535,1089.3244387145855,1182.4058753938634,r2
376611,4536,192.18686314131992,291.58554763656434,r2
376854,4537,361.41486852414863,259.07280769164447,r1
377279,4538,592.0768896840887,491.7757227491192,r1
377430,4539,241.79301701192222,141.52652938903225,r1
377890,4540,536.0888757443169,636.1316723337816,r2
378436,4541,642.4603553794723,741.3848214424594,r2
379436,4542,1270.6456836710029,1268.3951615777833,none
379640,4543,210.0047351756961,308.82999074751797,r2
379895,4544,275.67535413334747,374.5643961830622,r2
380449,4545,755.0964007829635,651.2668363031452,r1
381396,4546,1257.580318881367,1151.8390815456319,r1
381836,4547,512.0551376033504,612.168230168398,r2
382836,4548,1276.9755048591805,1273.1955986640592,none
383641,4549,1077.811789522256,975.2090723840762,r1
384482,4550,1021.7526657553952,1126.207954144596,r2
385482,4551,1273.8476901110985,1267.8713552447457,none
385929,4552,621.0682205171636,515.8266799716874,r1
386022,4553,169.0633789028612,67.5638192474468,r1
386224,4554,208.97836432979042,307.2123947405941,r2
386570,4555,387.8227353094056,486.1170118587983,r2
387570,4556,1266.126164885953,1270.4307121602326,none
387632,4557,29.73159353745423,129.797476834159,r2
388632,4558,1276.3663703677198,1274.0436164416246,none
389632,4559,1267.505141156314,1273.3616652716403,none
389679,4560,110.65082232162442,9.521729473414275,r1
390285,4561,722.7857284465916,825.115563335648,r2
391285,4562,1278.699505743015,1273.2878939362297,none
392285,4563,1277.9493629775325,1274.1837760250335,none
393285,4564,1273.8026848480336,1276.1458531294627,none
393663,4565,532.3686025814569,431.6756787377837,r1
394663,4566,1276.8882447201445,1275.0912375456592,none
395196,4567,728.902498572075,625.0172992929014,r1
395452,4568,273.62517739791963,374.8066602205462,r2
396452,4569,1273.998657724072,1276.1019788745978,none
397452,4570,1275.0933885619288,1276.3833638872416,none
398452,4571,1278.0992340858202,1276.6128583554728,none
398922,4572,551.4831342186252,649.1881251521435,r2
399223,4573,335.5473767973903,434.4519482758633,r2
400075,4574,1043.5086388213037,1138.482562239828,r2
400603,4575,624.7299005383804,722.686881367422,r2
401333,4576,979.8444045809412,878.7237551371766,r1
402333,4577,1277.0510703671503,1275.3288429988322,none
402808,4578,558.0887179858495,655.1090430402107,r2
403808,4579,1278.3392579036256,1275.74502424556,none
403862,4580,117.65050679856743,16.064351815729978,r1
404095,4581,248.9056424250312,348.1299195983427,r2
405095,4582,1273.798984680716,1275.2045248337245,none
405174,4583,150.14283424243814,49.52607080332155,r1
405669,4584,582.3170866987363,682.3428332751809,r2
406517,4585,1031.0269445450776,1131.2034807215719,r2
406971,4586,529.6903090107428,630.5777697481905,r2
407047,4587,146.46624801495705,45.106107337541616,r1
408047,4588,1278.7291618103175,1273.326893953558,none
408938,4589,1089.7639425566265,1186.5433699008822,r2
409346,4590,570.2829782529843,469.5272347377118,r1
409542,4591,201.43849963688234,300.65123752870454,r2
410382,4592,1126.7184255673062,1021.4704555130504,r1
411382,4593,1280.1837930802872,1275.4580531929337,none
411934,4594,654.68136725929,753.0222554542872,r2
412934,4595,1279.7160533934655,1274.3136422520888,none
413311,4596,528.9200550173597,428.71867603570706,r1
414311,4597,1278.391058154594,1273.4157328137323,none
414322,4598,63.040094534638996,-37.78291810552056,r1
414694,4599,527.1610723132476,424.11262275573324,r1
415463,4600,934.6545190368056,1034.1169948258575,r2
416463,4601,1276.764077487615,1277.270613773445,none
417463,4602,1278.8939218216574,1277.7248001615123,none
418027,4603,674.2100235798518,773.0753035269036,r2
419027,4604,1277.9528090696556,1278.6147649937702,none
420027,4605,1282.3554095542934,1277.6368485727705,none
420157,4606,117.19306170027426,217.83211555061803,r2
420459,4607,334.1296747604828,434.84847753340017,r2
421459,4608,1282.08372970964,1279.277247891995,none
422291,4609,1011.8875295225758,1112.580740203901,r2
423291,4610,1278.470619590969,1278.1982516438209,none
423594,4611,436.2808099459742,337.23356644216443,r1
424594,4612,1276.7867896553555,1276.4857174814663,none
425235,4613,770.9421654521396,869.7221896463382,r2
425971,4614,988.2920770259259,885.5107454080311,r1
426971,4615,1276.970230732721,1279.8220087304644,none
427428,4616,634.1525864136526,532.9426036249532,r1
427754,4617,467.9026909553202,367.23305765310823,r1
428276,4618,717.4532221353111,615.3628748491171,r1
428957,4619,816.9147218185653,917.5761034627634,r2
429957,4620,1281.2221217526683,1274.4802769773912,none
430490,4621,731.1634113273044,630.075421094682,r1
431275,4622,1054.5513271217133,952.6430961418575,r1
432275,4623,1275.6372596300532,1276.4425330927859,none
432658,4624,441.8391953856423,538.4155718294396,r2
433658,4625,1277.2725044072786,1273.9764609066453,none
433952,4626,426.57715938415834,323.8529493094722,r1
434470,4627,613.3973447362082,712.818784761425,r2
435470,4628,1271.3259108865668,1275.9760723909508,none
435498,4629,85.56226064828985,-15.246994031832138,r1
435517,4630,74.664131042187,-25.955298685754123,r1
436517,4631,1279.5083486687213,1276.732708868343,none
436554,4632,97.16433742162249,-4.033870476432554,r1
437554,4633,1279.5327379742278,1272.2823585583494,none
437649,4634,172.23712669852188,70.37273204431524,r1
437680,4635,90.8441853251264,-10.498392339600784,r1
437819,4636,227.69790646774763,125.24320934572017,r1
438819,4637,1275.2781322433482,1276.5954909190236,none
439160,4638,385.23368673540165,485.07110306954144,r2
439226,4639,33.70526463578708,133.92629748362071,r2
439677,4640,528.7278916501118,625.7722592058437,r2
439844,4641,262.63293800802063,160.41398920113176,r1
440364,4642,616.3527635999158,713.7450807921205,r2
441364,4643,1274.6316312266533,1278.2289208106422,none
442364,4644,1280.8615034308523,1275.3349592557493,none
443364,4645,1278.550315354324,1277.6877446821993,none
443883,4646,612.4022096547674,711.0023850514764,r2
444883,4647,1271.5036257381294,1277.9480939122725,none
445883,4648,1278.8029916464611,1278.5230810142539,none
446094,4649,221.21640583097945,320.47671508360384,r2
447004,4650,1211.3696150686312,1110.4422880919205,r1
448004,4651,1283.4029364095557,1275.8253978671262,none
448405,4652,462.43879271613014,561.2659340784597,r2
449351,4653,1150.7305257959147,1252.4413191983047,r2
450351,4654,1280.7709641538147,1275.646057257318,none
450563,4655,322.0711042080822,219.7826137919234,r1
451318,4656,914.2558578463542,1014.4213473107292,r2
452318,4657,1280.7183551844062,1275.9922580181221,none
453318,4658,1276.363375122132,1278.6909380067711,none
454318,4659,1282.2520940437303,1275.9216741028658,none
455318,4660,1281.298909509491,1275.6307502579461,none
456318,4661,1278.5777828103846,1277.0701834711215,none
456403,4662,157.60004707732648,55.74152305495224,r1
456571,4663,265.2464848483181,163.04390976842456,r1
457052,4664,562.1389533877814,661.6212497530196,r2
458052,4665,1286.0574023874017,1277.8036793157773,none
458752,4666,948.6405586578544,843.5027333094038,r1
459752,4667,1282.8041285151112,1277.18655078328,none
459897,4668,134.7572283672822,236.26540186790837,r2
460897,4669,1280.7556213416872,1274.6855679391683,none
461635,4670,894.1964420908823,993.1770949853998,r2
462330,4671,833.2019809548362,937.9787527271064,r2
463330,4672,1276.2711805769475,1276.874385465525,none
463826,4673,579.4357885713041,680.3558378630843,r2
464826,4674,1274.9245998652557,1276.9658786525226,none
465469,4675,774.3583566107188,872.6200197782044,r2
465479,4676,62.35044474139469,-38.18423960515658,r1
465852,4677,428.2345144674421,526.8917802070935,r2
466601,4678,906.5904507565403,1005.0691320730289,r2
467601,4679,1277.2530340353148,1276.0603724114753,none
468147,4680,647.6395926229114,746.4694613296334,r2
468351,4681,210.12701083677072,312.1147450157349,r2
468668,4682,356.52470916959817,454.8261137974596,r2
469668,4683,1281.6758700457297,1275.9153737523575,none
470053,4684,442.5974954429098,540.6488141287637,r2
470574,4685,707.2557725865261,615.5686443839649,r1
471574,4686,1278.1095575523639,1278.279324598058,none
471581,4687,58.8999799103875,-41.60579310418354,r1
471592,4688,65.2058605810658,-35.5617240162959,r1
472592,4689,1279.7945714819205,1281.6944583336967,none
473045,4690,532.5870179021554,631.0406507273537,r2
473405,4691,511.5369118375013,411.0869743861626,r1
473433,4692,85.2401194458001,-16.042407206588877,r1
474433,4693,1276.156081330474,1277.4147959646746,none
474924,4694,576.4339502652011,678.6801703561131,r2
475150,4695,239.56169344740835,339.0043432183822,r2
475221,4696,141.41968581275415,40.3061060589243,r1
476221,4697,1275.1453374429218,1276.545577476703,none
476456,4698,351.0632632029707,249.1580695353204,r1
476645,4699,189.60046126939642,291.3102258804138,r2
476918,4700,297.81177989306656,398.1704916338614,r2
477835,4701,1225.6513811451046,1122.0205040840472,r1
478082,4702,266.52038351180687,365.9142240157094,r2
478589,4703,594.8209145408683,698.9579112475791,r2
478602,4704,67.55012373708416,-33.085477805994984,r1
478863,4705,283.0910094498926,383.2459949896448,r2
479863,4706,1277.1799030839172,1276.2921066051085,none
480268,4707,466.2119817964213,565.9959418834126,r2
481268,4708,1274.254583364018,1278.8973887298648,none
482268,4709,1281.7427117161678,1276.1283534622894,none
482573,4710,340.3823285372373,440.35112972329506,r2
483573,4711,1281.366912675028,1276.0256070138805,none
483685,4712,94.16199292195284,194.0221800376357,r2
484685,4713,1272.002985746949,1276.9417010932339,none
485685,4714,1278.16690659985,1271.515487876998,none
486685,4715,1282.6252746566656,1275.8215356400444,none
486860,4716,275.9042852684578,173.6975804166004,r1
487860,4717,1283.4049513972493,1278.623985698517,none
488860,4718,1287.4280935293814,1279.8233478504583,none
489860,4719,1276.2808004848032,1278.9362709847853,none
490860,4720,1279.8158332539456,1280.0693668581146,none
491490,4721,751.6826293306759,855.6542776574238,r2
492490,4722,1274.8341052557867,1278.700595900893,none
493490,4723,1272.008115293637,1279.9289554484826,none
494490,4724,1275.4578512100268,1281.869533675618,none
495490,4725,1277.0567578645139,1281.257250163991,none
496490,4726,1272.1810353733401,1279.9247108822049,none
497490,4727,1276.0887856080637,1278.4328737496594,none
498490,4728,1279.9620011686768,1279.9806545446984,none
498750,4729,283.1300571098134,383.47046702101625,r2
499091,4730,384.47026677345104,488.52411139800284,r2
499099,4731,60.70771256733927,-39.82750045984628,r1
500099,4732,1278.7906258597664,1278.5774305879943,none
501099,4733,1274.5739587827454,1280.802084106489,none
501180,4734,153.87506591413734,52.625012244499516,r1
502180,4735,1280.5021604947794,1279.3119318291863,none
503180,4736,1271.0147151055357,1279.9464548505039,none
504180,4737,1277.384929045476,1282.658116559329,none
505180,4738,1280.9122481212737,1281.3709748145195,none
505246,4739,33.135954899294696,133.2290870591358,r2
506246,4740,1280.4086166868863,1280.3612248668658,none
506661,4741,482.68885022623806,578.7667884105671,r2
507157,4742,679.8034308409314,582.6103135046706,r1
507399,4743,359.927926364654,259.77510188982905,r1
507943,4744,644.9921193462757,747.9226975927918,r2
508368,4745,594.3579692539579,494.32464291227103,r1
508655,4746,417.0030631237266,316.2216943270245,r1
509655,4747,1277.327796936573,1279.8569521272234,none
510655,4748,1278.3430485073256,1279.547236530544,none
511655,4749,1277.6256589597988,1279.6328166767942,none
512655,4750,1274.5697383395602,1279.9378476787265,none
513655,4751,1280.149804808636,1278.4277063268496,none
514626,4752,1189.1342210082473,1293.648872328346,r2
515626,4753,1283.8652822387312,1278.6473821362736,none
515927,4754,435.6221387019509,333.163178640884,r1
516927,4755,1278.4746641245326,1279.702345357401,none
517293,4756,416.3443953009846,515.8024333835875,r2
517311,4757,72.72376238916442,-28.238916775418495,r1
517370,4758,126.101793057045,24.20674912383732,r1
518310,4759,1156.8990913616722,1252.0634812924577,r2
518817,4760,700.0318225129715,600.1932288272424,r1
519162,4761,392.31049730052064,491.5846328228542,r2
519514,4762,501.5274947586037,398.00937116697594,r1
519525,4763,64.39103685889322,-36.36391188546981,r1
520525,4764,1282.7711283984365,1278.9252761606072,none
521525,4765,1276.9172616366634,1282.173056780668,none
522525,4766,1279.9928110428007,1278.0266707853616,none
523301,4767,941.4155716989071,1041.6969057873262,r2
524036,4768,891.1121253701699,992.5439833123472,r2
525036,4769,1283.6300382526208,1276.8833466797284,none
525051,4770,67.91240679329937,-33.15111287504345,r1
525500,4771,623.3115173438363,516.7685010653778,r1
526266,4772,931.8138043790419,1029.780385763254,r2
526521,4773,377.23680805904195,275.77841847146647,r1
527521,4774,1275.9050233169178,1276.1771980204917,none
527564,4775,104.28244563526138,3.328738492684998,r1
527685,4776,204.84004726198225,103.40898665616022,r1
528253,4777,671.6825301301684,776.5382984326153,r2
529215,4778,1182.1422946943467,1279.6552067839252,r2
529654,4779,608.7214565685415,508.44165407002544,r1
530627,4780,1287.8053332276893,1195.1234078421287,r1
531627,4781,1276.7580103806997,1275.8685657402866,none
532627,4782,1276.3734473470079,1278.3120954762064,none
533627,4783,1282.605427744366,1278.3067443571595,none
534094,4784,546.8701462116902,645.3358812849764,r2
534630,4785,636.8947493314696,735.9797822728174,r2
535113,4786,565.7453204727823,667.0804197740965,r2
536113,4787,1287.2066172342154,1280.2053160821108,none
537113,4788,1283.721790386819,1281.7491444154568,none
538113,4789,1278.0774686395982,1280.29953183531,none
539113,4790,1286.0590577032706,1280.2540946778727,none
540113,4791,1278.5498807867668,1279.1179822135073,none
541113,4792,1282.5353667575655,1278.1008879824856,none
542113,4793,1280.5717339067357,1277.970834816473,none
543113,4794,1284.2931483961431,1279.1438861401098,none
544113,4795,1281.5335725245302,1278.3636118727661,none
545113,4796,1280.867267319533,1276.1503607915072,none
546113,4797,1286.590299620628,1279.947988879954,none
547113,4798,1283.6952207928357,1279.6431075456417,none
547443,4799,374.2176127679057,473.0919870280884,r2
548443,4800,1285.440731852441,1279.2498684408447,none
548840,4801,460.4960615100587,559.6845409729052,r2
549840,4802,1284.301344635088,1281.694071427963,none
549918,4803,151.06333755638317,49.93903599917267,r1
550071,4804,247.3251940312424,145.00970488722214,r1
550349,4805,307.26345479721243,406.56816694268696,r2
551286,4806,1250.8085132185533,1148.9231836293836,r1
551853,4807,677.8297360867118,775.0751293068743,r2
552853,4808,1279.1459250978123,1281.076969167004,none
553853,4809,1282.2176480522232,1279.9600202178967,none
554853,4810,1282.872011425696,1280.955061835225,none
555853,4811,1277.6033361787327,1278.2037809625513,none
556853,4812,1278.2205618906764,1281.2977687781731,none
556946,4813,170.44333227020294,69.01892614631454,r1
557917,4814,1291.9596323961237,1190.9171748468866,r1
558538,4815,839.7635659955146,743.4762705338809,r1
559538,4816,1275.9454700169952,1277.7097611905194,none
559959,4817,489.47982510363147,588.6524648921485,r2
560007,4818,8.696066466256248,109.86679983613773,r2
561007,4819,1279.9192575421196,1278.5677007525132,none
561488,4820,569.0101137922219,664.8726449054733,r2
562488,4821,1286.091530098674,1278.5216304928156,none
563488,4822,1275.6400190721986,1278.5237634476928,none
564182,4823,941.3361252595778,838.7820770270221,r1
564897,4824,957.8095459734528,863.3648522403996,r1
565320,4825,593.937171588888,491.6784201889896,r1
566320,4826,1285.2370059313685,1280.5363676375375,none
567188,4827,1159.7775359593861,1060.1958461746972,r1
568126,4828,1245.105059083336,1147.4600040944435,r1
569126,4829,1283.459215857829,1280.8082531016212,none
570126,4830,1287.3494165115155,1281.3296363050413,none
570434,4831,344.33474704921844,443.36122288103553,r2
571231,4832,973.3778163085138,1071.36117592686,r2
571288,4833,123.2306865353409,21.83316271843227,r1
571574,4834,315.2868593958432,416.3504721428438,r2
572331,4835,1021.7395129355695,919.2224178003181,r1
573331,4836,1283.7178988204935,1280.7555229900634,none
573355,4837,81.61989479639965,-19.1571407121878,r1
574185,4838,1008.2134535814886,1113.1890963975713,r2
574299,4839,197.19383699849908,96.22210285474692,r1
574608,4840,346.4209137788138,446.94276137489385,r2
574723,4841,98.16983088806245,198.2645143316376,r2
575723,4842,1288.2932055793485,1282.3094231429088,none
576356,4843,863.4556262061517,761.587751166999,r1
576484,4844,114.7908321548756,215.47121471374706,r2
577368,4845,1184.8349941102845,1081.2840760507522,r1
578368,4846,1284.0941046248965,1282.4210683412202,none
579368,4847,1279.5336585804603,1279.7855298612883,none
579941,4848,785.8740275885443,684.2718231947227,r1
580941,4849,1288.5251606851577,1281.6410930232498,none
581941,4850,1280.6971936686534,1280.2168838346709,none
582941,4851,1275.332409937942,1283.3443108670567,none
583286,4852,392.3439123988911,493.0109415355371,r2
583359,4853,144.24601473326328,43.432132552917174,r1
584280,4854,1131.320686011799,1231.362139228309,r2
584706,4855,498.5054152878486,595.7218475112447,r2
585706,4856,1283.14139002126,1278.7381819390037,none
586663,4857,1173.903168244143,1276.557945374473,r2
587663,4858,1284.6530165471117,1281.7444866387193,none
587944,4859,408.19776445589696,307.53341605441113,r1
588944,4860,1284.246522499626,1281.9147528047636,none
589267,4861,364.5952733765176,463.62523707424583,r2
590267,4862,1284.072004028575,1282.9096151425865,none
590512,4863,362.3717129132048,261.1358702881145,r1
590953,4864,517.1247082986295,616.7753740059663,r2
591953,4865,1281.8278924518495,1277.6223936372194,none
7,0,53.30855464550323,-55.32988437531665,r1
13,1,67.45905817174712,-30.029133421818067,r1
21,2,-6.06778365417242,-6.192240431718815,double_ko
27,3,-27.52012264156357,45.46440348609641,r2
34,4,47.35517707555366,-55.49780446468735,r1
40,5,-34.81566835557379,69.05440535988281,r2
45,6,48.59576423657196,-29.300149935119446,r1
50,7,-30.860344223151806,61.689379335165846,r2
55,8,-53.94459617389207,48.48443579542373,r2
65,9,-3.049018936836209,16.626781157566306,double_ko
72,10,-26.659077976167712,63.23812838316987,r2
77,11,-33.83231142936862,67.77250537130874,r2
84,12,-35.8300088685763,53.70921963246353,r2
88,13,53.07173978352526,-37.460963661123415,r1
93,14,46.211442937299765,-33.04578999207145,r1
98,15,-30.01639007356371,52.938440969134334,r2
107,16,-2.256697710286475,21.90922532964656,double_ko
114,17,-28.011145073511578,55.14072418226251,r2
119,18,19.46503441209408,17.554584540249326,double_ko
124,19,60.95452875083972,-29.00061763555025,r1
131,20,47.00256004951552,-36.24113545853826,r1
135,21,46.941045737641986,-32.89038651755863,r1
141,22,-27.39677051351533,53.20948246530412,r2
149,23,66.29193119462337,-56.13456843143418,r1
153,24,54.477579759011896,-53.16255709408021,r1
163,25,68.20030208459883,-57.66651291293899,r1
170,26,-28.902464172866573,44.9030556035792,r2
176,27,-27.32713856092576,48.56739705497872,r2
181,28,-31.05226773704922,46.16843909200971,r2
187,29,-27.89692350117424,45.416453110578445,r2
192,30,21.9646073687366,14.715116595612773,double_ko
198,31,65.23157345278486,-35.29074388577118,r1
204,32,60.13900394457181,-28.233922193741783,r1
208,33,-34.24617456587816,61.22239940676407,r2
214,34,58.04948781238455,-28.409782448495193,r1
221,35,25.526263379892185,24.62649773306099,double_ko
225,36,47.09832017131342,-38.21393548712697,r1
231,37,-32.005280086587895,67.25208160756422,r2
238,38,25.74843484927747,-5.476016564691193,double_ko
242,39,-53.13047923032656,47.031877171290766,r2
248,40,56.74065705500185,-27.69474855886019,r1
254,41,-30.905432280242934,48.08599270888702,r2
259,42,-27.34182305835685,46.3182752229397,r2
269,43,67.88155975403448,-55.506898707664334,r1
274,44,16.20588041284463,22.116707275017163,double_ko
283,45,-31.70287343468286,61.29155791840324,r2
289,46,67.59196198052285,-35.36545052097144,r1
294,47,46.191478215311776,-53.92732136080009,r1
299,48,46.213264913215035,-53.963738850365615,r1
305,49,-29.022145480977656,65.44044381119947,r2
312,50,44.78073659386736,-53.24275966552469,r1
319,51,24.19909475849628,11.259849524143206,double_ko
326,52,-55.415333811000124,61.24210372248223,r2
333,53,64.45007034915008,-33.1126270338658,r1
339,54,63.83431807032362,-43.21634442276773,r1
345,55,45.38552078978863,-35.41645421051914,r1
350,56,-33.28945969705321,56.97872575631828,r2
357,57,20.007806401015827,-5.417328242907012,double_ko
362,58,46.232392535637715,-27.272946948900618,r1
369,59,-46.27042317840613,50.457950584584154,r2
378,60,74.33096528429158,-27.74161288929593,r1
383,61,-53.880472458144475,46.23585875169303,r2
388,62,58.73760469516367,-32.06201103051613,r1
392,63,-53.137188826945525,56.32386968067504,r2
398,64,23.536038559974095,-4.710997188764776,double_ko
402,65,46.917690619661116,-31.62796631801613,r1
409,66,49.35944339105168,-26.444352126211008,r1
415,67,-26.58524185629259,60.52987781551744,r2
420,68,48.5444846046099,-27.674679433029272,r1
426,69,50.36842775084806,-49.00143482320328,r1
431,70,54.27797701628401,-32.36230297072142,r1
438,71,59.63099065384547,-26.034213234718848,r1
447,72,53.803103732057274,-54.748607118220484,r1
453,73,57.69531539378927,-32.36347740828583,r1
457,74,-53.16881933423912,63.739278838801056,r2
462,75,-53.94090491689233,66.54643321978754,r2
466,76,57.77259945175272,-32.41804874674967,r1
473,77,-34.54017745269954,44.55209584971493,r2
485,78,48.53311951585318,-26.352695122535803,r1
492,79,13.817022347339616,-5.530678294705883,double_ko
501,80,43.138784999477714,-28.99223731504858,r1
506,81,58.426133286649545,-33.414828049557755,r1
511,82,46.26298788658191,-29.806177550067318,r1
517,83,14.851654866104772,22.91622989516539,double_ko
524,84,-5.360347082834569,25.948508520738784,double_ko
534,85,20.1785319724816,-0.5807010026986543,double_ko
539,86,63.91791187357904,-32.72711658917452,r1
545,87,-31.443343721753802,50.57073892857618,r2
551,88,-43.13476853877463,66.94838109243703,r2
556,89,46.17721498338209,-31.399431210338996,r1
560,90,-38.043043021656445,49.42167250211231,r2
564,91,-3.149167306905026,17.09792237877918,double_ko
569,92,61.60780696665267,-29.533614246553064,r1
573,93,46.98175526648822,-34.757808184310385,r1
578,94,-27.55604095012539,52.0440156527804,r2
586,95,73.10480982037184,-30.228980876714424,r1
592,96,22.212078814499016,17.880225564185004,double_ko
598,97,62.65501689949921,-32.74595966276622,r1
604,98,-54.67362965692392,69.99857245303966,r2
610,99,-26.058068623989612,64.15081400123533,r2
620,100,-1.9542087502650511,-2.8819068156223366,double_ko
626,101,-39.85500109393559,45.45153002702249,r2
631,102,-3.925246694979837,16.179220385156558,double_ko
636,103,-32.24571645771367,59.715179523602245,r2
641,104,59.86165147741434,-35.73886608081445,r1
648,105,-53.120642208818126,63.02971075210011,r2
653,106,-28.297596621486985,46.23228836470281,r2
661,107,46.39808308553361,-24.28986730254741,r1
666,108,-28.412506594715552,50.96973001147076,r2
672,109,-24.393260976683152,45.2826215324916,r2
679,110,-28.87725584566615,70.88397116053157,r2
684,111,-36.08763115788217,65.0378851781705,r2
688,112,54.42605969800806,-34.12043757353932,r1
694,113,61.95459889754812,-54.76241316038267,r1
699,114,63.42639503724752,-26.87234230599576,r1
705,115,-26.776500244914853,56.02129796059107,r2
709,116,-34.08476721671984,52.0741854777068,r2
714,117,59.369250284351615,-29.81442613086093,r1
720,118,-36.98986240363047,47.87527596978386,r2
726,119,18.15652526933657,-4.680757491347595,double_ko
735,120,-32.95133973197013,69.18532083354093,r2
740,121,-31.97774444038512,67.77128162789376,r2
746,122,-4.609563462612503,20.737256207105425,double_ko
753,123,-29.256239973547263,52.72329597948304,r2
760,124,-34.1715381495887,61.5955970999006,r2
766,125,47.73187226519247,-54.73993280673083,r1
775,126,61.4267211945022,-57.039102029959885,r1
779,127,-33.7158736138863,58.36878237555125,r2
784,128,55.64037052267194,-29.157159453145717,r1
789,129,-53.917292133659174,63.013861510958165,r2
796,130,-53.28846637879912,63.288696462019104,r2
802,131,-33.07325930869805,45.39023494895347,r2
808,132,-54.707521372215815,64.40808520810964,r2
813,133,51.55455647645122,-53.855384245209336,r1
819,134,70.18463045904514,-30.737181202900366,r1
826,135,-25.76548395530601,44.60346776918525,r2
832,136,45.503079605999446,-33.353190352621304,r1
838,137,-25.278798931208772,52.99924397998828,r2
844,138,19.683581702728926,-4.624474165376401,double_ko
848,139,63.85872340579239,-53.109700765309626,r1
854,140,63.15763901901022,-34.13872440149772,r1
860,141,-4.670618538294853,17.711951144498958,double_ko
869,142,57.033239136580846,-21.603028538030316,r1
874,143,-53.94430299414686,46.0826079286634,r2
878,144,46.95021135338969,-31.385150027463254,r1
882,145,46.959099903105724,-33.44024681609946,r1
889,146,58.49457590544394,-55.56120916047812,r1
895,147,56.7701881343206,-27.131470840663532,r1
900,148,-4.039372952532816,17.171864339164372,double_ko
906,149,45.366966741224545,-27.34088071350628,r1
913,150,49.47104615871742,-32.33149077945731,r1
924,151,41.71604036162882,-56.05143109497767,r1
932,152,-6.1630197871378956,22.155312808455925,double_ko
940,153,46.01422581304723,-56.19077211349278,r1
946,154,-54.68738488081489,48.03600126044916,r2
955,155,-20.932373871825828,72.78743551239438,r2
959,156,-53.11919704728666,56.59668714590142,r2
968,157,-54.877638699477146,47.923846799976275,r2
976,158,-23.893556112690284,43.812240760552726,r2
982,159,67.42954855120648,-27.951052486067532,r1
987,160,-53.89088725784351,54.772117368980425,r2
991,161,-53.22054907596741,47.136850781536246,r2
995,162,46.96906957168256,-33.27472172249048,r1
999,163,47.039590087516196,-32.95987605871183,r1
1004,164,-3.9031813109144924,17.601413153693763,double_ko
1008,165,57.143288721677855,-33.00642940876607,r1
1012,166,-53.15105535925471,57.101181717974065,r2
1019,167,-35.28815527917459,52.608721182843176,r2
1025,168,47.71005988183465,-30.674482176770578,r1
1030,169,57.16011046347882,-32.065616213699066,r1
1036,170,14.489182170619463,-4.574697386991742,double_ko
1042,171,22.20981255715371,21.462841516437805,double_ko
1047,172,48.90847442369982,-53.940079638301455,r1
1052,173,46.147908115245485,-33.50623253372097,r1
1058,174,-27.931509957124007,62.10621410474339,r2
1063,175,58.36083210586459,-31.93996886790824,r1
1073,176,42.39590950884714,-55.12878245614808,r1
1077,177,46.90716851487719,-32.37988313528297,r1
1083,178,-36.641838375517736,45.38304922319551,r2
1087,179,-34.97593935881507,55.68283423227699,r2
1093,180,56.76246129863251,-38.134968678736016,r1
1099,181,53.16724708422335,-27.454167722248812,r1
1105,182,-28.80633583282057,45.50165455281301,r2
1112,183,44.70500429689673,-30.91853730846453,r1
1118,184,-2.3360612570247126,21.23636993930242,double_ko
1122,185,47.04323172969218,-35.03348756841791,r1
1133,186,-29.049565429577477,57.08799614202195,r2
1139,187,55.018513310383646,-40.94657167709582,r1
1147,188,-36.78132111017442,57.79217440523676,r2
1154,189,46.83587067950652,-27.38060432000657,r1
1158,190,-31.46892424472614,65.11922834282463,r2
1162,191,-35.501446598309855,59.43039970602511,r2
1170,192,-24.435175216547083,66.84707781186319,r2
1175,193,48.37602682702477,-27.324024476769132,r1
1180,194,-53.95844539430295,50.79079446770555,r2
1184,195,-32.45001754525579,60.265433034405426,r2
1189,196,-32.54235065189184,57.84682122444426,r2
1195,197,-30.12158036875999,47.661255787044375,r2
1202,198,23.819808775448553,25.07179737061753,double_ko
1207,199,63.45581793535392,-33.12180676643135,r1
1215,200,-25.31160358117699,44.082125484009396,r2
1219,201,-53.187245289038906,61.46060005326913,r2
1223,202,57.89330568674374,-36.50547044907569,r1
1228,203,-31.187644810356723,60.73054715584524,r2
1232,204,-50.92544747613961,52.78136127234249,r2
1241,205,43.11568508407356,-56.88721234325835,r1
1249,206,-33.33530354099685,59.600934817966504,r2
1253,207,60.7540617247501,-32.52518805231266,r1
1257,208,-34.42030389825098,46.958103922907085,r2
1265,209,-34.92032708045446,43.91471578086184,r2
1273,210,-46.56714121582976,62.212202815451924,r2
1279,211,-29.248931356808,61.7927887607708,r2
1283,212,-34.77887730704493,46.998308261265045,r2
1288,213,62.297745249791305,-26.42136421073412,r1
1296,214,51.400607591732765,-56.14602017055343,r1
1301,215,-28.533744238468866,63.52477197649509,r2
1308,216,62.649439748793135,-30.94841163948041,r1
1313,217,46.244549252849225,-33.905489364886705,r1
1318,218,59.77235961059459,-32.24576520271228,r1
1322,219,60.442974646419884,-36.26783503332151,r1
1328,220,60.60553043980586,-23.673122827884995,r1
1335,221,-25.34955467154387,58.6853539761902,r2
1340,222,53.60976436826483,-54.0140168119742,r1
1346,223,-54.67842970425154,50.08656156592254,r2
1351,224,-30.542879187106152,48.56232209245741,r2
1357,225,-26.675708544982406,53.05403143758105,r2
1362,226,17.109815093361153,-3.980611288580949,double_ko
1368,227,50.15839654711957,-54.78144199812338,r1
1374,228,14.116304272692364,20.308551531730153,double_ko
1380,229,-27.4393908272485,60.432927409557685,r2
1385,230,62.03041630445429,-36.621652400222345,r1
1394,231,19.026305108931943,16.77705917118368,double_ko
1400,232,20.453012420430415,24.397810460448063,double_ko
1408,233,-27.300283941435815,51.6796028083728,r2
1414,234,-24.597578720588622,52.86198475447367,r2
1418,235,-34.66036630425671,49.52585401233968,r2
1423,236,64.29311047823754,-28.126876241774156,r1
1429,237,58.635349472701996,-30.501313502523388,r1
1434,238,-36.99044360363458,48.31427640040796,r2
1440,239,26.680353225374013,23.127073488416006,double_ko
1446,240,-4.696943791260485,18.43409175120381,double_ko
1455,241,54.69167621938915,-21.60082012911498,r1
1463,242,-28.530263333669257,62.04542996242227,r2
1471,243,-26.67120467273642,64.59171657193347,r2
1475,244,-35.92741249807502,63.490370250241334,r2
1481,245,50.244739348306894,-32.43655120996479,r1
1489,246,-21.691849478488727,68.65882097381933,r2
1496,247,44.76864704938414,-55.41988197085444,r1
1501,248,-36.304756556327575,51.93203656196793,r2
1508,249,-3.0238901001106413,20.352460039704404,double_ko
1520,250,1.4362777059098737,26.966832759849652,double_ko
1525,251,18.336202769662833,19.929184724663134,double_ko
1532,252,-55.47224717874146,54.38034845630463,r2
1536,253,-33.931838262682064,55.75663072719751,r2
1541,254,46.133062353177195,-53.92633924421074,r1
1548,255,24.046596108210863,24.31918743300688,double_ko
1555,256,-23.17450977871633,61.86346591426303,r2
1562,257,54.32419514055244,-23.195676996586045,r1
1573,258,-16.069913131013358,49.39514476511341,r2
1578,259,-27.107851694488755,51.33102989132785,r2
1585,260,50.095673937497196,-25.719962211417865,r1
1589,261,46.914411615570664,-33.781600813481944,r1
1595,262,66.32702337792294,-24.013982280735107,r1
1601,263,-27.19258813095172,58.24984115768868,r2
1607,264,-34.61756760388449,45.40324015597813,r2
1613,265,-52.01065628616885,54.41567842271405,r2
1625,266,45.15492440612379,-54.32113329650687,r1
1633,267,54.7995717249301,-54.13871095031613,r1
1641,268,44.01659161842604,-30.806752985978108,r1
1649,269,-30.447143205988805,43.90424797704736,r2
1654,270,48.695881493664324,-31.98292746751885,r1
1660,271,-4.681063775874427,20.68448059811358,double_ko
1666,272,-54.73090867486277,50.22088301689821,r2
1678,273,69.54357925731264,-51.37459962812731,r1
1683,274,-32.29546360379585,67.07339956608847,r2
1689,275,-29.09020068709171,55.53847822559188,r2
1697,276,54.27827615044196,-26.160262446633517,r1
1705,277,-56.265465511733105,60.70903366401108,r2
1711,278,45.54449665521277,-25.926520075411673,r1
1717,279,47.72792560618774,-31.83089993666317,r1
1721,280,-53.163398387725806,61.665998682975605,r2
1729,281,55.59113640402504,-29.510371876812137,r1
1734,282,64.47951839008206,-30.878346432446122,r1
1739,283,19.79459880603703,20.04747881096244,double_ko
1744,284,65.55252903036762,-53.91552819297933,r1
1750,285,-30.371689188258614,66.37219425606246,r2
1758,286,57.200158178995025,-26.608768072814023,r1
1764,287,15.327642530948012,21.7974196110273,double_ko
1769,288,-34.3910385242402,61.15605619617599,r2
1780,289,-21.34405668660713,46.03295019760618,r2
1785,290,-32.66379983377942,68.28067509401049,r2
1793,291,-56.213144826666166,69.6091265295903,r2
1800,292,-28.87464595306996,44.60010451975117,r2
1804,293,46.85225703931966,-32.29272167810791,r1
1811,294,44.72354205482966,-24.409458114268283,r1
1817,295,-26.615352939062003,65.91268126244381,r2
1821,296,15.742328325025902,15.764640922576152,double_ko
1828,297,-55.42966347738576,56.294473978815454,r2
1838,298,-53.37099480566188,47.05822620605096,r2
1844,299,24.797695322555516,10.462581562041935,double_ko
1849,300,20.776090302270337,20.2271423353734,double_ko
1855,301,-27.751830075070277,61.341608130785396,r2
1860,302,-3.914945960283818,19.5812327949108,double_ko
1866,303,62.28040358860053,-28.293337984653558,r1
1870,304,-33.00470930348454,61.215579650765385,r2
1878,305,66.74698817387278,-37.77311540307548,r1
1883,306,46.23161978653387,-53.9428733274232,r1
1887,307,14.520782211232266,17.31240078679507,double_ko
1891,308,-32.76953009150347,57.19889898224743,r2
1897,309,-34.269723971139065,70.03091892235517,r2
1904,310,18.63332067672106,27.386427587012967,double_ko
1908,311,13.837193207237185,17.19863684281552,double_ko
1915,312,69.91598471634339,-33.28861627588144,r1
1923,313,52.05034705894649,-29.844122384486234,r1
1931,314,-31.488660435710795,62.4759149687724,r2
1936,315,-34.99068002890562,46.197633818649,r2
1943,316,56.91250169039253,-55.41327193971523,r1
1949,317,21.693814988137035,-4.696680109474125,double_ko
1955,318,70.40603252595457,-30.560797492745067,r1
1964,319,43.32759607106493,-26.246639547476324,r1
1970,320,-34.27379812301893,45.31622919057747,r2
1979,321,52.84291405343694,-31.08658894013379,r1
1985,322,65.6603054854607,-29.876758987502367,r1
1990,323,-53.990293835759445,57.08709700550086,r2
1997,324,-32.24576804241964,54.3236003601882,r2
2002,325,-54.031487700440714,57.80488926871588,r2
2012,326,-53.31694976834765,68.35249700591532,r2
2022,327,-57.577178982484675,71.51667654513624,r2
2028,328,-23.742185937058903,67.42513087900326,r2
2035,329,69.58135004555697,-45.00962203185295,r1
2041,330,-54.66522375717162,45.506982177284165,r2
2046,331,46.32207469818266,-31.254841151042626,r1
2055,332,8.920563067279353,26.660979007322727,double_ko
2060,333,13.500191847119385,16.35076884761636,double_ko
2065,334,51.45009284325488,-30.829438548259013,r1
2070,335,46.26551584657856,-32.09609755311723,r1
2075,336,18.423171687552617,20.535120465385464,double_ko
2081,337,63.8542080849571,-31.851395224924232,r1
2088,338,44.75800513132887,-24.732205753364447,r1
2092,339,-31.931636362568128,58.36311698202822,r2
2097,340,-29.7490295464948,66.69823042305033,r2
2102,341,-31.06107447243251,64.2097009619242,r2
2108,342,-30.43534078799061,50.790478386347615,r2
2115,343,57.48690302086196,-33.41551401500118,r1
2119,344,-34.62976990881856,49.50639191964239,r2
2126,345,-32.40340585545748,68.80002019641034,r2
2131,346,-31.437071251450686,62.512802979512166,r2
2135,347,-31.38568387759976,49.14736695779959,r2
2139,348,54.72874317743538,-31.526865608405682,r1
2143,349,49.13642728634251,-32.83305460297734,r1
2150,350,-55.40670770491681,67.50815505926343,r2
2157,351,-55.53759260001552,44.67200233234113,r2
2163,352,22.6061576273735,21.421538406328587,double_ko
2168,353,-32.5594530273481,63.74400532462717,r2
2172,354,47.00534977926946,-31.62345018054405,r1
2178,355,-32.48220787002332,69.79161509786313,r2
2182,356,-31.725294733945372,60.176794827246376,r2
2189,357,21.37248644441668,19.729073580687704,double_ko
2195,358,61.714491879216226,-29.885351851268275,r1
2200,359,55.954353349029155,-31.798855522027665,r1
2206,360,60.810820387844025,-29.39919989912946,r1
2210,361,-31.73525993797969,64.41540532035219,r2
2215,362,64.90481575875334,-29.92283572997061,r1
2219,363,-32.97646255026447,57.55114007663526,r2
2223,364,-35.25959110701456,53.79598151785474,r2
2228,365,62.47990198459432,-29.455340462581418,r1
2233,366,-38.46293927660888,66.44401309158823,r2
2239,367,23.538017339827526,18.053026548518773,double_ko
2244,368,55.73294781501008,-29.83102741564713,r1
2254,369,-21.12319603515802,74.45309716094022,r2
2259,370,-30.121121177551817,60.404665581047375,r2
2264,371,56.40201035504935,-30.627256038880926,r1
2270,372,57.64310091475693,-28.67781954881382,r1
2280,373,56.5599278666566,-57.62184766170995,r1
2286,374,-28.484822956595927,47.90989721103995,r2
2293,375,56.09418815753846,-26.64574724352668,r1
2301,376,53.5497490584263,-25.49593219425033,r1
2308,377,44.74542408486538,-28.062549720179668,r1
2314,378,50.01180246192608,-25.062127231534912,r1
2323,379,47.76702858587957,-23.551515900706832,r1
2329,380,-24.26044695773662,73.5241238914299,r2
2336,381,-23.584763788189456,49.21953033239237,r2
2343,382,69.68591522550398,-23.277890530173714,r1
2349,383,72.99975901696197,-26.484784046191034,r1
2356,384,67.06487270484968,-22.80661708578018,r1
2365,385,-20.187274405932556,68.52388174413414,r2
2369,386,58.515569290479235,-32.3873281364826,r1
2374,387,-36.309811805877345,67.57336266540337,r2
2379,388,70.21540766000744,-33.71467254669581,r1
2384,389,65.83007449546486,-28.428809453415823,r1
2392,390,73.6738814588383,-30.47458273927888,r1
2400,391,57.133041721523256,-28.94479473254924,r1
2405,392,-32.65081324321555,62.63909845834063,r2
2412,393,-24.58205346463876,77.60579278369026,r2
2418,394,18.16794720531701,21.621545639574364,double_ko
2425,395,2.7519262966671154,24.63032778000953,double_ko
2435,396,-29.557033147013794,67.747786251456,r2
2442,397,25.737482960467627,25.686490223104396,double_ko
2449,398,18.53344282422307,22.6531219139439,double_ko
2457,399,8.01803713221901,29.626132636095424,double_ko
2464,400,20.43908670624302,25.584386434613123,double_ko
2470,401,25.22204215354572,21.62969125607752,double_ko
2476,402,-34.39973350660922,61.45516667087517,r2
2480,403,-35.10987456782859,59.712366995165645,r2
2485,404,63.59906063272529,-28.159879092104035,r1
2491,405,69.48712640078466,-26.14461928930576,r1
2497,406,67.17841460912278,-28.681307855175298,r1
2503,407,-23.69976197231727,54.1009717942636,r2
2508,408,-33.77317386179834,65.86583654332914,r2
2514,409,23.547246024584673,22.1623373127003,double_ko
2519,410,-29.74851876106365,57.49252688851097,r2
2526,411,51.01882223937933,-24.419875411605844,r1
2531,412,-28.172480942308507,68.79310253747988,r2
2541,413,25.986831303059915,26.822492321445484,double_ko
2546,414,-29.376145995818042,61.458420495046795,r2
2552,415,-25.149923690474356,67.34858833526096,r2
2559,416,72.06281822446407,-29.140979979737033,r1
2564,417,65.62574531700247,-34.513833564327626,r1
2570,418,-23.744507947156293,73.97317170871204,r2
2575,419,63.175421496029045,-31.453065353597673,r1
2581,420,-27.361617320945335,62.88572971117554,r2
2588,421,-23.136397083284322,44.729942290058865,r2
2596,422,-24.311626279238702,60.25698071738602,r2
2602,423,26.906212868734713,23.73929183972483,double_ko
2611,424,-21.538259681239648,55.710238087088236,r2
2617,425,21.710592241825932,22.044073189828712,double_ko
2624,426,25.932847599310687,26.63046569353777,double_ko
2631,427,19.57844213466975,24.38263989209451,double_ko
2637,428,-26.949155912792573,66.02630103452813,r2
2644,429,-25.0685597245918,63.06162424085417,r2
2649,430,-28.122676167715525,62.115068323139326,r2
2656,431,21.52512902273511,26.936132812613963,double_ko
2661,432,-30.956807713932275,64.2877866201101,r2
2666,433,-27.754540368150295,68.01303583885314,r2
2672,434,65.49742209846202,-24.828529907686082,r1
2679,435,27.830902543917965,28.07252180104763,double_ko
2684,436,71.95816559843018,-25.95220612182423,r1
2689,437,-27.892228409416163,66.1040735901163,r2
2695,438,67.2467616601348,-23.56873534103739,r1
2701,439,-25.531848140045483,68.51514109292701,r2
2706,440,-27.687543706767798,55.168060836184964,r2
2712,441,-24.849596490954447,64.18598198359396,r2
2717,442,-26.216267338990157,64.20106774270315,r2
2724,443,28.75929935453437,29.347535090690002,double_ko
2730,444,-23.764229939456705,64.99102167265748,r2
2735,445,59.6996313450714,-29.391843140839214,r1
2740,446,-28.418594873795872,61.52084495235927,r2
2746,447,-27.576691186764748,65.62973375691492,r2
2751,448,-27.735129602124,68.30091391516675,r2
2757,449,66.64572885304935,-26.99933325142149,r1
2764,450,54.241384444180454,-22.769042822211176,r1
2770,451,61.31856105345793,-29.81977099127752,r1
2777,452,25.294469415322688,26.611171414477088,double_ko
2783,453,-26.142875301886868,64.35981509096112,r2
2789,454,-24.008176348681815,67.9790041361678,r2
2795,455,-27.171576886800135,64.73120705463828,r2
2801,456,-30.83916626528034,75.34873333880203,r2
2809,457,31.521786759774436,25.4284013392762,double_ko
2815,458,-23.527941068223384,73.05535863695513,r2
2821,459,-28.886320460726843,70.74650483691744,r2
2827,460,-25.03135736280891,64.95242777878714,r2
2834,461,72.42924249437442,-27.306814167833608,r1
2841,462,-22.189689333935476,53.13347880607095,r2
2847,463,-29.55625924348174,55.6818181828606,r2
2853,464,55.752397202779974,-44.71587814030896,r1
2861,465,-21.16797022104318,76.77250770507574,r2
2869,466,-25.935772014582746,61.15243465588581,r2
2877,467,25.449647205551585,27.67642505108749,double_ko
2883,468,-25.032846659171838,73.87629451118441,r2
2889,469,68.5134083444202,-24.813564868420492,r1
2896,470,-23.31881078174835,75.16720484593057,r2
2901,471,60.39880561076704,-33.30105084818551,r1
2909,472,24.742404335824492,23.192625349659828,double_ko
2916,473,24.4728446400828,25.548463307841324,double_ko
2922,474,-25.41723057538168,60.060825823884116,r2
2929,475,-26.190396894746314,65.55229905953368,r2
2935,476,70.27387558225094,-27.643065955211952,r1
2941,477,-27.86942184569198,63.37357584679679,r2
2947,478,-25.47732749508581,60.627911246651,r2
2952,479,-26.214721397338387,60.43095596608972,r2
2958,480,67.3864369567323,-27.925229215117557,r1
2964,481,-28.565133649414257,66.74586446945966,r2
2970,482,59.787228121460785,-27.66337750270882,r1
2976,483,-22.979245805095704,71.85701317698896,r2
2982,484,-32.88082775563289,66.10236292438435,r2
2991,485,20.18307577963712,17.76008546319046,double_ko
2997,486,-27.701469143777587,67.76563829770595,r2
3003,487,65.95062564016195,-26.19021937685428,r1
3010,488,55.33158380595291,-25.707079664990516,r1
3016,489,-25.62352537225056,65.0707511871225,r2
3023,490,68.43630931650273,-24.144673046188004,r1
3030,491,-26.146866752173985,65.49543726115628,r2
3036,492,-27.229320783337023,62.4887857845048,r2
3044,493,28.780519594872164,29.893064192863697,double_ko
3050,494,17.6262159240478,21.8216834696872,double_ko
3057,495,55.626080807109076,-26.56544576342284,r1
3063,496,73.85192405657426,-32.71423425056536,r1
3069,497,61.01241669206858,-28.16319942637248,r1
3076,498,51.5794459107707,-24.37179324844559,r1
3083,499,55.48062208763988,-24.596052927369392,r1
3090,500,-26.09046564842052,66.7802012413138,r2
3099,501,20.112798426141982,31.3485803125041,double_ko
3108,502,58.424242526350014,-20.9798034873461,r1
3121,503,-14.847035224072943,42.515946549007865,r2
3134,504,47.503051367576774,-20.816325216874198,r1
3142,505,-27.315768021960366,70.48638639065746,r2
3149,506,-28.961961150474743,57.119977003633515,r2
3155,507,45.50874206195507,-24.126104777926148,r1
3163,508,-23.63012394510778,69.79500000344963,r2
3173,509,-57.76903473498076,62.950789812209266,r2
3180,510,-30.949845938776335,67.27578471396836,r2
3191,511,65.15282775888686,-24.498801078820957,r1
3198,512,68.94191934055692,-24.672415358092007,r1
3204,513,50.12293804357872,-30.087534172052887,r1
3211,514,-23.087778385210132,54.59515003358828,r2
3217,515,-36.88966478487192,58.236651118480985,r2
3225,516,43.67729122042746,-23.463457825329133,r1
3232,517,-23.702239284688496,57.765741116808854,r2
3239,518,63.57737074980792,-23.956258852322883,r1
3250,519,-53.6474130160428,73.09647813683333,r2
3261,520,-3.055446275925311,19.628130479720138,double_ko
3269,521,51.671409839077995,-34.191949440949045,r1
3276,522,-25.865666539416956,44.622582062689474,r2
3287,523,43.98471387729599,-25.37776619803393,r1
3295,524,-31.630653147328108,69.96091354831998,r2
3302,525,-55.61166094867936,69.83593002949317,r2
3309,526,-23.904635929661225,63.083348752630826,r2
3318,527,-6.968849231696523,29.13676960960646,double_ko
3327,528,-57.12706779210483,48.35593346209888,r2
3337,529,-24.9248257819892,60.718472462393436,r2
3346,530,-57.0377679254366,78.8997833271739,r2
3357,531,47.220486799899646,-24.241754061101297,r1
3369,532,-4.719317194911847,-9.26535528851807,double_ko
3378,533,-54.69940078473811,65.69060028714955,r2
3389,534,-58.72871116225009,46.648955506584834,r2
3398,535,-45.38310906303506,67.42842970905387,r2
3408,536,-18.61457157478541,63.82292757133412,r2
3414,537,-24.0364353064394,55.97868885885593,r2
3425,538,-6.140763311035329,28.017881637470573,double_ko
3430,539,-53.95452274430649,46.1274096859797,r2
3438,540,-32.33720613865657,48.9050215933569,r2
3446,541,-56.23461436727339,48.84948898114831,r2
3459,542,53.23011096556384,-21.704926944101818,r1
3466,543,46.90140386624522,-23.74137111078096,r1
3478,544,50.971522676585934,-57.114813412753804,r1
3486,545,43.93493385302045,-35.40220859229796,r1
3500,546,44.29850953576148,-22.738066225362772,r1
3515,547,-56.4285988103021,62.94424796615679,r2
3529,548,-56.015360859345996,39.401646495727036,r2
3537,549,43.86196477865178,-24.92970320885129,r1
3545,550,43.75509533549516,-26.150547705364147,r1
3553,551,69.44305739680217,-26.09797281639749,r1
3567,552,-50.31669641281908,59.411227990820606,r2
3575,553,53.88205177085141,-30.67533268984427,r1
3587,554,53.718897841253195,-26.04244749779714,r1
3593,555,53.270971685614896,-32.44835196435192,r1
3598,556,48.50479563596745,-53.80523354883336,r1
3606,557,56.236017694495935,-23.798934374439504,r1
3615,558,-54.65152938810611,48.351091980269004,r2
3625,559,59.35266620535527,-50.92567035394078,r1
3635,560,-57.97627486557078,76.47188923786038,r2
3643,561,70.36541345527505,-53.914162157891326,r1
3651,562,-56.45422827488367,46.18527128235249,r2
3659,563,51.91744356937955,-37.40106111556962,r1
3672,564,39.862499214698076,-23.693785372897302,r1
3683,565,46.60627432285164,-15.609797335991317,r1
3691,566,55.71945417436086,-40.656757258125225,r1
3699,567,-56.232927737878306,63.44308854636812,r2
3708,568,-4.790953443480679,-2.6373231777668864,double_ko
3717,569,50.2180108074212,-28.922684822483973,r1
3732,570,46.86504259371018,-27.330701831306914,r1
3740,571,-27.840359343832898,43.8911767663413,r2
3754,572,-50.27429987015347,46.999517122567745,r2
3763,573,-23.69604935191785,53.934318093332635,r2
3771,574,-22.284180370165224,51.14168917375029,r2
3778,575,-55.43477724788299,65.23241157424705,r2
3786,576,-24.50740223216383,46.41382449336941,r2
3794,577,-26.981628258637635,48.89909139113812,r2
3802,578,-56.36466580638052,57.28334363437254,r2
3811,579,-52.35900567295895,48.3405879596815,r2
3821,580,-53.1858304489724,42.41177775978629,r2
3836,581,60.82591111581659,-51.46926812408616,r1
3844,582,-20.94556409031007,43.96284014388299,r2
3852,583,-22.499646834533092,57.016672171842124,r2
3860,584,-22.801845228560826,46.00417598521722,r2
3868,585,-24.3839239741732,43.973270371449786,r2
3878,586,-5.566899155736399,17.02397712919539,double_ko
3886,587,-23.224693800533473,54.2012935984071,r2
3900,588,46.118247687811376,-46.193915832164194,r1
3908,589,-23.66295174398731,61.20723773889494,r2
3923,590,-22.404627297347336,48.34286865793541,r2
3931,591,-48.54543243388678,44.07123029053604,r2
3938,592,-25.944276213468704,53.7124953359058,r2
3944,593,-27.94106938806499,50.01114774843913,r2
3953,594,-21.227906697888045,45.936927084615355,r2
3966,595,-55.57711672101175,55.302223452051706,r2
3973,596,59.72712355679175,-27.310902276805308,r1
3987,597,9.217926540704791,29.45508491879739,double_ko
3994,598,71.96503226099244,-23.888405256458306,r1
4004,599,75.3590741170046,-19.061107495585095,r1
4013,600,-25.8682683115068,55.20689084089273,r2
4020,601,63.52845136132829,-31.99555587441524,r1
4032,602,-53.015547551692734,60.450006041783595,r2
4042,603,-47.97582929580391,50.35211509863342,r2
4057,604,56.570726094368695,-20.46442414180385,r1
4070,605,-35.336165923973766,64.05974465638889,r2
4082,606,-44.04879084709473,43.11331702958466,r2
4091,607,-22.523476547933495,51.118667787259206,r2
4100,608,57.533920385513085,-48.4728722316555,r1
4110,609,-55.691940618533025,52.0984636524062,r2
4121,610,-56.09264789992508,55.163609162588685,r2
4131,611,-44.28671449565803,45.271110565635624,r2
4140,612,-54.53436741341714,51.647517424268266,r2
4150,613,-57.68757030821945,44.667151939462585,r2
4156,614,-54.803718832761774,45.4849448646171,r2
4166,615,-21.339852058693253,42.38940034232414,r2
4176,616,-55.51823191917665,52.72521959213071,r2
4189,617,-22.95630863344524,50.77418817840856,r2
4197,618,-53.56065269605968,46.334382479022906,r2
4205,619,54.37191799024417,-56.24977453302503,r1
4215,620,53.14974589395091,-55.62844060694512,r1
4226,621,52.12036613330449,-21.241231492318356,r1
4237,622,43.973022005147236,-58.46318810502034,r1
4253,623,64.46926639542116,-28.16485750431851,r1
4264,624,-26.355025856451014,49.59514980322712,r2
4274,625,-35.27741940935158,47.06584586451856,r2
4296,626,-6.897958733185816,30.827286668894033,double_ko
4305,627,69.98179568249925,-56.885750831071,r1
4312,628,-31.881691582935805,58.679432302913156,r2
4325,629,47.46397939820417,-26.138747340339197,r1
4334,630,-57.05463955480326,45.327052852256934,r2
4341,631,-55.45969304958929,44.9182795659169,r2
4349,632,-53.96418297364261,68.79468583091588,r2
4360,633,64.03928805846226,-55.20419377990727,r1
4371,634,-56.19734484884416,48.58070761556399,r2
4381,635,-49.75937155292747,49.89033851983099,r2
4390,636,52.89091595418873,-57.10294926599513,r1
4401,637,-32.635008793074135,52.285356425412836,r2
4412,638,-24.814898660429897,46.513786571365564,r2
4422,639,-32.78751379850652,49.775489427334804,r2
4437,640,-27.237933012948037,70.20968808711933,r2
4448,641,-31.29168928610018,59.39483781742666,r2
4459,642,-53.80329320271253,59.79649402458474,r2
4467,643,60.52476256257598,-26.63004707302428,r1
4476,644,-49.23989150024013,62.34538331712039,r2
4484,645,53.73355469118891,-56.07845087613338,r1
4494,646,-39.90891038820471,65.8264905638107,r2
4507,647,-57.620064955885766,55.07501650820837,r2
4520,648,-52.82743682213746,60.658162140928006,r2
4535,649,-61.660728882490176,53.20256636437831,r2
4544,650,20.560643399775238,14.452017356047829,double_ko
4551,651,-27.1190464624203,47.244357374350045,r2
4560,652,-49.04805139759788,50.90346578932062,r2
4572,653,-23.84275189692404,43.04509190408441,r2
4584,654,-52.36784319226465,50.08838352665931,r2
4594,655,-38.86384707428108,59.139822434480955,r2
4602,656,-20.759693678476633,51.3632812962742,r2
4611,657,-1.2529483801043524,-6.90500598178843,double_ko
4621,658,49.828736324317084,-55.4056703454919,r1
4630,659,-23.05433339984425,52.9234086418908,r2
4638,660,-20.059623751337096,51.36324626255457,r2
4651,661,47.514681744234686,-27.376971667092118,r1
4659,662,-20.857844003692975,60.46112804686613,r2
4669,663,44.98478002156516,-55.50762649130173,r1
4676,664,-55.45882485512522,57.73701849997016,r2
4684,665,51.82424863978126,-29.449772695391005,r1
4696,666,-24.839951704253117,43.140412272277956,r2
4711,667,55.718254866367786,-56.772546286894496,r1
4727,668,-2.283243923703788,32.126231271241515,double_ko
4737,669,47.10423982371185,-20.726855656169384,r1
4746,670,-21.841457670984248,55.030259884937486,r2
4755,671,-19.988608014449824,60.13798563969061,r2
4764,672,50.19018485877472,-56.987279602289135,r1
4773,673,-25.234780014398247,64.0322746042603,r2
4783,674,52.99585735337525,-57.84517542409811,r1
4793,675,-57.83793989257385,47.61140176168288,r2
4802,676,-32.02457668206476,53.764976189923715,r2
4817,677,-42.96469049219287,43.688162271116155,r2
4824,678,-28.81968059338169,61.51812228566063,r2
4834,679,56.16919083863971,-22.34369099901508,r1
4846,680,-21.034267120647748,54.58818497242974,r2
4854,681,-23.979836229842345,46.09776299032001,r2
4863,682,65.64806488396387,-24.45828822810384,r1
4871,683,-31.967337168916,57.113327785900225,r2
4881,684,-57.66000438525688,76.52079498907547,r2
4893,685,-25.646321140008293,46.401664516694666,r2
4905,686,52.42660367739266,-19.764526023182196,r1
4915,687,-21.476219583916155,47.24463918638728,r2
4923,688,46.74660350117981,-28.607908761462443,r1
4941,689,44.47189883912468,-16.177641953740597,r1
4952,690,-18.25988774603728,61.679635728503854,r2
4964,691,57.01392149652575,-24.141920034464544,r1
4973,692,-30.68772303515702,42.99116744326992,r2
4982,693,-23.451388031083248,62.17390871544543,r2
4991,694,68.69946227509111,-23.7439997177962,r1
5004,695,63.92667196325432,-24.327796786307363,r1
5015,696,64.45292257185157,-26.631206257100565,r1
5031,697,-32.95487606407519,54.28039900188469,r2
5041,698,-48.25437591391823,60.960280909211086,r2
5054,699,58.87448794504338,-27.482615813778473,r1
5061,700,-22.785982291520668,47.39639108504505,r2
5070,701,23.466474148475534,22.783191917280778,double_ko
5082,702,-23.063658228477415,49.22160528171733,r2
5091,703,48.193326996769045,-54.36687381991974,r1
5102,704,-24.629229661849187,58.75655109690849,r2
5110,705,-6.1652505817774275,28.951104421347587,double_ko
5118,706,-48.89213609818443,53.97297443350421,r2
5134,707,-22.07093123785902,45.471960444997414,r2
5146,708,-38.338159012457155,48.504472138667275,r2
5157,709,-29.341169392124623,59.78696307842577,r2
5166,710,71.61267100942098,-30.240368862490378,r1
5177,711,57.536928704522346,-27.11826738096096,r1
5190,712,-52.08384418014798,73.29724849038152,r2
5204,713,-60.672686649257,66.40800277197444,r2
5218,714,58.8852616347075,-21.810699534693136,r1
5232,715,54.17072053972116,-58.26376376576367,r1
5241,716,-37.25041133639006,69.30493348929208,r2
5253,717,42.94678771729122,-33.523701670517355,r1
5264,718,65.84703646686212,-20.544337961654115,r1
5278,719,32.750600384356765,26.85889942523076,double_ko
5287,720,-25.192312888099718,57.64956812448064,r2
5300,721,-17.22755697707158,55.72796859751075,r2
5312,722,50.9639129788795,-39.79935569705655,r1
5320,723,57.201677092296556,-26.475806332820977,r1
5330,724,64.85186097013342,-37.588789955152365,r1
5346,725,-54.11681784879511,50.46372070042429,r2
5353,726,67.27515044347062,-23.175954193749554,r1
5364,727,57.354685706996364,-53.780863718310606,r1
5375,728,-24.73176404771568,57.48890706974399,r2
5385,729,55.426489684758245,-22.411110396764755,r1
5394,730,63.617976325816265,-24.001999342048165,r1
5407,731,63.165288677796234,-24.013949109368298,r1
5414,732,66.87557413368978,-27.33396881958057,r1
5422,733,63.470835731071915,-49.90554098267062,r1
5431,734,62.985336073564326,-18.19587894321941,r1
5440,735,70.1426937753833,-23.47705038839998,r1
5454,736,-44.604719609848864,47.391066144200295,r2
5461,737,-28.432265224851072,51.896469282625475,r2
5472,738,17.20289913542911,26.08433527400889,double_ko
5483,739,60.0673829551921,-31.572680098303124,r1
5496,740,29.373730499835172,32.88860764919687,double_ko
5510,741,30.97954784592265,26.417308751568953,double_ko
5525,742,-17.884523548621445,65.37350167966225,r2
5543,743,52.05219287744735,-19.036213010272117,r1
5551,744,33.40541865663061,20.012323043263464,double_ko
5565,745,26.031063028536913,27.603789649127176,double_ko
5584,746,-24.78033604154779,56.36392571540257,r2
5595,747,31.259788692965266,16.981200341974393,double_ko
5602,748,52.43962717510487,-28.120909921211936,r1
5614,749,73.65816031924423,-26.725581868207623,r1
5623,750,-27.729197043284415,63.17602364836396,r2
5632,751,61.87732187707879,-20.307680662635647,r1
5641,752,-29.49405471841972,68.64351704454432,r2
5650,753,52.396267171064316,-21.448977416800748,r1
5660,754,55.43303264685149,-23.712903613282926,r1
5671,755,51.85165878766196,-19.571455507063156,r1
5681,756,28.3770698581857,-2.6394643210513484,double_ko
5687,757,57.05426255079174,-25.400257519803834,r1
5693,758,60.78374881939639,-27.994511827382432,r1
5708,759,23.52151380025856,28.832523036247096,double_ko
5718,760,26.248982300151656,24.454344388709877,double_ko
5729,761,57.25385712609865,-26.033768381112694,r1
5743,762,-26.9964423945586,58.24993547497116,r2
5751,763,69.8290494767136,-22.19647375838259,r1
5761,764,57.28754773059295,-27.460408356926823,r1
5770,765,67.58840522131378,-21.459238850921338,r1
5781,766,-22.094350454106266,65.52283319234745,r2
5793,767,48.721089799370574,-22.48185599617212,r1
5801,768,57.77481660237122,-24.716993705836245,r1
5809,769,56.35129860391525,-24.012193561455177,r1
5819,770,-25.71428039430027,56.1015095981184,r2
5830,771,71.77708307828792,-49.38026553448835,r1
5843,772,74.34086128698269,-16.81631963780951,r1
5854,773,74.13081952719934,-18.32513424189021,r1
5867,774,61.29374785443153,-52.20714531474711,r1
5876,775,-33.76207222910877,63.82457519023498,r2
5886,776,-32.154774574697385,63.93244212800734,r2
5895,777,51.585907736892835,-25.97985504698905,r1
5904,778,59.03500947267678,-20.92370019825239,r1
5912,779,51.63853590715082,-28.621709023791254,r1
5925,780,30.446644043562824,30.273670499946462,double_ko
5936,781,61.676701889932275,-30.267391647252023,r1
5945,782,26.980971453007776,25.127031452624372,double_ko
5955,783,30.446237921892735,22.187702951380864,double_ko
5968,784,57.47986271422582,-14.847380662904392,r1
5978,785,47.777455943383316,-28.154528580074903,r1
5993,786,66.32110655359332,-19.890045630468357,r1
6003,787,69.98005020612666,-26.580092174260983,r1
6010,788,49.80227869396958,-22.995516081232555,r1
6019,789,53.86603482301781,-21.652708963135886,r1
6029,790,54.94020810457607,-24.432648151085328,r1
6043,791,-43.0268157108748,54.700705768988925,r2
6053,792,-49.83238684795304,61.86486249690608,r2
6063,793,52.013971771623225,-22.003993120492947,r1
6071,794,-22.74100972303261,54.108080413865466,r2
6085,795,-47.835475402567226,68.52277939238508,r2
6093,796,26.687793825055635,17.903918469503473,double_ko
6100,797,75.28138960386194,-31.206021100041294,r1
6110,798,-21.78245134932305,62.65393016037038,r2
6120,799,55.49331080333247,-29.09567330754942,r1
6127,800,-25.537519679924884,58.46234178354455,r2
6136,801,74.88341649805105,-31.390500892502256,r1
6148,802,-16.30114631680069,49.74776386256974,r2
6159,803,33.41249679152432,27.077666021755192,double_ko
6168,804,58.71753408030006,-27.20460938511887,r1
6180,805,24.17525852595998,25.976317362880234,double_ko
6191,806,64.76538361835398,-29.688283125103183,r1
6200,807,57.63956106339471,-20.27985766144181,r1
6210,808,47.072701641121,-29.03262269030806,r1
6221,809,59.00765616996314,-58.53727148050534,r1
6235,810,57.036390930006235,-18.26170576349923,r1
6245,811,29.003254456488428,24.13792066805543,double_ko
6253,812,-25.75723565824238,61.28009564907477,r2
6265,813,57.134903508928,-21.516007980077564,r1
6276,814,64.03538066855565,-44.91135664445882,r1
6290,815,-31.478258195218658,72.56998223567115,r2
6303,816,72.7712760336344,-25.20206702814934,r1
6309,817,-29.12216224975633,50.57075124193123,r2
6323,818,-10.994958855216488,63.1294138589934,r2
6329,819,-26.01260411653098,54.58744183236373,r2
6351,820,59.576557891458556,-18.043685771098673,r1
6358,821,-23.47390334492706,47.63005304583657,r2
6375,822,55.787190867993296,-25.25545430261875,r1
6387,823,68.96474251859725,-24.863353158911167,r1
6398,824,-14.688504071442445,46.55003583993571,r2
6404,825,55.98436488016859,-26.185566840641783,r1
6414,826,-24.59722927293237,53.68809634433765,r2
6422,827,63.942313303151174,-32.707960568061466,r1
6438,828,-12.393915239327747,68.94759677015719,r2
6449,829,-21.8396236013211,61.851599306913606,r2
6458,830,-52.526820842639054,57.2604710203558,r2
6467,831,64.68299214635012,-54.53722869785264,r1
6474,832,57.37999965480716,-25.65488735315244,r1
6489,833,61.77911323568097,-23.109765948126125,r1
6498,834,-22.95867838173653,46.27850064290191,r2
6507,835,50.63098729324926,-21.22012818809343,r1
6515,836,-22.11706167782282,46.85069419870573,r2
6526,837,-55.91706416517035,70.2285291363319,r2
6539,838,-14.899877758868602,54.69916972186786,r2
6555,839,63.31439207377941,-40.18463812073636,r1
6565,840,-27.23977153057374,52.72780455302694,r2
6573,841,54.67418402398456,-22.672841018660932,r1
6584,842,81.79337796315929,-16.70000442768673,r1
6592,843,56.47376974273847,-29.90484135876469,r1
6600,844,69.30984935283432,-20.555967671833308,r1
6608,845,59.671265204345964,-20.598847318689433,r1
6625,846,65.27321259083739,-51.17056916406082,r1
6633,847,63.71889167395518,-20.09476313243503,r1
6643,848,56.38019365541863,-22.356101794633354,r1
6655,849,75.32834611203191,-34.21681733310487,r1
6662,850,57.631155768979234,-31.424556239431823,r1
6670,851,63.4337134942744,-27.289592870909892,r1
6686,852,-21.71007894496645,57.33714953707916,r2
6697,853,-19.441994533278628,63.779722242572916,r2
6708,854,-21.88507317447241,49.80790419867469,r2
6716,855,-20.290592285645882,57.4188658497841,r2
6726,856,-24.396372558610228,58.67974135491291,r2
6738,857,57.87332701592082,-17.533935279572745,r1
6746,858,-56.25424559346928,58.79744977012301,r2
6756,859,-47.32305995752013,59.67700644788333,r2
6778,860,63.7476214300442,-11.417292422517477,r1
6790,861,52.929336141934485,-20.839589494464583,r1
6799,862,54.43496305105922,-21.67897325598311,r1
6807,863,54.68235337382923,-34.05921861273603,r1
6819,864,-26.49655237130887,55.36514177933351,r2
6833,865,54.184637715004065,-20.890866389231654,r1
6844,866,-23.335237198100558,59.63759757285237,r2
6856,867,-25.30987416947937,62.515089051764164,r2
6865,868,-56.976774552565956,63.78111540648246,r2
6880,869,49.43325673055179,-14.501111484033803,r1
6889,870,59.38326550343472,-32.79546372370304,r1
6897,871,-27.34772998712946,66.05341706246888,r2
6906,872,-22.255572804934904,63.23684950953664,r2
6920,873,-20.881773899292682,60.456497764562506,r2
6931,874,-22.913750030221696,69.41059566685148,r2
6948,875,-20.430373033525175,71.9329678319454,r2
6962,876,47.52035564273906,-21.074592497682524,r1
6971,877,-22.03626367950273,56.52572696037138,r2
6977,878,48.01145669552707,-32.38655933032358,r1
6986,879,58.30446962601897,-39.62441901108965,r1
6995,880,60.29984429916602,-29.138387978561347,r1
7003,881,46.52744672901931,-23.406677225073647,r1
7012,882,68.33375417969906,-24.180876179889264,r1
7022,883,52.174757098387055,-22.007167114281266,r1
7035,884,58.9854545179067,-19.54042945358659,r1
7045,885,-17.629692627758374,45.07696820325883,r2
7062,886,25.507255457486043,34.03743909012063,double_ko
7069,887,59.8436549499272,-26.759901455706512,r1
7078,888,-51.40834066077367,73.34936408525478,r2
7087,889,-51.573438362190565,59.170252961078276,r2
7097,890,50.461166400090235,-29.529941129284975,r1
7118,891,-38.94947833833833,55.73096680143433,r2
7133,892,-19.408460514643377,63.584143392852724,r2
7143,893,51.277121930310564,-26.001040180501903,r1
7159,894,-18.943535977158817,70.08325814822001,r2
7173,895,61.57197676423114,-6.2040799335568835,r1
7184,896,56.470361782489164,-27.829451425014092,r1
7194,897,45.043281962039906,-22.26477440965787,r1
7206,898,53.38767254133437,-22.28994425908261,r1
7214,899,-23.695766905292526,72.68878927681283,r2
7224,900,57.0914751500661,-21.792132038761828,r1
7234,901,46.92109406418769,-26.04844775362327,r1
7245,902,65.06047686462699,-21.436976109801968,r1
7259,903,71.22707158703088,-26.0363323334427,r1
7269,904,53.87541220264679,-26.169929676020068,r1
7280,905,52.73098235270971,-38.87411347989879,r1
7289,906,-26.092220512051057,48.22755079655025,r2
7299,907,69.37788592673621,-23.925166894625274,r1
7310,908,30.248898152560145,23.312168268286484,double_ko
7325,909,46.47371386410237,-32.81285837774423,r1
7340,910,-53.89328862635465,68.27903207115594,r2
7350,911,47.71851834527501,-29.514191040769962,r1
7362,912,-26.9738874513586,65.9569532316158,r2
7378,913,57.512914043243995,-26.708630252238294,r1
7387,914,43.24047661618643,-26.746410280776068,r1
7395,915,60.07237629899675,-20.839243785989236,r1
7408,916,-53.05247210374429,56.09426127566459,r2
7419,917,29.4728677043789,24.312863657194313,double_ko
7430,918,30.49020529494432,19.32507930517857,double_ko
7440,919,57.91767463688469,-26.80461898972625,r1
7453,920,-16.683643680960383,55.18923770409425,r2
7464,921,58.45963416882873,-26.020654775707854,r1
7477,922,53.46975604953899,-21.75292118734494,r1
7486,923,61.10597998384371,-29.363582422066674,r1
7496,924,-25.189006783737106,45.304796146125426,r2
7506,925,57.85421532583651,-25.814503703544716,r1
7515,926,52.88843032134609,-27.181992689185464,r1
7538,927,72.1409367051166,-18.889728743266268,r1
7551,928,42.44018345322994,-34.128690059443485,r1
7567,929,47.14839165716471,-22.923269894870838,r1
7576,930,66.64410103921347,-57.014172103563496,r1
7587,931,58.576179473288015,-40.73351758083642,r1
7599,932,47.008754992747974,-32.224994984506246,r1
7612,933,57.21327472613146,-59.73519045368172,r1
7624,934,45.28455649359328,-21.984293058396105,r1
7640,935,62.64952220896568,-62.09885576160616,r1
7649,936,46.006244337671795,-26.98023494255155,r1
7662,937,60.7764695544738,-55.27266077812845,r1
7672,938,-27.216996874941355,61.51366538694324,r2
7684,939,43.568729679058826,-35.273906229972056,r1
7697,940,-41.14678730337204,64.43647214158256,r2
7713,941,61.76895119431474,-25.35646028746476,r1
7723,942,55.71972762302349,-21.80468529202058,r1
7739,943,-49.59546027565505,55.739183430803514,r2
7754,944,-16.559803355651376,51.863704649229575,r2
7763,945,62.6553987367807,-26.434170972874387,r1
7778,946,66.55795521545006,-18.916731625576784,r1
7789,947,-28.483837542643833,71.8618673834475,r2
7807,948,51.01073441688189,-55.74809178254943,r1
7823,949,58.37640661133509,-59.866934432113545,r1
7838,950,-56.39314174161092,43.86620672161585,r2
7849,951,62.41148886520983,-17.753794146143065,r1
7859,952,44.888488288426245,-57.7560921623582,r1
7873,953,-25.084444619538885,57.96498129108633,r2
7887,954,46.64008114100397,-60.62014753593803,r1
7910,955,58.11696796107685,-30.60240356017818,r1
7925,956,-30.717768284964915,60.25222279645092,r2
7936,957,55.18594486849367,-19.799226367078834,r1
7950,958,61.669530041565096,-32.43641581728099,r1
7965,959,-15.072280714827706,48.49049772130414,r2
7978,960,-27.842498337290078,45.35141099927401,r2
7988,961,49.870279283074346,-17.84499617903978,r1
8005,962,-58.27324687197283,52.93347000681847,r2
8014,963,53.30637299581592,-26.05595044036176,r1
8026,964,49.11305872026898,-57.029606785895325,r1
8034,965,61.08752740429859,-25.92206951972537,r1
8044,966,61.77112174630348,-28.6735449744698,r1
8059,967,60.33435883879475,-34.19405267618377,r1
8071,968,-23.50605704014456,52.494064079523746,r2
8083,969,-16.954268082304242,50.40375941770567,r2
8095,970,53.256576709011085,-14.646936697874416,r1
8111,971,13.60353460765996,-7.363526889148752,double_ko
8121,972,-21.121605677959323,42.409736221509064,r2
8138,973,58.2491442143164,-28.091319792078032,r1
8153,974,-34.70125076779651,60.76848578241682,r2
8164,975,58.469579795761135,-48.80954441364001,r1
8179,976,-22.78518799392046,55.779261529759935,r2
8195,977,48.08373676109882,-15.146058460232979,r1
8205,978,-19.530871979023264,60.071168376226275,r2
8218,979,-23.349174219519355,44.89814153340046,r2
8231,980,-57.79923990197414,51.88644884655519,r2
8241,981,-21.476704694082727,60.888500040814606,r2
8252,982,-58.32330660571723,51.68469958305807,r2
8263,983,-56.27102154684846,41.64719692090686,r2
8272,984,48.94584270892878,-21.477964522402523,r1
8286,985,-29.456387984775404,80.74766258487927,r2
8293,986,58.735331802743914,-47.93621281622118,r1
8302,987,54.6796654403321,-20.915226814379057,r1
8312,988,-24.2488769953259,47.651109579711935,r2
8321,989,58.61487516509648,-25.245261915117496,r1
8337,990,-30.37834709583526,50.25777828604273,r2
8347,991,-55.00334624027596,48.05339329025086,r2
8359,992,16.4430270821507,18.32551142165942,double_ko
8369,993,54.38557051077957,-24.143296282070377,r1
8380,994,49.015579716030814,-24.267528455639102,r1
8390,995,-57.76547881880983,42.52735300472234,r2
8398,996,62.46297433758821,-29.639076389755893,r1
8407,997,56.14895171492812,-26.4910578530973,r1
8415,998,59.79830369048913,-24.770818103658982,r1
8423,999,63.37588375715407,-31.929649213459264,r1
8431,1000,-25.957053657647304,69.28326341416448,r2
8446,1001,53.45658092036051,-22.2692247855888,r1
8459,1002,52.625488253609866,-31.547480381725766,r1
8470,1003,-29.760922867898515,48.72546045752795,r2
8486,1004,28.331405972457546,29.183005868402184,double_ko
8495,1005,59.10655018666511,-25.24500863610315,r1
8514,1006,-56.962840841995174,59.04513350743534,r2
8529,1007,-18.652952584395184,49.471411207848305,r2
8538,1008,67.40726825604423,-24.140686851420863,r1
8549,1009,27.55981989278823,24.547650067348506,double_ko
8558,1010,68.57315124342259,-25.51040416672697,r1
8570,1011,-54.74238233249897,48.72965795786956,r2
8581,1012,54.07427229043336,-18.368126851273036,r1
8593,1013,-24.817696227949696,62.81813049083914,r2
8606,1014,66.78406029555109,-30.795812875348037,r1
8617,1015,52.36389275074964,-28.455613945185334,r1
8630,1016,-52.63205084104857,47.22523228648143,r2
8643,1017,-36.85612575813139,49.95972933831438,r2
8653,1018,52.80133953498071,-46.52554331757075,r1
8666,1019,58.49499005176138,-23.365404293429503,r1
8677,1020,69.64236210462084,-30.274111775947926,r1
8689,1021,78.72230805933019,-30.877409949272682,r1
8698,1022,-21.56209185261836,62.13401384321669,r2
8707,1023,60.914442543392354,-18.583834123397978,r1
8722,1024,56.610345299646866,-23.422432162345622,r1
8734,1025,74.51691861068318,-59.31527348661438,r1
8747,1026,74.28145365359273,-30.39156666265891,r1
8756,1027,48.69355409216998,-22.19348436305586,r1
8769,1028,56.96525627870906,-23.710652351647077,r1
8780,1029,-21.047504755677714,48.40811639086455,r2
8789,1030,70.02617952195425,-28.87418324444253,r1
8801,1031,24.502420318355536,23.508232427102577,double_ko
8817,1032,-20.035408265916722,59.497683340536035,r2
8826,1033,-23.49626083495192,53.953012514674015,r2
8836,1034,77.73839046894801,-26.362414032452516,r1
8845,1035,-22.550339877703014,64.04086268154853,r2
8857,1036,-51.64347524790156,67.58795999596757,r2
8866,1037,-19.861969887584316,70.90986453048784,r2
8875,1038,66.43877375454105,-29.477439829664917,r1
8882,1039,-26.73910976574223,55.432036635280895,r2
8890,1040,-22.89309002161424,46.78355445206487,r2
8898,1041,-21.40127762409715,65.29100218828934,r2
8906,1042,-27.43868269219967,57.08129334744376,r2
8916,1043,-16.415132064001345,47.54925267519311,r2
8924,1044,-21.03096019782306,48.64341702648417,r2
8935,1045,80.76991221552444,-55.86511341055225,r1
8943,1046,60.47038672357676,-22.069582349611522,r1
8953,1047,65.04296616499333,-57.70146809724744,r1
8963,1048,-19.94973394720864,68.94060871956735,r2
8969,1049,-27.10720761878566,47.89967858178008,r2
8979,1050,-17.412026680654908,52.55054634419605,r2
8987,1051,59.46858651989221,-28.760260226417444,r1
8998,1052,-49.9373498396191,55.5594011634074,r2
9005,1053,-25.571174378078958,57.611447058754614,r2
9012,1054,-24.178247172293432,55.97685744933285,r2
9022,1055,23.463218049555323,17.84222131699267,double_ko
9034,1056,-16.746139925742188,57.95195448663855,r2
9043,1057,-24.611772170435387,63.93361928674709,r2
9052,1058,57.19769325172621,-39.27552651575172,r1
9060,1059,-25.191405203774018,53.057821609565245,r2
9070,1060,-19.739859552067188,62.93491041614308,r2
9078,1061,-24.518197697271727,48.63795446562934,r2
9086,1062,-23.984446875490285,59.86592628378791,r2
9096,1063,-19.160336202134147,72.44760728262634,r2
9104,1064,-23.666105903107404,56.01151708403173,r2
9117,1065,-21.89117156912414,58.45401490764261,r2
9125,1066,-21.463115632206893,61.41563124283053,r2
9132,1067,-24.968399114361578,54.192068882946316,r2
9138,1068,-24.356449462586056,47.65656317955111,r2
9147,1069,-22.79799576896397,45.62503306461962,r2
9155,1070,-23.354377071886663,65.42848718798378,r2
9164,1071,-18.853747334051974,53.51712003890952,r2
9172,1072,-23.175317936303045,60.320230663882846,r2
9181,1073,-19.40380635032109,59.961005384064485,r2
9190,1074,-25.078844631163186,67.094565477646,r2
9198,1075,-23.761154119881,57.34681648077552,r2
9206,1076,-23.64004781495946,46.25215581229831,r2
9218,1077,-11.837139737050016,62.01846291868991,r2
9226,1078,67.78399205487575,-40.291584782107606,r1
9235,1079,-16.812511154587636,58.71794118101657,r2
9242,1080,-27.049818760129313,60.95011670423445,r2
9249,1081,-23.774611936179895,59.78629942643544,r2
9259,1082,-15.239709437710346,53.29360905507811,r2
9267,1083,-23.662962880743045,51.259816110047566,r2
9278,1084,-14.291669491930278,46.39997801756458,r2
9288,1085,-27.185922065810615,67.21173248633276,r2
9299,1086,53.02569266158177,-17.17197998348338,r1
9308,1087,-20.428065018216444,63.13769800989232,r2
9316,1088,-20.78610350002419,57.51876135773024,r2
9327,1089,-22.76285547623461,63.83142021813279,r2
9334,1090,-24.00297257989699,47.03377917292117,r2
9347,1091,66.85016569714894,-24.835390599081354,r1
9354,1092,-28.255889022505432,62.40066839991046,r2
9366,1093,33.5554586389578,27.142141254825695,double_ko
9374,1094,-21.26064217917579,53.38571716114797,r2
9385,1095,-17.008219244157466,77.75849601320624,r2
9395,1096,-16.13878995674673,68.43460518218791,r2
9403,1097,-20.045091909536684,61.10937920288369,r2
9411,1098,-24.0470735825656,46.236707426292945,r2
9419,1099,-23.731634154175403,60.273683688461674,r2
9428,1100,-25.481002247819447,67.69193112348344,r2
9437,1101,-21.150838835188416,64.06728763314004,r2
9447,1102,78.40114266422134,-57.69807534939197,r1
9455,1103,-23.163606866440237,48.59793996203025,r2
9466,1104,-22.21497114709682,60.57715207345797,r2
9475,1105,-21.006584094404243,62.98510095148089,r2
9481,1106,-27.150442124365156,52.96282329787263,r2
9490,1107,-21.1829907531379,45.88621968775497,r2
9501,1108,72.64899263248383,-33.84568121506692,r1
9511,1109,-2.119804710131809,27.58804179925759,double_ko
9519,1110,-18.714075190678525,59.068172148121626,r2
9526,1111,-26.521594789874094,54.75872469736383,r2
9534,1112,68.14340090488257,-51.179004965794576,r1
9543,1113,-18.030435359730316,60.93660093523646,r2
9549,1114,-26.51792236611479,47.91463561079646,r2
9561,1115,61.805484017719095,-43.24341472568442,r1
9570,1116,-21.689642995150944,54.674772663991185,r2
9578,1117,-23.45346928736457,64.98481881566434,r2
9590,1118,61.51670434976373,-27.789689927198935,r1
9598,1119,-21.010027011017854,47.128186473425224,r2
9610,1120,71.69717190803469,-27.34198688213034,r1
9621,1121,62.68981914109375,-20.05734626637048,r1
9632,1122,54.776586306773304,-32.59399724642519,r1
9639,1123,-24.405922372940356,54.325842774600034,r2
9647,1124,-26.492601864440125,56.07606992176558,r2
9658,1125,-14.795895581241286,76.27757049572,r2
9668,1126,-50.69696593076245,62.256701405425005,r2
9678,1127,58.872582505062695,-33.529185758157084,r1
9687,1128,-27.367382653675005,70.58957311379335,r2
9695,1129,57.87437571713221,-49.050581677927156,r1
9701,1130,-27.52025326090251,62.6510105338442,r2
9708,1131,-22.73136796041275,47.60993474407789,r2
9719,1132,-55.60879479267274,54.52020289968108,r2
9732,1133,51.16675394375749,-27.6654052767969,r1
9739,1134,-30.395956962427462,51.94128010552398,r2
9747,1135,72.24753090739506,-34.641886480674714,r1
9760,1136,56.80555080899089,-20.915927463687762,r1
9770,1137,-16.00532039786034,58.612449765699566,r2
9784,1138,-45.29573160478469,67.23110327365762,r2
9792,1139,52.030620473594084,-34.228732185270395,r1
9804,1140,54.335652989110564,-57.15401564297974,r1
9814,1141,62.51632058406199,-31.934741780567364,r1
9820,1142,59.9436928480613,-28.42388168860155,r1
9835,1143,56.773845624855284,-21.444253234582064,r1
9845,1144,50.453121139114835,-21.447833197896063,r1
9856,1145,25.563192171645372,22.243095309552178,double_ko
9863,1146,56.55695585532322,-25.983900090468794,r1
9871,1147,52.15441540225355,-25.679289924567378,r1
9880,1148,-22.5258775773461,58.24941905506587,r2
9890,1149,-19.948498124931938,66.39169000887352,r2
9898,1150,53.668247664077796,-23.037720642291923,r1
9906,1151,-21.23279056837689,63.202817414760716,r2
9921,1152,63.023570594053304,-28.70660017129529,r1
9932,1153,72.38548823382118,-17.368547281618852,r1
9943,1154,-15.765825462083402,54.733711954283734,r2
9958,1155,46.44685799656037,-24.021870384717147,r1
9966,1156,54.71509127556713,-24.083556114334627,r1
9975,1157,53.88447681950191,-23.732433703541442,r1
9986,1158,-20.860371381104123,57.92182149383346,r2
9996,1159,61.41124325063376,-21.377244735352104,r1
10006,1160,-49.79040529794926,71.90255069255937,r2
10016,1161,74.10539355565705,-22.289278532596654,r1
10031,1162,45.58919322512146,-2.7765043591675247,double_ko
10042,1163,50.03236974585993,-21.131987737774065,r1
10051,1164,-38.37725687446729,58.551997667893275,r2
10066,1165,-25.648659192726722,75.17769033666396,r2
10073,1166,66.41920597143358,-22.278030204339895,r1
10080,1167,-47.561646588009744,62.755358792933215,r2
10090,1168,72.23942065540045,-19.290497101209613,r1
10098,1169,53.91269064651371,-53.4390719114606,r1
10112,1170,-53.037211960565756,66.5785370924404,r2
10119,1171,-28.90050979150537,53.07772731668521,r2
10126,1172,-29.34001881730458,57.81773934824074,r2
10138,1173,65.79500825852026,-21.289035084695485,r1
10149,1174,76.63780965680536,-16.81381974881053,r1
10161,1175,-26.01131349130599,61.009291484929236,r2
10168,1176,-33.44577443340221,65.92155189483066,r2
10177,1177,59.80572756279534,-16.52484665686797,r1
10187,1178,-18.086750857965217,53.277182018908185,r2
10195,1179,49.07009421772072,-20.61441205873882,r1
10204,1180,-29.688243825782973,51.75520991168712,r2
10214,1181,70.15990241979314,-27.96367427477798,r1
10223,1182,-22.96324958211297,61.44782546471218,r2
10231,1183,-25.865328396217773,63.139137968942485,r2
10238,1184,63.75800900339445,-22.603822302204318,r1
10255,1185,50.48307473736,-19.542146192743488,r1
10274,1186,-24.76356169078305,59.21348176847417,r2
10285,1187,-58.43962717810249,64.56631979496169,r2
10296,1188,-18.14623184034376,79.1027498595679,r2
10304,1189,-21.23061924046871,63.26448904001181,r2
10315,1190,-20.373286323417908,64.57816893488263,r2
10325,1191,26.79031095825713,29.409602096874018,double_ko
10335,1192,-23.645371103252067,65.21859656128211,r2
10343,1193,17.763822617287854,27.924002185507298,double_ko
10355,1194,-21.83728566993659,61.72733199797471,r2
10363,1195,-21.89951859843378,65.88933417603542,r2
10370,1196,-27.839984141952385,64.14521040502505,r2
10378,1197,-30.105374909198847,54.66141102562549,r2
10388,1198,-28.81018323364195,59.0924128748051,r2
10398,1199,-27.67051646027877,74.70919589992586,r2
10406,1200,-21.74442786317319,54.740384236660894,r2
10414,1201,-24.486720762359536,46.954536607026455,r2
10429,1202,-15.221354810402254,62.17829186016202,r2
10437,1203,-22.058831665181955,58.67093683558858,r2
10445,1204,-21.024332254652727,51.84747307912134,r2
10454,1205,-19.67993935766021,68.07600184275111,r2
10461,1206,-25.793754469460378,47.96269332009133,r2
10468,1207,-27.436850694757254,59.47476743117011,r2
10479,1208,-54.02862644750288,67.7447949614573,r2
10487,1209,-21.457500289293,55.15598598393986,r2
10495,1210,68.63462710695595,-53.67314504291734,r1
10505,1211,-24.74513058143244,53.43919412435152,r2
10513,1212,-20.797151857946233,51.86838521655658,r2
10521,1213,21.30186175916479,1.7785623723481532,double_ko
10528,1214,-26.202126918798335,64.90991897353831,r2
10536,1215,-21.85770254945929,54.162196799573834,r2
10549,1216,-20.834355414196928,64.21169036437888,r2
10557,1217,-27.62821369894035,52.54444837802107,r2
10564,1218,-27.3261772649899,59.513757101003364,r2
10576,1219,-16.27860148462433,66.42309427102029,r2
10584,1220,-24.777345017216028,64.95418485701973,r2
10593,1221,-16.77162957522487,48.51467335124344,r2
10602,1222,-26.13100233428601,67.26416014935415,r2
10610,1223,-20.678268375430363,51.54586606211445,r2
10617,1224,-25.712563650749516,52.91223151461166,r2
10624,1225,-25.40433180895561,50.495323230301594,r2
10631,1226,-25.57277644542592,53.549436369854874,r2
10644,1227,29.74264789359032,4.684078606415424,double_ko
10655,1228,-22.35690779586764,53.09177469175954,r2
10661,1229,-28.429546946459126,62.82167555998822,r2
10669,1230,-22.556043224161577,76.86874426588231,r2
10676,1231,-26.414124697096142,53.361523475825074,r2
10684,1232,-22.377327672972147,55.92180524752283,r2
10691,1233,75.33931957976898,-25.074463568133986,r1
10699,1234,-20.490717063570756,54.6305245571289,r2
10707,1235,56.56500106910702,-22.10214082158927,r1
10715,1236,-21.61554076900125,73.41585708455112,r2
10730,1237,28.912273418136284,-0.588935061724001,double_ko
10738,1238,-27.658748946586087,58.86439593113564,r2
10746,1239,-32.40817004561344,54.54471011785027,r2
10757,1240,58.31092103446457,-22.078198787323085,r1
10765,1241,57.582898809344215,-26.20900845278121,r1
10773,1242,28.13986683519902,27.160901408760303,double_ko
10781,1243,-23.118438160118878,53.829308115788685,r2
10789,1244,-26.60985667027067,55.06705653097492,r2
10797,1245,-23.931336370415373,57.07993332256608,r2
10811,1246,79.8806432892836,-19.271120307221146,r1
10817,1247,-27.420779574484776,61.52719045300596,r2
10826,1248,-24.43294773494303,58.380456842262944,r2
10837,1249,53.943564465243234,-23.873341675355892,r1
10847,1250,57.55666536833999,-23.346955782923022,r1
10863,1251,-25.75481052913316,54.151904453259576,r2
10874,1252,-18.507854039372283,51.12073222936655,r2
10883,1253,-18.265919131222397,66.71813788867588,r2
10891,1254,-26.565128456636867,62.08498603163525,r2
10899,1255,-23.30201106881509,68.91712813580695,r2
10908,1256,-17.608901421539,52.87932087688456,r2
10921,1257,-19.434363900515905,59.77916268765159,r2
10932,1258,59.546182775043505,-30.3872271043149,r1
10941,1259,61.36473529184854,-22.512053930776897,r1
10952,1260,49.67022517688174,-20.909450363870807,r1
10972,1261,56.849079154687985,-16.14529716672672,r1
10980,1262,-29.11063475851731,46.408093797922,r2
10987,1263,-29.532104633700186,52.469443239835186,r2
10996,1264,68.81724091916406,-23.297688145383134,r1
11003,1265,64.77127986730474,-28.87603499771265,r1
11015,1266,27.07962348374265,26.514608866897827,double_ko
11024,1267,75.06902996368257,-25.224756408068885,r1
11040,1268,17.193143654145036,36.49028120966039,double_ko
11048,1269,49.282629264708326,-28.9390839941943,r1
11068,1270,46.563052433416345,-10.632908403238886,r1
11077,1271,-49.60255184048859,72.12621347087061,r2
11086,1272,67.01095129756324,-25.230535155094145,r1
11100,1273,48.162455272671004,-48.802988269591424,r1
11107,1274,56.30650767262155,-23.109576521144486,r1
11117,1275,-25.134121611112878,64.26719318108896,r2
11129,1276,43.32799605398819,-54.650978286579516,r1
11142,1277,69.96321443966775,-25.06474818132778,r1
11152,1278,-26.796178195143817,66.30717319949744,r2
11160,1279,-22.033667518467347,68.01741236762632,r2
11169,1280,53.22758363751361,-25.679211764123735,r1
11180,1281,-19.704704119421933,62.91120223607116,r2
11190,1282,57.43770008588478,-30.089244104372543,r1
11202,1283,-23.811994905792577,55.75937909114545,r2
11212,1284,63.8379260064265,-23.7608154336967,r1
11231,1285,-57.440254122077995,66.02206930069015,r2
11249,1286,50.81826474440858,-23.264610517323156,r1
11264,1287,-4.484443805485831,28.690369875727363,double_ko
11274,1288,-25.715429499953856,49.581019966138555,r2
11283,1289,50.734200447133304,-28.95971918661312,r1
11290,1290,52.5911613188196,-32.961097397627086,r1
11300,1291,53.48682886746706,-16.651733660059307,r1
11314,1292,52.24801650443203,-15.800245685128196,r1
11322,1293,53.251109906886086,-22.075034619701245,r1
11335,1294,-52.78684201695136,75.73576119465889,r2
11346,1295,-51.03296901765466,70.12345033840667,r2
11359,1296,-57.58218256502908,62.22506843120733,r2
11369,1297,21.866763760770887,25.25286997206909,double_ko
11377,1298,19.785787859560454,20.765681560091636,double_ko
11388,1299,-25.682394252597273,54.17792382478884,r2
11401,1300,-52.24109933690754,71.26795776407452,r2
11412,1301,51.505382630356024,-43.59310829058809,r1
11421,1302,-52.72841085772578,50.335549663585574,r2
11432,1303,54.01340069699151,-21.287864980647413,r1
11442,1304,-20.99075392306795,61.15755930000101,r2
11450,1305,54.37965089964901,-22.063532163162748,r1
11458,1306,-51.3715372527991,72.73956456342636,r2
11467,1307,63.088892162267435,-27.126631116915462,r1
11477,1308,26.995865382348974,15.486546411779724,double_ko
11485,1309,-25.548624224547428,63.72455265602712,r2
11495,1310,57.263275521331856,-25.470451048829126,r1
11506,1311,-28.846085172670556,51.54166334174991,r2
11521,1312,-48.51439774580614,62.599244545284236,r2
11530,1313,50.39405523291728,-20.394473252647813,r1
11540,1314,49.50952553909083,-23.60289442692735,r1
11553,1315,59.57575376823607,-30.70344531459755,r1
11565,1316,-30.61055424711995,70.5958513367182,r2
11580,1317,-46.89692749425177,73.73674608490177,r2
11589,1318,47.85997674629981,-28.590825084080187,r1
11598,1319,76.28578442129273,-24.27948961102971,r1
11607,1320,55.19031324271786,-22.086472883741152,r1
11618,1321,-22.480965716565173,48.83747590982219,r2
11635,1322,81.90533768604763,-25.130371486496273,r1
11644,1323,70.13942880385504,-31.924120192793822,r1
11657,1324,69.24469610218162,-26.01342057837057,r1
11667,1325,-55.40406775036323,50.21883780223483,r2
11677,1326,55.53668979964553,-19.248143326513556,r1
11685,1327,-51.25376826268043,72.01923959055081,r2
11702,1328,-55.600914982057496,84.22561145832378,r2
11714,1329,47.19544452202528,-24.505333865562903,r1
11724,1330,51.88823470582598,-17.937220069553632,r1
11736,1331,52.45199139175488,-26.649641373074527,r1
11758,1332,-64.55842297868128,59.097620194253054,r2
11765,1333,-52.83567549025062,58.61805535710407,r2
11775,1334,-41.83470037807124,65.07557921532802,r2
11786,1335,-28.5258173494647,66.05320122670372,r2
11794,1336,-36.024332311696675,57.36098813875451,r2
11807,1337,-27.422863066675465,64.80979929517062,r2
11821,1338,-26.837605735954387,68.09675033920266,r2
11832,1339,63.610153157081285,-23.926283672662166,r1
11842,1340,60.016481459492184,-24.073245113279096,r1
11865,1341,7.9548995591786404,32.35553770145134,double_ko
11875,1342,47.19456919966083,-19.498308219677295,r1
11893,1343,55.615830108248346,-26.483721930464114,r1
11904,1344,59.21386010423296,-17.20786425047876,r1
11921,1345,-53.12517892084131,55.49654516022765,r2
11931,1346,57.40368219150474,-17.36512312434943,r1
11942,1347,-54.17851634226671,46.33912584127049,r2
11952,1348,-28.6321199574449,67.55496268027949,r2
11961,1349,-27.25220092793616,64.98470121490864,r2
11974,1350,65.99105232485452,-40.2756555869294,r1
11986,1351,-16.70024291223153,63.78962187448174,r2
11996,1352,-41.292313145759195,61.593127762753575,r2
12005,1353,72.38718862171936,-26.381154723384718,r1
12012,1354,-39.49476083730057,60.56413714565099,r2
12023,1355,52.669408659946065,-22.550972004030715,r1
12034,1356,-21.644730114317603,64.42316445848704,r2
12050,1357,57.30734340387822,-21.923645019487623,r1
12059,1358,-24.58362868771181,53.63669852844663,r2
12069,1359,47.36561398849836,-29.941779930234524,r1
12082,1360,53.2614054538355,-16.130460468512517,r1
12094,1361,57.2951359151168,-18.49450883237103,r1
12103,1362,62.38224331374686,-37.185274471534385,r1
12112,1363,50.39976112725306,-23.901945614468964,r1
12122,1364,-32.58885084383549,60.62057979029622,r2
12136,1365,46.28356871774773,-24.9182596085887,r1
12151,1366,70.4203249638023,-13.06322768275406,r1
12166,1367,53.925865321742776,-18.637135304198367,r1
12176,1368,-23.137469483147473,66.60731847825672,r2
12183,1369,-27.28033568154888,60.699596900743515,r2
12193,1370,49.77529581256443,-24.999588132082586,r1
12203,1371,-3.474451596596188,24.74936741419598,double_ko
12216,1372,53.39245523138455,-20.441855600011216,r1
12226,1373,60.36022769833021,-27.80228989577389,r1
12235,1374,-25.846046722606847,61.32607780429442,r2
12245,1375,-26.53156116112174,71.10849330250606,r2
12254,1376,-52.30116684161651,66.84634801183398,r2
12266,1377,-7.047711414933299,22.432281083959168,double_ko
12278,1378,-28.334628019535685,78.30364130637635,r2
12289,1379,26.05414093373803,19.56586685295689,double_ko
12299,1380,54.55793339808317,-28.647715839452033,r1
12310,1381,59.728580625029956,-30.445359355024163,r1
12323,1382,74.69283534092402,-15.822447242897475,r1
12339,1383,44.90782422565334,-14.209035820587225,r1
12349,1384,64.68821110495539,-20.329683972758467,r1
12360,1385,58.7276940728878,-33.49731393973153,r1
12370,1386,63.473581725039395,-21.39462507398381,r1
12382,1387,56.39766651147205,-21.95488918017419,r1
12398,1388,-22.179776255425438,80.57778371924694,r2
12412,1389,-13.861598300187577,56.91640039653086,r2
12423,1390,-21.467519919518963,56.75430403356743,r2
12436,1391,61.83996081294444,-32.49743217708101,r1
12453,1392,69.14165781120828,-56.068393401742256,r1
12463,1393,69.864276746222,-25.297409965255152,r1
12475,1394,18.18664105293197,23.165871857600685,double_ko
12489,1395,-33.40171743073499,60.580301945957125,r2
12504,1396,-15.177950779129464,56.478754752640725,r2
12513,1397,52.977311342251284,-23.71579532231849,r1
12529,1398,62.17127660661235,-25.535112228157118,r1
12536,1399,-36.698298575753824,56.64054128842851,r2
12549,1400,66.68420571368566,-19.29784715827283,r1
12562,1401,63.99220934203231,-22.36143217169654,r1
12573,1402,-26.794734462471748,64.79948156635042,r2
12586,1403,56.69344635289488,-14.214031061629836,r1
12600,1404,54.838169809074145,-27.942029215012635,r1
12612,1405,-23.579526707059827,50.60006277094788,r2
12623,1406,61.741721278344336,-23.760669303520682,r1
12635,1407,79.12712483273688,-21.437256152554024,r1
12647,1408,-21.167653967557122,67.7435131331726,r2
12670,1409,-10.725183793319111,72.15865796505143,r2
12684,1410,29.2155704225996,-5.730562018280726,double_ko
12701,1411,77.98730492130788,-47.422562789186095,r1
12715,1412,-22.170730569150177,80.563617614356,r2
12740,1413,-28.208253395327127,79.00610271722412,r2
12753,1414,32.83218370977943,33.48735647145856,double_ko
12768,1415,67.08354032518127,-15.451118993552782,r1
12778,1416,73.14335460512079,-52.55770345864745,r1
12787,1417,57.77354163787061,-18.760923631486325,r1
12796,1418,62.89269025076677,-27.772299471090463,r1
12808,1419,-20.50635181153965,61.93148428598964,r2
12816,1420,68.97260016690316,-25.972594344071833,r1
12823,1421,58.33452629463438,-27.445740427541452,r1
12829,1422,55.194829010923605,-28.975872812019112,r1
12850,1423,-54.89502734466299,68.4447110243934,r2
12857,1424,57.47652350952303,-27.84461028606767,r1
12864,1425,61.88135510939003,-23.508294749644996,r1
12874,1426,-33.266537685412956,78.54669933245131,r2
12882,1427,50.90873716605649,-21.267850854825276,r1
12890,1428,59.50284182363496,-23.333989164713913,r1
12897,1429,66.36421819480225,-26.699307673637392,r1
12904,1430,54.63953938702137,-27.08153240764631,r1
12913,1431,62.931531490509286,-17.49396277798998,r1
12920,1432,69.8242162676323,-24.859660715266383,r1
12930,1433,58.86127282881638,-28.77816059301826,r1
12937,1434,57.49735304217407,-24.930046815388046,r1
12947,1435,44.936168219666655,-16.217610301699516,r1
12959,1436,56.7287235846086,-13.837689002995592,r1
12966,1437,-25.55893320804165,62.79965621398626,r2
12974,1438,26.129299155218348,26.62105860283801,double_ko
12982,1439,51.161384219048884,-19.381109504741538,r1
12992,1440,70.34630443665228,-21.22512868837466,r1
13003,1441,58.091265748368556,-20.11431256623809,r1
13011,1442,59.292740440718134,-20.02816527508263,r1
13020,1443,68.38139782347272,-19.058020536212673,r1
13027,1444,65.70902034476597,-25.237227232632673,r1
13038,1445,57.5317464425152,-21.359579045588177,r1
13047,1446,67.39475703517259,-16.385702523157022,r1
13055,1447,53.312402161081806,-21.369892762909735,r1
13063,1448,56.524878171864984,-21.516804611313734,r1
13071,1449,54.27727798358225,-20.48222125941512,r1
13080,1450,56.04128825793654,-21.03111261722838,r1
13088,1451,66.38493982630766,-23.854844891604944,r1
13098,1452,-17.495944160950998,77.43379906763504,r2
13106,1453,64.9665219028561,-23.869326517807202,r1
13114,1454,63.43133168575366,-21.615635264184917,r1
13121,1455,59.65061166453495,-29.476102854277507,r1
13127,1456,61.69341048737893,-29.03800243022806,r1
13134,1457,55.81622468814269,-24.2076686166555,r1
13147,1458,-52.38244944198114,60.35550270125123,r2
13155,1459,27.150734434253973,25.65506947737628,double_ko
13164,1460,71.57089316071627,-20.19155522372546,r1
13173,1461,62.51773341732293,-17.064635301146797,r1
13179,1462,54.95509632441485,-31.48132465510951,r1
13189,1463,53.12898018966096,-20.14045611224947,r1
13197,1464,59.139676875167254,-22.913852669607994,r1
13205,1465,52.19551002739462,-18.557577253498852,r1
13214,1466,23.987622990326717,31.51685435428038,double_ko
13220,1467,54.95575651814887,-29.28906998286922,r1
13228,1468,51.61412017055177,-26.517842473594463,r1
13236,1469,61.80041209463644,-19.08658014503223,r1
13246,1470,52.96379684954039,-18.004995183168603,r1
13253,1471,63.083754858255006,-26.666367014885168,r1
13260,1472,54.6776552862283,-23.639415419780054,r1
13270,1473,65.42253543100043,-19.583592583551855,r1
13277,1474,49.74170818932156,-22.725301171989926,r1
13285,1475,51.60324046179425,-25.20790070656919,r1
13294,1476,-18.677964691889,57.40592725482615,r2
13300,1477,61.73336602922676,-26.998704658555454,r1
13307,1478,62.14280974430674,-21.8479677833933,r1
13314,1479,49.602163466254545,-24.94459031289164,r1
13324,1480,63.3965416864859,-18.559762296638763,r1
13334,1481,55.67392555840468,-20.30176238731171,r1
13344,1482,58.32282971814418,-19.715250406388037,r1
13352,1483,59.68908030573236,-18.868439158289277,r1
13359,1484,66.13985071805615,-22.394147224090695,r1
13368,1485,59.62144941506716,-26.164969674720094,r1
13375,1486,51.92022574428124,-22.732351433222984,r1
13385,1487,58.147193648888916,-23.954159083050826,r1
13394,1488,59.35415020272877,-21.52634930028053,r1
13402,1489,61.27845041386023,-20.29047287561968,r1
13411,1490,56.573264659912724,-19.964029304907438,r1
13418,1491,54.48013827773894,-25.03322387217893,r1
13434,1492,62.744133299344455,-12.303360867814263,r1
13443,1493,48.15990871476405,-22.270253374442706,r1
13450,1494,52.493362551217544,-23.454634467832122,r1
13458,1495,51.28337114825089,-22.87050173332697,r1
13469,1496,58.08125921143603,-23.28630558546888,r1
13477,1497,54.015652458918225,-22.78642925780158,r1
13485,1498,56.88327394889474,-27.8373957513755,r1
13493,1499,54.11466481279047,-19.929832586894534,r1
13501,1500,51.38624042583992,-23.426842681665633,r1
13509,1501,60.57229557198586,-23.342446221915957,r1
13517,1502,55.873772497738884,-20.996066431396372,r1
13528,1503,54.64208101853994,-21.742340954551622,r1
13536,1504,53.61730685293081,-23.156698293394694,r1
13543,1505,49.683518627707905,-27.588406676710434,r1
13551,1506,62.13336181043708,-21.991687313037215,r1
13564,1507,-20.902639450574185,50.54423932213816,r2
13572,1508,49.85490450907765,-21.03853056238646,r1
13587,1509,68.42447144373173,-22.462234283146206,r1
13595,1510,-21.991983979473027,63.496932406643914,r2
13609,1511,56.50646449328909,-16.297503147453597,r1
13620,1512,61.852357387599106,-18.086430785462085,r1
13629,1513,76.14596684276995,-19.401823945796895,r1
13644,1514,79.94656328128788,-56.34515395951276,r1
13653,1515,53.021145821218646,-28.57527627397476,r1
13670,1516,-11.352962704009897,74.76720322906615,r2
13681,1517,-17.95933077453771,61.058432213795896,r2
13693,1518,71.10622107372963,-17.64991393700729,r1
13703,1519,-25.23757315725904,47.37570165448581,r2
13712,1520,-23.0255786367747,46.263479150461585,r2
13724,1521,-28.2360177038292,65.867532759963,r2
13732,1522,61.412296060405936,-22.273937441455857,r1
13745,1523,-16.70906299642362,54.78926994226522,r2
13755,1524,59.68122740106857,-19.067572633781914,r1
13779,1525,-21.91172867199256,63.39955191988747,r2
13791,1526,71.0564172040607,-25.459512232264096,r1
13806,1527,61.939661873882145,-29.1058843515835,r1
13820,1528,54.62203611989879,-53.005966214633354,r1
13829,1529,-27.336889790504546,50.63342925499099,r2
13843,1530,-28.80034476603532,50.12104629447537,r2
13853,1531,-18.95966507775381,47.80016824923492,r2
13862,1532,52.76952902932021,-27.679464406155688,r1
13872,1533,50.028679060940945,-52.48411077430072,r1
13882,1534,57.945438189988806,-22.033746022551163,r1
13892,1535,57.675384779497115,-18.163726681544254,r1
13901,1536,62.78051789182424,-31.34590158791769,r1
13912,1537,67.51145782684337,-23.699053457052518,r1
13921,1538,53.0699382237633,-22.264301426864193,r1
13934,1539,59.84212154642021,-52.32166777082069,r1
13948,1540,62.02005714209558,-50.50182963763975,r1
13961,1541,68.2877098237017,-56.906661809558614,r1
13973,1542,-22.385115194499935,46.48806641943262,r2
13983,1543,-23.189892669440272,52.854361150475036,r2
13994,1544,-22.33150802156502,55.067069061883075,r2
14010,1545,-19.554470686235277,47.59992261880535,r2
14020,1546,34.76283953114368,19.632206292563918,double_ko
14030,1547,-21.04915949487993,62.44778288153441,r2
14044,1548,83.8367167872108,-40.115940722097065,r1
14053,1549,55.3082543754563,-46.65190017147463,r1
14062,1550,59.33683916511474,-28.952182115667,r1
14071,1551,60.55640348585459,-19.78571537272205,r1
14082,1552,-25.375370187774763,68.6686045890041,r2
14094,1553,-17.407182406655462,51.362507058143905,r2
14106,1554,29.099616430356964,23.349801212134935,double_ko
14117,1555,32.374436639026456,-5.657978928307449,double_ko
14130,1556,64.35579809529504,-56.969674339407405,r1
14139,1557,-22.322279200356295,65.301492659645,r2
14153,1558,57.22635975337506,-50.62433394977294,r1
14160,1559,52.01966921616179,-29.801011331735538,r1
14169,1560,65.87380209833621,-38.021437791222226,r1
14183,1561,-19.752153749972692,58.31603397782641,r2
14191,1562,69.22872863902825,-26.03253630039585,r1
14202,1563,-18.647645782981545,46.299700884031076,r2
14209,1564,-26.22506986775585,50.50148610387899,r2
14216,1565,-23.051214206187836,56.95630445082211,r2
14227,1566,57.902450282732474,-15.576532941706304,r1
14237,1567,52.760149601130074,-24.085345970138167,r1
14248,1568,61.4370489710879,-22.757603898315416,r1
14267,1569,-35.06228828458105,56.755790609987585,r2
14279,1570,28.48005800261716,28.93106262621734,double_ko
14289,1571,69.62927782040263,-23.679650145891546,r1
14307,1572,69.48412320235606,-51.72466278297866,r1
14318,1573,-18.167289878152506,54.31057831544143,r2
14328,1574,62.898041676004624,-24.129228092923704,r1
14338,1575,22.556663080132722,-2.4812191594814834,double_ko
14349,1576,-23.086476871714076,47.53838156610805,r2
14361,1577,78.40461737605405,-24.98515148903492,r1
14371,1578,51.87802378523729,-53.13908155221523,r1
14388,1579,60.04518351617109,-47.317956063685294,r1
14404,1580,63.86721319748902,-21.124071035862844,r1
14423,1581,54.84505244465767,-20.232110712053437,r1
14431,1582,60.04778744615261,-39.89973449234342,r1
14440,1583,61.27330450148882,-21.917652766579653,r1
14451,1584,-29.578972703306686,51.47980755494242,r2
14465,1585,-26.929094852451136,49.22648324798679,r2
14479,1586,70.4531417730645,-52.81039057558125,r1
14493,1587,51.095351742709404,-46.01810674807023,r1
14502,1588,57.4688979916225,-22.871511375490833,r1
14516,1589,68.2880572923731,-15.718427245051338,r1
14523,1590,-26.526183149687107,52.55572145383376,r2
14535,1591,50.478804245892206,-14.657582087719739,r1
14550,1592,63.18554918841031,-53.83815764182088,r1
14563,1593,-2.954686282879333,-4.959360629115188,double_ko
14574,1594,-21.46347009903584,54.61696348111418,r2
14583,1595,46.08979261951203,-20.88267514155326,r1
14593,1596,55.066306409116066,-18.731138820759057,r1
14600,1597,-24.543182310365246,52.161896036459716,r2
14611,1598,74.04100512175548,-16.00441590387863,r1
14618,1599,54.7258979393646,-26.12032280463834,r1
14633,1600,43.41818317097327,-41.96650434096318,r1
14647,1601,-17.867778565752765,60.03172287215718,r2
14654,1602,58.47468374201207,-24.13987745798965,r1
14662,1603,60.32376562510375,-23.420803961728943,r1
14671,1604,24.736980855253595,31.10112509491401,double_ko
14679,1605,48.93450887941983,-25.62978361383829,r1
14689,1606,26.237391544715607,32.14835431425505,double_ko
14696,1607,58.8429268316836,-24.273302698352513,r1
14704,1608,51.24423177945725,-21.79825486825975,r1
14713,1609,60.355655575811,-31.09776689787471,r1
14723,1610,60.75530794274818,-18.760474117175093,r1
14729,1611,56.431981082078416,-29.239452802963555,r1
14738,1612,-23.710254133079324,75.53444767399756,r2
14746,1613,53.71948322671133,-19.664048263170155,r1
14753,1614,47.53088699672781,-26.349860106420415,r1
14760,1615,53.02967563181331,-27.536696273178336,r1
14769,1616,52.874881545110554,-22.43774832239386,r1
14777,1617,52.07713126444189,-18.329662839042385,r1
14786,1618,55.131331180824816,-18.047787297101436,r1
14797,1619,57.40747057778445,-22.09531047701232,r1
14819,1620,-25.514213828391476,54.639073100379136,r2
14827,1621,48.98263508158456,-23.848230751728057,r1
14835,1622,47.214526246517146,-23.827632856116256,r1
14845,1623,52.725824577571416,-21.658081359962132,r1
14852,1624,65.66328377648574,-24.9937752749336,r1
14859,1625,64.33204388932822,-28.263803211465614,r1
14869,1626,55.781138499043756,-24.418900367995803,r1
14880,1627,61.17979878110382,-50.847566987968776,r1
14888,1628,48.95184069620906,-26.50273588575488,r1
14902,1629,55.10122715102025,-22.45617341758296,r1
14910,1630,58.77364129616647,-19.932626977637813,r1
14917,1631,47.2175002079973,-22.42544345208219,r1
14926,1632,55.49227007716862,-26.70234588986425,r1
14937,1633,69.5960690294838,-18.43427505758611,r1
14945,1634,55.9093131026189,-28.176180652846348,r1
14953,1635,55.31493150920971,-24.30315651274241,r1
14970,1636,-22.759096389370807,73.87148630912563,r2
14978,1637,60.23618458692616,-25.39201979932757,r1
14992,1638,58.831403925298915,-47.82227601349042,r1
15000,1639,52.1839471828991,-20.256508761140246,r1
15015,1640,73.69216399152114,-22.81121324736977,r1
15022,1641,52.6840579763384,-31.513533421318936,r1
15034,1642,54.937626837644935,-50.93719067559427,r1
15043,1643,-19.90299316261151,55.585778387438495,r2
15051,1644,60.09532703029419,-34.21829572035132,r1
15062,1645,72.48092176831945,-25.62040213664628,r1
15069,1646,53.86864158566487,-29.092232115951617,r1
15078,1647,51.476169607623426,-26.063990283102747,r1
15092,1648,-51.111640552262685,59.83252795377773,r2
15109,1649,33.83021828707745,12.270828484246483,double_ko
15122,1650,68.71461369035266,-52.72874876974238,r1
15132,1651,50.032596593176095,-20.16271555282246,r1
15139,1652,58.06637508579268,-24.111508434740568,r1
15149,1653,60.70530282134234,-26.36830162790153,r1
15158,1654,29.804295049865324,24.492428527580138,double_ko
15166,1655,49.169549832916694,-20.852206794042818,r1
15176,1656,53.61274650766841,-22.472405166010148,r1
15185,1657,45.48348607427205,-39.06802304316365,r1
15197,1658,-27.050012150726896,53.210713967768804,r2
15206,1659,55.13064367023637,-20.359307151594763,r1
15215,1660,53.887123950973304,-21.58216571397704,r1
15224,1661,53.984294892268906,-23.534822625861196,r1
15233,1662,-54.508844525808904,74.71220035046599,r2
15242,1663,56.165269895580835,-21.845489275764045,r1
15256,1664,79.26367128370583,-28.686188509641113,r1
15268,1665,-48.92354790990461,60.78998160612628,r2
15278,1666,64.75078085895555,-18.329794739290094,r1
15287,1667,53.43033440973963,-23.963012574651923,r1
15309,1668,-54.22411075604334,66.10421625875297,r2
15322,1669,32.85662689622402,-5.184942540264697,double_ko
15333,1670,-32.33476022456826,75.69194730905554,r2
15341,1671,53.639387588352996,-20.450114938753103,r1
15349,1672,-53.51680503127193,56.81535174131691,r2
15367,1673,-43.23216171849008,57.80796835982157,r2
15379,1674,74.33583623819364,-19.778291723665227,r1
15391,1675,68.2621555289038,-17.293569579769656,r1
15415,1676,67.11029789061443,-43.61948249925202,r1
15427,1677,22.874764652384975,26.82094361318212,double_ko
15449,1678,11.858766460706882,-2.4843750638788196,double_ko
15464,1679,59.50756094232354,-57.17603179110269,r1
15479,1680,-16.137911371605796,51.10753272546809,r2
15487,1681,58.03577017315533,-22.55109601639635,r1
15496,1682,-23.280148293048697,58.13477069672389,r2
15508,1683,62.90413804544498,-23.389074926159893,r1
15523,1684,26.109362330360707,19.185862969438023,double_ko
15539,1685,57.56791894450242,-18.317221539771527,r1
15551,1686,-31.374019758768462,45.44602578039287,r2
15560,1687,-18.892915286530346,58.20214732260825,r2
15579,1688,63.7181145206369,-18.125340188772334,r1
15587,1689,-23.02707965199079,51.44312589139462,r2
15600,1690,55.01214843595712,-53.20828761649313,r1
15614,1691,65.86583104150756,-51.67113156679129,r1
15626,1692,53.80787858850151,-17.822010379819787,r1
15638,1693,-21.14910732353186,48.28238492325476,r2
15649,1694,51.81566783849933,-27.785710310863543,r1
15663,1695,22.96292755255851,-10.77900534938008,double_ko
15677,1696,-49.861892022668755,46.59788297505113,r2
15689,1697,-51.43214171094991,50.682807447584004,r2
15700,1698,69.39941485558884,-53.69403290511787,r1
15711,1699,57.80165439302553,-48.350030867786884,r1
15719,1700,-25.599114716572192,59.366922659878,r2
15736,1701,62.15553257499273,-15.688983477915727,r1
15749,1702,-14.821022057910184,62.57463711963591,r2
15762,1703,-18.01968338444633,52.2163348864413,r2
15772,1704,-31.73919637446508,63.01096339410527,r2
15782,1705,-41.73068932846652,53.35051668013589,r2
15796,1706,-50.03017086747149,59.397488328748146,r2
15812,1707,-35.58551003642001,58.0622241530298,r2
15824,1708,50.88997050010073,-24.751696326172144,r1
15833,1709,-19.885964769139804,58.73299540590749,r2
15842,1710,-51.93805332138495,55.24765039725796,r2
15851,1711,69.44010988969097,-22.99766140874958,r1
15863,1712,57.0687232296716,-14.714910306671321,r1
15872,1713,-19.832484480394285,55.966994761317764,r2
15887,1714,63.46875814803191,-20.463136744415294,r1
15899,1715,67.5396775849737,-51.46261913645165,r1
15908,1716,-18.37820989479031,68.46463648293975,r2
15918,1717,-27.555126404850633,54.76110435509456,r2
15934,1718,60.490060906925414,-17.079841708274014,r1
15942,1719,-21.93926008458213,56.06785262286535,r2
15953,1720,54.67031573324184,-19.35361890379827,r1
15964,1721,55.094166033042534,-35.62551332865305,r1
15975,1722,-25.16209034135908,61.652430585769494,r2
15987,1723,28.65531459532371,4.6022709278266145,double_ko
16001,1724,-16.98604602949734,41.907598828130105,r2
16010,1725,-49.52398461101505,55.23693782841939,r2
16024,1726,70.52029795895055,-22.302547448743482,r1
16032,1727,-23.138145508313457,54.62222698127222,r2
16040,1728,-24.384273388831446,48.90794078812922,r2
16054,1729,-53.180558129530006,62.0958048807566,r2
16064,1730,-33.021030432431466,68.74459428745772,r2
16072,1731,-25.281318029773885,57.2866806676214,r2
16086,1732,56.827915363899656,-21.69793663053383,r1
16094,1733,55.23988194408754,-26.839671783521247,r1
16104,1734,-16.932902477093336,58.129822955898284,r2
16118,1735,-50.30813029760981,61.46265298070135,r2
16130,1736,49.19845806003853,-16.20194089124935,r1
16142,1737,58.94965558656078,-26.290936149028852,r1
16151,1738,53.83218526790809,-19.66161391717997,r1
16164,1739,35.58836446276494,7.648611047611102,double_ko
16174,1740,-21.311104224558527,57.5335752603311,r2
16183,1741,56.35545832145213,-21.24085431182431,r1
16196,1742,-14.816781227309924,58.03613542579455,r2
16205,1743,-24.19434509289796,73.26392866001183,r2
16213,1744,-22.472638177477926,48.848233985211316,r2
16227,1745,54.43728022445979,-56.19296991225582,r1
16239,1746,-15.009387071417056,46.197312025790936,r2
16250,1747,-14.278617555135956,65.90403371899112,r2
16259,1748,-25.94287854191481,63.55752890570069,r2
16271,1749,66.83294355068027,-25.164581869479733,r1
16280,1750,-22.462962881083307,61.97474307178487,r2
16295,1751,-18.557313562486776,62.33475290665422,r2
16303,1752,65.07928740653936,-21.241598641169865,r1
16313,1753,33.41762345557639,23.360835017847506,double_ko
16329,1754,-49.38899283342774,73.92239984950128,r2
16344,1755,-49.069704166329814,63.97779454966718,r2
16358,1756,76.48904397434598,-16.392697310144285,r1
16366,1757,-26.381615240327168,65.28878137471766,r2
16381,1758,61.225861193579014,-32.2198837171353,r1
16393,1759,-17.833170877604346,68.11145156016363,r2
16403,1760,66.27343559816495,-16.978890835872548,r1
16412,1761,-21.231937162059836,64.22760618643501,r2
16422,1762,-23.946436855187216,60.67639816256575,r2
16431,1763,-27.627132474383398,56.76885081558855,r2
16441,1764,-18.572026917999906,64.60561546344259,r2
16452,1765,55.64049180853988,-20.25795226684886,r1
16460,1766,54.78910772496075,-23.644520655453395,r1
16472,1767,-15.910371850095899,53.88685206841888,r2
16480,1768,-22.832720570418296,51.54065392718322,r2
16487,1769,-24.547279899413844,54.23101721906417,r2
16503,1770,64.19687539856801,-13.867621599669434,r1
16516,1771,55.49142102611836,-16.750281656520134,r1
16528,1772,44.139632303717214,-32.66769888798244,r1
16538,1773,-23.0463276202879,73.73680964270604,r2
16549,1774,-29.310573973394053,55.15066467660794,r2
16563,1775,68.45169779477905,-52.514477975878535,r1
16570,1776,-25.34713989111049,63.11587710288512,r2
16578,1777,-22.422115382953994,56.27069581193923,r2
16588,1778,52.313540620436385,-21.006975415579625,r1
16598,1779,69.14262822583244,-20.097651094973727,r1
16611,1780,-24.010870430585932,67.16618418496374,r2
16620,1781,51.26824700718539,-22.071168835889264,r1
16629,1782,62.25467186443284,-22.119487171266115,r1
16642,1783,62.53787016961533,-33.50864758365249,r1
16653,1784,-19.417504800998557,58.53390613483144,r2
16665,1785,-34.604103732685275,52.68735359653391,r2
16673,1786,-22.967737372304516,69.70682702318807,r2
16682,1787,-18.87021891749312,55.9309304957529,r2
16690,1788,-22.712283333655407,66.99799804418294,r2
16701,1789,-23.736327672132322,51.80508302147314,r2
16710,1790,67.4479642595239,-18.734222107676167,r1
16722,1791,58.81835064019426,-13.511936956433722,r1
16736,1792,23.086036550459028,28.06295668612845,double_ko
16745,1793,-51.79634782719646,62.24656214010425,r2
16753,1794,-23.96377822753963,51.40356570856197,r2
16763,1795,54.92892367003541,-19.45275331283205,r1
16781,1796,-28.48419627539574,60.962850521343576,r2
16792,1797,31.82138525959006,33.50002755533697,double_ko
16799,1798,-22.2325104588674,67.55713857423618,r2
16819,1799,25.17814438827347,35.00985005999538,double_ko
16831,1800,61.284520898960594,-29.96319045398429,r1
16838,1801,50.190487605733075,-26.49296067531703,r1
16858,1802,68.56101353267,-15.26575181052078,r1
16868,1803,-27.357879816186554,55.57072443470835,r2
16887,1804,-29.65999905629148,50.61218215367072,r2
16899,1805,58.977737511633975,-14.564828222586495,r1
16916,1806,49.54164089649678,-5.080131347479281,r1
16928,1807,-9.69625712096368,55.399402041320215,r2
16940,1808,-17.12827952728432,58.019227627345686,r2
16949,1809,-23.41382340039967,56.07157549050175,r2
16961,1810,63.53803950596033,-19.049445765872036,r1
16971,1811,-16.594889931180397,71.92323676023327,r2
16983,1812,66.14460228979112,-16.339474703996036,r1
16994,1813,-13.627591737230048,63.56561069900356,r2
17001,1814,-27.668261029230177,62.876455546549955,r2
17011,1815,-24.62105860282502,57.06673373941393,r2
17022,1816,-26.791505515347154,79.35535166607386,r2
17030,1817,-23.3880386289183,63.0591801856974,r2
17041,1818,56.61065050294596,-15.91946469633383,r1
17052,1819,-19.74366220220031,75.75281135206636,r2
17076,1820,62.98196464293502,-17.821236011104034,r1
17083,1821,-23.403284954843393,63.138941651190436,r2
17092,1822,66.6086915235749,-21.809647684517874,r1
17105,1823,-14.306311090462266,57.99937628022782,r2
17119,1824,-49.72470823909057,80.23656513777749,r2
17127,1825,51.80977510371416,-24.148852973786877,r1
17141,1826,-21.0656934723332,57.463128378155155,r2
17149,1827,-40.69718030531672,65.83072873428928,r2
17159,1828,-21.12285601021083,67.45535290309603,r2
17168,1829,-46.72576706951003,64.17906534048727,r2
17179,1830,21.479215478943246,8.887057136635876,double_ko
17192,1831,-18.738426654830082,55.82663590829313,r2
17210,1832,77.01713278627327,-14.97313937921965,r1
17218,1833,51.78104410721807,-22.730955123436555,r1
17228,1834,-19.76632077608106,62.32347578300159,r2
17241,1835,75.34587440034846,-13.552546876647781,r1
17250,1836,56.39608408818937,-34.4097661350069,r1
17262,1837,54.010603310979484,-23.49314465887163,r1
17272,1838,62.58799208002799,-22.65917014555253,r1
17281,1839,51.36248988167949,-18.039592531158664,r1
17291,1840,54.881237122166276,-20.530613611021018,r1
17301,1841,58.93367400210471,-21.460302247573072,r1
17314,1842,-18.53935682468676,54.8262003117639,r2
17328,1843,51.174482321782,-51.41183600363862,r1
17338,1844,-35.06583800372691,52.29428362602859,r2
17349,1845,58.020675875385656,-21.344604408196844,r1
17358,1846,58.70803027417261,-21.603708567173555,r1
17373,1847,54.74297404141576,-18.959356437747672,r1
17382,1848,58.52681445412561,-15.931615613906395,r1
17393,1849,24.25961748335599,26.410101599144078,double_ko
17402,1850,-47.454562572809465,65.638002832096,r2
17411,1851,52.98296396709212,-24.039624682411688,r1
17421,1852,55.04208953027529,-31.54879856334391,r1
17433,1853,-30.00368280011852,70.13000698817358,r2
17441,1854,52.03183798913999,-25.22065514640322,r1
17450,1855,53.399900922179455,-20.59854108965193,r1
17460,1856,49.96157225721303,-16.97585454891838,r1
17467,1857,53.01645053773585,-26.17647918628161,r1
17475,1858,61.25042639494154,-22.08097654022288,r1
17489,1859,-22.24562364717577,79.35440972585907,r2
17497,1860,52.27732677443302,-26.04541225875127,r1
17508,1861,51.35184933410902,-18.66157817419604,r1
17517,1862,50.735206746972125,-31.298631234157114,r1
17528,1863,23.160583311703427,18.477072639383273,double_ko
17535,1864,51.8430366607037,-29.343470162060232,r1
17544,1865,67.28120205396787,-26.574862983344538,r1
17552,1866,-24.911876101722044,59.4316494598712,r2
17559,1867,50.01681859180258,-25.824654907819152,r1
17566,1868,67.66900975173962,-26.715482907757977,r1
17584,1869,56.06439789629575,-52.59197715868856,r1
17593,1870,71.52801188746689,-18.823926278957124,r1
17611,1871,-19.093544961401044,74.10471960001394,r2
17621,1872,-40.36973596119883,74.24210243981909,r2
17630,1873,48.0195299690375,-21.766084142245056,r1
17642,1874,-46.64856294165186,63.26885458609773,r2
17652,1875,66.79191439923169,-18.550532110542537,r1
17664,1876,52.551924749667286,-46.256195351357,r1
17675,1877,66.40725369129807,-35.63079103474922,r1
17685,1878,52.67395104189853,-17.943820416176543,r1
17697,1879,53.77861981154824,-19.29387423864959,r1
17707,1880,62.03774155088512,-14.063368855831797,r1
17718,1881,48.92122659033619,-18.14068778043296,r1
17732,1882,68.14846041601251,-15.280146364489198,r1
17742,1883,-24.675956152638996,61.85537815269026,r2
17751,1884,46.868337501206604,-22.235578751688838,r1
17761,1885,62.74044799682432,-18.930207211818335,r1
17778,1886,54.645473507854845,-32.680896864392324,r1
17787,1887,48.52634458155363,-17.924068450302652,r1
17799,1888,-29.961568755641945,64.87547380586577,r2
17809,1889,59.21543929631726,-18.082994750138333,r1
17818,1890,58.93560597804558,-16.62165793371877,r1
17831,1891,54.21054527945683,-13.171374182459402,r1
17842,1892,-38.3975899647807,67.03647391679694,r2
17858,1893,-23.262520918969432,58.924337585693124,r2
17866,1894,58.652845991307174,-18.116487337451517,r1
17875,1895,70.67142332989688,-23.343114075915004,r1
17884,1896,45.96889775040531,-16.62285934709449,r1
17894,1897,54.2754095651527,-26.522692493790498,r1
17902,1898,-23.380577699328963,57.89404140560749,r2
17915,1899,-29.06447715988627,58.32953020278538,r2
17924,1900,-25.380370393049823,77.45802380406928,r2
17936,1901,56.672315030097465,-15.1995004247742,r1
17946,1902,25.115385312252236,26.583806986852302,double_ko
17964,1903,-18.04612799421827,62.45265482571409,r2
17980,1904,57.28285982147673,-9.199255096451076,r1
17989,1905,55.34817538691754,-51.487242181202845,r1
18002,1906,32.94921019158304,31.866936743591282,double_ko
18011,1907,73.59116404144478,-26.09534716213674,r1
18021,1908,-25.836543614680608,58.49164528924463,r2
18033,1909,-26.013489573647394,55.947616303997044,r2
18044,1910,58.68917351562984,-19.255157655057506,r1
18054,1911,52.67977291763047,-19.590321899076784,r1
18075,1912,48.83321878633104,-8.515082043838383,r1
18086,1913,-18.81444977058464,49.079464028791044,r2
18096,1914,47.05176394673687,-22.73159461626664,r1
18108,1915,64.9625718150372,-16.537295706132376,r1
18116,1916,-26.848701110033794,68.17994819279303,r2
18134,1917,58.47574731341993,-17.548410477999255,r1
18147,1918,-34.643475294043206,52.84353787411979,r2
18172,1919,61.263136841146206,-20.874746038117348,r1
18186,1920,-22.393960426232475,58.00615118550778,r2
18201,1921,-16.18210124045523,51.44229701561864,r2
18209,1922,52.18278067859204,-21.089716632636346,r1
18218,1923,29.578161287245372,29.558571724864994,double_ko
18228,1924,-54.98092479220033,54.588633639452226,r2
18242,1925,42.01426782853797,-21.745860527098063,r1
18252,1926,62.397249313782275,-16.817656173115417,r1
18268,1927,-19.367275289947465,83.649592481639,r2
18286,1928,-40.816728571435426,74.08463180223136,r2
18298,1929,-20.172803034563913,48.4511284866366,r2
18322,1930,72.56545092978145,-18.504972053759758,r1
18339,1931,52.52961914636696,-52.29537047558796,r1
18353,1932,-23.182226636159896,64.60519559462041,r2
18366,1933,47.33713731071796,-18.46409193142588,r1
18379,1934,-25.246374426115803,70.16483428864257,r2
18389,1935,52.311024004868635,-30.79788819239524,r1
18408,1936,64.98508995134353,-48.91013731527591,r1
18425,1937,63.51929755656056,-32.48850504963063,r1
18434,1938,71.40921268765608,-22.576951969531713,r1
18463,1939,50.73184715960449,-48.5673165445216,r1
18477,1940,54.60422034443009,-28.06141402067904,r1
18495,1941,0.05834992025216046,30.981728801817656,double_ko
18510,1942,51.6910052829327,-54.72135191694369,r1
18521,1943,70.73964069416196,-56.05050739364817,r1
18535,1944,49.633916161356765,-26.53186530838243,r1
18549,1945,59.74438120027567,-37.36345776386952,r1
18562,1946,-14.143042694449989,50.35765054394357,r2
18577,1947,-23.861235564192096,61.07269035200325,r2
18602,1948,-18.881877702105204,53.770904238817494,r2
18613,1949,46.95895687555769,-53.10739823360521,r1
18627,1950,54.96363090014602,-18.588676406775882,r1
18642,1951,-22.428185355052406,66.34710036211087,r2
18658,1952,50.43743449258835,-52.989526878058825,r1
18673,1953,65.11478501540095,-59.010007541775494,r1
18690,1954,57.661620101703,-15.981220311837486,r1
18703,1955,-27.706162033717348,70.60553148400854,r2
18714,1956,65.34157750809662,-24.395450304054968,r1
18726,1957,54.524825140326215,-20.497618910974005,r1
18738,1958,-22.421665369318802,72.59117674748086,r2
18752,1959,46.881622596646864,-17.39653865977747,r1
18770,1960,-1.1921585269957296,-4.178802301277246,double_ko
18786,1961,53.383317380846826,-21.65256364465763,r1
18797,1962,54.03632622365873,-18.19448441736502,r1
18808,1963,70.16687490929485,-36.86703691410747,r1
18815,1964,-27.824874835454125,60.90736000000046,r2
18835,1965,59.87024527515908,-11.06352600428395,r1
18846,1966,54.6360487452447,-33.40227732994949,r1
18854,1967,-26.193031777264956,48.98175103782991,r2
18871,1968,-25.335657136396122,54.89818577685941,r2
18881,1969,-22.948276257312557,53.0302266373181,r2
18894,1970,52.411161409835934,-26.137102232121393,r1
18903,1971,59.31065367304844,-28.6562174419233,r1
18916,1972,65.35743118966332,-19.353661243963828,r1
18932,1973,55.55731588892483,-24.743000114772745,r1
18943,1974,-30.84261338825488,49.4842458894447,r2
18951,1975,-21.095735815122858,55.05282489416746,r2
18966,1976,51.48901279514307,-49.2090180098154,r1
18978,1977,66.03920994577085,-19.04055340391541,r1
18992,1978,63.738557760589586,-35.13309343495,r1
19008,1979,79.03240274609622,-25.283467935119884,r1
19019,1980,58.3414184268127,-53.98714436752212,r1
19027,1981,-22.908318045427176,51.75936288514103,r2
19042,1982,61.695011999148605,-51.82692004346582,r1
19051,1983,-21.416993567148513,54.713543267344164,r2
19075,1984,68.82128202440377,-45.43615542734053,r1
19093,1985,-48.525883490540565,65.63202259206628,r2
19100,1986,-24.668088502581362,49.918461117197495,r2
19111,1987,-16.910105406737124,43.876830360705085,r2
19118,1988,-24.410578150391853,52.2484470148542,r2
19125,1989,-31.92839868438353,52.88247402755034,r2
19133,1990,-22.03148760047227,61.788696512300085,r2
19151,1991,73.93690609710188,-37.810622579290445,r1
19160,1992,-20.393482448203223,68.10856749750171,r2
19170,1993,58.952456372263896,-25.089386742364603,r1
19178,1994,63.507293210999485,-20.752970992681767,r1
19191,1995,-18.741812265571127,61.07997588141462,r2
19204,1996,-42.10085507524558,59.9272893942149,r2
19214,1997,54.06726210327339,-21.048633542424206,r1
19227,1998,-18.050830197140144,47.90166726965304,r2
19236,1999,-20.179824115194688,58.615662383561215,r2
19246,2000,57.61406475438759,-24.58881178293138,r1
19260,2001,58.75555111593504,-22.15458504924753,r1
19272,2002,56.042210126720555,-19.41640149383959,r1
19281,2003,75.03093721657916,-24.723651009544774,r1
19290,2004,-21.208704191435423,51.59060452453804,r2
19299,2005,-21.99670119492406,67.12456639759586,r2
19311,2006,-27.435072978622607,58.16332159496177,r2
19320,2007,-52.2008350560324,62.17627904319161,r2
19328,2008,-26.945781146093715,53.78149076284397,r2
19346,2009,-5.038350045235212,61.66501405062438,r2
19360,2010,-12.289452826747095,81.75929977983873,r2
19369,2011,74.71405988659211,-34.589860893522314,r1
19380,2012,60.60940289310324,-18.96264020733407,r1
19388,2013,-23.990333686221835,74.30720049568674,r2
19397,2014,62.09808547434292,-21.16336873318413,r1
19411,2015,25.111443931495465,34.02514536523027,double_ko
19420,2016,-21.694727715003545,72.83285054033945,r2
19431,2017,-21.93013859810417,59.539173479218945,r2
19440,2018,-25.660271068853355,61.29088263642984,r2
19449,2019,68.819843820284,-21.320861262860447,r1
19458,2020,-51.79493139216341,68.32117840789344,r2
19466,2021,-25.473881344930298,72.68205372799923,r2
19486,2022,63.77321236722227,-12.343240773033749,r1
19496,2023,-19.288386438717943,44.78333777472544,r2
19504,2024,-20.533587938093213,48.47098358967272,r2
19517,2025,68.01427072086487,-43.963188865414565,r1
19526,2026,58.477579590174514,-45.146162415214526,r1
19543,2027,80.70161369501412,-28.99735999900647,r1
19555,2028,76.66229288866873,-26.332349315903784,r1
19565,2029,-42.499246622432466,57.50179031104407,r2
19576,2030,54.45702214502648,-21.055639230584735,r1
19587,2031,62.24018342572887,-19.149854920601264,r1
19597,2032,-21.414835989390006,44.9430794341464,r2
19607,2033,-15.594333440678241,56.345749166977974,r2
19616,2034,-21.157391917967452,59.85405558715163,r2
19625,2035,-23.78535868057397,67.03744953881996,r2
19633,2036,56.77177522677441,-50.959046520160136,r1
19647,2037,24.35776321945966,4.835404257386945,double_ko
19658,2038,49.24747212840051,-56.03555825365984,r1
19668,2039,-27.668524108402195,60.16582935188723,r2
19677,2040,61.48419363986312,-54.52398344179705,r1
19700,2041,23.633929205186845,31.46989801502654,double_ko
19709,2042,-22.25765162604565,50.56705129472397,r2
19719,2043,64.60682141995338,-55.48241331717709,r1
19728,2044,31.170044231980853,-4.551486280853953,double_ko
19737,2045,-20.138707054205902,47.83918123598727,r2
19745,2046,74.94213294861581,-54.03754025448565,r1
19755,2047,-27.376646003559344,54.34157918803558,r2
19763,2048,-21.511284600521776,53.038391018128266,r2
19774,2049,79.64705963265341,-48.231721054175985,r1
19782,2050,-19.830364044024808,66.40659814137204,r2
19790,2051,-22.457317740743363,51.00787230381989,r2
19801,2052,-17.71971015538179,51.061087978647016,r2
19809,2053,-24.463981246121847,61.280204973970015,r2
19822,2054,-21.828445633760477,69.83110819733302,r2
19830,2055,61.117119089322586,-38.32850177731019,r1
19842,2056,-18.916183268517926,48.10148789263501,r2
19851,2057,-30.44673761373228,74.60733961623491,r2
19858,2058,-28.107753378604748,47.10158021999331,r2
19869,2059,-12.65188352246706,64.29270435650687,r2
19880,2060,51.15970887408852,-55.73510757260503,r1
19892,2061,-12.876852361416859,72.16934123307661,r2
19903,2062,-22.29469201241237,46.32833516965544,r2
19911,2063,69.82882733288002,-56.08184747328404,r1
19921,2064,-15.408497619036268,53.15573990820852,r2
19935,2065,-18.868714200632727,49.73786316165342,r2
19943,2066,-24.76279872027782,46.20451521511076,r2
19952,2067,80.26871199920112,-54.20557779795616,r1
19961,2068,-20.974115674970694,52.46720136871558,r2
19979,2069,71.40018388278696,-54.283074597199814,r1
19988,2070,50.75516268237705,-46.892105600400996,r1
19998,2071,-24.582091807661694,61.87618511503289,r2
20013,2072,-10.147576332676365,62.95794241232765,r2
20022,2073,56.51844344147426,-54.55169531950525,r1
20034,2074,-14.29964551296328,58.038442026529694,r2
20052,2075,-23.556748369660863,60.57354513615128,r2
20060,2076,-23.46044412613837,53.97048354198631,r2
20070,2077,60.296453967066185,-55.52270488865425,r1
20089,2078,70.58447279048498,-28.593935140114283,r1
20101,2079,-4.805465693357503,31.28743772881225,double_ko
20111,2080,-20.152759767992578,47.88904887568934,r2
20120,2081,61.47365315765825,-54.753725409283085,r1
20130,2082,-20.24109576386846,52.25647923263568,r2
20142,2083,78.27503867014292,-18.518087070145576,r1
20156,2084,-15.59242873295931,51.57137953900951,r2
20167,2085,-21.506129534564923,54.61414124527587,r2
20178,2086,57.977859901293236,-24.716856492322744,r1
20191,2087,61.548258569754026,-22.51461038974139,r1
20200,2088,57.67454460006246,-22.45020439375992,r1
20214,2089,62.93456345099234,-27.876106878519188,r1
20229,2090,69.40772221475385,-48.196406062281206,r1
20241,2091,-46.71449795408698,60.02866897393133,r2
20253,2092,59.9359852983479,-54.33133129658736,r1
20262,2093,62.59685133124646,-24.20354507560972,r1
20276,2094,57.5909830391479,-52.264834968761136,r1
20287,2095,-19.118379298561482,52.29228955340012,r2
20304,2096,63.886172367495476,-21.12664074433328,r1
20319,2097,73.77253390997714,-20.2932719419655,r1
20331,2098,57.38854867889936,-51.726640209721495,r1
20344,2099,-13.169387336517303,40.395313352674975,r2
20355,2100,70.23813246098192,-36.44630789691962,r1
20374,2101,-12.132318867642311,48.51942885689007,r2
20391,2102,-27.68969010151041,70.52164887651301,r2
20416,2103,1.292614507029139,28.087386332884535,double_ko
20432,2104,56.21498465595454,-21.68331809488256,r1
20440,2105,-24.675194441097034,60.08698691611126,r2
20447,2106,52.273680355077765,-42.98360282283201,r1
20461,2107,-18.109938369006883,53.564466761113145,r2
20475,2108,-14.495412854010297,73.57571578819986,r2
20487,2109,-20.14403162785422,73.86213081861118,r2
20502,2110,-27.60672813999687,64.91575710169546,r2
20509,2111,55.77277362541924,-33.75466240628711,r1
20517,2112,63.998572777197396,-27.532966963319648,r1
20529,2113,-18.021580001015415,79.13411081119935,r2
20538,2114,58.49366370554561,-27.581166885521142,r1
20545,2115,55.02580746486222,-27.804814618503926,r1
20552,2116,59.8299828676126,-25.25013648140212,r1
20560,2117,56.726553329791294,-20.965649351738367,r1
20569,2118,51.398498250652864,-28.02954766114758,r1
20580,2119,66.68668154292571,-30.826321669954755,r1
20592,2120,54.422125980055704,-17.40266331531791,r1
20600,2121,51.582366928815645,-25.826042078206783,r1
20608,2122,59.692298326962174,-20.805185347597572,r1
20625,2123,13.504725924009904,39.13931629868224,double_ko
20632,2124,63.49592171322146,-28.253886868212042,r1
20641,2125,60.79465111834507,-25.602454610712343,r1
20648,2126,-36.73252589913156,68.35045565588565,r2
20658,2127,56.06538284017327,-28.39831703808729,r1
20668,2128,-20.885591355401147,60.35953937755062,r2
20680,2129,69.41092415451209,-29.550208612886685,r1
20695,2130,55.186391693580745,-44.3744439652356,r1
20706,2131,71.14780724905879,-13.217990513845137,r1
20712,2132,57.48401244978581,-27.582614538072473,r1
20723,2133,48.781954544739996,-26.77101022102447,r1
20740,2134,-25.33372623186842,54.35199681504554,r2
20749,2135,54.33995952138668,-27.20997939969238,r1
20760,2136,59.59392817479152,-32.08277872702436,r1
20768,2137,53.609130442844965,-25.190488154383967,r1
20775,2138,55.88531963618714,-27.782346218966225,r1
20788,2139,58.45543704554893,-9.137905435622038,r1
20797,2140,62.32573670785169,-28.413291871310935,r1
20810,2141,52.73555264379757,-19.824392316701207,r1
20819,2142,55.944104290289886,-20.523958640284704,r1
20826,2143,49.50811557198393,-28.552756929027186,r1
20849,2144,-8.737057782009948,61.79099750384508,r2
20861,2145,62.34214653481455,-20.723917821458052,r1
20871,2146,52.75696194655095,-23.152984678472283,r1
20879,2147,66.1775076772528,-23.745570006955482,r1
20885,2148,48.34155583351374,-28.538574861769664,r1
20905,2149,-18.735348758836103,82.94569452959651,r2
20912,2150,59.88993630451754,-25.329767634337884,r1
20922,2151,59.38610320425073,-20.763534831976227,r1
20940,2152,72.40200916420335,-17.82816445814661,r1
20952,2153,71.99650274384908,-25.43718466943678,r1
20966,2154,60.452859016765515,-18.93422550471815,r1
20975,2155,55.079242214625616,-27.68746556733354,r1
20987,2156,-27.943834043800127,53.12111511830942,r2
20994,2157,52.85722338820575,-24.97496524513314,r1
21006,2158,48.453403839170434,-44.36527205937593,r1
21012,2159,56.791534083992445,-41.675947317040084,r1
21022,2160,52.60721481326309,-22.427646086836496,r1
21032,2161,-17.571606864869764,75.2357163414349,r2
21038,2162,58.10170812172208,-32.4537660668378,r1
21047,2163,56.73644444749597,-31.406879667248496,r1
21054,2164,56.89510490435583,-27.57462758011063,r1
21062,2165,53.57693503270272,-25.40238941785944,r1
21068,2166,47.91486872555383,-32.55380601529471,r1
21083,2167,64.048289478217,-22.83710168476472,r1
21098,2168,59.14802036449546,-21.151413934926182,r1
21107,2169,53.32213108956313,-52.28519077972811,r1
21124,2170,82.85111683298015,-17.58439767559335,r1
21133,2171,47.856227019143276,-29.019226079016978,r1
21148,2172,54.20178015069911,-17.94317592619956,r1
21156,2173,51.526079529371,-28.96186661764545,r1
21163,2174,69.60601415135592,-26.563264498329417,r1
21170,2175,55.095812358512745,-24.857521884366477,r1
21178,2176,46.181882293909695,-21.939728479658697,r1
21192,2177,60.008021565090715,-20.37172300368998,r1
21203,2178,56.27917161189874,-20.349799163624155,r1
21215,2179,76.92061250658135,-19.848834120373944,r1
21232,2180,59.27549808808777,-56.210424265201965,r1
21241,2181,59.66787510013682,-26.166407814003012,r1
21252,2182,-17.432895051134974,51.68990823380616,r2
21269,2183,63.61697737880543,-15.308484105336266,r1
21282,2184,50.5515858754269,-53.08272333415282,r1
21299,2185,70.10903383504512,-17.145873001986352,r1
21307,2186,50.586498623921614,-29.865546578789182,r1
21318,2187,-45.36691238492504,62.00085719901317,r2
21327,2188,-46.350945607592095,64.2713744959137,r2
21343,2189,66.8997225085931,-16.894665227447433,r1
21361,2190,49.21667411112882,-45.44486582242156,r1
21375,2191,-52.31746571422208,60.68023300353825,r2
21387,2192,-21.046133348413512,61.35587777039373,r2
21397,2193,14.885513266994334,24.250491228973495,double_ko
21406,2194,58.67667044646266,-30.276563670125434,r1
21415,2195,64.05105583171654,-44.56062141195625,r1
21424,2196,63.78774211172673,-56.86659223698543,r1
21433,2197,28.95967854652013,22.591261583554914,double_ko
21441,2198,52.51200238767704,-28.798103428442424,r1
21454,2199,-32.458673695362954,62.1732966552394,r2
21463,2200,65.83250167697608,-18.08474837428271,r1
21482,2201,-20.1079446137567,50.77684786793244,r2
21494,2202,55.76233999131242,-26.3163985417766,r1
21503,2203,60.7197713254581,-20.03385968762739,r1
21511,2204,-24.03944302875906,56.4071000740876,r2
21525,2205,-19.884489951924735,51.76567278981094,r2
21531,2206,56.21150831789072,-30.692191868888614,r1
21538,2207,68.83221385045161,-32.79006531605138,r1
21545,2208,57.93801417826552,-53.29718540377151,r1
21560,2209,-29.07791325558564,47.15636618634086,r2
21573,2210,73.96477255642391,-38.924263677381035,r1
21595,2211,62.94251440184224,-35.628616374967095,r1
21604,2212,-54.17791513256036,53.584493525417365,r2
21617,2213,54.700182343072804,-20.43852355771105,r1
21632,2214,18.900922144168224,2.3132290338250048,double_ko
21643,2215,59.14671149058522,-53.29675922742714,r1
21652,2216,64.21582521009873,-23.38794887797819,r1
21661,2217,-28.39708903815651,58.46321548958782,r2
21679,2218,83.3470350097177,-25.37017123724494,r1
21690,2219,-15.747619595525517,54.75318823731849,r2
21701,2220,49.960018753882366,-23.829754603917635,r1
21710,2221,-21.147355082486243,45.51190258518389,r2
21722,2222,59.3111706830679,-54.48688320364108,r1
21732,2223,59.44127298391435,-19.999899298713256,r1
21743,2224,25.541206175274127,18.263093955518432,double_ko
21757,2225,-21.520222768360227,62.69056174465342,r2
21774,2226,-21.779655046735286,60.756338878034676,r2
21790,2227,-49.73404480508679,61.26446235124097,r2
21802,2228,-18.443478243613587,48.23149729979303,r2
21811,2229,-31.96872688383625,53.28235517959144,r2
21821,2230,64.3910338868498,-21.917437272127902,r1
21830,2231,47.59544717204044,-35.34792620004256,r1
21843,2232,-54.643080872973826,60.77909554361168,r2
21860,2233,-23.643083899820713,79.0924808491716,r2
21876,2234,-28.286459458202682,56.12908899823351,r2
21891,2235,76.07560883208205,-55.73542081920146,r1
21901,2236,71.66537084065817,-21.835393662741282,r1
21914,2237,58.120474568095034,-55.527194122824405,r1
21926,2238,-13.00851369179501,69.15321038561672,r2
21941,2239,41.47997390075383,-21.110525837735544,r1
21950,2240,-35.384862532266574,48.15353288117053,r2
21963,2241,77.1348741767229,-29.21660775371449,r1
21981,2242,-12.082139600981222,58.371123966746495,r2
21990,2243,-18.241921330015877,68.6980228293577,r2
22000,2244,48.08176614498337,-49.643236746366014,r1
22008,2245,-22.06783241707316,58.18172873099788,r2
22016,2246,-32.27514970863564,52.01937889603775,r2
22033,2247,30.910002414177615,29.363413956955583,double_ko
22042,2248,27.056035104307412,25.4625004853553,double_ko
22053,2249,-55.43275863857438,52.4869832846432,r2
22066,2250,67.9781990402567,-52.40860971938266,r1
22077,2251,-21.260245063717015,71.40586099786441,r2
22086,2252,60.87546908171615,-28.022538881028815,r1
22105,2253,55.305668677304276,-15.23984510986298,r1
22114,2254,69.0696773827255,-23.431768282160217,r1
22129,2255,-7.985024123282756,48.11297297313387,r2
22143,2256,57.799058529952205,-19.784422928633912,r1
22158,2257,-18.671334990763846,62.11582579629504,r2
22168,2258,30.8707921439038,23.586593248423313,double_ko
22184,2259,64.99595646573971,-8.282418344418481,r1
22193,2260,64.2394382184386,-35.72565983622445,r1
22201,2261,57.376369404568536,-29.64545192145423,r1
22208,2262,60.63318346852772,-32.858264228062176,r1
22218,2263,81.91921519958919,-30.135513290743376,r1
22227,2264,-21.97190777808261,61.87599777672337,r2
22235,2265,-20.660466247078872,60.20070622992629,r2
22245,2266,56.184524992461974,-22.066524328099135,r1
22257,2267,48.96045428916382,-42.498339899397635,r1
22270,2268,60.76827498550372,-41.30022499251321,r1
22279,2269,-44.746895650698185,55.767733362209476,r2
22290,2270,77.50800564291765,-14.714662965971016,r1
22303,2271,79.15429186918367,-22.207603087416775,r1
22311,2272,61.38013369203739,-24.062461017476487,r1
22324,2273,62.089113848087734,-52.9279676399113,r1
22336,2274,67.76330385479088,-23.976700080345108,r1
22350,2275,69.24214562692484,-17.400664655886622,r1
22358,2276,68.65593796563678,-25.310263660612286,r1
22367,2277,-47.605585392844716,67.12964938713384,r2
22377,2278,-23.486112994589348,53.00880874736441,r2
22390,2279,-54.8847589094043,50.074890187383524,r2
22400,2280,-50.43932820061569,60.6023467785606,r2
22409,2281,53.27117371479801,-19.062693410449793,r1
22418,2282,-26.45415630411917,48.24873565480278,r2
22430,2283,65.24225148626803,-53.97955122812628,r1
22444,2284,-30.790604354642966,70.434422518825,r2
22459,2285,-12.377464843649683,77.01178509810575,r2
22470,2286,-22.163373241766465,72.77633637767076,r2
22479,2287,-20.325618994349764,57.80780030012691,r2
22496,2288,-7.504146725887537,51.744053479492436,r2
22508,2289,62.86325362022285,-20.357273079596325,r1
22518,2290,-13.893270233146797,71.19654665315836,r2
22526,2291,60.11492545055837,-28.131058551798347,r1
22537,2292,85.1880458599108,-22.47938597984422,r1
22549,2293,-27.38627830287241,76.64543487770848,r2
22558,2294,-20.14635722121553,75.8301561976678,r2
22566,2295,-23.377932670857035,66.47566054014084,r2
22575,2296,72.91261269376189,-41.709662848072576,r1
22586,2297,72.86420616365139,-19.233142207002302,r1
22596,2298,-38.929035949286344,81.48813002927707,r2
22611,2299,65.73665902033478,-17.86606100300181,r1
22620,2300,64.56248099293708,-21.60534994007007,r1
22629,2301,-28.867968302507254,67.74831360220256,r2
22638,2302,78.0087249319482,-25.226052202998336,r1
22648,2303,51.23470885205557,-27.47851307203904,r1
22657,2304,-28.988926286446492,71.23333000110449,r2
22665,2305,-42.49151824395036,73.8339705324814,r2
22673,2306,57.83598937688646,-26.822197154297996,r1
22684,2307,-48.67636365307491,57.92453684215901,r2
22696,2308,58.85202003045058,-21.399610116465894,r1
22709,2309,-24.197413281083307,51.045521951041145,r2
22720,2310,60.352364004272275,-28.159430709036886,r1
22728,2311,58.46994414948412,-23.311723384915847,r1
22751,2312,69.489580072177,-30.329741787269786,r1
22759,2313,71.15634038944478,-22.73473284311461,r1
22766,2314,53.20170509125575,-26.639948860070632,r1
22775,2315,61.4346484920972,-24.114141592256424,r1
22783,2316,66.41313212099264,-21.735141604346957,r1
22791,2317,62.241333512310014,-27.458939232144175,r1
22801,2318,68.9259711693546,-23.632342762675478,r1
22808,2319,-23.180409790322877,74.60625011795645,r2
22818,2320,60.15583230045476,-17.409434605757458,r1
22826,2321,58.85705004738898,-23.501968430962272,r1
22840,2322,-17.25971023455503,65.89504834084649,r2
22849,2323,75.09133978461473,-23.574536597155344,r1
22859,2324,63.35931385455257,-19.315417914142063,r1
22866,2325,49.83413369218389,-30.446452362809552,r1
22874,2326,57.0791973908296,-26.747837107895975,r1
22892,2327,63.423411596059985,-19.85669909396692,r1
22913,2328,-17.402405866413126,59.02428591914387,r2
22923,2329,-17.775189029704908,54.99729972814803,r2
22931,2330,52.13630442642644,-23.531224677670448,r1
22945,2331,71.41310605481092,-45.604113600619975,r1
22955,2332,-18.9061928792584,73.99226163521517,r2
22977,2333,-27.287400864342683,58.74737191754659,r2
22990,2334,-51.483079184597415,57.281724161029466,r2
22999,2335,58.44836984159118,-25.57049389868574,r1
23009,2336,58.02408623745066,-22.753796683062674,r1
23027,2337,63.358370025933596,-44.26135974674265,r1
23048,2338,-1.0343473107314196,59.76246275493541,r2
23056,2339,52.256280819126296,-20.62869370492463,r1
23069,2340,-25.269117773917927,57.64007736988472,r2
23092,2341,76.90720521706983,-12.382016832882229,r1
23099,2342,23.592835838626762,19.784441946069375,double_ko
23108,2343,-19.51280611203051,73.96250858019566,r2
23124,2344,-14.703100658602622,66.41724331051446,r2
23131,2345,52.286670038746976,-28.45399010101127,r1
23140,2346,65.04452754174008,-21.7860713105879,r1
23156,2347,56.852694154059485,-42.68029413228503,r1
23172,2348,37.61555846778884,-1.9027708556729952,double_ko
23182,2349,-43.05199563979879,52.21265552450819,r2
23193,2350,-34.948479743475204,70.43145486702822,r2
23204,2351,-28.12865026580706,78.66418020608674,r2
23214,2352,-53.26260685520703,55.65877536587905,r2
23228,2353,47.513976402768435,-19.84104116198264,r1
23236,2354,48.64165899351759,-24.04865532566206,r1
23243,2355,58.7057570494333,-25.468667443841376,r1
23253,2356,53.13062865823595,-46.84639483479632,r1
23265,2357,57.09490956472425,-48.383846962899305,r1
23278,2358,28.200526358211896,38.64693744710079,double_ko
23290,2359,58.13325383530277,-43.29654231019413,r1
23305,2360,-20.86126339323109,75.16753933700059,r2
23312,2361,58.175157071249046,-32.116034977808724,r1
23323,2362,-4.075033634392219,18.020256605781363,double_ko
23337,2363,52.10483031009142,-18.836987621018146,r1
23348,2364,62.389573111091735,-14.945589223034595,r1
23368,2365,-11.33345414571712,74.88359126080317,r2
23384,2366,64.51748151652237,-18.723628618543756,r1
23397,2367,70.37917835587622,-44.36870374909802,r1
23418,2368,63.69667143496588,-31.95967216740257,r1
23435,2369,-12.48902673230645,75.98942614467262,r2
23448,2370,-14.858423344585411,63.10832447667689,r2
23456,2371,76.56847986958405,-34.477996227737584,r1
23463,2372,-25.63453620488123,66.32247259820427,r2
23480,2373,55.48633943566794,-52.63340509167149,r1
23492,2374,-30.68246262118068,70.14106636087125,r2
23505,2375,62.8506166443258,-18.003881845266136,r1
23514,2376,-23.272709160500554,56.83445717344258,r2
23527,2377,60.84049705972105,-12.814714866070275,r1
23543,2378,61.84468814486998,-3.972480074233779,r1
23555,2379,71.87581241551472,-15.111751181376487,r1
23562,2380,-27.046415532737164,52.80333922617876,r2
23572,2381,-20.80735826581587,73.934741383725,r2
23582,2382,60.81005352587226,-47.44671560357904,r1
23591,2383,-18.091892407477513,58.08019090105183,r2
23599,2384,-23.149885206706422,65.5464730690623,r2
23609,2385,58.87706938380519,-24.33606106162264,r1
23621,2386,-14.55521998258142,57.6202949930794,r2
23629,2387,-23.493509497685316,57.506889942387495,r2
23650,2388,-14.13331013419809,75.23183375126419,r2
23672,2389,63.97903473382441,-19.350337263302123,r1
23683,2390,62.5019594768031,-19.15954418570977,r1
23693,2391,-17.248554712801774,53.55785203858134,r2
23701,2392,-22.281814510232415,61.14815507063235,r2
23710,2393,-21.84380912264522,59.100459652161476,r2
23719,2394,-25.159415149911304,58.606608549001805,r2
23728,2395,-18.96002552979622,49.09762920030508,r2
23740,2396,-12.728924526702613,78.34347107163002,r2
23753,2397,55.23056913942228,-34.041183767122696,r1
23764,2398,-15.019239263116948,57.35491568209831,r2
23775,2399,69.94491236879357,-20.98324107428664,r1
23787,2400,-17.588127807519363,61.56819019693506,r2
23797,2401,-22.826119080442503,56.02811771697979,r2
23808,2402,67.13613726544094,-18.049810607909322,r1
23818,2403,-17.49351639173072,50.65303346231654,r2
23829,2404,-18.39945887234518,72.735697096423,r2
23838,2405,-28.189178806830043,74.86538862948255,r2
23848,2406,-19.66581691334555,62.66086095416756,r2
23865,2407,64.85081213091915,-15.266231742777535,r1
23875,2408,47.6893240353156,-22.048479389772456,r1
23881,2409,-30.527164642229614,55.67641111567155,r2
23890,2410,-26.068298863485587,48.46610860107763,r2
23898,2411,56.81835745470172,-26.919088035068867,r1
23908,2412,-17.823591655109492,60.99121989742663,r2
23921,2413,-13.723264072938694,65.51197639725956,r2
23930,2414,-20.640550379956284,58.29802735466452,r2
23941,2415,78.12260143950252,-17.022933446728274,r1
23953,2416,-19.82821013247868,74.86079357270918,r2
23968,2417,72.23613084793602,-22.404118991655047,r1
23979,2418,51.18932508793469,-19.42307678685604,r1
23997,2419,56.390155361215655,-45.706611426978355,r1
24012,2420,58.5408207462628,-26.252895868959804,r1
24020,2421,-19.777591346176266,62.51012394979844,r2
24028,2422,54.39331470782921,-28.95940583474043,r1
24037,2423,61.00427723064898,-20.35252750050625,r1
24046,2424,-17.97841777007271,67.4400787103284,r2
24061,2425,-22.65918557270688,59.01918061641566,r2
24067,2426,59.184491879079154,-52.564959772707354,r1
24079,2427,63.655941235115364,-51.491042808470276,r1
24086,2428,-26.586517974075768,46.99745304722918,r2
24096,2429,75.70115588067739,-23.28244997586748,r1
24103,2430,-24.502380289753386,57.80023333655951,r2
24114,2431,76.33437437758636,-22.4810727213754,r1
24125,2432,74.6556953976325,-50.87427603007955,r1
24135,2433,-26.96951029483925,69.51877166929255,r2
24147,2434,58.5889308779318,-24.76885384041671,r1
24164,2435,63.00039753828817,-22.772847085839473,r1
24179,2436,26.73263307860454,33.71613034557446,double_ko
24190,2437,-42.35636395905718,46.67016350142489,r2
24198,2438,-26.227920846954223,57.66259190424414,r2
24205,2439,-24.471820253960583,60.86711290137055,r2
24215,2440,62.532554894483276,-17.806653368175787,r1
24230,2441,81.94010185042663,-25.633283464809622,r1
24240,2442,66.58729119361152,-52.336713968838204,r1
24254,2443,59.75249725859604,-14.472358136878348,r1
24268,2444,-21.223732096411606,57.57961343315347,r2
24283,2445,62.518173148798745,-48.360962147461194,r1
24297,2446,-56.18587608719478,54.14627501621991,r2
24309,2447,-21.3813130417616,51.50037533922433,r2
24317,2448,61.01584428072011,-17.533346181213176,r1
24326,2449,61.00335961860825,-23.615419903941845,r1
24339,2450,55.62142668216252,-21.61516878134681,r1
24349,2451,52.6960785360129,-16.45938663415577,r1
24363,2452,60.62765604797786,-28.58525587876987,r1
24373,2453,-25.381187035014232,62.10129398643319,r2
24382,2454,-49.22943546937022,46.12625675761873,r2
24401,2455,60.2909604205343,-9.587537575516606,r1
24409,2456,-29.910738431522606,56.86572226043488,r2
24421,2457,-40.941421722662554,54.58634660818477,r2
24440,2458,-15.689865533354492,65.20427641603177,r2
24452,2459,-30.28894683016303,46.137898788894674,r2
24461,2460,60.35421104092556,-24.457404768568356,r1
24473,2461,69.30615568992383,-18.648867396808967,r1
24488,2462,53.50985779509733,-16.625631394505206,r1
24504,2463,-14.154901162998538,48.347536911663994,r2
24511,2464,-24.966039223479974,55.34999083738914,r2
24525,2465,-56.19473222405827,57.43515351383325,r2
24539,2466,63.419717565487176,-49.97005854520767,r1
24553,2467,53.818440488315325,-15.021568256287821,r1
24561,2468,-23.017761021345805,52.53851277655155,r2
24576,2469,60.59468566331371,-15.968067222743848,r1
24585,2470,58.003900195951495,-40.05229312283717,r1
24597,2471,65.96783272371871,-54.41945430190412,r1
24607,2472,60.449022125312815,-19.567832399108287,r1
24620,2473,76.83425720562299,-51.90833175113559,r1
24630,2474,-20.96816036788983,59.92947638176498,r2
24640,2475,-47.740347998750096,66.77099325909994,r2
24654,2476,-22.749864923445667,62.56271550389923,r2
24673,2477,56.342730370998346,-50.477270675401634,r1
24684,2478,-34.41280129863182,55.51761921272859,r2
24696,2479,-21.599206014852815,69.05065209564157,r2
24707,2480,52.02849280376085,-50.01950860994537,r1
24722,2481,51.11877847052021,-15.984293465161521,r1
24733,2482,-15.868292416938601,54.329893630595606,r2
24745,2483,51.782473704134944,-22.132854958449904,r1
24757,2484,-48.05349450793538,51.252061722812975,r2
24766,2485,53.20837721415519,-22.845029826533917,r1
24777,2486,-23.427070159043375,47.058788211351,r2
24787,2487,50.527008459968265,-48.16308202536619,r1
24801,2488,-11.837274453233526,69.36776658534038,r2
24810,2489,-18.302501769455148,48.34862641376949,r2
24821,2490,53.89897764791076,-25.03108681916182,r1
24833,2491,-23.629594704235455,51.00844566590233,r2
24848,2492,-13.850640144878398,67.5802615852477,r2
24856,2493,64.5992370249558,-20.764908308153974,r1
24872,2494,-27.32592731352484,66.2697178958364,r2
24881,2495,-18.932344990680217,55.49465309700692,r2
24889,2496,-24.856403791993575,49.136273696252005,r2
24899,2497,57.68409067885809,-29.97611393743084,r1
24919,2498,48.12953305993544,-51.76318343692831,r1
24931,2499,72.59468112354702,-21.384025742608166,r1
24944,2500,53.61986749946849,-23.124093141723996,r1
24955,2501,-20.915027525509593,59.33951909271384,r2
24964,2502,50.64489311442832,-21.77741568109213,r1
24971,2503,59.634252472264606,-31.831258188397562,r1
24990,2504,62.884098548845344,-13.077252980252823,r1
25004,2505,57.30987144860974,-58.26870957992426,r1
25014,2506,52.58265254086845,-21.539722982008957,r1
25023,2507,-22.595709678358944,78.00065032678937,r2
25039,2508,52.303731790440494,-48.93234806524199,r1
25048,2509,53.763350104953425,-21.798658580927224,r1
25062,2510,-24.31363428482416,56.9064617119325,r2
25071,2511,-19.285695188300267,50.70752494158048,r2
25080,2512,48.30440375496435,-26.73430068054976,r1
25090,2513,-20.88723145678486,65.07094155907178,r2
25110,2514,54.54304309125389,-25.205594363848046,r1
25124,2515,61.342928250133,-42.211420656667286,r1
25135,2516,-19.444419861539032,64.70646302214354,r2
25149,2517,30.229110940498263,-0.17146273931363543,double_ko
25162,2518,48.380188929352734,-52.03733334358708,r1
25175,2519,45.373943370360294,-12.53314960761816,r1
25193,2520,49.26262295634667,-55.76792161208289,r1
25210,2521,-15.980237748751279,48.09081721212594,r2
25220,2522,50.21776296672777,-18.74960948612932,r1
25229,2523,58.75870866369565,-51.831284886902665,r1
25240,2524,-24.202038645948363,63.74301496383668,r2
25255,2525,64.97726290761004,-6.689718238320928,r1
25264,2526,-54.29435715723209,61.91309808417235,r2
25278,2527,76.57777012273854,-23.633927691134488,r1
25286,2528,58.17371295153929,-20.953329269143502,r1
25299,2529,-18.510839598810158,57.29789081921815,r2
25307,2530,49.43681615883768,-30.340240379275873,r1
25318,2531,44.359909467053896,-20.5996754214992,r1
25329,2532,54.26849675419323,-55.471229072772495,r1
25338,2533,-20.353830971875254,58.0251971789626,r2
25348,2534,-19.334516052510814,55.70468806869692,r2
25366,2535,58.71010600344752,-53.044403456712985,r1
25374,2536,55.452864282036494,-19.625900846580002,r1
25384,2537,78.99005646373655,-18.17533404283178,r1
25397,2538,57.539549454744574,-24.444258178723977,r1
25407,2539,69.51308259465058,-19.235817331846242,r1
25419,2540,75.23341785134751,-19.703860864884692,r1
25436,2541,52.538072150533104,-17.14821942426672,r1
25444,2542,64.22878420001685,-20.884199612000423,r1
25452,2543,22.169753826225513,28.28102806743393,double_ko
25468,2544,47.56035162291265,-26.324069484458548,r1
25477,2545,56.00145361589229,-19.380030033886747,r1
25491,2546,-56.14654164217902,61.297947390802875,r2
25504,2547,-32.97127592095682,76.99421173524556,r2
25520,2548,58.278849637061555,-14.139923564544446,r1
25531,2549,58.76590608403633,-19.519106681049408,r1
25542,2550,-24.286055656285676,67.70940308811007,r2
25561,2551,-19.9220802071328,67.24872075419154,r2
25571,2552,58.2437763624585,-25.086133851901018,r1
25586,2553,51.968495196501124,-50.94864768723223,r1
25598,2554,63.794791904349395,-20.065114546465683,r1
25610,2555,-19.375607366969884,66.93419717944926,r2
25625,2556,57.72343128371939,-19.761885945258474,r1
25650,2557,-18.894805780436922,78.714615427318,r2
25668,2558,55.393985534977865,-52.68808896292818,r1
25680,2559,53.639716387923166,-22.872921896680317,r1
25697,2560,60.549542731952414,-54.92792698327194,r1
25726,2561,29.783821931538235,21.80340475592528,double_ko
25737,2562,53.42720332859891,-16.686238638870815,r1
25759,2563,50.19184384726888,-20.444976236574288,r1
25778,2564,-56.984772706664394,44.44573899961277,r2
25788,2565,53.46915108927603,-25.02200003635298,r1
25801,2566,57.51131044758992,-16.42203988103615,r1
25814,2567,-55.292552194245125,57.638227119328356,r2
25823,2568,-25.63720770533847,53.76390707443062,r2
25834,2569,50.89174909405751,-13.263083926263644,r1
25844,2570,55.38553919399139,-25.650573746358234,r1
25860,2571,56.19550715922278,-21.593730795138764,r1
25871,2572,59.91905701641168,-19.316448609824878,r1
25887,2573,57.047312337710906,-11.717727288726287,r1
25903,2574,55.19010185247239,-11.981525399100235,r1
25921,2575,46.84493213304352,-20.37662663442323,r1
25930,2576,-22.376946684621096,69.93738125599229,r2
25945,2577,62.2355906796204,-14.62327670224198,r1
25959,2578,52.25001579224282,-19.06347485959801,r1
25974,2579,57.642700380342035,-14.5760251633114,r1
25983,2580,54.03762541866843,-20.325330074935476,r1
26003,2581,64.26068258223653,-15.39298581257746,r1
26017,2582,-19.86171138166177,64.9336559150878,r2
26029,2583,51.36395330811396,-17.51051747356674,r1
26040,2584,56.89998553194318,-50.67457995369005,r1
26056,2585,-14.476276685177488,85.64552402455196,r2
26064,2586,-24.86785812465968,63.728734529456446,r2
26084,2587,53.47218467312973,-13.499581008448963,r1
26092,2588,52.46214091236472,-22.610624227278286,r1
26101,2589,46.28090245189367,-20.114552419073807,r1
26113,2590,51.351718468147844,-15.288449808915143,r1
26123,2591,53.57739006660146,-22.075755991974223,r1
26137,2592,57.43500784333567,-27.886392515305072,r1
26165,2593,-5.444998013519786,74.92285166154238,r2
26175,2594,64.33714985442779,-39.410847873696056,r1
26189,2595,55.96812937996883,-22.987439235581682,r1
26205,2596,53.631517626912014,-18.71972483370346,r1
26214,2597,-4.060806771936774,13.821166379447934,double_ko
26229,2598,-32.42364864489747,62.48406897693993,r2
26247,2599,54.0662435078466,-5.987790823347332,r1
26259,2600,68.6976151672609,-26.277951911899677,r1
26273,2601,-20.256271524930437,75.68337014143351,r2
26286,2602,50.58847297877659,-19.87565471937648,r1
26297,2603,51.95721157414195,-16.92600744133251,r1
26311,2604,-47.964308477014896,57.840916636320486,r2
26334,2605,63.49203622113311,-9.37820554150035,r1
26344,2606,-46.954681049977495,52.53418525061683,r2
26352,2607,-18.976450995724115,51.76948462042896,r2
26362,2608,52.779813122396355,-26.12218359529949,r1
26388,2609,55.83983842981412,-6.619284605027033,r1
26407,2610,-57.30750860023121,57.91739465795807,r2
26416,2611,53.64774059736383,-46.11111144977809,r1
26432,2612,-18.44063502890512,52.99190682277253,r2
26453,2613,55.247134235611355,-17.409898410470504,r1
26474,2614,49.98597923623935,-26.1751028299505,r1
26482,2615,53.03137810003406,-21.91916410691745,r1
26497,2616,53.5661634111304,-18.866411438245205,r1
26510,2617,56.37938884890136,-16.729356195813224,r1
26524,2618,55.19813769674561,-13.85929214156933,r1
26543,2619,-52.910927639802544,70.39330225194576,r2
26561,2620,-6.218629604496815,36.660240070814154,double_ko
26573,2621,82.03590049441121,-20.27719292640606,r1
26584,2622,49.4778888673181,-21.286194924295398,r1
26593,2623,56.44823666908697,-26.199422995813393,r1
26608,2624,57.02670391851082,-11.057698900642393,r1
26621,2625,58.9524925363768,-18.36509215237358,r1
26629,2626,51.48990892637372,-19.33343567984279,r1
26644,2627,57.511800287331795,-37.05831669612563,r1
26655,2628,72.76475899298052,-23.47356499776628,r1
26666,2629,60.21401875377716,-16.837847348226298,r1
26677,2630,54.65471045045935,-19.510388340490753,r1
26692,2631,72.80456467671488,-15.87635318907872,r1
26715,2632,-13.570820311820064,81.63981746392508,r2
26725,2633,56.81888191963412,-19.18388859937048,r1
26735,2634,-46.220191766562934,70.54453763786674,r2
26748,2635,83.55100847177407,-17.25090032468442,r1
26761,2636,-18.968010122179756,71.7935930690868,r2
26770,2637,53.12190217703447,-19.911325448918884,r1
26781,2638,51.45749464945953,-40.434704369157544,r1
26794,2639,-11.52636920404651,78.04524554632229,r2
26803,2640,65.208685458707,-18.466243006879118,r1
26813,2641,57.31858529737016,-35.24499567038335,r1
26828,2642,-35.10668913089731,81.56258751823462,r2
26836,2643,51.57212389316885,-22.61554152182357,r1
26862,2644,-28.60472478318729,54.56701013642794,r2
26870,2645,54.39195609062109,-20.743655810872966,r1
26881,2646,74.34960451835698,-20.73730537613767,r1
26890,2647,54.51463024739415,-21.77046778625386,r1
26901,2648,57.075424082636374,-17.583318012136555,r1
26912,2649,49.657609985784234,-25.907899782428156,r1
26926,2650,-51.603875863219066,75.81132360620731,r2
26937,2651,59.114725082706414,-17.265596755022358,r1
26949,2652,69.43404787845452,-18.428817886733786,r1
26970,2653,71.12594240566973,-21.021157292357856,r1
26979,2654,-19.91542335814848,65.39116522542403,r2
26993,2655,72.8738839723292,-11.92227176046363,r1
27003,2656,57.38152362387064,-42.52938369192419,r1
27016,2657,62.6434059878075,-52.00945913502082,r1
27026,2658,53.714404921047496,-21.023590193145807,r1
27034,2659,-22.919928481319293,56.18120959146423,r2
27047,2660,-18.835980073505016,50.344183349393184,r2
27058,2661,56.3319654331826,-53.21445501764589,r1
27070,2662,-48.28933452364709,65.6539601234038,r2
27080,2663,59.47817929996344,-18.0395305548744,r1
27091,2664,-19.35758752792156,74.15418468493252,r2
27108,2665,76.34505995295203,-36.13257385556415,r1
27118,2666,-18.008318797346238,65.95772834477866,r2
27128,2667,34.97093478050765,29.149542539255556,double_ko
27139,2668,59.50270996851356,-13.106442890992863,r1
27155,2669,-24.50704520572274,75.98764644378863,r2
27173,2670,70.55231576285317,-17.46978874236125,r1
27181,2671,53.906615752290044,-21.959062760053904,r1
27189,2672,53.90812242872671,-24.74316686039572,r1
27203,2673,24.608797863903238,39.781982320355155,double_ko
27212,2674,55.38336942874616,-21.484591314110013,r1
27221,2675,-26.200034597612486,71.06146720973544,r2
27230,2676,-1.8349983839881248,24.903143359134248,double_ko
27243,2677,63.16671878593374,-19.900984763913407,r1
27259,2678,58.993797664415446,-33.09680650908196,r1
27268,2679,2.940574683521336,30.596311473466674,double_ko
27276,2680,62.958213142225944,-28.07579392507536,r1
27289,2681,50.690485615098616,-20.201569777993672,r1
27304,2682,-28.042935584068434,67.06179718580071,r2
27332,2683,-11.570000993313037,68.8317157897269,r2
27341,2684,-45.987717134751,56.93305186561237,r2
27351,2685,-20.47664854786256,58.16109570334008,r2
27359,2686,65.8183125336895,-24.658433151736787,r1
27370,2687,60.99144592209324,-46.47321319618706,r1
27380,2688,49.86745380825046,-14.689723244922796,r1
27389,2689,-16.735847803833224,60.88875022308308,r2
27404,2690,-14.975762452177612,60.20595262231428,r2
27415,2691,-23.28540768530327,58.14017023195396,r2
27424,2692,-16.26236960488592,79.97545922254207,r2
27433,2693,-28.230129901674545,68.18644955408057,r2
27445,2694,51.46847643400474,-19.04688161734493,r1
27456,2695,69.75018983051064,-23.368778476526924,r1
27466,2696,-16.22886202076813,63.684649304114046,r2
27476,2697,64.22752478097422,-17.018747695207406,r1
27488,2698,-21.75824297388144,53.14093801311451,r2
27498,2699,-18.750917182866868,52.884296213930455,r2
27513,2700,61.484169044846425,-15.502268177191645,r1
27526,2701,58.371853082213505,-25.7477654637256,r1
27536,2702,47.580704422348155,-20.163416228911558,r1
27548,2703,60.8602759507705,-17.770084204909395,r1
27562,2704,23.094770330739067,28.107200803107034,double_ko
27586,2705,73.41355341707674,-40.777017708197015,r1
27596,2706,-52.116432487330734,73.81687031417643,r2
27611,2707,-43.66394339262706,59.99974939267222,r2
27625,2708,47.06504919446661,-13.218337089411413,r1
27634,2709,51.29586032007569,-18.79155683611315,r1
27642,2710,62.27460624653632,-24.543130170810056,r1
27655,2711,-22.327734010226703,76.1316420756172,r2
27667,2712,-21.25512135358896,82.15513690656685,r2
27675,2713,57.39791048045175,-27.354572816478235,r1
27683,2714,62.39422240362605,-24.557821275278098,r1
27698,2715,29.399780703882467,32.82305116901179,double_ko
27707,2716,48.869368312668,-19.20044075235209,r1
27714,2717,60.080088255816605,-25.882046736687833,r1
27723,2718,-29.96594682787574,79.29255058201082,r2
27735,2719,51.824565101312174,-18.994607576260243,r1
27753,2720,-11.87188991775973,65.6170131020908,r2
27760,2721,-40.18329374063928,64.13833367598633,r2
27771,2722,61.75323354434292,-19.489121021340427,r1
27785,2723,51.47252800269831,-20.400242136829792,r1
27793,2724,-22.949965226825224,66.95458238908991,r2
27802,2725,-29.788982970010114,69.180446466674,r2
27811,2726,-38.0933070797163,52.77660311381862,r2
27822,2727,-24.501988136809526,60.298951687810714,r2
27832,2728,-24.88102888020947,74.72982111224023,r2
27849,2729,62.70908160400597,-16.017868032839033,r1
27874,2730,78.87396301593554,-22.765809295155186,r1
27888,2731,-21.372048972006223,64.40350461663488,r2
27901,2732,-1.9956425207184694,30.913891452361906,double_ko
27912,2733,64.0782903686929,-35.84028155372464,r1
27926,2734,55.195308947363685,-58.34168243326948,r1
27941,2735,52.76424000054558,-56.688001428185075,r1
27964,2736,78.48569805114467,-49.14933345786435,r1
27973,2737,61.80897419085272,-24.285649850384104,r1
27982,2738,-19.31071815434239,48.51461392878175,r2
27995,2739,69.00839698824099,-13.010995307071475,r1
28006,2740,54.27299075026324,-29.299535131574082,r1
28019,2741,-24.231655320403775,59.050372041948535,r2
28033,2742,-55.294285895785336,60.63024143790426,r2
28044,2743,62.08683044113425,-23.90594114186694,r1
28053,2744,17.79316854483508,-2.387090971275607,double_ko
28067,2745,55.65862654458213,-48.64900805569459,r1
28088,2746,72.91920177761784,-17.66238975584585,r1
28104,2747,-17.343847853696342,63.1771860652095,r2
28118,2748,-53.35685580573141,55.21556670108963,r2
28129,2749,52.79545174029643,-53.52307553003341,r1
28140,2750,-23.961975862959612,65.26287095240399,r2
28155,2751,75.80287806995892,-19.114794625879178,r1
28169,2752,-55.27248533875221,53.07111649359667,r2
28190,2753,26.91015110385827,2.3875211416497257,double_ko
28206,2754,-20.62729555844279,72.73715921460376,r2
28221,2755,54.90517167048853,-28.258090092859245,r1
28230,2756,-52.1059640726603,54.08260401898999,r2
28257,2757,84.36232168427871,-49.55484790297995,r1
28272,2758,54.6124458236103,-24.94850376108608,r1
28286,2759,-47.726096187712876,75.54446441176033,r2
28300,2760,-18.49753447730675,51.684924211528894,r2
28316,2761,73.76323990837366,-33.249880668706055,r1
28326,2762,-22.934709197608406,70.11698268273534,r2
28341,2763,-24.979729198795816,54.13057528873772,r2
28347,2764,-28.09324547629722,49.89123109432458,r2
28361,2765,71.48327552151186,-24.34719164146746,r1
28372,2766,-14.611953707055633,72.68627174379051,r2
28381,2767,-42.60864517911546,54.047737324952294,r2
28391,2768,-20.038442633576985,55.617212131741276,r2
28400,2769,-20.588109172889627,53.5124719094898,r2
28423,2770,70.6614482920476,-21.429029529217992,r1
28431,2771,-21.29531974142453,48.59941866269946,r2
28451,2772,62.240302135135764,-12.440890631375794,r1
28459,2773,-19.788393342394766,57.98507509490601,r2
28471,2774,75.56369746763633,-17.599629559461977,r1
28477,2775,-25.262666065503822,50.38034400298802,r2
28489,2776,-26.490529164722307,61.779245593780686,r2
28501,2777,58.44779987347654,-24.742715648029368,r1
28511,2778,55.11456072333148,-39.04384964864467,r1
28526,2779,-35.796485018618164,55.903962892785565,r2
28541,2780,-6.831891491121722,31.039328110171702,double_ko
28549,2781,-24.877308907125695,59.851352961019735,r2
28559,2782,58.34442438604497,-25.353971318148876,r1
28578,2783,58.91294023909305,-26.47620597781343,r1
28591,2784,-10.148467017771225,59.53612454821017,r2
28598,2785,-29.762781112183173,50.180015395613246,r2
28604,2786,-27.321930466750633,50.01612790415124,r2
28615,2787,56.94421854089661,-24.359749972069636,r1
28623,2788,-22.90727717467318,68.57502140431097,r2
28633,2789,-39.46999357848841,67.18580129674123,r2
28641,2790,-21.704713919579362,58.58990236539429,r2
28652,2791,64.85747695298619,-22.772046271084246,r1
28663,2792,-32.27872868572202,67.52822389893612,r2
28674,2793,-43.687293856494605,54.119917383225975,r2
28685,2794,54.31713350674834,-53.91083990438579,r1
28695,2795,79.12627219729902,-22.112010043446762,r1
28705,2796,11.07744150255521,-5.38736586212055,double_ko
28717,2797,-19.121951198005256,73.23868225933431,r2
28734,2798,-19.009972828709685,59.831882036591644,r2
28745,2799,-17.21201339747158,63.20661353684022,r2
28761,2800,-51.50043272301267,51.01874378009129,r2
28770,2801,-23.489362346491035,50.63324969391688,r2
28791,2802,-20.438388603243446,66.06255488758778,r2
28798,2803,-24.921693084321266,55.28201142959892,r2
28806,2804,-20.476510160989953,62.463277832096125,r2
28819,2805,66.1266688452641,-23.66001276781918,r1
28833,2806,63.5831603673791,-49.034285215293885,r1
28840,2807,-23.197510194886497,55.367721482492804,r2
28847,2808,-29.3127039084172,63.59379848835423,r2
28862,2809,-22.757816478000905,76.0641556836984,r2
28874,2810,62.16749839058156,-17.677816056142866,r1
28902,2811,-10.089331495805716,94.96169080091732,r2
28921,2812,-9.337521866759488,82.18399442866118,r2
28928,2813,-21.729149658786692,51.81769254203086,r2
28935,2814,-25.860482275401246,55.99801579962462,r2
28943,2815,-32.44124181755779,65.17504758527993,r2
28951,2816,-21.307570205731288,51.7127268332203,r2
28973,2817,65.96802635902435,-17.387190205823984,r1
28981,2818,-21.49369339255083,53.7643923492735,r2
28994,2819,59.81141178167562,-16.84168511100769,r1
29005,2820,-17.77417296209975,58.39831213950347,r2
29024,2821,55.8291139497106,-20.275877229943717,r1
29039,2822,62.372702204836834,-13.851498581375598,r1
29051,2823,58.054541729220844,-22.011278890694648,r1
29063,2824,-20.83561795422209,54.943182908450815,r2
29072,2825,-33.41666604821691,53.75870498178338,r2
29084,2826,48.953113536311676,-14.914846094270523,r1
29092,2827,-26.220540381530245,60.88230485474,r2
29101,2828,-21.437277772986693,50.389747955802875,r2
29110,2829,-19.82198849956469,57.78109122772958,r2
29117,2830,-21.752151532301802,49.36505386663622,r2
29123,2831,-27.095767436404557,61.0961448762899,r2
29129,2832,-31.070577404690557,58.093724651079484,r2
29137,2833,-21.02623067993561,51.872260733842275,r2
29146,2834,-27.05872244596006,60.556674630686864,r2
29153,2835,-25.236252700745403,58.34218621930057,r2
29172,2836,-23.565821840913348,67.1742211502374,r2
29182,2837,61.39833054057698,-40.12131392330903,r1
29190,2838,60.32240688819714,-29.468331129579447,r1
29199,2839,-19.442769655234823,58.774841734845104,r2
29206,2840,-23.463446579812572,52.523943777103945,r2
29219,2841,-10.958415502858792,47.19756380953146,r2
29227,2842,-28.141792657786777,67.99837043993608,r2
29240,2843,63.8085395082909,-15.738568765449273,r1
29254,2844,65.31690960459028,-55.70486372663577,r1
29266,2845,-50.66904472422033,62.13436459507196,r2
29289,2846,63.872842021001425,-15.77061957497735,r1
29297,2847,-23.251148244594358,60.07482069532888,r2
29310,2848,69.28915771862134,-15.335998106344316,r1
29320,2849,68.76302220181348,-21.517210415766222,r1
29329,2850,-18.925360017409464,72.00486900558815,r2
29338,2851,63.78859432228156,-21.524619695620714,r1
29348,2852,60.99879961032883,-21.49618472374587,r1
29356,2853,-31.395877731091794,60.39473911323345,r2
29368,2854,56.815293779104785,-44.295787795330995,r1
29384,2855,-21.699343874399432,64.52349117207702,r2
29392,2856,-23.610258062038174,60.01203072705666,r2
29401,2857,-17.528578544902146,51.15445522800848,r2
29417,2858,-18.445299014114564,56.89265956182703,r2
29430,2859,55.71153643380016,-52.49922914859928,r1
29437,2860,-22.953598128598053,54.4932009914696,r2
29445,2861,27.600813060589473,26.293593441515533,double_ko
29453,2862,-22.00456112887744,56.96805487988824,r2
29463,2863,-21.298876804445314,50.430677279215836,r2
29480,2864,60.511294989294576,-9.405503780579586,r1
29493,2865,-16.559359007703268,52.29732834461893,r2
29502,2866,54.25326272369277,-22.56296969879532,r1
29510,2867,67.77752168528401,-23.78835972790773,r1
29520,2868,25.657635106666476,26.02560747841417,double_ko
29532,2869,60.994696752717594,-20.910641694812334,r1
29543,2870,57.35628122780162,-38.94461596186642,r1
29551,2871,56.666963746571355,-22.21626050959543,r1
29565,2872,56.06821208349981,-23.485556464716716,r1
29574,2873,-21.818421509119595,68.94585581923245,r2
29589,2874,59.87739778700362,-51.86397294634658,r1
29601,2875,54.251678831716355,-12.998532965038876,r1
29612,2876,64.33633877629279,-50.36084019180403,r1
29628,2877,-49.53303205563645,57.24749232753536,r2
29644,2878,62.70528896413506,-57.36976260831379,r1
29652,2879,-24.22933390785473,67.18170444149396,r2
29664,2880,51.17347492595711,-51.626202788310586,r1
29672,2881,-22.496197327806577,71.72124410210697,r2
29678,2882,53.75272646970006,-34.8119314988678,r1
29685,2883,-24.80238308809258,60.15543220440058,r2
29693,2884,68.9319185407786,-40.970744236700945,r1
29700,2885,-22.099632566780958,55.428416259913476,r2
29717,2886,-22.345617854381146,68.32724802059762,r2
29727,2887,-22.60341213931035,65.4116820642009,r2
29742,2888,59.530819655747116,-42.40469633264192,r1
29758,2889,-12.948825513470354,70.4217966196691,r2
29774,2890,58.72443228310858,-22.035409234277196,r1
29785,2891,64.84962076764671,-22.281398511745124,r1
29814,2892,-9.09091204569004,82.46129583847619,r2
29822,2893,69.35075994135582,-29.578043884374235,r1
29832,2894,60.477858744895954,-33.96277276613113,r1
29840,2895,72.54415933657341,-22.007850577079818,r1
29861,2896,63.10065320266937,-6.516086087221844,r1
29868,2897,52.504663350423144,-28.478503553286373,r1
29877,2898,62.674131412327114,-19.902559854500975,r1
29887,2899,-20.728755399220496,52.45106462089278,r2
29902,2900,67.26224459181783,-56.771659269656155,r1
29909,2901,56.50365753472383,-34.177035570479156,r1
29919,2902,55.84147956393625,-40.28895695696944,r1
29928,2903,-17.374404087998837,64.8210882074,r2
29939,2904,62.22593556849078,-20.498890921928975,r1
29946,2905,-33.43220591596114,52.55601939070246,r2
29957,2906,56.95226290652053,-30.924303075482232,r1
29967,2907,55.19417941760136,-49.91723833631846,r1
29981,2908,62.52303386111052,-15.331021218947342,r1
29991,2909,54.47514348018654,-21.22097522620206,r1
30003,2910,63.31348392651546,-23.03659015395001,r1
30011,2911,-23.36067489064155,58.95705267947197,r2
30020,2912,-29.766521678923,56.576494867125916,r2
30028,2913,66.08587986956907,-28.62820988172486,r1
30041,2914,59.55150103236172,-18.527313416027937,r1
30050,2915,67.13967619405823,-24.258256142463242,r1
30061,2916,61.624193989898885,-18.17707281982148,r1
30075,2917,-39.326287940672664,67.45807333405968,r2
30090,2918,13.10988882422376,-9.414976734922554,double_ko
30102,2919,58.925535979194436,-37.033024836169275,r1
30118,2920,63.336664564191125,-11.718540266565867,r1
30127,2921,48.14525182250327,-42.88718076148815,r1
30137,2922,52.34530491268883,-23.621929244531557,r1
30160,2923,-49.12403600671328,58.63963777761059,r2
30172,2924,53.37131912197594,-22.167586046499707,r1
30184,2925,-16.494333492694448,66.9689504409282,r2
30199,2926,-58.93250161437538,63.80457861600252,r2
30207,2927,49.18817357643346,-23.91241752638924,r1
30219,2928,75.36827631082332,-16.979534576731826,r1
30232,2929,70.98783688458462,-51.9010910137388,r1
30249,2930,57.50114106301541,-55.80620609412283,r1
30260,2931,60.44552033876809,-16.770724474974422,r1
30280,2932,-18.38585444590455,62.42685761406006,r2
30293,2933,50.11008027903397,-20.956679982610268,r1
30305,2934,57.41895988135805,-54.91411095152395,r1
30314,2935,-20.685219961427435,69.73828798084779,r2
30326,2936,55.776045588443864,-22.973033050399454,r1
30346,2937,67.47503836990313,-31.206054231699675,r1
30354,2938,56.635415074065,-39.2725688419861,r1
30364,2939,49.797101626380424,-30.328297008671292,r1
30373,2940,60.27483502509509,-44.13328524338734,r1
30390,2941,76.15891132167576,-58.27900153644975,r1
30406,2942,62.44978510713919,-40.62842479892385,r1
30418,2943,50.415459374499335,-22.85028013375622,r1
30431,2944,63.538261280175576,-45.11677658167707,r1
30443,2945,51.537749954816256,-19.619736058299647,r1
30456,2946,53.12015667457693,-24.126728389559087,r1
30466,2947,60.2184998437962,-17.357759180752474,r1
30479,2948,-50.05968152665121,70.48862297072364,r2
30491,2949,62.300162404776366,-18.575070761184104,r1
30500,2950,64.35176707125761,-22.620922586293922,r1
30515,2951,29.803812332937113,31.897722525504157,double_ko
30525,2952,49.772665558266496,-25.341258476398423,r1
30535,2953,55.04792770673971,-32.09703283609821,r1
30556,2954,67.61977142058282,-55.38288333204107,r1
30572,2955,-57.644015056786714,71.78941991646457,r2
30582,2956,-18.911672921502394,52.6573637689885,r2
30591,2957,74.94539051366351,-24.513915309685984,r1
30601,2958,47.79944637969486,-21.919063169224586,r1
30612,2959,52.69003308933553,-22.905083042845828,r1
30622,2960,-52.62266089940641,52.85362417490577,r2
30634,2961,-25.988542790180865,62.27586540422277,r2
30659,2962,63.941323270706704,-43.632369290675015,r1
30670,2963,-29.609459768043685,79.39717947575278,r2
30682,2964,66.45825438376463,-19.57997411645951,r1
30700,2965,-30.408177925002335,68.00309570839877,r2
30711,2966,46.587901675065645,-23.905760039665168,r1
30724,2967,-57.63924618022834,67.85055534580317,r2
30733,2968,-19.76647156852915,54.265284661451055,r2
30744,2969,48.885258776309165,-35.70129055044848,r1
30759,2970,51.36054560005841,-12.211434079499483,r1
30774,2971,53.20077576017142,-16.379100875175,r1
30786,2972,59.29712250142427,-29.605921522915025,r1
30798,2973,35.342048366493586,9.369427287192295,double_ko
30811,2974,54.80202290558246,-16.729970959549533,r1
30824,2975,59.63023708126787,-17.861531451722755,r1
30842,2976,56.67009794408663,-22.473926990929574,r1
30854,2977,-18.395816148155085,56.21848108643384,r2
30865,2978,58.28337243095621,-23.62666023902016,r1
30875,2979,-22.572577516595395,60.452514761260176,r2
30885,2980,64.3667449454911,-25.99823809385244,r1
30908,2981,56.0605119319437,-30.730718477911495,r1
30922,2982,-53.450813987951676,69.51372723366295,r2
30944,2983,66.19433945449042,-19.856959717797757,r1
30955,2984,53.92138782142013,-30.978968327833222,r1
30967,2985,66.12863684175865,-26.835218467854038,r1
30978,2986,72.34928321808337,-22.9648295589151,r1
30988,2987,60.25212243445269,-20.175821114125224,r1
30998,2988,-55.35566277136671,56.48015086597596,r2
31007,2989,58.810578374390204,-20.428703293231052,r1
31016,2990,61.13997630455867,-26.857798196197006,r1
31028,2991,-19.438001937904748,61.22667594949403,r2
31038,2992,-23.57142118878061,60.67154876213759,r2
31054,2993,-18.892453063118133,61.63673510441269,r2
31064,2994,50.01133940466327,-25.95434507601994,r1
31075,2995,51.68925117872624,-19.973279718037787,r1
31089,2996,60.76821274919007,-20.555437778806215,r1
31100,2997,48.5580441400494,-26.64024490170636,r1
31135,2998,78.83790058359229,-5.071997952762487,r1
31149,2999,-17.098788165195927,57.356973733021135,r2
31164,3000,53.88340139174644,-20.11363180653818,r1
31178,3001,-22.283866409462576,63.60091092088712,r2
31189,3002,59.1630324814239,-24.633646773429728,r1
31206,3003,28.448894732977074,37.377846034957116,double_ko
31214,3004,52.061487886931246,-24.58116520948342,r1
31226,3005,54.68573048337932,-13.87345199150576,r1
31242,3006,55.590082094895294,-10.316134524160987,r1
31256,3007,59.20292450587437,-25.828915867704875,r1
31268,3008,32.1896473299383,30.969105610954784,double_ko
31278,3009,65.28329557140454,-20.50618943944444,r1
31290,3010,-21.940352420119456,55.4770619185848,r2
31304,3011,57.874317005459034,-26.008876888093827,r1
31315,3012,-19.94833703881706,60.829224360817385,r2
31326,3013,64.52357141486634,-13.081135601242519,r1
31334,3014,54.37396395348086,-21.14650919472237,r1
31342,3015,-24.143909564952917,67.05437763199288,r2
31356,3016,55.08350601643595,-19.68415360279591,r1
31368,3017,53.374202338700066,-19.15021345889948,r1
31379,3018,64.43006081799632,-26.48136065263578,r1
31385,3019,57.8502816710727,-33.6620913836874,r1
31397,3020,63.59423405817368,-18.56732253137885,r1
31404,3021,50.06902766400356,-24.512669464923437,r1
31417,3022,73.56150079852938,-12.980306488209731,r1
31429,3023,61.529502539219536,-37.041759615384024,r1
31442,3024,-24.68084272213056,66.75819199622748,r2
31454,3025,-22.296293959955396,48.47828692037091,r2
31468,3026,-15.831864594864385,65.18358768867186,r2
31476,3027,58.960987444888964,-18.805443131056514,r1
31489,3028,62.404006821654704,-21.687314114256576,r1
31496,3029,59.21892572660103,-24.71123164220133,r1
31504,3030,51.658122500307314,-21.781933387129342,r1
31511,3031,50.610368944391595,-21.334595475378826,r1
31520,3032,-21.94083914570539,57.63606620319556,r2
31527,3033,47.69966937259489,-24.79625324761312,r1
31547,3034,54.639232355575636,-20.239487087923198,r1
31556,3035,56.32393510357228,-18.822873836426155,r1
31565,3036,48.51925605979065,-19.734438600146458,r1
31574,3037,48.24184221793235,-14.962174539293347,r1
31581,3038,63.24803081436158,-25.057530500242226,r1
31589,3039,48.85937495279379,-23.902316257568117,r1
31604,3040,-51.54898859770078,69.18568527231866,r2
31617,3041,54.96409703020425,-24.91698148641322,r1
31624,3042,52.065182893348606,-26.62130631638036,r1
31633,3043,67.839375872835,-23.571528608260753,r1
31640,3044,62.53755582337968,-25.122731432008944,r1
31647,3045,54.56225199110692,-22.613614606807104,r1
31655,3046,77.449603953445,-21.25443348291933,r1
31662,3047,59.920512950514286,-23.538340245751264,r1
31672,3048,60.240302449051136,-17.61479600105715,r1
31678,3049,61.85311149779238,-26.705569637004185,r1
31685,3050,52.365074985473164,-25.134805552332246,r1
31692,3051,52.890521940493436,-23.868702809348427,r1
31700,3052,57.450268567966205,-21.30184096217503,r1
31709,3053,48.761584991194,-16.500910547185743,r1
31728,3054,62.662364811393296,-41.416129432657236,r1
31735,3055,55.36580791172209,-22.755682367355536,r1
31743,3056,53.82905274386128,-20.260664517707013,r1
31757,3057,63.42940273109228,-5.6876611644812485,r1
31765,3058,67.8777911760704,-23.106545028347192,r1
31773,3059,53.9162563382069,-21.07185843523565,r1
31782,3060,57.11238849434955,-23.440400547276827,r1
31788,3061,52.46600835234511,-28.184169470168328,r1
31795,3062,58.43173279987725,-25.20928548642451,r1
31814,3063,-12.687791522222113,88.72209327214145,r2
31820,3064,53.68377072281638,-23.719834632277706,r1
31828,3065,53.53849279315561,-20.390448996215056,r1
31836,3066,48.57061236153959,-22.093951770708813,r1
31844,3067,58.20488825471483,-22.375283132131337,r1
31851,3068,65.38973567831925,-23.051166864390837,r1
31862,3069,58.82908189891287,-15.91799452022886,r1
31873,3070,64.86024183943577,-22.14826581252352,r1
31880,3071,54.59523177764662,-24.520801906680532,r1
31888,3072,52.34111761040665,-22.87318615045189,r1
31896,3073,51.8689018214436,-22.141464765131804,r1
31902,3074,50.92357752733195,-28.265508289289745,r1
31910,3075,69.50288853738299,-20.016509515026055,r1
31922,3076,72.2840973086993,-36.961013691545894,r1
31929,3077,55.165887322203886,-22.9013349068019,r1
31937,3078,19.305381014029784,25.056284140897013,double_ko
31949,3079,55.78309829409539,-17.99184759931718,r1
31961,3080,63.63458948558495,-36.312822108162685,r1
31971,3081,56.276701587252006,-19.33554286295542,r1
31982,3082,70.96833915562186,-22.058949751935724,r1
31988,3083,53.421837845535336,-27.379105228512238,r1
31998,3084,45.09880713255066,-17.53148169234038,r1
32004,3085,50.85550844224378,-25.789208355138136,r1
32014,3086,52.22820022470987,-22.662727735100958,r1
32027,3087,37.65895233770691,33.185643180481115,double_ko
32034,3088,52.88067184079597,-26.175757310774152,r1
32042,3089,57.03399404321732,-21.098143346127614,r1
32052,3090,57.67385117383419,-15.281937004376115,r1
32061,3091,60.51728447557637,-20.794003102227464,r1
32069,3092,51.77540139276032,-20.875394660391787,r1
32076,3093,54.3336889092635,-22.79401193602434,r1
32088,3094,51.71860558428101,-12.872491864792295,r1
32097,3095,58.73363098097296,-15.892398085785679,r1
32109,3096,60.25722399214983,-28.099198706549117,r1
32117,3097,51.6204352339959,-21.06650513168577,r1
32128,3098,54.85025102927491,-14.024447759351155,r1
32135,3099,52.524000963927264,-20.309339685196313,r1
32143,3100,53.92444371307227,-27.637188032325618,r1
32152,3101,50.68043755275161,-25.98482617176704,r1
32160,3102,51.58909491678107,-22.1308710861695,r1
32171,3103,58.949720110501126,-18.304090187161904,r1
32182,3104,-12.38038316041137,67.42268854806323,r2
32192,3105,59.39202177775107,-19.83102577004495,r1
32201,3106,48.15555165973216,-23.903245200442733,r1
32210,3107,51.143160244827364,-24.200700267924685,r1
32220,3108,64.9396488052386,-19.735727252000558,r1
32227,3109,50.04062843087089,-27.408020086093437,r1
32238,3110,-30.84945069253553,65.77826100914106,r2
32248,3111,58.50044127213612,-18.747754835109568,r1
32259,3112,-18.467893404500444,59.1408443790665,r2
32270,3113,59.96820288548011,-17.690164880708224,r1
32281,3114,-17.026983962092103,53.60285950614826,r2
32290,3115,53.496483816728535,-19.296099126672523,r1
32304,3116,72.30452447786196,-22.798816656526842,r1
32315,3117,70.59775283092225,-18.471376681359033,r1
32325,3118,52.32439438836552,-24.432888540292804,r1
32335,3119,47.703531542514376,-18.204105595754985,r1
32346,3120,57.818987460152734,-24.122698862571788,r1
32362,3121,-25.12929902794409,74.72830819339396,r2
32373,3122,72.5211144913892,-18.87229894227123,r1
32388,3123,-31.12104664201874,73.51298783312211,r2
32398,3124,52.459230287009255,-30.053129558600784,r1
32410,3125,48.82036017268283,-19.822447587529552,r1
32420,3126,57.14399634425248,-25.212626183056695,r1
32436,3127,61.59679728059187,-23.333323890701546,r1
32453,3128,-34.00281828780848,71.23095315796928,r2
32463,3129,-52.206681806341365,47.51564159262297,r2
32476,3130,-23.05646390189721,72.6618241448191,r2
32484,3131,57.90604387155436,-28.802257281769716,r1
32498,3132,68.78334524921328,-20.228016251516827,r1
32512,3133,68.8237967620311,-13.189799828971225,r1
32529,3134,65.9142954931637,-50.67676891662405,r1
32543,3135,54.73886980684684,-22.144169908882766,r1
32562,3136,58.996065382532954,-19.427688910601013,r1
32579,3137,64.52145582197917,-25.445970169037935,r1
32590,3138,-17.49739371955438,59.192366054930034,r2
32602,3139,50.45699240692129,-22.69045928400217,r1
32611,3140,59.0165435578601,-24.313106461409866,r1
32624,3141,-18.11749887615359,60.090243491816885,r2
32635,3142,54.665459841673375,-30.33706999114201,r1
32642,3143,55.0580084097143,-35.30757881503623,r1
32652,3144,27.0170513442064,26.392381377487553,double_ko
32663,3145,56.6855774854873,-23.20578301864429,r1
32679,3146,54.00980485592129,-33.207754061843815,r1
32694,3147,59.02332582466776,-14.144135988610426,r1
32708,3148,54.75241340971472,-18.158449362914816,r1
32719,3149,49.97755807825885,-20.771980824503494,r1
32732,3150,-20.30236254334821,62.54126800727988,r2
32742,3151,59.96301322362095,-28.034533272168595,r1
32758,3152,56.757066940996964,-28.593148228989556,r1
32767,3153,59.07910383665934,-52.20743912684583,r1
32787,3154,64.02290898364215,-18.99529333964641,r1
32801,3155,76.58062668382308,-25.693115976022426,r1
32812,3156,61.974655830940854,-17.034594508780526,r1
32823,3157,61.8787496455748,-22.03682778864279,r1
32848,3158,54.37278744029223,-14.72691094561915,r1
32858,3159,53.18277778311104,-20.21398155206506,r1
32883,3160,-30.45499137817098,73.00949291391592,r2
32894,3161,51.602153647512466,-22.819131274865843,r1
32907,3162,-27.21613149859587,63.91174148958993,r2
32918,3163,61.114465842006105,-30.76832474492886,r1
32930,3164,65.28528166177463,-19.479232230637617,r1
32942,3165,53.178808236560656,-34.37068197074043,r1
32953,3166,64.60972740231351,-25.005843736949224,r1
32975,3167,67.8735574699371,-17.77396840858318,r1
32985,3168,65.63009621218762,-26.413132361260693,r1
33000,3169,-56.80384449546804,71.77686728778134,r2
33011,3170,62.10673938009816,-17.96787967737841,r1
33028,3171,64.74621937683368,-14.88087613137185,r1
33051,3172,73.72977496425938,-13.921444872667195,r1
33064,3173,56.40659680982258,-15.960751107300002,r1
33080,3174,57.08922586619144,-25.12572077618821,r1
33105,3175,75.54826186134848,-22.77554419405113,r1
33119,3176,61.27254047369992,-21.006014964228566,r1
33132,3177,57.669160954434766,-20.593827833517174,r1
33143,3178,49.288366164057464,-22.040996080557896,r1
33152,3179,59.395272252669464,-29.682689178338062,r1
33170,3180,55.292108515194464,-13.422260683024813,r1
33181,3181,57.681355169136054,-23.653211309913903,r1
33193,3182,-53.981721855114095,68.19254180231485,r2
33203,3183,52.843849438739724,-21.497995068169523,r1
33214,3184,52.898944910179104,-16.09787471219839,r1
33226,3185,-44.22528675540012,59.252577112113826,r2
33236,3186,52.285607282007796,-28.262640948101247,r1
33243,3187,52.41383706025967,-27.54576624458197,r1
33251,3188,59.2649094782757,-22.396588989739413,r1
33272,3189,-17.498999801038313,70.81050492946473,r2
33302,3190,84.59894984988625,-11.686424482897472,r1
33313,3191,52.85554304940984,-18.88193375188596,r1
33324,3192,52.00820868463948,-22.746200904149806,r1
33337,3193,50.369389622478366,-18.300455106222152,r1
33351,3194,60.070800222282415,-21.640728085733027,r1
33362,3195,49.85007682354154,-29.434948459792956,r1
33384,3196,56.23841840564772,-12.626098119626718,r1
33395,3197,60.00073416551087,-28.27148516143796,r1
33415,3198,60.25928493770954,-10.695137873441602,r1
33427,3199,79.27224489808924,-17.060198305873875,r1
33441,3200,64.49825812713422,-16.94310081788097,r1
33467,3201,-21.144207552523685,57.7198611593146,r2
33478,3202,63.472813658891894,-29.14323920437449,r1
33490,3203,25.685126095566265,34.45305180942035,double_ko
33502,3204,-25.848768877324453,46.21434099044298,r2
33517,3205,-21.051776495772668,78.65952843038826,r2
33531,3206,59.86109870965165,-20.24853819578528,r1
33546,3207,56.422342988780436,-21.66313522955156,r1
33558,3208,-51.42688369251293,61.33040026406619,r2
33570,3209,-23.4102895131522,57.30440860252085,r2
33583,3210,56.26604890394948,-15.17990351993216,r1
33591,3211,57.00616421066316,-30.60990466545995,r1
33603,3212,53.11328310073244,-27.842000896364905,r1
33616,3213,-18.966754514411743,65.34200652554823,r2
33632,3214,34.182020783579674,28.48290250166168,double_ko
33642,3215,-24.53871283331482,64.09228798435306,r2
33656,3216,-27.379200999091378,72.60018498703053,r2
33668,3217,66.10388342480412,-19.501871908485363,r1
33692,3218,-18.901189614508517,86.12598390304535,r2
33702,3219,66.40441954809671,-23.622729458141364,r1
33712,3220,56.085710442171255,-24.464844963000278,r1
33737,3221,62.23308433506496,-0.39468590687747707,r1
33752,3222,-18.001856499742274,64.57045939885438,r2
33764,3223,64.42294259101206,-25.159708130494746,r1
33776,3224,-17.381402683343687,74.44277754637544,r2
33798,3225,-59.31255258979827,68.61192125544461,r2
33810,3226,-15.239575685425589,58.80178136100478,r2
33825,3227,-31.683218323042098,63.99993703060003,r2
33839,3228,-16.502199789394428,63.58646013656141,r2
33851,3229,60.10706121075402,-18.287438142112908,r1
33869,3230,18.510463141265877,30.99038786820065,double_ko
33884,3231,-16.847558315462752,41.42642364795094,r2
33894,3232,58.09313151411868,-33.448167507834626,r1
33904,3233,65.51972185014468,-17.84656148183914,r1
33918,3234,58.88716805604336,-17.960536027773685,r1
33931,3235,66.08168966399529,-27.66690211300783,r1
33945,3236,59.33702922329574,-19.12045894240677,r1
33956,3237,73.4859956615474,-21.813283476564703,r1
33966,3238,63.94161348866588,-48.024872682942934,r1
33978,3239,54.27617735019312,-22.303698998709457,r1
33990,3240,58.661381890179726,-17.051970104133257,r1
34010,3241,44.928662778903615,-12.932660417756452,r1
34024,3242,68.32650424510106,-13.942917830450575,r1
34044,3243,-17.596699739533147,61.90772611708174,r2
34060,3244,72.89264233736768,-14.30882061004943,r1
34072,3245,-19.54825687566005,65.73562266210901,r2
34091,3246,59.32473024078567,-18.643360053507305,r1
34109,3247,-19.418771421443804,54.89412386446253,r2
34117,3248,55.23204267112996,-28.42207023304915,r1
34128,3249,64.79614348526114,-22.021880435667516,r1
34142,3250,51.74202601510179,-30.892591445398025,r1
34154,3251,57.90528434942563,-18.59484147794059,r1
34169,3252,-48.12845583498679,48.18102045318992,r2
34183,3253,-4.856497637977178,59.86925468871527,r2
34194,3254,-13.578579745889211,67.05495841640953,r2
34212,3255,63.23976762936725,-19.521712341061544,r1
34222,3256,54.742758685214355,-33.76125501805972,r1
34243,3257,-49.22564055019259,68.7796830125772,r2
34257,3258,62.12243825597905,-56.28266564833258,r1
34272,3259,-14.494080296298463,68.25832541524031,r2
34285,3260,69.54863275919195,-16.002665323757935,r1
34295,3261,61.29155114326735,-21.343977335683864,r1
34309,3262,63.540432813489296,-19.508798198791773,r1
34338,3263,67.38632467187271,-4.335399940989959,r1
34350,3264,17.890013680645517,34.60054292352288,double_ko
34361,3265,-26.214118664499097,62.01957803074935,r2
34374,3266,55.68480413059593,-21.01903536249619,r1
34394,3267,57.23044325420467,-43.232890689181176,r1
34406,3268,62.107442589243306,-22.42622098780194,r1
34414,3269,-23.538944265203128,55.58525777432244,r2
34435,3270,72.08562896374072,-10.974205077858727,r1
34448,3271,-18.57737386839002,45.10654594311467,r2
34465,3272,67.99756055581389,-18.948396992068293,r1
34477,3273,-25.913550664929964,62.01282370466523,r2
34489,3274,55.44808410566994,-21.29936798432599,r1
34504,3275,56.23210939211887,-29.261293205005387,r1
34521,3276,60.931255302591794,-16.693274917485425,r1
34530,3277,47.87098114150744,-28.457211199260914,r1
34544,3278,-53.493095985700045,58.867681086938596,r2
34558,3279,-11.513468709394857,70.91194609940948,r2
34572,3280,-16.239428339342723,55.00374770321575,r2
34580,3281,54.44613621168355,-24.723097617120622,r1
34589,3282,-18.40740411738873,66.74598690298421,r2
34600,3283,65.4024851967715,-14.290034787092104,r1
34615,3284,-27.58378001597391,66.05797519634947,r2
34625,3285,77.6921727049675,-23.66169144413042,r1
34633,3286,-24.405665878330367,55.98535995491132,r2
34643,3287,57.285754561356626,-55.43129822950428,r1
34654,3288,69.38973817223133,-23.359570568488387,r1
34663,3289,-23.12274325060268,69.74230808896435,r2
34677,3290,70.45610017853822,-11.034276059171589,r1
34687,3291,58.17640714177124,-21.61419253163575,r1
34700,3292,64.77802322398894,-18.209048248917906,r1
34711,3293,27.728382428469487,29.574340294372483,double_ko
34725,3294,-16.770721925300606,49.27286794136153,r2
34733,3295,65.39466737365088,-31.314520069202224,r1
34744,3296,23.102226820345443,28.247513598907524,double_ko
34767,3297,-45.69490879655953,61.73334857175443,r2
34779,3298,52.73414662563438,-24.124879504857265,r1
34792,3299,50.338215553545226,-52.4080010186641,r1
34808,3300,45.17589131492489,-35.726206884143686,r1
34819,3301,64.4537580023599,-26.483360005105926,r1
34830,3302,64.75066376293881,-16.58031811113748,r1
34841,3303,-16.573368501849572,74.74850002510237,r2
34855,3304,56.004077328117845,-45.72754294844873,r1
34869,3305,57.340640951030245,-18.979196658879772,r1
34885,3306,78.6683746364267,-23.803061658986742,r1
34895,3307,50.2186476835356,-29.353663206023853,r1
34909,3308,62.02855379240555,-25.214585770420104,r1
34925,3309,65.57196673369842,-12.942272915466233,r1
34942,3310,50.396678954015606,-33.81677910434067,r1
34959,3311,63.43424720740005,-30.422092037039178,r1
34978,3312,-23.524450367390635,88.3472056036286,r2
34991,3313,20.3910373444427,26.387821355667846,double_ko
35000,3314,-19.368063414710306,60.076857014454205,r2
35014,3315,50.15546163355763,-43.076422548705125,r1
35033,3316,-57.06629570873138,80.2751662453779,r2
35047,3317,52.48453207097524,-18.344267647156073,r1
35059,3318,-51.43290477492102,51.60238047413388,r2
35073,3319,70.27281459105063,-26.790337160594092,r1
35088,3320,-19.30903509602549,61.942391092422206,r2
35108,3321,-45.72889018819682,73.03923682744755,r2
35120,3322,-30.815161732794103,66.92494742472385,r2
35129,3323,63.27254609890694,-20.694072636871386,r1
35144,3324,-37.878448049858115,66.16224351271977,r2
35155,3325,-16.665154393552196,61.05936943854863,r2
35164,3326,50.83666752586331,-25.89190188409513,r1
35188,3327,79.46360965217784,-12.927268702817031,r1
35199,3328,-53.770628414597,49.05093751542179,r2
35211,3329,62.368882682160475,-25.487221482347756,r1
35222,3330,-33.26673018983513,61.60043857012656,r2
35253,3331,-30.827906327049813,50.80470701253186,r2
35266,3332,44.88549402919214,-25.209566365849057,r1
35279,3333,52.624198985323396,-24.68996870201813,r1
35298,3334,65.36820394825224,-15.503544238091322,r1
35313,3335,-14.294620496974133,71.75421938669292,r2
35325,3336,53.37625931930496,-22.8212896953338,r1
35338,3337,57.550108238189765,-16.427428821744527,r1
35353,3338,-19.2782178575687,73.68063222089724,r2
35367,3339,68.54602449612939,-15.615176041477064,r1
35380,3340,50.07472095351962,-23.967592221626525,r1
35391,3341,-15.500978339886053,65.48700642876977,r2
35402,3342,52.52173797131737,-31.57096743721059,r1
35414,3343,61.38366052731751,-20.23321280289373,r1
35424,3344,52.403445086199056,-28.207653996406233,r1
35438,3345,-26.652889476598897,59.27940945977857,r2
35451,3346,-21.376939468838625,57.76186574443831,r2
35460,3347,-19.563799872866873,50.85393538677901,r2
35481,3348,-47.551562247472795,57.38272485280081,r2
35490,3349,64.9274800220753,-29.97258329660964,r1
35502,3350,-40.31558136863222,56.500187107085246,r2
35516,3351,54.62336377294891,-22.289642569062472,r1
35527,3352,-17.81351118464171,49.425530313272965,r2
35536,3353,59.19701063216078,-19.203251534389324,r1
35549,3354,67.48154355609951,-21.311514258872766,r1
35559,3355,-37.373705583335656,52.73481108804796,r2
35568,3356,-27.368018454055957,71.95231853749902,r2
35579,3357,57.692780765895364,-20.711196369942588,r1
35592,3358,51.818566210742546,-51.58300501068513,r1
35602,3359,60.05136292142464,-21.91791138897268,r1
35617,3360,58.42266865969775,-40.53794847106218,r1
35626,3361,-20.334966676996952,67.08454309668639,r2
35639,3362,54.945740470374275,-14.653555691566051,r1
35654,3363,-11.32066421669937,73.99671947073408,r2
35664,3364,-23.579831347655155,56.034918484015165,r2
35671,3365,-26.568954289539864,58.45760161916714,r2
35684,3366,56.06411827172899,-54.748709307622384,r1
35693,3367,64.15956511321777,-56.8834083424282,r1
35709,3368,57.32003401660765,-17.042630114876907,r1
35719,3369,65.55510784670344,-30.71628006857789,r1
35730,3370,54.633720106261684,-23.53892168661318,r1
35742,3371,-16.175645378256895,50.563849266329626,r2
35762,3372,41.06664992489709,30.276175647260306,double_ko
35780,3373,76.47976358034452,-12.269780222608283,r1
35789,3374,-22.83725951372602,62.54538375374852,r2
35804,3375,58.91138286093647,-22.942030033977005,r1
35829,3376,67.66751983510235,-38.22216840556939,r1
35842,3377,58.455046419905564,-25.733799103297056,r1
35855,3378,-18.147990465934313,55.799661598422986,r2
35870,3379,48.79688192485892,-23.0443748760471,r1
35879,3380,58.614544794740446,-54.36302877735592,r1
35891,3381,74.11363780462224,-52.360102485132266,r1
35903,3382,-16.436501765981937,64.17302355309855,r2
35916,3383,71.40286234593594,-19.27525941570122,r1
35926,3384,66.43472915645806,-27.183123912187547,r1
35939,3385,-31.09539238163091,69.05591513498298,r2
35954,3386,63.20537349455084,-52.15597474268237,r1
35965,3387,-45.74369642915694,48.92392427086476,r2
35975,3388,66.73773866465645,-21.284934366349525,r1
35987,3389,57.496023247992156,-22.864111222441064,r1
35998,3390,58.52065982579851,-53.21012546611338,r1
36007,3391,-26.03010033393292,63.51399041393323,r2
36019,3392,-21.018581770868888,56.477386459635895,r2
36031,3393,-25.81208292727393,53.826121829241565,r2
36041,3394,63.76193768732799,-21.99921400615807,r1
36053,3395,-11.033568700577312,48.38848185655829,r2
36066,3396,-5.363682729432996,30.489078515083705,double_ko
36082,3397,-18.007601222448006,61.41145821551505,r2
36113,3398,67.10378385169776,-15.699737096590528,r1
36130,3399,-10.248828328758599,58.05818536926547,r2
36140,3400,54.98204586002879,-26.196536785911114,r1
36150,3401,-17.73222832804921,71.83285384744306,r2
36157,3402,-26.384015345796563,54.95253488483233,r2
36165,3403,-20.807420166296076,51.91679220015902,r2
36175,3404,66.14433037673115,-22.49843215576587,r1
36187,3405,60.11131136845389,-10.3197323397265,r1
36202,3406,-1.4355099952109276,24.767201775724942,double_ko
36212,3407,58.358321123099955,-20.984930656501717,r1
36227,3408,53.02480877986078,-52.420311479914076,r1
36244,3409,65.218144795169,-15.56585114253334,r1
36258,3410,-21.74032428046643,61.406607507339146,r2
36274,3411,49.8164087424244,-26.496115522348887,r1
36287,3412,70.16801025967378,-47.10797171429163,r1
36298,3413,53.55604388456618,-25.90305550990858,r1
36332,3414,77.34920860326244,-1.8890842281992306,r1
36351,3415,57.28875388750258,-42.57803354772501,r1
36360,3416,-22.068243242150956,53.4724774744348,r2
36373,3417,-41.72357202701733,61.097393547016,r2
36385,3418,-37.099663785807635,56.44745751460639,r2
36395,3419,71.5758697027826,-24.42280369501178,r1
36408,3420,79.83922790620433,-26.901446917683206,r1
36418,3421,68.41098202328266,-29.580715917243765,r1
36442,3422,64.99384540926718,-16.188839279570693,r1
36458,3423,-26.975458901551544,63.682232138384165,r2
36470,3424,63.47505382037998,-21.086638870512832,r1
36482,3425,66.54913118106356,-22.57673040360316,r1
36496,3426,63.85931524462403,-22.07267679282231,r1
36510,3427,-20.514415259128526,73.06647286374722,r2
36518,3428,60.517799054972315,-24.058284229544277,r1
36527,3429,50.38332007146021,-32.91730375611044,r1
36543,3430,68.38863650339552,-49.441566989809196,r1
36558,3431,61.114301759845134,-14.65315847238179,r1
36575,3432,60.51634980349455,-19.22177956819952,r1
36585,3433,60.7062762103523,-20.048680917326422,r1
36602,3434,55.620637345151216,-17.02839599956198,r1
36617,3435,74.00047534542179,-34.982178614521665,r1
36633,3436,72.05128824604185,-18.652874962506814,r1
36645,3437,65.01321757109295,-14.837319876088337,r1
36659,3438,60.44869725151996,-20.004258804899475,r1
36670,3439,-43.410764153625415,59.946523403510916,r2
36685,3440,-31.995219333354957,46.32060190957125,r2
36696,3441,-22.122155552481566,57.789996496098134,r2
36711,3442,-25.954259319015414,57.77156770001795,r2
36722,3443,56.94660508353043,-28.880398755466103,r1
36731,3444,64.73949459496373,-28.666418275538668,r1
36753,3445,32.120784536637885,36.77207675840304,double_ko
36762,3446,54.69604232838439,-25.38215644900667,r1
36771,3447,64.85555844373556,-33.1097583951027,r1
36781,3448,73.03210373861296,-39.35426649984222,r1
36792,3449,56.0270687477241,-29.219120456978157,r1
36806,3450,55.91795484743102,-22.893264416923376,r1
36824,3451,-37.41067440572452,62.110491196877824,r2
36837,3452,-23.60385107193598,77.11552526937977,r2
36854,3453,73.60254852403725,-27.884856286659637,r1
36862,3454,49.330999662831516,-29.824511943402896,r1
36886,3455,-33.56849294869333,91.46163452185989,r2
36896,3456,60.88943092771887,-55.24441614861197,r1
36910,3457,56.89158636750678,-19.929653824792123,r1
36924,3458,72.10138079819058,-15.573323776922173,r1
36937,3459,74.67510010771144,-12.318152026186148,r1
36954,3460,-37.376446814464416,49.631162466799765,r2
36965,3461,51.91692092247182,-24.303961142396272,r1
36976,3462,-15.044964050712451,55.011031773147494,r2
36995,3463,74.824401700664,-13.391187574794507,r1
37005,3464,-24.24347403809947,53.231735684381164,r2
37016,3465,-53.7562842633497,67.25808058826999,r2
37030,3466,57.98040943732136,-18.640547805552067,r1
37041,3467,-16.537892517851773,47.052784766099705,r2
37054,3468,61.81056973326943,-28.361724039913916,r1
37073,3469,-11.102415242880774,62.475825467878124,r2
37085,3470,68.03785588070275,-16.793745327771518,r1
37094,3471,-27.44267539453398,58.199129286508764,r2
37106,3472,64.19714375039649,-53.590738346035764,r1
37117,3473,62.29729158849142,-47.312992685234924,r1
37133,3474,62.34629213945023,-41.656199378327166,r1
37158,3475,54.52585564841137,-56.47653560962711,r1
37170,3476,57.06370038731036,-26.78798148475074,r1
37182,3477,-23.358851266968596,73.16868953556883,r2
37207,3478,73.22168386394594,-52.51678246763146,r1
37217,3479,65.67993835954223,-28.074284870781657,r1
37226,3480,-23.424017235186113,58.75472826188971,r2
37242,3481,73.46168271072091,-56.73567723773218,r1
37252,3482,62.42506752303729,-22.819717707550282,r1
37286,3483,70.05169587279848,-21.313801981021893,r1
37305,3484,-12.465789193618331,55.59666560289721,r2
37319,3485,-41.5451858537584,81.77158727078213,r2
37330,3486,51.68076722755068,-21.73486735008437,r1
37345,3487,-21.19524836992712,58.821078839872854,r2
37360,3488,63.20239404633252,-19.616385661242166,r1
37378,3489,68.39208630173958,-59.283903641704335,r1
37394,3490,-22.330983890581816,53.76812842693984,r2
37407,3491,58.12894832098433,-15.428889634784525,r1
37419,3492,-21.597161232745677,61.442356839156545,r2
37434,3493,65.57632403828941,-17.348538431271955,r1
37449,3494,58.89022548255396,-45.730210908344986,r1
37459,3495,65.7989081460157,-23.580024746362238,r1
37472,3496,25.057888148837158,15.223841628968932,double_ko
37487,3497,-9.723090633782363,74.6013019836037,r2
37502,3498,56.16412968968782,-54.086371879647245,r1
37514,3499,65.13550520904957,-21.474544458113844,r1
37525,3500,-16.988848621381315,64.5393442029152,r2
37542,3501,60.26407231708564,-57.93830008088062,r1
37554,3502,56.826943845808096,-21.34392942990246,r1
37568,3503,49.38388147660631,-16.287597563075494,r1
37589,3504,57.33073284793245,-46.5479765029588,r1
37603,3505,53.54794202528339,-25.150159820883026,r1
37614,3506,52.295820937765924,-19.254507652480758,r1
37626,3507,60.74910575988824,-21.80834368129762,r1
37642,3508,-16.384301472344767,58.03322180616812,r2
37666,3509,84.65035131500531,-47.202575892984164,r1
37675,3510,-22.200330170832387,59.72540247466975,r2
37706,3511,-11.42794071338271,57.98060938993951,r2
37721,3512,-56.722485437216974,55.56025207445691,r2
37731,3513,-18.996951920070956,58.357686453100385,r2
37741,3514,63.938012321227305,-30.613146029560333,r1
37748,3515,-34.66214588835257,63.78178870476669,r2
37769,3516,68.83372024527915,-51.07941685206207,r1
37780,3517,-21.8605485530762,65.89273643100898,r2
37796,3518,-21.37005690584748,68.25931678355245,r2
37806,3519,53.753045031049126,-52.611277779605835,r1
37816,3520,50.685220000688524,-20.551299478805184,r1
37835,3521,56.67829176000751,-49.24809673878472,r1
37846,3522,65.6297652731054,-22.241962557340955,r1
37862,3523,64.47336583144411,-54.92194682341664,r1
37887,3524,65.34296162299637,-19.676179853817548,r1
37897,3525,58.071840114372634,-29.839813459299588,r1
37916,3526,69.98405406757803,-51.496943513869795,r1
37931,3527,57.44771259135955,-49.055359194219946,r1
37941,3528,57.228792133291066,-26.198854142261673,r1
37964,3529,59.78121756732317,-9.122471655075017,r1
37979,3530,72.76904933599077,-16.468611263622524,r1
37993,3531,-15.149273714398095,44.4877427096962,r2
38004,3532,-20.44038115270053,75.40741595840433,r2
38013,3533,61.52414877731438,-23.45527678907674,r1
38030,3534,-24.875071771092863,49.97875042562468,r2
38042,3535,-24.016908477253597,53.37077209142879,r2
38058,3536,-16.149583772241204,59.20129609231886,r2
38069,3537,-50.40229984325952,46.973832621597225,r2
38079,3538,55.401631680246865,-19.192527831402046,r1
38093,3539,59.421726254997346,-49.07542571907952,r1
38102,3540,47.834447538210895,-19.74628283623135,r1
38126,3541,26.428357938900664,33.35783693357347,double_ko
38138,3542,-29.514844827641745,57.42281098242967,r2
38147,3543,-49.104306489144854,60.56907343355836,r2
38157,3544,57.15556690271697,-18.920249296583847,r1
38171,3545,66.91231821120176,-26.461115227534794,r1
38187,3546,60.42355054817352,-20.48404398677634,r1
38203,3547,60.76168113304094,-50.691832441468684,r1
38219,3548,-11.861628861931806,66.2781183973393,r2
38243,3549,-12.913297633498445,58.95873952555129,r2
38265,3550,72.07378428355904,-53.37942583130033,r1
38280,3551,-15.606248941668358,51.75985640459786,r2
38301,3552,56.659825906460185,-53.73731344649566,r1
38316,3553,-11.158210461630851,54.18055103385276,r2
38326,3554,59.68837144646972,-50.897859682419785,r1
38339,3555,63.93061909703061,-23.51852150929666,r1
38351,3556,56.62298603205876,-54.14365199563373,r1
38375,3557,61.34757541249344,-20.56332997847023,r1
38387,3558,-30.4468073110988,61.141492541715465,r2
38406,3559,58.77515357872857,-13.656778958773913,r1
38421,3560,53.599848560262544,-13.47083467374317,r1
38430,3561,60.188886927622455,-24.05182227186527,r1
38444,3562,49.289457312116284,-42.36850157524315,r1
38455,3563,-18.74779516728527,53.82203641686879,r2
38470,3564,63.514196871559015,-21.67470271874945,r1
38481,3565,59.02367459920667,-22.6614338959034,r1
38491,3566,-23.841765791723496,50.09917120042148,r2
38505,3567,55.805770391915445,-58.65786823002661,r1
38519,3568,58.189537360512915,-27.445849131891837,r1
38534,3569,62.009579248787816,-13.585383104412752,r1
38544,3570,-21.648908495533856,61.155340865582474,r2
38556,3571,67.55267857073105,-21.80190008814951,r1
38580,3572,84.8020557998796,-48.28120629045421,r1
38589,3573,62.95948471969166,-20.620929979236003,r1
38600,3574,-55.51821122856472,52.20461367887793,r2
38611,3575,52.347702199659835,-50.019716445054655,r1
38626,3576,68.39278160620833,-24.34508681205847,r1
38641,3577,62.96803892658875,-44.069213388773136,r1
38664,3578,-47.06734844103496,85.35236974872947,r2
38680,3579,53.46825969393099,-57.077547846913276,r1
38690,3580,50.54436599252596,-23.332276354948497,r1
38701,3581,57.787484313331674,-55.89582606271917,r1
38717,3582,86.55566837599387,-21.713178089973127,r1
38736,3583,76.85579676949372,-50.08478672811197,r1
38750,3584,64.59391754001203,-15.469319289032285,r1
38761,3585,66.28513605301185,-20.39279544561393,r1
38773,3586,-17.971188627018684,59.743804057729115,r2
38785,3587,-17.39128947476964,77.14651481437124,r2
38797,3588,-39.2902639696823,68.28012188141376,r2
38809,3589,63.296801562581884,-31.30288944080558,r1
38824,3590,53.77329211883428,-33.13843510817172,r1
38837,3591,-26.509434810688415,57.860035726914475,r2
38850,3592,-17.197310473947535,71.07087757100098,r2
38863,3593,-17.82522952101886,59.314566651114845,r2
38881,3594,52.26287512961096,-51.47382212291404,r1
38890,3595,-23.58621382745748,61.16788842887562,r2
38901,3596,69.0049883876583,-27.02544354626687,r1
38917,3597,72.07189439985648,-14.303007379382521,r1
38930,3598,52.81114527238191,-22.98110725493913,r1
38947,3599,60.8080631438565,-22.96452328363375,r1
38958,3600,-23.176142965990746,81.28495506514157,r2
38971,3601,50.188095735600896,-42.36272426070482,r1
38984,3602,-17.7758298175903,49.708852733685504,r2
39000,3603,64.9458872656076,-19.654581276098696,r1
39010,3604,-22.950634554825033,62.6568796037309,r2
39044,3605,-25.15232728610394,86.58518641832055,r2
39056,3606,-20.092896013417715,41.01571069124036,r2
39065,3607,58.14947942123335,-23.069045760042258,r1
39077,3608,-21.34796894807198,56.326993504755634,r2
39093,3609,59.647837245172866,-13.772718089482389,r1
39104,3610,-21.650478020169118,60.91104994928891,r2
39120,3611,55.73259856316558,-32.23534908317686,r1
39136,3612,74.01975174989681,-19.50734874007534,r1
39163,3613,88.23310973090346,-16.206068539636618,r1
39175,3614,28.400378761512222,28.901435833068213,double_ko
39185,3615,54.4169103459172,-21.617400600719243,r1
39200,3616,64.56249327586997,-19.669589424786697,r1
39214,3617,62.40579481148164,-21.91712879459478,r1
39225,3618,-16.5658423919462,54.84912465196335,r2
39249,3619,72.28814812688928,-52.87938726678967,r1
39270,3620,60.778489135472626,-21.192449302568296,r1
39300,3621,57.12254608933928,-47.32169331075507,r1
39314,3622,-13.077670630307544,66.80842178225613,r2
39323,3623,-22.483383688521183,51.809903977196456,r2
39333,3624,52.126823353975084,-23.588402823908012,r1
39343,3625,62.6560853936223,-55.463910936838126,r1
39359,3626,53.534201856305906,-57.07754307932538,r1
39368,3627,63.92509014983513,-31.53625119738681,r1
39376,3628,54.40494999994225,-27.84054382151221,r1
39383,3629,49.739409453377704,-30.47048636587604,r1
39394,3630,73.54637539863865,-25.073831460662568,r1
39406,3631,63.17474283914752,-15.476610664158386,r1
39420,3632,-17.83573740793892,61.64049521528841,r2
39429,3633,65.48926903656425,-18.627599596899223,r1
39447,3634,61.034497930045056,-18.28125985482172,r1
39459,3635,-27.145300744854165,45.619472326613895,r2
39476,3636,59.068214546527756,-46.345998083583126,r1
39484,3637,64.14671928220838,-37.38250792061312,r1
39502,3638,83.01395696494512,-17.36329580892999,r1
39511,3639,58.63602832688612,-31.19999032674427,r1
39523,3640,57.02308877539819,-31.810599348792103,r1
39533,3641,51.03154392255489,-17.538187466650747,r1
39548,3642,63.92402013439895,-19.2986682710241,r1
39560,3643,-20.26120705272899,58.687510719578086,r2
39572,3644,50.49640252787503,-20.1014594931218,r1
39587,3645,68.15139150580546,-30.402351883730354,r1
39597,3646,58.77956679735698,-27.313652489624268,r1
39614,3647,34.0704143168745,6.547036175338176,double_ko
39631,3648,-14.17873179105522,52.267210049248874,r2
39639,3649,57.72336112138206,-24.85364250147613,r1
39648,3650,-25.656426076022743,63.971881352762985,r2
39667,3651,-42.05490854936247,47.45435220778191,r2
39678,3652,64.21759592281704,-23.731343917610786,r1
39688,3653,59.04627716833398,-26.162955717904392,r1
39696,3654,56.27694002508207,-27.365919523229312,r1
39705,3655,56.78993591728867,-42.0225429692465,r1
39725,3656,53.198576439504905,-16.338419651734657,r1
39751,3657,78.75635308634384,-49.606517769838234,r1
39762,3658,54.793746359285024,-19.086888443607794,r1
39776,3659,-22.45258470503564,56.80929145209059,r2
39788,3660,52.703772069559854,-58.9488442895124,r1
39808,3661,66.2298458834571,-13.973307091443715,r1
39823,3662,59.81362186444831,-18.608620176649367,r1
39833,3663,56.32264871459529,-25.445307624850233,r1
39848,3664,-14.6979829777504,47.4945105058289,r2
39866,3665,66.21740876674463,-18.67678495911634,r1
39874,3666,56.47596121823072,-54.163241087574946,r1
39881,3667,55.64393808507717,-41.54498252537017,r1
39895,3668,-16.637020904520224,65.78426501257648,r2
39910,3669,62.37963982641513,-56.5915046448542,r1
39924,3670,56.25109714342992,-21.98765438714826,r1
39943,3671,-13.632322526007627,60.394312657749964,r2
39963,3672,29.58144304521374,34.86072452864058,double_ko
39977,3673,-12.11659136678118,60.37101321608964,r2
39990,3674,53.18795931989138,-34.44466326844612,r1
39999,3675,54.448418602382596,-37.602711662171075,r1
40014,3676,54.02858841953511,-54.45278867295805,r1
40032,3677,69.3406289883197,-24.92402997518729,r1
40042,3678,61.20833299010722,-21.5483616340605,r1
40076,3679,78.67488102075892,-41.6284235074674,r1
40088,3680,-13.642133975296755,43.38888871926735,r2
40107,3681,66.3979338831232,-37.14116960278775,r1
40124,3682,-16.316725948949916,65.87776381158633,r2
40140,3683,61.8197667362374,-19.301613194320982,r1
40163,3684,66.91448607740277,-8.62678282576946,r1
40174,3685,-55.93348539117213,63.01372340257462,r2
40183,3686,56.757025241395134,-28.71625488918088,r1
40195,3687,-17.951800511067155,65.68310310928891,r2
40211,3688,63.33501939975662,-17.796369094071657,r1
40220,3689,66.52671430120652,-28.3599527866249,r1
40233,3690,-25.244709137768613,61.75331129189611,r2
40246,3691,-15.748621503531002,51.800564920601545,r2
40255,3692,69.8519561556661,-29.3336592841422,r1
40270,3693,-58.80434809137306,61.73466833502293,r2
40282,3694,-56.71069089525056,62.57169302371296,r2
40291,3695,57.48721695726308,-39.445277657969335,r1
40312,3696,83.62299080018572,-33.906751842942526,r1
40327,3697,62.71550193057406,-25.50597246560325,r1
40340,3698,63.40304395883519,-22.938981508787435,r1
40351,3699,61.34902749319555,-27.18203232074874,r1
40362,3700,70.18078290781517,-23.210195104032728,r1
40374,3701,53.924609270446226,-25.734698595536678,r1
40385,3702,-55.56710881792611,49.57156409778449,r2
40407,3703,-36.306134275652944,68.45699696663189,r2
40422,3704,55.23466621778466,-29.181334070631205,r1
40434,3705,63.058787135885794,-30.984801711070567,r1
40443,3706,58.743303430262316,-23.888031491884504,r1
40456,3707,-29.465300234930133,45.57455383185319,r2
40470,3708,59.931898112514084,-14.83966478432058,r1
40482,3709,60.25235086036759,-27.161846544166956,r1
40489,3710,-22.632677409219184,59.8139152368515,r2
40497,3711,57.1240513563465,-34.40348801653162,r1
40508,3712,51.77019766248292,-24.18109129136718,r1
40520,3713,-52.56227912564558,57.677926686050654,r2
40531,3714,60.600602335127135,-24.65019313340692,r1
40539,3715,56.30872253470843,-25.234447623384,r1
40550,3716,-33.73289021497751,68.21865716408492,r2
40561,3717,51.36751295873098,-31.287336991619306,r1
40570,3718,64.26630157963803,-37.23646692187313,r1
40586,3719,62.07699905685854,-48.339076549125686,r1
40595,3720,55.9460002445388,-24.319664629943663,r1
40607,3721,-17.443563426887852,65.15950858280581,r2
40617,3722,52.7132892148999,-43.958308822919435,r1
40631,3723,-41.154111889386435,51.34512564963456,r2
40641,3724,57.06666794491255,-33.65742452352833,r1
40654,3725,57.753093312720864,-22.387451671213654,r1
40666,3726,-18.738405921693264,59.53307273620741,r2
40677,3727,52.22776384826293,-25.26697060992621,r1
40688,3728,56.79311111505517,-21.827970993986117,r1
40699,3729,60.06397834530816,-23.143182223654883,r1
40710,3730,54.673238334974315,-20.974740008642375,r1
40718,3731,54.152551331858845,-31.153263217745884,r1
40729,3732,-51.02270806143049,55.21076100290889,r2
40741,3733,55.74735226273815,-24.11023984278606,r1
40754,3734,62.61862092295436,-22.818643075191066,r1
40766,3735,78.85502161103693,-24.403228868100214,r1
40783,3736,70.32713009948273,-12.45269944097096,r1
40800,3737,62.091373977535376,-25.445458203866334,r1
40813,3738,61.436220229300545,-35.910072506588335,r1
40823,3739,55.34732436312607,-30.036173053332497,r1
40837,3740,-27.70313069482908,62.4005925193748,r2
40855,3741,67.90039718277234,-23.605575948360386,r1
40868,3742,27.654448596928567,26.012040368020212,double_ko
40878,3743,67.70614386820046,-28.00163515889305,r1
40887,3744,-27.514474043472475,62.41386395617323,r2
40895,3745,55.8314216393951,-24.980001002703315,r1
40912,3746,-10.82607117536702,75.61553846515956,r2
40922,3747,75.05065462679593,-41.204260664890214,r1
40938,3748,58.873052102970135,-19.24304522807389,r1
40945,3749,55.36058179255587,-29.669165210077363,r1
40952,3750,52.273227679420714,-35.33177375142009,r1
40962,3751,-25.944495202715398,66.34944782308952,r2
40972,3752,-21.3020874888156,49.81930014639948,r2
40982,3753,23.577520717181308,11.092955038351246,double_ko
41006,3754,64.28456103985563,-22.51608301436611,r1
41026,3755,-15.229709855873871,74.06067821598431,r2
41041,3756,54.6534793330525,-19.004257193958203,r1
41048,3757,55.867208639528876,-24.508520431254404,r1
41056,3758,58.86555836577065,-30.905564096408213,r1
41073,3759,75.6264573153587,-14.79661163284021,r1
41080,3760,57.76141537160773,-29.366621593552043,r1
41089,3761,53.118246835647426,-23.800841471818256,r1
41099,3762,50.45133196004216,-48.47366071016931,r1
41114,3763,-14.23808785994667,77.86335308939775,r2
41121,3764,52.545905717759744,-25.324776491104586,r1
41132,3765,-19.76794178126328,76.1015561262967,r2
41139,3766,60.874787410429995,-28.290593291199478,r1
41148,3767,60.9117698427478,-21.31129731060586,r1
41158,3768,71.1099993938453,-24.997616218928847,r1
41168,3769,58.50629656201216,-19.953127231523982,r1
41181,3770,62.04207199825193,-19.51391496230063,r1
41191,3771,61.92170119535101,-19.91657397441535,r1
41199,3772,56.598942408845005,-22.295208066925873,r1
41219,3773,72.85355343700911,-16.257243416270743,r1
41228,3774,56.43151891224033,-22.20832686977255,r1
41238,3775,-23.36180732723988,69.01103087869681,r2
41248,3776,70.37974929291241,-26.52706117856329,r1
41266,3777,64.5774733880299,-24.601694337386707,r1
41275,3778,56.24368648562174,-20.5740783005571,r1
41286,3779,61.60273828808002,-18.367957755230286,r1
41300,3780,53.266098033044365,-13.700277660440417,r1
41314,3781,61.856391499926985,-26.996527413112776,r1
41324,3782,56.800867586622445,-22.319297935402137,r1
41334,3783,65.01573503980738,-22.814255790540685,r1
41346,3784,64.2655746089516,-42.44760709437593,r1
41356,3785,58.950063322958336,-24.09738944321451,r1
41368,3786,49.43438558119993,-29.848005077958888,r1
41388,3787,66.59073092284075,-46.376537163603494,r1
41401,3788,-22.413663096435833,57.665621801137945,r2
41409,3789,63.737624869895825,-26.04202701964109,r1
41421,3790,53.59120588314899,-27.166727155020254,r1
41432,3791,65.3463464414552,-26.365011185190806,r1
41458,3792,-12.771542512090434,66.44980876760857,r2
41466,3793,54.98348014744423,-22.892675760799584,r1
41477,3794,66.66878874830762,-17.318626394133197,r1
41491,3795,61.80693586075282,-15.26635021062993,r1
41508,3796,73.0122238060745,-17.624522780052068,r1
41520,3797,69.30774020026607,-18.347599067020322,r1
41532,3798,69.69974518687417,-23.942889883765254,r1
41545,3799,65.16508857434656,-29.973236459744086,r1
41556,3800,64.35812088543236,-17.97419337087375,r1
41590,3801,46.14754710941906,35.000822943156464,double_ko
41604,3802,65.79719667793819,-24.223529669659843,r1
41617,3803,57.623770140574536,-22.408688027388802,r1
41625,3804,53.07223879419667,-29.964222753623417,r1
41633,3805,61.86767829329306,-21.32218891338011,r1
41641,3806,56.407877032298046,-23.952225844219644,r1
41655,3807,54.601729895924734,-27.502759413245652,r1
41664,3808,56.32399826224044,-19.172513068842562,r1
41682,3809,-19.41344674695923,53.8471954716515,r2
41692,3810,-21.82215232334724,63.49634952813096,r2
41700,3811,53.8733258700431,-27.727084383417374,r1
41720,3812,74.64184667287488,-17.808767608068017,r1
41732,3813,43.47297224034587,-25.48681329864906,r1
41745,3814,-25.82619756767695,62.29415106659615,r2
41764,3815,72.98932564140722,-16.691773377385033,r1
41787,3816,70.82431396710109,-9.746802822801946,r1
41802,3817,64.19610132015289,-25.99375666528532,r1
41816,3818,-12.111507794294397,74.36167554446557,r2
41827,3819,32.92025038599962,26.0218152260592,double_ko
41838,3820,-21.23559545809216,65.48352475661208,r2
41852,3821,63.81075430772345,-46.23623237871717,r1
41862,3822,71.53895704200937,-30.02755608038899,r1
41877,3823,-16.830028547857687,60.97483801611273,r2
41894,3824,62.793996602230386,-24.245109057238217,r1
41909,3825,56.832141258222904,-14.607794154782233,r1
41920,3826,55.03902184059191,-20.783967739025744,r1
41933,3827,-17.96851696124626,53.41538071690829,r2
41945,3828,48.71625977336396,-28.491068194673957,r1
41952,3829,63.182843546369305,-29.681209554915764,r1
41966,3830,-19.752966418173386,52.69897718206327,r2
41976,3831,65.38433492305295,-26.604404413993432,r1
41987,3832,-17.31988202821719,53.726407464687384,r2
42000,3833,59.05499298243057,-39.532081871134864,r1
42009,3834,52.69343943383873,-24.26443983729209,r1
42019,3835,22.876084302498434,33.30333302303456,double_ko
42029,3836,52.78602639425489,-24.35102125040058,r1
42039,3837,68.74873360638341,-25.651210847699836,r1
42053,3838,50.42825491541499,-40.863856145983924,r1
42065,3839,-20.104682522145097,58.162724747112534,r2
42073,3840,61.30112854220071,-27.313027634443557,r1
42082,3841,54.40808445896464,-29.020567232601294,r1
42100,3842,-16.418010970742355,49.399078563572374,r2
42109,3843,51.39307315180699,-22.21827435197176,r1
42120,3844,56.24444070906263,-21.26797599011246,r1
42132,3845,-23.194769109519328,63.52740011186894,r2
42149,3846,-47.806820409325795,71.56164285793906,r2
42158,3847,62.94879685253411,-20.490830741156415,r1
42165,3848,49.63101925157917,-24.839723441064653,r1
42182,3849,-44.618914872425286,68.99137562493526,r2
42200,3850,68.49154673901714,-42.96797354940438,r1
42212,3851,56.90893197065711,-23.9481471187413,r1
42220,3852,58.589214573180136,-22.722103333077698,r1
42249,3853,77.9714532054357,-7.141027314102736,r1
42263,3854,61.96402457015307,-29.301027074234376,r1
42279,3855,59.491292750768096,-24.695825915535597,r1
42291,3856,54.24550894355874,-24.745766098011288,r1
42299,3857,57.112370204348515,-21.603871705654804,r1
42316,3858,-36.85614772869158,60.465090527598576,r2
42326,3859,52.79325416399502,-37.060295610923106,r1
42343,3860,-26.975993272059718,69.85943413775416,r2
42355,3861,62.335429456324135,-20.986829441030938,r1
42366,3862,63.24487968335135,-17.606951933792093,r1
42380,3863,72.76069086754279,-28.187321611997323,r1
42389,3864,59.6245200843679,-23.833766802877577,r1
42402,3865,-16.75897157747805,62.29491060739859,r2
42414,3866,62.71828763224099,-27.51798816724166,r1
42423,3867,51.497551802082455,-21.617279469654882,r1
42431,3868,56.276725709165355,-22.49408120947114,r1
42440,3869,61.15861387066181,-28.611443791158766,r1
42448,3870,55.9744094683277,-23.924750455876264,r1
42457,3871,53.776421812329,-24.258230883931983,r1
42468,3872,-55.74226249531249,70.61391302686746,r2
42490,3873,62.01378787474208,-53.56830698041686,r1
42501,3874,62.43523195142471,-21.89337154201566,r1
42517,3875,57.77780283077193,-20.210993020947868,r1
42525,3876,55.20053477493022,-20.81707575098788,r1
42532,3877,54.939611887791,-34.51786690723293,r1
42564,3878,74.60051684669756,-19.40218958209316,r1
42574,3879,66.16031047738764,-18.639967028619857,r1
42603,3880,62.51065354748702,-27.946737721946835,r1
42615,3881,-19.272079051978924,54.83331026104101,r2
42625,3882,50.43627576304991,-25.065814708526577,r1
42634,3883,61.13359375222035,-21.380432188550287,r1
42642,3884,57.27904435468808,-31.548273421498205,r1
42654,3885,66.25508903634712,-51.778135137378015,r1
42671,3886,63.24953640896485,-8.458035093080781,r1
42692,3887,70.23684342437319,-49.4194447981256,r1
42716,3888,33.7840691674945,50.81795516256029,double_ko
42728,3889,73.08084466367795,-23.79883076352297,r1
42741,3890,75.48150689693313,-20.154700639112267,r1
42780,3891,69.99999885781881,-42.47599310179082,r1
42795,3892,53.94783856402883,-17.940467539941952,r1
42810,3893,57.25165057657057,-58.758102428178354,r1
42820,3894,53.66473628227058,-21.389140297438857,r1
42834,3895,59.761235498941744,-55.36316757922487,r1
42845,3896,58.62023852213917,-18.129640694853293,r1
42864,3897,-21.42428059698282,79.7252540816499,r2
42877,3898,59.369250631672315,-25.136147130829787,r1
42894,3899,-18.817008689961607,64.49710930311032,r2
42905,3900,-48.58832859914583,64.02252479307634,r2
42925,3901,70.39330209944514,-15.325887127667105,r1
42937,3902,58.61182413143238,-23.587843372375232,r1
42949,3903,-56.74061145689211,60.34011084341436,r2
42961,3904,59.92752105579544,-31.47469492509209,r1
42979,3905,74.79981991165927,-37.21186682949765,r1
42996,3906,78.76497772758404,-9.276888302777138,r1
43016,3907,68.7171161258509,-50.01032215609783,r1
43025,3908,-21.632134288204384,61.57641714471745,r2
43037,3909,48.871190073734844,-15.755604212647619,r1
43049,3910,57.91319991508821,-20.879807671235742,r1
43063,3911,55.15295099473207,-19.3172640804872,r1
43074,3912,60.76616656578731,-18.43335274608159,r1
43087,3913,-13.351542917187558,54.35747552180439,r2
43098,3914,55.31097363798514,-25.906719662533284,r1
43110,3915,-51.317844141437206,67.85108425583034,r2
43121,3916,55.33210570587975,-19.044211930158934,r1
43132,3917,54.40487636186448,-23.914289736141193,r1
43146,3918,60.181805829974536,-45.121653962679936,r1
43156,3919,49.884906551682946,-23.72644555136415,r1
43164,3920,59.845212580213754,-22.905387531219674,r1
43176,3921,72.53317398664427,-21.153496062959213,r1
43187,3922,31.579295730643015,27.91022983334103,double_ko
43205,3923,68.62119506438799,-20.44092915627649,r1
43218,3924,61.98380479066266,-19.89872023907965,r1
43237,3925,43.07753095915736,13.409257220394062,double_ko
43253,3926,66.22925707921357,-21.410823627551757,r1
43269,3927,-44.78213025275573,68.96484183712003,r2
43278,3928,53.523605897925584,-18.840820388956338,r1
43294,3929,-51.85237644898391,67.68455535700063,r2
43308,3930,69.04317824239311,-28.581836557274112,r1
43318,3931,-16.96392568012434,57.502082337232125,r2
43336,3932,-20.627832782082095,64.76770669763191,r2
43355,3933,-15.441841108007146,73.51323442445835,r2
43374,3934,37.36031840524443,28.334308510637307,double_ko
43385,3935,56.392662396904825,-45.7428575047557,r1
43397,3936,56.39196479350008,-24.887531772295034,r1
43407,3937,-22.26224252379381,53.08284453414441,r2
43419,3938,-20.476154356010912,51.657794846279636,r2
43436,3939,-24.887627311546638,60.27672496328066,r2
43447,3940,61.4217230410688,-11.876525799643623,r1
43459,3941,53.83445726445011,-15.34549525402565,r1
43471,3942,50.19032010949457,-20.559924755781026,r1
43486,3943,67.31124609785778,-31.986688253300603,r1
43505,3944,-13.968708821269853,54.76481238346312,r2
43527,3945,74.25202665756127,-20.254491890405003,r1
43550,3946,59.744998524713864,-8.513428130598449,r1
43566,3947,61.17573653158678,-28.126666424805578,r1
43575,3948,66.9299352454839,-17.093993529693932,r1
43590,3949,-17.76828143771657,64.5762372282264,r2
43599,3950,-23.177213657752745,56.01334020116832,r2
43613,3951,67.33148232444748,-11.14254945633666,r1
43634,3952,61.756215829792595,-16.927271745570074,r1
43641,3953,54.55438135735461,-24.945123988743436,r1
43648,3954,55.237557025676296,-25.34840701612238,r1
43659,3955,58.542286516503154,-16.665171109641825,r1
43671,3956,-22.498284925700357,49.20206197354956,r2
43678,3957,52.710991506976065,-22.601294523262215,r1
43699,3958,-24.949168168043894,79.82041546543277,r2
43720,3959,62.95157075560191,-21.264483702888537,r1
43729,3960,62.769457275974204,-23.9025238336937,r1
43741,3961,61.53498451272766,-28.787422917476277,r1
43755,3962,67.2866567360068,-21.409724427610914,r1
43763,3963,66.0566906356951,-25.381436672350116,r1
43771,3964,59.58111263377115,-34.86729837767693,r1
43780,3965,53.6964671333525,-25.64550085152769,r1
43787,3966,60.22178876644717,-25.70213044377333,r1
43805,3967,73.62685517666972,-39.96125535077599,r1
43813,3968,56.5372680081577,-21.795185830377505,r1
43823,3969,-19.96805604370482,79.67365992933117,r2
43831,3970,59.20021620157159,-26.955097257089438,r1
43838,3971,55.04175311879826,-34.129094760272025,r1
43845,3972,58.04691097359556,-25.04626513743822,r1
43858,3973,-24.613001862611014,72.55149435606987,r2
43866,3974,68.88212484302856,-20.35716583963702,r1
43873,3975,62.617434345262176,-26.38093222982185,r1
43880,3976,55.42327985875599,-28.725687079365404,r1
43891,3977,54.18574316890187,-11.000064059836554,r1
43900,3978,56.28417436048221,-46.39846608427462,r1
43915,3979,-15.102709177865133,63.80711346319052,r2
43926,3980,68.59651758238067,-45.60915069628298,r1
43938,3981,56.54775537984468,-12.332860160674635,r1
43947,3982,56.473562822633326,-31.08465765073219,r1
43961,3983,63.009372901930355,-21.007458822781224,r1
43972,3984,52.04893680343895,-22.501804369978743,r1
43987,3985,71.11386166230682,-12.8152359935413,r1
43996,3986,50.48576905332219,-33.4429219836326,r1
44018,3987,84.21467102438734,-13.678683519534964,r1
44030,3988,69.6713816559548,-12.882156476316663,r1
44041,3989,54.3110408110477,-25.808431572011642,r1
44050,3990,60.34326670745831,-20.993870956013772,r1
44061,3991,58.13690399759523,-16.820622380156898,r1
44089,3992,57.979942802739075,-50.79421546559378,r1
44100,3993,69.62279942705781,-18.215836492426163,r1
44118,3994,60.26601334168336,-27.266037082782272,r1
44126,3995,49.42755780283221,-24.125080708659695,r1
44135,3996,54.90707940743575,-23.47876414710932,r1
44148,3997,-24.361193696876516,55.79022739546099,r2
44159,3998,55.074707657732965,-19.238563104419192,r1
44167,3999,57.376036209360485,-21.82050259922504,r1
44175,4000,65.07688853752776,-31.28696005061343,r1
44183,4001,57.0173088163896,-23.586481122786466,r1
44193,4002,-46.615130693812205,66.42999568824368,r2
44200,4003,55.3604982187627,-29.628627996622207,r1
44207,4004,55.98558359635857,-26.023414422772092,r1
44215,4005,57.657426789912094,-25.736125543763244,r1
44223,4006,54.56366654512084,-21.125907257321405,r1
44236,4007,58.70811264663971,-22.885917943839445,r1
44253,4008,64.08261285734906,-15.834677643993704,r1
44265,4009,71.69524072590708,-19.349453821282207,r1
44283,4010,-11.678519533805556,70.18342051597243,r2
44291,4011,57.13669148867755,-22.947439470401246,r1
44304,4012,-16.412512821161904,66.66090039281856,r2
44317,4013,-19.6423702865157,58.0703231870398,r2
44329,4014,53.63499538851142,-20.321261666871237,r1
44352,4015,-13.728145920447645,66.00693576946333,r2
44360,4016,58.45154514772766,-22.87298345042761,r1
44370,4017,54.485320052820086,-24.784163418532135,r1
44382,4018,66.84099952703774,-46.35202326057795,r1
44398,4019,-21.701934559204435,64.29905954536625,r2
44411,4020,-40.04647121126774,58.04977868158596,r2
44423,4021,60.173060785454496,-35.20815149062017,r1
44438,4022,61.75024531825553,-17.88517210486564,r1
44461,4023,60.680446046024066,-14.320086977458292,r1
44471,4024,61.001162049021744,-26.990590432031652,r1
44486,4025,-19.523285817130983,69.45324252884745,r2
44509,4026,72.50894363143631,-14.499391423528024,r1
44524,4027,76.31141171758262,-56.25748783490633,r1
44534,4028,64.49422435101656,-23.426502174282355,r1
44547,4029,76.62376376267994,-38.9157917294774,r1
44560,4030,61.128388661357434,-19.686640964667763,r1
44569,4031,53.21433119979556,-18.24806222503451,r1
44585,4032,-15.698012608414345,52.27788176123608,r2
44597,4033,70.00976414848574,-23.043548127625172,r1
44615,4034,65.03714114710428,-11.412253220846758,r1
44635,4035,-15.91208099549086,61.11592514657211,r2
44648,4036,80.57679643970943,-18.976905983677856,r1
44660,4037,64.3631741925955,-21.352078771176352,r1
44672,4038,-20.470724918842116,45.497217475894395,r2
44680,4039,57.43833580092928,-30.717717254517243,r1
44696,4040,-23.977955393119352,61.28603346982256,r2
44709,4041,60.196941347781625,-18.85160628462645,r1
44718,4042,-21.06735863945444,56.35214129899666,r2
44740,4043,58.47783712048472,-48.972662759527594,r1
44758,4044,29.28208287912959,39.013006066895905,double_ko
44770,4045,68.74092420568446,-21.481384371412773,r1
44783,4046,-57.11041241863157,59.477151079269724,r2
44793,4047,62.699385063935196,-26.94051463488579,r1
44807,4048,63.88633879872343,-26.428997908309434,r1
44826,4049,50.961062210932056,-40.55209342789047,r1
44838,4050,61.004987859498655,-21.97274026809208,r1
44854,4051,65.03185920438271,-15.889815959178925,r1
44862,4052,-27.571126504330902,61.82184963448711,r2
44875,4053,62.529964681885446,-13.978260713662142,r1
44885,4054,54.79632942871178,-20.04113394429376,r1
44894,4055,60.480124316441376,-27.786505844647035,r1
44912,4056,-18.24373721668242,68.91309478223252,r2
44928,4057,71.63717488008942,-27.130607981392107,r1
44937,4058,51.415731062568724,-39.31515393558414,r1
44953,4059,-53.727513422724144,59.545448433658265,r2
44966,4060,-21.51204094236152,61.92983442338268,r2
44979,4061,59.704861291337465,-17.147846727326495,r1
44998,4062,74.37412747306934,-22.412449569374747,r1
45011,4063,58.90392216562388,-26.77130095951981,r1
45025,4064,66.84495287955248,-26.622666363863402,r1
45047,4065,-16.288602559955315,72.17561044336463,r2
45067,4066,-56.86903252986516,60.12044855158687,r2
45080,4067,71.17107490317389,-23.692207781237762,r1
45101,4068,-8.877379680077155,59.95235283544512,r2
45112,4069,-15.334463802144054,60.63537644737919,r2
45130,4070,71.95230623269215,-45.89795085897583,r1
45143,4071,-21.57780898332395,74.72506978063342,r2
45169,4072,-13.086240698033581,71.00398105285115,r2
45183,4073,62.11238524136289,-29.696436149916753,r1
45192,4074,-24.37368062953077,53.72875909459292,r2
45203,4075,52.86854330931169,-23.795632760800974,r1
45214,4076,-24.377848639849578,51.571402376209555,r2
45228,4077,56.830895706579064,-11.227716370339039,r1
45243,4078,68.9328100448392,-27.351066192910555,r1
45256,4079,74.5267952121526,-24.106785808114815,r1
45269,4080,58.01111115985244,-18.86482364020508,r1
45280,4081,-21.81145907603224,46.868895641196794,r2
45293,4082,68.7260477348846,-14.337910251860386,r1
45303,4083,-21.622302277314134,50.40974443588044,r2
45322,4084,-6.344336789013205,67.41089387144063,r2
45335,4085,57.45911376385117,-21.91505356812045,r1
45363,4086,-7.431402429905546,57.385147580897076,r2
45382,4087,63.47260606626155,-42.41675428608026,r1
45402,4088,12.50921475488812,31.76470409995627,double_ko
45412,4089,59.30778239910302,-25.420152737313682,r1
45423,4090,56.98711800709475,-31.409213657998883,r1
45437,4091,63.45873829716183,-23.07719715152242,r1
45455,4092,80.12038774996566,-30.075172094064065,r1
45471,4093,78.55551416927796,-22.15821169763554,r1
45481,4094,53.76519534441141,-21.008569559021083,r1
45497,4095,73.03914023043843,-14.359331603510967,r1
45506,4096,56.62449463662998,-19.39495361914748,r1
45519,4097,60.49776251313579,-26.68193951717871,r1
45531,4098,-15.007704539269934,57.4883398322104,r2
45544,4099,65.84541347461125,-57.20854704610092,r1
45559,4100,57.41826882945996,-24.990680611017034,r1
45586,4101,37.40734102724295,36.57813121731844,double_ko
45599,4102,-20.942067631310053,66.09276202678025,r2
45608,4103,55.80998689519,-54.419030323716534,r1
45622,4104,-50.82118456257008,56.80932598256548,r2
45633,4105,53.061005965970516,-24.051197496314828,r1
45646,4106,61.52381165425778,-17.904824850709684,r1
45660,4107,-19.802847830547382,58.346392428966254,r2
45677,4108,35.80276341499553,41.27414062814224,double_ko
45692,4109,54.37386319008955,-36.915724461428965,r1
45716,4110,64.413063204693,-58.26124626845472,r1
45734,4111,60.04572835576737,-33.38055373536213,r1
45745,4112,-18.93533518297779,60.662175191827295,r2
45769,4113,71.27880113384802,-47.496591114821676,r1
45780,4114,-52.75954895654586,67.96763002645568,r2
45792,4115,73.32468032535405,-56.69098979453362,r1
45802,4116,-21.448115298903424,56.015417646305934,r2
45811,4117,72.88627847249788,-18.804738363281118,r1
45825,4118,-29.382305749558764,56.43889887933251,r2
45837,4119,63.19913085073972,-33.12812840758909,r1
45852,4120,-18.799814804195876,52.11439311325356,r2
45864,4121,58.5709940908433,-53.650789911026266,r1
45876,4122,61.863841883540275,-28.42623947875355,r1
45889,4123,54.17375713975079,-20.541511541008504,r1
45907,4124,65.05949628439838,-48.26211816695643,r1
45917,4125,60.1784699176128,-18.55392670034294,r1
45937,4126,-37.84262770635015,61.858260420734574,r2
45955,4127,-60.74088896512416,58.56515767661697,r2
45978,4128,-13.6024748518372,65.3816930733819,r2
45993,4129,58.836221671972446,-30.422900804574056,r1
46003,4130,-24.97344954458352,58.43089841147706,r2
46016,4131,61.636652906720315,-18.992739929140605,r1
46028,4132,20.518708867157407,19.705258775233325,double_ko
46045,4133,64.36769435420659,-14.661936541681285,r1
46057,4134,-20.09339899970521,53.812761117333224,r2
46077,4135,62.580250216939206,-46.03839199644692,r1
46097,4136,70.75424642733675,-52.29785032220898,r1
46111,4137,55.610641749327286,-13.263149558407882,r1
46129,4138,-42.00565007596068,52.042277822727556,r2
46139,4139,-32.11330340879903,45.15296834126976,r2
46150,4140,65.41227493609685,-23.794705814317126,r1
46166,4141,-16.17614543311872,50.45308986666015,r2
46176,4142,-21.45522895111815,53.257104272085925,r2
46193,4143,71.1352680229499,-16.610878372587777,r1
46208,4144,65.95758135484782,-24.11446770989359,r1
46218,4145,52.99834157900952,-47.03653311555399,r1
46239,4146,-20.475496931635636,86.25676068048615,r2
46252,4147,-33.36514647519266,57.996755214387676,r2
46267,4148,-53.89154702711671,60.72566352531271,r2
46287,4149,75.94949367267935,-42.37356193884403,r1
46306,4150,71.4834106594055,-49.543744940239435,r1
46317,4151,70.40005602969528,-29.929323706925356,r1
46335,4152,3.0338142876523824,33.346050928474405,double_ko
46347,4153,54.31481122335818,-33.064286750464866,r1
46357,4154,-17.402946134111023,60.07877816820857,r2
46371,4155,-31.023651844332377,56.67424051641187,r2
46387,4156,65.14889169546363,-57.056977373348175,r1
46399,4157,-23.211419625366613,71.05583280638189,r2
46411,4158,-20.466885989999387,63.25602625832529,r2
46421,4159,57.2950087661391,-36.93315319229701,r1
46432,4160,60.34184982749628,-55.30991051546234,r1
46444,4161,53.44596447816096,-14.0520384697898,r1
46457,4162,-11.086159149195986,63.31836825029349,r2
46475,4163,-11.845621600483625,58.11203238799131,r2
46485,4164,-27.426288689499003,52.02321537660026,r2
46505,4165,-15.237827281369213,79.04742145220294,r2
46515,4166,-25.765579714925778,50.975612447509825,r2
46527,4167,54.05318124822351,-24.655343472485907,r1
46538,4168,-23.877045024607135,63.3096720573771,r2
46552,4169,68.90896160544969,-40.037334938181274,r1
46566,4170,68.98047822025228,-10.328344328889976,r1
46578,4171,56.37212855762068,-20.953548438397235,r1
46598,4172,56.65092447255632,-13.560185908427322,r1
46626,4173,83.56751479974392,-43.499180107536695,r1
46649,4174,68.38240321571587,-23.26062199518861,r1
46665,4175,-14.447101250078635,66.72845186870389,r2
46683,4176,-18.361251067685245,58.36199623812121,r2
46700,4177,-26.33044796365775,68.50921437598271,r2
46709,4178,-21.54999705646146,51.975130308788856,r2
46719,4179,56.46843386662307,-15.43442708778278,r1
46730,4180,53.80560360220878,-24.867277837289954,r1
46742,4181,-18.840930870092038,55.1550097920027,r2
46752,4182,47.61485233236401,-27.150582618923053,r1
46762,4183,54.42205572832272,-23.40293541719501,r1
46771,4184,-18.783453560762354,62.4020229629299,r2
46781,4185,-52.86516495804815,57.99752854477524,r2
46790,4186,-19.127472237031853,74.66429415372593,r2
46798,4187,56.51605119054539,-23.553166065774562,r1
46809,4188,61.414128613218196,-13.368291593803043,r1
46826,4189,-17.505228054237556,65.79554439528684,r2
46851,4190,-34.09400848656084,73.57460894240856,r2
46866,4191,74.34602804529439,-24.95518874490336,r1
46876,4192,66.84749949938445,-19.77314932468023,r1
46892,4193,-19.302907876876667,65.09275155874947,r2
46900,4194,52.11945062327849,-23.43430318643314,r1
46910,4195,62.389562091059254,-26.793607361635384,r1
46918,4196,49.345385510183625,-30.655070373746106,r1
46928,4197,60.79388874821585,-22.4559551281816,r1
46937,4198,53.950951986314834,-19.21556179621433,r1
46948,4199,64.18572932775749,-33.49197845953708,r1
46956,4200,49.18900714554522,-21.7514430240384,r1
46968,4201,54.830713304530626,-37.82917868178835,r1
46991,4202,17.698689191012917,-7.375505424941071,double_ko
47003,4203,-52.0764007816716,78.93093230308267,r2
47018,4204,61.466430632113514,-8.800697826546156,r1
47036,4205,59.99834681718549,-8.799881524543224,r1
47058,4206,-13.620078283838055,87.79216173831907,r2
47074,4207,60.11354231744348,-10.272032109481351,r1
47082,4208,60.48914767690887,-22.982664486013235,r1
47097,4209,-18.177516984281986,61.78348860883067,r2
47110,4210,67.94532751710581,-49.60220605500052,r1
47128,4211,-12.337890235178463,70.18569565356783,r2
47143,4212,60.52338721044514,-14.172921054261476,r1
47163,4213,49.28817521574903,-7.963245097671795,r1
47176,4214,62.129388371815644,-12.93412260756083,r1
47190,4215,-26.48264125210274,57.68403926786773,r2
47205,4216,56.312989177053986,-34.76579910019489,r1
47221,4217,56.246063509767446,-54.90556878210785,r1
47235,4218,-52.65573543401134,64.8435523961681,r2
47251,4219,59.638454267696176,-48.60445272863638,r1
47267,4220,61.786800345017184,-52.746433496637195,r1
47281,4221,63.70343171663897,-49.713804380966195,r1
47295,4222,58.88617517701999,-37.3345397435127,r1
47308,4223,57.581399796680316,-17.00150605253554,r1
47326,4224,64.11633666106707,-4.186165866154461,r1
47345,4225,-18.377273740873175,58.67127138736157,r2
47367,4226,75.7550580828938,-17.18773471481282,r1
47381,4227,-52.87487789109206,55.20929997500788,r2
47399,4228,-48.371337760427565,73.63066444607085,r2
47416,4229,-18.7664494467101,79.47147940601104,r2
47429,4230,57.84533443842089,-20.279530173766837,r1
47449,4231,-18.906425246790985,63.32357542546997,r2
47463,4232,-55.92172456048645,47.02747756360778,r2
47476,4233,-35.030709687579694,65.58682033420833,r2
47490,4234,59.820573183385726,-36.62047193995222,r1
47507,4235,80.59049252267064,-16.095057415773155,r1
47530,4236,84.0252511656167,-13.856423082335542,r1
47545,4237,52.02634521213912,-50.77328588162527,r1
47560,4238,-53.30461976453289,63.30607822187369,r2
47585,4239,76.56751137505846,-18.420399506009858,r1
47606,4240,-23.616882475214755,55.684146424658906,r2
47620,4241,54.51010033968136,-28.642468473631357,r1
47632,4242,58.4004591497535,-54.430773571683936,r1
47646,4243,-50.94790561294001,50.20354540935255,r2
47657,4244,52.24686618242253,-19.95440785446518,r1
47673,4245,-15.341779007331269,61.90888219432983,r2
47684,4246,73.76252019972787,-29.287742750384847,r1
47697,4247,-16.47921254524534,47.49333196086879,r2
47717,4248,64.3317654414658,-13.198422797747213,r1
47728,4249,-22.889767086786314,66.84830408456163,r2
47743,4250,56.69832105568041,-56.19307935956963,r1
47756,4251,68.54373598138476,-53.98789106185285,r1
47775,4252,64.17893699768787,-20.9998392461407,r1
47788,4253,57.608929963474324,-33.086082404601925,r1
47807,4254,63.598138216298565,-33.483112593916246,r1
47821,4255,68.8490155204108,-6.174195868027326,r1
47841,4256,-11.294893327793979,66.04362591303273,r2
47863,4257,-29.258919550049217,83.99215435403777,r2
47887,4258,-9.415784000384939,63.0141122965971,r2
47906,4259,-16.88311614514905,72.36923220662531,r2
47925,4260,48.78965044501989,-37.492030305888825,r1
47935,4261,71.75659196371826,-21.72715589972963,r1
47953,4262,-30.01981844689566,75.40203371243243,r2
48000,4263,-28.688099163441528,60.4371390376274,r2
48040,4264,3.1330475571052645,65.49692550902003,r2
48059,4265,-17.02712488167516,49.29917789236533,r2
48074,4266,-6.460319717980217,1.5929652010759912,double_ko
48096,4267,68.15129027876705,-36.21317855254177,r1
48110,4268,-45.39600423180173,56.89898049212772,r2
48129,4269,68.52696923646307,-45.27729153248977,r1
48142,4270,60.67481604592749,-17.846261851045792,r1
48184,4271,64.42385726973464,-6.64893060198591,r1
48198,4272,-20.778041256833145,63.40291580734281,r2
48212,4273,-35.3780157042845,53.22085025206308,r2
48227,4274,70.31223645391216,-14.53380177345791,r1
48242,4275,56.951489962979636,-16.675888298841365,r1
48251,4276,56.80133961257329,-54.21671089507157,r1
48271,4277,69.75160055884739,-16.402516826875015,r1
48289,4278,65.87742151157195,-44.53747611825489,r1
48310,4279,55.85368038120646,-42.15863698513198,r1
48332,4280,59.047553299970104,-4.068704247568327,r1
48345,4281,-13.301481039297549,50.0386225538674,r2
48361,4282,-23.667942094660308,50.81081304658233,r2
48379,4283,68.71694105722713,-13.873290969122415,r1
48397,4284,57.397582130099465,-56.35467847837421,r1
48410,4285,-14.970004653093334,56.20560570169893,r2
48421,4286,58.85827252984477,-47.62883858148173,r1
48439,4287,-15.835377751355416,81.38079588756908,r2
48465,4288,-7.39176276933533,68.69635791098182,r2
48478,4289,78.50328637884645,-17.362849448865788,r1
48496,4290,59.18794682413066,-18.11909567143875,r1
48512,4291,66.96345071614778,-26.172129406572406,r1
48530,4292,69.6370805130774,-19.031014471916414,r1
48540,4293,-17.475274251687715,61.810987489108555,r2
48550,4294,58.59569163072509,-20.88236473456973,r1
48562,4295,80.86348133111433,-16.023877083491406,r1
48570,4296,60.26830075807143,-45.447488502810586,r1
48581,4297,80.30807393037215,-17.391876552507306,r1
48597,4298,71.46631813320056,-21.8253513399796,r1
48614,4299,79.87276668637985,-21.08592154738664,r1
48628,4300,-48.01583380452578,51.92015964535265,r2
48651,4301,-8.926082352577176,58.98037978433056,r2
48667,4302,-16.017861980956233,67.11857278080038,r2
48676,4303,53.855922176061746,-20.60086793649662,r1
48691,4304,-8.192765763824191,70.09030214098564,r2
48708,4305,55.136065315353676,-14.101701281566992,r1
48722,4306,63.74873889632057,-58.10238531219334,r1
48735,4307,75.31427069998823,-52.04848804751039,r1
48752,4308,61.55614746033848,-15.24359693874893,r1
48774,4309,-7.07484028517851,58.80049086340439,r2
48789,4310,58.51130606445916,-56.50990693836098,r1
48814,4311,56.599421340838106,-40.971652966030604,r1
48836,4312,59.12989292774501,-20.16017924567557,r1
48848,4313,65.84346463234057,-36.89308046223402,r1
48861,4314,52.07417974771658,-21.636507324710912,r1
48879,4315,-56.057064192732305,60.59483913291537,r2
48895,4316,71.79229570971712,-20.484898033239,r1
48921,4317,65.60630829247272,-24.773289895648155,r1
48939,4318,85.13505494513521,-11.301441154411371,r1
48955,4319,57.50912252158294,-17.93980245728763,r1
48968,4320,48.24843973127352,-16.79458442953986,r1
48989,4321,-29.320405148300765,75.11853486722435,r2
49000,4322,59.182860194902496,-52.98685922100506,r1
49017,4323,64.78494135608878,-20.718369536224948,r1
49039,4324,66.46366862604205,-10.523872507739632,r1
49055,4325,58.915696219756136,-16.322790570688905,r1
49077,4326,64.16415034783903,-26.348391405071087,r1
49089,4327,-19.997982650666895,61.16813620511839,r2
49099,4328,67.67705115490861,-19.630216369746897,r1
49122,4329,-16.85030609002777,45.651774997397,r2
49139,4330,71.86928116489844,-8.73964598449622,r1
49148,4331,-25.184728074181834,57.780273378569476,r2
49166,4332,-9.392549572416755,69.33565147719932,r2
49183,4333,83.41407745343332,-14.050183133970656,r1
49202,4334,-13.177405377750972,58.88535712881495,r2
49225,4335,-15.585195381474161,48.06362839515937,r2
49249,4336,64.01962554644821,-33.176527811657984,r1
49260,4337,54.98227645300678,-23.18941344854194,r1
49284,4338,63.76893770675566,-9.149496765600908,r1
49297,4339,60.65168166268399,-19.734731938604874,r1
49311,4340,71.58027196221498,-11.332626025727578,r1
49324,4341,53.2087720867271,-57.09320374031676,r1
49339,4342,67.2186317793978,-17.798817645197182,r1
49347,4343,-20.096891390688228,57.47378443378685,r2
49358,4344,70.09889846771013,-28.574333131501,r1
49375,4345,58.713130304200625,-24.9859646105856,r1
49386,4346,54.3899018677249,-19.768648727783415,r1
49398,4347,61.404857797356854,-17.58141751320795,r1
49409,4348,-16.823297782421786,74.07489048887616,r2
49417,4349,61.116102394036844,-24.723696852202764,r1
49427,4350,68.55219143647169,-16.934755861974956,r1
49434,4351,-22.9261734422353,65.72241234442808,r2
49441,4352,57.02791249865044,-29.776379322977455,r1
49448,4353,58.33563012718612,-24.3899362550585,r1
49457,4354,58.20753327451751,-18.44421170544762,r1
49464,4355,52.75566536144403,-25.07321995295426,r1
49471,4356,52.98195920125428,-25.726109672462556,r1
49479,4357,55.364185906920305,-20.619207327246425,r1
49487,4358,61.14725284094439,-33.4660890416036,r1
49495,4359,58.483773172850974,-27.607480619799894,r1
49505,4360,-18.96786690136529,55.50506063625099,r2
49513,4361,59.91157353851635,-24.755886311894493,r1
49523,4362,63.12055226685939,-25.395391124819593,r1
49533,4363,75.48668785906018,-21.600869170557566,r1
49542,4364,54.74542066569782,-25.71973116393589,r1
49549,4365,52.550823681262266,-22.200041941817197,r1
49556,4366,52.7032309400582,-29.428835856547273,r1
49563,4367,58.22956006478541,-24.234901500515626,r1
49570,4368,60.75685882931921,-26.981353084654145,r1
49579,4369,68.67955694064182,-18.519821770646203,r1
49589,4370,57.22722155802562,-19.43111574667964,r1
49600,4371,54.527256800862446,-16.533506911641236,r1
49608,4372,51.33994783131829,-21.644097179604888,r1
49620,4373,71.84126459869788,-14.077853836173752,r1
49626,4374,50.28129776183092,-29.552776629872827,r1
49634,4375,-24.879583222198505,72.92459789646676,r2
49643,4376,60.53739947992098,-22.001011158476807,r1
49651,4377,63.28526157144477,-25.636198529390345,r1
49661,4378,56.45433557173155,-18.112627166276702,r1
49668,4379,72.62624031262743,-27.6564077699902,r1
49676,4380,59.71408505211825,-19.969779795303285,r1
49682,4381,55.47688038639307,-28.528684910420324,r1
49691,4382,64.82530814803651,-24.572568593287055,r1
49699,4383,-22.547676920976773,71.29695166811516,r2
49710,4384,-10.96348385077681,66.31931410519437,r2
49718,4385,54.07653073785487,-23.266593740299797,r1
49726,4386,27.654928025462645,27.57724718998052,double_ko
49733,4387,58.0689029598623,-24.83694754844996,r1
49741,4388,-21.10399241539424,73.60684928030139,r2
49750,4389,65.52993581200793,-23.872562073851913,r1
49757,4390,58.833121885607326,-28.85012055944261,r1
49765,4391,73.67017578569022,-23.282076547509163,r1
49774,4392,52.05895680248927,-20.758890640988028,r1
49782,4393,72.2343810809943,-22.358701901004356,r1
49793,4394,55.445638713125255,-25.62597913323525,r1
49803,4395,30.720597606149944,12.360068740386623,double_ko
49813,4396,61.73383117007066,-19.627611187160188,r1
49823,4397,61.46801356999738,-15.463339067415113,r1
49830,4398,66.92631101368704,-26.43705694789552,r1
49847,4399,2.27456862645087,28.135473108480852,double_ko
49858,4400,62.81317633262066,-13.847623284770226,r1
49865,4401,65.554627201701,-32.83835171234141,r1
49874,4402,60.56840717384721,-20.40994539435336,r1
49881,4403,-25.87773965626387,67.20229909499884,r2
49891,4404,61.71201897774783,-17.996628412331066,r1
49899,4405,63.598674038092156,-21.30631437735298,r1
49914,4406,71.81058048652207,-11.330442092960489,r1
49922,4407,75.74461760648822,-24.905293883988683,r1
49930,4408,57.14584745510497,-24.523639819606345,r1
49938,4409,54.29053595474745,-23.286036988201563,r1
49946,4410,62.63852047713656,-20.31898853417954,r1
49960,4411,64.84726926944333,-18.40315335510958,r1
49969,4412,55.85035107179926,-20.88557710420922,r1
49980,4413,59.05403706520187,-15.163385150027835,r1
49989,4414,61.05343101492057,-21.4254796186898,r1
49999,4415,57.60078516540051,-15.120187394523622,r1
50007,4416,62.90202304282265,-20.99429095107234,r1
50018,4417,61.86523178310619,-15.3748399275493,r1
50026,4418,56.026209324632624,-22.832323049504666,r1
50040,4419,-15.010549251777409,76.80139704336477,r2
50048,4420,80.89289724239777,-27.366586593407064,r1
50055,4421,-22.030388525793942,66.12234224265094,r2
50062,4422,-25.438983965211193,69.70216527789076,r2
50073,4423,67.07151175568492,-15.88899975157075,r1
50083,4424,-20.603583781728766,70.23889225114989,r2
50093,4425,68.78550026010973,-16.702134505798597,r1
50102,4426,68.67689659013901,-19.04137549381855,r1
50123,4427,-24.22132852348183,75.74372331030757,r2
50132,4428,53.43393333730712,-22.844565562989224,r1
50147,4429,65.53572244958086,-41.40535694501885,r1
50153,4430,62.55354877684224,-28.71514754650149,r1
50167,4431,61.32482550314675,-11.971954227972212,r1
50178,4432,-20.339657445624713,74.64515570717165,r2
50195,4433,72.51341343958629,-49.439569055296886,r1
50207,4434,-17.563990186958364,62.666770334779045,r2
50217,4435,59.197731690165455,-20.417046989480124,r1
50226,4436,-20.868584984099734,76.84879074693401,r2
50237,4437,-18.990584641679156,71.73882840452127,r2
50251,4438,71.84883964164926,-16.806682761775278,r1
50264,4439,-28.165259366371703,72.94533777261613,r2
50272,4440,-20.724653602024787,72.17718024406861,r2
50289,4441,-21.86814849490945,65.29330953124597,r2
50313,4442,80.38422743874179,-15.02191322285389,r1
50321,4443,-20.895366835095775,60.407248383420296,r2
50328,4444,-21.94686061986327,54.15727898766779,r2
50336,4445,-22.727526616296707,50.95035659851532,r2
50344,4446,67.42315387371903,-22.23434959426629,r1
50351,4447,62.98486777190077,-25.3943314279436,r1
50367,4448,60.521809594437485,-16.640547471357838,r1
50377,4449,-19.148541505756185,53.2542905555743,r2
50385,4450,54.01860338454122,-26.971986237755708,r1
50394,4451,62.90730483112431,-21.102245376800504,r1
50417,4452,80.03377059528673,-3.144893181211536,r1
50425,4453,55.34165281329813,-23.07470408086947,r1
50448,4454,52.98177884793745,-18.95662674067301,r1
50464,4455,-13.102803135178789,75.0164435310038,r2
50473,4456,-20.02610712793585,61.305310941049996,r2
50486,4457,56.16249764848169,-10.946212118095524,r1
50511,4458,-3.873478267389956,70.46470837418727,r2
50525,4459,-47.78873026905251,64.76106882214224,r2
50549,4460,83.11642120989497,-12.136399957408898,r1
50557,4461,-18.03999093236925,57.334140195780165,r2
50571,4462,-4.668528084511792,71.49640600549233,r2
50593,4463,75.37688551124178,-21.235243905726822,r1
50603,4464,-28.255653215347483,57.336842708170515,r2
50614,4465,-17.727448107802097,56.51650027853645,r2
50624,4466,62.22242700502399,-16.596448821868876,r1
50636,4467,72.66183482032984,-24.703003554204138,r1
50647,4468,56.91906514776181,-24.299355740806952,r1
50659,4469,57.00595441930766,-19.674485215498557,r1
50674,4470,70.0574555009704,-26.273448436459322,r1
50692,4471,-11.38454180452755,73.94718811484475,r2
50709,4472,71.02650202983307,-12.900308970046076,r1
50719,4473,-52.76096254991737,60.993549062119314,r2
50726,4474,-23.30166315604381,68.67832234116125,r2
50747,4475,74.15706212385717,-21.862341250671072,r1
50766,4476,-9.609431516558992,57.286804929875196,r2
50780,4477,-8.123648914101857,76.81135368966474,r2
50789,4478,-22.625821434749575,59.81823224968382,r2
50799,4479,52.855891693209784,-31.53026999972671,r1
50807,4480,-20.008073943195406,58.73030794828436,r2
50817,4481,-17.806760929287268,66.41158172069576,r2
50825,4482,-19.850940757106137,57.08068748540373,r2
50841,4483,-4.210863491859897,76.32318582603835,r2
50851,4484,-19.617037083526746,58.76642050548851,r2
50860,4485,72.40306365732036,-22.010004824915974,r1
50869,4486,-16.644391972613324,54.66896724114549,r2
50884,4487,66.39508925486531,-25.406164744469834,r1
50893,4488,79.63214835541129,-24.704670883421585,r1
50901,4489,27.168012585125176,27.718335571017292,double_ko
50909,4490,51.92636316789841,-28.503425199760358,r1
50925,4491,55.869873313016335,-19.38030440643799,r1
50932,4492,65.5841104359473,-22.619171185196883,r1
50942,4493,81.40441500269273,-20.977413006704808,r1
50966,4494,64.94516232033601,-25.747530440497002,r1
50977,4495,56.9836259375547,-16.735364648884634,r1
50990,4496,-14.342882160592946,62.56641964346026,r2
51008,4497,-52.571492485780915,66.10971251150437,r2
51027,4498,-8.285625811543234,65.15394991447003,r2
51042,4499,69.13184800478238,-24.081456277329497,r1
51051,4500,-20.764982999313393,67.67408854692094,r2
51064,4501,52.20221370565065,-19.075120196516274,r1
51072,4502,74.1994630808093,-33.709328428877384,r1
51085,4503,-9.110692572692727,63.44881649159058,r2
51102,4504,61.114742091767084,-47.85860347843056,r1
51114,4505,69.35461976283884,-29.81567617175029,r1
51121,4506,54.966500962650045,-27.90921391847528,r1
51143,4507,75.5272539519721,-12.536725293440085,r1
51157,4508,67.81527512720649,-18.745603616437936,r1
51164,4509,70.9092904858487,-28.539755523059682,r1
51191,4510,-16.12207040460013,69.49174203421644,r2
51200,4511,-20.910300150954484,56.99210217676546,r2
51210,4512,72.1987833373775,-23.24822011593243,r1
51222,4513,61.054703115434926,-10.085785259537317,r1
51237,4514,-15.233406469406134,70.63764872576944,r2
51248,4515,-15.73517604135219,52.382594774917955,r2
51256,4516,73.36734788228631,-19.78593645351546,r1
51264,4517,75.57369483922096,-23.84186626117571,r1
51273,4518,-17.508991036484073,53.016996091203204,r2
51281,4519,-19.784913206767982,59.597303477474696,r2
51288,4520,26.658894319970408,29.549915255136618,double_ko
51298,4521,-15.052520343745748,75.95222196212308,r2
51310,4522,-12.443556468035638,57.47705259312753,r2
51321,4523,72.07833050383607,-22.345808297287313,r1
51328,4524,-25.996148343642503,64.91053989727315,r2
51343,4525,66.97482497216208,-50.919981138482704,r1
51354,4526,27.34127813488718,38.765119092235906,double_ko
51367,4527,-15.327688107646317,75.78932027895735,r2
51389,4528,79.89010682745146,-20.34310686982498,r1
51398,4529,69.53856284855013,-24.809765619469523,r1
51406,4530,54.36674593406993,-23.31191487707671,r1
51414,4531,-20.605915467252004,66.89625843783627,r2
51424,4532,76.14016248807167,-14.732863522802148,r1
51431,4533,52.404269676605665,-27.899538294059496,r1
51442,4534,-42.40704405582618,59.004305890235464,r2
51449,4535,58.8775788645036,-20.272150137416183,r1
51457,4536,-20.790409384771223,62.59889326811722,r2
51465,4537,60.74397874760006,-25.094291976312707,r1
51473,4538,55.165639190112316,-18.819617482600137,r1
51484,4539,-11.521051259228312,63.23308419277706,r2
51494,4540,60.67824053099758,-27.918027636104267,r1
51502,4541,67.88227739786058,-21.191961214841484,r1
51511,4542,57.78609213585805,-22.231036766965765,r1
51519,4543,55.863469522157565,-23.7463063407898,r1
51526,4544,70.12726232829328,-33.5627344151358,r1
51534,4545,-21.207973932426487,71.19172208556002,r2
51541,4546,64.3033015095586,-21.38042864723874,r1
51549,4547,54.55145205019754,-22.2342265666622,r1
51556,4548,55.98985188848055,-28.918260579725803,r1
51568,4549,69.51642416899786,-12.758145026161891,r1
51577,4550,71.60970402361622,-19.360556244914246,r1
51584,4551,58.49770732069831,-24.683702330848615,r1
51595,4552,64.80946899591223,-16.367261207224548,r1
51604,4553,61.600867854691174,-21.894612916888587,r1
51620,4554,-6.975552472328204,67.66103585214144,r2
51625,4555,59.5339086139433,-33.849848902899666,r1
51635,4556,22.763605221748378,28.65108196350951,double_ko
51643,4557,60.05146528412874,-22.969765236969828,r1
51651,4558,59.95701849854386,-20.25534089699058,r1
51658,4559,54.948906204859426,-22.242008867282728,r1
51667,4560,-16.863869316635665,67.70651298710598,r2
51684,4561,64.42766250594188,-45.504995405552734,r1
51697,4562,75.48164047314225,-27.538122465687525,r1
51705,4563,65.86072657222417,-18.106815550587328,r1
51714,4564,-28.99631360023361,67.15655041072637,r2
51723,4565,65.56559009694998,-26.685093459921077,r1
51729,4566,58.640285229036934,-30.918878623273674,r1
51751,4567,-5.79075177510758,83.19081600769331,r2
51758,4568,55.544381396966514,-25.565530226893955,r1
51764,4569,51.40867869697959,-26.24392239939781,r1
51771,4570,62.42226364184881,-28.45105596034578,r1
51788,4571,-25.213738286160027,53.73693555045806,r2
51797,4572,-19.00735292600682,63.21207783858104,r2
51803,4573,58.752805372204264,-31.66699017630113,r1
51812,4574,57.375546634828375,-28.523452324695743,r1
51819,4575,54.98880454678048,-26.69314141725021,r1
51833,4576,-27.584549778776335,63.39210662590223,r2
51842,4577,-18.10305823365793,78.06394737428784,r2
51850,4578,-16.72241769613445,63.65037464489899,r2
51860,4579,-16.049902008843397,68.17704594374175,r2
51879,4580,61.27836711951916,-24.591102400892627,r1
51887,4581,62.00357448844858,-24.034364469929223,r1
51894,4582,66.96862134442962,-26.03181048012108,r1
51901,4583,64.91632345182487,-23.314304103025684,r1
51911,4584,51.07286595373789,-49.6701113873926,r1
51926,4585,-15.360208322911333,62.71377135987741,r2
51936,4586,73.35221595719493,-18.769372852333326,r1
51943,4587,69.73271786798074,-24.400517368489606,r1
51956,4588,69.50177292745038,-27.770212200895195,r1
51969,4589,-7.834288328152489,83.72658552415476,r2
51981,4590,-49.272725492569776,55.49870288481304,r2
51989,4591,-20.454527946367136,49.9414092209799,r2
51996,4592,52.32899127565926,-24.643169493161977,r1
52011,4593,53.61951495088033,-14.79191770845842,r1
52022,4594,61.013918677563446,-33.473704814644165,r1
52048,4595,82.66437147730757,-46.87686990036333,r1
52058,4596,60.765962373144625,-18.29708986099455,r1
52072,4597,82.3403181499259,-18.651720994514385,r1
52087,4598,53.94606656972961,-15.551042076437241,r1
52096,4599,-16.74626552131085,59.60215378097686,r2
52110,4600,-50.68674328712626,69.50652570979751,r2
52119,4601,-21.022514939849568,71.91438166686561,r2
52128,4602,62.16046281842695,-19.49978618500859,r1
52144,4603,69.01478412287386,-28.187057020245454,r1
52163,4604,-7.698162085533305,60.111076992310174,r2
52173,4605,62.76122455262674,-52.75905834664649,r1
52184,4606,56.86675315863387,-17.761347075344997,r1
52193,4607,77.99967856161335,-19.617578067885127,r1
52202,4608,29.735116261060092,29.07094918266104,double_ko
52218,4609,69.19871426487917,-23.066508409303513,r1
52236,4610,57.435572909956704,-49.00541251939086,r1
52246,4611,50.17989885841661,-17.802543825461854,r1
52263,4612,60.51773145216119,-11.331202555019367,r1
52271,4613,-25.321717100938805,52.37460927001315,r2
52281,4614,-11.627554221567557,62.988741476828196,r2
52300,4615,82.26177117443332,-39.6995935912442,r1
52322,4616,69.26614437150928,-43.84224168813626,r1
52343,4617,-4.627708245974532,60.743638231778746,r2
52351,4618,-29.72472196509365,74.40596499382697,r2
52369,4619,64.78575203071891,-22.197322955717162,r1
52381,4620,65.09125438875277,-16.097658121620974,r1
52403,4621,-15.2938458265413,68.53467742660581,r2
52417,4622,59.58926069581891,-21.09151804165487,r1
52456,4623,-14.384020350765962,81.2050603509561,r2
52464,4624,-21.95169024612915,61.12467072199388,r2
52474,4625,55.29109863286086,-18.907124901250093,r1
52481,4626,-24.092180432184573,49.723944880107226,r2
52502,4627,-24.37401367468874,79.98027272487072,r2
52510,4628,-22.37441671056148,57.587037326906945,r2
52531,4629,-25.084269228665768,59.720195495879764,r2
52546,4630,71.7411290724146,-48.13230662254776,r1
52557,4631,-17.97631335218127,60.19464049560009,r2
52573,4632,66.49336462177797,-28.894374848449893,r1
52586,4633,-41.086286787589295,62.40993457604332,r2
52602,4634,68.70129942629366,-24.91181394906088,r1
52622,4635,2.1507128635767927,57.83024901478047,r2
52635,4636,59.84274070588294,-31.761552872444405,r1
52645,4637,71.93244019399575,-16.595474581972056,r1
52654,4638,-21.549133431858507,56.027608511557005,r2
52671,4639,58.79843494122962,-52.86116883930139,r1
52683,4640,59.57006882422306,-21.517543023931154,r1
52698,4641,78.33198021480013,-25.022661222555932,r1
52707,4642,-29.809811284197803,65.2040577243279,r2
52717,4643,-12.66911107518986,58.93449783105207,r2
52728,4644,-20.814003572897622,54.302766203832725,r2
52742,4645,73.20118229434306,-20.379106380085464,r1
52759,4646,-50.05184286621094,59.10773870133179,r2
52768,4647,77.81139809993499,-20.78609808671611,r1
52784,4648,71.40785804158641,-25.23354680663084,r1
52812,4649,78.8876927106538,-20.160429583057653,r1
52824,4650,54.23030346618269,-16.061086787756473,r1
52834,4651,55.799782544431054,-22.32043587026618,r1
52864,4652,61.55824128112932,-38.878077064297344,r1
52878,4653,-48.272781149433165,67.93567105636905,r2
52895,4654,-17.460747442410533,56.81801288722387,r2
52906,4655,57.06972764931108,-13.786650670941363,r1
52915,4656,-21.477934317037864,61.99889747294798,r2
52921,4657,-28.773870817395956,55.96896491034705,r2
52930,4658,53.579654513013594,-20.637871960313635,r1
52950,4659,76.79137474305368,-17.170222708525625,r1
52964,4660,68.41504606222935,-25.138091604026847,r1
52981,4661,-33.53436441549586,62.662284919379985,r2
52995,4662,71.12504897037795,-22.850883003034127,r1
53003,4663,-18.154840027115057,63.98904638199991,r2
53022,4664,-23.952959699251572,48.715109476895876,r2
53047,4665,77.50384154760519,-4.839215375266683,r1
53060,4666,56.8153872336052,-22.155041366694512,r1
53068,4667,-22.670882758413676,62.47085130557785,r2
53079,4668,60.09593940728993,-22.953241737739866,r1
53096,4669,-53.51206638422379,55.78633522054943,r2
53121,4670,-33.88859125349461,75.35277835408938,r2
53134,4671,-19.85054416608265,49.93416648626146,r2
53146,4672,-14.790644616216255,63.97603239964216,r2
53164,4673,-9.662167422595502,59.34045694097624,r2
53181,4674,58.58250634329136,-21.877288359447597,r1
53196,4675,59.77210111488594,-20.156583059984293,r1
53204,4676,-24.740794380702933,62.14437038742022,r2
53214,4677,62.39881229962666,-21.64159277640232,r1
53235,4678,3.1049149607222546,63.72652802342462,r2
53250,4679,66.30414224377955,-14.577720304365613,r1
53276,4680,-19.07699321484537,67.04374637300349,r2
53289,4681,-24.871631804784094,58.60965065883078,r2
53307,4682,-19.013597832647537,64.84290667997442,r2
53327,4683,-17.032332683719513,57.429564631862064,r2
53335,4684,-30.423852731520338,53.723615401202174,r2
53342,4685,-26.341939749623954,64.36661392072149,r2
53353,4686,-14.949654570120412,53.049658898182194,r2
53368,4687,59.579675815733694,-15.980748036811917,r1
53383,4688,56.520581029354304,-50.76241741511646,r1
53395,4689,62.835387918743386,-16.32296768951636,r1
53410,4690,-19.377257484737278,75.51695483635186,r2
53422,4691,-45.011015085742194,56.108838698488796,r2
53429,4692,-27.556154627821734,51.80241386738693,r2
53445,4693,0.0473958878261409,22.54319602976876,double_ko
53459,4694,-10.466426089194137,63.73222118763388,r2
53482,4695,68.98574312513549,-9.8252158461789,r1
53491,4696,53.89838548586691,-22.621664960095256,r1
53508,4697,-21.169379805743795,56.54384892795558,r2
53514,4698,57.067936333973535,-35.38480229391453,r1
53528,4699,49.65077235464883,-19.763921946517737,r1
53539,4700,49.38231484400911,-21.588305784816143,r1
53547,4701,55.21820381100403,-24.901474663986434,r1
53559,4702,-30.098792460906402,64.7560744616784,r2
53570,4703,75.293683923237,-19.85061221345069,r1
53579,4704,-21.721759578178194,66.2743584304259,r2
53590,4705,60.01422829021526,-21.41519675951749,r1
53609,4706,23.234660236723627,30.215177684237894,double_ko
53618,4707,61.84553806315492,-25.817884602179085,r1
53629,4708,62.825447154304584,-22.12900409746012,r1
53655,4709,58.107965382763254,-49.61429915016013,r1
53669,4710,56.26098494244058,-47.989629435962954,r1
53679,4711,74.28736890763098,-20.728168957239625,r1
53694,4712,-44.60039113235607,54.58295420722534,r2
53701,4713,-31.09972903319444,54.07399207102952,r2
53716,4714,72.96437974227135,-22.777002398370172,r1
53726,4715,-18.006623902385673,60.53934233234111,r2
53741,4716,53.85484568211488,-18.083764169984097,r1
53751,4717,45.22236650335613,-25.12076200705151,r1
53761,4718,-23.41640669028022,73.23081094899209,r2
53770,4719,-57.15859257699988,61.53599652430845,r2
53789,4720,75.4896193087541,-19.438635799717943,r1
53800,4721,-21.872370464972228,63.748568322965326,r2
53825,4722,-15.508443640633104,65.42639208745662,r2
53836,4723,59.607616544852206,-20.482415317031307,r1
53847,4724,76.4160847805829,-18.4694226906285,r1
53860,4725,53.352374540527464,-14.791319469628377,r1
53870,4726,-18.303512180447385,49.21479229676931,r2
53882,4727,-23.748125398354738,72.95928306559131,r2
53890,4728,51.15868301125128,-32.67079243518198,r1
53898,4729,69.3558659059278,-29.02375889058545,r1
53905,4730,50.20708407811582,-27.38264648593493,r1
53919,4731,-50.693472050589435,54.586507939810076,r2
53934,4732,64.11820347602593,-21.78877056723497,r1
53942,4733,49.03816133741757,-27.78937197141574,r1
53955,4734,55.25653038711446,-57.84534283297085,r1
53963,4735,-25.129634837133583,48.921031369293445,r2
53976,4736,56.69131983288159,-50.57462857999312,r1
53990,4737,61.976494575309815,-24.82030749360278,r1
54004,4738,54.98319868917828,-18.101296724941932,r1
54016,4739,58.678287392601405,-25.934856625802055,r1
54029,4740,-57.1729370071012,56.41574426489077,r2
54045,4741,59.36348790826411,-18.87527659052842,r1
54058,4742,61.39541954288521,-13.489464884064834,r1
54070,4743,51.198681136879266,-46.615834998643486,r1
54086,4744,-49.76303076509732,61.05215213905955,r2
54097,4745,64.03044706416236,-19.95104621172328,r1
54115,4746,81.8220466719419,-38.46132548831878,r1
54126,4747,64.6850014334272,-24.76808038612904,r1
54135,4748,-19.938799965258596,69.6909584251703,r2
54169,4749,34.44958823331931,28.402568090228026,double_ko
54187,4750,64.61933792888686,-16.17767794163798,r1
54206,4751,-51.807446454163625,49.93292750932256,r2
54221,4752,59.30777918125091,-25.985478773254435,r1
54243,4753,-42.81713590614632,50.449974461142226,r2
54265,4754,66.1969744869194,-64.23941753079762,r1
54274,4755,47.71996475262957,-24.450478507687798,r1
54301,4756,75.16144268535638,-35.48737017050115,r1
54310,4757,53.72380331606587,-24.776366011209166,r1
54324,4758,55.249336439780244,-21.39360371508412,r1
54337,4759,58.26760307761236,-21.54432644552175,r1
54352,4760,57.4077954098555,-19.830974986912825,r1
54380,4761,-50.63645936662618,65.95874699995355,r2
54396,4762,-11.163168562463632,60.93409150710008,r2
54407,4763,-19.429665702585154,58.45252095276488,r2
54424,4764,55.885846195962465,-12.130045118072687,r1
54434,4765,-23.251859843690593,66.42912082182724,r2
54455,4766,57.163537641940664,-8.106174025574042,r1
54474,4767,70.73603508586378,-11.55070398454501,r1
54494,4768,-14.326583256861895,64.9130591965067,r2
54503,4769,54.844510274296205,-30.48391442269812,r1
54515,4770,60.97897165235779,-20.494351280374207,r1
54525,4771,53.816935120155016,-26.354211349355012,r1
54535,4772,58.008686978370115,-20.094469494914517,r1
54569,4773,35.29602133864951,6.27672100415988,double_ko
54591,4774,61.321723504353095,-58.119883950566134,r1
54602,4775,68.26553951728025,-28.95144415756784,r1
54616,4776,65.71670252067517,-12.585235653465865,r1
54627,4777,56.48745537393935,-18.133475961744455,r1
54643,4778,55.765630819955206,-19.684671146147636,r1
54652,4779,-22.73705277156029,68.6871862213061,r2
54661,4780,57.816110810828185,-24.86061426050771,r1
54677,4781,72.11604095258386,-42.99976056773841,r1
54693,4782,51.656939337923085,-52.073622277420434,r1
54702,4783,-15.778181158129307,50.98036245403536,r2
54712,4784,62.400367773024485,-24.632791484166354,r1
54725,4785,65.26996471698571,-59.82732506391761,r1
54740,4786,53.35130431528689,-35.506484049402765,r1
54757,4787,-50.052572146154375,80.47294100608696,r2
54774,4788,-15.528422860341863,64.6005043954273,r2
54782,4789,57.511142451215406,-30.974606329777288,r1
54791,4790,57.48751237077704,-21.36570811028276,r1
54805,4791,-50.45185301042184,57.139871422938086,r2
54814,4792,63.268385984056245,-24.33734318750927,r1
54833,4793,72.34442997009405,-7.497380522051905,r1
54858,4794,-19.99874661180065,66.59149071062367,r2
54868,4795,62.53198090852763,-25.90898726998626,r1
54885,4796,64.32034969837622,-19.272939480108793,r1
54896,4797,54.72762482112639,-19.15151559207523,r1
54915,4798,53.09346090565904,-51.25076027113572,r1
54925,4799,-16.071132173592872,53.42207097044014,r2
54937,4800,54.07190420388175,-24.900485207890284,r1
54955,4801,-22.85700210542195,68.65175364391777,r2
54971,4802,65.23063221876775,-46.67158771762513,r1
55000,4803,88.49856893180362,-40.35371403388477,r1
55012,4804,33.70769247291647,23.721266199966422,double_ko
55040,4805,-9.41135456549705,46.95352154428963,r2
55058,4806,79.19817670168126,-43.329838652479104,r1
55072,4807,-15.154567273371654,59.24183544067418,r2
55085,4808,61.902321332399055,-13.837711834149854,r1
55098,4809,53.70459753350567,-27.533580083980038,r1
55111,4810,-31.69949849671971,55.60967979654053,r2
55121,4811,-30.254589285400925,47.75768090914061,r2
55139,4812,67.07789302616577,-22.966138826911163,r1
55162,4813,-4.378544237097778,54.530094374698415,r2
55173,4814,56.91284953969734,-15.213783566555026,r1
55185,4815,-13.63944826323701,61.490419103154906,r2
55201,4816,-3.581289779667614,55.57356319476415,r2
55214,4817,-32.041917093833284,61.45370315086229,r2
55232,4818,56.515301109580825,-22.52910103065053,r1
55251,4819,62.77396347923309,-27.882112103772652,r1
55279,4820,-7.10442885494254,69.05964455565547,r2
55293,4821,-22.300740463467466,61.00237526030221,r2
55306,4822,-43.00516722120057,59.57707650021942,r2
55340,4823,2.859484059400039,67.5067143833707,r2
55348,4824,59.67044379147566,-19.275797381978833,r1
55379,4825,-48.14366417621679,56.98082725219276,r2
55393,4826,-27.314898328320933,60.86266790242689,r2
55413,4827,-6.759394461268627,56.44278050124397,r2
55428,4828,-20.44332246438727,59.976514555003924,r2
55453,4829,-14.682066824388485,72.31562195118724,r2
55470,4830,60.74602575243474,-55.23541031863404,r1
55490,4831,-16.712787909085876,75.25091050205151,r2
55498,4832,57.62347524283697,-19.362968562544054,r1
55511,4833,53.093105452592006,-22.55529290242066,r1
55523,4834,-26.941168391985645,46.03749772318708,r2
55542,4835,-16.202656814352352,53.90117709336117,r2
55559,4836,57.64544904290185,-20.57310955892765,r1
55582,4837,-36.29377394087623,71.26556056689623,r2
55589,4838,57.6408184232689,-28.988937241740654,r1
55604,4839,59.87155278248129,-15.27825100401725,r1
55612,4840,56.34687792271798,-22.34911515536438,r1
55624,4841,76.10700472698723,-23.616570133644668,r1
55637,4842,-46.20910466621547,47.505316482792765,r2
55651,4843,-24.64508566670839,64.86938707134127,r2
55672,4844,-14.21209426305056,70.99516528540974,r2
55681,4845,57.678173007632665,-17.25801341329153,r1
55701,4846,-48.87561054147441,55.087533128730485,r2
55707,4847,61.18048768373427,-30.904742501870963,r1
55713,4848,52.76912570345072,-27.166985340830124,r1
55723,4849,58.30840543547181,-25.53452812722969,r1
55733,4850,59.52679416479627,-27.260763774504206,r1
55745,4851,64.59338788949577,-19.46168209672648,r1
55753,4852,61.67710033500319,-28.164189961864864,r1
55773,4853,64.16777918278196,-38.17574244850389,r1
55787,4854,61.84065315928152,-16.102147576265516,r1
55803,4855,59.64239520249915,-13.66191215200346,r1
55817,4856,63.16173480646961,-29.620808958464455,r1
55826,4857,54.43717475252591,-19.99772456609165,r1
55837,4858,52.73352165490625,-17.713580302718295,r1
55864,4859,70.21400456554898,-44.84649326208187,r1
55892,4860,53.93035933727259,-55.65873231764013,r1
55910,4861,65.02368253222754,-21.172909914662657,r1
55929,4862,57.32766877969255,-48.594359291808935,r1
55948,4863,81.56548380719171,-19.95183988615564,r1
55969,4864,-48.75864811132418,63.281923043940395,r2
55980,4865,50.05126641626953,-28.094077324863008,r1
55996,4866,-23.063644304023683,77.74316470182697,r2
56011,4867,53.54387044755185,-51.87126591391639,r1
56032,4868,68.22596003721614,-24.92536734599455,r1
56047,4869,-14.938759872351426,76.46704099146054,r2
56060,4870,-17.336759244324725,57.92288948507394,r2
56072,4871,53.78986149236141,-31.15412480982549,r1
56090,4872,-15.948044764711078,73.45469676235982,r2
56106,4873,61.13198942539816,-26.26946962292829,r1
56115,4874,62.41172663552457,-24.833056286880577,r1
56132,4875,63.12868997448524,-14.692767533751255,r1
56142,4876,-22.291666547664086,75.66091411593939,r2
56148,4877,54.91064879095591,-27.057343049526203,r1
56167,4878,59.112908148466,-45.38601881745617,r1
56183,4879,61.562765803967025,-19.319868609413692,r1
56207,4880,57.47282211525429,-27.176228736565225,r1
56223,4881,-13.895527328858108,67.04276153090157,r2
56240,4882,-45.780103736118164,51.265697836506895,r2
56260,4883,58.60796400931526,-29.364554067628564,r1
56273,4884,61.77530835515415,-19.342568157877885,r1
56287,4885,64.12274863989424,-53.16059663846689,r1
56312,4886,-7.78362383930979,59.84394380667392,r2
56328,4887,57.965666251378245,-16.777153908275928,r1
56347,4888,-19.909286048137186,66.92156674837237,r2
56360,4889,50.48261139599405,-29.523375431508416,r1
56375,4890,-35.094881298085866,49.571339181236056,r2
56395,4891,-36.389016773804,64.51582157184032,r2
56409,4892,47.49379353661566,-31.50310116502238,r1
56431,4893,68.15678108519617,-9.345625718108302,r1
56456,4894,65.2206474013963,-40.48151634377228,r1
56471,4895,-39.83150468329968,50.96890653186511,r2
56492,4896,-17.39535365675952,65.53469596255323,r2
56513,4897,67.96270262062797,-12.51461376410617,r1
56558,4898,100.3165626499834,-12.092019086779743,r1
56587,4899,-21.88044633821068,67.35040533464463,r2
56607,4900,76.90941215967699,-33.49709659557793,r1
56616,4901,-17.458961401555324,51.38507007403406,r2
56668,4902,83.7085205193548,-15.21045800262145,r1
56685,4903,59.318242582707285,-35.24586504087812,r1
56709,4904,64.65638854668397,-25.704005071715972,r1
56723,4905,57.72279842912201,-21.89278407979841,r1
56737,4906,61.96654279646552,-30.533628488689814,r1
56747,4907,-20.622022006997014,66.54918316388539,r2
56768,4908,-55.95260492375876,75.52857819267757,r2
56800,4909,98.89535489878233,-20.529777775367105,r1
56812,4910,-19.583173759235734,61.43662101364407,r2
56824,4911,-27.8328548604704,63.05179129212587,r2
56837,4912,-16.498797306058318,62.56485263817632,r2
56856,4913,59.04309692151148,-27.4814114310556,r1
56868,4914,57.001081694479325,-24.172452208024666,r1
56888,4915,89.16707729159322,-11.968519345491764,r1
56905,4916,61.111218129879,-17.06780024234272,r1
56917,4917,57.35428356022787,-26.3961902231305,r1
56931,4918,58.72986783131148,-25.397365066423355,r1
56958,4919,-54.66054151624355,62.936999748712495,r2
56969,4920,57.189365283399646,-56.18603665460765,r1
56979,4921,-50.22917201962455,49.62520022352048,r2
56993,4922,63.24326704861296,-20.49417967804273,r1
57005,4923,57.46388217526386,-26.453318672100902,r1
57020,4924,-18.21013348724096,58.09069506170186,r2
57046,4925,-13.667098568435573,67.1813401223584,r2
57075,4926,-12.601232720862583,69.74676202171403,r2
57098,4927,52.5131000087156,-52.323167086127874,r1
57118,4928,66.66746067790496,-10.59844160598351,r1
57136,4929,67.9444826198592,-17.397180163319376,r1
57147,4930,59.35062003020038,-23.398942584946568,r1
57157,4931,-19.412194362732727,53.00782231980282,r2
57171,4932,66.09831679884083,-22.971818956501593,r1
57195,4933,-16.818728379575955,75.0912326009088,r2
57206,4934,54.57052226441893,-48.3325762289452,r1
57223,4935,59.837479892936635,-5.900728390413768,r1
57238,4936,66.62255806647647,-19.70402127091724,r1
57257,4937,77.61159717571347,-51.00299316628968,r1
57274,4938,60.78730023104424,-13.208847136880252,r1
57292,4939,67.75367604688245,-15.966204232384648,r1
57302,4940,56.60850431169226,-47.80154079716592,r1
57328,4941,87.18498604932898,-15.77631030829027,r1
57341,4942,61.85156423531777,-12.757542878970227,r1
57354,4943,65.95995745657443,-28.893700591117224,r1
57371,4944,58.48831809854134,-51.28864962027528,r1
57383,4945,64.81040546480871,-11.567390895542175,r1
57406,4946,77.8521279143282,-14.926178092022848,r1
57416,4947,61.310968993857934,-23.155338719052487,r1
57433,4948,64.34720246099512,-15.751897597974708,r1
57442,4949,58.35698912022571,-19.27792310050328,r1
57455,4950,62.609357202180576,-26.262416092059524,r1
57464,4951,59.07119718629552,-23.461506608296755,r1
57482,4952,-17.62012622242934,57.74711089588261,r2
57490,4953,63.992649512542805,-25.32473850406155,r1
57500,4954,73.92110687207727,-42.15889823096104,r1
57511,4955,-53.31659885624189,57.98277514020839,r2
57519,4956,60.23278497638614,-27.53637770938428,r1
57529,4957,54.84633717664433,-25.43351896476903,r1
57539,4958,58.982146628046806,-21.49479009188943,r1
57548,4959,53.04459314001466,-24.72241525581883,r1
57563,4960,59.23036823822505,-51.41109876471409,r1
57571,4961,62.21374712925703,-24.903088618833188,r1
57587,4962,59.45043256141848,-11.709310769040172,r1
57596,4963,59.79742072768494,-50.10426385870419,r1
57614,4964,64.15032289572456,-14.208780256546447,r1
57626,4965,69.97126721481743,-14.353670920280955,r1
57635,4966,66.46637519816076,-19.860203049233906,r1
57654,4967,33.5620069785258,46.45356965056774,double_ko
57669,4968,60.87637176671022,-24.02286158171073,r1
57685,4969,75.08068688175284,-21.125049769228262,r1
57699,4970,-56.483164423247636,52.207631043790485,r2
57710,4971,-19.429497414816314,64.25853458935612,r2
57725,4972,62.769576363367634,-16.546859225756503,r1
57735,4973,61.2169039108319,-21.3860740201933,r1
57743,4974,54.44937407241326,-21.476138002047968,r1
57751,4975,57.513029010644246,-25.626035581838376,r1
57761,4976,58.78176226757898,-15.852598446521135,r1
57775,4977,-12.842561863812819,51.62326216446354,r2
57785,4978,57.84384564409434,-23.33345112805366,r1
57798,4979,52.63425111719311,-52.62364992155392,r1
57811,4980,59.559270452349686,-24.029142458830766,r1
57823,4981,-49.11769664412278,52.865167975411985,r2
57831,4982,51.38062543477872,-21.1066627374017,r1
57839,4983,58.309295371373416,-22.069054684616045,r1
57858,4984,58.26121137393811,-34.21087329605183,r1
57866,4985,54.646815374826645,-22.750948734180994,r1
57877,4986,56.956557084313026,-17.522478068930667,r1
57887,4987,56.26626930501517,-19.6025396253171,r1
57897,4988,64.58413454928295,-15.304903285738089,r1
57913,4989,-15.087266267553922,60.99772470821536,r2
57927,4990,63.42216520907194,-31.39211775735764,r1
57938,4991,51.58729798814132,-21.688515820890878,r1
57945,4992,61.761646423597405,-26.459474897470955,r1
57964,4993,69.83468105807074,-14.587336246615624,r1
57977,4994,-52.75450242110825,65.55022054792036,r2
57986,4995,55.86299204249003,-21.845993137588767,r1
57996,4996,55.8129540382991,-19.34772142332553,r1
58003,4997,52.805426006065815,-26.18115406834231,r1
58012,4998,59.93615902293614,-32.16353997732064,r1
58033,4999,60.680745242577785,-41.55960730670118,r1
58045,5000,59.99346335795636,-54.22852465371985,r1
58069,5001,-7.434885069312017,71.42305050429707,r2
58077,5002,49.03658661321032,-22.656760772902068,r1
58089,5003,53.49566182484535,-36.91848401041732,r1
58097,5004,59.25908808537669,-20.752426057022475,r1
58105,5005,69.90006447419859,-23.898628336641714,r1
58116,5006,-1.0319785130382941,28.545457535852318,double_ko
58127,5007,-50.464431767352075,74.40966855628116,r2
58137,5008,61.43584579746145,-23.73865846716952,r1
58145,5009,51.66795124621204,-23.476914260971164,r1
58159,5010,-0.18028400407705947,37.260538165446306,double_ko
58168,5011,56.65828905485926,-23.120686436368885,r1
58177,5012,52.818071099176535,-16.849199189907008,r1
58186,5013,54.975230916605845,-19.737005030550716,r1
58213,5014,-10.763889380792463,70.99550705863842,r2
58231,5015,57.86912098321834,-24.056161303555406,r1
58249,5016,59.5470931169664,-20.14598081562339,r1
58264,5017,60.64093689889131,-31.59327638896236,r1
58272,5018,57.92799979107368,-25.919525059027546,r1
58281,5019,55.52353302547897,-25.746622817812657,r1
58289,5020,53.71515301422546,-22.95801848043291,r1
58301,5021,63.408040093852996,-20.197657848005655,r1
58314,5022,68.91631390768384,-23.343232897820283,r1
58322,5023,63.35278068736615,-21.169457591434178,r1
58336,5024,68.00721784955542,-25.628171902166116,r1
58344,5025,58.820420540561074,-21.369171821287267,r1
58369,5026,-5.663698967758627,75.36625977850522,r2
58377,5027,53.214775868612065,-35.57231184630254,r1
58391,5028,54.481851985831995,-38.56075236078617,r1
58406,5029,59.78197345380012,-28.57424638057588,r1
58420,5030,62.32327287856948,-16.413845376007863,r1
58428,5031,54.75847508655971,-23.599143135194055,r1
58441,5032,60.73383645039431,-48.471481268364236,r1
58452,5033,58.89589694434205,-16.628904131452348,r1
58461,5034,65.89650671624374,-21.36174614599006,r1
58472,5035,65.33620535667094,-15.984957797028407,r1
58493,5036,70.76042738422409,-19.752651110051495,r1
58504,5037,-53.82651628328965,70.01851330864446,r2
58515,5038,60.039461073027695,-21.528277124844557,r1
58523,5039,60.6865332575518,-19.81834823377492,r1
58536,5040,-15.934279038827576,55.01587005616826,r2
58547,5041,66.9190508245172,-50.28011892485516,r1
58554,5042,61.31521132676872,-28.312373950594125,r1
58565,5043,64.59971569158549,-12.627692836388071,r1
58573,5044,64.9007775596998,-22.893117060705833,r1
58584,5045,63.56827825043259,-14.26408905926251,r1
58592,5046,61.8089201976756,-24.474919045724164,r1
58613,5047,69.54100292259622,-8.02507501282448,r1
58622,5048,54.02910073805407,-16.54013051030505,r1
58633,5049,59.37059266197864,-16.317581622917306,r1
58647,5050,58.517008428217835,-13.706427472710118,r1
58656,5051,59.79707943407497,-25.14029570204837,r1
58667,5052,57.136566976599674,-14.164605004522542,r1
58678,5053,-26.081854543377254,78.89182332901156,r2
58686,5054,52.947571706057765,-27.86540855752658,r1
58708,5055,-8.897054094169903,64.18224260540775,r2
58719,5056,-53.878307674293396,62.730803962178285,r2
58738,5057,68.1164167339923,-18.026373678561164,r1
58745,5058,54.7272677551277,-24.48591443584715,r1
58754,5059,52.58527586245945,-25.902079892277175,r1
58762,5060,59.34493021391217,-23.977768155677843,r1
58770,5061,60.79101776787688,-20.474803037137484,r1
58779,5062,53.894748173862716,-45.10459511410274,r1
58801,5063,63.46478108777785,-20.068661976380472,r1
58813,5064,33.49068969075165,20.87641088520786,double_ko
58822,5065,52.171843643193135,-23.478585173677594,r1
58833,5066,-19.159555870288802,72.55427702570256,r2
58842,5067,59.18578654434891,-19.196405973507883,r1
58851,5068,65.02886101818812,-28.284091892720706,r1
58870,5069,68.89634835261418,-8.150786453383397,r1
58880,5070,55.601226631669455,-17.031823044530913,r1
58897,5071,-8.71974113636577,70.99827844115863,r2
58915,5072,77.44874076335687,-20.60356224471072,r1
58935,5073,-40.37311133368946,71.36146742440286,r2
58968,5074,48.13533172707117,24.881538197949133,double_ko
58979,5075,-29.474842432096843,51.98547835260498,r2
58993,5076,-18.343180941468958,63.92328165073168,r2
59007,5077,51.288559208106506,-13.393427131148314,r1
59020,5078,69.66785170097998,-24.663802475066152,r1
59030,5079,47.391227452541784,-45.84121550955085,r1
59043,5080,57.58295326419851,-37.11514033105199,r1
59051,5081,58.64349245869251,-25.015147368845046,r1
59059,5082,62.58859358820096,-27.166745766250187,r1
59074,5083,-27.89460990019618,77.21064224464956,r2
59086,5084,57.92948796956139,-25.93337332432275,r1
59096,5085,-21.08514345045679,59.94662611972743,r2
59105,5086,63.461319735926985,-25.599007347761656,r1
59134,5087,-19.803115990748353,67.22360170308806,r2
59154,5088,-2.4743713086093564,65.47639027946063,r2
59167,5089,-9.62622215676484,64.92228115251396,r2
59185,5090,77.90436454434614,-16.592550901136903,r1
59197,5091,57.25315240468433,-49.564007507597054,r1
59222,5092,-13.633580394896558,58.60824145363454,r2
59232,5093,-20.851459166078584,44.93220998947998,r2
59244,5094,59.04705121629858,-54.808205089541175,r1
59266,5095,46.61367700170829,4.064237916708132,double_ko
59281,5096,-24.41093609953591,48.900752982041176,r2
59305,5097,-17.764587213334295,72.95759527128038,r2
59317,5098,-50.93403181328848,73.2750655447449,r2
59330,5099,61.37837317708861,-37.25321145945429,r1
59351,5100,-16.297415162073023,58.026375093008234,r2
59364,5101,60.575429407932695,-57.45586119020816,r1
59375,5102,-19.877191068703773,52.15908192218314,r2
59400,5103,64.32626088129804,-31.39174122967919,r1
59414,5104,62.39255408286132,-16.245452002795364,r1
59432,5105,65.342360122097,-56.36557820055848,r1
59443,5106,57.62957289218541,-15.613772773223893,r1
59470,5107,-44.10743979231768,62.31724565575886,r2
59489,5108,74.07701755624517,-17.574828959615363,r1
59518,5109,53.40234347749633,-4.000053242758433,r1
59530,5110,53.57500867221348,-49.62796418626712,r1
59544,5111,68.54125014529929,-17.661736449753406,r1
59566,5112,-29.59111749800101,76.79962909749122,r2
59578,5113,30.46373771166231,21.440079850352703,double_ko
59597,5114,75.24349856862197,-19.693880488110985,r1
59609,5115,59.69870258190679,-11.284191008759429,r1
59627,5116,59.706859153663686,-53.81415582886686,r1
59639,5117,63.53127949000112,-26.749708212841153,r1
59654,5118,63.662599898713005,-14.399247275116593,r1
59674,5119,72.84411485777882,-18.086452391274715,r1
59696,5120,-24.762255603064126,63.78922553969353,r2
59709,5121,-13.059362833978142,62.5051152519921,r2
59724,5122,60.56714417234542,-23.04317359622187,r1
59741,5123,-24.229483339334287,59.413300723524316,r2
59759,5124,-11.703431139571926,57.47554111870665,r2
59784,5125,76.37355295827928,-25.401989757564234,r1
59797,5126,62.61459689007819,-26.278889816477083,r1
59815,5127,-10.824663903133015,75.48073545442591,r2
59840,5128,-17.42882181316573,68.58526623740006,r2
59861,5129,-24.914760556843994,54.69927451332932,r2
59878,5130,62.973491733182634,-58.253262491536546,r1
59907,5131,-11.783640508259744,80.03461155237173,r2
59921,5132,57.64877806634599,-14.866482825103553,r1
59938,5133,-24.647055298061673,55.338961791366984,r2
59949,5134,63.81090283663761,-44.705673279810526,r1
59957,5135,-28.242855608226282,54.8298996930919,r2
59971,5136,-18.424617663762305,58.06361302897893,r2
59983,5137,-14.238327390566365,58.51988249513341,r2
59994,5138,-23.67304047009057,64.35338521683073,r2
60003,5139,-29.131224114595156,63.81016275455613,r2
60018,5140,59.03349513561312,-58.63143065845965,r1
60033,5141,54.94329887345684,-19.02789477828219,r1
60051,5142,57.356055642771594,-29.47486075138748,r1
60061,5143,-25.88700225291238,56.28394101954449,r2
60072,5144,-34.58971541014743,66.32794527162613,r2
60084,5145,-20.58005460132611,46.571866542987564,r2
60098,5146,-18.445690753158523,57.58381775279452,r2
60117,5147,-42.19297290017792,57.95859786933368,r2
60140,5148,-46.65495807969383,62.307886388518156,r2
60162,5149,80.65241840860521,-17.389567876120783,r1
60184,5150,40.61241484040715,24.41433769895025,double_ko
60207,5151,76.94176120418678,-15.577813908521573,r1
60222,5152,70.47941706939412,-15.32832875761499,r1
60237,5153,-16.634035087063207,60.7131670450022,r2
60247,5154,60.17624925604674,-23.824122986734906,r1
60271,5155,-12.84833832470526,57.99161919318939,r2
60294,5156,-26.529319024558326,75.76670301888066,r2
60305,5157,-16.535212298625268,57.219762276359944,r2
60328,5158,-21.883348958490966,73.98877958887957,r2
60343,5159,-17.44830426461492,54.0697929598727,r2
60367,5160,63.634878646619505,-26.3925049418928,r1
60385,5161,60.15641308103752,-37.06421985819343,r1
60395,5162,52.335922628021,-26.669743001435315,r1
60418,5163,-14.266711625402202,74.55076259993804,r2
60429,5164,-16.82029691181821,56.58746336808521,r2
60448,5165,59.100292061914246,-10.563325532963958,r1
60461,5166,57.229570830398245,-41.62651910088497,r1
60485,5167,-12.005569438389081,66.84532033369274,r2
60496,5168,53.33752802976144,-55.750881213799325,r1
60510,5169,76.16206128985209,-58.32231243984006,r1
60524,5170,66.86201098181083,-20.351254951197127,r1
60546,5171,-12.846929675409712,61.1027804854926,r2
60561,5172,67.58245627309671,-21.856022229442924,r1
60574,5173,-15.9006860104572,52.865350491647604,r2
60584,5174,63.35183439955078,-24.08936850346201,r1
60597,5175,66.26515679325632,-15.866716613463588,r1
60614,5176,61.99173038134595,-16.6513756584935,r1
60627,5177,60.38938213868576,-15.27515367413173,r1
60641,5178,61.07329497404971,-29.308463292709988,r1
60650,5179,52.3235485160415,-21.914706307565645,r1
60662,5180,-23.229673294115138,65.05788801438487,r2
60672,5181,73.34388753114268,-16.917506959801017,r1
60683,5182,-24.466811131635275,77.07427976291689,r2
60694,5183,-15.918989092377725,54.44058042869095,r2
60712,5184,-23.689849349378953,73.99928081885871,r2
60734,5185,71.14194528877583,-23.844036936163047,r1
60748,5186,68.9554125279715,-23.42255204492225,r1
60762,5187,59.81355034114832,-55.86664588844838,r1
60781,5188,-9.58583567161213,64.75723928237042,r2
60802,5189,74.48007255696456,-15.478474259577524,r1
60816,5190,61.334946432840006,-48.41213452789062,r1
60834,5191,65.12739589524455,-16.130725171162645,r1
60854,5192,-11.379080420058358,59.53312498238188,r2
60865,5193,55.46673421092354,-50.62854146806617,r1
60882,5194,59.47842155988023,-46.53029897883167,r1
60894,5195,56.30698810261812,-21.469972448865942,r1
60902,5196,51.31364656617929,-25.226216203748365,r1
60914,5197,61.88110076226027,-16.31042239911919,r1
60921,5198,55.67552187066292,-33.25270921725882,r1
60941,5199,68.70018840066751,-42.581981093155534,r1
60953,5200,-29.331809789115983,47.91542315622193,r2
60965,5201,62.645126929298655,-13.000435071162329,r1
60981,5202,-35.17481999381117,51.808160414658275,r2
60992,5203,62.62724232140162,-24.584589026599794,r1
61017,5204,-3.1374492494870267,57.98795397059176,r2
61031,5205,-12.981012754340579,58.165627198544,r2
61047,5206,69.85512743666817,-55.31979026921731,r1
61066,5207,57.64671643687545,-6.4876525209657885,r1
61082,5208,-13.509916673945064,68.33265823689375,r2
61101,5209,70.28023307188487,-26.651539874931313,r1
61112,5210,53.75276605036721,-16.589214056719214,r1
61140,5211,-6.524041681923023,78.66339290696334,r2
61155,5212,55.14733027710858,-53.17228897742202,r1
61174,5213,58.58641677383597,-32.76067687957746,r1
61197,5214,-1.58860349187524,71.81076842634221,r2
61229,5215,-17.855597218883318,80.49257708098285,r2
61239,5216,56.02122519593523,-21.744881719954893,r1
61262,5217,-10.811480034933972,58.57252588487064,r2
61274,5218,54.42348956346801,-11.654843589621187,r1
61296,5219,-39.07682172962397,52.2670103041697,r2
61306,5220,71.03150446119143,-17.405623108904805,r1
61323,5221,72.71163805078142,-49.55395447588236,r1
61337,5222,63.61259751528756,-15.38272391741678,r1
61350,5223,64.97971824840391,-22.197155614766793,r1
61360,5224,62.39835022206592,-22.683855183696487,r1
61381,5225,66.30699873508927,-13.165794857302842,r1
61394,5226,64.97293672560194,-7.60220103519935,r1
61418,5227,16.58840420548451,30.401543326263685,double_ko
61435,5228,65.51613944111048,-35.173635350328205,r1
61454,5229,-43.175323284842825,61.87058316748836,r2
61471,5230,61.01174116025355,-49.57932143211103,r1
61493,5231,69.41275245084297,-23.405742343959158,r1
61514,5232,72.52320690673153,-49.55807552928851,r1
61532,5233,-26.49631137660079,65.05664465467478,r2
61546,5234,73.59406703337046,-19.01105779090944,r1
61563,5235,59.91275220734519,-57.62457068585137,r1
61576,5236,64.57015578185755,-49.37430096089921,r1
61588,5237,63.43541212899605,-49.074891699188925,r1
61610,5238,68.14495806681379,-29.50000828807518,r1
61624,5239,53.15397709024541,-20.52097685384775,r1
61639,5240,-38.72190487733303,62.53403862825321,r2
61654,5241,54.01080215132443,-25.712124817931596,r1
61667,5242,58.536152538094285,-49.68434300702191,r1
61689,5243,-20.05250751531704,61.02828278576823,r2
61707,5244,-31.25321391853881,51.68423310030377,r2
61733,5245,75.25905277061216,-8.695365544886535,r1
61748,5246,-20.865152578366388,77.96104650250115,r2
61776,5247,-12.758204335511117,75.72661681401111,r2
61788,5248,-17.363713545676397,57.4236657299744,r2
61802,5249,58.12341019152359,-32.212316638566364,r1
61815,5250,61.466068001714504,-52.32713204191186,r1
61830,5251,-18.955321243896737,51.848017694321484,r2
61841,5252,60.76388722224743,-55.81024845664853,r1
61852,5253,70.90339428974802,-24.954424765496356,r1
61868,5254,-22.64446828939566,54.728765138725855,r2
61892,5255,31.364500882179378,-0.9088470174281891,double_ko
61921,5256,81.9800906564634,-49.89659924885616,r1
61932,5257,61.64488959002342,-45.78086512794539,r1
61943,5258,65.21896326413695,-54.10763792416025,r1
61956,5259,70.97800851104662,-22.907104653712636,r1
61963,5260,56.14207307435648,-30.134975796157747,r1
61979,5261,64.69280037760406,-20.475749246634543,r1
61991,5262,-19.364356601738084,54.66196649855844,r2
62006,5263,-16.650217039784437,57.196574682762545,r2
62024,5264,61.94039971621129,-46.40613700237384,r1
62057,5265,-41.98645091195341,60.81703780344011,r2
62078,5266,-24.226015121755886,64.43295463011697,r2
62098,5267,-20.10270936537926,75.70126431307894,r2
62108,5268,53.063234614610764,-14.847879617629133,r1
62121,5269,-47.42540241031118,51.26705585589812,r2
62130,5270,61.44988654844306,-23.06209163965476,r1
62155,5271,-12.149773236078595,75.23689770854456,r2
62165,5272,27.69378336524917,29.94169192358718,double_ko
62183,5273,54.13142831135342,-24.136262752120814,r1
62194,5274,58.0489781603323,-26.86724202247371,r1
62222,5275,77.29678206878772,-50.705772356835276,r1
62236,5276,28.27468136521598,30.429346809500295,double_ko
62247,5277,-21.362496453011396,57.38784209485751,r2
62268,5278,77.54607235556068,-12.771413193955446,r1
62288,5279,63.7302838591426,-22.377326546048728,r1
62303,5280,56.36375900628009,-21.889414374287487,r1
62315,5281,46.05109800606499,-54.10607852410745,r1
62326,5282,-43.861112472434066,63.368050082738876,r2
62338,5283,67.61240286838682,-22.764092617187153,r1
62353,5284,61.902200716383774,-4.605478298566396,r1
62362,5285,60.08618850058666,-21.131940955148565,r1
62377,5286,65.82136053596022,-56.466516795302475,r1
62388,5287,60.09437942088858,-16.511165112403802,r1
62412,5288,-11.073685434636793,86.5870342121797,r2
62438,5289,65.17628903661864,-9.10049657834766,r1
62446,5290,57.05472925344087,-24.927952088188697,r1
62453,5291,55.753784108618206,-26.133310127099882,r1
62464,5292,60.259154520448845,-25.121869098660966,r1
62483,5293,74.24727664236374,-45.84736105043132,r1
62505,5294,-38.973792068520424,58.29928279405332,r2
62514,5295,57.55197585249094,-21.376339368227097,r1
62525,5296,55.19022512726213,-45.76728536556868,r1
62553,5297,-51.91394342694799,64.02974144427397,r2
62563,5298,-20.816195265148988,60.54483842706204,r2
62582,5299,-18.23091566289783,58.09109042883517,r2
62595,5300,-23.03184537982419,59.141187341339645,r2
62612,5301,-46.764656834007255,53.36099597144943,r2
62621,5302,61.06494656496612,-23.370286464014853,r1
62630,5303,57.01190806960041,-20.493305500145844,r1
62649,5304,68.85038326629937,-54.30125560694683,r1
62662,5305,-47.1493213130993,56.89235423323572,r2
62672,5306,49.726575045355496,-20.130925197482007,r1
62690,5307,75.67694902377151,-24.176199726774446,r1
62704,5308,64.39267938334,-9.870630633280847,r1
62744,5309,8.994715371201863,76.1551638289398,r2
62757,5310,-51.851968431671544,56.22473508979333,r2
62769,5311,-49.51184171794924,62.035587421580814,r2
62778,5312,60.62291313630921,-20.689548307467902,r1
62787,5313,66.23287843051799,-18.660084831769424,r1
62798,5314,67.07519064255153,-53.65026260206434,r1
62816,5315,61.984980004514185,-13.121204142232948,r1
62838,5316,85.24391696755136,-49.35924282915476,r1
62866,5317,68.80638525310572,-16.347038082583495,r1
62885,5318,-20.926022233811263,67.14986321517208,r2
62894,5319,60.06089866653589,-23.93429722174625,r1
62917,5320,73.7492069745056,-16.1469553574898,r1
62933,5321,-11.827430025213012,58.812810124092145,r2
62952,5322,-9.456057730225922,58.36306021635868,r2
62962,5323,62.319199577516535,-19.51792189167164,r1
62975,5324,59.583244072986844,-42.97594809296832,r1
62989,5325,65.08911927251846,-15.067256141818753,r1
63009,5326,-41.65252157775845,88.45911761814021,r2
63019,5327,58.9613471968601,-20.28264713895465,r1
63033,5328,71.32486371782478,-8.569040537155558,r1
63044,5329,67.04044889795706,-14.92076999715293,r1
63052,5330,59.6126516776716,-20.19521991088915,r1
63061,5331,-28.528302223207724,51.40067335229524,r2
63073,5332,65.11276919473427,-18.563462176170393,r1
63086,5333,82.87326856518598,-20.103684462458933,r1
63094,5334,63.452883436425026,-19.52785458152848,r1
63118,5335,86.74481813903068,-7.0170247547980225,r1
63127,5336,-20.51617978650378,62.03216549611875,r2
63146,5337,58.23620530144958,-13.116205616878975,r1
63155,5338,56.34551925846711,-25.223453912207834,r1
63173,5339,-15.833076753051287,79.07396924330968,r2
63193,5340,-30.031098166453578,63.96418139119461,r2
63219,5341,70.27428672056286,-10.914829655332142,r1
63229,5342,63.87844209491235,-20.222140752604776,r1
63241,5343,-20.06879509088621,66.76282371660942,r2
63260,5344,78.3356718844549,-16.85033703864535,r1
63280,5345,-4.187608101244805,64.92546130402106,r2
63303,5346,-40.418844772547175,72.59699950749263,r2
63311,5347,53.90269245750424,-26.976093744652445,r1
63325,5348,-18.94544265858113,69.08825115537661,r2
63339,5349,-50.1237298840099,67.38109812848148,r2
63353,5350,67.62686367393748,-41.776549630076424,r1
63369,5351,-36.88022441369867,58.32064335619243,r2
63380,5352,-53.83806795911776,62.21168148174543,r2
63400,5353,-54.38010109376573,64.73605921108185,r2
63410,5354,66.43881550078424,-44.148830767756465,r1
63430,5355,-54.0173378476234,55.74340002153263,r2
63450,5356,78.51085335635972,-5.206753930837991,r1
63461,5357,53.87262064627124,-17.422814161494838,r1
63474,5358,59.55389924289181,-51.82519678572446,r1
63495,5359,-28.011677861307273,70.80118346585151,r2
63512,5360,58.4475011573266,-23.567942676441866,r1
63525,5361,-19.39110202136274,59.74612180703798,r2
63534,5362,-24.555797664474795,61.211622927357695,r2
63558,5363,-38.1516672615217,54.81894049223229,r2
63567,5364,58.13868667845709,-21.96112854068523,r1
63575,5365,61.992623645158936,-23.213636536099994,r1
63583,5366,65.93728921568677,-23.808567491251832,r1
63603,5367,64.67191642498965,-47.05897896756257,r1
63616,5368,60.90158693576272,-15.358397413515302,r1
63631,5369,64.46944514668277,-14.834228670810482,r1
63642,5370,57.12406866622143,-18.632307564035866,r1
63653,5371,67.74794961036653,-21.396373008588654,r1
63662,5372,55.609340533522236,-16.164110008775708,r1
63675,5373,53.442606512585826,-37.93783635570917,r1
63689,5374,59.10902839530525,-28.21089031262962,r1
63698,5375,48.04039252830161,-21.2453972994215,r1
63723,5376,27.94696898074746,34.33829400556652,double_ko
63732,5377,58.17321252824055,-21.060912286111243,r1
63745,5378,67.2226615995609,-52.02154198965687,r1
63763,5379,-18.142101607689472,61.60193299008529,r2
63771,5380,73.51876916051171,-29.169978119953424,r1
63783,5381,56.78029532648313,-25.14177546903273,r1
63798,5382,-17.98898246186244,58.46514547306296,r2
63808,5383,-54.905012439369536,62.2688633402317,r2
63834,5384,-1.6868781715761187,67.95504535185584,r2
63846,5385,62.41081656618144,-13.597250788373472,r1
63866,5386,69.66257452445335,-46.83123749540478,r1
63895,5387,68.86372617275553,2.5129361994840025,r1
63910,5388,-54.949762278336394,73.24218435567121,r2
63922,5389,71.4508342882936,-13.825938910742593,r1
63959,5390,87.74777038673616,15.901295722883368,r1
63983,5391,-15.913537171581659,69.3647117653754,r2
63994,5392,66.96371726568609,-18.460535069734746,r1
64010,5393,51.478582435872916,-12.358810329593702,r1
64017,5394,60.346867035608575,-27.806973716257744,r1
64026,5395,65.07768931083476,-21.018277014062942,r1
64040,5396,64.27242353937095,-10.28603593338184,r1
64060,5397,0.8414535312786713,-2.531882951199764,double_ko
64074,5398,68.46832469987842,-20.769838207373333,r1
64091,5399,-25.4793614456863,55.25657064832715,r2
64106,5400,60.76546205236084,-54.164145876520415,r1
64122,5401,53.211620267624454,-21.149632569487164,r1
64153,5402,75.90007497538093,7.506242938483723,r1
64163,5403,65.39395588703192,-26.87488384120615,r1
64176,5404,-49.89671415103325,61.60087224841806,r2
64200,5405,-6.753047347987319,69.40298456239364,r2
64222,5406,-27.434429778990644,64.30494808023869,r2
64233,5407,67.20010776057734,-26.973827948370573,r1
64244,5408,64.04517389378552,-25.973411323150255,r1
64282,5409,7.392913059744913,80.46970440254398,r2
64311,5410,79.63352068059801,-7.216571267295187,r1
64333,5411,-38.73946248127327,55.416661508708245,r2
64350,5412,-12.490068179546434,65.00138183971588,r2
64381,5413,77.46393971338847,-24.872316857224916,r1
64403,5414,-41.684268084394695,79.12647118498461,r2
64418,5415,-20.068766128766626,63.33606703452846,r2
64444,5416,-32.40479043330767,73.26681413564444,r2
64457,5417,-51.5367769372499,64.10213283682958,r2
64471,5418,-47.54202784339651,57.557935693790576,r2
64499,5419,-34.79281015007612,80.62893395925175,r2
64508,5420,-15.628654526484627,64.6543467811876,r2
64537,5421,3.4966140934324557,79.15538530352828,r2
64546,5422,54.81938917091524,-52.62052591349146,r1
64559,5423,-6.438552401486923,59.45920340712988,r2
64575,5424,-46.53849200034895,48.49271632110249,r2
64582,5425,65.21433838596084,-50.5395994640557,r1
64591,5426,61.874497488604185,-44.94634060040537,r1
64608,5427,-27.85170712295672,79.17053749479459,r2
64623,5428,-16.5558928220713,81.31243333331831,r2
64636,5429,67.45043751952275,-24.231576673500822,r1
64646,5430,-12.936794493835897,47.54392697470878,r2
64654,5431,62.89543203866453,-43.827028669113375,r1
64663,5432,-27.780618982763183,64.1024772254687,r2
64681,5433,-43.26828854189707,59.720744314448154,r2
64701,5434,-24.89554585120276,49.49267235746017,r2
64722,5435,73.56979840868647,-12.94963340237641,r1
64736,5436,-10.705172094640872,66.54883905728919,r2
64753,5437,73.34314467829013,-15.89204088325167,r1
64763,5438,61.42675844657467,-21.151496642123995,r1
64776,5439,-17.27867918009557,57.678693829123766,r2
64789,5440,-42.45120110613553,68.33200987193837,r2
64802,5441,60.80753158985364,-20.11493887546672,r1
64832,5442,82.73225716658335,-18.57301572621401,r1
64848,5443,61.80999292662,-15.648238340595263,r1
64860,5444,-53.853841640567666,61.02210771952589,r2
64871,5445,-45.09412225680876,66.70511190774235,r2
64885,5446,38.887369204171385,38.911304076937824,double_ko
64900,5447,71.42643953379375,-14.814975590723833,r1
64920,5448,77.2574289589621,-9.6422359996373,r1
64944,5449,-14.812510592878084,67.78564760334811,r2
64956,5450,64.73128724992044,-49.367471780657915,r1
64972,5451,-20.783655581578348,72.46304849463726,r2
64994,5452,-20.211396312106423,80.90639088697432,r2
65003,5453,53.613473642290124,-22.701531151928716,r1
65016,5454,53.86728106355136,-27.079268494866415,r1
65027,5455,65.99669183524851,-19.453843196686865,r1
65043,5456,-19.697906965060064,59.05021865485011,r2
65051,5457,-23.99385392227696,68.27742044978731,r2
65067,5458,89.67198334467766,-22.79352671819418,r1
65088,5459,2.7797482276954213,64.99557604506403,r2
65099,5460,-0.522329100999416,-0.792702666593601,double_ko
65113,5461,66.66125772028536,-24.55241860893365,r1
65125,5462,55.153678064132876,-48.869319654252415,r1
65157,5463,7.94990351400584,77.13655785348696,r2
65179,5464,69.89316006349927,-17.311804814176632,r1
65194,5465,76.10164318184059,-20.359363412291394,r1
65207,5466,58.888086899625186,-24.988143500999886,r1
65232,5467,-30.52549821545717,78.73989508390228,r2
65252,5468,66.29030708852153,-51.96962126932573,r1
65266,5469,-47.61335550302879,56.777003375367485,r2
65278,5470,63.392868622158964,-46.3220308433246,r1
65292,5471,-40.71070205615951,64.59981198316684,r2
65305,5472,69.7222450268097,-15.418041043579134,r1
65325,5473,67.82127775095665,-21.3985044655779,r1
65336,5474,-52.650329385666424,57.889570699525514,r2
65350,5475,-50.87571672639877,60.53423759413463,r2
65366,5476,72.25041433814404,-10.77125467872655,r1
65387,5477,67.14737908302625,-35.738083391586244,r1
65411,5478,75.76218843015272,-19.403739087669468,r1
65424,5479,-20.574980394279308,66.2779876839044,r2
65437,5480,53.638635330676706,-35.93691270824351,r1
65453,5481,70.7133070381979,-21.64056397968558,r1
65476,5482,-38.45623324578577,60.853594284979124,r2
65493,5483,-33.134774538590804,64.76966368753216,r2
65505,5484,-27.16120020892836,53.490861482131606,r2
65516,5485,-11.375496061094736,58.27346699408918,r2
65527,5486,61.05683350120916,-18.022002004278697,r1
65542,5487,62.89618622806442,-51.462326224691424,r1
65563,5488,-9.503493490427537,87.72701480490507,r2
65574,5489,52.394557179803925,-17.194982973774827,r1
65594,5490,-43.93837238627272,62.98156660623435,r2
65619,5491,84.45281463674286,-14.54949085400176,r1
65638,5492,58.81592432908112,-15.446951868718333,r1
65655,5493,-54.66539844655186,74.8752789064421,r2
65663,5494,53.809325651174234,-45.68273839428989,r1
65675,5495,60.7533346443739,-12.796743714254596,r1
65695,5496,79.0239842058523,-17.185639954359942,r1
65705,5497,58.565762216385096,-19.700241706314124,r1
65720,5498,51.95783160223095,-48.042620744719954,r1
65739,5499,-24.49937058285997,72.83337895108481,r2
65752,5500,70.24534506216968,-26.17974700310517,r1
65778,5501,87.96059824321392,-19.382530929555287,r1
65796,5502,89.58876063743666,-40.0182466163542,r1
65814,5503,77.03445096514108,-56.26482858360056,r1
65828,5504,69.70571217128172,-16.087260773394384,r1
65850,5505,74.01677905809353,-47.26259947407844,r1
65860,5506,68.29497321827344,-18.54954521817322,r1
65872,5507,67.23507562772092,-20.32159382392701,r1
65886,5508,53.275481611267516,-20.36101722338058,r1
65905,5509,-51.07253775082703,63.01667360693406,r2
65921,5510,-14.869911029255526,58.54095706188609,r2
65934,5511,-46.8146349320155,77.02185727320088,r2
65961,5512,73.04082928284983,-24.424658099675383,r1
65972,5513,66.26220063262441,-11.5577999217641,r1
65986,5514,68.14628996943803,-14.323144356977068,r1
65999,5515,64.51460523031777,-12.339511328980606,r1
66018,5516,65.4978090787031,-12.845693739675227,r1
66030,5517,64.84896855891861,-18.018087842562736,r1
66051,5518,-14.497838392318336,58.24465465798693,r2
66062,5519,-41.427096165048496,64.44870349120507,r2
66071,5520,-14.316512201609783,66.98678006684241,r2
66079,5521,-26.537603661657243,64.66818342828515,r2
66095,5522,66.20129441772815,-18.397783537335823,r1
66110,5523,-39.473953255365565,66.24275755787156,r2
66128,5524,66.82140240249619,-12.481207327592664,r1
66138,5525,62.56768366841495,-15.683698150178856,r1
66152,5526,69.85992824938728,-9.958608481161193,r1
66173,5527,73.21247875995437,-9.111057270327478,r1
66186,5528,61.12007609497624,-22.579954518156523,r1
66207,5529,68.89193058268725,-45.114383442935804,r1
66238,5530,80.20973856335848,2.7729959119371017,r1
66254,5531,70.8740670150375,-21.91630960397986,r1
66270,5532,-28.26998030561101,66.21731919505532,r2
66280,5533,62.61253187701161,-23.856195417911795,r1
66290,5534,60.192502176897214,-17.009497758995096,r1
66315,5535,-5.794229983630643,73.23456522130687,r2
66329,5536,62.326261245321575,-7.005280068038992,r1
66344,5537,66.36764383848686,-10.870137180927244,r1
66359,5538,63.02781006624996,-40.822271137187954,r1
66381,5539,78.46478630339884,-12.014737015640101,r1
66396,5540,-51.12775855334305,60.79889439254647,r2
66426,5541,90.89306872864499,-3.169084566805772,r1
66435,5542,-15.585827882973366,62.97867730460848,r2
66450,5543,-12.61159521863113,64.23073590265172,r2
66465,5544,64.16015501715266,-20.760789218918852,r1
66484,5545,73.91063596642202,-49.71188920052809,r1
66494,5546,-52.04291972816132,62.42209422378818,r2
66507,5547,63.12599094841559,-20.833304384621737,r1
66519,5548,-43.26816572202302,49.17604849933403,r2
66540,5549,70.97362316490741,-53.382610937607375,r1
66571,5550,66.77000675090488,-16.938337360495595,r1
66583,5551,-30.299948390873972,71.93751539990188,r2
66605,5552,84.51320366769835,-34.46921355322506,r1
66629,5553,72.38922566400309,-7.984812734856661,r1
66641,5554,-20.571591673166548,62.691820561178695,r2
66657,5555,65.1453487686996,-18.670068942433687,r1
66672,5556,61.69278113042425,-42.82083395306532,r1
66682,5557,53.75100036013992,-29.991699329527115,r1
66707,5558,72.3068673526832,-6.644163986822555,r1
66718,5559,-25.61930934188631,55.07740535903868,r2
66736,5560,68.25857809614308,-25.429155831049755,r1
66754,5561,-31.825634221960367,64.35462171646108,r2
66774,5562,78.03002863428935,-16.1450842774722,r1
66787,5563,60.59879861564442,-19.24980576637939,r1
66801,5564,65.41789714760476,-47.359866533581865,r1
66822,5565,70.97817811772273,-47.88532884174823,r1
66837,5566,-18.545931859387114,69.61347092735673,r2
66858,5567,-27.502041825831558,65.00346369180959,r2
66887,5568,37.69857597576045,46.15975146204258,double_ko
66908,5569,-10.272102495046575,59.72699368385406,r2
66927,5570,-25.6724568770626,75.45010878809981,r2
66940,5571,63.73342027239096,-26.738760584373498,r1
66961,5572,61.11434547050146,-13.977385717318203,r1
66980,5573,-39.0416332918858,72.11032020696248,r2
66989,5574,54.8525165042306,-21.705638843961886,r1
67010,5575,-4.358757619435195,69.98257935935058,r2
67027,5576,79.69225153550966,-23.089601292694976,r1
67035,5577,59.5806900468566,-23.390382656797506,r1
67051,5578,64.12182276723625,-10.872964374915291,r1
67062,5579,68.90737625527618,-13.69571009209433,r1
67076,5580,24.5990744358754,16.810934117694902,double_ko
67092,5581,56.363310476917185,-54.21798592451615,r1
67112,5582,58.345884028466216,-18.130822856270875,r1
67128,5583,59.978880636912606,-19.13951084454646,r1
67143,5584,65.67543788122819,-6.866040062425192,r1
67165,5585,75.19629970643344,-8.318780005135316,r1
67191,5586,-14.59042781536889,70.92133432124095,r2
67198,5587,-52.35293502764535,56.8742125643731,r2
67217,5588,73.83888307958217,-13.077712380478467,r1
67227,5589,53.26810993797727,-54.86849304045166,r1
67245,5590,-50.88884980040217,60.05470103158127,r2
67252,5591,-52.42365553137922,55.5884875623348,r2
67266,5592,-23.793814796704773,75.85910270315891,r2
67283,5593,55.29261792017088,-27.674620525404922,r1
67300,5594,74.57370701853512,-50.97327744915778,r1
67323,5595,-30.01274530991567,65.523599986765,r2
67332,5596,-51.98051622112878,55.73681908674709,r2
67347,5597,-48.125644908826004,65.96982603363675,r2
67372,5598,85.66307302976591,-21.687099187164684,r1
67393,5599,69.53203558945387,-18.53254701649903,r1
67416,5600,62.23750490669623,-15.46218867439243,r1
67431,5601,22.800165359629712,6.881693128307289,double_ko
67461,5602,-6.044648783171269,84.8520617551148,r2
67481,5603,57.99844456730495,-46.45924036615651,r1
67501,5604,-21.691458962629948,72.72193457292045,r2
67527,5605,-10.788164072989538,68.83298842961744,r2
67549,5606,72.75026230432691,-18.280803348922902,r1
67560,5607,63.68260337275528,-19.11927847993553,r1
67592,5608,-30.430493975913123,62.734787377144016,r2
67611,5609,-37.716225949471294,55.18124812873847,r2
67646,5610,94.96639196161671,-31.448017122534925,r1
67670,5611,-7.792203950313578,66.40426955284325,r2
67688,5612,78.53939992463268,-14.310585098105776,r1
67704,5613,-16.24676122453344,64.35275305024511,r2
67721,5614,62.79811202590872,-11.441108140570137,r1
67741,5615,68.35638069713416,-7.392332233655296,r1
67777,5616,10.746901348095491,101.34887261162356,r2
67790,5617,62.34699101604435,-20.787846608531183,r1
67805,5618,62.801939692690766,-5.376731456578,r1
67840,5619,-4.577049465082524,83.46902408311196,r2
67861,5620,78.61744714915663,-23.523737633630233,r1
67872,5621,62.17316746262743,-24.914871398665227,r1
67890,5622,59.5452430701774,-18.602187813091447,r1
67921,5623,82.51775674290391,-19.3622368911249,r1
67944,5624,-29.737424248702492,74.65207929185969,r2
67962,5625,-13.338689630706625,70.41523444974638,r2
67981,5626,71.00978063403798,-14.80621077857284,r1
67994,5627,-28.675762447264688,63.37473016550912,r2
68014,5628,64.82050293765423,-48.53674642960172,r1
68024,5629,63.49549238444719,-16.070976170054713,r1
68060,5630,91.72725822596438,-28.618629140867398,r1
68074,5631,-25.74514889118043,62.62292841214238,r2
68094,5632,66.48674259737459,-34.487226180561436,r1
68118,5633,-35.193925739080264,69.7540726085561,r2
68136,5634,82.11967627977916,-22.689141355575682,r1
68151,5635,65.14986758576643,-16.74822196350517,r1
68164,5636,68.85076129906433,-28.324045033885042,r1
68188,5637,-1.6183273000900158,66.23288965157761,r2
68200,5638,58.42913290958831,-28.976195717514237,r1
68213,5639,67.35162486494968,-31.783408306207626,r1
68228,5640,59.07427840537013,-15.464673620607222,r1
68252,5641,65.14446671776643,-17.799553509534846,r1
68264,5642,60.32446894943739,-17.78809822615764,r1
68284,5643,64.30585864641452,-54.818992264590044,r1
68295,5644,-17.042989877414875,59.651454323089965,r2
68307,5645,63.90284701345455,-11.734727945507345,r1
68321,5646,59.83539581766542,-53.44682807375078,r1
68337,5647,67.6169921296713,-32.08830875348268,r1
68352,5648,61.265029558399135,-20.61389479899466,r1
68381,5649,87.50895449636343,-44.385662984228766,r1
68400,5650,85.42127693296115,-40.42290539303427,r1
68431,5651,80.97481427799322,-13.384604467890881,r1
68454,5652,76.19843545927667,-11.591691066947526,r1
68465,5653,58.22722871590378,-18.805845639324946,r1
68475,5654,60.78859764783603,-54.93425306017952,r1
68504,5655,74.05775710738922,-2.5945584581787315,r1
68527,5656,70.02920772065175,-19.014135733743988,r1
68548,5657,89.89230240544642,-21.704595499645304,r1
68562,5658,64.68970773554646,-24.61042464644474,r1
68573,5659,65.1102141005058,-20.69054067472329,r1
68597,5660,85.86701677061592,-15.147418239057124,r1
68610,5661,-17.559502308139045,72.28868094482637,r2
68623,5662,74.50975649011203,-39.50172747484842,r1
68653,5663,-41.493398041122774,70.05562882323233,r2
68676,5664,73.40027456980604,-12.667030333311622,r1
68688,5665,65.18274617794108,-17.952917197572315,r1
68701,5666,65.44734474431961,-37.10026880128439,r1
68721,5667,-21.125036982392782,62.33606675910062,r2
68735,5668,-25.139550551947963,57.42551424557498,r2
68762,5669,86.07574015216017,-24.16168256155339,r1
68778,5670,-15.716122210911585,57.03474478589552,r2
68797,5671,72.6052511184072,-16.73172212760099,r1
68808,5672,58.68651100637082,-20.634392741229057,r1
68822,5673,62.76584095230026,-39.81613146255377,r1
68853,5674,78.1851965448041,-13.162575963417993,r1
68875,5675,63.12916085684324,-52.98450846197731,r1
68901,5676,-13.608538333959139,60.89552040557429,r2
68921,5677,60.08828780740425,-23.28792453960827,r1
68940,5678,70.64686162559542,-18.205002948402345,r1
68970,5679,-9.621412887242144,84.68399114874043,r2
68980,5680,64.6883602569152,-29.14771893934502,r1
68993,5681,-45.46902548586362,50.71813447171503,r2
69008,5682,-22.622304046138144,62.28179328965008,r2
69024,5683,63.92424084351005,-22.351180130747096,r1
69043,5684,66.18007201007354,-17.326440003933836,r1
69078,5685,-18.022361209044583,53.989176011089874,r2
69098,5686,71.17987425843755,-9.370585365813085,r1
69111,5687,-23.443984498249883,56.48352246865261,r2
69144,5688,80.45941755256527,-23.851513852972506,r1
69157,5689,68.4131782157584,-33.77146430637813,r1
69170,5690,62.52213262336752,-20.76029376592669,r1
69190,5691,71.02527982654365,-47.63595078166097,r1
69210,5692,69.02176733349545,-10.985945180874602,r1
69229,5693,63.76127346741141,-2.8515362680747316,r1
69242,5694,68.06929052778732,-13.736552900744826,r1
69255,5695,58.109532709180094,-46.23466612699572,r1
69272,5696,65.81861353970768,-24.38546206695768,r1
69291,5697,-36.322574851523484,63.081683385066064,r2
69313,5698,70.18860870077489,-28.95031193295629,r1
69330,5699,67.46931497989004,-51.91182610009806,r1
69342,5700,60.326702136894546,-48.162965482677706,r1
69368,5701,74.14278074968647,-35.471708605847155,r1
69393,5702,-19.02460075350955,73.6650842502116,r2
69418,5703,0.4220688823464158,82.42616848965704,r2
69431,5704,70.82311366535183,-46.466355526498305,r1
69444,5705,56.867005689738896,-17.830269523178607,r1
69464,5706,68.67035119273835,-12.782673343773773,r1
69477,5707,67.30652714554819,-15.02654467902265,r1
69494,5708,69.78132952097971,-8.915824292988162,r1
69523,5709,-24.401550263827083,59.862908523728166,r2
69537,5710,54.17625260285676,-11.756629295222666,r1
69555,5711,63.098369690924955,-21.84913352271124,r1
69575,5712,63.21319390712455,-29.677294167558873,r1
69586,5713,52.84020248318464,-12.371422581654059,r1
69602,5714,-40.960661625878025,64.35011639032264,r2
69619,5715,55.76097441098691,-25.413002175635704,r1
69638,5716,68.69577562345427,-18.03888696511152,r1
69657,5717,38.08700244269539,35.02166154327713,double_ko
69673,5718,60.284053295547594,-16.231867785503084,r1
69692,5719,69.64078339310414,-40.37569232051803,r1
69718,5720,-45.208860475737666,81.21682551061792,r2
69781,5721,43.759783988828374,72.11735567686223,double_ko
69794,5722,59.73751059705779,-21.151736375687726,r1
69838,5723,-3.7556415090185453,82.2009586083606,r2
69855,5724,59.31743479808592,-46.750031662029514,r1
69868,5725,64.98261430505298,-12.47938467951375,r1
69883,5726,60.92538028405562,-17.916830605507446,r1
69893,5727,67.90593633512553,-35.33575289122818,r1
69923,5728,77.20148060463538,-15.956089870779614,r1
69938,5729,59.01292577365972,-54.275702665529764,r1
69954,5730,69.25585494451812,-6.615176107116042,r1
69972,5731,84.95419428842126,-20.971356371396627,r1
69994,5732,-5.6729533161406,55.69638245810102,r2
70009,5733,73.9872151229071,-5.157355003550805,r1
70026,5734,-46.36797402129517,75.7322241411554,r2
70042,5735,81.60850375515274,-16.619386781228787,r1
70053,5736,62.589554039850555,-20.014346455512545,r1
70078,5737,-15.783641916784376,81.76625776019361,r2
70091,5738,64.84878848199098,-12.616755147864211,r1
70110,5739,75.78540585713652,-6.915544106525601,r1
70125,5740,63.171561142038364,-11.327353328572272,r1
70141,5741,73.66257498200117,-8.31593090565,r1
70160,5742,83.92562417702376,-7.277579376263155,r1
70169,5743,55.349342643464986,-27.833334562704025,r1
70181,5744,63.658644968712565,-12.082917543593673,r1
70212,5745,13.945463098552635,52.39402734601455,double_ko
70225,5746,58.09928506026636,-52.04380166376843,r1
70234,5747,57.251493868283355,-23.54690741469327,r1
70256,5748,11.349188222718062,42.144092673399214,double_ko
70273,5749,36.51240562718654,32.73214605776316,double_ko
70284,5750,68.27924873486566,-19.17262688608783,r1
70305,5751,-39.56706624209246,57.818985625416396,r2
70324,5752,74.71120053276877,-4.942265298362727,r1
70350,5753,60.829071966599905,-14.193831437872479,r1
70365,5754,-36.50166244250476,65.63787059527984,r2
70391,5755,33.30616628598482,37.26303982243597,double_ko
70404,5756,-4.630400225131332,55.31489918695335,r2
70431,5757,-27.40442400661041,80.66012317672377,r2
70460,5758,-2.81963242623069,69.98462028380246,r2
70471,5759,69.66355746537508,-14.138520591339311,r1
70486,5760,59.92018832351209,-14.041512333221135,r1
70506,5761,76.10244078776364,0.9572619433163041,r1
70521,5762,63.3747671733646,-22.590991385861635,r1
70536,5763,61.80062465199764,-7.218049063326212,r1
70558,5764,-4.92382402336974,85.44262456506638,r2
70570,5765,62.34289661675783,-11.763574853189752,r1
70596,5766,76.82780517207686,-36.55698281627599,r1
70622,5767,72.80940651628535,-8.562714835252038,r1
70635,5768,60.44782955137069,-19.070802762842668,r1
70654,5769,3.53635405813354,58.81225458807592,r2
70666,5770,59.56443424534858,-17.044340341443288,r1
70686,5771,70.43628631898427,-12.156203441191572,r1
70704,5772,62.538399307482706,-50.65607119509137,r1
70718,5773,59.328804136096444,-13.756229984638509,r1
70747,5774,-8.405720475432197,58.82635377282958,r2
70763,5775,61.669292143272855,-9.800636826480535,r1
70773,5776,58.58983392313009,-13.281772941251326,r1
70790,5777,-19.624861732875875,65.43405198604577,r2
70805,5778,68.11710602837758,-11.961982296658945,r1
70820,5779,66.84282467226221,-20.62061411615285,r1
70835,5780,60.946659086829236,-13.902548267969472,r1
70851,5781,66.83021345660634,-16.54070560298617,r1
70867,5782,-21.14060330268192,80.01297297285636,r2
70885,5783,-33.3725248401571,66.73253888266075,r2
70925,5784,-37.350340096113165,88.65105237185358,r2
70945,5785,77.43670823202652,-19.43196832116273,r1
70964,5786,-36.72616078550652,69.59809578313092,r2
70984,5787,-35.58090751351004,69.43293194364529,r2
71006,5788,-7.278419997619878,74.38842950983073,r2
71034,5789,-6.039058918697826,78.49110540776373,r2
71042,5790,-18.38620244408763,58.403136907677,r2
71058,5791,69.79624369356702,-19.266671236504344,r1
71072,5792,68.46669070097266,-18.573379253823756,r1
71086,5793,63.63527237032135,-45.26064901174387,r1
71102,5794,62.97551379234274,-22.849142328644838,r1
71120,5795,-5.769529987497577,70.07659136700131,r2
71131,5796,62.70603919986502,-56.08148244387184,r1
71143,5797,61.48208789525839,-15.721650194164521,r1
71153,5798,61.82169348095795,-16.868504856943883,r1
71169,5799,-16.125492730409878,68.91578848909796,r2
71181,5800,-15.59200025842901,64.19093672998278,r2
71192,5801,65.96750042953744,-11.520442920792782,r1
71220,5802,3.315490411828442,85.73238459719781,r2
71257,5803,6.829843424469161,91.72772151202051,r2
71279,5804,67.13510552231406,-22.95673201874932,r1
71286,5805,61.69303461156083,-29.05311314184427,r1
71298,5806,8.75541384901199,27.19510567289893,double_ko
71317,5807,-45.13473974338925,68.43600648162239,r2
71330,5808,71.51196317838611,-15.958896930869347,r1
71347,5809,66.30619131985952,-18.81486431363421,r1
71363,5810,59.42166424497441,-11.509328094548877,r1
71380,5811,75.70078954501327,-17.464799682660853,r1
71390,5812,-33.48196924553548,65.08648813641143,r2
71399,5813,-49.07525675583492,56.83714100060562,r2
71413,5814,66.12071638589731,-11.556621945058943,r1
71437,5815,29.95041595057129,23.8578861007779,double_ko
71446,5816,59.12962854897926,-27.15172518424665,r1
71457,5817,60.728423649045475,-20.82794442562109,r1
71497,5818,-27.642702538455115,67.78750378340429,r2
71522,5819,22.53983143070502,49.566431549474295,double_ko
71537,5820,67.49447215593955,-47.19425158425556,r1
71552,5821,82.45787031116771,-19.6086242264688,r1
71575,5822,-7.094889619558423,67.63303349990794,r2
71585,5823,47.46796101893863,-16.978814965433774,r1
71607,5824,75.407091389545,-7.730139726233823,r1
71624,5825,64.2212269990008,-12.415888376185208,r1
71654,5826,-0.3825554476697022,76.33350296255625,r2
71676,5827,69.82415846301824,-15.263198436188148,r1
71698,5828,76.11095740090661,-18.95894359598331,r1
71722,5829,-6.735499749633135,65.39605964295079,r2
71744,5830,-23.221260517686,64.40277361474882,r2
71761,5831,70.12355940581219,-26.571826981420482,r1
71772,5832,58.509612103863844,-25.59104864805696,r1
71798,5833,78.38167159269392,-34.592363411066685,r1
71806,5834,-19.67965721335619,68.3621400443311,r2
71817,5835,56.935471805396716,-13.754730136485588,r1
71851,5836,83.18080641564788,-38.39757143925633,r1
71867,5837,60.41880027423822,-20.44330262568851,r1
71881,5838,73.65060559796494,-16.9689682066183,r1
71897,5839,67.12490444208491,-46.69511544427871,r1
71912,5840,72.70563284163437,-21.590192751760437,r1
71957,5841,100.33770702212173,3.644504613378942,r1
71969,5842,63.12973414610411,-33.25685794555273,r1
71993,5843,-8.865913882695075,74.3817580026421,r2
72017,5844,84.81581820571674,-31.987972557640724,r1
72030,5845,76.70258759341252,-17.70310091925264,r1
72044,5846,66.23567267466504,-53.054934337468694,r1
72060,5847,68.24737829559896,-35.36699774117815,r1
72087,5848,73.19112477663685,-10.575990421961237,r1
72104,5849,76.50713180550098,-26.47387136853812,r1
72132,5850,6.5248521860640025,78.54419072591612,r2
72159,5851,86.4562647520252,-1.1021000609363014,r1
72172,5852,63.449407558284875,-14.509323965184045,r1
72184,5853,64.4857523815889,-22.285756345507522,r1
72196,5854,63.010490991444534,-16.589175243620147,r1
72210,5855,29.21570130623129,-2.345636042134588,double_ko
72223,5856,-19.823853573283472,50.850537873387935,r2
72244,5857,80.26765101117843,-15.965304636913178,r1
72276,5858,82.75920269804178,-44.70753465230192,r1
72295,5859,-14.202977525648919,89.69842809835805,r2
72326,5860,2.748097208203184,91.08413967362951,r2
72345,5861,67.87281853773422,-44.582945290943975,r1
72363,5862,71.80724271379026,-34.82896648440271,r1
72371,5863,64.72648284744564,-21.081258230007744,r1
72382,5864,-24.491821169337396,65.64031019267564,r2
72391,5865,-24.608197444563388,58.980326436711586,r2
72403,5866,-18.867728999543964,61.302362186527176,r2
72413,5867,57.241312505933536,-54.897107850180305,r1
72433,5868,-6.9085300190166805,74.85763079569605,r2
72450,5869,64.2321205612102,-11.91305612595741,r1
72470,5870,-7.437234560265388,72.8577474383275,r2
72508,5871,67.47814038916431,-14.08587674289381,r1
72521,5872,-23.73083363851112,58.44708600590915,r2
72534,5873,59.197936451645774,-46.46653013703544,r1
72542,5874,51.715391388777824,-25.555791219613212,r1
72571,5875,1.0030416447619714,83.28300121639246,r2
72586,5876,-8.280487668270993,63.552564802791316,r2
72616,5877,80.93546941480777,-12.041738799428941,r1
72639,5878,76.74864013294234,-9.257909419464788,r1
72653,5879,77.44299314907114,-13.7611416772099,r1
72666,5880,71.35360839802732,-22.39413302851365,r1
72692,5881,-9.032410350135713,75.74767923684986,r2
72706,5882,65.88079328953435,-15.142079162665397,r1
72715,5883,-20.891088801447367,58.93118621855748,r2
72729,5884,67.22795771230318,-25.50450774901909,r1
72750,5885,-17.6327421720395,64.60951727295866,r2
72770,5886,66.42095506889571,-35.96656380659024,r1
72779,5887,50.50951006184852,-23.381614602950926,r1
72790,5888,59.35727143191605,-18.729138658238217,r1
72801,5889,54.438740269095995,-53.41844252279432,r1
72822,5890,-0.40951362625001764,68.5177786708636,r2
72841,5891,65.7630095661698,-18.30419058263562,r1
72853,5892,56.24254872896632,-15.967534811236085,r1
72878,5893,82.2693061618306,-17.580713340202102,r1
72896,5894,-8.824439992290664,32.271197356471816,double_ko
72906,5895,62.51526541546053,-15.241026781117785,r1
72914,5896,61.999011225874185,-20.800737361473622,r1
72927,5897,-19.412432158536905,85.29620590635992,r2
72952,5898,79.24219606688058,-17.664002462921154,r1
72976,5899,-22.412444539114535,78.79499000230823,r2
72984,5900,54.900238124976305,-25.730102664690605,r1
73008,5901,83.09996354479166,-9.424201474012015,r1
73019,5902,-20.62129794886771,65.05648871537176,r2
73029,5903,66.98280227633629,-19.447392490342605,r1
73040,5904,63.897348287727766,-55.92340428561354,r1
73057,5905,-45.256290450880975,60.94356835482244,r2
73080,5906,10.535069545462976,4.0523179352736705,double_ko
73090,5907,58.12413031192083,-18.455488746051763,r1
73104,5908,59.82371670168528,-14.759135690439688,r1
73119,5909,53.722687489347216,-46.439060450750056,r1
73129,5910,61.89455192185876,-17.925358925879262,r1
73141,5911,77.32352050915406,-10.834628996645918,r1
73158,5912,63.42661010639631,-10.097822380948486,r1
73167,5913,-24.040244636964317,63.80656599006646,r2
73205,5914,78.66837986280312,-9.259142542381156,r1
73217,5915,61.29124362918614,-24.05084492516528,r1
73230,5916,-14.107322279769797,60.631017136476636,r2
73247,5917,64.88179292625327,-53.30120858200632,r1
73270,5918,67.43651300689267,-21.378438673283807,r1
73291,5919,-7.181364673736375,68.905885290886,r2
73321,5920,84.02210615847676,-25.088393087704098,r1
73361,5921,80.59352671953391,-33.2596192061762,r1
73381,5922,66.66584479151555,-9.442821494736428,r1
73389,5923,54.845561917155564,-23.758025750500586,r1
73420,5924,-35.80453975392186,73.05317203618304,r2
73435,5925,-14.01581216651552,74.13004326819812,r2
73472,5926,77.8435224203174,0.1315462536215648,r1
73483,5927,59.274200765607645,-20.119381229142583,r1
73502,5928,-3.2788562513369044,70.57938846410917,r2
73530,5929,77.52653039689707,-53.0409514745235,r1
73541,5930,58.49315481891098,-53.34751233243235,r1
73548,5931,58.07883490654986,-29.666665016821156,r1
73565,5932,67.29784980191556,-12.285389747362736,r1
73578,5933,55.889379997979574,-20.726601391846657,r1
73597,5934,71.74507332438245,-23.11839896209519,r1
73608,5935,64.11749495580678,-44.91366486075361,r1
73641,5936,48.69632668714667,37.78817772745164,double_ko
73651,5937,57.97120367301435,-16.445983564169047,r1
73668,5938,66.1577785249817,-19.984592366684556,r1
73685,5939,72.08909892468144,-22.66264465384062,r1
73704,5940,-9.838687658351958,64.42920641370019,r2
73733,5941,92.72638895207886,0.19723580081513603,r1
73754,5942,-13.517803803674347,63.124802930502824,r2
73763,5943,55.959020286565824,-49.6990817375188,r1
73792,5944,-16.89315724447453,69.55141330332532,r2
73823,5945,-2.946960569206709,73.17472025765142,r2
73840,5946,-38.96019946612754,65.08708478306461,r2
73874,5947,-42.31023808936229,83.74707915788797,r2
73891,5948,62.69690496957123,-47.97593696640608,r1
73907,5949,67.73935992865293,-17.993575723545177,r1
73939,5950,91.05645322260624,-8.392849442277353,r1
73959,5951,81.06308327885755,6.156401700266116,r1
73976,5952,67.9013572960335,-20.184132729935857,r1
73988,5953,56.208624874379026,-51.90486459472974,r1
73999,5954,-50.691673474121025,60.91146035995746,r2
74013,5955,67.27910114451633,-41.52839556353076,r1
74027,5956,67.61326505800082,-18.770734342901342,r1
74056,5957,-7.606134868917877,73.88226610620397,r2
74078,5958,-6.435133830890251,71.69513198350928,r2
74098,5959,73.08326149068357,-20.245458696701178,r1
74113,5960,62.297931756159585,-17.326434493064742,r1
74126,5961,-25.993483772355724,57.007022074332866,r2
74151,5962,84.53199940805666,-14.461272199539955,r1
74177,5963,3.4947871552718297,72.34888990557683,r2
74192,5964,65.6706896671278,-54.735510405856516,r1
74208,5965,-16.90464097681237,62.88212494955327,r2
74221,5966,-50.707474736787745,59.74365715285556,r2
74241,5967,72.55156288495802,-16.424319845274326,r1
74263,5968,-13.593121692013867,68.1435042176969,r2
74296,5969,-3.974120062150064,74.58521286055058,r2
74305,5970,63.33423889374488,-22.113454469868984,r1
74316,5971,-53.16764210622986,58.86461390962522,r2
74338,5972,-47.90011530157493,65.32098139838787,r2
74365,5973,-4.5632572893043815,62.04289998838423,r2
74385,5974,-21.704744924395783,68.84579618355943,r2
74399,5975,54.36978342268209,-15.978008076936248,r1
74418,5976,71.1989772731915,-8.73989964252025,r1
74429,5977,-19.523105391986338,59.78013949801666,r2
74443,5978,72.61959603367399,-12.831181270716108,r1
74461,5979,-12.402656819498539,48.156318280015206,r2
74474,5980,-16.05953558606545,69.90387019351316,r2
74505,5981,0.38982444492633306,75.13545483233803,r2
74517,5982,64.39647501540625,-27.051089729794253,r1
74537,5983,63.45304564447724,-24.475279768082004,r1
74554,5984,75.61777593974747,-54.88194533510404,r1
74568,5985,61.942428382342925,-22.731060399488527,r1
74578,5986,64.027282619557,-16.412067766975905,r1
74596,5987,-12.606863469526004,58.57968900886317,r2
74612,5988,70.09728116575664,-9.082558570995069,r1
74627,5989,61.52243541412378,-12.819131879155805,r1
74640,5990,56.80672097285188,-16.46834764181194,r1
74651,5991,58.33009566202587,-22.382029582334297,r1
74672,5992,-12.360224677955102,62.27481814440968,r2
74682,5993,55.457294731238775,-34.53460665185699,r1
74699,5994,31.085046519612664,34.38319007163273,double_ko
74710,5995,-50.662053214432554,54.2804972640709,r2
74727,5996,62.84922020358951,-18.028230424984407,r1
74778,5997,98.5690931842156,-43.35210288082001,r1
74791,5998,71.01893674053137,-32.434958583581185,r1
74818,5999,66.55469647303723,-19.56219690332927,r1
74845,6000,-23.784735460059267,70.633677262972,r2
74855,6001,56.26804234416494,-26.95811926998337,r1
74885,6002,74.15278514724055,-17.681694342911676,r1
74911,6003,-25.433948140368845,68.54492308297179,r2
74925,6004,22.669934958624513,-3.34704133275183,double_ko
74945,6005,57.694522537559166,-13.92443546599089,r1
74959,6006,64.09918529966336,-9.885652233964919,r1
74972,6007,56.482910718494665,-21.72972094256191,r1
74993,6008,-13.834913476872188,78.31424333241534,r2
75012,6009,-52.47354513734735,57.403664450954565,r2
75042,6010,80.81488921372605,-0.29116313204995237,r1
75062,6011,41.60316765020871,9.450048966304502,double_ko
75082,6012,45.419190425191644,-43.53065972128263,r1
75099,6013,54.93256114174106,-16.242332623412356,r1
75115,6014,72.36458912917888,-32.967799732468606,r1
75135,6015,61.2428500316594,-33.11450600382575,r1
75143,6016,-28.020809311100088,52.27830561838895,r2
75156,6017,63.92728837110509,-24.065416103883223,r1
75181,6018,73.95411723088014,-18.557931370904427,r1
75196,6019,-49.06906814264382,66.93096891800535,r2
75204,6020,58.73199172795516,-21.248106016434512,r1
75218,6021,62.9028566553074,-9.34371213515989,r1
75229,6022,60.16302575355046,-17.876366459599208,r1
75240,6023,-21.212247672176616,66.47529299968517,r2
75269,6024,-10.667451188523899,70.9349202656823,r2
75281,6025,-19.03461608703001,52.96730975742386,r2
75290,6026,58.9580630981113,-46.85414435695078,r1
75312,6027,-15.65738472508605,72.91240868931764,r2
75322,6028,63.68004389958481,-18.630675624984235,r1
75342,6029,64.39528379440428,-22.395749259407964,r1
75356,6030,60.01975413264249,-25.598655567989333,r1
75374,6031,64.41890875644607,-11.61222830565449,r1
75389,6032,62.33398887018855,-13.103051182745602,r1
75404,6033,78.50832529103198,-7.540373365018397,r1
75417,6034,60.543037854290944,-12.195640368840174,r1
75429,6035,61.24108746888382,-23.74191708605873,r1
75450,6036,70.62942669591152,-15.513698250599209,r1
75464,6037,66.56403442225272,-20.459640996603103,r1
75475,6038,-16.46130311365395,54.56374320424427,r2
75492,6039,58.78009129445885,-42.865911746031976,r1
75508,6040,59.875122487559636,-20.794503232092133,r1
75530,6041,64.5901894207912,-18.52312801643707,r1
75538,6042,-24.482713322475416,57.85329523988552,r2
75563,6043,89.07182206249209,-22.42738706523241,r1
75577,6044,-49.909928363903006,58.14211224139132,r2
75593,6045,61.51082983950082,-14.953872486088024,r1
75608,6046,66.38958926827198,-17.29255953159167,r1
75619,6047,-11.57823305346642,62.236516053646085,r2
75632,6048,57.848407021819504,-13.352237084910605,r1
75645,6049,67.59064322424511,-14.2407653233371,r1
75670,6050,80.32197609142086,-39.463988112846295,r1
75694,6051,65.85318808116023,-0.06294224173252871,r1
75712,6052,83.26445350589609,-8.465457361247104,r1
75732,6053,58.7977561865685,0.16564505958439923,r1
75748,6054,56.405309785231275,-32.620227896567535,r1
75758,6055,-13.953101163519506,57.53649355688597,r2
75772,6056,61.20632396677967,-20.71138812739293,r1
75791,6057,-59.5971764724457,67.0836638664229,r2
75813,6058,62.20928021907255,-15.981859309354832,r1
75844,6059,74.37422852488692,1.2084271403724074,r1
75863,6060,74.02053791103896,-14.365740594041224,r1
75885,6061,66.22844268663034,-26.78103754928263,r1
75899,6062,67.2716001457718,-9.996239341659063,r1
75918,6063,77.23112622893628,-19.924871258188922,r1
75937,6064,63.87357466710449,-32.48319953568321,r1
75956,6065,-4.578518912552745,82.74244915168022,r2
75975,6066,66.97287151804333,-7.89715085455866,r1
76013,6067,78.9673322850647,-14.087196194638622,r1
76026,6068,64.59804819739954,-13.696968253587407,r1
76041,6069,64.64037713854677,-9.838270179298796,r1
76066,6070,-25.512101207980066,85.07080936903319,r2
76076,6071,53.58384142706031,-18.61394830766813,r1
76102,6072,69.20751873351678,0.9654274001277514,r1
76124,6073,65.98823366911483,-19.957215883317517,r1
76145,6074,65.96917170412166,-17.443497243173397,r1
76155,6075,-22.033890201410706,62.44651556764928,r2
76168,6076,66.59250215471667,-20.10654979042024,r1
76194,6077,-13.600799845652158,77.43523527503059,r2
76211,6078,-32.84149830981458,60.904808713563426,r2
76226,6079,70.12382226944503,-18.322492626074222,r1
76245,6080,-40.676454528384575,65.39715331449017,r2
76261,6081,60.02743754970075,-20.048625711755918,r1
76288,6082,-5.502129521045248,73.30501580188232,r2
76299,6083,55.02897263344728,-17.275330373504058,r1
76321,6084,79.27148894619238,-11.156326517179522,r1
76343,6085,68.36284199319091,-18.48209662093351,r1
76356,6086,55.16394618918356,-57.33740742410817,r1
76381,6087,65.09722274002395,-9.84115823006313,r1
76399,6088,69.70681412778097,-15.426895766238943,r1
76410,6089,-26.66475831869927,55.27155846125787,r2
76437,6090,82.88296552398404,-18.724908623965952,r1
76454,6091,67.61936190202374,-37.93775882687953,r1
76468,6092,-31.601582049883326,59.603111875352255,r2
76498,6093,28.563254439007018,37.98384865915818,double_ko
76515,6094,56.74089598436452,-21.460759055695398,r1
76538,6095,77.5666932497185,-20.250413364806274,r1
76557,6096,-6.087814663762153,79.60994218300162,r2
76574,6097,-46.06182591598397,64.43613870091538,r2
76596,6098,-4.86089722967337,61.452431829385986,r2
76621,6099,79.14219202884783,-6.709827966092824,r1
76641,6100,74.16043916954035,-9.922185820767496,r1
76653,6101,64.06043852621161,-25.58452814482825,r1
76669,6102,-14.404577549055162,62.72480934899188,r2
76687,6103,36.34556716480717,33.26571921587097,double_ko
76713,6104,76.72413229200184,-36.15473649047813,r1
76728,6105,-56.343093676597015,65.11199739490525,r2
76741,6106,59.24110963366801,-21.354935694870335,r1
76752,6107,62.415206976728236,-43.349235286549245,r1
76766,6108,58.779210275522395,-29.018385250180756,r1
76791,6109,-11.589467419183762,75.57150984042957,r2
76806,6110,59.69599979853336,-28.305479871133947,r1
76826,6111,67.26413889583417,-55.47958199271285,r1
76842,6112,56.04566271152565,-52.041313568981195,r1
76869,6113,41.914320804224204,36.153168413277655,double_ko
76906,6114,69.67264520521779,-23.73406726656635,r1
76928,6115,71.98561410747816,-39.55449944952051,r1
76942,6116,68.26827687591286,-14.072917187401739,r1
76972,6117,88.61982492622569,-47.10482828695432,r1
76989,6118,78.26084313362983,-14.92375379699638,r1
77007,6119,68.46044053391219,-21.87057531166738,r1
77026,6120,71.90835952838185,-9.215075362636512,r1
77038,6121,66.46660598214774,-16.174656477025195,r1
77061,6122,-13.737502065882278,66.21191673310608,r2
77079,6123,67.24229290383923,-18.893839684497678,r1
77097,6124,68.32524170847893,-21.83985583255988,r1
77108,6125,59.8242739082616,-21.142702238624317,r1
77123,6126,-50.80493577570007,58.55291882884979,r2
77135,6127,56.007134902806364,-15.303943055444662,r1
77164,6128,87.5163984374457,-10.483110128218911,r1
77181,6129,63.69909299277985,-23.29722229850415,r1
77201,6130,62.51637064300583,-16.994539859889308,r1
77238,6131,14.869562164008498,51.42857991863857,double_ko
77248,6132,56.38196028577336,-14.924940386516138,r1
77265,6133,62.17707832582053,-12.555590512822732,r1
77296,6134,65.99826967022452,-48.95723989716562,r1
77317,6135,-29.94831431205553,70.89759335990553,r2
77332,6136,63.660627199860684,-42.23066730276236,r1
77344,6137,85.0641152544994,-54.54589041752811,r1
77363,6138,58.05335254538256,-33.137872603129836,r1
77381,6139,73.36538257112971,-30.523371824132003,r1
77396,6140,53.89849783446982,-49.98990343160501,r1
77412,6141,69.24006925772676,-29.499760678405295,r1
77435,6142,-5.4490678298466975,75.09261100036753,r2
77448,6143,56.18810816569239,-21.119779248219757,r1
77491,6144,38.005905515250035,54.289214986035866,double_ko
77512,6145,60.83499427802509,-16.69167901194645,r1
77529,6146,65.73771033415018,-46.104542187657486,r1
77549,6147,-42.45914474885267,67.6588467543198,r2
77560,6148,-53.55660689890925,58.696866713009996,r2
77578,6149,72.147801048314,-15.453752984545979,r1
77599,6150,67.14453587365608,-25.82748544907971,r1
77624,6151,82.27559737446938,-34.48125175599734,r1
77642,6152,-10.504725723288232,68.95658157646993,r2
77657,6153,36.68302545468382,30.765741075941946,double_ko
77686,6154,73.31376270385084,-37.4230636142191,r1
77705,6155,60.49376641373191,-36.72609511922349,r1
77716,6156,54.16847948660075,-46.63481201220279,r1
77726,6157,76.29343053878392,-17.825959472004577,r1
77735,6158,58.60508425328714,-18.348798927968794,r1
77771,6159,83.16135968821139,-23.65300616864826,r1
77780,6160,63.398531429321295,-26.129471271106365,r1
77808,6161,76.71246912644057,-5.869303154039962,r1
77827,6162,76.90361502671482,-13.206669265273746,r1
77846,6163,-14.827670300001579,54.45273327031004,r2
77867,6164,61.43768964713732,-23.232062845360606,r1
77888,6165,62.285221427989036,-22.82287716207121,r1
77900,6166,75.17844125651858,-32.16212415374463,r1
77912,6167,61.142968329122056,-25.1903394050158,r1
77922,6168,67.29371616681925,-25.245595743529925,r1
77941,6169,67.33310262114962,-19.173419254768174,r1
77962,6170,65.84087303072542,-25.576007197370043,r1
77983,6171,75.61150258169428,-5.144331926376225,r1
78003,6172,66.93357714898893,-11.452780950300074,r1
78015,6173,-49.33366584824508,55.47362650616709,r2
78028,6174,61.311366500332284,-20.96576574839214,r1
78051,6175,63.61389429327798,-56.14558948674487,r1
78088,6176,73.69244747706637,-26.129784740440776,r1
78103,6177,55.12330632726229,-54.464986070221045,r1
78120,6178,67.0817973717803,-18.63076618597729,r1
78163,6179,81.014963809583,9.808997964128316,r1
78175,6180,58.78449119906047,-23.899618023927218,r1
78188,6181,-55.511433517620596,75.69364699231444,r2
78212,6182,67.61296323348084,-4.813961570416751,r1
78239,6183,-46.9690383974982,73.48094315315726,r2
78258,6184,-36.80176002957559,55.35605332659282,r2
78277,6185,59.691223384490534,-43.97585107357094,r1
78289,6186,-54.16595031092444,55.82556596025685,r2
78300,6187,57.85933965149427,-13.647018813580956,r1
78326,6188,66.58383023386031,-7.979997983112675,r1
78335,6189,51.502541410876056,-18.99150721423682,r1
78358,6190,63.310723944849954,-2.0589618802378524,r1
78376,6191,51.27346167111425,-17.326778852634703,r1
78412,6192,76.2644162621987,-16.371875528522345,r1
78445,6193,62.23921100136666,-41.87606906552013,r1
78467,6194,74.38529493901919,-6.025351829381336,r1
78503,6195,75.52471231750903,-6.770093373036282,r1
78536,6196,65.7980158048598,-46.53615716284965,r1
78548,6197,56.477431521264194,-54.39469663740207,r1
78574,6198,80.27647555142221,-32.47307179538177,r1
78600,6199,58.25445723911483,-35.88067845055622,r1
78626,6200,67.97909069185285,-11.563300023995133,r1
78646,6201,62.06512918425739,-44.03674737380359,r1
78668,6202,-18.343793250612677,68.0136876004461,r2
78688,6203,62.95092728814378,-48.12154294859927,r1
78703,6204,-49.031662175422625,60.00697640806534,r2
78726,6205,73.48630127102555,-22.10144636639686,r1
78748,6206,-36.331195987040786,68.63793863228489,r2
78783,6207,74.35231793171712,-25.284400808334752,r1
78797,6208,54.14406635803576,-31.146100181007725,r1
78815,6209,51.312476356400424,-31.91239900482516,r1
78826,6210,58.41984145156001,-46.41260456902746,r1
78845,6211,66.33931957556311,-47.19758629190039,r1
78858,6212,64.33154762116034,-28.541232576646358,r1
78866,6213,-46.018672589011565,58.30135261871042,r2
78878,6214,59.66297772560189,-54.44545321954363,r1
78899,6215,-26.961907602973945,64.51544324984002,r2
78917,6216,66.62725420572349,-23.911045436906193,r1
78954,6217,86.92932142544079,-0.8113845161636419,r1
78978,6218,73.79856264604298,-43.51538654652279,r1
78995,6219,-10.621639091845523,61.0201128825857,r2
79025,6220,78.13850728700247,-33.81771516319337,r1
79035,6221,56.363405558123794,-50.719804987279424,r1
79051,6222,62.13451620730355,-15.616638136899638,r1
79075,6223,1.3602141917686223,-5.783459105847962,double_ko
79097,6224,68.35213417564542,-16.283426887610524,r1
79108,6225,-55.529325006139594,75.01080479684558,r2
79128,6226,65.42466591746042,-24.941054187130927,r1
79146,6227,59.91424434656274,-8.183180496843327,r1
79165,6228,54.019518967585526,-15.672434561060438,r1
79184,6229,61.230599341801444,-48.67557134161115,r1
79214,6230,-2.1726653918728402,60.01441385086575,r2
79237,6231,47.74323915517989,-51.12292655903416,r1
79251,6232,-57.89476505662658,57.205883129585864,r2
79277,6233,65.41617900154083,-9.143051799951351,r1
79291,6234,61.26115274476796,-45.49941162277243,r1
79326,6235,75.4903560409179,1.2843287422060712,r1
79340,6236,65.87413436510003,-26.19674076126411,r1
79350,6237,58.4799901424922,-16.949688234074095,r1
79364,6238,61.9443347632661,-46.1365571508715,r1
79377,6239,67.32109479544052,-52.447446041167716,r1
79401,6240,70.19273781414157,-12.904100417630296,r1
79425,6241,-48.925245854327855,89.75736742837859,r2
79456,6242,75.25600329062027,0.46644471457481274,r1
79472,6243,-39.518728393285414,55.00177359363626,r2
79488,6244,62.208216672879985,-26.263595977299833,r1
79498,6245,51.06860275219641,-24.091466208418066,r1
79530,6246,-13.372122591544553,73.76007231380244,r2
79541,6247,57.06523309202386,-13.30008653287701,r1
79565,6248,-42.46415802675762,77.13247857913704,r2
79578,6249,-26.32438810773048,62.69673736636801,r2
79597,6250,68.49340174302102,-13.058321368067158,r1
79615,6251,70.02385177174125,-10.967067818037542,r1
79628,6252,57.83105898977189,-32.34230194562068,r1
79651,6253,68.2992518586914,-31.161163943628015,r1
79665,6254,-9.713486817959016,72.39522567558842,r2
79687,6255,80.9706495626863,-7.76174417956959,r1
79710,6256,67.80305259395058,-1.1026389865370234,r1
79726,6257,56.153846577201726,-18.823505126773597,r1
79737,6258,-53.01003332043214,66.63122137746797,r2
79756,6259,-3.224621061217796,74.91297488835394,r2
79770,6260,56.07478556458234,-16.649593856923524,r1
79785,6261,63.71202284900967,-27.231818875961338,r1
79799,6262,63.21340377042208,-33.365048916652995,r1
79819,6263,54.68912467719636,-57.443184562182516,r1
79837,6264,10.308295075488507,32.5833124966426,double_ko
79856,6265,71.80035769923943,-3.2701422459306997,r1
79871,6266,-41.9267192713595,60.865644585042645,r2
79904,6267,69.80184063703774,-10.458315375775534,r1
79927,6268,64.59948666852006,-26.282642031820796,r1
79953,6269,61.45345480295831,-51.84726872933826,r1
79964,6270,58.83796407293915,-22.606890919581534,r1
79975,6271,51.13981934247245,-51.35816460629128,r1
79998,6272,62.688868567720725,-14.545725587064382,r1
80014,6273,62.784699211197776,-17.599469139062546,r1
80024,6274,62.471471876310716,-17.84202731429607,r1
80043,6275,74.72087207743854,-16.758369046787273,r1
80064,6276,-6.305218627478361,75.51619551677776,r2
80086,6277,66.50632249169709,-14.905308225285879,r1
80113,6278,64.10740921434257,-21.722159834875722,r1
80141,6279,81.51167341951812,-31.43203932807396,r1
80155,6280,74.15861300801043,-53.51404618120439,r1
80179,6281,73.52721664390712,-18.15802625882864,r1
80195,6282,63.55313355046795,-13.190597774294957,r1
80210,6283,68.66927326857048,-11.440428059759263,r1
80227,6284,73.91390160855326,-47.31748163066808,r1
80238,6285,58.51166663752127,-15.656494899115078,r1
80250,6286,-54.38081857261549,58.77464165752213,r2
80263,6287,58.70538714125075,-12.720730327151614,r1
80274,6288,-56.15574202502475,72.39864458022456,r2
80285,6289,-53.39437532512131,54.842898881392806,r2
80301,6290,-16.342601203415164,62.434666485431116,r2
80323,6291,-45.78884721482965,61.29572650751076,r2
80346,6292,69.95046576140572,-5.236791584408344,r1
80366,6293,67.14551801559352,-14.941754582609722,r1
80379,6294,57.50478440379172,-29.094134689301576,r1
80387,6295,60.86750402373748,-22.287218727219106,r1
80399,6296,-53.78611043245371,60.05967203863834,r2
80423,6297,58.25508924818968,-22.884704956917435,r1
80434,6298,-53.48451826043734,64.88631598460844,r2
80452,6299,75.8690247194898,-26.06222090755617,r1
80470,6300,70.5119048806738,-16.98305728453778,r1
80510,6301,-44.01507627706719,100.18467798715257,r2
80542,6302,61.68436089526006,-4.4986121846222815,r1
80557,6303,-56.6319040574528,63.50317625409311,r2
80574,6304,54.338960218460144,-27.480301334128374,r1
80606,6305,71.92272149419566,-8.928513643203843,r1
80627,6306,62.90673682342884,-19.148046307993702,r1
80638,6307,-50.53431114675625,65.2927781466688,r2
80656,6308,57.35891343781378,-22.182688322058066,r1
80678,6309,-4.568222260865909,67.73468017554286,r2
80688,6310,50.931250070165454,-21.223689484260852,r1
80697,6311,-49.248752478508074,56.69679837135556,r2
80713,6312,68.31089798226691,-18.022240739321578,r1
80729,6313,58.34988681456324,-22.573142832081047,r1
80742,6314,59.20448631710659,-17.22821078795179,r1
80766,6315,70.09283771746645,-34.82622248059067,r1
80783,6316,58.06720177611847,-41.982907002806215,r1
80808,6317,62.08834717526405,-29.97568648349203,r1
80816,6318,-48.65641940682211,51.522984542135966,r2
80830,6319,-18.645172708257757,55.98661942997789,r2
80846,6320,60.56977002183856,-54.90749308569817,r1
80862,6321,57.048580970286274,-32.31062958430666,r1
80871,6322,54.40353393374811,-21.40569972482835,r1
80880,6323,-49.862448872477714,50.99208076143702,r2
80891,6324,57.510676667415595,-17.29529328473489,r1
80904,6325,58.86597127981059,-19.836293925741693,r1
80923,6326,60.96222097017705,-16.349508492504864,r1
80934,6327,-52.73098703008085,59.93587823556272,r2
80949,6328,74.01335003632936,-19.036022557497766,r1
80967,6329,65.17342168591101,-27.514461875697393,r1
80987,6330,59.598780310111366,-12.670711602471172,r1
81005,6331,-50.426248982135995,61.1146455380976,r2
81026,6332,84.58663824421944,-15.920671062955464,r1
81041,6333,57.39623427837876,-56.382407466201535,r1
81053,6334,53.98100538832273,-19.651015472591872,r1
81078,6335,0.5617630907886166,61.79428372063749,r2
81092,6336,-53.37347686510155,55.98071564614923,r2
81108,6337,70.65620296392078,-23.36939907461374,r1
81129,6338,72.15233037951253,-11.101011905297192,r1
81152,6339,73.45951767209162,-11.591919895621459,r1
81162,6340,-49.82177916275748,55.550659591601566,r2
81185,6341,73.49216743471317,-14.67503668282528,r1
81212,6342,65.49268672897851,-41.20891908102324,r1
81228,6343,-44.13949556231035,67.89671588614004,r2
81241,6344,56.373970434994256,-22.68479140140557,r1
81256,6345,56.82911024845702,-17.690205557528188,r1
81273,6346,70.38166608712521,-40.968851002411746,r1
81295,6347,65.09589090151347,-13.70808346642459,r1
81321,6348,70.33373980919224,-21.932671285684094,r1
81352,6349,79.38353390665009,-5.897580414702183,r1
81371,6350,75.30155395210986,-17.40871944580058,r1
81394,6351,64.62070628964881,-13.52128872016209,r1
81408,6352,56.5773141304044,-23.79488869560312,r1
81421,6353,-57.309441502401725,63.1941401772495,r2
81442,6354,71.95938439799099,-15.672125533995118,r1
81459,6355,62.15953311533802,-46.65890388783843,r1
81475,6356,75.73433316730308,-48.380662668484405,r1
81519,6357,96.69935040718738,-2.206122059146857,r1
81532,6358,61.806791895600504,-18.45165208417315,r1
81545,6359,-55.60421190619921,54.724970161553316,r2
81565,6360,62.74961219189843,-55.25118897892505,r1
81590,6361,64.54922337805233,-54.223484003888956,r1
81615,6362,69.54479712274124,-6.829968736953113,r1
81634,6363,63.03564095953966,-17.49369122919438,r1
81648,6364,59.77213662576995,-55.97992760244843,r1
81657,6365,-51.64772051755063,50.90413714915917,r2
81671,6366,-21.051027837211368,62.9969910742086,r2
81693,6367,-32.907353963213104,72.77840485270589,r2
81707,6368,86.22481202382978,-18.615980426589275,r1
81718,6369,53.74445984302449,-53.50358044415567,r1
81738,6370,78.60525284125764,-17.373030380368476,r1
81755,6371,62.40240709349388,-15.626712291682978,r1
81781,6372,82.01500854957544,-25.62388562999083,r1
81804,6373,89.04631854901876,-4.407476707228369,r1
81826,6374,67.72455819329718,-10.306347124012234,r1
81841,6375,80.461286333001,-51.510380337017565,r1
81851,6376,61.95222638376826,-19.256160764888172,r1
81864,6377,59.153250009429414,-22.233122868114314,r1
81884,6378,63.729560091235854,-16.88932021696559,r1
81906,6379,79.61913987600491,-14.283807234333374,r1
81932,6380,-47.09910095671704,71.70818940871973,r2
81955,6381,50.44313652250851,-54.88318789668726,r1
81967,6382,-42.33838235585315,51.00240738634267,r2
81976,6383,59.438169999973645,-22.634188546803006,r1
81990,6384,62.552835930512934,-48.4522302805094,r1
82025,6385,80.02523510726849,-31.40687907074872,r1
82040,6386,60.93643491425861,-13.15188416139813,r1
82061,6387,-16.19887532868163,59.3809666839193,r2
82077,6388,63.08089524511752,-27.92547755013065,r1
82091,6389,58.750162035808565,-15.283533204866437,r1
82107,6390,56.07570951728819,-23.27851770301146,r1
82125,6391,62.30438745178055,-25.570192842852315,r1
82139,6392,71.28911855085687,-24.673431053732877,r1
82155,6393,66.50865109952053,-18.11496569955917,r1
82172,6394,61.96748157011674,-20.953315071127996,r1
82192,6395,-19.997256522198523,71.59063950971735,r2
82206,6396,57.83285496044918,-53.3492201647915,r1
82238,6397,-22.552961836835834,86.3686934158076,r2
82261,6398,68.72488960950007,-28.95801159831835,r1
82270,6399,57.278095358158865,-24.186648976506625,r1
82290,6400,-23.56670719558619,86.03121560626957,r2
82316,6401,70.77027659879913,-11.229633674774014,r1
82358,6402,2.555323889426681,98.98088951640216,r2
82367,6403,54.83068457400675,-19.880203766060134,r1
82388,6404,-8.466042575499827,58.37247431842169,r2
82402,6405,59.02264685151558,-29.664260400372488,r1
82430,6406,89.80448548955846,-9.832010639361577,r1
82448,6407,-37.52871761331727,55.717737164786335,r2
82469,6408,70.33101064888533,-15.722758426431128,r1
82497,6409,1.4121492300624254,58.41538588968324,r2
82519,6410,79.51432403066273,-36.77671482473634,r1
82536,6411,71.18910795849601,-18.083721930123517,r1
82559,6412,66.77498335267623,-23.88065936717627,r1
82581,6413,-4.6993324823816,70.52147520029341,r2
82599,6414,72.05316617918686,-12.593510040552893,r1
82616,6415,66.22954136615273,-6.282438279822017,r1
82632,6416,-17.002649668604928,72.36889973873299,r2
82660,6417,3.216638746613704,85.46123654144816,r2
82676,6418,64.95355897073846,-29.889756556068626,r1
82700,6419,67.82394854636249,-45.16461948896764,r1
82732,6420,90.07845213066423,-5.3142612531756015,r1
82742,6421,56.462084881022676,-52.865909767891274,r1
82771,6422,78.36147107144465,6.08130138036686,r1
82794,6423,66.88113120254991,-50.64154553204298,r1
82829,6424,75.87988631817788,-9.710141349294716,r1
82838,6425,63.51164086325059,-21.907732681459862,r1
82861,6426,83.94938843363994,-9.829887341969808,r1
82877,6427,63.00735330979204,-44.608056737089704,r1
82896,6428,68.22949345664424,-4.195708798952815,r1
82918,6429,-11.154974321547456,60.96432076008687,r2
82943,6430,82.73499539918052,-8.638962487600402,r1
82969,6431,76.40197984046765,-13.328345082961675,r1
82994,6432,-48.54711778270371,66.49451400420901,r2
83025,6433,89.53905993933822,-12.548892179659681,r1
83055,6434,86.21563625127932,-7.521185799593255,r1
83074,6435,67.6988841110853,-6.340741073555186,r1
83096,6436,-15.66131752563166,61.46434596329907,r2
83110,6437,66.25028060884826,-33.42096946316776,r1
83128,6438,67.15896112559706,-13.246817008371302,r1
83136,6439,54.11572535298106,-23.90877906708625,r1
83150,6440,51.92188102523462,-55.99426030527285,r1
83165,6441,-8.480342874020721,66.8763857245383,r2
83180,6442,68.5486749239906,-14.187271567143867,r1
83191,6443,63.875466151080616,-20.242902532471806,r1
83218,6444,-19.217489149807516,77.9009631821731,r2
83241,6445,30.115476906103908,39.12720840321849,double_ko
83283,6446,-2.681970527028028,71.70232232866395,r2
83311,6447,-25.78288173587817,74.72240559433149,r2
83344,6448,-17.23729579284203,87.6841159320854,r2
83362,6449,72.72881700168959,-18.592125697255387,r1
83377,6450,64.47079511938675,-51.665820914082644,r1
83396,6451,64.73266538437562,-39.69122241473575,r1
83413,6452,53.235432184737896,-29.56659615616178,r1
83427,6453,62.866801409659885,-14.626750518751187,r1
83440,6454,63.65051164190542,-21.01187953493599,r1
83451,6455,51.58905882959906,-53.473629470250735,r1
83463,6456,61.6942664347274,-21.836150045704358,r1
83487,6457,-2.0636034762342277,71.96844764107323,r2
83501,6458,-26.009508241191817,61.24001991558454,r2
83521,6459,72.53772083562113,-34.44177862873782,r1
83546,6460,-33.06541162665276,63.94651325345391,r2
83560,6461,60.62687245703334,-14.827332764877958,r1
83574,6462,22.26299599061113,17.28591304143984,double_ko
83599,6463,92.809411252346,-4.251385922362601,r1
83618,6464,58.0998168515737,-13.458773830155565,r1
83632,6465,64.51139193127425,-18.50862478881087,r1
83649,6466,-35.975296840079125,82.84336863090502,r2
83659,6467,56.69219033956708,-16.486698812271932,r1
83674,6468,64.8847420417858,-49.75479001858333,r1
83690,6469,-15.623017869924755,62.43423344567946,r2
83703,6470,69.28054088311863,-27.67059201362703,r1
83714,6471,59.76527528727708,-19.26973143287112,r1
83723,6472,-45.82297003692262,62.44554969042043,r2
83736,6473,-49.404297094654034,50.56835231269108,r2
83751,6474,71.19777629931434,-24.95618721087427,r1
83761,6475,60.74835054951646,-21.21120493702611,r1
83770,6476,57.38982869614131,-24.493488096507498,r1
83786,6477,67.59077183644338,-12.018350754454325,r1
83813,6478,81.7021646651952,-12.319386052785784,r1
83826,6479,-23.575827910626423,60.84098042494594,r2
83856,6480,-23.64191875655584,83.34749893250685,r2
83875,6481,63.87579619344297,-28.309998214078895,r1
83894,6482,-19.287328762777413,61.781102209577725,r2
83926,6483,68.14647732541408,-11.396505548203997,r1
83938,6484,55.497840515658105,-17.55545447818557,r1
83948,6485,58.57472296043893,-16.923818553259455,r1
83967,6486,73.14477446643832,-10.122532328137275,r1
83979,6487,57.840829370315305,-37.459519891639935,r1
83998,6488,72.83209890066126,-38.824802154903196,r1
84014,6489,57.725238139197785,-57.134828680803885,r1
84046,6490,-7.308342566399091,74.20366668039213,r2
84063,6491,6.032152512616562,39.08630203632138,double_ko
84076,6492,-25.57565015837212,61.662970132705844,r2
84090,6493,-19.51012750637787,62.658881975266354,r2
84102,6494,59.85814611017149,-18.89502132665791,r1
84116,6495,-30.562407829544266,83.08813066959495,r2
84146,6496,82.16349491760269,-9.19408740235459,r1
84157,6497,-22.464666672341792,57.981304715628966,r2
84178,6498,79.95135506556946,-16.654758531217748,r1
84191,6499,60.39970085196947,-14.95093787178024,r1
84224,6500,8.70166831359436,79.41673566534813,r2
84252,6501,-5.467232537695907,76.1926757384098,r2
84270,6502,63.3542381992454,-13.254991697587215,r1
84286,6503,62.4822355702246,-23.172741038084812,r1
84313,6504,66.24490697144422,-10.206091280767183,r1
84325,6505,60.25609146940067,-10.262333795574008,r1
84337,6506,59.949778692811655,-14.220110544989332,r1
84350,6507,55.82640451816242,-8.732346170333415,r1
84367,6508,68.98626670119766,-32.8596594875128,r1
84383,6509,28.002981153146962,30.55144786589258,double_ko
84398,6510,64.12542497914757,-19.96284081600512,r1
84419,6511,72.40077780087121,-45.97441548580032,r1
84466,6512,81.89071578923001,-11.019002730405226,r1
84476,6513,-21.123602241792355,64.45417727364935,r2
84505,6514,84.78124180942451,-17.30271565365254,r1
84534,6515,-32.47404086379997,70.02299894947446,r2
84567,6516,-13.31281475097898,84.37912154245328,r2
84584,6517,60.49252845056091,-21.128812164527066,r1
84600,6518,78.8517006625968,-35.278519243980384,r1
84611,6519,-43.64547684317724,66.69692177080972,r2
84630,6520,-16.13528261667158,72.46361201593825,r2
84645,6521,-10.849611813295837,66.8879641426818,r2
84669,6522,75.52827110370032,-7.92638610019219,r1
84686,6523,74.06542028341238,-15.669661284849184,r1
84701,6524,35.435581055327425,0.8270316545980925,double_ko
84715,6525,71.12242247510335,-30.916635277314107,r1
84758,6526,95.26103325726888,-32.13153267138344,r1
84768,6527,59.27773138522603,-19.958976273123145,r1
84793,6528,82.08673720123717,-19.952862224676792,r1
84820,6529,67.3753956706851,-5.084015433434857,r1
84836,6530,57.57328643160249,-57.07391239681883,r1
84846,6531,60.1227709319589,-20.025302914617125,r1
84858,6532,58.04180474951622,-53.698039219278876,r1
84881,6533,73.38901071325536,-8.151439078561296,r1
84897,6534,-44.18582832451378,68.09938929760946,r2
84908,6535,69.26162713806755,-22.41291820440913,r1
84930,6536,87.16077169961056,-10.121845625033835,r1
84950,6537,-11.87027051517061,70.22613170944183,r2
84979,6538,72.02758563227003,-9.393125520716822,r1
84990,6539,65.17655003481657,-12.191057465144148,r1
85000,6540,56.927054293852855,-20.91194088885613,r1
85014,6541,63.61270500363247,-23.211396536351643,r1
85043,6542,71.94499036099899,-2.524039475787454,r1
85066,6543,71.22744577451026,-5.947690031479475,r1
85085,6544,-16.578814615934895,81.70884075193196,r2
85114,6545,73.25942775898503,0.13560158583771198,r1
85126,6546,56.981967286007574,-54.144961515173996,r1
85146,6547,-1.2414371564233164,67.71260010433974,r2
85173,6548,-17.802412597842363,65.51169091853468,r2
85192,6549,61.94121458275576,-15.206772495722738,r1
85203,6550,-12.031971184005222,57.57169824680325,r2
85235,6551,78.24454042736684,-0.9924402855666159,r1
85248,6552,58.111924915883826,-19.739689012594056,r1
85275,6553,-47.238758131870334,75.57593630204093,r2
85299,6554,85.34199123379923,-16.86467500741457,r1
85312,6555,-15.11016283500258,60.088492032824824,r2
85332,6556,65.4234098750531,-7.365214358159527,r1
85357,6557,-10.222062047597277,73.52505412396812,r2
85374,6558,-21.35661696524906,64.45472409660628,r2
85388,6559,55.89073880305133,-16.58690477897003,r1
85398,6560,61.29444424515158,-24.85424914104925,r1
85419,6561,70.3484348417644,-22.15864540127758,r1
85433,6562,67.81982181651661,-48.390351314652015,r1
85467,6563,94.84053281071175,-6.3653761760170795,r1
85490,6564,-4.301428938992352,62.34447802019486,r2
85511,6565,-8.289244234785514,69.2006462332652,r2
85541,6566,14.925647922403774,41.271686342927,double_ko
85568,6567,69.84003304655214,-20.46377568376946,r1
85603,6568,-4.690762929962894,73.34223051183176,r2
85637,6569,11.567264153198607,73.17869436703688,r2
85655,6570,-44.403279913880965,69.55403742933797,r2
85668,6571,60.82969845663805,-23.860147440388822,r1
85695,6572,70.68920535796202,-19.83766309237732,r1
85733,6573,96.17661526963514,-6.929203661544307,r1
85768,6574,13.549382276320536,86.73840327692062,r2
85800,6575,90.67101424936148,-10.802473953554454,r1
85816,6576,-7.594451407057342,69.12982095911198,r2
85829,6577,62.15336349463312,-12.379248111191899,r1
85843,6578,57.19799995133445,-22.094642797119427,r1
85860,6579,53.70303038547342,-50.30087499488918,r1
85884,6580,77.2740840377308,-34.17599015227675,r1
85894,6581,-21.124349008551892,65.4229529422491,r2
85908,6582,58.73651288240459,-17.16942325191508,r1
85925,6583,89.6283004213052,-58.16289527227433,r1
85945,6584,68.19243187182002,-13.453938282157566,r1
85963,6585,70.99682840758577,-15.895177022284948,r1
85976,6586,62.164286734521795,-13.664434762925403,r1
86004,6587,62.92397641617144,-52.01868191336486,r1
86025,6588,-13.672171996221792,60.59002711669922,r2
86042,6589,-21.522323563785054,59.928160823795125,r2
86059,6590,53.63247154469094,-30.338865459320157,r1
86079,6591,88.1179614186679,-11.008859661358208,r1
86103,6592,-0.2391372174625701,60.035237407863804,r2
86156,6593,20.598950293248343,88.40910805196297,r2
86170,6594,64.72333927167162,-16.069439427174583,r1
86200,6595,-7.411711188531719,89.05594087661852,r2
86218,6596,56.94377060844252,-14.141843552942813,r1
86248,6597,86.29109264585354,-13.796002638342912,r1
86268,6598,65.16388401059024,-11.98233885051578,r1
86279,6599,63.895054249539484,-14.783535338276021,r1
86303,6600,-14.711489157732494,75.32385922497184,r2
86319,6601,63.35891909369847,-44.89609139625003,r1
86334,6602,65.52161932936662,-19.960634098488438,r1
86346,6603,64.75076085510833,-23.20005281335056,r1
86360,6604,60.57058662263017,-25.416745753528904,r1
86393,6605,87.37715049427541,6.1948995925728525,r1
86412,6606,51.62225980643004,-9.840240339754217,r1
86429,6607,27.753595101285857,31.839542948412728,double_ko
86457,6608,7.568622485795331,67.03207229734807,r2
86470,6609,61.24405147476621,-12.597735672325786,r1
86483,6610,58.16096976779233,-20.98419935506359,r1
86505,6611,75.3527664390828,-2.4338931286955017,r1
86514,6612,57.32090488172035,-26.93481525895353,r1
86529,6613,66.46279391913907,-19.254713368962125,r1
86558,6614,70.42831321700818,-44.7435034326328,r1
86580,6615,76.18092129700703,-7.227236686582323,r1
86592,6616,63.19186792854503,-23.63569163447493,r1
86609,6617,61.95869789644525,-43.5227827882987,r1
86631,6618,68.14003206989261,-49.06684480212992,r1
86645,6619,56.30737071480899,-17.21698823076246,r1
86664,6620,79.57015345862266,-25.799827640618936,r1
86678,6621,62.795368873056105,-15.21260437379732,r1
86708,6622,1.2388082540225014,68.16707344157568,r2
86727,6623,68.83593917530557,-16.088339543534907,r1
86742,6624,56.54095030474165,-48.45678413024895,r1
86769,6625,-15.895408502098896,83.40244376537159,r2
86787,6626,-8.630211525262794,69.7392178429057,r2
86810,6627,-2.567474308086723,77.87493196278142,r2
86832,6628,69.84469244775275,-10.011782058265233,r1
86852,6629,69.81489900276232,-20.45114811354174,r1
86874,6630,-27.421584180047816,81.73299684247782,r2
86885,6631,60.43966024896582,-16.775691747853504,r1
86904,6632,72.62458679528869,-4.700673937584028,r1
86920,6633,65.71672538618361,-47.915127486274066,r1
86943,6634,-15.35779035166458,80.5758285461036,r2
86962,6635,74.36003489402285,-12.441221547279675,r1
86978,6636,71.50536927764261,-15.706589480926368,r1
86995,6637,61.39029677136793,-39.90895015363641,r1
87019,6638,76.23742963828397,-16.001485522041797,r1
87049,6639,89.42320799866494,-5.064369749279216,r1
87079,6640,71.20948230635358,-11.406768111779172,r1
87092,6641,48.19409354823266,-52.07084260946012,r1
87120,6642,85.64751392044353,-5.594788161709765,r1
87131,6643,62.53348133871683,-46.27457125897645,r1
87153,6644,65.50843788223122,-22.92652532012959,r1
87182,6645,67.81470940693899,-12.419660434267179,r1
87201,6646,63.73387280261345,-7.58615626442743,r1
87218,6647,68.97982903230265,-14.776535376299485,r1
87243,6648,70.57332989225088,-40.137771343531895,r1
87260,6649,69.74799165923808,-26.268926331681737,r1
87291,6650,84.5090973912069,-0.4210704899718394,r1
87312,6651,-39.86125486541264,66.2118445149062,r2
87341,6652,84.62717647715638,-44.87430801778776,r1
87360,6653,-36.66669926694927,73.38731479259587,r2
87372,6654,58.35206260333696,-53.39291367833762,r1
87399,6655,-10.958471487694311,81.86890006165305,r2
87415,6656,59.20748435035258,-37.353008704318945,r1
87446,6657,85.58849114235662,-17.948022166899495,r1
87460,6658,69.15307321399713,-55.43857621115941,r1
87483,6659,66.78730525458313,-10.676192977332917,r1
87503,6660,71.14253337914029,-16.094584193412576,r1
87532,6661,72.2809444525617,-26.684468937585446,r1
87570,6662,-12.870187649804201,57.518619581648935,r2
87583,6663,62.88799135558065,-25.80612490422655,r1
87612,6664,-10.735985945210594,93.4778121279322,r2
87631,6665,-19.15189260875693,66.26525420571366,r2
87645,6666,56.30695452297078,-20.353302975627606,r1
87680,6667,-0.447381813246416,75.31360721452805,r2
87722,6668,100.91522006343473,-0.4047249067472194,r1
87738,6669,-38.556653424433236,62.169025657429465,r2
87759,6670,70.14873534782315,-1.4727405914582832,r1
87775,6671,-51.76197650041253,61.81752986211099,r2
87813,6672,85.18571919423965,-9.10167413690344,r1
87833,6673,75.70438989682442,-18.137417024486997,r1
87845,6674,66.40261940603592,-21.270330137158055,r1
87863,6675,-21.255596635441645,49.31432397924703,r2
87919,6676,-4.120408439390538,88.61386453231006,r2
87937,6677,71.53565410023013,-14.400285147600975,r1
87948,6678,-19.75478003461425,62.70809368260371,r2
87968,6679,-8.101691922775657,60.925114434059076,r2
87987,6680,-38.05371400167343,58.546892482326825,r2
88014,6681,88.95409704202933,-42.597778574038415,r1
88040,6682,73.13653286986553,-37.5676274038145,r1
88060,6683,69.27739168970491,-9.554616488473165,r1
88079,6684,-17.720410718748607,73.74858878098404,r2
88112,6685,80.14034416718567,-33.502701527376885,r1
88165,6686,114.67394271397686,2.5580505272761087,r1
88184,6687,73.69077441079364,-15.303927511985531,r1
88197,6688,59.37395146603015,-28.256533296950494,r1
88215,6689,-23.76540021835028,62.42159328367276,r2
88225,6690,66.0206604086674,-19.898083813707192,r1
88263,6691,-4.851093945239171,82.02523878677968,r2
88274,6692,55.7677401996154,-27.079452081547117,r1
88290,6693,73.31247299602185,-25.68858817152122,r1
88301,6694,60.713308878807496,-27.96960754160841,r1
88340,6695,-12.837177248124114,76.4297258506592,r2
88354,6696,-17.270733463611297,63.25553783954753,r2
88376,6697,-9.73286445701359,71.55760931002754,r2
88402,6698,-23.92185955080375,67.21211650480407,r2
88430,6699,85.53375698141993,-5.706177256225246,r1
88442,6700,-22.663362295766746,71.28119772217414,r2
88479,6701,74.63287711441234,-9.238077384374243,r1
88510,6702,74.6263667596308,1.3146787526647827,r1
88530,6703,-28.3686588411499,64.2226030956815,r2
88551,6704,64.82091847963517,-8.26223784433413,r1
88592,6705,93.90074756502818,2.1222343960585803,r1
88607,6706,63.56171855000346,-53.338979732195256,r1
88619,6707,56.544659489627435,-25.469620307499028,r1
88641,6708,-5.494340348909525,65.82580649060682,r2
88668,6709,-17.75662943055113,93.92767374065673,r2
88685,6710,-15.432971465820849,69.17367752272786,r2
88710,6711,83.71491287008527,-6.231803808695425,r1
88743,6712,96.26830479692656,-0.18106227664745944,r1
88767,6713,86.71632038870607,-5.552403530419994,r1
88789,6714,63.67560113776422,-8.731792136231931,r1
88798,6715,62.087817775731246,-22.47896332754554,r1
88814,6716,-14.654546248403946,59.95923688557944,r2
88847,6717,-16.974842475165794,83.57488384412974,r2
88861,6718,-17.38231728717302,61.35717414409767,r2
88888,6719,70.0869429388018,-51.41278586318606,r1
88896,6720,51.974838769633536,-26.48764338590197,r1
88923,6721,79.53968461009421,-18.181768905845892,r1
88946,6722,65.25285634910809,-6.181059514889711,r1
88957,6723,-22.100019636413627,61.71520377860315,r2
88969,6724,-15.786844993477793,63.632159066022695,r2
88990,6725,64.02895125389269,-5.161846806771997,r1
89014,6726,68.92430713468666,-14.898692082402178,r1
89025,6727,58.996634441199085,-21.189549478119734,r1
89032,6728,54.75877332274504,-24.54039636283303,r1
89054,6729,80.10732357960237,-10.406551233898035,r1
89079,6730,59.72036188247412,-12.256133700460481,r1
89089,6731,64.230529416396,-23.13905297679549,r1
89113,6732,85.28844451123571,-56.23693253194819,r1
89125,6733,70.6176449420287,-18.033484011332394,r1
89147,6734,60.3960958120812,-20.833462674482547,r1
89158,6735,-45.744087935753285,64.99666623907409,r2
89171,6736,60.5213569964465,-14.686257178828956,r1
89195,6737,70.42908990228365,-1.5446674470597586,r1
89208,6738,66.78825670535389,-17.558463975841246,r1
89247,6739,26.33764841950337,25.84029511314947,double_ko
89264,6740,65.87718013378577,-3.310020363640888,r1
89301,6741,82.54955179109864,-17.815547293620728,r1
89312,6742,62.448508637586315,-23.915313452246735,r1
89339,6743,70.96913603969568,-12.21124321231214,r1
89350,6744,65.69668436010276,-56.139678002744745,r1
89375,6745,78.29764611660647,-17.016512578941672,r1
89385,6746,-25.599841369289535,56.49944350379203,r2
89422,6747,78.4135022193935,3.1207087835542495,r1
89435,6748,66.00823653593474,-23.2554851749499,r1
89450,6749,60.438582891201435,-35.1761193526512,r1
89467,6750,-14.795524810974655,69.29545095486552,r2
89479,6751,63.631727271495976,-24.59266095864434,r1
89494,6752,58.96992441575544,-33.25815695360484,r1
89529,6753,72.57272299236519,-8.019751600111384,r1
89557,6754,-8.041627602053111,84.59679491884631,r2
89578,6755,67.76134214975049,-7.796010280612499,r1
89598,6756,64.03812945950226,-16.108879143423515,r1
89623,6757,67.76540742918178,-4.084330714831815,r1
89647,6758,79.89274848262289,-14.068436442904783,r1
89659,6759,60.667043980898704,-14.873600631004606,r1
89673,6760,-11.078486551791023,75.93307784434404,r2
89708,6761,79.74999752112788,-21.145483374416763,r1
89723,6762,59.38969341086995,-52.526820189172,r1
89734,6763,62.7000222562056,-58.74281238651423,r1
89762,6764,80.40132725614154,-10.22023571347195,r1
89795,6765,69.7993826988849,-27.963829212469008,r1
89823,6766,-25.85684932341547,50.25211881021124,r2
89849,6767,90.4841624530064,-14.71430237508261,r1
89890,6768,74.34359188435779,-13.740860625960288,r1
89903,6769,53.970348963510965,-24.421352715633518,r1
89914,6770,59.647601452707164,-48.024557670468305,r1
89949,6771,89.8221595645899,-19.06624802733063,r1
89968,6772,78.90504064204573,-10.812083790015635,r1
89994,6773,72.8789395211264,-9.691011805192609,r1
90030,6774,87.90326016244286,-16.56276494295104,r1
90049,6775,67.45742814129517,-19.243694102185717,r1
90064,6776,61.9367535605491,-13.222727240628661,r1
90098,6777,-6.8063281928034485,59.07333385466755,r2
90124,6778,-39.42037263461302,78.23896229432793,r2
90163,6779,92.96063043388952,-18.02193150649925,r1
90182,6780,72.0622951761783,-16.76300475876712,r1
90219,6781,3.4737654351465466,67.97989928348349,r2
90230,6782,59.12463541316715,-55.575506599580166,r1
90258,6783,70.2640695014675,-7.48365713801212,r1
90270,6784,63.569518441436664,-24.999035736635356,r1
90290,6785,72.79329590304663,-52.335348389181725,r1
90319,6786,68.22092931127952,-7.815450751236796,r1
90351,6787,69.36115284140956,-32.24479384308482,r1
90364,6788,70.53112141328018,-25.310469721897405,r1
90384,6789,68.080135819588,-19.23282801918699,r1
90405,6790,80.79762493719278,-32.879224098729765,r1
90425,6791,75.61813556622076,-15.639540521631734,r1
90451,6792,71.80808043687627,-35.04417053295214,r1
90492,6793,75.13000432430408,-42.175796658537465,r1
90512,6794,62.37753879941435,-19.077659929072,r1
90526,6795,55.68349512093823,-58.47152747518014,r1
90542,6796,72.56673486216826,-43.17871093931423,r1
90572,6797,68.04318609243812,-27.406162181235814,r1
90604,6798,72.16741855008584,-57.173532491904155,r1
90653,6799,85.49830663326,-38.24858433534567,r1
90674,6800,-6.244750485098308,64.71437422506132,r2
90702,6801,5.922463216947492,72.78319296992781,r2
90719,6802,-50.48388079351738,56.42422570978437,r2
90740,6803,-9.900019547921758,68.5125433085357,r2
90752,6804,-29.947900137680247,53.755100126263336,r2
90763,6805,-23.26674914022532,54.26095499474576,r2
90790,6806,96.371481546681,-15.502571273297768,r1
90808,6807,67.64465630295204,-18.198159816691422,r1
90825,6808,85.55435029457405,-57.56463686812982,r1
90847,6809,95.0558468150412,-9.120554158838331,r1
90866,6810,-8.416184809604786,83.51815884129448,r2
90888,6811,-15.561624432704562,46.63072216844081,r2
90907,6812,75.9824984037321,-39.00667510280208,r1
90952,6813,94.6591465188948,-0.7692817243720711,r1
90970,6814,59.93932546755545,-49.34428576029991,r1
90990,6815,-8.692233204402669,55.85642016156824,r2
91018,6816,-1.2307006273603065,54.62300555834566,r2
91043,6817,74.79451053068301,-19.25179567174912,r1
91080,6818,82.25691673684764,-10.591669829295952,r1
91094,6819,56.906811196969024,-56.337591128656456,r1
91116,6820,84.17834557502728,-13.908967755395313,r1
91133,6821,77.85133782363626,-25.362871048908012,r1
91147,6822,66.0997901118429,-18.39940356200075,r1
91154,6823,-25.596134408969988,54.97512941095457,r2
91187,6824,-12.867877121284941,93.89265342828475,r2
91235,6825,17.56678411907052,100.75186598037912,r2
91251,6826,61.90380151262159,-48.94729423007516,r1
91276,6827,-3.0867979093461173,69.79993634781965,r2
91315,6828,69.22830769947166,-40.029402528831554,r1
91335,6829,-16.436149763740886,59.90642241808536,r2
91354,6830,71.79430851751245,-28.064820496995093,r1
91374,6831,-10.38082614494978,68.59955191570295,r2
91395,6832,-10.721735880465182,79.1222789299081,r2
91413,6833,70.0281357349186,-30.021937615572963,r1
91452,6834,80.03893138935565,-9.885440816607343,r1
91474,6835,69.88039671993596,-15.824163586670387,r1
91489,6836,67.46423708649311,-12.494392122704184,r1
91518,6837,70.82314851077838,-14.038787684858129,r1
91531,6838,69.0321481209279,-14.185332473769854,r1
91553,6839,-3.440699179415823,59.859916660639755,r2
91577,6840,-36.0308751358714,72.21812620112395,r2
91606,6841,67.32895171700298,-13.306868329192874,r1
91631,6842,3.650404605088312,49.13824952547534,r2
91644,6843,-52.73457281447133,48.34292955056965,r2
91687,6844,91.64461398576515,-10.697291425963478,r1
91702,6845,62.71568928357806,-17.531187103307843,r1
91730,6846,75.30624119029392,-12.297218833492316,r1
91745,6847,57.611879881103704,-53.915353109551106,r1
91763,6848,83.6649570534633,-11.381149347582308,r1
91783,6849,75.26877933710244,-16.14952350385917,r1
91793,6850,-40.79077958372986,52.33288275008301,r2
91814,6851,75.84356381783988,-20.581641676805422,r1
91833,6852,75.79744629840677,-21.311943092351747,r1
91849,6853,-10.29691971248078,54.42939279137422,r2
91887,6854,108.56430309898505,-11.266400756167023,r1
91907,6855,66.16801728425628,-31.07386075460068,r1
91935,6856,-30.341628011981243,53.4845975200895,r2
91951,6857,-36.17635484614773,72.6996995514463,r2
91981,6858,-29.549953068224017,73.57450234972197,r2
92014,6859,92.57381094061873,-13.628870561124593,r1
92043,6860,82.65854012183114,-12.844187061322316,r1
92052,6861,-18.219884763800607,57.5076526423699,r2
92068,6862,71.35458219041526,-13.411528735846105,r1
92095,6863,-43.68513492663983,68.39117738926414,r2
92107,6864,67.55300207468335,-33.262639303934776,r1
92125,6865,79.6125282100324,-21.488205694506185,r1
92135,6866,-24.238135093397077,50.52696638655908,r2
92158,6867,73.62445229927113,-3.041669240631606,r1
92170,6868,60.846918128999135,-26.801269059790872,r1
92191,6869,60.754764320680415,-34.64018116835101,r1
92209,6870,63.93399253496358,-15.793395633114407,r1
92221,6871,-17.650706539258962,53.62132129891639,r2
92241,6872,62.74658246523719,-39.68803566024887,r1
92264,6873,-10.729049461125264,83.93095969631887,r2
92302,6874,78.74789560662347,-13.141917372041434,r1
92319,6875,68.0566572805271,-24.541833475998292,r1
92340,6876,67.2264824008746,-19.299995012939338,r1
92350,6877,61.69588241055487,-19.793962720276255,r1
92366,6878,66.51112076252885,-24.941797473613438,r1
92380,6879,59.97541390994632,-15.499459478656725,r1
92391,6880,-16.182097906542175,51.419742446591464,r2
92420,6881,77.78212628815498,-48.01891590070072,r1
92431,6882,65.49661867967767,-21.67532329376428,r1
92445,6883,59.349304776162505,-44.87295375603112,r1
92471,6884,72.96881278551785,5.495444510546989,r1
92494,6885,71.29434190359567,-13.74066252701962,r1
92510,6886,64.74060553947425,-13.61472295823069,r1
92568,6887,110.65440457389204,4.200483442272649,r1
92575,6888,60.41934072027098,-32.4816871339933,r1
92599,6889,-12.443382621747077,66.80959167557296,r2
92609,6890,66.239711878728,-20.983121243238138,r1
92623,6891,67.33575703183706,-21.889550468497497,r1
92638,6892,74.14362045676818,-38.2747797724288,r1
92656,6893,70.2248026246395,-48.47000706581358,r1
92666,6894,-19.357576830667732,59.610159614406804,r2
92687,6895,-22.71460387701621,50.27879732360408,r2
92699,6896,58.881525657249924,-59.22243812060347,r1
92719,6897,-11.434175554336989,63.672880600794585,r2
92745,6898,-4.525187260895649,72.50744900405937,r2
92766,6899,-16.11243809766187,74.06139382563684,r2
92784,6900,64.65046531051185,-26.38691953897878,r1
92802,6901,77.45045084488562,-37.87516420166441,r1
92823,6902,66.82535310118926,-17.996537216486125,r1
92848,6903,71.1032384851338,-57.735027510995984,r1
92866,6904,59.1343809785175,-26.219464381057964,r1
92913,6905,84.26279306546118,0.24888206254045997,r1
92938,6906,-14.628008542793722,82.70625208425643,r2
92954,6907,78.40345022257321,-23.480200958839788,r1
92965,6908,65.4202837080888,-52.48764046313682,r1
92976,6909,57.855678590332175,-58.6475085438592,r1
93000,6910,81.0569607560256,-17.2652169924687,r1
93027,6911,74.14558333000383,-22.63283631556141,r1
93045,6912,76.8461046224368,-27.529265472439352,r1
93062,6913,60.66717401779046,-25.34337143964491,r1
93087,6914,78.31683559389612,-1.7213768127065734,r1
93102,6915,66.40832608904974,-26.585920342915514,r1
93136,6916,84.6849889279149,-0.09443651458172297,r1
93147,6917,67.69785450220212,-29.873357901511316,r1
93164,6918,77.20328108645077,-21.476329450480392,r1
93192,6919,0.28624622436826286,53.824245968339305,r2
93224,6920,81.19966420721693,-21.518657312845235,r1
93264,6921,95.18049075490941,-33.94047113074614,r1
93274,6922,60.49047811702094,-22.415168823665574,r1
93311,6923,14.871759696051285,81.74265399185623,r2
93323,6924,54.340171100099894,-27.956684295406376,r1
93345,6925,71.2390136246631,-40.33875134254116,r1
93361,6926,-14.600853945568474,59.919267310096714,r2
93388,6927,75.69581443882764,-9.425100207550202,r1
93414,6928,92.98701004176162,-15.484418586114622,r1
93446,6929,8.37626520568056,77.23229028655676,r2
93458,6930,64.09437733318185,-16.519267176900915,r1
93470,6931,76.76279156776128,-17.98536388572147,r1
93481,6932,62.367755172620164,-25.551289036528672,r1
93504,6933,69.03633794885438,-22.536702291297164,r1
93517,6934,71.28017016634091,-12.059144405469013,r1
93540,6935,-1.9021005518549146,77.51198980587174,r2
93552,6936,61.521062180840644,-23.703432858055375,r1
93568,6937,69.0075722595413,-14.831724819154154,r1
93591,6938,73.72688428549009,-40.16019720422583,r1
93604,6939,64.07620137678478,-19.28108304139873,r1
93625,6940,73.79222740921477,-15.873289655696663,r1
93636,6941,64.34639710612524,-22.53046804518289,r1
93646,6942,63.1424717277515,-26.978413475618495,r1
93661,6943,65.04622995934425,-18.049057815080417,r1
93682,6944,68.60741896672016,-15.602761871952453,r1
93697,6945,63.29188733107872,-20.289863509055746,r1
93715,6946,67.90277128025878,-24.737518246268394,r1
93724,6947,61.16366070789119,-18.01258864253203,r1
93749,6948,86.02151161557546,-23.12770941575278,r1
93769,6949,-4.795169748395395,73.31626384826087,r2
93784,6950,66.36212705043474,-13.704337747758462,r1
93796,6951,66.19192436115189,-15.92030148760633,r1
93816,6952,79.28854261573278,-12.964779976839175,r1
93829,6953,55.88594445196265,-26.181386733630514,r1
93849,6954,74.89302223851436,-18.390227798170812,r1
93858,6955,-20.896400337431576,70.906876034122,r2
93876,6956,69.95303315452983,-33.45892644320004,r1
93896,6957,67.78913690409166,-44.90372622499859,r1
93915,6958,74.42702103928866,-23.232105526844844,r1
93923,6959,59.84157538740885,-23.229241464408823,r1
93947,6960,86.42660977888991,-20.05911095260259,r1
93956,6961,56.73730575098055,-26.73739493944894,r1
93989,6962,97.31357785274264,-14.04714982513508,r1
94010,6963,89.26563160057475,-7.952240370457545,r1
94025,6964,-9.500900578412946,64.74582881738934,r2
94035,6965,71.02920826357337,-16.69685082967217,r1
94056,6966,84.9551391776204,-10.903125287443025,r1
94078,6967,84.45901609570961,-13.624954304290462,r1
94089,6968,63.57089293499636,-39.66490340686864,r1
94108,6969,74.55576721423338,-1.237901381101345,r1
94120,6970,56.639786276012615,-51.89819257213513,r1
94135,6971,79.27333873327467,-23.407617269149867,r1
94146,6972,65.02986661917375,-15.090281484054643,r1
94177,6973,-8.262270414659625,81.63423019563184,r2
94193,6974,-20.414419190504283,88.32964088122147,r2
94231,6975,-23.408809591940496,71.04239095128995,r2
94247,6976,65.23325199254506,-24.905782514107976,r1
94258,6977,60.71086660713001,-10.323601514136591,r1
94290,6978,90.07212169106705,-15.447453794030075,r1
94301,6979,66.16218371946526,-26.1536890464085,r1
94310,6980,53.611380298377554,-51.57231126264948,r1
94329,6981,66.08271150934236,-36.897476445933044,r1
94340,6982,60.706028686448136,-18.234501160921464,r1
94361,6983,-3.4623147645101255,67.59959372723239,r2
94378,6984,63.883759463247905,-16.656175898369067,r1
94395,6985,72.28679070257553,-53.36832243474791,r1
94418,6986,70.51980920856475,-8.150133758600965,r1
94429,6987,57.447659017955985,-23.118017571447353,r1
94448,6988,55.55577615235296,-10.268856234168737,r1
94467,6989,70.04122050170764,-36.36765809289341,r1
94501,6990,-1.2526278104586268,76.96011925454644,r2
94519,6991,75.97573221223996,-14.656438284696165,r1
94536,6992,-17.61741230756531,60.43730262361378,r2
94555,6993,77.48862913722562,-3.826177689488105,r1
94585,6994,-9.95868533970944,61.83477524613119,r2
94616,6995,94.00831741638734,-1.4712045018776223,r1
94640,6996,80.96262384538815,-22.590401598263675,r1
94675,6997,61.8629889928353,-20.32588928832032,r1
94701,6998,-5.26972141540643,78.87510063986171,r2
94728,6999,74.70365496237474,-40.78242526081784,r1
94763,7000,0.9656859679174801,68.69785540263969,r2
94804,7001,-31.23544346565074,79.17217474734304,r2
94831,7002,67.78741855346087,-8.202776349417796,r1
94864,7003,88.89792664358956,-48.70617752657325,r1
94898,7004,93.32211043782601,-4.251825062678726,r1
94943,7005,21.566005373322817,70.90760602824545,r2
94960,7006,72.4286284627268,-13.764706674135155,r1
94991,7007,80.41956701165486,-20.68643314869065,r1
95019,7008,73.95770098659978,-31.99621767436957,r1
95028,7009,57.36691128997146,-19.419848068782535,r1
95045,7010,69.76840162488759,-15.964412124725694,r1
95070,7011,-36.5814100165605,76.26011408266254,r2
95082,7012,69.11319364532895,-11.705061416097365,r1
95097,7013,67.27405193040238,-26.366287317607373,r1
95114,7014,62.61240371913141,-7.738791530002921,r1
95131,7015,73.29463598443031,-14.341241160263863,r1
95154,7016,64.02646573842928,-41.18876292828331,r1
95188,7017,-11.2709836001603,81.41037191941847,r2
95211,7018,0.1730881050491888,65.87611558632206,r2
95224,7019,-23.739058096220838,77.05022213239553,r2
95253,7020,79.18439308079498,1.6229644932239324,r1
95260,7021,62.70053115428995,-31.389403795681147,r1
95270,7022,-40.45622003871945,59.8894761754794,r2
95282,7023,64.5207806441837,-20.6216121824349,r1
95298,7024,-4.346462289744672,68.39927917296552,r2
95325,7025,81.85890355764185,-34.48559343804469,r1
95351,7026,79.08471220317087,-9.185532831619689,r1
95378,7027,86.53625926794672,7.272410311431493,r1
95414,7028,-9.83820673947617,67.30320984744004,r2
95438,7029,69.82324784057433,-5.098823946997079,r1
95452,7030,69.27560586136767,-18.885958308540907,r1
95474,7031,63.46231979485903,-23.71677836059325,r1
95504,7032,-11.852641561945191,62.92564972739683,r2
95518,7033,67.30175398746056,-14.139798426395952,r1
95535,7034,73.79801851002755,-11.607252587542163,r1
95542,7035,54.395358010734576,-28.212868300265242,r1
95570,7036,-8.642110009578488,55.665102911931555,r2
95581,7037,56.72547990294851,-50.601072710875584,r1
95598,7038,-9.68505357301261,62.24408935873471,r2
95607,7039,56.57105379049,-21.364695854550327,r1
95624,7040,62.572614168551056,-21.76437210333719,r1
95641,7041,74.28691782307055,-15.22449922666759,r1
95652,7042,64.36631898687948,-20.19852129433127,r1
95668,7043,71.48916497434588,-19.226748016118854,r1
95683,7044,77.8038554996651,-25.167278090500343,r1
95698,7045,61.58992484908269,-31.070610477270748,r1
95707,7046,-49.24590751454681,58.07764398763884,r2
95732,7047,-5.404743820353438,66.76756709180445,r2
95757,7048,62.94401976364168,-41.79351234644319,r1
95798,7049,79.15084631546961,-16.765676993090345,r1
95822,7050,61.47946615851562,-39.99188876699886,r1
95839,7051,61.75554261663162,-17.711615620374058,r1
95871,7052,73.80705725412689,17.06944336312643,r1
95893,7053,61.465642539495065,-22.894398339459247,r1
95905,7054,63.45516185750369,-57.05881940928496,r1
95944,7055,-19.903424837131503,92.06211217012441,r2
95955,7056,-41.0886693489979,58.70589165135014,r2
95976,7057,74.84237990301943,-12.498544245854792,r1
95997,7058,63.21598873194408,-27.53588889002234,r1
96009,7059,-37.797775260896266,63.86669939070619,r2
96021,7060,-46.516999352349,66.00117066913973,r2
96034,7061,70.29805919731973,-49.80556888211195,r1
96074,7062,85.2337999055259,3.628703305473472,r1
96111,7063,73.71411516556472,-21.192542830578137,r1
96129,7064,73.49564184189036,-53.1626421670116,r1
96171,7065,2.5828927512644952,77.16562097148646,r2
96182,7066,62.04645955328777,-22.342821000210453,r1
96206,7067,83.12888879781502,-17.381833053540788,r1
96228,7068,66.42031170749983,-21.1247994497121,r1
96268,7069,-0.5223784568181458,75.45384553844714,r2
96286,7070,71.26870362962005,-55.82227523537227,r1
96310,7071,68.304643546973,-5.697271580429344,r1
96339,7072,-14.575219331531848,71.08865804659453,r2
96367,7073,65.49966100379774,-41.911264280902856,r1
96400,7074,73.01779655728278,-26.830901410892235,r1
96414,7075,59.1496632829383,-50.02138437869217,r1
96428,7076,64.2759962372199,-58.09474889978587,r1
96438,7077,63.30885245635443,-38.96055351780676,r1
96461,7078,72.31931223575057,-41.1805001810456,r1
96484,7079,70.88963275509747,-30.004647995038816,r1
96501,7080,70.409297397077,-20.547581237667977,r1
96523,7081,76.98744932522797,-22.250801420752456,r1
96566,7082,86.89295147503466,-4.598158971361997,r1
96584,7083,79.30506352500507,-22.57236271546623,r1
96596,7084,61.026461907923476,-50.58079899062875,r1
96617,7085,76.99511123329398,-18.17996181786984,r1
96648,7086,86.86373152879855,-17.09972710891672,r1
96660,7087,56.52828212857199,-19.281821457479055,r1
96683,7088,74.61513050769503,-12.90063693248964,r1
96698,7089,-26.24302986811067,62.4374578423469,r2
96708,7090,52.41323058487372,-52.79775928529562,r1
96748,7091,75.22005062288679,-8.655363173022387,r1
96759,7092,63.54582870523268,-23.464825460574147,r1
96771,7093,57.7924473332222,-20.809647223820782,r1
96789,7094,65.05049528064484,-22.480595603756353,r1
96807,7095,-14.05450589309061,63.37832043746733,r2
96819,7096,61.60673962722065,-21.098424210977946,r1
96839,7097,-6.284244043774933,59.07337951482226,r2
96859,7098,66.24175157361192,-40.69674758742035,r1
96892,7099,72.78833446759923,-44.64250859048626,r1
96910,7100,63.50444931526757,-19.36486260222436,r1
96931,7101,70.47457255930853,-14.541154839079933,r1
96957,7102,83.42927224312672,-28.195166695038722,r1
96981,7103,-4.856033555230049,71.19544806013498,r2
97018,7104,90.31415417052497,-1.7771333071086701,r1
97034,7105,59.4898761010721,-47.70225479068739,r1
97053,7106,-15.481203628296427,70.79857652533725,r2
97074,7107,73.6583974903676,-35.99080519424773,r1
97091,7108,57.429964122532716,-5.231063174518049,r1
97103,7109,54.90039437594736,-19.618757447192873,r1
97117,7110,62.720429635547376,-53.760829851500425,r1
97126,7111,58.72430382408932,-24.322729092808782,r1
97152,7112,68.21134343646142,-17.971954761144822,r1
97172,7113,82.2370573041382,-8.443920231568363,r1
97201,7114,79.76905173261758,-17.05570348130043,r1
97253,7115,101.18614279738914,6.610563172662097,r1
97277,7116,70.24632428979368,-18.68000719791501,r1
97303,7117,71.98668567227116,-8.227976341695808,r1
97314,7118,62.73086073697031,-19.365337198415666,r1
97355,7119,92.16013095490362,-49.687313563548926,r1
97373,7120,-8.986691540829405,64.01302444138341,r2
97388,7121,63.29721780444372,-22.368431476568944,r1
97399,7122,61.825793307911006,-22.004956328636478,r1
97424,7123,86.29967768923419,-6.4875736508535695,r1
97437,7124,61.6428353287622,-16.406226666604685,r1
97453,7125,63.572141234010004,-21.760530232555617,r1
97492,7126,78.17785999469345,-49.0033486639227,r1
97509,7127,65.03193488742221,-19.947939703427142,r1
97528,7128,66.43570981832319,-64.33321627833766,r1
97542,7129,-7.672772724085718,66.58015891531889,r2
97572,7130,94.22603031828645,-19.02842330304379,r1
97596,7131,72.70685007190056,-9.434039793520547,r1
97637,7132,84.72251609317331,-9.442316391079522,r1
97651,7133,59.88397606961298,-35.273257288337206,r1
97667,7134,61.60712982281668,-24.550354097751747,r1
97681,7135,63.041442420647755,-15.097576029947739,r1
97711,7136,63.17170823652032,-15.677907569530088,r1
97755,7137,100.03767235109723,-3.401309986945229,r1
97767,7138,59.66104164685511,-56.8311713510208,r1
97792,7139,79.16524022229618,-11.189307307889713,r1
97806,7140,-19.74042378916513,81.79943760762555,r2
97824,7141,65.80999564573224,-25.105523499621874,r1
97850,7142,74.68474053345486,-39.99116278594977,r1
97868,7143,41.03599443897692,25.79261518010951,double_ko
97915,7144,87.46961651239394,-12.964820802390939,r1
97947,7145,-30.286508834310634,71.36536630152418,r2
97965,7146,58.892144711856645,-11.920540564699238,r1
97991,7147,77.0329584048267,-3.3339916697599605,r1
98007,7148,-25.535710181411783,64.50389081785917,r2
98033,7149,70.12750704354065,-48.84183511680438,r1
98051,7150,78.69278305339635,-45.616931412049155,r1
98065,7151,59.149444222555374,-25.001636234483477,r1
98091,7152,78.35648238332706,-17.608559509833796,r1
98115,7153,74.60571342256596,-25.684198189857913,r1
98129,7154,55.32139327004926,-18.686820564199596,r1
98143,7155,70.64408510551624,-18.550630114630664,r1
98155,7156,68.6395530288753,-29.222085803146726,r1
98172,7157,-25.898282988019847,68.80148595759198,r2
98193,7158,66.77523913141157,-10.586457109461769,r1
98221,7159,67.24609555950511,-47.534187743301224,r1
98230,7160,-49.08132930248782,62.19645571047116,r2
98251,7161,-25.216342157198525,72.98532301339955,r2
98277,7162,-4.106844650435775,65.29867847540896,r2
98290,7163,59.00043063704808,-17.24862688811635,r1
98307,7164,-50.49215344465763,69.39764751219137,r2
98339,7165,63.19799362745496,-14.431868990359789,r1
98370,7166,21.241675980098425,42.3502685898942,double_ko
98389,7167,67.60619758029921,-8.90582639511085,r1
98399,7168,63.96960847336392,-24.767451612208813,r1
98412,7169,61.90495004550367,-14.98896772730589,r1
98425,7170,58.819976165758504,-26.464924085426855,r1
98437,7171,67.79558154522081,-37.1928673241909,r1
98446,7172,61.49465840468932,-21.62825099521611,r1
98462,7173,70.7196086372792,-28.822451817120513,r1
98499,7174,86.92128560607755,0.5745125138185543,r1
98528,7175,83.43670813663817,-7.222614944496449,r1
98545,7176,65.01088677418863,-13.844720814252305,r1
98566,7177,75.53593584083487,-10.111699958535688,r1
98582,7178,-18.7684963484622,65.79301423947682,r2
98609,7179,80.49427241190732,-19.927671201985813,r1
98644,7180,41.81835947082205,42.12116465447805,double_ko
98664,7181,-37.33053237472437,71.17502337167471,r2
98682,7182,56.64808195267102,-6.5014369792205,r1
98706,7183,66.55859029727372,-39.70675405662397,r1
98723,7184,67.14388980909824,-11.439671929050228,r1
98747,7185,72.82256674084967,-20.609447730791114,r1
98768,7186,61.059530433070755,-18.86522974811672,r1
98785,7187,61.60939992296139,-19.893451714107975,r1
98802,7188,70.23203081347863,-15.002119105934298,r1
98812,7189,59.11377234796291,-23.2456686599891,r1
98826,7190,66.21506146481524,-18.297328752087893,r1
98849,7191,72.40745122801432,-8.156690566322716,r1
98892,7192,98.80218890159381,6.347822963529971,r1
98922,7193,64.84645526323523,-20.50330973512281,r1
98935,7194,68.92280829159843,-28.604349968774066,r1
98945,7195,54.80853387397846,-46.71640907193507,r1
98974,7196,73.61554400183024,-21.38966060628563,r1
99004,7197,75.71302460005748,-8.935631650180639,r1
99077,7198,108.37425152200981,15.830334931807279,r1
99099,7199,81.20256864146069,-18.706037691310694,r1
99112,7200,67.73155681178605,-31.861294450589995,r1
99148,7201,-1.817340250447053,60.44452445801148,r2
99173,7202,66.2665326370072,-1.8891434148174682,r1
99207,7203,9.575372310313924,80.868201047946,r2
99223,7204,65.89017140958812,-30.167942793041217,r1
99239,7205,-11.59808159836674,66.40129237847495,r2
99254,7206,56.352195780155554,-39.71021887952174,r1
99274,7207,68.26056132312007,-11.80066354570053,r1
99283,7208,58.010196865305716,-27.412256013499103,r1
99313,7209,79.60832130315424,-18.12570158090511,r1
99327,7210,58.0253601924566,-14.45278846638739,r1
99363,7211,-22.58910587683924,75.63301040280025,r2
99383,7212,64.25708638700374,-41.90704187430934,r1
99397,7213,56.5029835577459,-23.869467111930454,r1
99426,7214,61.76750281068517,-21.90977738210643,r1
99440,7215,-55.67526268269193,59.17231735724796,r2
99468,7216,65.1798011346996,-6.340936440997105,r1
99494,7217,74.2385473693844,-2.9675933610563803,r1
99527,7218,2.215968632825522,70.8141512109392,r2
99539,7219,64.29134466529355,-18.462841554272416,r1
99548,7220,63.32578780900734,-18.26371921991837,r1
99571,7221,71.90918347393867,-15.642129116750787,r1
99594,7222,-14.412374363603512,60.532825086144726,r2
99607,7223,57.875974104068085,-13.952187217251371,r1
99621,7224,69.14930009605679,-19.88820235429086,r1
99643,7225,79.1399140741791,-25.443188278797198,r1
99661,7226,-36.53804707611329,60.296332099895636,r2
99675,7227,59.91169422983917,-13.758300895155912,r1
99700,7228,70.6550812344073,-15.887316991647673,r1
99717,7229,60.138915774137075,-17.015762794216627,r1
99734,7230,40.676872667837124,-7.721602844009347,double_ko
99760,7231,87.03005876491208,-23.827996812288205,r1
99775,7232,51.518016708139854,-50.863335091480565,r1
99786,7233,-18.40735886186818,61.53681512290947,r2
99803,7234,75.2304646129069,-22.472909070886004,r1
99829,7235,-7.2920248830293914,90.00617077087978,r2
99837,7236,54.89018478240848,-25.573841954458466,r1
99861,7237,75.24773573199127,-4.8941545903894905,r1
99870,7238,61.99907415498667,-18.06471427543473,r1
99883,7239,61.740834541517025,-56.73769786660616,r1
99910,7240,72.53031983011837,1.3083721693455033,r1
99936,7241,76.94077266698893,-3.8826530712717613,r1
99951,7242,62.46450827951307,-26.148999809282895,r1
99967,7243,-17.532379354735035,54.22694440679603,r2
99993,7244,34.95521878635497,41.79269871602406,double_ko
100010,7245,67.7782334922424,-17.46236265033621,r1
100022,7246,51.54489677819362,-39.45171213584427,r1
100034,7247,60.799182655642625,-16.31091714124446,r1
100047,7248,57.61519492830938,-14.053915347025303,r1
100074,7249,74.89100377970959,-16.07037498278943,r1
100110,7250,78.11071065954953,-10.469532300029151,r1
100132,7251,63.50388911423557,-40.752736855479775,r1
100162,7252,82.75218234991316,-26.39771432469269,r1
100185,7253,69.29736544413228,-43.631574789525544,r1
100208,7254,88.20076123293518,-18.343036235681176,r1
100224,7255,67.41410088942617,-25.546454446002166,r1
100257,7256,7.100685110029033,91.34506914852034,r2
100284,7257,90.3367508562422,-32.22358444265479,r1
100300,7258,58.18453194843896,-16.342081321436112,r1
100318,7259,66.06763496257109,-20.247094527313408,r1
100330,7260,63.59723658387259,-8.351127490568963,r1
100354,7261,62.93489636504696,-26.135287788352052,r1
100385,7262,-5.381078209178469,70.92757765267058,r2
100400,7263,58.13061786733584,-7.987599727576516,r1
100434,7264,9.732444363691357,79.83000004388416,r2
100467,7265,-6.280105849183649,89.96345281987786,r2
100481,7266,77.2717005471285,-13.160596517799362,r1
100504,7267,62.85622257052462,-43.60101209710624,r1
100532,7268,-7.110426628738352,75.625323459097,r2
100552,7269,68.38748409013654,-53.58066519627924,r1
100564,7270,70.50205136816618,-20.690924646605506,r1
100586,7271,72.6478003304741,-14.748831299145408,r1
100602,7272,69.65985430145025,-16.464401169493783,r1
100615,7273,78.97609398063244,-11.261574267403752,r1
100644,7274,-10.556595020687759,84.74698521542179,r2
100657,7275,-19.769922471869318,65.94134504910468,r2
100686,7276,64.79524918820013,-19.899318411276447,r1
100696,7277,57.73601189922353,-13.242198685591923,r1
100706,7278,65.60644433559268,-20.373420308152802,r1
100725,7279,72.52771685676758,-48.06816335010967,r1
100743,7280,-8.662893523489359,66.8648629873528,r2
100756,7281,59.04439309750565,-35.08579048405066,r1
100781,7282,-17.08385954080643,52.245981596348194,r2
100819,7283,95.39644896324633,-27.33636926498875,r1
100833,7284,62.41680558113497,-18.342601401279424,r1
100844,7285,33.5120947617243,22.10686810696155,double_ko
100859,7286,64.18524138188519,-46.68427904241948,r1
100870,7287,63.59899157563034,-19.13056832058595,r1
100900,7288,82.7674508983742,-4.8734100526413755,r1
100917,7289,67.26643168912975,-7.618586040780656,r1
100926,7290,57.66490960121581,-19.126692263655862,r1
100962,7291,90.60224060894126,-7.972734673900945,r1
100988,7292,-4.293874079021606,62.98777382308724,r2
101000,7293,65.88529267364383,-10.204242113362227,r1
101040,7294,84.60845117974576,12.014168143730458,r1
101056,7295,74.8810114733722,-27.431402842441432,r1
101072,7296,67.56833572592902,-36.23501437461266,r1
101095,7297,78.06208468929835,-2.2941168306518165,r1
101115,7298,79.3588886220502,-21.710618691395265,r1
101148,7299,84.04164460903044,-1.6780578242071655,r1
101177,7300,64.04023337840579,-14.635236988687847,r1
101191,7301,67.44407639216297,-8.955438922855471,r1
101229,7302,-32.82682360811111,84.33880509153765,r2
101247,7303,65.07256112120524,-16.591099826693366,r1
101274,7304,102.939246331268,-30.73553840470777,r1
101292,7305,77.09763435895249,-15.09555807112648,r1
101305,7306,63.604746151534954,-13.515959695275747,r1
101329,7307,-13.94350146739383,69.29817726962767,r2
101364,7308,74.11106884186341,-41.755832501762974,r1
101382,7309,66.14564724845694,-11.313131020047948,r1
101401,7310,65.13531079441255,-26.159991419439073,r1
101426,7311,70.11960548224783,-13.2833790037688,r1
101457,7312,84.29110279309558,-12.37397168342575,r1
101472,7313,65.72010150348552,-11.696867670199467,r1
101502,7314,83.6154401747966,-41.21987253428952,r1
101530,7315,78.06516717507536,-5.602003420640955,r1
101537,7316,58.1248343029802,-24.020363027125086,r1
101546,7317,57.787356195841895,-20.90356911721706,r1
101556,7318,57.65717602101025,-22.392926438302958,r1
101570,7319,65.0133750565564,-11.57314846526969,r1
101585,7320,65.14086154643773,-16.3302266545302,r1
101595,7321,64.18794736033573,-26.131162933735595,r1
101609,7322,-11.782957770091592,68.90615272500403,r2
101620,7323,67.26045888376532,-19.078997743785123,r1
101643,7324,8.279419929354894,29.061669254602165,double_ko
101673,7325,89.37367912301501,-10.284023679052915,r1
101706,7326,89.75542923578753,2.223278417436859,r1
101722,7327,66.43072329844628,-13.031864972506426,r1
101749,7328,73.5117894114189,-21.09323896049025,r1
101769,7329,74.62383286723089,-18.28441660742515,r1
101793,7330,68.39493128857505,-7.003100303984063,r1
101813,7331,69.91589770954258,1.4522725432512615,r1
101856,7332,85.99045389037039,-11.755808799076583,r1
101876,7333,71.26960640794819,-2.985522528230952,r1
101900,7334,78.58373276531881,-2.750963158764037,r1
101914,7335,63.106674168898635,-28.048586674307323,r1
101936,7336,70.63643484259644,-9.498547526116468,r1
101962,7337,-4.6787433189955365,80.20118212504214,r2
101975,7338,53.54171622771501,-12.209721987234225,r1
101985,7339,61.71043899903327,-27.800522114216307,r1
102005,7340,78.6578198381041,-2.3407467461563414,r1
102026,7341,76.54561962220724,-12.400600881000734,r1
102065,7342,89.45518326230884,-14.765341850427554,r1
102081,7343,-14.32306976903957,70.60742030057702,r2
102103,7344,-10.939031182279848,67.75234229529099,r2
102124,7345,76.55155223511545,-12.863987948963576,r1
102139,7346,67.59578769101245,-39.39112170537288,r1
102158,7347,59.61869210169776,-14.41602464095029,r1
102173,7348,58.288687188817704,-23.225523248793387,r1
102186,7349,59.883940243013846,-21.39399038213626,r1
102219,7350,74.48815844222165,-12.389373300464776,r1
102234,7351,76.75634892693448,-10.04145037667817,r1
102246,7352,67.53928773604977,-7.104400842026116,r1
102258,7353,67.70129668143343,-47.169453796056914,r1
102286,7354,86.60511797189885,-2.157346501397285,r1
102322,7355,-21.616074468713926,70.47262282615108,r2
102336,7356,64.6462872003695,-9.162799290659372,r1
102351,7357,70.31112037576175,-11.672659715639234,r1
102364,7358,64.22945853579807,-11.571298262929247,r1
102384,7359,-0.6645116202248786,61.848731472241546,r2
102405,7360,73.1628694309494,-14.592658121784822,r1
102431,7361,-8.651883731169335,82.64875910059833,r2
102446,7362,60.97676617328763,-12.10660272541702,r1
102466,7363,-29.580450902368515,73.48814100147315,r2
102489,7364,67.60289976128698,-18.115476320105454,r1
102508,7365,73.04517257435617,-28.48109478766321,r1
102531,7366,92.78159139632751,-55.33563374039229,r1
102563,7367,92.44858699043729,-21.608991793004673,r1
102585,7368,65.1305558002437,-10.463313003530281,r1
102618,7369,-13.254523942539535,78.265290973357,r2
102634,7370,66.19340812637635,-21.85778840960822,r1
102659,7371,-19.070893283282942,70.92220692336448,r2
102690,7372,68.07689381218836,0.18271108671859793,r1
102726,7373,-19.257102438543093,88.47276163852774,r2
102736,7374,56.96285005710178,-52.94457014706303,r1
102769,7375,68.84108863638643,-15.26684036351071,r1
102780,7376,56.97044219470749,-53.49869482509463,r1
102793,7377,60.807669947564044,-16.559499716149357,r1
102807,7378,61.83754701151965,-17.892570768239338,r1
102828,7379,-17.680102964803375,63.532435772838014,r2
102840,7380,63.74287306782814,-19.928767965520667,r1
102856,7381,61.473011593915345,-25.45043600576974,r1
102886,7382,83.37334315386498,-9.13994921149503,r1
102916,7383,-3.6248962851527864,85.6331415691537,r2
102933,7384,85.6160497848647,-45.75550585591861,r1
102960,7385,70.11246804396214,-31.644947782585028,r1
102975,7386,76.96060709858283,-49.55667522133785,r1
103002,7387,68.42272796015676,-17.3207608325378,r1
103017,7388,65.27574190026176,-20.422009870729212,r1
103040,7389,76.41464892876526,-11.467021415335374,r1
103062,7390,66.62034664975303,-11.15716559454274,r1
103073,7391,60.66661038121418,-22.492905782528638,r1
103087,7392,50.55966737163857,-53.70620819297956,r1
103097,7393,63.934289002235815,-17.061240710893927,r1
103144,7394,104.10489756258875,-3.207743800200113,r1
103165,7395,-13.95893702510385,64.23229778187988,r2
103179,7396,59.06770057595701,-15.949822779609278,r1
103212,7397,75.56196864859315,-6.372378673768459,r1
103252,7398,103.46968964528529,-4.257579479741615,r1
103266,7399,63.16635000412978,-24.40819513484103,r1
103329,7400,98.7427853409009,0.4415824016819485,r1
103365,7401,-0.5129849563736215,63.8764857542101,r2
103408,7402,-15.74003751587371,69.67022632217841,r2
103445,7403,93.27489113186147,-7.685202728659718,r1
103464,7404,84.63497317640866,-13.614068062351983,r1
103493,7405,82.6661233817175,-38.99182645356749,r1
103529,7406,89.90215828464662,4.356222245531747,r1
103549,7407,68.32216831450444,-17.674106513052763,r1
103575,7408,95.2978380214872,-16.453987020779415,r1
103588,7409,-37.727795817227644,57.36122440524453,r2
103605,7410,73.21304358677051,-19.2035817821065,r1
103638,7411,72.303293332245,-15.999516056261896,r1
103653,7412,69.51349881721038,-42.80918695980365,r1
103664,7413,56.42152440229517,-16.94169423242397,r1
103689,7414,83.67657204053133,-34.09052453355942,r1
103709,7415,57.7653926941945,-5.7909680203263605,r1
103723,7416,58.168667588211214,-22.903104922911666,r1
103743,7417,73.1357321359736,-0.5728385897301536,r1
103757,7418,73.6528672717477,-8.033329960118095,r1
103792,7419,1.6215138348698446,81.28717055667646,r2
103825,7420,88.69623745700727,-7.1606685828742584,r1
103842,7421,62.5507344487388,-48.669096638359015,r1
103859,7422,64.17136898236024,-23.295937376021428,r1
103888,7423,4.761920827551933,72.81343283694312,r2
103917,7424,62.7562676312572,-9.603966763199239,r1
103944,7425,80.47681539486979,3.27471299671204,r1
103972,7426,97.14709435324067,-23.03881743552832,r1
103999,7427,75.15647507523374,-8.858122782885161,r1
104021,7428,60.96381434306956,-12.297887454584654,r1
104040,7429,70.49651720958781,-10.50810134920848,r1
104049,7430,58.01054188322537,-52.201566855777955,r1
104061,7431,57.04183053468129,-19.768571790917928,r1
104084,7432,65.34250438963419,-33.260369917380046,r1
104097,7433,65.53698630276233,-26.30259323304527,r1
104118,7434,66.96674234187256,-5.396636202503778,r1
104140,7435,65.53651219278552,-53.799624352521754,r1
104167,7436,66.88700686677986,-18.777032262709174,r1
104221,7437,87.00629387232019,2.2148101115699106,r1
104238,7438,63.02062725893219,-46.0820843815693,r1
104263,7439,-15.934394763533515,66.69504285371674,r2
104282,7440,61.25067882051047,-17.944299916560247,r1
104293,7441,60.420929520778216,-54.11567418675489,r1
104304,7442,60.976270023498216,-31.691654946847123,r1
104332,7443,72.21771613118207,-14.371926320855941,r1
104359,7444,75.23967627002168,-7.94720301652918,r1
104388,7445,-12.549936103580357,77.93573959915146,r2
104426,7446,74.92627518006103,-10.69672536137358,r1
104443,7447,69.26665999001136,-16.533590951896336,r1
104461,7448,57.61035485722884,-56.29316314606785,r1
104481,7449,39.354273580108824,9.567638674367688,double_ko
104521,7450,87.16304213897132,-38.257090345980785,r1
104541,7451,59.105608424223504,-16.502244326360614,r1
104562,7452,74.09745211635789,-15.919971115743046,r1
104594,7453,-15.691139665106185,61.28556573378792,r2
104612,7454,70.05478032029467,-37.925839137269264,r1
104651,7455,104.03952387930514,-7.3738050629069605,r1
104669,7456,72.69641765360967,-34.75625572118385,r1
104681,7457,57.40875697039656,-13.339344669608046,r1
104704,7458,76.69606556296712,-4.036646601635745,r1
104726,7459,79.70290822903489,-42.48527090791478,r1
104736,7460,60.56273658194131,-52.610253861977874,r1
104750,7461,60.2107767790014,-14.831498240992651,r1
104774,7462,72.11617763767072,-23.76110449520087,r1
104794,7463,74.91078019050049,-10.576498432787169,r1
104832,7464,91.66633560786244,-1.4202060890238073,r1
104861,7465,93.30381590128864,-15.937090767519475,r1
104891,7466,85.83767525173646,-18.95058311284545,r1
104905,7467,55.36145878748137,-48.60902439663172,r1
104936,7468,-3.0619526988075734,91.26130194127512,r2
104959,7469,77.04655271740687,-16.898834258855988,r1
105004,7470,123.32597874657597,-14.83644277996504,r1
105021,7471,62.3225747328398,-13.257076566166951,r1
105038,7472,67.6976081550498,-15.566764588104345,r1
105076,7473,-4.523876094705329,86.38254266996573,r2
105103,7474,65.12823683135869,-22.505329198620416,r1
105129,7475,-41.0316984362326,64.68434753181054,r2
105155,7476,-3.891837418537314,59.869070366845925,r2
105174,7477,67.87769605747457,-9.083115759517717,r1
105203,7478,68.1839685470284,-20.800446190205342,r1
105212,7479,61.16717407140577,-19.277311800670034,r1
105231,7480,80.3171961850264,-14.218151772773744,r1
105245,7481,67.89400635392381,-28.233950897970033,r1
105261,7482,-13.552972840656992,81.44019797389545,r2
105277,7483,65.95096706727216,-25.102357694564034,r1
105293,7484,73.96358298894509,-15.433184553284544,r1
105315,7485,-31.36025463269031,65.34439079780302,r2
105330,7486,69.58012272597261,-51.47346466509092,r1
105348,7487,67.28441846675827,-4.527552907851636,r1
105366,7488,80.15456875573385,-15.578490939521075,r1
105401,7489,-4.898916659412862,71.70147006126363,r2
105417,7490,64.78272877070853,-4.437888983869371,r1
105451,7491,96.37967408857625,-31.244920137704273,r1
105472,7492,79.38643450081945,-9.006468379724353,r1
105505,7493,-1.4688989123992968,73.52709200395765,r2
105531,7494,76.6615863480483,-0.42257094147074525,r1
105551,7495,66.01617838838551,-18.289527796326222,r1
105566,7496,-43.60190958028666,53.65912401099705,r2
105601,7497,80.7464800883437,5.82003412003462,r1
105617,7498,63.61423212210566,-47.112423012679734,r1
105630,7499,64.57597794764982,-15.879929340511929,r1
105657,7500,85.52441186638214,-31.864959986755725,r1
105685,7501,-5.851347284560184,62.491426415990475,r2
105701,7502,69.36705360681796,-47.80003505867243,r1
105719,7503,75.7724759771266,-9.642948863557805,r1
105765,7504,95.5425595140354,-5.775686409722802,r1
105790,7505,79.77309466916161,-45.90017907552335,r1
105809,7506,73.04153227943499,-30.45435442415125,r1
105846,7507,81.85391771361026,-47.00614826466595,r1
105868,7508,76.71758882988175,-24.797182861115708,r1
105891,7509,72.70778569988165,-13.33771883595201,r1
105925,7510,74.9727362785809,-13.206158216651925,r1
105950,7511,81.80980336212089,-36.873193636283034,r1
106004,7512,115.39441525893483,-2.8141652798717374,r1
106014,7513,59.24697588613726,-18.906430087804814,r1
106030,7514,64.06132237372017,-51.057199599081045,r1
106051,7515,72.5853455437169,-12.876831771089424,r1
106076,7516,-17.052235653054467,78.14814629142327,r2
106103,7517,-1.1172530006355714,62.42010295276783,r2
106123,7518,-35.15991374356675,62.97341540922022,r2
106134,7519,61.455289699445444,-18.016764871704762,r1
106147,7520,67.81125566975423,-23.162870070292094,r1
106190,7521,86.60058626817323,-25.601327352327797,r1
106228,7522,91.32391447670804,-6.758805850345908,r1
106247,7523,81.2285880755926,-10.166454920748627,r1
106265,7524,74.60195224000066,-23.551324556506668,r1
106304,7525,79.98375366283993,-35.16915707481451,r1
106313,7526,58.250470016703495,-17.73356170951143,r1
106345,7527,99.48438469367696,-33.18886773632131,r1
106405,7528,87.8513988898599,9.950415440933867,r1
106425,7529,73.69270326432843,-17.633180356360427,r1
106439,7530,61.18629891525713,-18.106425934349527,r1
106452,7531,-41.72470373548436,60.162835208541395,r2
106463,7532,55.77768435792441,-34.05282440060266,r1
106490,7533,68.53193632289982,-11.602449768358326,r1
106533,7534,86.92435583262127,-4.249882489176599,r1
106567,7535,-29.8061762014218,76.01927561084884,r2
106588,7536,73.42943853688352,-18.81956088240222,r1
106617,7537,-2.5475838793259555,84.74247282699679,r2
106631,7538,65.57877612613417,-16.232350110561697,r1
106656,7539,81.26463436272522,-8.907165004052821,r1
106672,7540,65.75584230601682,-12.452175355584611,r1
106701,7541,8.940018253204805,69.28580894709594,r2
106724,7542,71.27641287641464,-18.425633170888318,r1
106753,7543,1.6187527486595599,88.8378348146176,r2
106772,7544,74.19054108558389,-25.24568333674859,r1
106802,7545,85.36126477776531,-4.719610571514423,r1
106827,7546,89.17547953551843,-7.471092142638696,r1
106846,7547,69.67358225270307,-31.635551144138063,r1
106877,7548,83.83844198498669,-2.2243286154764235,r1
106889,7549,72.1616508476777,-9.475645130615767,r1
106898,7550,55.33398893767667,-27.812048875033607,r1
106926,7551,77.97108601974972,-14.956320268971915,r1
106944,7552,-6.675936565471758,63.964898925664215,r2
106979,7553,80.59477938738664,-28.052641320875267,r1
107008,7554,84.34755619415608,-2.6592163873315044,r1
107020,7555,68.0497515549166,-24.86771351679301,r1
107039,7556,71.8945490500763,-12.583159783438838,r1
107057,7557,-47.410902289024506,59.20929852079737,r2
107070,7558,58.12162256101006,-11.172570199354517,r1
107088,7559,59.88455686292959,-35.15827546272696,r1
107121,7560,93.79248519934407,-15.696270727013136,r1
107139,7561,71.71851680170136,-44.57769521310662,r1
107156,7562,74.76562223165604,-7.541954758094214,r1
107177,7563,-11.542895609094607,60.11794784586047,r2
107192,7564,74.2184333212632,-13.658651650768427,r1
107216,7565,-8.429125406326762,67.46367170972624,r2
107240,7566,70.29637673492694,-16.59857198433056,r1
107273,7567,81.75922073858257,-7.8420594138693005,r1
107290,7568,-10.341292545034023,62.687587005662124,r2
107312,7569,70.32195396176903,-16.957415107153135,r1
107322,7570,62.76744073706958,-15.241452590914939,r1
107334,7571,63.48330695036095,-14.016054176140763,r1
107362,7572,69.22112981179535,-30.90228830735342,r1
107387,7573,76.39981145931246,-47.14152903675365,r1
107402,7574,67.41965082055908,-12.04475242546264,r1
107419,7575,71.7802312728503,-20.34519605916485,r1
107459,7576,104.53241222763809,-47.36457300018147,r1
107471,7577,66.88994386845832,-22.128125923312137,r1
107488,7578,75.90918405678556,-13.116279945785024,r1
107517,7579,81.04484499310591,-46.85494533243284,r1
107549,7580,79.58273955902385,4.993476004625421,r1
107574,7581,81.75611380853418,-47.37065443061824,r1
107612,7582,0.20330863066354254,77.88608174367592,r2
107665,7583,6.501468885189219,110.14131783859912,r2
107679,7584,74.09225757280984,-14.780086856369063,r1
107701,7585,65.05063545875535,-46.96444504601587,r1
107725,7586,-40.678533805840516,66.08913188144673,r2
107749,7587,73.17654813635961,-54.03338678864373,r1
107802,7588,107.84122937526371,2.877891334011167,r1
107815,7589,61.61131348583862,-20.469128009362272,r1
107834,7590,-12.859794225567423,65.87021697367888,r2
107848,7591,60.56034368253025,-30.53486582610742,r1
107867,7592,70.47298001796324,-7.778369198017934,r1
107884,7593,75.00769764594155,-28.497259926181236,r1
107925,7594,10.173232053362831,87.85674806712403,r2
107945,7595,63.96354439535538,-50.30383052184169,r1
107983,7596,7.220760018322437,81.14589296643273,r2
108015,7597,-10.870927065582109,76.8431045035454,r2
108033,7598,-7.501229279683372,55.44764649814938,r2
108071,7599,97.69525451610866,-4.0091905063432876,r1
108102,7600,86.21035177044132,-35.67448981672497,r1
108112,7601,62.47975216555383,-16.570117364240758,r1
108130,7602,62.23257254894784,-14.920395491934446,r1
108146,7603,65.16660404107837,-16.594827022972165,r1
108161,7604,64.48442978152076,-17.27846822134307,r1
108182,7605,-9.847343365599997,67.30801705598248,r2
108201,7606,70.37397157186173,-41.81991930864956,r1
108233,7607,71.22751993562416,-47.816989904723954,r1
108252,7608,68.96199000617393,-16.847262085514128,r1
108266,7609,-53.14724117464361,66.09593174177782,r2
108277,7610,61.23503617285981,-14.345800261318697,r1
108290,7611,66.19092750010773,-13.151501068385748,r1
108303,7612,71.6828313381685,-19.69201355619501,r1
108326,7613,82.35485760785276,-6.978353306929392,r1
108346,7614,60.44205278592618,-5.775568400373665,r1
108363,7615,61.65621963495026,-9.514180720621574,r1
108394,7616,-12.726892973744548,57.08333045580507,r2
108406,7617,59.999384325938635,-42.75917465038669,r1
108415,7618,59.74189471724206,-19.34613016284762,r1
108447,7619,-12.998380032183448,97.72476127517481,r2
108472,7620,76.59962145175413,-46.043179645204724,r1
108492,7621,77.18280632108294,-12.73619148655002,r1
108519,7622,66.79233376951724,-15.675233314648821,r1
108537,7623,76.1282583190494,-24.85866729309344,r1
108562,7624,72.61764645389252,-26.469854776598808,r1
108587,7625,75.5571114919096,-12.910939143273339,r1
108611,7626,70.6294034152934,-18.479334453217753,r1
108636,7627,68.90993416582234,-7.400848515378193,r1
108663,7628,76.86374901689601,-37.67854700112085,r1
108675,7629,61.98977379968295,-17.198792156816296,r1
108696,7630,67.61492812507717,-25.370939288117683,r1
108713,7631,68.43962718326165,-22.17276100457314,r1
108728,7632,63.76799531677469,-13.380449866829693,r1
108754,7633,70.32270256268966,-10.034273505707041,r1
108766,7634,59.45916204541937,-16.53645860338744,r1
108777,7635,63.05425297768906,-16.40500351967428,r1
108822,7636,91.68638902619352,-22.784790497786044,r1
108841,7637,71.10706143171274,-8.171452355798664,r1
108864,7638,80.6340534201436,-14.023550029983625,r1
108887,7639,67.45156992015589,-7.814664186771935,r1
108921,7640,3.118185817727287,81.65352383148462,r2
108939,7641,62.789920178618715,-51.226117365939494,r1
108955,7642,61.38117793740398,-10.95257417357395,r1
108984,7643,83.90923979994335,-13.443013934334147,r1
109005,7644,70.43264027070614,-4.322824537903763,r1
109020,7645,53.978108683074645,-15.191409907249216,r1
109038,7646,76.88418965237099,-22.23429605804023,r1
109087,7647,80.84534957059535,16.60581307957591,r1
109136,7648,91.12334585236982,7.977751481491559,r1
109183,7649,109.80489380461634,-2.227957145787329,r1
109219,7650,-35.77833557644395,64.04876151469423,r2
109228,7651,58.83129645162777,-19.164911353839187,r1
109248,7652,77.4250807347732,-31.52365473402029,r1
109260,7653,64.63879735173869,-14.57978814991931,r1
109296,7654,82.20098943684789,-3.94048871310936,r1
109343,7655,78.04481146972985,2.1252690840554536,r1
109376,7656,1.883094776180009,88.34939413339445,r2
109394,7657,68.65991517044442,-41.56569864058222,r1
109409,7658,62.796776941439646,-23.480372612246253,r1
109423,7659,58.90312309779977,-47.34812058151286,r1
109443,7660,-5.143119735769325,54.6938899937445,r2
109463,7661,73.52344947924112,-0.6417960916367704,r1
109490,7662,68.38947675718845,-15.855233682936763,r1
109511,7663,80.37462565896863,-8.762768242785924,r1
109551,7664,76.8547373596531,-52.33589046128344,r1
109567,7665,-7.935368475121926,69.43466912034064,r2
109590,7666,80.89561345550644,-18.6528350511052,r1
109604,7667,66.21333424526266,-45.611190032575394,r1
109617,7668,63.35314758324711,-13.49579454572794,r1
109632,7669,61.04551777354247,-26.53554582030968,r1
109646,7670,60.02082486385984,-14.510116652373718,r1
109681,7671,85.95293093666805,-12.798479867161145,r1
109699,7672,68.71208064716276,-19.864254440780808,r1
109710,7673,60.98456953185578,-22.23334598936415,r1
109728,7674,66.3297154862091,-18.505138808280723,r1
109743,7675,68.50518816150972,-19.95474340271144,r1
109753,7676,-19.38629622368557,52.34426675778073,r2
109787,7677,-18.398218462405083,81.79769355488062,r2
109796,7678,50.85699190829569,-21.949729297155955,r1
109829,7679,-6.566744891220239,72.41040075397939,r2
109860,7680,-26.53878940164985,68.5855839392183,r2
109871,7681,60.62484042838446,-36.24896905149087,r1
109884,7682,76.2408637698071,-54.97848749692255,r1
109907,7683,72.0977396243907,-23.53510720318248,r1
109941,7684,76.98096225373897,-10.246271040926288,r1
109964,7685,76.76922449379778,-9.377280438038284,r1
109985,7686,71.79660272456535,-8.183959910650287,r1
110034,7687,106.2554364961273,-39.623449181646436,r1
110090,7688,114.37306677111017,-21.152946001168893,r1
110108,7689,75.51714355611803,-3.9898983441997657,r1
110134,7690,85.18918773951864,4.940027698621812,r1
110165,7691,89.88826123134234,-21.826467076917044,r1
110176,7692,66.26012764100787,-18.597550611355743,r1
110194,7693,-31.467767168083178,59.707122676361294,r2
110216,7694,63.09316413064395,-17.990706844410603,r1
110233,7695,-1.869158699421611,72.04976427306913,r2
110272,7696,108.31863320640252,-12.18946993576889,r1
110289,7697,73.098897695678,-18.710625515408225,r1
110316,7698,81.26424625105486,-7.407439112864459,r1
110343,7699,79.12138563234653,-14.379694673112727,r1
110376,7700,5.394309931263898,74.91640389068422,r2
110400,7701,89.34610313601338,-36.14884135602344,r1
110427,7702,6.067285801029826,51.71747066238816,r2
110466,7703,87.23339158260313,3.6156173031292127,r1
110476,7704,55.883913514379174,-47.84488328956599,r1
110486,7705,55.72140519868659,-55.25792127739562,r1
110522,7706,86.64049567224318,-6.823872016327471,r1
110568,7707,85.08902064476487,-14.1011772905022,r1
110590,7708,65.26730594742897,-23.649385338394488,r1
110619,7709,97.15851863266397,-11.106233727651222,r1
110644,7710,69.64682761041053,-15.735463618460194,r1
110667,7711,69.93712036832885,-48.609996386104385,r1
110679,7712,68.52750931423645,-23.932551283489463,r1
110696,7713,66.6908328524518,-16.742556428623402,r1
110711,7714,66.68910541174502,-21.05443598188386,r1
110735,7715,81.03921287906847,-9.479450712713252,r1
110763,7716,66.48840587341846,-46.68967990664697,r1
110788,7717,-10.24691644772841,69.81191398034193,r2
110812,7718,71.32024986818149,-1.4331537780185855,r1
110829,7719,64.5639291345442,-16.236069382332815,r1
110840,7720,57.83853163652068,-56.14843048118585,r1
110853,7721,53.46532423982252,-55.1194171369352,r1
110886,7722,81.36536296145873,-38.346035141472825,r1
110912,7723,-2.2275409830650332,65.30908744894319,r2
110944,7724,79.0696007131622,8.956752980099509,r1
110974,7725,83.4369899821827,-42.391084641087126,r1
111036,7726,128.20485587984496,8.756915807294057,r1
111083,7727,106.0886255058987,-0.5697888442212999,r1
111098,7728,72.93042549305189,-17.359237777224084,r1
111120,7729,69.94858788693494,-18.15133341098253,r1
111143,7730,70.152992699771,-12.478879675344658,r1
111169,7731,77.19413734419982,-11.981495103570118,r1
111193,7732,68.32045936978696,-47.25958162921597,r1
111217,7733,81.24879508229778,-44.72957477921421,r1
111237,7734,-6.8313217706372455,78.27535438891871,r2
111258,7735,67.66077571109759,-16.649136674052826,r1
111302,7736,74.23996318117642,1.769149527974463,r1
111319,7737,-10.256131949208296,60.118664020875926,r2
111332,7738,-23.085550459135064,54.173989149435045,r2
111365,7739,90.1938307419596,-17.351869133580152,r1
111382,7740,63.76088470757399,-60.534621768286655,r1
111408,7741,73.40308623812948,-9.096761074754966,r1
111450,7742,108.41532207700078,-9.202904395239933,r1
111469,7743,67.0001666375967,-12.99947473750369,r1
111518,7744,21.39820845082167,76.50060107836057,r2
111536,7745,67.45560282277467,-49.41769980932698,r1
111575,7746,95.07930824295313,-2.9562001205948505,r1
111610,7747,90.57364698108135,-19.582432640986273,r1
111633,7748,76.9275618162924,-12.283620883215569,r1
111655,7749,76.51707111590426,-31.38652302438995,r1
111676,7750,-11.475823045067166,61.033086701562965,r2
111695,7751,70.77417073192193,-24.263599270363,r1
111715,7752,65.40420991369324,-45.875085686104285,r1
111737,7753,72.18724819809147,-12.42358305135646,r1
111761,7754,90.09444473551557,-24.560994791791988,r1
111821,7755,4.36625829093348,105.78292026471796,r2
111839,7756,70.57874159141483,-10.32845254129905,r1
111852,7757,60.9395454596347,-14.865555090407799,r1
111880,7758,96.4077715650786,-11.406552721711705,r1
111892,7759,76.42631039961955,-12.753945163682914,r1
111935,7760,104.0262788118465,-31.27571265027998,r1
111978,7761,89.68401461345707,-46.59188404956578,r1
112009,7762,-7.653843014267487,75.7514809585438,r2
112050,7763,93.78760571799629,-42.12110616953501,r1
112087,7764,93.29543525174942,-19.25623611648052,r1
112108,7765,77.11345300701197,-54.142260309857136,r1
112182,7766,126.7692780427781,-16.44811354361353,r1
112204,7767,71.81152570041385,-8.418331217935531,r1
112265,7768,102.98912388217944,-22.566015838608532,r1
112308,7769,87.80809824987406,-36.10330636701748,r1
112329,7770,71.10468256322947,-7.6349680616413025,r1
112360,7771,-7.040019732885909,81.75943026728795,r2
112386,7772,75.1133578221517,-6.4931576651931735,r1
112414,7773,47.65865279265126,7.8089523799879785,double_ko
112443,7774,84.78928745695438,-14.965213785334825,r1
112458,7775,60.563597423491046,-22.507813077536824,r1
112489,7776,82.14251764805402,-35.941760281172755,r1
112515,7777,85.79031599215833,-35.151326889915374,r1
112530,7778,60.13346852103539,-20.488438462090013,r1
112545,7779,71.74213917868809,-23.295423749234047,r1
112564,7780,64.86209167998928,-20.27326840824586,r1
112574,7781,64.31181623851278,-36.39554234730681,r1
112607,7782,74.63883077991666,-40.564392683485934,r1
112618,7783,61.36262444295322,-29.092008283821674,r1
112633,7784,-19.639606696069936,59.97960889843991,r2
112673,7785,90.775988063852,-19.37196961772491,r1
112688,7786,-48.4089928823823,50.766962648770715,r2
112716,7787,10.505693648992192,78.91068443346597,r2
112742,7788,-10.758187263494705,55.57175725970892,r2
112774,7789,79.22661578464476,-32.38086276834579,r1
112797,7790,76.79247564022907,-50.07900457925721,r1
112811,7791,-19.165673971095483,57.578262774622544,r2
112827,7792,65.09015492203174,-16.856755369663986,r1
112859,7793,-10.559484649105784,81.53449580625204,r2
112896,7794,4.238308975715789,72.38499398483027,r2
112925,7795,86.65900948253741,-28.031638495424986,r1
112939,7796,62.15503559177701,-15.819387054692754,r1
112967,7797,73.23411343983366,-8.49764934461485,r1
112982,7798,78.89860353123608,-52.01033780297057,r1
113028,7799,107.72328199141033,3.371712474082763,r1
113044,7800,61.1791088784851,-19.259425314915344,r1
113063,7801,71.00034725471228,-12.900853895584596,r1
113092,7802,92.10255863554326,1.2627297553576327,r1
113133,7803,92.16530455784306,-8.136242378125004,r1
113153,7804,63.38741316803666,-4.028040597442171,r1
113167,7805,66.56298902009026,-10.960043190736144,r1
113189,7806,73.54924161917928,-10.406361562431456,r1
113202,7807,62.078901159739814,-15.457060005065124,r1
113233,7808,73.14874285394748,-2.9943078044048903,r1
113270,7809,81.86145030764935,-3.5927125567634732,r1
113291,7810,-39.476516392231936,55.05247290783971,r2
113314,7811,75.1550681025578,-34.778161025637196,r1
113349,7812,82.96641510423498,-19.18433800090802,r1
113367,7813,66.32038288337674,-32.780769027126,r1
113403,7814,76.75244950745599,-26.48542525043605,r1
113425,7815,66.50332913917262,-38.69801344218187,r1
113458,7816,-36.595413492091865,62.97491971794743,r2
113481,7817,-7.088130061439074,77.77446573099567,r2
113501,7818,72.45190156196703,-9.407628903575663,r1
113542,7819,105.17742533970883,7.208749640752522,r1
113556,7820,-13.658842275101009,62.15391765035555,r2
113576,7821,-13.266208781608839,77.30131154630696,r2
113608,7822,-2.885801011190779,68.63218659658365,r2
113627,7823,72.14597886217305,-57.51794445207964,r1
113644,7824,80.42142726582124,-5.606547524525702,r1
113660,7825,69.69614538772771,-54.08876331681141,r1
113705,7826,108.71595483507788,-1.4254362042633417,r1
113729,7827,77.63450629824564,-23.27089424590596,r1
113750,7828,67.21890723177268,-51.61820572654536,r1
113759,7829,59.2207402749098,-21.06371956187185,r1
113779,7830,-28.28929539223389,60.52274693617715,r2
113800,7831,80.24572269776371,-22.21040103144598,r1
113814,7832,62.134470911758356,-21.525353350178513,r1
113854,7833,29.553585580166782,63.030079989116,r2
113886,7834,6.966579102624259,82.85813906103851,r2
113898,7835,61.194991265608806,-22.133296676908348,r1
113920,7836,66.99754505385413,-46.991436004635105,r1
113939,7837,-10.716889082701655,54.666968429566644,r2
113958,7838,71.79840109777528,-21.089606366398336,r1
113999,7839,1.6475831193433734,69.46501429496884,r2
114014,7840,-51.3111203347173,51.86977531572214,r2
114052,7841,83.31594840648972,-37.39333157537244,r1
114082,7842,92.72407547218893,-20.642050117819764,r1
114099,7843,77.04078673744345,-12.83338054305159,r1
114113,7844,74.61140563913426,-20.507106369780608,r1
114130,7845,74.76323210310649,-41.35256374513094,r1
114156,7846,81.45969470559723,-14.01035500172275,r1
114192,7847,10.29614614707571,77.39677372936268,r2
114226,7848,-28.51110723551127,82.67753334362646,r2
114284,7849,121.53529837934823,3.520050192570153,r1
114301,7850,71.07929049865983,-12.87651292403632,r1
114320,7851,72.14366199659761,-24.63227727685162,r1
114348,7852,94.5675264802644,-8.463921616261764,r1
114364,7853,69.7515157598234,-17.830577368599776,r1
114395,7854,84.3051508847438,-46.936842038327036,r1
114414,7855,71.33198780354655,-15.819491936741613,r1
114445,7856,81.3327459507687,-19.75939535404373,r1
114466,7857,65.13639438415672,-43.72954109434807,r1
114490,7858,70.36422697038518,-4.955042725753884,r1
114510,7859,57.13594663991381,-12.813406178268309,r1
114536,7860,91.79136184618088,-11.02890310358957,r1
114583,7861,18.521470256883646,81.40067595816593,r2
114619,7862,94.95115097637515,-24.457055413579972,r1
114642,7863,74.58183632069085,-4.961600683108706,r1
114654,7864,70.93203483319269,-20.95573912376541,r1
114677,7865,71.60809852041344,-22.633039550616868,r1
114692,7866,78.83052014493882,-18.941000401585384,r1
114718,7867,-8.212271148477775,70.06454321148013,r2
114736,7868,71.3875540868859,-5.6863666195690215,r1
114769,7869,99.16476172169672,-22.071335195409024,r1
114795,7870,-16.347186742373324,59.761670627199315,r2
114813,7871,-19.093742270498588,66.4643876908897,r2
114857,7872,13.960626304122158,70.32750510482084,r2
114873,7873,-6.587147839866361,55.137489657895145,r2
114888,7874,62.31137839805643,-52.224076107902285,r1
114907,7875,70.09466088899524,-19.214999464618113,r1
114950,7876,110.67645385297422,-3.5251892051828477,r1
114962,7877,76.8625991805186,-23.245860731918736,r1
114987,7878,70.72351411718839,-22.736923740705123,r1
115005,7879,-9.979117879213817,59.83903376903683,r2
115031,7880,-1.2836813596396581,67.46265578993808,r2
115050,7881,74.56777463463838,-49.02402537442609,r1
115075,7882,85.53493597402777,-19.931705266623425,r1
115099,7883,-18.09189714412092,72.88597748098805,r2
115132,7884,88.13765827001876,-29.487776650911954,r1
115165,7885,90.31987745094122,-17.108893918352194,r1
115185,7886,74.31502402887372,-19.724168093251112,r1
115223,7887,85.12614253589604,-21.00138548898741,r1
115266,7888,90.58392624247865,0.04849795553838021,r1
115300,7889,0.10316393844882299,69.89050536088878,r2
115323,7890,84.24227824506468,-6.121248659447076,r1
115341,7891,38.9141139078962,9.624197396135989,double_ko
115358,7892,60.53308860590402,-19.378991637046912,r1
115377,7893,-8.806003406049633,66.92329303736625,r2
115409,7894,-0.1126572825608605,52.59208199724492,r2
115422,7895,-18.236984378141045,55.70504275423545,r2
115450,7896,-18.18042076118327,62.339212599687514,r2
115468,7897,70.89737197895661,-21.306011898794644,r1
115515,7898,93.12403772363882,-31.904832518663223,r1
115570,7899,-24.212851183723078,93.71298337685283,r2
115587,7900,71.83010678948723,-14.717114650326998,r1
115620,7901,90.7577297627135,-7.315741180220627,r1
115637,7902,68.4362478830783,-27.102581137217783,r1
115660,7903,80.19685200965898,-9.267611493497299,r1
115687,7904,84.74950400887866,-17.304094587026526,r1
115705,7905,80.98547996102084,-22.943400133255185,r1
115718,7906,-9.790663437761566,59.82376915967866,r2
115742,7907,83.19204813721325,-16.338751993102726,r1
115786,7908,18.951777866520693,72.86027339295791,r2
115804,7909,70.1582989958116,-15.26863378555943,r1
115852,7910,102.33717977814071,-4.553730622188034,r1
115889,7911,24.3507573742817,70.96091827203844,r2
115904,7912,61.168861362650595,-56.84668714308831,r1
115933,7913,69.80698324444445,-0.27795989919120956,r1
115949,7914,69.12541622197703,-24.387679134425618,r1
115980,7915,80.30535242966351,-53.35856512770581,r1
115999,7916,55.76372498207788,-39.37810281579493,r1
116021,7917,87.56833287884851,-21.359738608756807,r1
116036,7918,61.589997603590604,-51.71936763974759,r1
116060,7919,-11.754034819560566,73.90627369323124,r2
116070,7920,58.00883955644627,-25.23498826546932,r1
116097,7921,76.47168820511956,-46.54585186908683,r1
116140,7922,87.99202336081848,15.074735146014987,r1
116198,7923,96.23384225108144,-1.0467723614806275,r1
116230,7924,79.9755361518371,-10.326310686708354,r1
116248,7925,77.14870751227238,-20.912176618653127,r1
116287,7926,99.2961309962648,-42.95861397168971,r1
116348,7927,0.8736061894352574,96.08046212049078,r2
116368,7928,72.67778925577025,-58.31879967169708,r1
116382,7929,71.2593873336905,-46.44726962906829,r1
116393,7930,61.82651886036983,-18.938375531107816,r1
116424,7931,78.09414198408962,-58.987615618597545,r1
116438,7932,-52.966142656820814,50.149282259795875,r2
116460,7933,70.18533252118782,-43.25846794871925,r1
116479,7934,63.40977948500571,-16.132338039102443,r1
116497,7935,-7.824947942247931,55.467884764261996,r2
116515,7936,-35.08924853798916,58.62795904532243,r2
116547,7937,0.7906901159884967,82.53255362817976,r2
116563,7938,-25.12970456544158,58.20427883367064,r2
116611,7939,69.8402309670105,43.68942530698983,double_ko
116627,7940,-38.56921528939773,64.5234169174463,r2
116655,7941,88.24406414026873,-9.472020633167759,r1
116677,7942,64.79281191523046,-36.73941548310198,r1
116699,7943,76.09515296136549,-11.964934429259543,r1
116722,7944,77.85031367456578,-11.72304395222239,r1
116748,7945,7.899505648754818,61.438919933151496,r2
116759,7946,76.18244646336962,-9.420287052215038,r1
116786,7947,79.14378508467581,-37.98583839739724,r1
116807,7948,69.16828043584955,-8.225919010347766,r1
116840,7949,105.93963025044691,-6.17618281864857,r1
116860,7950,-45.768308687277525,76.18663769845665,r2
116888,7951,83.24345139833554,-7.567171612475242,r1
116904,7952,74.28579386051395,-14.178170460741558,r1
116930,7953,-40.040181008735345,62.80033494079117,r2
116950,7954,-6.771097311233071,66.94374703987847,r2
116976,7955,77.45825964632068,-49.749642538082874,r1
117005,7956,91.40836961022089,-7.2477983081295605,r1
117028,7957,-15.68912582992715,70.54988457747282,r2
117068,7958,78.27469826216395,-0.3845137019870748,r1
117091,7959,-3.3361416173627063,75.1695529491696,r2
117115,7960,78.60280967080259,-7.926397382218923,r1
117135,7961,-21.278967609611506,68.95383674759235,r2
117160,7962,76.19092898550159,-45.572499162169336,r1
117190,7963,-22.956249321592914,60.142640823213014,r2
117215,7964,68.21647068528227,-38.86936501951418,r1
117255,7965,8.144562951093675,85.14889208607605,r2
117269,7966,65.33690982543268,-32.561454883518714,r1
117297,7967,65.86658269076428,-12.630627887984524,r1
117310,7968,-12.517077725151886,58.07283327597572,r2
117342,7969,-2.102166612045103,74.4557709576267,r2
117355,7970,63.67047662998663,-28.181498611102814,r1
117372,7971,63.511455208423776,-19.792380005551014,r1
117417,7972,118.83374954457831,2.033198251987173,r1
117431,7973,-55.10802511082116,52.405464482712794,r2
117445,7974,69.39862220787313,-55.893319110658894,r1
117486,7975,64.78061000297089,42.49949222203233,double_ko
117501,7976,67.2918777413294,-7.9386228278945055,r1
117536,7977,14.482409820887632,81.9981308025875,r2
117567,7978,91.64462741543969,-8.828133521995852,r1
117600,7979,-31.715418515588624,78.29632713938884,r2
117627,7980,99.28064477208008,-23.890905891590887,r1
117650,7981,-4.534121444227644,63.14775932325043,r2
117666,7982,78.20201022241842,-25.773001326548904,r1
117716,7983,110.82255830869508,-3.7503715169396656,r1
117745,7984,-10.707719863474942,62.01828615002927,r2
117777,7985,91.61711085955045,-10.483190223845646,r1
117792,7986,72.54980891741462,-15.676426015318722,r1
117826,7987,-5.627546511080922,71.30915538307246,r2
117837,7988,-19.567528596350947,66.68034506566492,r2
117859,7989,-9.903263522183977,73.28946572829588,r2
117887,7990,-13.917916904919625,62.797544718485696,r2
117913,7991,86.07599177040794,-27.824295325722154,r1
117925,7992,66.27370651150181,-9.615073393752517,r1
117946,7993,72.8906870879733,-45.13185975575129,r1
117970,7994,-25.556178422275114,63.35897516180877,r2
117995,7995,60.78597523033655,-38.54225096785683,r1
118014,7996,-14.286736212589908,66.9176707067715,r2
118029,7997,-21.659699534764197,51.60475435353971,r2
118052,7998,72.57778890067725,-11.285789187262672,r1
118070,7999,-30.94652136262943,66.26593793430092,r2
118093,8000,72.97389104020743,-46.030561077003206,r1
118122,8001,-2.872196673250926,70.27811084769685,r2
118141,8002,80.19439724215258,-25.643152603322257,r1
118153,8003,60.60467934159436,-23.629826362709984,r1
118184,8004,95.88493979894679,-17.702183510835745,r1
118234,8005,1.8674562856882986,81.51325163142093,r2
118284,8006,13.908971657964948,104.15722021904693,r2
118315,8007,91.02275401978565,-2.830769066430456,r1
118340,8008,93.99629318763265,-10.427142975653389,r1
118365,8009,-21.682130076157915,65.56176435928789,r2
118387,8010,73.26130351142928,-19.397047487046507,r1
118422,8011,85.18638098572856,-14.224481938304095,r1
118440,8012,70.38963512624369,-29.31173612985407,r1
118468,8013,-10.2800169286419,78.48612887394347,r2
118505,8014,91.0501552375326,-11.60771958751257,r1
118538,8015,107.63885981686948,-30.335943355880367,r1
118565,8016,95.87814491357665,-22.589505572835627,r1
118585,8017,75.92584678494651,-3.230210609662933,r1
118605,8018,85.00228291924704,-29.201072729018904,r1
118646,8019,84.36167135959376,-0.5479529143288602,r1
118687,8020,2.7916644596107645,96.98446214875983,r2
118711,8021,-4.2171150626431455,73.86194319751068,r2
118740,8022,4.505512235527576,73.08423561553509,r2
118764,8023,-48.003328869265886,60.96882729429123,r2
118779,8024,74.71845137913294,-17.139003799208567,r1
118795,8025,-38.580694084385485,54.3938883864928,r2
118810,8026,82.49973410870075,-19.58212664048426,r1
118836,8027,-3.987220978913861,53.32471900270431,r2
118861,8028,82.70504042559547,-15.1763756832434,r1
118884,8029,-0.8498790157587379,58.003104228733676,r2
118915,8030,80.41809176019645,-12.70790460885361,r1
118927,8031,68.59390966064905,-16.983007887387732,r1
118971,8032,-22.852120250439402,67.13622285755933,r2
118990,8033,69.48045405291742,-20.148215308006623,r1
119015,8034,-10.524262231159057,68.73153328274634,r2
119039,8035,86.58471928549699,-21.9026671975637,r1
119062,8036,4.019332184788986,73.14047229299453,r2
119080,8037,-41.4169791731538,48.09046081740009,r2
119096,8038,71.7680172192644,-22.842040275203303,r1
119134,8039,109.62606779043291,-8.124838370870386,r1
119150,8040,81.61556651397912,-48.75036475694264,r1
119170,8041,-15.978992644007548,58.36149431443744,r2
119203,8042,-13.390059911158993,76.7698023001169,r2
119222,8043,82.0566493030257,-5.844635060028551,r1
119247,8044,81.45267065738238,-32.68480470843618,r1
119269,8045,87.74780715573947,-45.84803071840123,r1
119286,8046,67.18634153428486,-11.352856710890876,r1
119302,8047,76.06192870478527,-23.298987433907612,r1
119347,8048,17.690128205809472,71.71470464791146,r2
119376,8049,-1.9490362484322716,77.65816296494901,r2
119400,8050,84.61139817930015,-16.18658970835024,r1
119415,8051,68.80291217802322,-21.14693281439101,r1
119435,8052,76.07628667530223,2.300855067621434,r1
119479,8053,98.49851990743444,2.863206140823088,r1
119508,8054,101.3886897122442,-9.83837418134057,r1
119532,8055,3.103453811373228,66.13863050911341,r2
119548,8056,73.88318963265465,-35.581692598505036,r1
119579,8057,87.6453972680143,0.32362818906297264,r1
119639,8058,103.15472079775083,-9.638624338723666,r1
119661,8059,76.07981605841532,1.6649093011880893,r1
119689,8060,91.53816434749771,-19.81114312413333,r1
119706,8061,70.71988367604094,-24.147682195441867,r1
119747,8062,90.92493203108094,-16.794657602701815,r1
119787,8063,87.15660253838303,-3.7770230843860304,r1
119801,8064,71.07493352793395,-19.545770023276596,r1
119839,8065,96.85943072960731,-0.4001043817334633,r1
119854,8066,-27.566291821596533,55.14184216573451,r2
119885,8067,65.95925676268857,-26.97249718673873,r1
119921,8068,-4.352330136577891,63.30049627644753,r2
119940,8069,66.4655526912612,-47.064329406586765,r1
119955,8070,71.12277449637486,-46.60361349211891,r1
119979,8071,75.97426700868675,-46.17246477466392,r1
120017,8072,97.12547536878404,-4.466136019058453,r1
120038,8073,-41.17825921261962,58.86385903974446,r2
120058,8074,-4.790298394464131,66.58344323249702,r2
120068,8075,67.221508499445,-17.902714084415823,r1
120091,8076,76.32174444994746,-20.694187973399035,r1
120113,8077,-44.2813673196365,57.262810432038684,r2
120134,8078,67.87343071035804,-15.800212620710475,r1
120151,8079,61.09992196860397,-60.462355658155026,r1
120167,8080,66.41956821826992,-17.835373987552423,r1
120201,8081,99.97477867376618,-10.754364378294767,r1
120222,8082,0.943530823295113,63.54029555293843,r2
120241,8083,81.00967050199097,-15.804479628861742,r1
120259,8084,66.26635183749154,-27.781604646328685,r1
120285,8085,-15.324325065622425,55.960180282415834,r2
120307,8086,62.14522191921182,-51.325304769819255,r1
120327,8087,65.73691483552653,-32.90828833332664,r1
120340,8088,72.9618484938782,-16.94154705008933,r1
120380,8089,87.77997055206725,4.592649162691927,r1
120410,8090,72.16882336870724,-3.865747546141016,r1
120429,8091,-43.913569938404315,58.76073112850611,r2
120444,8092,77.13335261279232,-17.299452798988394,r1
120477,8093,0.6687153518586868,76.74269818777452,r2
120499,8094,-11.366179143488523,58.75107570056505,r2
120547,8095,97.0997531915273,-28.739719208234582,r1
120560,8096,58.81990548710457,-23.46563980994412,r1
120574,8097,70.51130629077532,-27.814521341588037,r1
120587,8098,64.69386042160534,-54.6246691360568,r1
120613,8099,74.928568553331,-17.75627799425695,r1
120645,8100,82.59452728525939,-6.557254010561479,r1
120663,8101,67.58280339919949,-19.599870080116304,r1
120685,8102,-9.778769381312813,65.06698922751418,r2
120696,8103,66.12746634558536,-21.535632103658557,r1
120708,8104,63.33412033580372,-27.998511857106564,r1
120738,8105,80.76829574774766,-11.273202832114777,r1
120769,8106,84.60917280154851,-47.105301460319616,r1
120785,8107,-21.561075601229156,56.64187262001087,r2
120822,8108,86.28638817118882,-8.399803468722425,r1
120843,8109,-8.742969781652505,76.31620756235564,r2
120866,8110,80.56959840345537,-25.94530738962706,r1
120882,8111,-5.835045819675571,67.38508884626856,r2
120925,8112,17.808403577859522,77.96282167304341,r2
120941,8113,64.36887253968489,-18.629762125780402,r1
120962,8114,72.0877813808026,-16.679959603271524,r1
120983,8115,74.66349334103687,-49.800011698288564,r1
120999,8116,-31.341394744230982,63.58278381281163,r2
121023,8117,-6.3479662306396705,63.99228935499909,r2
121050,8118,82.25319433572477,-49.2319285318464,r1
121069,8119,-31.23331672650682,57.362711512158356,r2
121102,8120,3.2878227936290756,69.89559998102602,r2
121119,8121,76.58239353792864,-26.84287033460126,r1
121164,8122,36.26705163726926,46.312591845350866,double_ko
121185,8123,77.34939252061224,-31.330844650789306,r1
121223,8124,4.011964287421058,88.59905586658849,r2
121257,8125,100.4642403121816,-7.565071832689519,r1
121277,8126,71.65554849104997,-60.019779057820905,r1
121300,8127,-3.77984885874983,63.23396418119861,r2
121354,8128,94.10833833200897,-9.091025581280746,r1
121376,8129,1.0492285117734923,61.27687464840348,r2
121410,8130,5.066105291454463,69.1638782381941,r2
121463,8131,108.66679799432453,8.044598249891067,r1
121487,8132,77.75679231164588,-52.86042264907275,r1
121522,8133,-11.149802323871548,74.5177430435512,r2
121546,8134,-26.954600918840384,76.63178713725517,r2
121579,8135,95.84022268075671,-13.76472952435114,r1
121592,8136,61.06605508862883,-55.73844755944638,r1
121626,8137,98.68259532528985,-13.103145863310743,r1
121637,8138,-15.82151962312453,56.57881799323308,r2
121668,8139,77.32496884934496,-4.161647687892646,r1
121685,8140,65.69398283043256,-12.670699760427063,r1
121700,8141,64.39157681550127,-44.2770127750168,r1
121724,8142,78.03420410516657,-31.186318558232465,r1
121758,8143,90.4415339619741,-42.983432031597374,r1
121786,8144,7.80723329285334,51.45075646750065,r2
121824,8145,15.676535962309302,80.13300135636031,r2
121844,8146,82.45922576757974,-8.972361080744669,r1
121862,8147,69.5077244507583,-20.244346837042784,r1
121884,8148,72.74876755433084,-25.393718861617,r1
121896,8149,69.5413741492418,-21.139861832829325,r1
121921,8150,-16.705515787981554,67.51011854573544,r2
121958,8151,99.33042554199224,-9.330858157243568,r1
121981,8152,2.658247114619911,75.04754550190927,r2
122003,8153,67.43349759943538,-58.75449311597847,r1
122028,8154,89.52780858587778,-17.33322770057871,r1
122083,8155,116.41422608009115,-24.497308931912087,r1
122095,8156,67.47283701691896,-17.34263945824253,r1
122109,8157,67.63559153643217,-11.969318150302456,r1
122136,8158,95.74875100240891,-28.015006724638553,r1
122149,8159,73.00969166234366,-8.798025295571634,r1
122189,8160,91.2682236793477,2.592414378770634,r1
122205,8161,-12.85544709889247,61.51933489711111,r2
122219,8162,68.97664055164648,-53.92202939881086,r1
122262,8163,89.05763782069943,7.653028398297714,r1
122280,8164,65.09429706328038,-6.1072620249555385,r1
122326,8165,-15.048056857503305,73.1297714682492,r2
122363,8166,14.03850014792831,81.22855284692373,r2
122377,8167,62.05855901938848,-53.45586712712307,r1
122404,8168,-4.920229118900863,86.72416802850319,r2
122434,8169,79.33186977068549,-38.15182315722956,r1
122486,8170,121.95628822029474,-7.952056086690398,r1
122523,8171,92.25090592844043,-3.0371235259010376,r1
122538,8172,73.30065228958244,-52.39360015732771,r1
122576,8173,101.48846743796707,-15.94249091792404,r1
122606,8174,82.27230934518983,-6.759952851831031,r1
122629,8175,-2.49861706118611,75.96487731557009,r2
122667,8176,87.0095855800471,-44.57018823813022,r1
122695,8177,98.1247952885497,-17.79776428184663,r1
122721,8178,67.35340628955339,-32.36899637024459,r1
122742,8179,76.82903951964155,-16.08805552296954,r1
122764,8180,72.4311040160029,-44.32922077876808,r1
122794,8181,-5.980712027101063,60.189239726938325,r2
122837,8182,92.5700765624945,-2.971364708479477,r1
122855,8183,72.71985812510225,-29.978587333329937,r1
122890,8184,83.85474010127493,-15.726105873691957,r1
122911,8185,60.14595036514298,-14.495692651058754,r1
122935,8186,-43.117384140991796,78.04687553320449,r2
122954,8187,72.56753401557962,-30.4441196296278,r1
122972,8188,75.71922169344316,-9.804495474488078,r1
122993,8189,80.15071296423412,-1.536344253936015,r1
123023,8190,94.02177111339648,-20.268223623286307,r1
123047,8191,81.2488094368433,-37.868587664781145,r1
123075,8192,93.50982133934633,-27.087528912199176,r1
123098,8193,71.22647326342323,-21.37338440830106,r1
123137,8194,79.44959822124333,-16.704049824592452,r1
123178,8195,-13.918936471417211,51.63169113936547,r2
123193,8196,77.67472266904574,-11.843681629963132,r1
123204,8197,59.910571685588415,-48.86733611350674,r1
123229,8198,0.9306667981017824,78.28847978135789,r2
123256,8199,71.1926618654017,-5.841304610237998,r1
123269,8200,67.31039445392807,-22.06153254539636,r1
123300,8201,-5.832735282376177,74.9819832115308,r2
123343,8202,83.45998733404514,-33.50226975521154,r1
123381,8203,83.62240398622792,-17.15354192547616,r1
123420,8204,2.7904676917922586,88.60257552126589,r2
123439,8205,58.8588302314687,-59.172497813555694,r1
123465,8206,82.25851407216842,-18.209779385215363,r1
123486,8207,71.34331550900441,-21.60329756955938,r1
123528,8208,114.37682562481507,-19.086795371370584,r1
123572,8209,90.2718400092816,-6.055992659717745,r1
123588,8210,67.21326832626649,-13.439877444958153,r1
123613,8211,72.10668742767916,-22.52469737435008,r1
123632,8212,-42.83857573778409,59.76569122539668,r2
123653,8213,64.8584218023873,-38.542246070234775,r1
123680,8214,89.64491779971291,-32.63966776740762,r1
123698,8215,72.4830544395426,-12.935001840500409,r1
123725,8216,80.41503092887785,-44.99763829147225,r1
123747,8217,73.58237846326128,-19.798737588390786,r1
123806,8218,101.80140104412365,-28.630408875561567,r1
123860,8219,136.4137011165644,-12.727533339745925,r1
123914,8220,117.42043465782436,-7.167321134892539,r1
123949,8221,98.85035159066963,-4.696869659075837,r1
123995,8222,9.29358074172066,82.42363499481725,r2
124016,8223,75.36690097672815,-19.74262301304155,r1
124035,8224,77.55294249034512,-8.139902239420643,r1
124054,8225,-31.884744793608785,69.15966439356202,r2
124077,8226,-19.521679448041837,60.59481164413949,r2
124103,8227,72.61755504854591,-47.60901339573458,r1
124141,8228,11.860311977483057,81.31573791952667,r2
124167,8229,85.39779376249768,-4.834097992236892,r1
124196,8230,68.79187045388318,-34.16322635554404,r1
124228,8231,1.8120905546063213,69.00219474513192,r2
124240,8232,67.39025955323304,-12.954931403384077,r1
124257,8233,68.75877093406717,-16.93257418552798,r1
124284,8234,81.57176648193604,-14.576930158737419,r1
124306,8235,68.67749953073381,-47.38330587973057,r1
124329,8236,65.29005123578753,-34.21484462922437,r1
124371,8237,95.23741708227723,-17.534522692288064,r1
124392,8238,73.71066012398174,-23.54767736874512,r1
124419,8239,74.26554641618736,-12.262093509469878,r1
124433,8240,64.04559093602973,-24.17701850546779,r1
124463,8241,76.49166248035762,-8.853894171664834,r1
124485,8242,74.215527581016,-4.635024379725742,r1
124505,8243,-10.064346135731292,71.28067785764381,r2
124529,8244,77.19895282878441,-23.266074647945935,r1
124585,8245,7.1110684356603,110.36560232190024,r2
124605,8246,81.58789267970481,-21.475769346801002,r1
124640,8247,8.001018189209177,83.73416343136634,r2
124676,8248,-3.242779866506254,84.09500201828877,r2
124707,8249,5.0478183351051555,83.14495747485759,r2
124759,8250,89.04582136025044,12.69352798032292,r1
124785,8251,78.36070006902771,-18.764329412157206,r1
124808,8252,69.06051517548403,-13.457133146170655,r1
124819,8253,65.47588709715843,-17.84364824684134,r1
124840,8254,65.85795248349352,-11.482597625223626,r1
124869,8255,-42.833162208999184,78.94543001459364,r2
124902,8256,86.94906810638258,-4.3069576778812575,r1
124934,8257,80.40659961300167,-12.82605095715899,r1
124943,8258,61.54880502660099,-17.996831626983564,r1
124985,8259,49.64083018245889,54.88792889225928,double_ko
124997,8260,70.33688870823704,-24.786757665294864,r1
125023,8261,79.77997341755992,-11.975966568565617,r1
125049,8262,79.70029045866004,-8.939501876788107,r1
125082,8263,99.59218590921196,-11.504617973320151,r1
125097,8264,-19.035514066233464,56.634278762318665,r2
125124,8265,76.81234294920071,-2.382877973503639,r1
125149,8266,72.03958952801365,-6.408904030397636,r1
125171,8267,73.35293438113413,-7.436509215071332,r1
125182,8268,60.039420961268036,-16.348429292155597,r1
125221,8269,87.41172763039,-21.785122541876763,r1
125252,8270,85.12162524116727,-4.047554022355243,r1
125267,8271,67.48765931766462,-17.544930516800463,r1
125279,8272,67.74073461535781,-12.798894902442946,r1
125308,8273,79.89158435389407,-19.427017082155857,r1
125338,8274,-6.29079948352701,87.67703088242044,r2
125383,8275,9.591553386356509,73.7862220882364,r2
125400,8276,80.00057385731316,-14.246135181752365,r1
125415,8277,64.06533133472851,-15.501016459602898,r1
125472,8278,97.26408616816524,4.420969389622982,r1
125511,8279,24.397209359082723,78.91003817217639,r2
125538,8280,72.72251153534904,-7.374188993613139,r1
125552,8281,68.13237890740163,-18.400779244719462,r1
125572,8282,69.78395746161937,-13.504072225211448,r1
125610,8283,95.63825747750163,-50.18974152562316,r1
125624,8284,69.89740678184529,-7.922647035225729,r1
125665,8285,18.31826579142554,79.6792601015348,r2
125686,8286,86.2790237138108,-10.045883732940183,r1
125704,8287,73.06390846298885,-10.04602203202618,r1
125718,8288,-36.46698082409279,83.86243238345536,r2
125739,8289,73.02032766183619,-7.009201951131459,r1
125793,8290,10.059335242302978,99.67074353246545,r2
125813,8291,73.52445467691768,-12.100778943692447,r1
125829,8292,66.00701051948951,-11.710587391865552,r1
125847,8293,75.24472842202375,-17.544733448634386,r1
125866,8294,77.13057590435079,-48.705394054388115,r1
125897,8295,80.02797086017137,-9.423715499278721,r1
125927,8296,80.17186273961255,-11.554313619819794,r1
125946,8297,79.7101817353668,-11.632783486971746,r1
126000,8298,96.35803637777119,-20.02678004133884,r1
126023,8299,86.8634889289415,-11.346684153383904,r1
126049,8300,83.4325517508903,-5.150848352407152,r1
126062,8301,66.09372221003296,-12.721198114176545,r1
126088,8302,71.4713669681592,-13.915040422511204,r1
126122,8303,2.4449542560195567,64.04591373909764,r2
126141,8304,-19.259076129430433,60.36350959365825,r2
126165,8305,75.83995395076441,-15.523256485486975,r1
126192,8306,84.63348220173019,-10.098946667012896,r1
126220,8307,26.969735214579906,29.022303271902487,double_ko
126241,8308,71.99652349780848,-11.833862560010559,r1
126255,8309,69.62778503269485,-18.818005536084986,r1
126265,8310,56.145926377860995,-52.805944437052844,r1
126296,8311,59.300912921166415,-7.736774112243289,r1
126323,8312,78.69515279405356,-9.757944819623447,r1
126355,8313,-2.8055984587485483,59.79881410529472,r2
126393,8314,88.53839432399363,-2.614995503097603,r1
126413,8315,-43.74419668001355,57.96075028974293,r2
126428,8316,-53.426999428053136,69.7080262758407,r2
126441,8317,80.25727640584661,-22.47592898683098,r1
126456,8318,68.20597241197024,-21.012461474580363,r1
126494,8319,82.57109049272029,-2.0055408836736888,r1
126526,8320,99.27112435032723,-7.081987096991675,r1
126594,8321,13.724132222615765,99.43496528109475,r2
126611,8322,71.97721689445964,-16.675993845872064,r1
126623,8323,56.96330772077333,-9.787322098956196,r1
126641,8324,70.50545749656669,-11.0546739934978,r1
126664,8325,2.3071458709067514,73.8341384790491,r2
126679,8326,61.51729292702329,-28.74263627180285,r1
126705,8327,83.48587244423271,-2.018371373097537,r1
126728,8328,79.32303583157423,-19.277914140477375,r1
126739,8329,64.332271006194,-17.204233907955853,r1
126759,8330,74.21183500492671,-49.43633596828182,r1
126793,8331,97.57221626398885,3.0628552826527695,r1
126813,8332,73.04093812715162,-5.540571489061669,r1
126828,8333,65.24069941134371,-10.948060651860139,r1
126843,8334,69.6122974897132,-30.581463110454216,r1
126859,8335,73.20899599331975,-12.756154963704411,r1
126879,8336,77.61945025251995,-15.599695180877944,r1
126932,8337,-10.300754450371542,83.28785573037774,r2
126955,8338,-21.685349368880757,62.37458309529441,r2
126984,8339,-9.137577239902818,72.82407322965912,r2
127003,8340,-12.08695978324576,61.712357193632485,r2
127038,8341,3.8922277667392464,70.6952761692073,r2
127071,8342,4.588477179335484,84.63808980355786,r2
127099,8343,72.2418108521683,-38.51892046175441,r1
127125,8344,71.85266367628256,-13.154473475178499,r1
127169,8345,104.31377981583053,3.620229693071913,r1
127193,8346,71.44479799028701,-41.894687866476886,r1
127243,8347,10.457513769983422,90.60698029513489,r2
127277,8348,96.79800550417292,-0.20708295998180404,r1
127289,8349,66.26715017657061,-14.736628292936338,r1
127318,8350,92.31247792824527,-31.37066162801349,r1
127343,8351,71.5207900241856,-27.338608856184145,r1
127398,8352,111.52962919151604,9.869958869374756,r1
127413,8353,77.74949718926659,-21.909473829099575,r1
127423,8354,61.12268320739811,-20.498429270771904,r1
127444,8355,64.76781572706103,-43.36036443503481,r1
127457,8356,62.17976543736849,-14.61945798051076,r1
127487,8357,-30.28094938749975,55.58124865427711,r2
127527,8358,81.59757321171531,-3.5087657137029566,r1
127544,8359,63.07309845821882,-13.96012978333711,r1
127565,8360,75.66536022120323,-34.50547222492364,r1
127608,8361,94.56234431944287,-22.28100575159055,r1
127625,8362,63.5899176295458,-6.748062216394651,r1
127658,8363,96.4395142811752,5.06539045102852,r1
127694,8364,87.67203495362129,-40.84500733923983,r1
127722,8365,79.65160233429022,-38.40567923748655,r1
127743,8366,75.67867345089488,-12.824587919885971,r1
127766,8367,-23.844126872560686,73.7903205739858,r2
127791,8368,84.17527268568946,-0.7783135590315595,r1
127813,8369,62.191785699074956,-27.580590792661614,r1
127823,8370,60.33099385644712,-16.415862246181366,r1
127835,8371,59.81710804401814,-47.39620301509297,r1
127861,8372,69.29998348492367,-21.750634516529704,r1
127899,8373,81.76500783460504,-40.894318195455526,r1
127941,8374,-19.650134516016397,71.26817419872009,r2
127980,8375,96.45875609908401,-3.196614288440415,r1
128016,8376,94.2584013462947,-3.945291439331129,r1
128042,8377,76.39381378406713,-21.777362093080132,r1
128065,8378,82.46505774972118,-3.761202548482224,r1
128078,8379,-23.50609136713272,56.386984994845214,r2
128107,8380,-3.59145255271968,78.03677932779175,r2
128146,8381,60.182207071996864,-2.364847499255113,r1
128235,8382,109.44946434892948,26.12804117795524,r1
128264,8383,88.03565693403785,-8.367141063710655,r1
128293,8384,74.83708867524062,-31.31283378178035,r1
128308,8385,63.2917098337184,-9.8167290485368,r1
128354,8386,91.76992484474033,6.792423152376081,r1
128394,8387,93.89258927303962,-8.795410910927536,r1
128416,8388,81.12409103454229,-8.898443508406523,r1
128447,8389,2.045179530061958,79.31613454762972,r2
128482,8390,94.98258039239624,-24.99443130850395,r1
128523,8391,18.4175235216533,77.03290719622649,r2
128563,8392,-28.42146937518453,84.56797878595734,r2
128600,8393,93.70415495112081,-9.075996941579312,r1
128629,8394,92.93411032904986,-36.82010759404022,r1
128652,8395,-23.940268018332105,74.30404435118892,r2
128662,8396,60.34986782237177,-18.270088628167358,r1
128682,8397,80.54654739859421,-18.040919366759944,r1
128720,8398,80.65474753343963,-9.013574576298588,r1
128756,8399,3.3336619695299845,93.44535754645099,r2
128786,8400,5.520881292023134,64.94203948336765,r2
128812,8401,78.87939145368,-17.713628628508904,r1
128845,8402,79.00434444469565,-46.22060249553299,r1
128893,8403,85.50984529224868,-1.9656309928230655,r1
128915,8404,-14.394131814302273,66.11149901137225,r2
128964,8405,93.72017265764188,-19.559891624233508,r1
128985,8406,84.24001743275737,-45.966092387911544,r1
129007,8407,80.21271896552807,-5.781930267883148,r1
129019,8408,67.04159745954732,-21.40482420028316,r1
129064,8409,86.70700283556505,-2.2735199881775756,r1
129083,8410,72.29701754282064,-40.358265124441004,r1
129099,8411,74.35889601961682,-43.15899813333176,r1
129144,8412,95.69170724706447,-33.24889957311581,r1
129179,8413,82.71520690759309,-43.25840494736974,r1
129210,8414,90.58894525727219,5.1431389944772405,r1
129240,8415,-7.159021848805594,83.40886607079655,r2
129257,8416,-4.750979587427921,78.85613406151893,r2
129307,8417,26.337802131179046,87.38325498155989,r2
129355,8418,114.0546469259152,-13.950893595208903,r1
129374,8419,77.54351092145876,-12.587341873277332,r1
129393,8420,72.1831637972473,-17.70836148298332,r1
129425,8421,96.52688710084209,2.88606063373075,r1
129468,8422,7.5860186655781945,89.23831560612928,r2
129504,8423,95.27145723482707,3.4930857230222543,r1
129555,8424,113.76597151342766,-16.41916305331053,r1
129602,8425,99.72590192597636,4.43451346748472,r1
129636,8426,98.36212660975923,-15.19342951312548,r1
129659,8427,-7.5618300272650885,63.826978915465645,r2
129688,8428,78.04729748772162,13.86665103567254,r1
129707,8429,67.68862438746932,-8.09837292999297,r1
129752,8430,8.279500931385215,80.12139514228471,r2
129812,8431,123.45721065065466,-4.972282373054952,r1
129829,8432,66.12157117902501,-46.338030635211,r1
129859,8433,4.208826961063295,65.00971741017042,r2
129870,8434,67.11298154339264,-26.548480036397056,r1
129919,8435,115.52260698723822,2.9151239588062126,r1
129930,8436,61.275998735271514,-15.037166727951899,r1
129950,8437,65.29017806283694,-42.1660881268557,r1
129964,8438,74.97920501349486,-11.817887651140424,r1
129984,8439,68.97643835380178,-8.30908515083491,r1
130004,8440,70.70865795745421,-10.582769376202677,r1
130041,8441,91.95064209759474,-7.178421381410672,r1
130084,8442,22.408367126389194,77.92984566819956,r2
130108,8443,73.78840844593132,-37.806331146519966,r1
130158,8444,108.73325834958729,-4.059093989135633,r1
130183,8445,4.2816643542005295,78.7824030881101,r2
130214,8446,83.39072458105592,-10.717446696261952,r1
130252,8447,84.5545489477963,-44.10268113644486,r1
130305,8448,24.507269875217283,79.32745390933462,r2
130349,8449,19.83875000736871,84.13609659827884,r2
130371,8450,69.16453573292581,-48.867475831554195,r1
130398,8451,88.75827018057775,-22.18842532691121,r1
130422,8452,-10.605371943640556,78.52334813465279,r2
130453,8453,86.00524295555108,-51.873897057589005,r1
130481,8454,77.58593613320238,-25.72581152132227,r1
130504,8455,-12.573287910908391,83.49234750342252,r2
130544,8456,98.92055386308186,7.0149685510932756,r1
130581,8457,82.45865313994508,-28.29109415450831,r1
130608,8458,78.36146077951516,-7.7143511266852585,r1
130638,8459,102.94891481029148,-7.607375747505834,r1
130680,8460,93.43316230021682,-10.545265577967662,r1
130700,8461,85.65457854573796,-13.335613118363725,r1
130713,8462,66.96497636294552,-14.812859042585785,r1
130734,8463,70.39402741018027,-29.95267609482511,r1
130756,8464,82.4353127387793,-31.619771384008523,r1
130789,8465,101.0543687395768,-44.419714414686325,r1
130822,8466,92.65457399136892,2.4076619153807783,r1
130852,8467,85.29166178260645,-10.542545576403903,r1
130881,8468,81.86552282262828,-31.141623958920768,r1
130915,8469,86.184754824565,-36.179039123087726,r1
130933,8470,75.43383343675471,-19.54628067501027,r1
130956,8471,70.9257966006961,-26.978280597207004,r1
130977,8472,-52.331225263961166,56.073033046305326,r2
131002,8473,72.91916730193475,-42.14846380998097,r1
131031,8474,74.69747626423879,-44.84422191617142,r1
131056,8475,67.43699518947707,-14.899040371999995,r1
131079,8476,84.97471197245987,-19.444659181037935,r1
131105,8477,77.12036850613399,-19.790523454305585,r1
131147,8478,96.59238260865484,-3.347546081428284,r1
131185,8479,91.81944067610584,3.320825844666672,r1
131209,8480,-12.965804065151644,80.13431876812517,r2
131223,8481,69.248853501452,-9.385692510045011,r1
131289,8482,109.55264776683299,15.00211766711125,r1
131305,8483,80.66753843693347,-57.02003006964527,r1
131325,8484,82.72317215378185,-40.49642424604464,r1
131350,8485,78.05699322757549,-19.712015431574166,r1
131367,8486,2.612500660063894,69.00144233967453,r2
131401,8487,15.31650635724882,77.38973882462088,r2
131427,8488,89.23004459771576,-15.567964756379453,r1
131448,8489,85.72125207291879,-36.56875583418716,r1
131479,8490,0.15321124668841435,66.95596361332223,r2
131521,8491,17.23070211767348,84.61054454821274,r2
131538,8492,-12.183437122096635,60.26148788101544,r2
131573,8493,5.618875432027103,77.19235927734562,r2
131611,8494,104.99379750079032,-8.612992653457582,r1
131649,8495,96.39487387237904,-9.557007894434882,r1
131701,8496,30.900552178577946,70.50758863536694,r2
131725,8497,85.4665013194296,1.3694808196249113,r1
131734,8498,-27.057308926226867,65.30084971604151,r2
131793,8499,5.399622440145265,83.56142107956441,r2
131817,8500,73.11574570874859,-9.804381333408017,r1
131849,8501,94.76963684816309,-38.85455965472079,r1
131860,8502,62.50648213797281,-46.135475329675096,r1
131921,8503,108.17631847568921,9.38758666755654,r1
131951,8504,92.71962007800303,-17.467818270106818,r1
131982,8505,88.21016373158943,-1.9651573575728278,r1
132000,8506,-40.429420130360654,60.403000361070426,r2
132035,8507,91.62860062768375,-9.28903869010189,r1
132078,8508,85.13117629625341,2.851957964919144,r1
132115,8509,86.5339118933197,-6.435037084283174,r1
132127,8510,65.44052798288055,-17.092387983830786,r1
132164,8511,11.718013090883808,76.6375441934944,r2
132211,8512,115.79963758763884,-1.4835677239888128,r1
132234,8513,-1.616112136025336,65.0857400109617,r2
132266,8514,-10.453715279823818,70.5721132354879,r2
132284,8515,61.83877151963984,-19.178502672844054,r1
132344,8516,89.13257098492585,-36.79377962834812,r1
132364,8517,76.05701516465656,-6.22883761697306,r1
132392,8518,85.89573422690407,-18.660135512233744,r1
132408,8519,72.03077402359926,-10.1835826104968,r1
132424,8520,70.03810677100614,-19.928600988405698,r1
132447,8521,73.02126823986558,-8.374897986359969,r1
132462,8522,64.2433120524526,-21.0231917028,r1
132481,8523,55.80190871636902,-40.338607350768406,r1
132501,8524,78.41759241667987,-18.838410771132523,r1
132518,8525,65.81015643866569,-24.31557533611902,r1
132534,8526,81.1688422341472,-17.360550211698413,r1
132555,8527,2.021161963167444,70.63838726358023,r2
132582,8528,93.44783179146012,-13.269174341537308,r1
132607,8529,4.86460356840356,73.4905997644617,r2
132641,8530,0.21894961489863363,74.90106009962079,r2
132667,8531,83.34182880050223,-39.69529833574781,r1
132676,8532,59.179498456338614,-16.786880871876484,r1
132689,8533,-27.29566599302136,63.80599652844324,r2
132714,8534,85.92713553902857,-48.22781026369692,r1
132737,8535,77.79111903230401,-54.559072371763385,r1
132765,8536,-9.989571395407026,57.55172163267228,r2
132794,8537,7.689254239630593,81.0911786295415,r2
132811,8538,69.44020028086993,-10.869092013350858,r1
132830,8539,75.8512311628497,-11.993448975402991,r1
132849,8540,69.46670727815781,-49.846800388063045,r1
132877,8541,82.20932691692019,-22.955012623562965,r1
132923,8542,92.12350734338156,2.444218314069772,r1
132967,8543,93.04483468001484,12.102812038087713,r1
132988,8544,72.09345161608127,-14.823120736032728,r1
133022,8545,85.74550308442751,-22.548581344017993,r1
133044,8546,79.54450510493747,-39.858043712766914,r1
133060,8547,-24.47603888921422,58.3916388791938,r2
133098,8548,-3.190035003431177,81.50166690814547,r2
133132,8549,94.14117333127989,-1.7249765788549212,r1
133148,8550,70.01565688607349,-52.03757944105713,r1
133162,8551,61.37777999288903,-39.77951772532341,r1
133179,8552,72.94124742944805,-8.561828956474422,r1
133214,8553,11.63643055626499,75.33697764624695,r2
133249,8554,84.9106850515679,-9.731363709117922,r1
133310,8555,38.87313208020078,78.79708501013472,r2
133342,8556,101.733519353225,-7.92053017998731,r1
133368,8557,86.00783732848492,-3.048771667682999,r1
133404,8558,18.434012906558905,83.30674985002085,r2
133429,8559,80.8340178451217,-13.54425610473546,r1
133449,8560,68.7035511550146,-52.08160288074702,r1
133476,8561,-19.956575816656635,70.9976807809437,r2
133494,8562,64.35927360575276,-51.01405064878553,r1
133513,8563,70.03781481728512,-8.674972420980204,r1
133543,8564,85.90617109287172,-13.882682159208407,r1
133580,8565,-0.17622057868764784,91.00415116189083,r2
133599,8566,78.71152181242935,-40.9939966429515,r1
133644,8567,4.4867653833029735,75.27538402622598,r2
133659,8568,62.110905994416484,-13.193330966807757,r1
133680,8569,73.14177381618822,-15.08552618496028,r1
133713,8570,90.92551274464651,-12.44833213780732,r1
133733,8571,-8.579384345440495,74.55274590308129,r2
133753,8572,74.83864854129462,-24.925811202766116,r1
133788,8573,-6.711647594145731,87.22410702611404,r2
133815,8574,82.87508547732334,-22.176081632367556,r1
133844,8575,87.85038285953382,-21.401923927671838,r1
133863,8576,81.80257587642095,-15.295009657361192,r1
133887,8577,-47.049875883220636,70.60465428595735,r2
133913,8578,80.2481313975386,9.558156579114971,r1
133928,8579,67.82021450038478,-14.38357950939298,r1
133957,8580,89.5962204342616,-3.7709121577622255,r1
133981,8581,-46.93095007767535,66.183896499722,r2
134012,8582,-24.506278301389408,76.91117057499011,r2
134050,8583,3.652843265724343,79.49746327499841,r2
134075,8584,84.04442435158002,-20.978671629918683,r1
134092,8585,68.23760605502673,-49.981945972941205,r1
134122,8586,86.75790680948674,-41.750818625244115,r1
134138,8587,-17.070291202867182,58.11089635116725,r2
134176,8588,9.457041722381383,64.02626680661552,r2
134203,8589,-6.296765525756236,70.75381605207133,r2
134247,8590,-6.778441843916703,79.20723006122803,r2
134288,8591,11.581873761269335,65.55702712527142,r2
134324,8592,102.6235567192625,-11.772541127563855,r1
134354,8593,89.69039867019197,-18.77285961185254,r1
134391,8594,85.79203209361842,-5.147846383334198,r1
134417,8595,80.97627427832023,-5.380730959972006,r1
134438,8596,37.76149341678124,40.419734317680266,double_ko
134465,8597,77.90562002699866,-20.895698298517456,r1
134514,8598,87.06075447755384,15.216326020910898,r1
134532,8599,-9.972365637773635,62.938137119843105,r2
134561,8600,64.59185767872685,13.297580136005031,r1
134632,8601,23.8955762590465,63.43412660899704,r2
134650,8602,71.7262694845715,-51.474998439980126,r1
134692,8603,107.27346456462664,-28.340556284116232,r1
134718,8604,76.85085045410293,-4.865650331996044,r1
134762,8605,19.73555620896284,71.55719106458244,r2
134785,8606,92.87107039092832,-26.091986365586166,r1
134821,8607,89.66531033313467,-29.62625529283844,r1
134867,8608,114.18811741696896,1.417288347566675,r1
134884,8609,87.17772208041976,-23.146648288722808,r1
134899,8610,-45.065577189851595,77.14131070218875,r2
134930,8611,88.9581492986634,-22.661379600273026,r1
134948,8612,-12.004760907128087,66.21535155162582,r2
134980,8613,83.12415268860047,-42.99615079888654,r1
135019,8614,86.53848335600867,-29.459509728102425,r1
135033,8615,-8.558571709871636,69.86280818864694,r2
135049,8616,83.23176419202518,-55.03185893692006,r1
135064,8617,64.31365732474593,-21.087952235338413,r1
135091,8618,90.65608499696289,-26.578328118401977,r1
135116,8619,92.41663973646845,-17.556479901870357,r1
135128,8620,65.82118344312909,-43.90740816859569,r1
135137,8621,-25.248821610105775,61.04609928074614,r2
135159,8622,73.68706461652202,-46.224001504171255,r1
135172,8623,63.087529947397464,-18.10509128013341,r1
135228,8624,116.0916222663169,-1.8839003592371384,r1
135270,8625,21.08603990217467,73.75450020006032,r2
135291,8626,-9.068836573468147,57.22451543165056,r2
135319,8627,92.42838435077957,-4.873730282849813,r1
135338,8628,-27.716087176588978,60.89237565248125,r2
135357,8629,-12.663411602495898,68.77117137588169,r2
135388,8630,1.7036956482964882,75.39614065701124,r2
135410,8631,82.42151583132824,-49.348535273350514,r1
135436,8632,74.10400007976148,-15.452068353497118,r1
135451,8633,61.8315851515423,-16.40187169077125,r1
135464,8634,59.749580471886176,-50.07898111890042,r1
135495,8635,1.3507910012598359,75.68437717995509,r2
135548,8636,102.2364556723656,-2.394194247769306,r1
135570,8637,-2.1546938037245695,57.71830249482119,r2
135600,8638,-16.178904639019713,72.28144698465863,r2
135635,8639,15.29158666049888,68.81660187072366,r2
135666,8640,108.42441441353127,-16.312844214792058,r1
135710,8641,106.46504174212265,4.62394061639241,r1
135751,8642,108.82559175620273,-22.63967552521474,r1
135771,8643,74.03845445959058,-24.917694126968247,r1
135786,8644,-13.404027907134068,69.68838438446093,r2
135838,8645,24.587700658617337,81.58070374882999,r2
135856,8646,65.33175997837408,-11.645967522774463,r1
135894,8647,1.013266885892648,69.59021822510292,r2
135929,8648,-0.6622086583084865,80.3050826396038,r2
135968,8649,96.2632892640251,0.2803413944418409,r1
136009,8650,90.49612536733854,-11.248192954729426,r1
136036,8651,94.39801030585768,-18.231670372152788,r1
136047,8652,52.34005782151531,-53.17506083462872,r1
136070,8653,84.47223837422236,-26.35264779442886,r1
136096,8654,90.53181876677414,-56.203687711484,r1
136123,8655,-10.993201819759918,71.34245171320138,r2
136174,8656,40.09661416774108,64.86644737136768,r2
136199,8657,104.36792374452784,-18.923849875338462,r1
136232,8658,-2.6915608304548684,70.65324082080315,r2
136253,8659,-6.2918612042656505,58.22395235360559,r2
136313,8660,88.36543442010972,38.69081305295426,r1
136341,8661,77.92455110335678,-2.1224447583416435,r1
136362,8662,76.57779449582759,-26.09154639970905,r1
136410,8663,94.94024716706846,-1.5893855787350688,r1
136430,8664,79.52222553282945,-11.680553508899848,r1
136448,8665,68.01952530781156,-14.660225879885502,r1
136480,8666,7.926124232304403,67.13424989580429,r2
136501,8667,-24.791887975444013,53.73663373316055,r2
136526,8668,89.66537808094935,-36.29562747784245,r1
136557,8669,78.86753252870074,-6.997524479132068,r1
136568,8670,62.34182008157806,-47.929189275848245,r1
136606,8671,86.9505929248315,-3.241503600371864,r1
136648,8672,-17.314568427020006,73.41432560261944,r2
136688,8673,23.607285837595484,78.84116839474893,r2
136723,8674,87.41107556810064,-4.385505084399135,r1
136761,8675,14.892639201764972,88.46591972701974,r2
136802,8676,-1.9651696652366084,84.37575621423534,r2
136813,8677,66.54996747027663,-53.25063540349449,r1
136868,8678,91.48988184675667,22.803003538721235,r1
136884,8679,74.48280007504071,-12.109830065178848,r1
136930,8680,107.2178338011612,-0.2860325829991055,r1
136968,8681,-10.88383804923761,71.53010915281602,r2
136985,8682,-22.466191752737792,62.218796606236126,r2
137001,8683,68.54050619800002,-22.32235615898054,r1
137042,8684,17.9301201672101,75.30906307301402,r2
137068,8685,89.6719858139545,-0.8803321402076065,r1
137104,8686,71.80480244578263,37.10115655022453,double_ko
137119,8687,71.024043247466,-14.77549990958127,r1
137144,8688,-40.6854804284,61.59794115653815,r2
137178,8689,89.69859209109892,1.1057780290533827,r1
137211,8690,88.7261825400856,-5.524196689760963,r1
137233,8691,73.16720615983265,-9.204018094174636,r1
137256,8692,74.46931494046414,-21.892429020852525,r1
137283,8693,74.33030203169135,-11.466832227825968,r1
137301,8694,76.86942369667103,-15.925125570066058,r1
137329,8695,103.77174044735241,-19.45598095644865,r1
137355,8696,78.09365467011781,-8.35184984535114,r1
137392,8697,84.90147299644597,-15.355198221874687,r1
137419,8698,96.17288605252702,-13.696365644234618,r1
137449,8699,88.67073827153024,-16.73072248712793,r1
137493,8700,101.20863757074662,-24.141014253660735,r1
137531,8701,95.79596571338863,-35.673462217134805,r1
137569,8702,86.62779944716134,6.57798536294321,r1
137591,8703,65.59108971345383,-38.16489421417867,r1
137619,8704,-15.333398366562022,61.55875738621678,r2
137641,8705,82.67958301568811,-13.877782963508043,r1
137677,8706,8.708665531537818,79.09627824032067,r2
137699,8707,66.6907405373611,-1.2610893062432922,r1
137740,8708,-16.43617275434756,63.31892453021343,r2
137778,8709,84.8113026217882,-21.344689096621416,r1
137788,8710,-27.218022869672932,64.97725799587582,r2
137823,8711,-15.085050852029596,76.18581474263527,r2
137861,8712,94.265700805356,-21.30038740821507,r1
137904,8713,89.53865070091989,9.088088457908533,r1
137924,8714,78.5809078772845,-13.024942315410712,r1
137962,8715,89.03198244828249,-14.05735564107568,r1
137996,8716,91.46419349949508,-10.19412565376868,r1
138011,8717,74.92888272343781,-7.041140568605698,r1
138046,8718,90.60314056025317,0.41864567921524554,r1
138079,8719,79.17599174734153,-3.515296819386954,r1
138095,8720,61.09999263987436,-39.23477529430924,r1
138110,8721,67.99554645385727,-23.207248189478314,r1
138178,8722,131.61676168826338,-5.196891364532718,r1
138220,8723,0.08611550421467484,83.96725055945919,r2
138256,8724,88.36443767500123,-6.924717501595147,r1
138283,8725,75.64292162025039,-20.985629050366352,r1
138322,8726,107.56238865462988,-0.5774609439713032,r1
138345,8727,79.8837429976536,-13.72850542835765,r1
138356,8728,61.06249431460678,-13.185255639260205,r1
138372,8729,71.5339161496596,-11.056608945853725,r1
138397,8730,5.836434415241861,80.78359192628986,r2
138426,8731,95.62253592076964,-7.409877550548558,r1
138439,8732,66.25492386968142,-23.274408265145233,r1
138479,8733,87.57651069868479,-10.437349894463182,r1
138507,8734,89.43383489551898,-25.08127050802107,r1
138524,8735,72.63492683807705,-16.46137775470087,r1
138534,8736,66.58121942050356,-44.695726700437625,r1
138549,8737,60.04798337834904,-17.97559016597524,r1
138566,8738,66.03829691823394,-17.547935244741453,r1
138585,8739,-26.78761371004109,58.641725247762835,r2
138599,8740,-40.50060049580961,71.503551235564,r2
138631,8741,79.81372394959757,-10.964415995229608,r1
138657,8742,73.82362096538957,-5.526934909735381,r1
138746,8743,111.43024696487524,16.093254581914913,r1
138773,8744,89.03644631890378,-9.902161979792261,r1
138820,8745,97.08317342331256,5.7122183135228894,r1
138884,8746,115.50977520158597,-3.055764945288672,r1
138909,8747,77.16668293862936,-18.087314409976383,r1
138927,8748,-14.453103279477794,70.52708839603164,r2
138962,8749,84.20268126767836,-8.38799724809379,r1
138984,8750,74.12915217094212,-14.793799585087122,r1
139022,8751,84.24152556416001,-17.004601399732348,r1
139062,8752,14.151661486365697,77.86672551429928,r2
139083,8753,-35.76087545871336,58.164959634711664,r2
139103,8754,74.28429394401209,-49.939727500443105,r1
139155,8755,44.54494818597539,43.98478087823791,double_ko
139189,8756,114.61715439538305,-33.58063590671304,r1
139205,8757,67.35986886407028,-17.804440384076607,r1
139250,8758,98.17347190128456,-22.928077282846086,r1
139265,8759,-14.262262247139475,80.79214008137268,r2
139288,8760,84.6647535030205,-19.587046420884562,r1
139301,8761,62.17015945717117,-52.69068772152689,r1
139333,8762,91.734240260196,-27.582155053405856,r1
139348,8763,61.9324152595362,-36.409579763089255,r1
139384,8764,71.62462838164281,-15.391730254527175,r1
139406,8765,77.54928114025789,-49.94976365467172,r1
139420,8766,-12.563342323310998,72.13302318903052,r2
139448,8767,75.72632120500845,-43.134096341696086,r1
139474,8768,72.12107634187373,-40.202806808664285,r1
139489,8769,59.9210735994469,-9.760868538550724,r1
139547,8770,100.53601971544201,-23.347860278277548,r1
139585,8771,93.846384433622,-14.564397365299996,r1
139630,8772,11.123193833896714,95.22603491067584,r2
139685,8773,120.80632305757348,7.5970050541820555,r1
139711,8774,78.02418480957287,-20.037524414287354,r1
139729,8775,-2.772896059982209,49.50969706139159,r2
139781,8776,100.25680709171391,-33.75863186935107,r1
139874,8777,135.0769020677103,7.4619159355099,r1
139892,8778,60.26486351114358,-26.09992814368686,r1
139927,8779,-0.019011663555254188,72.89503272800872,r2
139951,8780,74.34785743418155,-7.958047878350115,r1
139968,8781,75.9446663651584,-48.518418042452,r1
139988,8782,71.89569759159245,-48.35035686931075,r1
140018,8783,-6.064602135090588,64.99817397237098,r2
140036,8784,76.3122550201358,-19.400380602871927,r1
140056,8785,72.15767374084507,-4.138404274693805,r1
140074,8786,-25.521915486378827,55.64855799747147,r2
140111,8787,91.81437981849687,-4.397786687725677,r1
140138,8788,77.06329998505211,-42.391423986281545,r1
140168,8789,1.9140646007973245,78.8660412348264,r2
140197,8790,93.16945859575104,-10.960916361143418,r1
140235,8791,94.79020784830732,-11.070721603063959,r1
140265,8792,1.9324061418767755,72.19039461694337,r2
140306,8793,90.39032621943484,-10.734357227396373,r1
140349,8794,110.58164242488925,-17.525329370587436,r1
140393,8795,113.46928355506294,-15.92050546185057,r1
140441,8796,110.61079363130614,-15.182284874551737,r1
140459,8797,64.03541298950235,-18.73603508564227,r1
140490,8798,96.33082358735174,-33.37966058046436,r1
140507,8799,-13.443029015714409,62.78980984972931,r2
140528,8800,74.73077384690417,-16.033747802119553,r1
140541,8801,65.04218547202171,-36.02448959310209,r1
140582,8802,90.7052080065222,-12.35213413230877,r1
140613,8803,-11.106397853315976,69.35156185492059,r2
140651,8804,23.592165498992678,77.03721616514522,r2
140674,8805,81.29846106485493,-21.156763227096565,r1
140693,8806,-40.44169064860583,73.0361224441063,r2
140732,8807,83.75756045644914,10.598934553650736,r1
140748,8808,-1.1493677122765291,60.51251284753452,r2
140772,8809,75.82828478620159,-45.31583463066597,r1
140811,8810,111.51765286081351,-20.17107249526101,r1
140829,8811,73.6690620352995,-20.985389913451584,r1
140854,8812,79.35868829062356,-16.21579834054404,r1
140873,8813,77.07468234044353,-7.650067436285717,r1
140902,8814,85.30261451432504,-32.32858131067336,r1
140954,8815,-4.006450622346961,92.91867835172053,r2
140978,8816,87.50000259696303,-12.659992977480705,r1
141006,8817,90.21075150016489,-12.465523811477027,r1
141041,8818,78.45347622500515,-4.5955499438503296,r1
141062,8819,-21.462264494867675,61.630277673314,r2
141089,8820,74.24243178743058,-9.03511981942723,r1
141104,8821,-3.6081841274576476,43.79960828796902,r2
141151,8822,99.36556660553515,-14.588744125492816,r1
141183,8823,-14.21892085241604,77.77976346990451,r2
141217,8824,88.3654632898669,8.826673161625507,r1
141247,8825,7.590148827319531,82.09717678074722,r2
141265,8826,64.651077594578,-55.259183353840946,r1
141289,8827,82.05164591339278,-5.26673943687603,r1
141300,8828,65.08514213625064,-22.899019993694438,r1
141333,8829,69.37637041668796,-29.87341587944802,r1
141344,8830,66.99620345087499,-24.214947542684033,r1
141360,8831,63.190649714658754,-14.53734009029521,r1
141371,8832,59.404725662182756,-48.20639224941194,r1
141389,8833,-35.03417331087421,68.26843081174674,r2
141408,8834,68.09118918541978,-8.823022239930552,r1
141437,8835,76.98557098583277,-14.937772471635853,r1
141473,8836,103.59510733413588,5.893383855912731,r1
141518,8837,95.516482355427,0.37401089576533053,r1
141536,8838,39.24090957402496,28.79789376591012,double_ko
141559,8839,79.89248657331444,-14.144917312542205,r1
141590,8840,9.397253456241756,72.16691026190682,r2
141645,8841,36.19741256733876,80.89654781872368,r2
141674,8842,78.28629600047167,-5.443656575880759,r1
141691,8843,66.31596343608997,-7.520407643331332,r1
141712,8844,85.74003023146017,-8.894018259469291,r1
141733,8845,0.5565942811461753,68.29940022055737,r2
141757,8846,93.14901943369765,-33.70965773264142,r1
141795,8847,94.56076052775825,-5.386870619705334,r1
141832,8848,81.45244114870553,-29.84761003889836,r1
141856,8849,89.31796650386647,-18.93641800915207,r1
141873,8850,24.04232795693437,30.57149114873439,double_ko
141888,8851,58.89744652231713,-47.012117202435256,r1
141915,8852,78.04081846453943,-23.27186890109562,r1
141948,8853,110.48320100094168,-19.129676230493974,r1
141962,8854,73.30879768263173,-39.79336603565859,r1
142024,8855,73.94496241944587,35.961558573685004,double_ko
142061,8856,5.980647073473769,80.20559881344326,r2
142085,8857,77.52865100796541,-12.036514873553507,r1
142100,8858,75.27429554918271,-23.183409123550064,r1
142119,8859,-30.050737982751794,76.7681220610331,r2
142134,8860,67.05043479936498,-10.030298993097695,r1
142152,8861,71.3361075517517,-19.806965714603187,r1
142199,8862,111.46083088660266,3.3988224943629533,r1
142212,8863,72.5522662458933,-16.886135139778588,r1
142233,8864,72.03001786950938,-5.290054012783081,r1
142264,8865,3.3762742372688948,77.02799412377516,r2
142294,8866,16.488392595013437,77.55089959372756,r2
142315,8867,-20.314590057799435,68.34823174145399,r2
142333,8868,76.5376369387012,-19.01897013538352,r1
142349,8869,68.58491972192955,-21.938846339251906,r1
142370,8870,2.2841713068904355,67.73740291625263,r2
142381,8871,-15.096706086139015,57.12564620711779,r2
142393,8872,73.98387007686964,-19.978719036996992,r1
142413,8873,-22.73277219748849,64.14502977614944,r2
142441,8874,86.40207532071103,-21.254395230653348,r1
142479,8875,92.88287760907306,6.365816042486244,r1
142498,8876,73.71923011638577,-10.797236093683729,r1
142517,8877,-5.245445777373959,73.41118529412529,r2
142536,8878,83.53272161455673,-14.60744463956011,r1
142555,8879,65.33231504476906,-37.99703097607736,r1
142580,8880,82.36003327952102,-9.81518170445566,r1
142600,8881,85.37669380894528,-14.833290596038488,r1
142626,8882,85.26211886599887,-6.75658575230981,r1
142648,8883,76.78526822509254,-13.948420813308047,r1
142723,8884,102.35459226449835,30.669556115818374,double_ko
142754,8885,78.0240812574552,-4.089101309585736,r1
142806,8886,99.87410385997869,3.472215396132192,r1
142834,8887,3.6002927103569036,73.469256513784,r2
142894,8888,32.20578160263065,74.52295137244384,r2
142939,8889,62.39252607427477,32.221372754843756,double_ko
142951,8890,62.622972991957674,-18.34980559752991,r1
142993,8891,97.99639962689932,-0.2850508274034169,r1
143010,8892,72.76137452574092,-15.793179002290039,r1
143064,8893,105.91905125591293,-23.08013840244948,r1
143083,8894,66.25557748129872,-7.669824069630025,r1
143137,8895,30.354725212323764,81.0442861111199,r2
143179,8896,105.3478213900772,-4.1242156157655,r1
143209,8897,77.74064104228029,-12.893243657592528,r1
143236,8898,88.26724559518941,-12.048380561389315,r1
143284,8899,111.38314999926283,-0.22746915898162,r1
143314,8900,93.52246687680667,-7.270879448787575,r1
143357,8901,118.19282062071666,-26.275356429448856,r1
143381,8902,72.00994583319056,-0.7778213149969488,r1
143433,8903,86.9026399499385,-0.8953752056724937,r1
143464,8904,79.29643406251732,-18.605064752530993,r1
143476,8905,64.0221116987568,-13.39512732735485,r1
143526,8906,132.05990245523532,-11.197174508526224,r1
143553,8907,10.217160285684926,65.86814465692261,r2
143573,8908,78.06649519712965,-16.839421763407408,r1
143600,8909,63.97390446579749,33.32823908073551,double_ko
143624,8910,87.57806348035234,-3.6490295067024263,r1
143682,8911,22.049864043144225,76.61662543478496,r2
143713,8912,76.56191657842034,-32.748920760542774,r1
143729,8913,73.24765800207396,-19.939619411308705,r1
143742,8914,-9.032380679277331,54.08299131025632,r2
143764,8915,-37.67320335711733,70.47328688816503,r2
143796,8916,100.83785492816875,-11.627585325537382,r1
143849,8917,115.33942592540996,-23.378163880841328,r1
143865,8918,71.86714918952651,-14.804502897664143,r1
143899,8919,95.59793400467268,-14.079297023738881,r1
143931,8920,102.42524482024623,-4.048447263526391,r1
143948,8921,65.66224573369918,-32.96427959304842,r1
143997,8922,118.0733160795823,-5.789538035415333,r1
144021,8923,66.97438030422764,-16.651137775154595,r1
144068,8924,-24.871858307341185,68.773845464974,r2
144100,8925,90.80802747750604,-3.090185688856579,r1
144130,8926,95.28266828231136,-15.083203046346078,r1
144163,8927,88.68690939615638,-40.268449006554995,r1
144176,8928,-23.15290148921801,58.34457092881914,r2
144207,8929,74.79250491845929,-10.512702743990225,r1
144235,8930,89.61213203325252,-7.799397381149085,r1
144262,8931,4.5750414605782765,69.66980026547922,r2
144316,8932,120.12806513453641,-8.678257176783553,r1
144356,8933,85.76864310133132,8.987192655657395,r1
144389,8934,83.50879582042766,-32.736708929078,r1
144431,8935,100.37579895217486,-12.560514984340848,r1
144478,8936,3.9577679327310875,85.35948822513792,r2
144519,8937,87.605352747236,0.8500013576231993,r1
144530,8938,61.050664754482625,-30.695644403404255,r1
144563,8939,89.92185685478174,-40.656637464632865,r1
144572,8940,61.17100881606529,-26.026758767977185,r1
144595,8941,2.2658413851835704,85.91755769053667,r2
144614,8942,77.54563268483788,-41.92387385812769,r1
144646,8943,86.91553859531393,-48.6964798990418,r1
144706,8944,120.73575256801493,-0.09732038523264208,r1
144748,8945,84.09166453368914,-7.672285220758489,r1
144780,8946,-0.4752645132510267,79.30677281465853,r2
144812,8947,90.41215689705749,-13.203040127875447,r1
144867,8948,9.905602302874449,102.73071924664838,r2
144890,8949,82.14738953084984,-12.799773203643092,r1
144950,8950,105.22281841793875,-24.449303001606996,r1
144969,8951,63.77365058054083,-51.586736784069814,r1
144982,8952,64.36785817932117,-23.739374036499292,r1
145001,8953,73.6357198136111,-6.68444236539937,r1
145015,8954,69.37483287809822,-21.64392539755291,r1
145057,8955,100.56512610612117,-0.8097066802560065,r1
145101,8956,12.054693679595559,77.35125650008933,r2
145120,8957,-17.15486592319853,60.435632477253854,r2
145134,8958,58.80031506447723,-14.599584927816885,r1
145167,8959,82.757622208645,-7.112565096293466,r1
145187,8960,64.59534334472004,-12.123104997905003,r1
145199,8961,62.04511858590013,-14.874632638165096,r1
145234,8962,87.8202040002303,-20.238029246780094,r1
145264,8963,68.1413385400993,-50.538343080029804,r1
145294,8964,82.0663798023198,-5.620421352330631,r1
145339,8965,89.5421197606449,-8.151598818765933,r1
145362,8966,73.57300986986927,-15.471697577300379,r1
145404,8967,86.13185373204892,-43.102277099496284,r1
145427,8968,68.16765865490467,-16.11615541749289,r1
145482,8969,123.57222896089638,-12.004755608269967,r1
145515,8970,90.45841837714357,-26.25280109775674,r1
145541,8971,80.67773369435271,-27.531814756576065,r1
145562,8972,66.65485308737468,-3.168810236401491,r1
145591,8973,87.85583228235635,-3.571854051102825,r1
145613,8974,-30.255519059951475,70.62105634576625,r2
145640,8975,72.97479418889979,-51.95130209848921,r1
145672,8976,101.81442074006426,-33.49749479137887,r1
145700,8977,77.77408260902914,-16.349640312473255,r1
145743,8978,97.77678584913073,6.809442946827673,r1
145788,8979,-20.70901114021416,74.60388022159734,r2
145854,8980,109.87880170576109,8.00687980093528,r1
145920,8981,121.16885318354093,-0.888350358558526,r1
145931,8982,66.30471125974387,-17.20527182755245,r1
145956,8983,81.97883345731556,-24.56870862069847,r1
145973,8984,66.13644705097876,-9.596029885466102,r1
145990,8985,71.62727244451159,-11.390380370200603,r1
146007,8986,62.42481232112924,-17.157391208615095,r1
146028,8987,61.607229252492374,-4.103995765918363,r1
146055,8988,81.83108669082543,-44.247752010967545,r1
146127,8989,28.81432246435903,89.02521583814067,r2
146176,8990,106.32678705525359,4.452140475939444,r1
146237,8991,112.39734157171219,-3.0405140281563163,r1
146254,8992,-39.865787446547614,62.52462446585881,r2
146302,8993,95.82425198784014,5.896174958716138,r1
146335,8994,101.47252183609751,-24.996871558467593,r1
146367,8995,88.26832492727331,10.202134997611928,r1
146441,8996,34.929390887295085,96.74098019610888,r2
146503,8997,112.94693553253934,12.038909885567442,r1
146523,8998,-8.128878784984188,62.9348619015057,r2
146558,8999,88.16319227945132,-22.008585147503286,r1
146576,9000,60.702787175666344,-31.08476712005877,r1
146658,9001,41.206205499734075,96.4323552065377,r2
146694,9002,82.078634411741,-51.03990967544922,r1
146709,9003,69.7322384073726,-10.000299786058925,r1
146720,9004,-10.057433177710067,56.47275519832984,r2
146736,9005,-19.054497527840667,61.37913435028224,r2
146768,9006,88.4385594451706,-20.37825547974733,r1
146790,9007,-0.9975648632896963,57.0533325754012,r2
146825,9008,85.74597122680564,-9.80080473033599,r1
146856,9009,85.3097706829604,-30.713542995935796,r1
146873,9010,62.57197771903172,-13.095734429806345,r1
146923,9011,101.251985734356,14.337123267560713,r1
146957,9012,67.06736411868687,-3.0679741049738993,r1
147022,9013,54.55914912685656,87.93455977311369,r2
147045,9014,10.131365709212659,65.81096404292883,r2
147060,9015,71.82430372538977,-21.13030318152915,r1
147108,9016,28.641211258481505,79.93313045351164,r2
147127,9017,73.92113506863754,-56.65039240446081,r1
147180,9018,152.78856064427964,-29.739020891691986,r1
147211,9019,78.53301534333691,-30.87976559077499,r1
147226,9020,-8.205680352218856,60.669617267971326,r2
147265,9021,-2.1952298967187573,66.54175884094256,r2
147280,9022,59.21687343587758,-21.949532655057986,r1
147326,9023,99.1029956955301,15.88020533241616,r1
147346,9024,75.1072963982604,-49.03218861680808,r1
147379,9025,103.83629073423484,-36.593743442986565,r1
147415,9026,97.38816276378465,-5.145372336976763,r1
147435,9027,-43.77719539126735,77.03475022634592,r2
147455,9028,-12.535786506030341,69.77535029611452,r2
147475,9029,83.0288070050825,-10.850599651350414,r1
147520,9030,21.235860630517756,70.2370025315374,r2
147553,9031,75.89070227318723,-20.75924211977606,r1
147592,9032,11.220048450600913,84.66214909449045,r2
147607,9033,-41.39833495239486,60.8559786011176,r2
147626,9034,0.5508948915707208,62.37341781318343,r2
147664,9035,-11.971603964632287,82.61501281031423,r2
147707,9036,102.41476209284221,-7.068350226817898,r1
147738,9037,79.0746975534052,-49.50926957922643,r1
147755,9038,66.72715810012915,-10.045985330021345,r1
147791,9039,78.142168482152,-18.96478484781251,r1
147829,9040,93.18466596282764,-7.076308961465799,r1
147884,9041,116.83380089358837,-17.612483060474425,r1
147902,9042,78.70859343895006,-15.2114707369003,r1
147954,9043,60.51648078103127,40.1585729701241,double_ko
147967,9044,71.32670278347618,-13.876315781943589,r1
147989,9045,66.67593455666758,-39.51172535971841,r1
148027,9046,85.13382508786864,-7.503646928089452,r1
148049,9047,84.91073782662727,-2.3117461566282245,r1
148090,9048,84.53397904329813,-8.03088816944674,r1
148124,9049,102.08692235704339,-40.37580748151403,r1
148160,9050,7.140354369551559,85.83753004130946,r2
148185,9051,-14.989990017539682,74.49872223583624,r2
148235,9052,15.005061254435205,85.485112363231,r2
148292,9053,111.3607184712694,-18.36075818007601,r1
148321,9054,68.86619006872257,-3.218716304714924,r1
148336,9055,71.22047494811213,-54.412812219204085,r1
148354,9056,-14.548378108363373,63.590744670586204,r2
148366,9057,-11.1117996440085,57.492502457072796,r2
148388,9058,-40.46699063107999,57.96685768887069,r2
148406,9059,64.9989394845108,-53.689460245526796,r1
148439,9060,90.97270814046803,-13.330141051139364,r1
148455,9061,69.63185296863855,-13.711988291319607,r1
148494,9062,13.609707308709012,67.22072425401782,r2
148560,9063,115.33881695313082,15.561871178479905,r1
148598,9064,79.41422294676501,-34.65574236202566,r1
148647,9065,84.30103605535186,-7.823200770756813,r1
148685,9066,88.30310300469468,0.7177178096088781,r1
148748,9067,67.65562180049182,-29.856661382389838,r1
148789,9068,98.87062463593247,-6.424302755269522,r1
148803,9069,-33.00587978909247,53.26586544672668,r2
148857,9070,13.526582083099221,82.59060852397583,r2
148879,9071,75.27507289965442,-6.57719111334594,r1
148905,9072,-16.532051616845393,63.211755821042516,r2
148942,9073,14.571064511162554,75.12061716455135,r2
149003,9074,111.58704769531502,-20.302278289543864,r1
149030,9075,103.31529930936333,-14.267460010074664,r1
149068,9076,93.86298324973183,-29.343766564233142,r1
149090,9077,67.91993258900126,-9.751169298833318,r1
149120,9078,74.52920498217,-13.799656266513757,r1
149144,9079,81.24945481552349,-10.460797473296367,r1
149186,9080,89.91473948469849,0.7139364862843749,r1
149247,9081,39.393811480421654,80.0690479083865,r2
149296,9082,95.06413879495787,-20.95355816222007,r1
149314,9083,77.8311789125199,-10.277663153066236,r1
149353,9084,3.1968245088619085,70.64490084809202,r2
149380,9085,90.76099375534902,-15.53027801710192,r1
149411,9086,82.43740977131631,-9.945364103748595,r1
149422,9087,66.31248315108074,-17.934631161762404,r1
149488,9088,117.65293904721224,4.358165586123185,r1
149537,9089,83.25350915300197,0.48874354260991026,r1
149586,9090,102.92179337209548,-2.678124712981564,r1
149642,9091,94.765457622909,-8.232612002009041,r1
149676,9092,94.6511617235625,-19.84148681417087,r1
149709,9093,76.92548201739076,-17.001750035431222,r1
149740,9094,-5.258410793189277,67.41557204763961,r2
149778,9095,13.761318493542156,64.99012774128708,r2
149835,9096,10.060186660939777,112.19058321884575,r2
149856,9097,80.9983635572227,-9.103755811654054,r1
149923,9098,132.4536595603669,-12.323243126618287,r1
149946,9099,75.61384635330705,-47.08836308367636,r1
149975,9100,5.280323116925956,80.05104618686192,r2
150050,9101,92.78118292460348,-16.636177896045957,r1
150079,9102,75.13320627477438,-47.21779669938489,r1
150145,9103,106.60131077044491,17.094293874571875,r1
150165,9104,-22.361588885062837,58.21182620914937,r2
150175,9105,64.9632017263248,-54.90779706266391,r1
150221,9106,90.16016562704155,-35.0226833473465,r1
150232,9107,75.00620127543942,-42.88190356201638,r1
150274,9108,108.76574320054641,-30.915244045011747,r1
150309,9109,99.5707548111447,-13.30995773645753,r1
150330,9110,72.0796335235089,-47.003024400397855,r1
150371,9111,14.171629215821937,78.66997611306743,r2
150406,9112,91.0128924350455,-4.628658063857401,r1
150437,9113,-8.178320701611483,77.44469504296232,r2
150547,9114,147.15285873241987,12.513225096112414,r1
150576,9115,80.10605804206908,-21.77835472252688,r1
150599,9116,-0.4944201940957669,54.512089165577954,r2
150666,9117,113.28354830459057,5.280704630946218,r1
150746,9118,137.55359778482625,3.4031669496690213,r1
150792,9119,5.755217115423669,69.35213749698474,r2
150835,9120,8.28590367399,82.69105200051354,r2
150881,9121,94.43290832288349,-24.223341911065024,r1
150896,9122,-14.7565156448036,65.28980955611699,r2
150912,9123,81.01819199652368,-54.50614382020656,r1
150932,9124,-21.063258161502947,74.75436907981438,r2
150976,9125,35.061611654201194,78.97969742934924,r2
151012,9126,6.755669349371104,78.70234280122264,r2
151046,9127,91.2611490188315,-18.41013031864594,r1
151099,9128,121.93479773877118,7.769984139312179,r1
151135,9129,-18.30462352915842,74.16360372560533,r2
151163,9130,-1.552164552850627,68.1045713141045,r2
151225,9131,109.80319912149066,7.6761130476472985,r1
151261,9132,93.5588935556061,-20.36516349926672,r1
151296,9133,97.06848774337054,-41.397857970661235,r1
151323,9134,-28.80485641096348,64.69460102934102,r2
151383,9135,127.64553818335554,-38.87335966678996,r1
151403,9136,-17.73759110754992,62.17712977052439,r2
151446,9137,98.97350673034273,-2.4766820653550496,r1
151477,9138,0.7549625803319842,76.52829659901016,r2
151490,9139,-38.37860792513934,75.08068378619127,r2
151519,9140,87.34731727252927,-13.92222264840347,r1
151574,9141,104.96685044015285,-15.488654692127398,r1
151622,9142,25.882735551575713,81.20406695374922,r2
151648,9143,85.29626204456535,-20.70453034168858,r1
151660,9144,-16.459988796727416,52.866980648600226,r2
151685,9145,74.07580194874325,-22.57631645667831,r1
151726,9146,-0.072931027964664,78.78934053133023,r2
151771,9147,29.640501515972495,90.24521459579378,r2
151795,9148,80.06369498863658,-49.99075004571501,r1
151837,9149,89.5750029529807,-11.77762848527545,r1
151873,9150,84.95786254271144,-6.528549411475311,r1
151910,9151,95.48649073867685,-19.600377540463313,r1
151941,9152,96.86292642056227,8.389366520681925,r1
151969,9153,93.47305016898139,-13.496757966156451,r1
151994,9154,87.90828476222367,-47.78324949383647,r1
152016,9155,-4.7557013480156485,67.5962098865582,r2
152061,9156,-11.518373174010186,68.03100859940582,r2
152109,9157,111.1326030156486,5.881225465286569,r1
152137,9158,-0.9274739809805368,68.28722863732163,r2
152180,9159,85.07264571513345,-20.51014322371198,r1
152194,9160,86.37527284321678,-42.503925879332925,r1
152219,9161,83.14050655651997,-9.650690626646771,r1
152262,9162,91.37143880147042,-21.116226680570538,r1
152298,9163,94.57436826656857,-5.914071280062501,r1
152326,9164,94.6737710881387,-7.236654448020914,r1
152373,9165,105.72667277756767,1.8153849440074197,r1
152418,9166,117.66749161629903,-19.02133366109596,r1
152436,9167,73.3939404414146,-14.583339938169,r1
152453,9168,81.59831448400146,-12.96129692869605,r1
152487,9169,96.50096697064807,-29.252161498797296,r1
152523,9170,24.421983776465233,66.94003138741569,r2
152540,9171,-32.60098725605671,59.39339692202072,r2
152584,9172,119.71245307283792,-24.237626144501334,r1
152620,9173,1.8254875497858407,81.82387963429453,r2
152632,9174,63.724953398114096,-15.486453473528293,r1
152660,9175,80.04650739300033,-7.963142977465857,r1
152700,9176,105.67268592516447,-1.903330664967477,r1
152737,9177,6.314401126843499,64.00655393336685,r2
152781,9178,28.500647737271784,86.84898744703558,r2
152814,9179,94.93867790771066,-6.35016307569061,r1
152852,9180,92.38923958004759,-27.98169136463668,r1
152877,9181,75.68176305112931,-4.003876633879081,r1
152894,9182,-49.36574119764873,75.46077059093633,r2
152964,9183,123.29575095162637,15.454132901222472,r1
153029,9184,120.1791727621213,11.100549587545757,r1
153078,9185,29.4010150695266,81.7740394085013,r2
153110,9186,-36.07701838746482,60.255831813541334,r2
153132,9187,-5.979783303895239,73.35837011932207,r2
153147,9188,66.36479593418207,-15.388398294826928,r1
153164,9189,71.58923663810822,-18.39462800824632,r1
153189,9190,-24.903677226742,70.28090647948439,r2
153232,9191,76.93159032618547,-10.479352315941355,r1
153275,9192,89.44349582343216,-6.7787118933675075,r1
153314,9193,110.47440011436832,3.153316132453206,r1
153353,9194,114.55187912703086,-34.84650501713591,r1
153389,9195,103.54018059474555,3.008331911710499,r1
153423,9196,91.31619024903291,0.2821137993289753,r1
153476,9197,88.87168099000056,-8.490352312537617,r1
153539,9198,114.77027653294658,2.2805718388284646,r1
153593,9199,101.07026131025516,-21.91870302299868,r1
153642,9200,128.93827368158466,-6.102847783082844,r1
153668,9201,84.07439943888588,-4.984709120806102,r1
153700,9202,87.5251405410292,-15.85821526105396,r1
153724,9203,79.45340854242177,-35.90761617384277,r1
153756,9204,78.02442102314774,13.309450329209938,r1
153784,9205,91.72763683123364,-7.498429158424685,r1
153844,9206,38.823453887787025,77.02531220972789,r2
153890,9207,16.693653065310798,87.30875423552095,r2
153932,9208,108.59600403655494,-16.15575797760968,r1
153972,9209,5.423964105688576,71.49281499162458,r2
154008,9210,93.47271032610178,-6.983410057332186,r1
154024,9211,-15.85521222592594,69.00075149726368,r2
154056,9212,90.3723686934432,-6.329166672483069,r1
154074,9213,-9.698728660858002,64.65993606192612,r2
154090,9214,78.95923920349523,-14.627794362417465,r1
154113,9215,7.5424424128551735,69.30918390602687,r2
154140,9216,-19.338154227732403,72.45973218350127,r2
154176,9217,88.1927119240928,-13.75604807513188,r1
154194,9218,82.44400910405032,-20.394858659695533,r1
154252,9219,110.29529551359528,23.328753735178964,r1
154299,9220,93.129591502718,29.208952379840717,r1
154311,9221,61.311677233222426,-21.566325556137965,r1
154356,9222,76.46854089929823,0.9150574179769109,r1
154392,9223,72.34035867280123,-33.03354878894932,r1
154426,9224,14.18317683928349,73.61751847448673,r2
154454,9225,12.923343138178865,74.60501886096041,r2
154543,9226,28.783483494516055,87.2436594118153,r2
154561,9227,66.96494915216378,-15.608968225423908,r1
154600,9228,-2.7235594331580444,78.31184561413274,r2
154638,9229,28.958012578385897,65.21942124959178,r2
154655,9230,-1.9803340134483634,66.86375479349527,r2
154700,9231,31.037008677666975,72.88896319575638,r2
154767,9232,43.753970396635985,82.0849988020966,r2
154845,9233,156.18028724979274,-14.1789414869584,r1
154861,9234,83.46199926138975,-9.43490175813087,r1
154902,9235,-9.634785238899617,89.89266136005304,r2
154953,9236,5.1162306770808,71.51645232012291,r2
154996,9237,112.33019924670229,-1.6354058254295936,r1
155012,9238,73.15587673976322,-25.843340060791416,r1
155043,9239,47.30070406260677,47.77040394792447,double_ko
155060,9240,-12.847223684093365,60.95440182432377,r2
155090,9241,90.86931616247844,-50.56509875728917,r1
155100,9242,62.906163327701535,-19.321911895511867,r1
155145,9243,107.02954558667489,-14.930118921910854,r1
155171,9244,88.47363367235863,-8.854494041803584,r1
155198,9245,87.11351391530116,-20.618096270668925,r1
155217,9246,71.37011379531151,-6.172149951058721,r1
155241,9247,93.94065855773567,-1.692122516403984,r1
155255,9248,69.46311673855237,-6.151226789570799,r1
155267,9249,62.81165049654494,-56.65353971080738,r1
155313,9250,113.4265796395728,-20.60277197597027,r1
155331,9251,83.45225856587754,-8.149675765456202,r1
155352,9252,-9.064481781200975,66.39740904000517,r2
155406,9253,102.68446912934029,8.911961886326047,r1
155452,9254,114.4863093872481,-22.004434178264344,r1
155471,9255,85.22813552904336,-10.357704455705402,r1
155484,9256,73.22558805106361,-55.24673825434453,r1
155515,9257,96.19971369751536,-21.315111081102867,r1
155564,9258,118.10687820833374,-42.61032253992607,r1
155588,9259,2.263300450922216,73.3216020357305,r2
155613,9260,87.93094650232445,-20.364987237058163,r1
155638,9261,84.16260048514897,-7.518767289200447,r1
155665,9262,-0.025348327971030926,69.23628953464663,r2
155676,9263,64.37052418722055,-18.5089407332471,r1
155705,9264,-11.242340567832784,70.52962156547053,r2
155721,9265,73.51040147567004,-21.471687464775577,r1
155757,9266,100.52837449624278,-12.829136277093895,r1
155772,9267,69.23091737087394,-25.76341212806132,r1
155783,9268,-11.463043727531328,64.00254350026746,r2
155808,9269,-19.35462380914634,78.17761319806593,r2
155839,9270,81.07274495977848,-0.9861978438806176,r1
155904,9271,46.30704013219685,70.45012375965766,r2
155963,9272,42.86376841942896,64.91413707093115,r2
156019,9273,132.36389491267107,-20.182889926971598,r1
156032,9274,68.09599581740721,-15.735646498497161,r1
156052,9275,-29.53205071932314,54.39856522946586,r2
156072,9276,2.2508281240460803,63.87997678946357,r2
156088,9277,-14.682837528493984,56.92793197983453,r2
156111,9278,80.84351614334909,-40.47204591015375,r1
156144,9279,24.10101613133657,74.00085192997885,r2
156190,9280,112.76666206291893,17.039674750466602,r1
156223,9281,83.93952841391268,-39.60475644311282,r1
156246,9282,25.031669145470467,30.71419714634388,double_ko
156257,9283,-11.660017436669605,60.12851524494349,r2
156306,9284,111.06633278908642,-12.438601960873406,r1
156349,9285,34.694432418504505,86.78281654757487,r2
156395,9286,96.530944689841,-19.840319098966333,r1
156487,9287,132.84732311172456,5.127844684358038,r1
156523,9288,7.523295371993548,90.6363197975499,r2
156538,9289,72.80814815031124,-10.888004699502986,r1
156549,9290,64.64954826046136,-13.841863198820349,r1
156575,9291,83.73465273096755,-5.284770002922642,r1
156585,9292,64.81733545515544,-19.31136041534848,r1
156607,9293,76.0991328411238,-24.728391190985285,r1
156627,9294,-3.843585046019477,66.33695241110041,r2
156650,9295,1.0436613033357531,55.23079618076545,r2
156691,9296,29.89916421723556,66.51752425196071,r2
156724,9297,101.0500304617795,-12.19381760178895,r1
156766,9298,102.87665146755462,5.055896699237145,r1
156798,9299,89.55314489367913,-20.8324102968061,r1
156829,9300,96.63728592155253,-5.663133996056281,r1
156866,9301,-1.3142880574297209,77.06013141394833,r2
156923,9302,105.28987368366559,-13.499925387266543,r1
156952,9303,88.63505013533347,5.520555509292237,r1
156971,9304,-13.673429059327106,74.543019995546,r2
156988,9305,73.9466211832393,-16.638754731326223,r1
157000,9306,65.75506051582822,-12.956350429630323,r1
157065,9307,128.73146984339382,19.63959126928669,r1
157090,9308,78.30726373152461,-25.40711030889019,r1
157123,9309,80.7583802568373,-3.528754279475457,r1
157146,9310,79.85290054972309,-2.1755523946020077,r1
157206,9311,112.47968457818965,-2.2125783900263087,r1
157238,9312,-8.724452543049928,60.127866448744356,r2
157259,9313,-6.243590204587463,82.3441769252619,r2
157270,9314,72.02581276271408,-15.36817076550906,r1
157285,9315,73.11765637400224,-46.10642990915642,r1
157320,9316,13.164913936677557,72.15214169656255,r2
157334,9317,57.23445612928213,-12.747764610521976,r1
157347,9318,69.20707216355056,-18.504287664749604,r1
157371,9319,82.43078013195766,-18.457074139074937,r1
157414,9320,79.51597187713614,13.289859319369782,r1
157452,9321,92.84962174216774,-34.79022275018107,r1
157481,9322,86.39989313770458,5.986228529508985,r1
157518,9323,7.033314715673576,91.99884053759044,r2
157555,9324,104.43338892366916,-8.390218353851395,r1
157588,9325,92.37838927048725,8.512733449495549,r1
157664,9326,148.43714581190807,-8.643818846939858,r1
157687,9327,82.65461465912136,-13.224289323963653,r1
157700,9328,64.17765168291518,-15.363914416952131,r1
157737,9329,80.44154486102934,-1.4393887214212242,r1
157753,9330,73.89656788106933,-8.71042949885743,r1
157773,9331,66.00719232548093,-12.139691667395255,r1
157798,9332,0.04954127878276182,64.84520864710477,r2
157815,9333,-4.771307691212549,78.63372568700514,r2
157841,9334,88.49698829026875,6.169637583254989,r1
157877,9335,90.60871268192297,-16.403280801107513,r1
157911,9336,13.791884513229114,85.05738348625255,r2
157954,9337,93.51728340124106,-27.896948986065063,r1
157965,9338,64.21570939695471,-25.426775764041817,r1
157982,9339,73.30887775942769,-4.716262233545834,r1
158006,9340,74.25279053937635,-15.548275300373486,r1
158021,9341,69.91162095386044,-19.600869493799443,r1
158050,9342,-12.866103684502214,78.85672821723549,r2
158090,9343,97.30727063280389,9.436272771210838,r1
158131,9344,86.79059400507052,-18.305562243223402,r1
158176,9345,94.57748802432428,4.180257493284209,r1
158215,9346,114.4973281782683,-0.6777170402707782,r1
158257,9347,12.95934753338392,74.67782149953776,r2
158282,9348,75.46448796571262,-1.202167434041833,r1
158328,9349,25.983555969089288,81.45503000130407,r2
158350,9350,77.50534846905614,-16.84872404941833,r1
158374,9351,76.1901141422725,10.823684143017232,r1
158386,9352,66.9488498256983,-22.940273496972313,r1
158404,9353,73.72251264802382,-6.290288029765485,r1
158447,9354,93.78476255735447,-9.857955409495908,r1
158485,9355,90.23306957891907,-9.660943405022216,r1
158500,9356,77.633838508022,-42.909521842562576,r1
158547,9357,1.2606974035924665,83.79324672429118,r2
158568,9358,68.28947509002207,-49.8935340013694,r1
158602,9359,6.122300959038725,80.02500178404986,r2
158641,9360,97.10904986261795,3.6975777007009754,r1
158679,9361,95.42101432876716,-48.89154787138009,r1
158753,9362,98.37903174179652,26.521353754132548,r1
158795,9363,102.14175908618753,-5.6875452859356415,r1
158825,9364,91.4392144936001,2.606158042445429,r1
158891,9365,30.094192348764373,91.66354436667956,r2
158940,9366,92.20803747874021,16.273129869831706,r1
158973,9367,89.24542707858231,-8.433133445279928,r1
158995,9368,70.32205835362532,-7.898620349854937,r1
159006,9369,71.95100393529688,-50.420419516605946,r1
159055,9370,95.97601167842056,-8.400132157500522,r1
159130,9371,122.87306647907735,-5.1607696987168765,r1
159144,9372,-11.66849168864588,58.8296072352495,r2
159160,9373,70.06897608584498,-19.353227150542487,r1
159190,9374,94.7485193305819,-11.423058596309488,r1
159241,9375,108.02656096067322,-9.31845108887444,r1
159265,9376,-1.064712193160588,73.89843504770789,r2
159276,9377,72.55995757209871,-15.531332609451798,r1
159301,9378,97.01831891607154,-16.772073622401,r1
159318,9379,85.82174536754582,-22.004847653634798,r1
159360,9380,117.00200877457678,-45.75706711992829,r1
159375,9381,77.55371843586941,-11.71130672818704,r1
159420,9382,103.67856680571279,-27.48521291378574,r1
159439,9383,-26.819375182150917,59.741003426282084,r2
159463,9384,73.40783935086306,-20.935508321195577,r1
159490,9385,92.80831573481393,-10.315879946750357,r1
159519,9386,10.418610809873037,75.84718854041998,r2
159555,9387,24.425399898099172,74.03254182470036,r2
159605,9388,112.84797461609506,-34.31245251872517,r1
159635,9389,81.06721431582842,1.9455161046812393,r1
159674,9390,-13.050539006970851,87.87688528220197,r2
159711,9391,99.17488701871333,-10.202113637802917,r1
159772,9392,132.5974974103968,-17.35092274435349,r1
159800,9393,90.63344570186702,-13.404519703750545,r1
159861,9394,121.85733942262189,-6.6381932108506945,r1
159905,9395,98.76738032256478,2.304873430337544,r1
159948,9396,91.15645668038869,-11.354576663234198,r1
159980,9397,80.59255537401643,-50.28497513619791,r1
160044,9398,128.68064526209213,1.671276206937975,r1
160094,9399,101.51352536567515,-19.476540630773727,r1
160158,9400,42.176783403048134,83.90895447682621,r2
160182,9401,-21.70916221819571,66.75612151464522,r2
160243,9402,107.37716435427866,-14.107293926636558,r1
160267,9403,73.5743088473307,-21.731930406908003,r1
160289,9404,61.300013477374556,-53.771673439479756,r1
160330,9405,12.653432801560328,75.91502542927418,r2
160381,9406,-9.028038387193249,73.90724655101258,r2
160437,9407,13.056818786963404,76.86512322894556,r2
160458,9408,82.18557852068281,-6.852696579170988,r1
160517,9409,34.087449030494234,88.58575211528992,r2
160564,9410,97.96192863144506,-40.84343865277155,r1
160621,9411,103.17235857345602,8.616663582681738,r1
160646,9412,79.67559297416855,-8.968263400882861,r1
160689,9413,88.841823763011,-16.996125576032536,r1
160790,9414,161.629308420811,-5.464880162576129,r1
160832,9415,108.24562574594839,-29.521387747062402,r1
160848,9416,-17.849960265195357,60.219414913476946,r2
160875,9417,90.1566267657528,-9.73902961524118,r1
160927,9418,101.19073899809509,-7.678680002174282,r1
160988,9419,46.59585869836945,61.46287880038138,r2
161021,9420,84.73150046937388,-11.880002683680033,r1
161082,9421,131.3910143527603,-20.128683737866773,r1
161136,9422,1.8096676508259009,120.28314945275443,r2
161167,9423,104.8651796235557,-12.417024171114136,r1
161196,9424,6.590835727245519,58.378498632324224,r2
161208,9425,65.89112729135638,-21.083566567508804,r1
161351,9426,151.08485669894014,26.465242770239342,double_ko
161366,9427,71.0009439822378,-22.373974909305062,r1
161387,9428,-27.92777029938198,68.84936257653757,r2
161414,9429,80.38534282524898,-15.229513025672667,r1
161475,9430,122.81861974252621,-5.341300198549391,r1
161571,9431,153.57192987309023,1.8705009208891354,r1
161634,9432,131.14853230229193,-7.779831966384954,r1
161657,9433,75.16598559818816,-17.705404807241813,r1
161683,9434,80.04610626061923,-6.831971607209951,r1
161713,9435,81.43063323479211,-17.258716605451966,r1
161744,9436,105.10693001326965,-15.313766049920115,r1
161755,9437,65.43958423245815,-17.335297428413522,r1
161792,9438,98.79776864962471,-7.466313589160507,r1
161813,9439,73.2167908840446,-14.270454175652475,r1
161855,9440,83.97884953312487,-3.054520230238353,r1
161899,9441,88.93387758326205,1.2689050436490774,r1
161948,9442,106.8441533343973,-50.36438337055112,r1
161969,9443,71.77042116556657,-24.35557238094692,r1
162002,9444,111.50713087217234,-8.749201593097744,r1
162021,9445,-4.577882259585188,61.67550342051907,r2
162069,9446,9.824927145300315,82.09249594458907,r2
162129,9447,27.747619900645972,83.6587774543174,r2
162198,9448,130.96814662714328,6.645431496022731,r1
162262,9449,124.29790817147648,-9.55665745299482,r1
162291,9450,74.66770063938114,4.33043228226154,r1
162331,9451,102.58200080333461,-24.088333067619093,r1
162393,9452,112.48455360490233,9.235674499138213,r1
162420,9453,85.55924017689482,-28.14327928761697,r1
162475,9454,131.6183495338184,-15.224863742245653,r1
162506,9455,-12.616801599244582,75.32069239345293,r2
162549,9456,102.50909430766303,-5.276625310726132,r1
162615,9457,42.11666939008372,78.3109415456876,r2
162710,9458,136.2236703691739,12.40094565118013,r1
162811,9459,151.40590805795665,1.8000304293692295,r1
162836,9460,-1.9861765368047912,65.27598607724471,r2
162854,9461,85.3725405533401,-12.3358395031523,r1
162885,9462,76.60914094676068,-53.09424343941281,r1
162945,9463,112.14289282482275,12.62123767219419,r1
162968,9464,-12.495839133245575,81.55748309688857,r2
163002,9465,96.38662066734489,-6.844669574201234,r1
163032,9466,81.67340213471911,-9.095901926377877,r1
163084,9467,110.27572469165528,-37.56658295481307,r1
163135,9468,90.2221665519532,18.628285351386275,r1
163185,9469,106.79899971789415,2.1854119585113807,r1
163220,9470,86.06205820276661,1.4058086241207022,r1
163231,9471,70.15262975191006,-14.969488358831441,r1
163273,9472,103.38591251450643,5.688470709413927,r1
163305,9473,88.03363224306983,-26.87347895149399,r1
163345,9474,7.432604197440305,94.0663830582067,r2
163377,9475,-10.986252872945578,77.44221244201046,r2
163400,9476,-22.900459435320307,62.48238812390906,r2
163438,9477,91.06257291182052,11.046537771913357,r1
163480,9478,107.41045947710094,-22.41046327986222,r1
163509,9479,98.81730767368826,-32.276808084724934,r1
163546,9480,95.21948828034996,0.842077497737904,r1
163557,9481,64.40188232799493,-31.183608809931656,r1
163580,9482,1.0525764467690024,64.59902809426875,r2
163631,9483,22.797696150055003,76.35673839578578,r2
163709,9484,111.93274976918232,-5.044997579767312,r1
163781,9485,154.26155400117332,-21.763995916207296,r1
163800,9486,-24.887756429096335,56.80595556328264,r2
163823,9487,77.88210259422414,-57.51297609361508,r1
163851,9488,-14.617095545857389,57.44396759493912,r2
163869,9489,-47.058261832399474,60.33331134757623,r2
163897,9490,78.7893781000686,-9.69060237571108,r1
163944,9491,100.32924976144051,7.660011367541365,r1
163964,9492,80.74948791105119,-2.7320325195814803,r1
164002,9493,94.42990419338199,-10.524692848038015,r1
164020,9494,-27.21758271665119,59.44847336409414,r2
164062,9495,99.57318353771697,13.98789917674388,r1
164126,9496,124.20881436669745,12.649424060194868,r1
164146,9497,-32.15274106775993,56.13943340362663,r2
164199,9498,137.10525833311945,-14.636323898438143,r1
164252,9499,103.38448531661811,-13.925373111516258,r1
164294,9500,22.98590934644632,71.58032940398493,r2
164304,9501,-13.906790315865607,58.110821759946205,r2
164359,9502,108.70211088546874,-30.433879143747415,r1
164442,9503,118.17942626222398,18.392032766106425,r1
164496,9504,101.49515670234383,-41.043203987361146,r1
164523,9505,-11.620813385079899,68.77556913003819,r2
164547,9506,84.18084329861895,-5.552984301873742,r1
164594,9507,108.98735941591319,0.9674995356468514,r1
164636,9508,109.72142757381732,-6.916187066810593,r1
164692,9509,104.29223887547388,-11.451901995786166,r1
164764,9510,22.858087642367686,103.89778870144397,r2
164811,9511,97.78432672007834,-13.72716931298988,r1
164824,9512,-36.63289699597577,52.928441486201706,r2
164852,9513,78.82904058150598,-13.646582133967456,r1
164890,9514,102.45623133075551,-16.82677002969797,r1
164945,9515,114.25314125181566,-4.809837706784371,r1
164964,9516,-27.7790557420517,65.93238720542632,r2
165009,9517,-8.16668392043794,69.61356840743856,r2
165021,9518,75.30186633307414,-40.97980889820038,r1
165032,9519,-38.82531840090776,49.6769301778178,r2
165061,9520,-30.475693916190316,68.07870022307601,r2
165107,9521,120.01705978736454,-18.86386058136672,r1
165143,9522,19.88369568349127,79.52813931512944,r2
165167,9523,74.55559688961844,-9.111188116125547,r1
165211,9524,100.17184686931185,-6.721000112707749,r1
165260,9525,110.17472882981808,7.053003455371005,r1
165329,9526,123.29318749904068,12.268093543607428,r1
165355,9527,71.12846379450006,-12.925399748978435,r1
165385,9528,82.22269908635515,-19.429249265830187,r1
165407,9529,79.05984938218815,-6.983643057062238,r1
165446,9530,-0.27329102443893305,71.35569956120482,r2
165461,9531,75.77079397593893,-16.218726336604018,r1
165505,9532,77.26806216369773,19.847070163680684,r1
165538,9533,81.02599303429238,-11.063612382041455,r1
165551,9534,67.64309172237503,-20.724037067874065,r1
165586,9535,104.21860937054922,-1.5019545565332066,r1
165609,9536,-24.760405967487227,69.47282649009696,r2
165631,9537,72.09264364820903,-11.997695655724733,r1
165651,9538,74.95550047392743,-21.932189166854265,r1
165664,9539,72.12491731438678,-25.595310973105143,r1
165697,9540,55.24418448022338,25.974112535156397,double_ko
165752,9541,112.93096137793398,-9.252065475869536,r1
165802,9542,121.86389310775638,3.2012167281853365,r1
165816,9543,64.01743134678524,-34.67573560204329,r1
165848,9544,100.70524877471178,-8.548063302466304,r1
165858,9545,71.95689742190743,-16.499569034377927,r1
165882,9546,-13.374424687838577,68.8857536749938,r2
165948,9547,111.58125818632122,21.454259919164777,r1
165996,9548,88.45821646149618,13.367537136115303,r1
166009,9549,60.21438031778395,-11.868740000211488,r1
166051,9550,111.23059038990405,-25.284637963231425,r1
166069,9551,-47.887046422196676,54.99424706938108,r2
166113,9552,105.7114200316866,-6.428088028654294,r1
166165,9553,30.6545679813541,80.16570856510873,r2
166236,9554,23.933968204043524,84.58988965505415,r2
166256,9555,77.66001916889681,-3.2871004514519058,r1
166266,9556,60.87497628405701,-18.508267717385706,r1
166323,9557,30.988778415004255,76.45261608758435,r2
166353,9558,90.99044830918024,-16.66466156133855,r1
166392,9559,91.79927943776897,-2.5695359673162983,r1
166426,9560,108.48702065058384,-4.343697468056973,r1
166466,9561,20.80189451930464,67.98719305981393,r2
166480,9562,-19.047038291966373,57.100138053194044,r2
166506,9563,-2.1873790878878623,69.131215685908,r2
166581,9564,133.2944548241611,-8.185150606656386,r1
166681,9565,121.42172458398474,24.78889348982218,r1
166732,9566,109.81730958918152,1.8854132245407627,r1
166799,9567,32.06743340711703,80.61856304408273,r2
166812,9568,-43.2460770367966,59.568111890715535,r2
166919,9569,156.6246581386318,-5.752820482650968,r1
166930,9570,62.08972957119332,-18.830829781557348,r1
166956,9571,80.55436439166897,-13.474301362156968,r1
167032,9572,129.0458149663292,0.7506400626493885,r1
167064,9573,105.7695590152023,-11.684058244398742,r1
167099,9574,95.46538660444116,-5.976834475330719,r1
167117,9575,77.4912500393326,-46.353462055169864,r1
167165,9576,118.48057100485698,-6.508514633014919,r1
167240,9577,114.83588166723331,-3.5734320326337254,r1
167277,9578,13.479357905488364,80.06752462817619,r2
167331,9579,98.52949367037532,-1.5908241412193576,r1
167358,9580,91.80627316063715,-32.17931620041253,r1
167372,9581,-40.75505363044401,59.171648923532175,r2
167428,9582,107.84479914483668,8.931213609832582,r1
167449,9583,78.83873579167683,-13.495303125939884,r1
167482,9584,88.75562646426857,-15.87857106808762,r1
167527,9585,107.97712473060551,-5.634624224614548,r1
167570,9586,4.638940076697644,98.43790638059683,r2
167581,9587,-42.00136746783542,53.76782114976935,r2
167595,9588,75.94336783507524,-27.69589602695393,r1
167644,9589,109.62084498910458,-11.700545728445292,r1
167676,9590,94.85263928946958,-11.351252656976946,r1
167717,9591,118.35043344001265,-3.271085749568627,r1
167760,9592,115.99094910555567,-15.51018506851672,r1
167803,9593,92.3235727955116,-13.20302033318152,r1
167883,9594,49.860882705339996,80.59955724147976,r2
167920,9595,94.53110657208879,-3.162021242863858,r1
167943,9596,89.78399986781376,-8.911849382376992,r1
167977,9597,109.944465159417,-20.19628034807763,r1
168019,9598,1.0588692124443426,80.77413903100194,r2
168066,9599,22.45635535594073,81.09885020343043,r2
168087,9600,-16.190203502602152,62.03726553633081,r2
168108,9601,-19.4197569077064,65.9658836202637,r2
168130,9602,65.43976131866539,-8.46328661623496,r1
168213,9603,64.46626573581324,78.68498492359251,r2
168239,9604,77.28500854979109,-8.108782528840287,r1
168257,9605,76.37054856315817,-18.886593282891074,r1
168285,9606,-2.4409435250554523,87.67580643510652,r2
168301,9607,75.63762595340165,-47.06774071119402,r1
168336,9608,114.44585637449771,-10.529037009633498,r1
168372,9609,-8.366270265236935,57.790740228531945,r2
168433,9610,25.207536649649512,109.64209349049433,r2
168456,9611,76.62519676285936,1.2813960970230482,r1
168492,9612,100.49951274727646,-2.180370030145845,r1
168507,9613,-38.02851247526792,69.37421206924273,r2
168526,9614,-5.4612526764495115,65.37638653347057,r2
168542,9615,77.27872557798318,-16.644502393097163,r1
168614,9616,121.32156516037409,-16.637946059390032,r1
168740,9617,164.3566161530248,13.583669097452216,r1
168752,9618,-45.55013059250189,56.051329769428065,r2
168774,9619,69.96007126163374,-12.860386446424869,r1
168791,9620,-7.799211959735885,59.03897784116632,r2
168806,9621,70.22506877853587,-24.87440970676148,r1
168847,9622,22.13477327598458,82.32767064617877,r2
168881,9623,106.36551702506775,-8.887364892373995,r1
168923,9624,39.13786610224469,64.62892337791887,r2
168994,9625,111.31795855630448,-5.540207815239221,r1
169023,9626,10.541497221840082,63.35287481349681,r2
169037,9627,78.94500490807515,-10.90442129493038,r1
169065,9628,-0.451735296755885,60.9186798818048,r2
169089,9629,87.35261046534308,-19.89154237318056,r1
169097,9630,71.8419015368969,-23.303090036959265,r1
169117,9631,81.29683715072628,-30.46310297089449,r1
169178,9632,122.22734633788805,-26.873319129826353,r1
169249,9633,127.2854666803596,-12.80099968419561,r1
169265,9634,69.32610413178122,-29.46666879804789,r1
169277,9635,68.5773021815714,-18.55583191439515,r1
169323,9636,104.68765220974296,-2.871184070582892,r1
169341,9637,77.09291412395942,-19.24298438746962,r1
169376,9638,90.49249390374575,-5.283350058749306,r1
169396,9639,-44.99712338990415,69.59102019496751,r2
169434,9640,106.88884325415745,-9.506268747011688,r1
169467,9641,82.56287124855534,7.0189298916054526,r1
169495,9642,4.138476119493227,64.9211035799445,r2
169507,9643,74.9241222641295,-13.956914963056072,r1
169531,9644,84.02124225813711,-26.17522116336687,r1
169556,9645,85.05445455639321,-24.92770742233828,r1
169608,9646,27.30332766646204,73.4234383934923,r2
169630,9647,0.9049885131963791,66.13531085251222,r2
169720,9648,154.64259405711624,-14.074337604982972,r1
169781,9649,127.37410476557778,4.5036061425151175,r1
169800,9650,77.57784480841512,-19.072036843854253,r1
169879,9651,36.950531943236875,100.41832700493211,r2
169940,9652,117.61559224605908,7.215297736328097,r1
169976,9653,95.8402266850162,5.363849865198169,r1
170010,9654,-28.404199681660284,98.36445218668219,r2
170032,9655,6.436376185555396,60.554217167992675,r2
170070,9656,109.03846773164648,-6.006015603662064,r1
170103,9657,5.529291303482395,69.59964973968283,r2
170179,9658,115.1872252604038,10.229003966033538,r1
170194,9659,69.99474548890629,-15.650249512928923,r1
170229,9660,99.41920588332587,-2.9728950233866627,r1
170271,9661,107.40164435292087,-19.320570296977984,r1
170331,9662,87.04587663147586,-21.56767295878978,r1
170360,9663,99.68032429739128,-6.182512388213752,r1
170384,9664,89.694887380426,-41.68881529819956,r1
170425,9665,104.61024506063765,-12.929337252741362,r1
170436,9666,65.36827504564344,-25.410742466202027,r1
170465,9667,93.91909372171341,-13.672684056252393,r1
170485,9668,76.28407763867288,-48.968912226097224,r1
170498,9669,-30.24628085529572,52.6158484251622,r2
170533,9670,29.606618930571415,62.455886095774986,r2
170579,9671,35.00007635376787,70.20000598443201,r2
170612,9672,-5.936954619163409,77.6037136547171,r2
170649,9673,19.55966793090535,76.38323790439554,r2
170677,9674,85.38780431157242,-43.561800351936775,r1
170690,9675,74.7311644547899,-22.884374688039905,r1
170721,9676,79.47439049742681,-22.81175068671606,r1
170791,9677,120.66510966591207,-11.202286960217826,r1
170819,9678,85.6526103307775,-23.32656793549245,r1
170841,9679,-22.26099527406279,56.907065722076354,r2
170878,9680,1.6856639715290598,89.29086411676366,r2
170913,9681,119.15905414821738,-42.04340933498853,r1
170989,9682,125.14998586119441,-9.416595737951972,r1
171003,9683,72.04474673817583,-10.069255417396889,r1
171011,9684,67.09431953370786,-21.067973034773033,r1
171133,9685,169.6222375197432,-30.123138042043003,r1
171164,9686,97.59989300833405,-9.764470043996461,r1
171199,9687,89.99587071132503,-17.381474338995915,r1
171232,9688,93.32175941002387,-18.030505984642197,r1
171287,9689,3.2038053225359846,86.99549083969575,r2
171318,9690,92.13758452432464,-9.423802834853134,r1
171334,9691,-5.938196435177353,56.78624232947611,r2
171346,9692,71.0371181470999,-15.244028334435018,r1
171381,9693,14.07919461546792,69.38631304996551,r2
171414,9694,104.73954236971238,-4.926965211627376,r1
171437,9695,80.68691867275749,-18.5677712764717,r1
171492,9696,105.67157010475312,6.0457380802936385,r1
171540,9697,110.08274788439601,-7.700696926262523,r1
171611,9698,48.57730911989437,98.61634593264797,r2
171666,9699,107.2882857316095,-5.2258800408209325,r1
171676,9700,71.1763775233186,-20.923584669498972,r1
171700,9701,80.67954460786123,-12.766871523026772,r1
171708,9702,69.28740206554701,-23.787506174119446,r1
171718,9703,-18.82166032598129,58.24683245154761,r2
171771,9704,41.40381231295768,78.24784904385632,r2
171817,9705,19.60868763356354,65.78523283837724,r2
171877,9706,108.38598210748464,-6.860904893803863,r1
171910,9707,91.6626674696515,-38.19471617428955,r1
171949,9708,94.81872199121463,-33.4575001253951,r1
171976,9709,93.97886131836034,-17.27657506696422,r1
171990,9710,71.21381727287825,-10.83892557795508,r1
172022,9711,99.11499561548271,-3.6287807636190053,r1
172034,9712,-26.377667041027994,56.626921769708055,r2
172071,9713,98.04693675412082,-12.103393004149673,r1
172222,9714,170.67496522167883,26.12738331477337,r1
172254,9715,102.46275493273195,-4.914001399990738,r1
172326,9716,117.1933024450984,8.656884658587579,r1
172380,9717,104.64487858196489,-0.4158648460980672,r1
172408,9718,83.5180509141698,-8.9129895008261,r1
172475,9719,119.78888262746221,15.877144421322733,r1
172509,9720,3.981862259824645,64.54848089749146,r2
172568,9721,107.8402294703697,-0.6389700361962696,r1
172624,9722,107.01382650458666,-18.48999340706586,r1
172664,9723,96.88841801326578,-46.45351008500249,r1
172675,9724,-22.03246283451969,59.843914787673256,r2
172702,9725,81.36487536213308,-37.69188396803506,r1
172753,9726,46.602998011477396,60.478418032134506,r2
172762,9727,64.15221908519462,-23.123125647754346,r1
172824,9728,3.6635005420727538,75.48800468710314,r2
172857,9729,4.438488316201102,65.29831762538741,r2
172909,9730,102.69170801378422,-3.1781672570581847,r1
172957,9731,91.23822849431765,13.134789908042585,r1
172990,9732,83.45167987361523,-8.42225530995745,r1
173018,9733,94.8336695285362,-45.69197303854738,r1
173076,9734,22.788120206846017,84.31376306184143,r2
173129,9735,114.1949379166868,-10.753295222348243,r1
173162,9736,97.10336790449065,-21.23403477668282,r1
173203,9737,21.27526348405879,68.21616155806873,r2
173231,9738,78.94865256033407,-22.665530916113052,r1
173257,9739,95.68380040936735,-16.66151865647756,r1
173305,9740,114.45815992718178,-1.9516845509999925,r1
173318,9741,63.22265600418609,-10.528654240786956,r1
173364,9742,20.35578082745384,73.79375172212741,r2
173431,9743,30.71856809731584,94.96391499060204,r2
173445,9744,75.289848644214,-15.876129176182502,r1
173495,9745,112.21532796180189,-9.553286960355067,r1
173509,9746,68.7803905334267,-24.947194753274584,r1
173553,9747,103.90173539007745,-3.6382833375860884,r1
173609,9748,125.07677057147276,-17.47670061347207,r1
173660,9749,101.74020611587073,-9.618724353887977,r1
173680,9750,80.86620090262979,-2.9080054115015983,r1
173720,9751,104.24494408007035,-4.107861187548274,r1
173741,9752,76.86369840878021,-29.57904124030648,r1
173792,9753,59.835516225628346,23.146306522684906,double_ko
173850,9754,20.43852804768855,77.98420127305226,r2
173878,9755,8.740447182770701,65.30108941333161,r2
173935,9756,126.52965389307741,-6.319252264629256,r1
173974,9757,11.26754604158463,68.39719113510634,r2
174002,9758,85.09916432288931,-4.36550727846835,r1
174017,9759,83.0301565423556,-8.864287490754513,r1
174043,9760,0.9888188973562748,61.69152412738161,r2
174093,9761,114.26001058252346,2.3755731233824093,r1
174179,9762,144.56407529310485,-10.735182466946604,r1
174207,9763,89.06647530223242,-37.30461363606532,r1
174242,9764,108.66327924874179,-29.9995236138514,r1
174273,9765,87.76097261357441,-31.634686609812,r1
174324,9766,117.3502358540231,-21.906531123800484,r1
174376,9767,107.22007747861404,-7.916835494513236,r1
174407,9768,12.798053951627551,69.87359330869721,r2
174487,9769,145.5657228521198,4.564743799326472,r1
174516,9770,79.14472539240921,-5.096698534289267,r1
174549,9771,101.12123142232852,2.0955800768190755,r1
174590,9772,23.53844693822471,73.47917653371383,r2
174603,9773,67.99672723318,-13.980207755938025,r1
174710,9774,139.56984357505166,14.190800657863917,r1
174727,9775,-2.7910741989072676,60.84276322523607,r2
174745,9776,-2.2392804014599434,63.08315520598197,r2
174796,9777,18.9555423497047,84.90799994592297,r2
174829,9778,89.40513167424909,-25.577909996232826,r1
174879,9779,108.83381318244699,10.158984278243267,r1
174892,9780,74.4246235544075,-14.742780729730377,r1
174917,9781,79.73661324826361,-34.135921090481645,r1
174951,9782,80.60581080678756,-47.67584324456216,r1
174977,9783,93.27526355440233,-39.47631959587861,r1
175047,9784,115.5962048899003,13.544261130632854,r1
175087,9785,91.1959588188986,-8.799185320969706,r1
175117,9786,5.425277769829577,63.17481630675337,r2
175179,9787,118.38459613514392,4.864194019618722,r1
175255,9788,146.54790041154473,-4.662704995925722,r1
175268,9789,68.53282233608529,-19.02385026732575,r1
175282,9790,77.47570162369146,-10.128500096279218,r1
175322,9791,101.6543168156901,-14.80398591181499,r1
175334,9792,64.84121189622311,-17.412428826640603,r1
175357,9793,95.67225255213242,-14.997736165234006,r1
175416,9794,3.220537150379556,88.97413824306824,r2
175473,9795,121.65215280319848,3.772205698782386,r1
175522,9796,103.7437557610271,-8.714841668466327,r1
175557,9797,86.4759208327759,-20.30166638279404,r1
175672,9798,162.19030562511253,2.7595019404300274,r1
175743,9799,131.09432269995568,-0.6305745289779665,r1
175766,9800,78.63749494976712,-40.08473975014237,r1
175776,9801,71.47952840695936,-17.267480023285614,r1
175795,9802,82.65750946296542,-5.808584614992419,r1
175813,9803,76.87299544541344,1.6287193932256656,r1
175849,9804,93.75563284346552,-7.153442325300361,r1
175882,9805,87.36988085845503,-42.51736431742824,r1
175923,9806,120.07118684915316,-4.746009827452333,r1
175980,9807,107.04367097976217,-25.18430891285545,r1
176031,9808,28.134836971874456,75.04901222359709,r2
176087,9809,118.22190792068712,-46.129296445648656,r1
176102,9810,-11.951073983179668,58.60134985329318,r2
176122,9811,77.71934922833294,-10.30495344589,r1
176198,9812,140.32177828585012,-14.397084024503407,r1
176215,9813,77.13813164295775,-14.754987664922886,r1
176243,9814,91.1044777344541,-13.425604241036904,r1
176263,9815,75.86035174353819,-20.311402618193153,r1
176311,9816,119.80460256593312,-29.931206253126934,r1
176348,9817,91.80323417530965,-44.45481415848429,r1
176381,9818,97.33592415188335,-10.230797551879355,r1
176412,9819,102.54685326652046,-6.815509116756331,r1
176453,9820,100.38115618402688,-25.808264016309728,r1
176479,9821,98.07820511215297,-22.031882657829964,r1
176548,9822,167.58559040970434,-23.51413378766629,r1
176585,9823,110.80258847512822,-3.225919451521591,r1
176618,9824,85.10900622871749,-4.402428358475262,r1
176639,9825,67.26489415190824,-43.34340699262721,r1
176673,9826,81.80137940547465,-31.575699605440878,r1
176721,9827,14.659399841763033,83.39931997072927,r2
176752,9828,97.06649879093908,-13.493390912557068,r1
176767,9829,75.4858248539669,-20.043561493037053,r1
176798,9830,103.60813256039117,-23.114413389198972,r1
176830,9831,84.98139245221995,0.3200673839604562,r1
176885,9832,121.95389583947659,-11.88619453045316,r1
176906,9833,71.9477051704054,-10.643060923898126,r1
176928,9834,86.93402979418263,-46.57545534527283,r1
176972,9835,119.56492234764731,-17.136101606494314,r1
176996,9836,88.29522551086072,-42.78824269568963,r1
177026,9837,99.8226455938879,-12.311222782469123,r1
177061,9838,97.00816267006087,3.068055426985218,r1
177076,9839,-21.53674770482654,49.926086630336286,r2
177103,9840,87.35862884654635,-22.796651691701978,r1
177313,9841,224.37476404439704,27.768614434136254,r1
177337,9842,97.63350069482547,-13.930743303751068,r1
177349,9843,77.80514406853538,-19.372346843297194,r1
177380,9844,93.55080735535353,-11.075349095262524,r1
177424,9845,119.48403264440785,-9.633496506500542,r1
177522,9846,148.77346455458638,-22.343466745665317,r1
177563,9847,28.229818659172366,72.08362800673548,r2
177590,9848,80.07619051036092,-47.05398343278459,r1
177606,9849,75.45239201261197,-57.38039322915405,r1
177637,9850,86.29853825126305,14.151896423385686,r1
177680,9851,117.49978304104509,-21.52897799716552,r1
177719,9852,106.04540102219947,-9.970057753833153,r1
177774,9853,25.35678711619714,76.6763093725686,r2
177853,9854,133.11448289393718,1.542256322543949,r1
177876,9855,90.2633188293311,-27.61579687321432,r1
177920,9856,111.73560712749445,-16.41510747045356,r1
177956,9857,8.577615735998144,71.28775930353933,r2
177997,9858,9.483531002824648,72.20363964368741,r2
178023,9859,74.6060842158904,-16.60191930238672,r1
178053,9860,99.34536222407132,0.8333884778154044,r1
178091,9861,104.75935027402647,-10.365538946500997,r1
178116,9862,83.92034747407652,-0.09844938270676806,r1
178157,9863,97.01693748562704,-5.758045979300988,r1
178225,9864,117.29059474334888,-11.789340765570465,r1
178242,9865,81.45153005881537,-40.65194260424829,r1
178288,9866,20.5011898979812,79.69949306750976,r2
178416,9867,168.88136694384534,0.2413349336092736,r1
178437,9868,72.36564248704585,-54.448000424573166,r1
178459,9869,-7.367477649734781,62.13924655111546,r2
178483,9870,92.11497318433439,-27.122549586980085,r1
178543,9871,134.73793947740498,-16.268351524345018,r1
178578,9872,99.39269640114438,-11.18727436184001,r1
178613,9873,94.9196296932285,-5.447695083351675,r1
178649,9874,95.92607259923182,-26.840394801466786,r1
178697,9875,112.08189190997712,-2.7961188546102207,r1
178713,9876,59.73463630347606,-59.33693275491538,r1
178749,9877,94.89630043412248,-21.312542955922787,r1
178766,9878,70.94548924651991,-45.85324529666984,r1
178873,9879,147.61772942582115,9.486385143609205,r1
178909,9880,86.87648852499969,-12.571196441507922,r1
178943,9881,97.33731514165454,-4.91224165407526,r1
179030,9882,143.0163906141642,-15.93391041398862,r1
179111,9883,134.47285143724304,-25.763637714835625,r1
179150,9884,96.82913141080844,-5.3365051542671935,r1
179172,9885,93.48177986274202,-38.20175428984763,r1
179203,9886,89.7010853585047,-38.90790195698957,r1
179223,9887,68.2895624833231,-19.869516939536908,r1
179263,9888,109.5791142349851,-6.542849214419839,r1
179320,9889,114.79937319725497,6.552747175253181,r1
179400,9890,45.65512775186355,101.51540322933549,r2
179434,9891,-3.2026917441090745,66.42456838313691,r2
179491,9892,108.79600018030672,-12.768905992978787,r1
179518,9893,96.09481531674035,-49.37999404559143,r1
179614,9894,158.63610125749892,-8.0739376904909,r1
179654,9895,108.27652749816774,-22.763991875946967,r1
179685,9896,95.16425147797186,-6.010439967686814,r1
179723,9897,100.23237298831376,-47.438649827967055,r1
179752,9898,22.648452369227897,67.95659711218703,r2
179788,9899,92.69343273963538,-36.61096030674343,r1
179858,9900,88.4322075848477,39.720714662192584,double_ko
179911,9901,26.881366248239374,79.89242481271502,r2
179961,9902,23.499242561886867,74.80650075399609,r2
180001,9903,17.703306606459343,75.8339970826994,r2
180026,9904,82.02585042745955,-38.764814363610256,r1
180116,9905,30.853574537540247,110.5347051588706,r2
180196,9906,133.70109688474565,6.474351576963855,r1
180273,9907,127.71020861251489,4.793167263092265,r1
180293,9908,85.11891219888032,-13.948124120006181,r1
180307,9909,-26.556803169389305,51.605427682526496,r2
180332,9910,97.25979372458585,-43.05077997395854,r1
180352,9911,74.37458347690763,-51.94066156417276,r1
180392,9912,86.60378538784144,-5.69015622215646,r1
180441,9913,102.3623367783834,8.363899803985603,r1
180474,9914,96.04592839948248,-47.43176771040651,r1
180505,9915,93.0826880367166,-37.82950245272241,r1
180573,9916,13.23430329607622,104.06187735924215,r2
180645,9917,30.775225089789622,88.92950379539988,r2
180662,9918,77.39394878410413,-22.524272706819765,r1
180705,9919,94.56256455933253,-28.503744232114002,r1
180727,9920,82.54662622313084,-19.65701310883374,r1
180761,9921,93.7623704595928,-38.57740993627519,r1
180804,9922,-3.975532147770842,75.45307860100873,r2
180844,9923,98.2864318375392,-3.674711662898531,r1
180870,9924,82.88653596170457,-29.006011298949062,r1
180907,9925,99.80679364314202,-22.573595133600907,r1
180924,9926,69.80628843494658,-57.7167073983552,r1
180965,9927,-15.718343213670472,84.22521628513016,r2
181040,9928,39.587459643870964,86.0716278467257,r2
181131,9929,45.10197147864205,91.35665805607503,r2
181159,9930,89.72054935356168,-50.341814701733284,r1
181241,9931,54.49273624127611,98.38929547576225,r2
181292,9932,112.3449764995422,-6.843997414506617,r1
181349,9933,118.56019559391734,-30.05699614333807,r1
181379,9934,103.71806714116853,-19.774334467365836,r1
181405,9935,87.03644506150897,-8.488571416288536,r1
181452,9936,101.75251859133218,-21.379355581311646,r1
181536,9937,141.20477815029486,4.012108475625361,r1
181584,9938,24.475569830328887,89.9858210179285,r2
181614,9939,-27.160653782800072,69.75806376456526,r2
181625,9940,-26.62429620835362,56.432699765939304,r2
181671,9941,18.930039640470767,69.84368463275013,r2
181709,9942,105.9696642577499,-34.8618469786408,r1
181745,9943,100.99216344894641,-51.76287985872594,r1
181792,9944,116.02370514693574,-28.182775233218948,r1
181829,9945,101.46649421540775,-10.287553590278229,r1
181872,9946,104.02106909142199,-31.90659032699509,r1
181888,9947,79.7954186849764,-21.940872586784046,r1
181971,9948,147.1057073845436,-3.138903644879939,r1
182015,9949,95.15132166722692,-25.583515577493845,r1
182067,9950,34.88531903524784,79.77494149908982,r2
182152,9951,135.25079010525647,-2.125980009371858,r1
182185,9952,108.93926989489184,-20.308005974931632,r1
182227,9953,11.518594634364149,76.84999714823053,r2
182262,9954,-14.427288900934514,58.65008016159453,r2
182317,9955,121.85900073189721,1.3456470759342167,r1
182366,9956,123.39501287021855,-5.611663217045596,r1
182402,9957,81.13007810400914,-4.414725692527533,r1
182474,9958,108.65553961346785,6.528101555385227,r1
182493,9959,82.60463328114261,-16.588298210537967,r1
182515,9960,84.97033585347499,-3.7958885799356423,r1
182529,9961,-6.236936142324147,64.61582195424327,r2
182605,9962,138.55844458916698,-0.6277523166992083,r1
182653,9963,120.34613376425207,-35.68703731348526,r1
182666,9964,63.10613523815345,-5.089339005574587,r1
182703,9965,89.22697762026078,-11.63514368520974,r1
182727,9966,85.6325428856938,-27.229952175597518,r1
182767,9967,106.95529225165157,0.22397262061033274,r1
182817,9968,97.57611224714512,-50.680062304362224,r1
182839,9969,79.73724968470368,-2.9514294789787385,r1
182872,9970,99.20009392795114,-3.1356875899679437,r1
182881,9971,-16.901013063096634,62.53266353820005,r2
182915,9972,91.2745489304863,-27.3453538044607,r1
182959,9973,20.088244717643704,65.30765718230758,r2
182972,9974,64.8536051363105,-16.95774867745554,r1
182987,9975,70.18488813376847,-36.42007548059259,r1
183042,9976,115.46269853854497,-11.269339853396616,r1
183096,9977,116.58809910591187,-14.725296462674152,r1
183162,9978,31.53065240324549,93.65815515546808,r2
183172,9979,62.235628856592704,-21.23469727898273,r1
183214,9980,92.5875060012252,-28.812564930704355,r1
183318,9981,154.62783607088656,16.60117287359322,r1
183334,9982,76.70960826257226,-14.796811227178956,r1
183373,9983,-15.95751072697832,64.32913728910998,r2
183415,9984,22.953834271573598,72.37451938114197,r2
183455,9985,18.263093379250044,75.72620501683468,r2
183514,9986,125.09666528352437,-12.829940145488159,r1
183535,9987,70.02953479626426,-48.758277789305865,r1
183584,9988,119.82288679423117,-29.638373276836862,r1
183669,9989,141.6821633893518,-3.011882394505868,r1
183718,9990,117.85439707464826,-23.6544138873972,r1
183754,9991,97.8032113973011,-6.8651674503969815,r1
183840,9992,129.3623802754786,-0.2507007730060238,r1
183967,9993,168.69695061938955,31.09478318816751,r1
184028,9994,133.0494811503996,-28.742776791179324,r1
184046,9995,65.10112018219455,-20.83096527389303,r1
184087,9996,109.3428611537868,-17.420158839039964,r1
184108,9997,66.57865008442788,-5.793398105281774,r1
184175,9998,43.838088095349384,74.91210623368124,r2
184203,9999,90.66395065728678,-27.114998616544714,r1
184237,10000,13.475590663760158,64.08876387706712,r2
184270,10001,99.1986968874095,-3.3411457297305986,r1
184305,10002,91.49253362348728,-10.042426049332683,r1
184362,10003,121.21233738805132,11.319459314625313,r1
184377,10004,77.44685507877008,-51.76914861315868,r1
184418,10005,110.64997568441237,-2.5839504798250843,r1
184437,10006,82.71039661695403,-22.406592051950973,r1
184453,10007,72.13616114609906,-20.026652437797694,r1
184514,10008,26.104713712904953,88.44544335271414,r2
184555,10009,29.737194963781384,72.73763920160883,r2
184583,10010,83.84672407860937,-29.053033471896295,r1
184613,10011,96.35687725424191,-16.529864334794524,r1
184635,10012,77.87436194829067,-12.851896170975301,r1
184661,10013,81.19487574474184,-18.660799044434256,r1
184689,10014,97.96538346090996,-12.528746215098067,r1
184752,10015,138.24191143973397,-14.572506077945484,r1
184784,10016,106.7570755917608,-39.73113349558239,r1
184816,10017,102.51235634884944,-3.0560917365098987,r1
184830,10018,77.70451342159168,-20.36230841376957,r1
184853,10019,77.28751881610563,-28.157067782926575,r1
184910,10020,107.44955974975196,0.7860894626784685,r1
184921,10021,-19.460553792343365,59.706207206777556,r2
184942,10022,89.06313679805254,-24.152353123864195,r1
184959,10023,-23.718230718186376,55.47401123526895,r2
184982,10024,6.894600866762602,69.49661997799939,r2
185036,10025,117.32693629852322,-10.314652447665786,r1
185054,10026,68.74949057199922,-35.84312142528878,r1
185087,10027,106.0346964688593,-18.408690279572042,r1
185142,10028,128.58819630068137,-16.282198811942663,r1
185171,10029,93.60572930875036,-7.3987058237236525,r1
185236,10030,50.94354392139754,64.13794741195967,r2
185262,10031,3.2768466955777598,80.88037025640419,r2
185305,10032,108.8518599266915,-31.93387153531298,r1
185342,10033,98.82511431847536,-45.125368206560665,r1
185487,10034,173.55823828089038,16.262544422189578,r1
185511,10035,88.33351294327288,-15.175254366452268,r1
185523,10036,67.23117236665973,-39.22744768685374,r1
185570,10037,108.42095991153298,-0.1111011396788868,r1
185588,10038,70.51995674410207,-11.773477813065256,r1
185609,10039,-26.79790241719727,54.167252616443704,r2
185659,10040,122.43961103328732,4.056280759370168,r1
185675,10041,-1.9074049224457852,58.624802403482335,r2
185694,10042,83.19698412601124,-10.090254280413369,r1
185712,10043,73.84252232611982,-50.445374021734565,r1
185745,10044,101.2142486072446,-24.207327179200487,r1
185784,10045,102.39814890062834,1.8151868723550422,r1
185829,10046,119.87193530077795,-7.093621737163907,r1
185882,10047,119.21718978738164,-44.69976649102496,r1
185926,10048,112.39898784504476,-12.543614401525303,r1
185975,10049,93.63556314183315,-4.740651677109227,r1
185991,10050,75.84325882727535,-23.489040585380238,r1
186009,10051,73.8606952738044,-56.879648258653475,r1
186036,10052,16.428570367617596,61.037959385878914,r2
186093,10053,9.704057856669891,98.82830771540063,r2
186125,10054,-42.062704637233985,72.43348196540168,r2
186197,10055,161.0705205135942,-24.086540716901155,r1
186220,10056,85.50528856594612,-15.007085431943267,r1
186251,10057,85.69888967963233,-8.308323233804245,r1
186274,10058,94.02454086724921,-13.746936471601423,r1
186312,10059,86.78169280961748,-47.600862575715375,r1
186401,10060,121.21177589498373,33.049919528184105,r1
186436,10061,112.61284210053427,-18.81003161492131,r1
186468,10062,16.569008698424547,59.80094572524373,r2
186506,10063,23.622853086166252,65.17671289448677,r2
186535,10064,74.87714733555075,-16.51254888582815,r1
186572,10065,104.84861302003686,-16.35901204731325,r1
186596,10066,88.51268658926374,-31.1389328554935,r1
186612,10067,-12.785542191297502,78.11430937124959,r2
186635,10068,7.057868183345306,68.97845481574048,r2
186686,10069,101.45164065728616,-0.6869797213860522,r1
186712,10070,86.96613015924828,-13.499178551887084,r1
186748,10071,114.45789710283975,-13.245364435219365,r1
186780,10072,31.271336683334482,69.48953354739018,r2
186794,10073,69.96239064437786,-45.81271302110901,r1
186838,10074,113.53498883936189,1.7324379541188364,r1
186847,10075,66.07537874557744,-28.130699473346084,r1
186875,10076,-24.083418189769755,86.0979579244678,r2
187048,10077,62.33401290058795,111.36969731254494,r2
187077,10078,95.32116172556033,-9.314919453946423,r1
187113,10079,103.30344266305032,-38.080068238333794,r1
187160,10080,41.30414851429918,69.33592837692109,r2
187188,10081,86.46943371920051,-53.85346586116047,r1
187278,10082,159.4479627370851,8.919001005488518,r1
187309,10083,104.66408514475083,-16.441790159486803,r1
187341,10084,88.65408861368184,-31.43202965030187,r1
187357,10085,77.92119846442965,-18.59358318270013,r1
187417,10086,120.49292614997431,4.946648197540561,r1
187439,10087,89.28161906111768,-10.611563035970946,r1
187461,10088,83.2578947359051,-43.10758465936402,r1
187527,10089,133.2877650806453,-16.563216849312973,r1
187539,10090,-13.22182300763815,53.8633427442366,r2
187569,10091,95.08281809650799,-8.857271513590796,r1
187647,10092,153.02281767313107,-16.83567560748935,r1
187701,10093,115.99327327894252,-5.140236878506251,r1
187729,10094,92.07696089743357,-6.604409249247354,r1
187792,10095,113.33152987529206,-15.05324566087561,r1
187836,10096,111.32616593932579,-32.490568830341964,r1
187866,10097,96.11039695149024,-9.152048600398267,r1
187916,10098,28.025010480256718,70.84313987023347,r2
187929,10099,74.1467823165963,-22.927318420912744,r1
187942,10100,68.17419855186094,-13.496574055133365,r1
187964,10101,87.92197729279052,-15.924783329450921,r1
187980,10102,64.19366100805296,-23.778509755012426,r1
188031,10103,32.625629839644766,82.79485334309896,r2
188045,10104,74.98843257634552,-31.14120400360231,r1
188107,10105,129.6238970392468,7.573481738823389,r1
188186,10106,46.51112161730559,100.23225055525862,r2
188231,10107,-5.076359677700239,78.37481112126235,r2
188268,10108,31.832919743435276,66.66225502337788,r2
188381,10109,45.98299284600964,132.19248227605922,r2
188415,10110,84.86432000622949,-34.64639180808186,r1
188433,10111,78.96192452841424,-19.307974337200108,r1
188454,10112,78.68386562568621,-18.711812820905948,r1
188508,10113,124.99904929626531,-17.284431941249025,r1
188535,10114,95.92289237715813,-26.736920984998868,r1
188616,10115,139.59684276450477,-17.866708363131657,r1
188647,10116,91.86290348460615,-23.91723196463772,r1
188664,10117,74.9629690792157,-20.679445721153463,r1
188681,10118,80.57382342033355,-17.432670291432018,r1
188694,10119,60.9748822575404,-25.31938605179961,r1
188706,10120,76.58040420926261,-24.826975009484755,r1
188762,10121,124.25234065966987,-32.891993754744846,r1
188785,10122,79.73637389027344,-9.712617060599733,r1
188808,10123,83.60451005294496,-43.86205182496829,r1
188835,10124,84.42866209632237,-18.90300719425699,r1
188897,10125,139.88757232352265,-26.61847911199169,r1
188916,10126,77.33699225545622,-10.268940938173863,r1
188935,10127,-32.56576816282028,66.34160382131037,r2
188956,10128,69.43355496013702,-4.4620858673670085,r1
188990,10129,106.77114153200087,-10.767892834514107,r1
189009,10130,63.860380294495805,-19.55959769822752,r1
189040,10131,92.7171492825691,-8.40435000501654,r1
189071,10132,101.77546357982803,-24.88477855001822,r1
189098,10133,83.39015161352711,-9.406453380049065,r1
189150,10134,38.12072237708919,84.0094308847697,r2
189169,10135,74.40704494622163,-20.241245090674983,r1
189197,10136,86.20992468469458,-10.60367493744613,r1
189222,10137,84.52098749362378,-20.578907706515555,r1
189273,10138,111.5674993690869,-16.59862995418827,r1
189303,10139,88.19923201276112,-14.06323759341318,r1
189356,10140,125.69344046011176,-4.197879045943118,r1
189416,10141,137.02078280653964,-29.039839535211417,r1
189437,10142,78.43250034600047,-10.626688935482733,r1
189483,10143,112.37258599926042,-24.095657632311827,r1
189507,10144,14.736085414568677,54.64932093995907,r2
189534,10145,106.28092747733331,-17.341711851141163,r1
189584,10146,115.51181109758747,-2.4909648387658336,r1
189627,10147,97.67109037036803,-9.982190277656244,r1
189651,10148,83.41871075538938,-6.13205655151436,r1
189694,10149,111.41518821294565,3.2079261796244367,r1
189722,10150,102.78219068246666,-18.192523613657947,r1
189794,10151,137.27740149797128,0.9808941539557381,r1
189811,10152,-13.268816304776223,62.32314633044351,r2
189869,10153,115.64766772734248,-2.168693822794367,r1
189959,10154,131.55819956845804,23.617277687107993,r1
189990,10155,0.6550187640904781,77.6054404193753,r2
190005,10156,77.03063897970594,-21.77978644854468,r1
190060,10157,11.051832774108476,85.17074554549762,r2
190075,10158,73.71082969014509,-52.234961314121996,r1
190109,10159,12.348263203044098,72.98573171868993,r2
190130,10160,76.9131820618303,-14.669326978982923,r1
190185,10161,125.10296878383829,-6.541628793952171,r1
190196,10162,76.72726355554073,-54.07828886249159,r1
190262,10163,129.0522117190327,-8.448592318009325,r1
190295,10164,97.7440248894749,-11.106142140868748,r1
190323,10165,100.28357837133444,-25.13936983570241,r1
190340,10166,75.86173523835629,-29.721378693677032,r1
190391,10167,109.61033152457827,-17.33491311168737,r1
190406,10168,78.89825896297108,-13.764644210343285,r1
190465,10169,126.40237383255207,-19.953399146137997,r1
190490,10170,87.31928951443396,-7.963961502283638,r1
190515,10171,-0.43508305458156116,59.82194046158848,r2
190549,10172,100.52066844748742,-18.108158854250334,r1
190646,10173,102.97606504157467,49.63662957421538,double_ko
190868,10174,222.24350621565296,22.965929955265835,r1
190928,10175,94.81380404751026,8.17928103239246,r1
190939,10176,60.84565216639604,-41.29857950321386,r1
190950,10177,64.60941779860487,-20.16373298451186,r1
190975,10178,80.23126226342671,-4.654935902757181,r1
191003,10179,11.111462991544457,63.377641741817,r2
191048,10180,103.21396088156159,13.0823114140237,r1
191072,10181,75.24805433669306,-22.844069248170694,r1
191094,10182,80.91506227903841,-24.375001379886015,r1
191202,10183,58.380048431273806,114.27427033457846,r2
191221,10184,-39.45837101266162,59.54415379155812,r2
191236,10185,78.27269664674668,-35.798590942014236,r1
191269,10186,13.0459748017186,78.06777951665255,r2
191280,10187,60.62655340900937,-22.007579865615757,r1
191309,10188,84.85112458567676,-31.732289122191677,r1
191332,10189,91.28551903660264,-22.659742267360443,r1
191369,10190,89.38296199302044,-11.394004123110811,r1
191383,10191,75.56017143666026,-5.4419885413118365,r1
191436,10192,126.15912654217348,-20.147501660886817,r1
191465,10193,-26.330804561190796,62.834058222575756,r2
191504,10194,90.07484079450384,-32.07270192505984,r1
191522,10195,77.40781247850488,-10.728039202597586,r1
191579,10196,7.620885877707536,114.45253993182044,r2
191596,10197,71.44625240868878,-13.134540140596592,r1
191633,10198,86.12537330002957,-6.843416205352362,r1
191677,10199,116.68119467856758,-42.12460313704678,r1
191724,10200,115.9120757569151,-34.550269462215255,r1
191786,10201,108.07024365257996,-0.18214176312275043,r1
191835,10202,100.58087037494238,8.95056403541409,r1
191859,10203,84.49558954240567,-6.445851728230323,r1
191930,10204,142.85854761373176,-5.606839607905037,r1
191938,10205,58.712410062474646,-33.81171482521542,r1
191949,10206,61.51967139983468,-18.038202521295815,r1
191965,10207,73.98819840118173,-46.81655468449257,r1
192015,10208,60.27981106407398,57.73288875664358,double_ko
192180,10209,196.26181185583644,-10.001375208626627,r1
192188,10210,67.14590380104127,-26.72715117637709,r1
192237,10211,104.83974841159147,-6.919869689390495,r1
192273,10212,87.97449881659,2.301342017505597,r1
192294,10213,72.66074014419578,-45.727531477845126,r1
192315,10214,74.4330071227338,6.134344453023239,r1
192350,10215,95.3810865272828,-26.41727528729953,r1
192400,10216,101.57618334568821,-6.58073589395557,r1
192484,10217,140.68031498521577,-13.92692738641911,r1
192510,10218,86.32721304561406,-25.213401678838892,r1
192528,10219,77.36577255019458,-43.46638134721668,r1
192594,10220,125.88979680041959,5.287755607854258,r1
192615,10221,80.06213509906837,-14.761000745161603,r1
192632,10222,84.60138714106989,-20.89611818839287,r1
192657,10223,83.70105159284788,-38.906317935446204,r1
192666,10224,64.93702922624523,-27.413603734407424,r1
192742,10225,124.86805019351578,19.090942009830975,r1
192801,10226,111.09597480936918,3.291300203951984,r1
192814,10227,70.01693221002145,-45.209409752414246,r1
192863,10228,108.10248638117335,-1.5327843254374756,r1
192875,10229,66.29416336368024,-27.086919923637367,r1
192904,10230,88.10472702249096,-9.228374150247632,r1
192914,10231,61.742851803644925,-17.428282257211837,r1
192954,10232,97.16266298355397,-14.22219514151108,r1
193043,10233,65.88139811244889,105.76191749357355,r2
193167,10234,198.82940986226535,-26.219473418680952,r1
193184,10235,62.38045925627483,-45.60971240616455,r1
193199,10236,-1.1122304918254216,62.039089695190114,r2
193215,10237,78.39073479502791,-9.093138420866183,r1
193239,10238,77.2675435737421,-31.214783017763505,r1
193248,10239,60.31488175862262,-28.6920618446791,r1
193273,10240,82.9218273185842,-17.009053378614112,r1
193406,10241,164.17000423378485,3.2805190043018086,r1
193443,10242,114.88964922708328,-20.881180675348055,r1
193483,10243,98.68475524878576,5.805364798487645,r1
193514,10244,94.3120765899373,-23.00202661679097,r1
193544,10245,-28.029970690261194,66.3770459226467,r2
193555,10246,71.32519623807323,-16.40193695213273,r1
193579,10247,84.51583360045937,-42.89189478844261,r1
193589,10248,64.90715318913277,-18.281846363473438,r1
193635,10249,100.66020973139533,-14.228767434132813,r1
193662,10250,86.84274332104748,-16.554101808634115,r1
193695,10251,93.63498150557407,-14.986116734292168,r1
193773,10252,131.95156377996,17.129386796418736,r1
193805,10253,90.5820945792045,-20.10550432150002,r1
193837,10254,104.51345264658423,-17.75706647637604,r1
193855,10255,67.81227387052971,-28.964322061297686,r1
193872,10256,76.0520199154274,-8.196417314297229,r1
193969,10257,145.8961543634348,0.5524596090111444,r1
194042,10258,138.3433754494046,-11.372267048984853,r1
194080,10259,87.17750296169537,12.265686135008288,r1
194137,10260,116.7122737594754,-16.21332881491938,r1
194167,10261,80.81083222764956,-35.78769378276509,r1
194202,10262,91.6855684993306,-46.73409482670388,r1
194223,10263,12.585520343614995,58.637951352155646,r2
194241,10264,77.44289263420345,-17.158805687918793,r1
194266,10265,83.91075578814178,-7.001897658716672,r1
194309,10266,107.51828634731567,-9.642756581181018,r1
194337,10267,76.23469254949718,-10.364840728370709,r1
194384,10268,111.95615706511938,-27.24236284380912,r1
194417,10269,104.0652033051305,-15.566317197193893,r1
194467,10270,119.42686269594185,-27.42317509516245,r1
194480,10271,70.95055032571003,-15.43711593423037,r1
194532,10272,127.20585102523202,-38.393914391245005,r1
194566,10273,90.56966469365456,-9.804501677692564,r1
194578,10274,58.66442206104671,-21.457642389151832,r1
194635,10275,126.05453115407673,-8.158588320376573,r1
194672,10276,97.49266388829164,-35.8668994904787,r1
194714,10277,117.5283081331603,-16.821969917016965,r1
194726,10278,67.70181382101012,-27.10879068015943,r1
194765,10279,-0.5969570878116315,73.05440526378669,r2
194815,10280,120.21065152451065,-18.505370133976562,r1
194832,10281,71.73560497156242,-17.966344991641588,r1
194853,10282,-5.4044714675863545,60.6315790387479,r2
194868,10283,82.62234079551666,-49.29228338166811,r1
194938,10284,139.10713847653955,2.745723098838859,r1
194986,10285,27.07058188458828,66.33075698579187,r2
195037,10286,100.81349244777638,-14.758165953421653,r1
195079,10287,101.67544337516776,-8.318691101348477,r1
195095,10288,-13.751909104665373,57.15869289156299,r2
195122,10289,77.86244905333079,1.4952593089752853,r1
195169,10290,122.85573305352565,-1.2125446212579334,r1
195210,10291,106.16489087543668,7.95168711033206,r1
195219,10292,64.01171831504384,-26.622761593951978,r1
195238,10293,73.38478224753332,-50.220246513298235,r1
195301,10294,20.555035297699334,83.14147748314909,r2
195352,10295,108.86798044811235,-7.427328407304238,r1
195400,10296,70.29689593151022,31.57996967801034,double_ko
195466,10297,120.9153864159336,-5.272058236036507,r1
195494,10298,22.61932256852262,57.91597368697677,r2
195540,10299,106.64222520633712,-9.220456901619983,r1
195587,10300,121.64191575636241,0.5338188254162972,r1
195619,10301,99.91981528663587,-22.54363096165092,r1
195635,10302,71.32398280149383,-14.213963516202462,r1
195755,10303,73.53387372137047,89.96667273449354,r2
195773,10304,-42.570962572271185,69.88833469528234,r2
195813,10305,108.95088048515117,-3.5612129640827135,r1
195849,10306,91.90521948142856,-38.03965014174243,r1
195940,10307,131.71785494917955,7.013820207331804,r1
195960,10308,-22.437148399822505,63.21192587295504,r2
196017,10309,132.2238812330944,-4.988540010847565,r1
196051,10310,99.14237771271192,-38.77291400599534,r1
196086,10311,83.8672585062761,12.327466544497149,r1
196117,10312,91.68645800757088,4.073386424944559,r1
196162,10313,105.13815861937165,5.725168524412837,r1
196170,10314,64.59191237830778,-20.478922589278156,r1
196204,10315,95.54527829061684,3.452000744592354,r1
196264,10316,50.27930021290986,65.56809116503511,r2
196281,10317,-12.269523658294055,56.89596250940583,r2
196328,10318,112.26263705068749,5.387545245355788,r1
196363,10319,10.309195033031664,82.7994298687338,r2
196391,10320,88.16071478715546,-16.080777623054217,r1
196458,10321,15.121427554500876,123.74337888198883,r2
196535,10322,141.3344095230622,-29.19123526710494,r1
196567,10323,107.01394177380232,0.150477658063231,r1
196586,10324,79.6963832165882,-9.155134624252874,r1
196603,10325,78.52576512694884,-52.98245077623836,r1
196655,10326,18.08691013086196,86.48355448555645,r2
196698,10327,106.71131157807017,-7.226141480155732,r1
196769,10328,132.2030308871631,-30.062632787122933,r1
196791,10329,85.31917348601732,-15.293798477572864,r1
196804,10330,74.43120452770675,-20.510597188904615,r1
196931,10331,74.84392776743039,115.56814049150121,r2
197033,10332,173.1961608416189,-6.187687224570375,r1
197051,10333,78.38983095941208,-16.509401766173944,r1
197084,10334,99.86217426313016,3.757995858659811,r1
197107,10335,80.3448139943729,-8.876470093544093,r1
197187,10336,120.39122255692013,28.93906666966336,r1
197300,10337,161.582894240751,6.4496230641310675,r1
197326,10338,82.42060166127428,-12.654934934643478,r1
197346,10339,81.09947176790499,-16.859370760640612,r1
197382,10340,117.52998457166913,-23.52560684811441,r1
197443,10341,130.3839726977454,-12.029836325466029,r1
197465,10342,83.75645663490695,-37.4341974183765,r1
197493,10343,95.70332044157516,-9.965560130075836,r1
197537,10344,103.60143243718097,2.843247297095985,r1
197566,10345,11.146218828940135,65.78778680728524,r2
197613,10346,22.61839420474533,69.8139805636236,r2
197654,10347,17.873736931443638,77.8064297677287,r2
197670,10348,61.973258313697414,-39.10412457307455,r1
197728,10349,128.8819955418663,9.919569865127784,r1
197769,10350,100.61490134055069,-15.57313235532471,r1
197797,10351,85.56233777811016,-9.36689017990303,r1
197815,10352,82.04336477137906,-56.64992921077288,r1
197838,10353,8.726588057345467,57.61617711320672,r2
197898,10354,114.84647707554213,-7.918253123654189,r1
197944,10355,-5.350485829854769,71.7255432069585,r2
198021,10356,139.50663181570553,-5.009225078326942,r1
198085,10357,127.43287696750883,-20.23539875967109,r1
198107,10358,87.92133959889996,-13.808164135234982,r1
198163,10359,131.4653233572482,-15.39901078532695,r1
198182,10360,80.7902527009386,-15.723396674706265,r1
198202,10361,73.13789148573244,-21.165312674667355,r1
198253,10362,138.17078045860876,-21.062280612769623,r1
198274,10363,-31.444248058250306,64.68885931781568,r2
198297,10364,87.38195750942512,-19.138923470484187,r1
198322,10365,87.80480702344582,-10.067887970189098,r1
198353,10366,87.73990727671577,-5.65650001976794,r1
198374,10367,67.77503216515055,-13.262113277787556,r1
198405,10368,91.09999154862963,-52.530418354318016,r1
198429,10369,87.64871370997355,-31.351737204013574,r1
198444,10370,64.20108291441736,-25.578649603639796,r1
198460,10371,-5.661692117253814,60.8411088314425,r2
198561,10372,158.8633569361072,-21.223632684021027,r1
198582,10373,-25.513237044057423,64.34569839723648,r2
198616,10374,99.36385274450595,-11.816216267351301,r1
198680,10375,130.25178550504,-12.8896997259031,r1
198691,10376,65.52288970054299,-24.44242287959117,r1
198710,10377,97.0236485955734,-40.73509983322512,r1
198728,10378,76.58382706437654,-14.84632532853582,r1
198752,10379,95.4584404994036,-17.621704201021934,r1
198845,10380,141.74574634529583,-5.973554122376534,r1
198869,10381,81.01972068162198,-7.839794718940226,r1
198916,10382,112.49766959871606,-25.888439338028476,r1
198940,10383,83.97579581987902,-13.404206679260255,r1
198958,10384,74.20203664910126,-37.444917560658915,r1
198998,10385,63.12514949271426,46.08597666337545,double_ko
199020,10386,80.29480325537821,-21.33765117878369,r1
199068,10387,110.46184214350762,4.674780729821698,r1
199089,10388,85.00805184941318,-16.327331916738693,r1
199100,10389,70.8690349663652,-51.05860238613706,r1
199137,10390,125.55114358724325,-25.06228832934812,r1
199164,10391,112.37215147783996,-19.722160243752892,r1
199211,10392,101.27712011530367,-19.79636979474636,r1
199248,10393,102.55417828172509,-14.004573142612209,r1
199266,10394,79.16179750468419,-50.79990203704325,r1
199311,10395,113.07752386138438,-26.10522130863099,r1
199351,10396,95.56703060515149,16.55003819758199,r1
199392,10397,116.86543060439666,-26.74470676096334,r1
199409,10398,77.7615367290295,-14.98262995910472,r1
199461,10399,111.8793105721855,-32.43351786256829,r1
199515,10400,122.62681627132883,-17.679124565652927,r1
199540,10401,86.4710927720422,-4.802540628313679,r1
199583,10402,98.7114331986837,4.013395330915003,r1
199625,10403,116.56246081781708,-29.155917583181868,r1
199672,10404,116.73056061112682,-5.198772873527574,r1
199727,10405,138.43560910829763,-14.97951788484275,r1
199751,10406,77.79710742203173,-47.689131001552234,r1
199775,10407,88.80162823505925,-13.394907737366985,r1
199831,10408,108.62967581780401,-6.447160246267224,r1
199845,10409,60.25193996448078,-53.31338613385173,r1
199882,10410,109.21433579227883,-6.300405951271458,r1
199927,10411,116.91853717714648,-3.556384349091317,r1
199946,10412,77.50580045108961,-19.234432060949203,r1
200044,10413,40.123697987632134,96.30927393879821,r2
200057,10414,71.38373682202933,-16.95344699325236,r1
200143,10415,136.1407184451716,6.116832416374656,r1
200169,10416,-1.552882114294448,92.60050806273964,r2
200193,10417,84.01931943114695,-18.284467555887534,r1
200206,10418,-23.78198041882991,58.80694584139182,r2
200224,10419,-20.523939129825713,54.663839474788496,r2
200282,10420,117.12894149287526,-6.554707970060704,r1
200331,10421,117.40775309358702,-5.372393056429935,r1
200358,10422,91.43344153889349,-11.693111934846364,r1
200376,10423,-8.127416359123593,60.8610056015787,r2
200436,10424,117.15722822583695,-4.31004499661897,r1
200508,10425,137.30554955569147,-23.73050688951931,r1
200526,10426,-15.034895805057506,61.48534454582327,r2
200570,10427,109.52178052763774,-2.613869767874533,r1
200598,10428,78.52206220784407,-16.219432448081985,r1
200685,10429,154.65364899465175,-9.778685214159168,r1
200724,10430,99.86945766901735,-2.71958382065133,r1
200749,10431,-1.1857158430140942,71.55731776917914,r2
200778,10432,96.61310437420507,-39.573718290357164,r1
200792,10433,75.41673614769323,-31.781207602725665,r1
200804,10434,66.16967659553696,-57.219927911355676,r1
200826,10435,92.15456445367963,-15.729822147337416,r1
200867,10436,16.15110543544455,73.13988134445356,r2
200908,10437,120.13638004971725,-29.419242506542112,r1
200933,10438,6.132226680461137,61.53905684558345,r2
200958,10439,-2.708081687927617,78.48971486701485,r2
200976,10440,77.70708981970122,-25.03670393188746,r1
201013,10441,104.03143674385005,-7.349724166498667,r1
201025,10442,-45.08929884786386,59.69073827487205,r2
201104,10443,57.22535476991261,78.21650284782513,r2
201241,10444,51.30181270410227,106.66645197082623,r2
201287,10445,7.0430737895016335,69.72473730245348,r2
201318,10446,100.47806434245192,-16.15144660459546,r1
201341,10447,89.73301280032574,-49.84288180087843,r1
201394,10448,104.53357145003346,-10.261877677362115,r1
201448,10449,114.54044721439924,-21.84474826453207,r1
201484,10450,103.23524221358599,-39.23447479593325,r1
201499,10451,75.06295757405242,-12.598919171693517,r1
201525,10452,101.34747243767501,-14.746501471315469,r1
201653,10453,160.8507391636751,5.6330335043892745,r1
201675,10454,82.52242074611942,-7.5505364002027875,r1
201712,10455,22.07791062498972,68.35999286916238,r2
201748,10456,113.74451399868867,-14.637175905685645,r1
201766,10457,-5.580045158769941,59.31080909869401,r2
201790,10458,80.97631326625016,-21.31843169939291,r1
201861,10459,145.41917841060945,-11.763001924454493,r1
201903,10460,121.29976047513276,-24.682648637627167,r1
201937,10461,108.41483783999907,-20.269414324488128,r1
201995,10462,105.0641596080169,13.056681954629283,r1
202072,10463,141.04524652222898,-4.211029599459884,r1
202086,10464,68.35113820645884,-13.588117829600172,r1
202193,10465,52.06108058734799,99.67768042794526,r2
202243,10466,101.93904250116474,8.496472506016381,r1
202328,10467,142.34991121953934,2.81786493063683,r1
202361,10468,86.17278703386111,-10.70950238843826,r1
202410,10469,126.079769198083,-8.127591696439438,r1
202440,10470,98.17323751570498,-5.833216600174602,r1
202477,10471,100.04571948819732,-12.665079828079993,r1
202499,10472,85.05917231286793,-38.76854993710705,r1
202584,10473,38.01494411959212,106.74466580931107,r2
202706,10474,173.87780708310333,4.0013907141781075,r1
202782,10475,41.236147597942136,89.3868623100844,r2
202807,10476,85.80519889817164,-17.51251162986165,r1
202841,10477,85.98872792052072,-21.40028312669133,r1
202899,10478,29.86964486389852,84.1063216925033,r2
202915,10479,-29.136839312955072,62.77207287252738,r2
202938,10480,80.03274502735087,-46.51586283269595,r1
203010,10481,135.7740424368585,7.186668784678361,r1
203036,10482,72.85704277154751,-8.051442366739593,r1
203057,10483,81.0025776736982,-22.094651133740324,r1
203079,10484,-0.9906827851195814,61.78500615973279,r2
203097,10485,-41.9603566056532,62.71325039697192,r2
203142,10486,102.70820048662733,-0.9283214304728205,r1
203180,10487,103.80225605699039,-9.461931389499284,r1
203206,10488,94.86810692881478,-7.63337333203792,r1
203266,10489,37.437028446375734,85.42943409644454,r2
203309,10490,115.18057665068932,-13.643422674294499,r1
203367,10491,108.90762340577001,7.406801056820093,r1
203414,10492,117.1417635692981,-5.852004232197714,r1
203481,10493,105.4316303044209,13.185902747036046,r1
203514,10494,83.2020312684374,5.735417877761307,r1
203529,10495,71.75876533450001,-34.16203241711369,r1
203574,10496,104.71649251176703,-23.16548175084292,r1
203595,10497,88.36690567607192,-16.689557460392404,r1
203645,10498,4.965871317187975,79.68060066859181,r2
203677,10499,104.95670501365714,-12.538060536608825,r1
203738,10500,120.19259926786776,21.196092651409494,r1
203778,10501,105.95345067359492,-3.1336539089934874,r1
203808,10502,92.56901369940421,-30.384173361527548,r1
203827,10503,-35.73288305195621,64.74996827255953,r2
203856,10504,95.30589485641681,-46.8121885420598,r1
203900,10505,108.71486571719029,-17.01909499315927,r1
203914,10506,67.40343552912354,-50.65884564688713,r1
203931,10507,77.26248320591844,-48.445967820230614,r1
203972,10508,109.67194630646071,-9.436802504207137,r1
203984,10509,65.79457212855593,-15.012089044050008,r1
204028,10510,122.81860710882779,-10.610873399517025,r1
204061,10511,110.94440398953265,-4.257951953306552,r1
204105,10512,16.39063855094443,74.08900761677486,r2
204213,10513,171.5279217168693,25.420663585572214,r1
204244,10514,105.19820277684025,-14.774419049942317,r1
204273,10515,92.8114497064804,-21.526516948615008,r1
204302,10516,83.94523477304384,-21.333706374395145,r1
204323,10517,-16.616614855326908,65.16985771208083,r2
204423,10518,35.86826504440607,98.98913087441986,r2
204656,10519,177.4401688697743,58.71248100819657,r1
204694,10520,112.9246919245297,-5.561485265799995,r1
204726,10521,84.91152936242281,0.012047419318676589,r1
204804,10522,142.34971961230292,5.331560434874561,r1
204828,10523,81.2258542100208,-2.4698576083006927,r1
204898,10524,115.61530194409639,-38.87672313230032,r1
204937,10525,117.72602457682333,-3.367422565462377,r1
205013,10526,48.98294532887457,97.4213594967994,r2
205043,10527,103.91792992837057,-11.335888595568981,r1
205131,10528,82.46655718704795,54.823183116945316,double_ko
205187,10529,101.71621143218566,-7.8914036552610085,r1
205225,10530,109.72023399842533,-18.00690641053218,r1
205250,10531,81.82015533095108,-13.758620137094788,r1
205274,10532,84.62769510775445,-38.194253853268236,r1
205306,10533,92.05287627252717,-37.80805843581597,r1
205374,10534,126.37526722862633,-9.16154612932909,r1
205418,10535,108.23501137378653,3.7396921137578403,r1
205447,10536,90.0581681550084,-24.243222132538655,r1
205470,10537,78.39228608846696,-3.6335492874720927,r1
205492,10538,79.17242709897876,5.759626024493862,r1
205537,10539,117.57911413339792,2.6248832789427965,r1
205555,10540,73.60540834583597,-22.014031732389242,r1
205589,10541,101.40226092301086,-36.14121019109032,r1
205645,10542,30.657790228940016,75.99403521766268,r2
205708,10543,143.07073459087508,-16.33319176026808,r1
205852,10544,178.77985202871994,4.266072732106942,r1
205880,10545,79.25417012372631,-6.342842950534596,r1
205912,10546,105.8622842973227,-19.94986485825816,r1
206044,10547,183.68020585418282,-1.9859885852359511,r1
206074,10548,98.45456601635806,-52.44524392457186,r1
206099,10549,93.30590504494198,-16.168743038221812,r1
206114,10550,83.84047705033723,-17.25669830634642,r1
206186,10551,26.881197746626903,113.06677342880225,r2
206331,10552,154.88437670158993,12.89027914090046,r1
206408,10553,142.35740921453066,12.318577499246835,r1
206474,10554,43.77067187811724,69.7635813919423,r2
206519,10555,82.5614713373466,34.08244779740474,double_ko
206553,10556,87.01907332187855,-44.017075489765496,r1
206600,10557,118.91433258390138,-8.095650560801069,r1
206640,10558,98.06389667718577,-15.682068856779978,r1
206712,10559,155.74557867576243,-24.789031847356096,r1
206733,10560,83.89118919670453,-27.701238090347438,r1
206783,10561,35.201747811003436,81.38176787057785,r2
206805,10562,92.69345914003455,-13.686861036392607,r1
206931,10563,177.80191611856853,-6.497692742874904,r1
206968,10564,95.62898719587795,3.0425413983461453,r1
207027,10565,44.5552772025659,80.89301782775385,r2
207053,10566,97.05252459330416,-11.235331433168902,r1
207080,10567,87.03340760376122,-7.783244581217403,r1
207105,10568,98.7842845254531,-8.727014573561647,r1
207134,10569,-0.819467498457449,74.13885822014471,r2
207223,10570,155.04591502469134,-10.449342481610302,r1
207264,10571,111.8238326484489,0.08954759639627241,r1
207311,10572,131.33517357174912,-14.27342873171164,r1
207328,10573,4.363748987797258,58.5263183726303,r2
207360,10574,97.77488255670164,-3.685752822787258,r1
207387,10575,85.31007802082809,-22.54346231581318,r1
207509,10576,86.01331234338929,98.93594408671794,r2
207535,10577,100.25077340715949,-17.50224486820667,r1
207602,10578,143.176489890113,-8.601976230725533,r1
207644,10579,110.14682170020382,-20.054587672544834,r1
207744,10580,165.33045443819145,-10.146418178848307,r1
207768,10581,84.92009603233302,-41.41715586424676,r1
207791,10582,82.94932458536269,-16.41169896273957,r1
207919,10583,176.0460002780288,-4.109780647764055,r1
207959,10584,106.68386625686438,1.685019241783813,r1
207975,10585,84.27736692670172,-7.3074562107998915,r1
208095,10586,150.5492753061551,-3.556511809621952,r1
208150,10587,119.9146243581236,-2.534924112751888,r1
208177,10588,97.1659981238709,-2.4174660344490135,r1
208270,10589,56.842122106763284,82.68588249335559,r2
208289,10590,82.95694303398808,-54.67886251112886,r1
208312,10591,94.54579022316373,-48.54394520805534,r1
208351,10592,102.99214625930665,-10.201260200307622,r1
208402,10593,117.97557678314529,-1.1850344041538747,r1
208441,10594,103.878479173257,-18.153794357204774,r1
208472,10595,93.92652578987779,-6.589725033574531,r1
208589,10596,157.34770018294915,-1.7377967003253616,r1
208614,10597,76.90707263639757,-42.94219255776247,r1
208637,10598,81.09710117242702,-34.170173064939576,r1
208681,10599,94.94911426932777,-37.77655892682372,r1
208726,10600,32.707795929530185,73.33487396317798,r2
208763,10601,105.68611477677898,1.7255731400705585,r1
208784,10602,92.00355871115177,-52.0206256382278,r1
208796,10603,63.34793298717058,-21.387669853254756,r1
208828,10604,107.83365688469596,-6.581138997511992,r1
208962,10605,180.65876598923015,11.370664845205994,r1
209021,10606,133.37285497496345,-18.754568989717484,r1
209047,10607,81.64721624570296,-13.61800512076621,r1
209074,10608,-20.24515357323872,81.01298816784175,r2
209097,10609,85.76214581052633,-47.983151838312295,r1
209142,10610,17.759028040624948,62.88007545625602,r2
209174,10611,102.15737666860775,-3.3332739505404234,r1
209255,10612,139.21980057656629,2.0090284651195205,r1
209292,10613,90.971172366212,-29.274683341954976,r1
209317,10614,14.6039607224997,66.1909484636304,r2
209362,10615,127.5191491848322,-11.948250304197451,r1
209389,10616,98.89690772968777,-13.793040913376402,r1
209408,10617,81.70700344281065,-5.908109373145557,r1
209439,10618,100.58488198769786,-20.481012455106928,r1
209502,10619,119.69840191435982,22.14222377724486,r1
209528,10620,76.25038933168398,-1.986125742752506,r1
209566,10621,99.07214514269299,-13.260746047833003,r1
209604,10622,101.47566346324922,7.004608295979978,r1
209620,10623,74.4468261475706,-15.346774391959144,r1
209650,10624,88.6357070374132,-34.16891873710889,r1
209697,10625,112.85239999153434,-5.656802514829607,r1
209743,10626,114.93177179396386,-3.846641237053106,r1
209940,10627,216.83926032882417,0.29952917448329686,r1
210038,10628,150.23690432094367,-4.60501391147961,r1
210064,10629,-0.4923935632345504,68.85345573364482,r2
210079,10630,74.87398706907747,-20.921382617267774,r1
210110,10631,102.74336617232966,-14.577725972657554,r1
210126,10632,71.74262053164568,-52.2415810687094,r1
210176,10633,107.76761260189723,16.312998421499614,r1
210195,10634,80.3403893896745,-31.56538994918196,r1
210225,10635,107.41626693702719,-12.310481798644851,r1
210352,10636,170.68122359828433,-12.316001508467068,r1
210373,10637,94.60142700395298,-39.599407019859484,r1
210397,10638,90.96157754311459,-13.294909389270025,r1
210419,10639,77.85664174473095,-43.218204683858715,r1
210452,10640,27.373064859226048,59.322787998368284,r2
210467,10641,71.97882852644383,-54.21431712452096,r1
210499,10642,97.73514555108432,-3.845721190244987,r1
210515,10643,86.02570906028711,-14.965281557189776,r1
210528,10644,-25.685163832418162,56.77614990510602,r2
210546,10645,-35.07951772765413,62.1433152585224,r2
210588,10646,93.69533466571352,-5.81964219919702,r1
210620,10647,102.89749213144219,-15.844283265074694,r1
210648,10648,94.56850513902118,-5.12191712883476,r1
210732,10649,155.10679710894559,0.7291228532182075,r1
210769,10650,98.94979264575778,0.712203274352504,r1
210801,10651,99.1755541416189,-17.283318391305134,r1
210834,10652,88.1496727686713,-2.686932547130155,r1
210863,10653,97.61847902810166,-27.712142337661138,r1
211004,10654,166.78685227034958,18.04552190653319,r1
211013,10655,64.6633363348219,-30.783689149975032,r1
211051,10656,107.4652330922581,-1.7445188228674908,r1
211064,10657,75.45755413839626,-23.588335903573917,r1
211119,10658,117.87028366288972,10.192294634512017,r1
211143,10659,90.41153599809837,-11.044968379571465,r1
211170,10660,101.22763822162412,-19.868551229124748,r1
211216,10661,103.58110367804292,-21.393972655970536,r1
211231,10662,68.89993403078066,-15.773198133424106,r1
211248,10663,77.69931086507846,-25.145915745777817,r1
211280,10664,0.884662265158596,77.53813563214254,r2
211324,10665,121.90143488649353,-10.61397678870852,r1
211338,10666,76.07099201394706,-55.64881359291882,r1
211356,10667,81.75501731913192,-14.216803540250496,r1
211378,10668,93.24781307870172,-13.469907267989438,r1
211400,10669,88.91071894094836,-17.232687128870634,r1
211427,10670,96.74563034832607,-7.3817051334764585,r1
211448,10671,85.66492294745007,-10.910654242521701,r1
211473,10672,89.87854659623295,-48.347634214411045,r1
211497,10673,105.54267511007305,-20.953491199755284,r1
211534,10674,25.89513154950101,74.6326189272844,r2
211551,10675,77.89493013003357,-18.158958013105863,r1
211571,10676,93.69977287975647,-17.659944309126622,r1
211587,10677,78.3146119155958,-23.483689393701724,r1
211629,10678,107.66815630824964,-4.766717199745479,r1
211743,10679,189.57453617425853,-9.575127382555806,r1
211768,10680,85.44280000440025,-20.52777494704801,r1
211794,10681,84.418143849533,-1.6045991802912027,r1
211846,10682,127.60631449586967,-13.045823937844027,r1
211864,10683,80.41900748541174,-53.483772120780685,r1
211905,10684,110.56190074495714,-25.162690467554746,r1
211962,10685,102.23860041140225,19.479179314033644,r1
212029,10686,148.92571588665132,-26.377707656837444,r1
212043,10687,73.72598055267864,-19.99819538096331,r1
212078,10688,108.01659364458534,-16.563680610377567,r1
212102,10689,16.91486827401303,68.25264383965896,r2
212132,10690,99.40414570647022,-5.11274836374227,r1
212173,10691,110.90147327347705,5.7650927253267525,r1
212196,10692,-0.017397980201423024,65.76904936347088,r2
212226,10693,87.01601868371395,-52.8921573168393,r1
212261,10694,108.90474288307604,-3.253349838722116,r1
212402,10695,187.43745433204023,3.792827260512034,r1
212432,10696,-9.12768980085005,64.1010499398667,r2
212474,10697,37.74736161140481,70.59837112054716,r2
212506,10698,90.21665510285771,-2.250766874924075,r1
212539,10699,92.01954454084358,-33.2328629283359,r1
212556,10700,87.36591794597165,-13.071537051830067,r1
212625,10701,135.26466783345583,13.782642805870509,r1
212685,10702,130.64772692322072,8.049651652582547,r1
212799,10703,107.14857626447699,55.384215955716954,double_ko
212847,10704,113.82638090892613,1.5065781359149852,r1
212871,10705,95.70748000306834,-10.752562598500354,r1
212899,10706,96.6020170237789,-13.592099200709644,r1
212990,10707,156.02170089063674,-21.2097250470356,r1
213028,10708,103.87458734969547,-34.313022009353084,r1
213055,10709,93.82758663166369,-8.083991365803158,r1
213079,10710,88.57963052870426,-12.165600782522898,r1
213103,10711,89.0582408063307,-21.88499149172749,r1
213135,10712,90.97186116170963,-52.209226446395675,r1
213264,10713,167.30696269194334,-0.11449019114827763,r1
213287,10714,90.98566812070746,-11.264587416253228,r1
213306,10715,76.16345890534751,-20.0949958443439,r1
213332,10716,92.88881251960245,-34.2606635688305,r1
213354,10717,86.22792119805817,-16.63315016769847,r1
213419,10718,148.49571662941923,-28.087506995679185,r1
213430,10719,65.74346002108238,-52.79357312539988,r1
213499,10720,156.90367584052342,-23.747092020450026,r1
213514,10721,-11.481569489894476,64.6476624502518,r2
213537,10722,81.83161810351265,-8.676100701928775,r1
213571,10723,106.17168388129488,-15.4300154315553,r1
213631,10724,42.63612382420675,64.0020553804818,r2
213699,10725,155.74464899828163,-22.001720401217398,r1
213724,10726,-16.29290255265302,57.929531775976315,r2
213797,10727,131.48476861987538,25.6786461091247,r1
213821,10728,85.16741350745626,-33.25174469412625,r1
213875,10729,127.39047703487907,-12.79368240610652,r1
213898,10730,80.72557896130263,-19.484592464517963,r1
213961,10731,138.23208654818978,-15.891260759233965,r1
214016,10732,22.025186215725547,91.64209869534346,r2
214055,10733,106.33251459278651,-4.876564839694495,r1
214098,10734,125.98925039194759,-35.175959980601206,r1
214119,10735,91.22683193939527,-31.49512021915968,r1
214135,10736,68.40267243502646,-20.271026180950727,r1
214160,10737,86.92181863379574,-48.409750219115814,r1
214180,10738,89.54251702359838,-15.330243373349369,r1
214207,10739,93.7383784159424,-18.839268844698235,r1
214224,10740,90.02378230569668,-18.367601139187563,r1
214281,10741,140.28869057845458,-22.059343088585106,r1
214423,10742,166.9093793784145,5.969259499942851,r1
214484,10743,131.77951019473542,3.003141732643222,r1
214555,10744,130.43201673354332,-2.168928997778913,r1
214584,10745,84.80166827771778,0.762324670109976,r1
214626,10746,108.16586310541955,8.940673094011927,r1
214646,10747,89.12984923849484,0.6381377596368054,r1
214722,10748,156.81172848992247,-17.927466725235057,r1
214760,10749,101.9747425308581,-8.285753222172481,r1
214797,10750,116.35137984956273,-8.406323771930474,r1
214821,10751,92.15828564343194,-5.049721467057012,r1
214848,10752,79.94459660547545,-10.378525118838056,r1
214886,10753,108.19977610254875,-3.887449732539906,r1
214929,10754,114.1361584855211,-10.346115697497417,r1
214963,10755,112.26663068843482,-21.90529173864276,r1
214986,10756,98.15274191752721,-13.7509209129678,r1
215054,10757,138.76532367331453,-23.16762680224842,r1
215093,10758,103.06557462674432,0.9761106181317913,r1
215127,10759,106.96948183926231,-16.130909629302174,r1
215191,10760,135.09283581632175,-26.035260920217592,r1
215228,10761,108.74569312111544,-23.94290946666761,r1
215260,10762,99.25735990879399,-40.24431290907312,r1
215310,10763,109.70436272734358,-10.691132642333088,r1
215342,10764,99.98685692685649,2.190763220664799,r1
215389,10765,93.99134625076806,0.9237091261532839,r1
215429,10766,104.58887231347467,5.261359608227089,r1
215476,10767,100.75817334621739,-8.9946112241485,r1
215520,10768,117.43343579318406,-3.1135553331051824,r1
215547,10769,103.92310532115567,-50.44145099421908,r1
215591,10770,95.76261226066187,-10.585207273498781,r1
215642,10771,127.66472090957863,-13.123667433048269,r1
215693,10772,108.74456231997152,-44.776126262958655,r1
215726,10773,87.56915831451522,-7.0538437037458195,r1
215747,10774,87.72972698882421,-8.963250602528916,r1
215860,10775,160.71200210589535,1.1350860014447832,r1
215957,10776,147.89300255823872,1.9097136188492314,r1
216014,10777,140.02384116889277,-16.14544408666827,r1
216066,10778,19.64843170985933,79.51576541030423,r2
216104,10779,97.81493745179091,-12.174077304946763,r1
216117,10780,72.24050015935516,-20.780029328029954,r1
216159,10781,94.14966155379287,-41.532972068074514,r1
216172,10782,72.98721919793572,-54.91329506270501,r1
216204,10783,0.3618426644341284,84.39856120186195,r2
216287,10784,145.78391096126657,-3.0962604877117954,r1
216359,10785,140.8487864218774,-1.585204357899208,r1
216386,10786,109.24101521358368,-42.02540594287015,r1
216402,10787,70.73526361599657,-47.32393918295292,r1
216428,10788,88.5627502654819,-36.74963244773281,r1
216446,10789,87.88342317873726,-43.436327817770895,r1
216477,10790,92.79809185594468,-9.082442357206034,r1
216520,10791,109.10991198197115,-4.536484071893199,r1
216560,10792,0.2086661597824886,81.48791961705021,r2
216575,10793,70.10249575167083,-45.05750685754492,r1
216631,10794,118.2602418540057,-19.6500922917848,r1
216667,10795,23.680614774974032,80.03856245696826,r2
216701,10796,25.830308723475078,72.12763497156189,r2
216746,10797,104.03065169998504,-9.062167741252104,r1
216793,10798,111.53627371440652,1.4501844172940679,r1
216860,10799,122.57734567932116,-26.964185519164552,r1
216884,10800,92.1504308581043,-21.49574735593837,r1
216908,10801,84.65966161816199,-14.89971184106373,r1
216986,10802,114.97442703503829,31.645391457951145,double_ko
217019,10803,8.42979751169112,75.05194319183624,r2
217044,10804,93.48791047034807,-5.5834572171702135,r1
217068,10805,78.3218652088724,-39.31769446380641,r1
217106,10806,91.84526628035266,-2.790760664910792,r1
217137,10807,105.70481205863993,-19.939304097169614,r1
217219,10808,152.5555041257135,-23.40437796635435,r1
217256,10809,80.27035285822124,4.6848718527504545,r1
217295,10810,120.04150524695719,-23.515519391463588,r1
217325,10811,88.5240764208182,-10.60470759747669,r1
217347,10812,-26.278173297134863,68.21183948791969,r2
217403,10813,118.77751392156321,3.7756779472943762,r1
217445,10814,98.3715284047433,-30.1390573860892,r1
217460,10815,78.82142421505398,-20.411735116959193,r1
217493,10816,112.99921916499049,-14.066118696009514,r1
217520,10817,86.57438800636348,-1.536540767505599,r1
217651,10818,192.8931453620285,-5.04653648687502,r1
217698,10819,108.13742915476737,-4.762973450660311,r1
217734,10820,113.93725724477943,-5.600221442304225,r1
217758,10821,85.91939417877265,-28.785785618102025,r1
217876,10822,149.4472441317266,2.3737722135746466,r1
217901,10823,6.575877454775885,64.35167713398127,r2
217936,10824,111.64848013399114,-14.722095408550224,r1
217962,10825,88.83202425589829,-8.148347817415313,r1
218009,10826,112.94923522246162,-28.370638663080285,r1
218070,10827,139.49348403948593,-26.4010955006115,r1
218117,10828,108.83508894204621,-9.270928999490629,r1
218148,10829,91.06686933060112,-0.011544937114116749,r1
218200,10830,109.54712418487269,1.9760600375878923,r1
218223,10831,84.49374268031644,-3.2083601145664815,r1
218274,10832,-0.049988862555885305,83.99490475487175,r2
218305,10833,96.20575584731924,-4.635108050690185,r1
218328,10834,88.11619444232674,-12.671121634076663,r1
218355,10835,98.87143641844733,-16.893471641902455,r1
218390,10836,19.39580448972299,65.47793415177986,r2
218418,10837,96.4171162611612,-14.412936204758939,r1
218499,10838,17.792492793565067,116.08465593995695,r2
218536,10839,12.142233530846433,74.37823041273462,r2
218574,10840,98.30755774687066,5.960242345076701,r1
218588,10841,69.29364500173827,-13.736890984869646,r1
218615,10842,86.7247594193179,-15.074799029106352,r1
218670,10843,127.64836362989612,-9.94362929613532,r1
218709,10844,-10.322618591684197,74.59983476154164,r2
218720,10845,74.61090095305579,-21.077897617222035,r1
218736,10846,77.80606959063977,-53.23854972708717,r1
218749,10847,74.61950099417967,-44.87884659239961,r1
218791,10848,116.24145908564465,-3.17162482742863,r1
218812,10849,84.88148083556723,-3.3924403531925478,r1
218843,10850,85.62561888167752,1.703960695093926,r1
218865,10851,96.63001605457907,-47.40265114247214,r1
218896,10852,5.4578866038240506,63.096156899266305,r2
218909,10853,75.02540411538513,-16.004924126073767,r1
218934,10854,75.44566249491103,-43.14594534513907,r1
218942,10855,62.23413002393575,-23.650966408853588,r1
218963,10856,73.89355606201764,-13.34711917088871,r1
218979,10857,76.86422081795945,-23.451498066764277,r1
219001,10858,97.99775506127665,-25.200935427615715,r1
219041,10859,96.75655451938209,7.487077440575973,r1
219076,10860,98.0117510568882,-8.443420989461544,r1
219103,10861,7.813173299014146,65.26673555496016,r2
219127,10862,91.01220368135488,-13.905553125918978,r1
219146,10863,5.573621362207263,67.70142496541106,r2
219183,10864,114.97284434131612,-14.186586263674965,r1
219222,10865,18.303204120558803,86.9521696207186,r2
219233,10866,70.16798361561379,-17.828675567366492,r1
219300,10867,116.57904825785204,17.492999815557063,r1
219381,10868,145.32250829827467,-1.5530851758407067,r1
219403,10869,89.5654893275427,-23.82025046956738,r1
219440,10870,103.76626381604609,-4.580533512351074,r1
219499,10871,118.84256094227774,1.4807027535654598,r1
219513,10872,-14.89848627330485,73.29750956105173,r2
219555,10873,108.94681233572119,-10.67279077626884,r1
219571,10874,82.72952862800103,-17.43695030521526,r1
219591,10875,84.96911730017602,-5.125405757410746,r1
219643,10876,114.46787097003502,-5.882855533012659,r1
219683,10877,96.65199206243916,-39.069606512197055,r1
219755,10878,129.57164004736467,-20.01499881138967,r1
219814,10879,25.97383616659267,95.45920534983972,r2
219824,10880,67.3591801413044,-23.649686842074484,r1
219859,10881,109.44721287859622,-11.633066538702217,r1
219876,10882,68.57747999709296,-24.392401770926533,r1
219888,10883,65.77983165422614,-25.317679687190005,r1
219897,10884,67.76720100539006,-54.57342776238618,r1
219928,10885,31.277808828059463,65.75776328184428,r2
219941,10886,79.18198823464368,-25.70005043730816,r1
219975,10887,109.67277457402402,-35.84164252140404,r1
220005,10888,96.89658225048456,-1.5852034819215461,r1
220020,10889,75.56435345797507,-16.117792052809097,r1
220080,10890,143.83128763633886,-18.400200967484935,r1
220110,10891,103.36006440871682,-8.289090888432447,r1
220127,10892,86.65935176865908,-10.166304119394589,r1
220175,10893,24.81255894137933,75.63992987241294,r2
220190,10894,72.31530551824362,-6.081281732690449,r1
220226,10895,91.82823156850853,-13.227036377194288,r1
220250,10896,88.23328325790878,-40.42123003467954,r1
220277,10897,85.93170768439626,-8.600768201236193,r1
220329,10898,97.12984411404808,4.6377120122741005,r1
220348,10899,1.8353418068826457,60.73991865054006,r2
220387,10900,106.24695560934921,-10.222222970384074,r1
220574,10901,196.41553640170105,29.916062165674887,r1
220587,10902,78.51751835301158,-13.551549231301664,r1
220600,10903,74.15908494111919,-16.492844510585687,r1
220626,10904,96.06288289384807,-4.0692954467256115,r1
220645,10905,73.72275350864614,-17.725660880793384,r1
220666,10906,91.96148922719593,-14.152830697605644,r1
220675,10907,70.55309360281893,-16.957359675047726,r1
220750,10908,128.04649383729617,-7.07145301078225,r1
220762,10909,74.05659420574541,-14.896197669598244,r1
220776,10910,79.02444109603874,-19.9379185409762,r1
220798,10911,98.27388652996075,-26.570966977296862,r1
220821,10912,34.97012356905811,40.626061551558436,double_ko
220845,10913,-3.613192490533308,69.50238403430322,r2
220857,10914,74.71494341976009,-28.644369485597128,r1
220876,10915,98.15560421276626,-10.897651242076911,r1
220907,10916,18.333988965428183,77.1070778621366,r2
220939,10917,114.17596300869538,-13.742851163059257,r1
221041,10918,150.74928870743665,2.577919348114861,r1
221067,10919,12.038706331509154,68.61154847969652,r2
221076,10920,65.72033372208892,-21.50811989379281,r1
221092,10921,86.29267126276402,-7.639267181864859,r1
221126,10922,63.63948424452093,41.45249514202651,double_ko
221139,10923,75.64220949064517,-25.200482116148482,r1
221171,10924,97.70886831376328,-8.705334439734088,r1
221191,10925,89.93829078770133,-14.37376821101342,r1
221215,10926,43.86355203534264,24.30902322805236,double_ko
221239,10927,101.53006803030493,-25.267464442721625,r1
221256,10928,82.6197432666673,-15.544710121784057,r1
221311,10929,119.46852432041433,-2.701061556025927,r1
221338,10930,81.06559665242045,-9.21643579359003,r1
221346,10931,64.30224080437985,-21.402463547375017,r1
221368,10932,-11.113706737935914,78.12301287276229,r2
221417,10933,78.8947145688113,21.347721058416944,r1
221441,10934,5.1477684748720876,61.02459558620152,r2
221458,10935,81.01211611575417,-25.561761244919154,r1
221489,10936,99.18716906502166,-1.8134016883740642,r1
221510,10937,101.69339328996845,-18.373772664882488,r1
221523,10938,-17.66668079961788,62.80153361931296,r2
221543,10939,77.44806150294347,-20.96328603241721,r1
221564,10940,-13.338093475703957,69.22253871426575,r2
221603,10941,23.26986796850459,62.62689684682983,r2
221627,10942,77.08920836894517,-15.217167586431458,r1
221640,10943,70.5654736953324,-19.0498418121742,r1
221665,10944,87.67980064659628,-11.11821394225818,r1
221703,10945,92.24084812903388,-4.12189978945203,r1
221756,10946,108.87645876386418,-3.413610516676364,r1
221952,10947,216.3088877889341,46.97079266632841,r1
221998,10948,117.52888873350142,-8.909828365250867,r1
222016,10949,74.05387545918383,-22.997452078166667,r1
222028,10950,76.98735400294063,-56.472523413390526,r1
222039,10951,72.09067037716308,-23.698171937851082,r1
222059,10952,87.78502812440529,-9.946543251543666,r1
222074,10953,-49.971953625844115,56.788220172898924,r2
222114,10954,107.7831076854817,-1.8492825675146065,r1
222131,10955,79.35666067404141,-50.85589832954167,r1
222155,10956,96.05235815198202,-2.8107277570536127,r1
222198,10957,109.63468422460866,-2.0191524001013903,r1
222226,10958,104.55993994465567,-18.076476344369013,r1
222269,10959,20.28075623848772,84.18626398714952,r2
222321,10960,110.33587319175106,0.6689697538532329,r1
222351,10961,92.25936508804011,-22.47575860719597,r1
222375,10962,90.66758716973928,-8.49394165192136,r1
222394,10963,80.83951923850894,-24.421127047464083,r1
222428,10964,105.78262326432164,-2.608801752718911,r1
222457,10965,118.02383043944039,-37.512756828921106,r1
222476,10966,86.23609145075152,-17.073006515697507,r1
222498,10967,86.24817071783244,-19.13677975360943,r1
222598,10968,149.05105041912768,-17.537882264858354,r1
222621,10969,96.65873748833735,-9.041083758743362,r1
222637,10970,75.53778528696198,-18.34327919501682,r1
222747,10971,147.05312715359617,4.735057628608573,r1
222800,10972,21.08662928919538,102.14001191599576,r2
222811,10973,75.78918749075495,-17.182180653293383,r1
222850,10974,41.58517269882004,63.58104448491728,r2
222868,10975,81.34378313918504,-25.73050158921708,r1
222898,10976,96.58832018041993,-4.295496630011897,r1
222941,10977,131.58189670879005,-20.076764093682193,r1
222961,10978,97.45098594034937,-18.32697016690281,r1
222987,10979,-12.762420309581948,75.94601632097812,r2
223036,10980,28.090944393417836,75.57942434222615,r2
223051,10981,77.7501557389853,-19.00167719351303,r1
223078,10982,105.2476772796605,-7.346830369051936,r1
223112,10983,107.21726167835405,-15.609248112364426,r1
223148,10984,119.08818862839946,-19.508438629843088,r1
223191,10985,121.68590635475067,-13.732705231065388,r1
223289,10986,147.35446256028953,6.942235311294077,r1
223303,10987,76.16368039361059,-19.049286099017234,r1
223325,10988,83.6334621961175,-36.86597882811242,r1
223356,10989,94.77370816118696,-21.984547859793754,r1
223388,10990,96.84714364821662,-3.6716230922130464,r1
223424,10991,105.42648859184342,-9.685450105042527,r1
223455,10992,107.10944960644204,-7.5265027736803916,r1
223487,10993,102.11664274769136,-7.891128624853664,r1
223521,10994,106.37892414452102,-12.629445003607557,r1
223536,10995,74.52279711780734,-18.119702381847254,r1
223622,10996,168.2551909342252,-18.349699130868736,r1
223652,10997,105.96724873204485,-11.654305737044496,r1
223687,10998,109.0940872907164,-8.201361567472524,r1
223726,10999,112.96201510685046,-24.1326176203929,r1
223757,11000,98.11604217880159,-18.69133635299648,r1
223778,11001,89.39856340017909,-25.733429730480573,r1
223796,11002,-29.112078652435496,73.33140996039876,r2
223854,11003,150.53584950105804,-34.85284321786999,r1
223891,11004,102.08599325633732,-6.5861881237865845,r1
223915,11005,99.54994870135278,-15.70295340841183,r1
223932,11006,84.91932421724296,-29.470608703536932,r1
223995,11007,142.5118903772734,-19.467758515014424,r1
224012,11008,83.9611330429112,-45.697300862044266,r1
224086,11009,141.0952775307089,-8.550278658380066,r1
224202,11010,144.03687802710357,12.268587955628064,r1
224216,11011,72.39177297063496,-27.860411714255992,r1
224259,11012,110.6794933442261,1.7643620018965294,r1
224284,11013,89.197095120346,-51.197289165789016,r1
224329,11014,108.80875881151172,10.464999250199924,r1
224422,11015,179.6214406398314,-6.866508266846459,r1
224434,11016,79.39694371535604,-29.51338653601967,r1
224461,11017,95.30341696006899,-22.941512974128965,r1
224496,11018,109.70938988050969,-6.02631887918286,r1
224513,11019,80.69858018572789,-12.63560212079646,r1
224562,11020,123.28718094408279,-12.09442398553621,r1
224588,11021,7.262768539754077,64.15940650375775,r2
224874,11022,238.144995928056,23.590850867710188,r1
224928,11023,112.40983155541929,-2.268688464329543,r1
224969,11024,116.18928756536309,-14.495831730705966,r1
225037,11025,112.06827317445531,9.811544915991774,r1
225067,11026,83.69080048866404,-2.6825757780373394,r1
225123,11027,124.59034751613585,-14.068225009079129,r1
225158,11028,122.81673936080523,-17.24049479167298,r1
225186,11029,100.56335304776766,-16.559027244419102,r1
225394,11030,227.19224935171604,33.463374181794634,r1
225415,11031,78.8226813668885,-13.503807197420464,r1
225468,11032,109.1571150821481,0.6206042782343815,r1
225515,11033,110.84327904526609,6.942976746820442,r1
225571,11034,112.9312148120969,11.719917007343042,r1
225628,11035,47.28899012338676,65.30977619175252,r2
225651,11036,84.16351748864327,-52.25755408992873,r1
225683,11037,20.582960305933042,82.70056241323925,r2
225716,11038,85.08502682128977,-5.984801834627191,r1
225740,11039,89.46121267237463,-6.52301586045882,r1
225764,11040,103.71882778410769,-11.87984101245484,r1
225789,11041,84.64326611003294,-7.811720917997121,r1
225814,11042,82.20970362769394,-18.517881244999415,r1
225872,11043,108.21907030105125,-13.852770971458341,r1
225927,11044,86.04896827976738,21.59586730000886,double_ko
226009,11045,140.54412974371178,5.662664082446852,r1
226058,11046,107.2202948327473,2.0634187564131423,r1
226080,11047,88.76828940055364,-11.896025957781525,r1
226120,11048,99.09654196154432,-12.968672618030723,r1
226140,11049,77.06690211912851,-25.020202826676613,r1
226157,11050,74.45832810478741,-40.81179305708125,r1
226179,11051,6.772511514935218,65.25956544856018,r2
226206,11052,77.90515970151111,-4.233084403244128,r1
226226,11053,89.47319969738365,-15.191683230629849,r1
226288,11054,110.41638062857083,13.7884123381493,r1
226311,11055,89.26279908454129,-11.366493683042343,r1
226420,11056,148.0051910169838,24.269067962550956,r1
226544,11057,156.1341040011154,10.299495598512053,r1
226583,11058,101.98471492497339,-9.034916322888847,r1
226623,11059,114.24307745650418,-27.044683798073343,r1
226638,11060,77.16297368045883,-43.89332474390239,r1
226675,11061,105.68174403516093,-2.123772293970063,r1
226704,11062,7.779149611807796,76.5688133758049,r2
226724,11063,81.8856345848676,-12.304757318628809,r1
226758,11064,102.94286556319389,-8.59735126406106,r1
226805,11065,104.17095726011189,4.128981394801869,r1
226826,11066,-2.850742920648557,72.85625725805355,r2
226934,11067,172.8806061774065,-6.244870090511199,r1
226988,11068,71.4455916164194,49.880337974941014,double_ko
227032,11069,10.357050621503085,84.34613233945433,r2
227061,11070,95.25661183874257,-16.02203520603105,r1
227156,11071,170.16016793643678,-13.692106395942979,r1
227198,11072,107.85987000619448,-0.491842575886821,r1
227221,11073,14.8003739527162,67.88257400292215,r2
227272,11074,107.69107324368329,-3.1451408967717995,r1
227325,11075,103.54014729215737,-18.005525698987746,r1
227385,11076,140.04100568322167,-26.62085884168709,r1
227424,11077,102.20591714127659,-25.969583245313668,r1
227443,11078,85.9070836105249,-9.136265689660469,r1
227508,11079,124.78163535562086,7.641378516882234,r1
227546,11080,97.61563287096945,0.1201104112452569,r1
227590,11081,105.66989330260719,-8.913514230638107,r1
227609,11082,88.71717366438793,-21.854582623408128,r1
227646,11083,93.04822796546435,-32.20472692258558,r1
227714,11084,172.695022806701,-32.80526251825762,r1
227747,11085,92.68127122660448,-8.116273762132955,r1
227783,11086,97.6365223871901,-1.2167665536788164,r1
227853,11087,138.1064719572434,7.022741788559955,r1
227873,11088,83.42440725673866,-20.375775789079945,r1
228034,11089,180.50461001905924,4.128898915243909,r1
228056,11090,93.18464594125142,-35.520636002743785,r1
228099,11091,102.88680102226577,0.7965514492773877,r1
228153,11092,104.77126234643157,-42.34649020065375,r1
228171,11093,80.37634648213832,-13.883354427335185,r1
228237,11094,124.78369578571831,-8.903343431151583,r1
228261,11095,96.49102175615135,-23.53489440062709,r1
228299,11096,10.882613583671962,81.7018015073987,r2
228322,11097,74.7609578492553,-45.037009228203736,r1
228371,11098,115.18819287696519,-8.242349547276753,r1
228391,11099,7.294592611179965,62.43038250377751,r2
228411,11100,82.24663144578419,-8.15667773358848,r1
228426,11101,77.74533228526343,-21.990884140316346,r1
228487,11102,147.93034494844005,-24.1030545171737,r1
228522,11103,102.21013751482842,-6.716019926411256,r1
228629,11104,86.67892554423125,89.67889298971662,r2
228667,11105,103.414245322227,4.013431498602685,r1
228733,11106,118.03847898601884,-11.499999290433571,r1
228784,11107,130.69992261040971,-18.23208864557361,r1
228799,11108,84.08633943352407,-20.002610454354212,r1
228821,11109,11.300075149554388,57.529172382816945,r2
228847,11110,93.90503923907553,-16.423945566460624,r1
228886,11111,96.5665619544977,-5.029475831243154,r1
228944,11112,118.14371597574703,8.792788072139643,r1
229008,11113,118.66735877503558,0.8294922513650747,r1
229043,11114,23.466131637575998,59.78907007959007,r2
229073,11115,99.56980867278241,-4.369749924166989,r1
229097,11116,96.88810911848479,-20.838278836091067,r1
229140,11117,106.55273440374003,9.551042041925854,r1
229157,11118,77.592328764663,-44.125753575098564,r1
229176,11119,87.22832259926287,-21.18388765792049,r1
229218,11120,112.0419647977122,-8.712187756061638,r1
229254,11121,10.889699506269068,69.85340438366893,r2
229288,11122,18.640258101751222,69.10940937095958,r2
229305,11123,89.43693739336874,-51.34381016960845,r1
229338,11124,93.14882143532219,0.8494792029481104,r1
229418,11125,145.64226465871204,-19.505667920827225,r1
229460,11126,94.0484024604424,-4.4549491529942316,r1
229491,11127,97.3976725410143,-35.42860623990902,r1
229529,11128,24.56290975935795,76.33506763212708,r2
229567,11129,111.83263266400321,-21.5816107252343,r1
229595,11130,87.31857963499837,-10.554844391755672,r1
229618,11131,84.60810175280994,-14.160802745467127,r1
229663,11132,12.825626532284836,83.06368203364639,r2
229693,11133,108.83566839468918,-29.025375661661,r1
229709,11134,74.13682549079611,-20.826461782958106,r1
229723,11135,72.3982600558513,-24.739319028128904,r1
229788,11136,110.67162233507815,14.114621376617464,r1
229811,11137,82.24484600065821,-38.275559881695195,r1
229858,11138,119.42629379187211,-2.5284878204671486,r1
229874,11139,-8.03881984684243,50.313385648065555,r2
229926,11140,4.208140038884153,93.01042746705434,r2
229969,11141,115.17432884903033,-34.90564505849659,r1
230031,11142,120.41715684188668,2.9503045760579525,r1
230052,11143,9.60405208544735,56.48918485488177,r2
230086,11144,106.08660465637294,-16.361517377335062,r1
230161,11145,147.873293968181,-17.95369006458514,r1
230191,11146,95.34120257262788,-48.77143548042431,r1
230203,11147,72.59434672363415,-12.950291402091338,r1
230223,11148,84.36386847049174,-52.08821257985181,r1
230248,11149,79.89309005089821,-38.69828366432655,r1
230286,11150,19.367089190508324,72.58665511806055,r2
230306,11151,94.00265414725972,-20.88561173990035,r1
230322,11152,-3.7672255000935166,60.36619646324998,r2
230415,11153,167.2624758194482,-23.551621469330282,r1
230455,11154,114.44000000687919,-2.887888793625322,r1
230507,11155,115.44964289273082,-43.754375565889454,r1
230565,11156,129.7785203564283,-3.344581348423631,r1
230590,11157,94.48179879219883,-3.7180782640062446,r1
230607,11158,89.17252917903396,-42.6978496782394,r1
230633,11159,100.36947614610943,-43.35742156754826,r1
230665,11160,97.05426989166284,-11.652792357613315,r1
230714,11161,35.41187160546415,76.40350968200099,r2
230737,11162,96.85617606714987,-41.49613344388456,r1
230757,11163,79.82787851775916,-9.699162116941977,r1
230786,11164,96.27303833711798,-30.294768021350656,r1
230851,11165,128.85701028420914,-0.43754399575989567,r1
230866,11166,-7.884532210872521,58.838552759589675,r2
230909,11167,117.02630527984158,-4.50532133304246,r1
230944,11168,115.84538525556312,-6.462704670199706,r1
230964,11169,76.36015867319746,-23.934289577616024,r1
230979,11170,-31.338052054718744,58.901974221758536,r2
231015,11171,100.805571923668,-49.278616285379464,r1
231033,11172,75.55954312277106,-58.833699036836045,r1
231071,11173,97.769647239081,-28.416281336669037,r1
231088,11174,86.66473396908277,-30.92186346010684,r1
231114,11175,86.37922878921879,-16.13879308729596,r1
231168,11176,22.34322886802223,92.35047410047251,r2
231199,11177,97.03223484161907,-15.897207409286302,r1
231249,11178,123.67188427029673,-19.751761561442052,r1
231282,11179,106.83449497792898,-42.91532482145652,r1
231341,11180,35.974065167912656,95.70232659710439,r2
231359,11181,87.51306665253506,-5.2218425778040825,r1
231509,11182,197.76632512322632,3.9622062736961894,r1
231563,11183,131.43101724290085,-19.21662094136817,r1
231602,11184,24.772976073098093,69.87809546503985,r2
231665,11185,118.0777055304878,2.863460645139817,r1
231733,11186,160.6313128949032,-23.44727363433753,r1
231751,11187,92.76678101645086,-13.249445784372632,r1
231767,11188,81.07737610447833,-54.29321005408279,r1
231813,11189,51.73832705033834,74.38358468356131,double_ko
231839,11190,7.129156432139062,67.45895020646776,r2
231871,11191,93.0390877238967,-22.98730336715484,r1
231969,11192,157.11338944136486,-19.91930233902977,r1
232005,11193,99.70079208505393,-4.162155315128217,r1
232036,11194,20.556902861888602,70.89362473794577,r2
232091,11195,127.70417638470832,-1.0810216529039636,r1
232113,11196,87.5999500495333,-23.798404551523646,r1
232153,11197,115.38622821942676,-12.514711754309161,r1
232174,11198,85.43272621781584,-17.32291668635796,r1
232194,11199,88.98435057244271,-20.30089044170662,r1
232213,11200,80.86681075187226,-51.896874347318956,r1
232262,11201,115.16990099966907,-0.7541525961669322,r1
232316,11202,47.97077656457693,74.03970339035376,r2
232350,11203,105.49205486809832,1.6624120884590994,r1
232383,11204,110.19527553923928,-17.12484264000428,r1
232418,11205,21.567482542207003,66.20558276353182,r2
232442,11206,98.8849301437046,-8.469626488443737,r1
232457,11207,79.39948217090728,-54.009653186264906,r1
232475,11208,79.73218434488727,-15.902914529075986,r1
232508,11209,100.67431863600997,-13.34276838335009,r1
232533,11210,87.44177948355214,-18.43385882775751,r1
232567,11211,117.96443254020772,-21.77582583874511,r1
232590,11212,96.0511532625443,-26.25300785221297,r1
232631,11213,104.67667902260206,-1.548499219858904,r1
232651,11214,101.66791257222243,-42.44760427168689,r1
232676,11215,93.03943055691995,-39.01729418844135,r1
232709,11216,99.59844603089914,-10.760551655800427,r1
232745,11217,104.26861025448173,-2.0274165178038146,r1
232777,11218,106.94146632107811,-8.382034853996458,r1
232804,11219,3.8682917606219576,74.3960167165313,r2
232823,11220,89.92032616352512,-11.033577637374421,r1
232846,11221,88.42965491342835,-52.12911165536737,r1
232875,11222,100.84735857441856,-43.99664342520482,r1
232899,11223,11.659724866146831,62.416601684795154,r2
232924,11224,90.75649643479005,-6.653515859174476,r1
232935,11225,65.57799453078157,-53.452532668059305,r1
232976,11226,20.571511986250925,73.10019338522345,r2
233007,11227,104.6718924457906,-10.827833637536699,r1
233034,11228,106.026227930822,-12.682600438885167,r1
233099,11229,133.0633750430986,-7.130292303099459,r1
233138,11230,103.11936562787008,-7.868489184020277,r1
233164,11231,105.8838442816763,-23.58231068747879,r1
233189,11232,108.54580906427191,-10.28148923423393,r1
233213,11233,85.26202820040093,-26.808128221299924,r1
233261,11234,134.32731700177246,-15.52061804317345,r1
233278,11235,88.79161153063097,-17.211181447740383,r1
233311,11236,99.06215468096246,-13.838350462051856,r1
233332,11237,95.81594996837983,-15.065386379499536,r1
233345,11238,74.0199035761368,-21.854007640957978,r1
233371,11239,87.57776752564908,-29.011286337174763,r1
233396,11240,98.15212660252708,-46.785811246263286,r1
233438,11241,106.56725515832579,1.9055635280079102,r1
233469,11242,107.09246771580129,-18.60401815087149,r1
233486,11243,78.20949372131653,-30.224437541080597,r1
233498,11244,76.54295097097778,-51.5871168983156,r1
233539,11245,69.62829240686425,27.733938648434638,double_ko
233572,11246,105.55215363348896,-4.031021945412114,r1
233594,11247,-22.33212620884959,73.47069492154506,r2
233619,11248,87.71367959644624,-25.693220535831685,r1
233631,11249,75.61561427647553,-44.928442455583,r1
233667,11250,105.48064420556221,-7.830180933833184,r1
233698,11251,102.59964437206588,-0.8839282406514428,r1
233728,11252,98.22688880543907,-3.4312327128369233,r1
233763,11253,83.15188979908453,-12.883671846744953,r1
233799,11254,28.820551293176308,67.78335264136102,r2
233853,11255,108.61688309895399,-3.4990945849726955,r1
233928,11256,149.83855866799328,-12.968694364425545,r1
233956,11257,105.36415181387713,-22.850985005797458,r1
233991,11258,100.9144653625291,-12.913979867426477,r1
234032,11259,9.3473834131146,69.18095319114965,r2
234061,11260,97.32515709933838,-13.81089095223848,r1
234080,11261,-1.808244226407922,69.0935508108628,r2
234091,11262,77.88320774356771,-19.748396643355235,r1
234119,11263,17.048085047366847,73.61755654930478,r2
234180,11264,114.2202199201746,5.061786720116714,r1
234221,11265,106.40074357019671,-2.1802562215077472,r1
234293,11266,32.39788155975909,96.04933864897838,r2
234332,11267,24.270582348272526,62.043376107598796,r2
234408,11268,143.13309379787665,-25.80653868386374,r1
234435,11269,99.56813183967445,-39.13057599755784,r1
234489,11270,144.22587953534781,-18.2340248913292,r1
234510,11271,101.21701601065642,-15.651879302118605,r1
234538,11272,90.37363379003708,-3.2968291950912203,r1
234576,11273,102.3054736992802,-12.795136201537815,r1
234625,11274,123.4266695472747,-20.57593207201442,r1
234685,11275,25.47279718526245,77.19099264598864,r2
234711,11276,95.67370088485315,-15.442827916098842,r1
234736,11277,95.62620045399467,-17.64753394798789,r1
234765,11278,100.46802916446785,-6.512512427053302,r1
234848,11279,165.3569390911137,-16.855671637428557,r1
234898,11280,28.204489486146556,91.9823714759093,r2
234929,11281,101.5839633212961,-17.21305185874309,r1
235002,11282,135.29237933551897,-7.227464080574585,r1
235014,11283,76.66251326712347,-12.173349921704869,r1
235039,11284,94.79442126475068,-29.668082441101724,r1
235069,11285,107.74186775888157,-9.030272792009434,r1
235111,11286,96.8285833437962,4.8903907448733,double_ko
235131,11287,95.68669153663606,-18.749899048000756,r1
235177,11288,113.40091185647168,-3.3696155931564675,r1
235185,11289,65.18461398674856,-21.651449014342283,r1
235221,11290,107.84292631899346,-40.81788557042541,r1
235253,11291,1.6521924599505624,78.5270527260047,r2
235266,11292,71.99041390032521,-21.811406156340798,r1
235285,11293,87.82753264211894,-10.016172093382494,r1
235329,11294,31.18362829958427,75.13895824616507,r2
235345,11295,81.16173543646381,-26.359016150845548,r1
235391,11296,104.53431218637812,0.9996026504520259,r1
235411,11297,88.04534527309393,-45.059235065360006,r1
235435,11298,94.06944865972767,-10.62555259754135,r1
235449,11299,76.75137799158925,-9.824661994459248,r1
235480,11300,24.510166144577106,60.50523892338389,r2
235490,11301,69.86948032197611,-50.10007236957673,r1
235533,11302,31.205565970520297,77.85361757503236,r2
235574,11303,38.618166964124,68.55538878957015,r2
235628,11304,130.3412057431479,-19.822378660734202,r1
235660,11305,98.88551113962343,2.066101992521908,r1
235710,11306,120.68209206666303,-10.604076812342072,r1
235783,11307,129.90625142635014,8.994196778595303,r1
235799,11308,82.55318239240158,-10.801534570407647,r1
235831,11309,26.6772873318454,71.98803006151445,r2
235888,11310,124.40915993705153,-25.287100707522917,r1
235924,11311,22.115158996629923,73.68248008754878,r2
235935,11312,71.37403617962451,-12.69148071436824,r1
235969,11313,90.046785647655,-1.935973505329514,r1
236033,11314,122.1727779161219,0.5591013384169301,r1
236074,11315,96.83584528146463,-6.977101498771063,r1
236089,11316,85.75563298834052,-25.44637990029673,r1
236135,11317,39.35579871897506,63.65693366575284,r2
236170,11318,110.046184613296,-17.115214052588733,r1
236218,11319,123.6384936120812,-27.48230305651421,r1
236249,11320,101.80398565071943,-7.640585798893959,r1
236274,11321,78.58136090151419,-37.248453834661,r1
236287,11322,72.42116527227734,-52.73455109470358,r1
236301,11323,74.03430086585968,-30.12843617586896,r1
236344,11324,1.0311533251034888,90.9545369845803,r2
236367,11325,98.31403237712183,-6.253426854930417,r1
236402,11326,102.69212668767386,-28.761588511371823,r1
236433,11327,5.928238491928617,76.99565022957022,r2
236445,11328,-7.1539219365248385,59.484694958153774,r2
236500,11329,115.4523187853779,5.265354864153146,r1
236535,11330,31.33342679478846,72.11224804123155,r2
236551,11331,90.68433340402862,-8.313955810209777,r1
236597,11332,120.23332997165119,-16.614074211931168,r1
236622,11333,7.812829480564979,60.4303629491947,r2
236643,11334,90.28703692031814,-13.021956392019199,r1
236748,11335,187.0129658562932,-23.183990476683164,r1
236789,11336,14.187103702779446,95.42351695279703,r2
236812,11337,95.03104861858029,-17.868978868889513,r1
236827,11338,81.77712509230163,-16.460923709159328,r1
236864,11339,38.050696528795676,58.88725915504287,r2
236898,11340,99.6946571914348,-1.7018889803863146,r1
236944,11341,11.285081178179844,103.06514656378636,r2
236967,11342,-21.357515229831016,74.13951100454817,r2
237034,11343,131.70916651193946,3.2674798780216605,r1
237049,11344,80.94672478067018,-11.495386089299593,r1
237103,11345,43.92531461988706,74.976848987321,r2
237118,11346,81.54832232643457,-23.834192111348514,r1
237211,11347,175.91465901614188,-7.010658808477054,r1
237247,11348,18.728998811366054,74.14507791061195,r2
237319,11349,159.24843312669788,-17.46917454151653,r1
237348,11350,95.74773633165941,-16.243200043665006,r1
237410,11351,148.05896649300257,-25.584272840180912,r1
237439,11352,3.8727325808037065,71.6449399573025,r2
237456,11353,87.89470574614339,-25.117863273679912,r1
237503,11354,25.2101373743384,85.4270831690423,r2
237601,11355,165.97365352084327,-19.857084255597332,r1
237636,11356,23.640848494268013,86.77879018042042,r2
237651,11357,-26.252783331966338,67.63956241947425,r2
237680,11358,92.08292004895605,3.1612281573050964,r1
237717,11359,34.37489564973468,74.02832037643716,r2
237746,11360,96.48379143394605,-18.620887856328736,r1
237760,11361,74.11255757974965,-26.443907452427037,r1
237771,11362,67.83543748514532,-45.21898185113129,r1
237804,11363,19.344462886011264,84.2069462834139,r2
237874,11364,141.94809556454365,-16.758388842997277,r1
237995,11365,160.66535889720998,-12.37077595342511,r1
238003,11366,67.14298886883263,-19.976564906709772,r1
238054,11367,119.34908879361711,-8.251225078743389,r1
238087,11368,110.14234404573385,-8.576150140627512,r1
238149,11369,80.40960448111409,46.76496596647501,double_ko
238295,11370,109.92642645220911,99.45192168569167,double_ko
238314,11371,94.98326419643746,-27.664204505475613,r1
238349,11372,98.24488569095368,-2.7323220846017335,r1
238374,11373,95.68699864383632,-4.207694550945291,r1
238499,11374,171.8460898617596,-30.53308586309931,r1
238509,11375,64.92987610041328,-52.70227476933814,r1
238539,11376,99.643363055613,-33.935220984629915,r1
238565,11377,99.75475869662871,-16.46471388546084,r1
238576,11378,72.16044801522607,-53.44260929422392,r1
238637,11379,48.10004404250471,86.44787501772873,r2
238649,11380,73.6135901921673,-19.745691228859634,r1
238771,11381,171.575190443046,-5.166843176116984,r1
238835,11382,122.86061418189678,-17.925481187896622,r1
238863,11383,105.93605995076231,-18.6339669612618,r1
238893,11384,109.44141420456167,-14.200057820360378,r1
238932,11385,103.81626923168045,2.32809854091348,r1
238958,11386,9.436980854657314,74.98042809003879,r2
238991,11387,105.31817125158497,-4.581822037803967,r1
239080,11388,168.52558705708893,-3.187570913281469,r1
239099,11389,-24.724183210436603,58.52186355140915,r2
239127,11390,110.71098388384195,-15.013810164548609,r1
239154,11391,81.52963758826492,-21.866732568824943,r1
239179,11392,96.52486181317076,-17.652855815648955,r1
239256,11393,63.278770230560106,73.46689393149401,r2
239274,11394,84.56785991537241,-13.035244330173576,r1
239292,11395,85.70489049860603,-23.641912555695384,r1
239312,11396,88.86384221474587,-17.152521292377916,r1
239376,11397,30.341491483458768,83.55090297770315,r2
239400,11398,90.65426603082284,-30.854116135856888,r1
239417,11399,85.60281541174058,-21.869540744427287,r1
239438,11400,9.513397536361744,67.59388678879418,r2
239452,11401,85.65898423612686,-15.23810086958106,r1
239504,11402,9.388151591401062,91.50044072141458,r2
239519,11403,-9.947845922972348,54.366506945803984,r2
239550,11404,17.57173282227547,73.7162103154858,r2
239568,11405,2.016015936486994,46.4061324457874,r2
239591,11406,87.1217916949556,-27.258408124862093,r1
239629,11407,10.038487050499853,83.54139859801334,r2
239666,11408,31.081320284498624,65.43302380656951,r2
239689,11409,88.44187928320424,-10.423893670812873,r1
239707,11410,-20.57711504811848,67.31637834690221,r2
239734,11411,-1.8994729461219464,62.706877345867305,r2
239819,11412,138.28626321384965,8.684352087293632,r1
239851,11413,-14.529475704757168,74.90597182199441,r2
239863,11414,77.39244055008905,-9.781266443001194,r1
239884,11415,6.650393443646443,62.98627392858494,r2
239904,11416,8.993609209303706,53.702326359772854,r2
239947,11417,31.7761079831607,77.94090441040274,r2
239977,11418,95.12678453115245,-18.304139215384097,r1
239984,11419,67.75373771546339,-24.502613884334906,r1
240041,11420,136.80409101420048,-20.310273066559024,r1
240070,11421,108.97567631324418,-19.20178651451937,r1
240096,11422,99.88841233188188,-44.15998010434146,r1
240144,11423,137.99661987083664,-24.829287392161714,r1
240216,11424,161.71404104481812,-25.004095534233773,r1
240256,11425,111.73361903275583,-5.459181716345071,r1
240296,11426,105.15176235194623,-3.7662174779964275,r1
240324,11427,110.7187231401451,-13.291559257868435,r1
240341,11428,79.81898609804347,-19.507875825886167,r1
240436,11429,123.63537532679123,41.66034609063746,double_ko
240475,11430,26.848898161069357,76.81498154208035,r2
240501,11431,109.26581412127643,-16.502254552745057,r1
240514,11432,82.68173754057611,-24.08021253116015,r1
240532,11433,-9.50015162511039,65.6452177996825,r2
240558,11434,10.997350522211178,74.71115948601263,r2
240576,11435,2.6187145518971917,67.50151339522476,r2
240592,11436,-8.827528211078338,60.730691340950045,r2
240604,11437,77.4886515853051,-12.066641004713546,r1
240613,11438,69.81752724728459,-23.14566614124277,r1
240624,11439,69.86144894325002,-55.530677369022584,r1
240654,11440,107.07563759159483,-11.745307769011745,r1
240681,11441,77.1806125569659,-20.10478934800485,r1
240731,11442,87.38942828297664,34.70097758958624,double_ko
240769,11443,26.86185750094657,67.82147326495718,r2
240789,11444,87.97935033127575,-17.648049134387527,r1
240800,11445,76.2661425107795,-16.576359208266446,r1
240810,11446,-12.253357236216004,59.74904538567805,r2
240836,11447,94.43566626036532,-6.517409844263952,r1
240886,11448,63.10295364257567,55.0953199364275,double_ko
240906,11449,10.85389868443852,58.93797069395582,r2
240919,11450,-34.53983223899223,60.99514022474057,r2
240977,11451,102.62744562420377,21.099277359105802,double_ko
241000,11452,-2.4993457129383785,65.20598933800802,r2
241016,11453,84.88420123693805,-12.900674992290078,r1
241036,11454,90.52237299432971,-12.275919945813701,r1
241125,11455,161.67586763656303,-24.599783984339894,r1
241164,11456,14.994320961507476,88.79416792816079,r2
241179,11457,82.67130532200525,-18.223340528259335,r1
241200,11458,88.73188722423095,-9.080259978137697,r1
241220,11459,94.26420457563042,-36.95485406333979,r1
241244,11460,97.83712096339895,-12.113027981959853,r1
241259,11461,-10.020930308247408,58.4173702250255,r2
241319,11462,38.88069806576434,88.54507404007117,r2
241343,11463,90.35616989608042,-4.42909552957817,r1
241383,11464,116.62519757586244,-4.151791965229059,r1
241410,11465,88.36556798741535,-6.869351724252944,r1
241434,11466,93.18855357107009,-17.43762663310702,r1
241468,11467,104.67873928247488,0.18363264724602857,r1
241481,11468,77.50651042631722,-16.163787479809642,r1
241515,11469,102.65430987306887,-16.071509139707807,r1
241533,11470,80.80801677980092,-11.575682074745778,r1
241561,11471,-18.84703266946455,72.38254520504903,r2
241582,11472,13.333896426788627,57.41369895456797,r2
241663,11473,110.73442016548597,46.16065157409841,double_ko
241698,11474,118.77421687265016,-12.10625048819145,r1
241723,11475,96.46921029702668,-13.741278849135568,r1
241758,11476,106.21875467737416,-26.274857123207532,r1
241766,11477,68.9043289397191,-20.550491153154272,r1
241778,11478,65.71542107929,-23.47115622095338,r1
241805,11479,97.0069275388805,-16.56477851124978,r1
241843,11480,95.62589926026389,-12.271166757233011,r1
241907,11481,134.73810510728688,-26.535975575001427,r1
241927,11482,90.13423272472704,-7.430198640849952,r1
241959,11483,107.45690784637034,-14.012936475694822,r1
241984,11484,96.37520714882297,-21.128718409783218,r1
242010,11485,10.846594673467273,71.89762267493481,r2
242075,11486,42.338105897484255,82.29520595116517,r2
242110,11487,116.87349125430713,-18.07864054285363,r1
242142,11488,53.259589412689856,30.461954518301358,double_ko
242177,11489,105.2735708337884,-38.93255161831473,r1
242214,11490,17.625952209447732,77.60710112983192,r2
242230,11491,83.87001351915251,-11.971454940533015,r1
242269,11492,27.35281496872652,69.9746128976353,r2
242287,11493,91.99935361054963,-16.357380992518713,r1
242327,11494,29.822773072297032,75.1227307869385,r2
242358,11495,95.53826819346946,-27.048152815357977,r1
242382,11496,113.80898780564137,-27.743793580567754,r1
242430,11497,24.184583402521056,62.02969057310305,r2
242459,11498,104.09956836393795,-3.1298755693294424,r1
242493,11499,28.018003764252846,72.14846618584407,r2
242534,11500,119.27168478712395,0.154572753522487,r1
242555,11501,79.60675233921073,-30.82018816503266,r1
242585,11502,5.863510307642628,51.35832362805831,r2
242662,11503,172.59552289999152,-22.59252178127317,r1
242740,11504,30.79337960436459,93.30793961824749,r2
242763,11505,92.6682988654166,-18.888561429783596,r1
242784,11506,84.90128472419401,-21.720098346963656,r1
242816,11507,107.73864170182549,-15.891933507985456,r1
242836,11508,1.210721608901558,73.55491690377272,r2
242871,11509,28.62762794572653,63.98764016947454,r2
242897,11510,5.435488009126296,52.75455379412941,r2
242932,11511,20.09765264731793,71.4977715852969,r2
242947,11512,76.9466703508162,-19.626022036319974,r1
242969,11513,19.80883118051515,66.69890920862764,r2
242977,11514,72.15463179622957,-21.587070883122443,r1
242989,11515,73.42572200199857,-9.537665745010344,r1
243021,11516,16.68057225786106,67.65061489585185,r2
243051,11517,15.3964407295555,63.87728990160264,r2
243085,11518,100.17056453377741,-7.132146039577314,r1
243096,11519,68.28633853557614,-17.764156357622543,r1
243107,11520,74.27538535825335,-18.058068900037618,r1
243137,11521,22.396261651328004,63.49009137108419,r2
243160,11522,97.74003243376669,-8.611797706347929,r1
243176,11523,85.75114167953913,-11.111899311059851,r1
243224,11524,33.5838676998728,78.20638438778718,r2
243254,11525,-0.4364589347700232,80.9328963815864,r2
243297,11526,9.742785398647555,72.24629853696212,r2
243333,11527,104.32280651978469,-14.690478527460982,r1
243354,11528,91.93791870837896,-10.687692033765465,r1
243470,11529,158.704539336834,22.12449871295223,r1
243506,11530,41.694045570633605,63.87444720302252,r2
243524,11531,88.53957881672387,-19.03074473648676,r1
243539,11532,81.23509836392236,-12.556253555836449,r1
243554,11533,0.4956760098487081,58.54565476650046,r2
243574,11534,90.59700067468884,-9.787123259915937,r1
243645,11535,160.03224908872713,-18.462178207422554,r1
243678,11536,103.64443862320897,-17.355807604751938,r1
243691,11537,75.50824767179262,-13.341763452833767,r1
243703,11538,69.79332354340438,-24.7306775113873,r1
243734,11539,-15.558945046711521,78.44587296545498,r2
243756,11540,88.35791046368628,-35.57422314461895,r1
243770,11541,-26.32290440808901,70.59178982346239,r2
243813,11542,116.20734728667011,-34.61963298547002,r1
243827,11543,78.6518940568274,-26.285936184405664,r1
243873,11544,40.71141399160416,58.81062077569723,r2
243912,11545,9.418762542757207,80.18053154375907,r2
243921,11546,72.02008103198537,-15.084208259072561,r1
243948,11547,105.55911881064443,-18.460040729158194,r1
243966,11548,85.91759983726335,-29.26082600775082,r1
244007,11549,104.39872993484417,-10.984231030355666,r1
244024,11550,-16.12422084542094,55.926641025801544,r2
244048,11551,94.05617434289934,-22.190818745876008,r1
244074,11552,10.731947722600417,64.63646964474786,r2
244098,11553,110.45255569967853,-29.302144075492667,r1
244137,11554,18.451878941578236,67.19718284534312,r2
244153,11555,82.12391724376688,-44.13458457857395,r1
244221,11556,18.590693642856813,94.34467068209948,r2
244246,11557,91.66743301902662,-4.304346220898097,r1
244274,11558,15.497733461497525,66.85469288615046,r2
244306,11559,4.110487889157923,74.60038738132812,r2
244327,11560,88.87578162656271,-48.86682248510339,r1
244343,11561,-8.3768578597006,53.067885903392146,r2
244379,11562,103.6293760192154,-6.677223723186692,r1
244403,11563,92.9545724466281,-18.659521495289084,r1
244418,11564,78.06254967992734,-29.185976908075723,r1
244447,11565,15.285304675258566,66.61226387847763,r2
244469,11566,93.33813752986339,-9.97531207468763,r1
244498,11567,95.74336898977461,-9.27181975097394,r1
244532,11568,21.78945044528014,60.246954451307374,r2
244541,11569,67.13593856096824,-31.552486774918037,r1
244576,11570,19.188699423800955,59.7678452447784,r2
244590,11571,81.04942409186502,-17.136482942321223,r1
244606,11572,84.58758294596905,-12.853456599692166,r1
244625,11573,89.60926601835763,-19.1365197941711,r1
244639,11574,67.52247923739725,-14.902106395321347,r1
244659,11575,2.6174333262517706,57.05464519397464,r2
244694,11576,25.894631858126672,65.196661982456,r2
244724,11577,115.65872406908602,-17.941743895032523,r1
244750,11578,101.82866225287054,-11.445950189959568,r1
244761,11579,74.03389280248676,-21.32048177196461,r1
244790,11580,12.512642822146866,72.0326350710649,r2
244828,11581,26.518297336764995,68.11974105874934,r2
244854,11582,4.910862895373604,71.58289379915514,r2
244861,11583,64.82859890336334,-25.34479627587495,r1
244878,11584,-15.237206181109151,69.26583061806741,r2
244906,11585,20.29904050890046,64.81631093513603,r2
244936,11586,10.279505845093524,70.4233540997952,r2
244947,11587,76.00927755563427,-25.997282897697232,r1
244968,11588,81.76848275141103,-13.758413598986778,r1
245006,11589,34.08274386300253,61.95507918611325,r2
245026,11590,8.700933141639858,54.3568298651519,r2
245050,11591,3.8932241862929473,74.31246779282844,r2
245071,11592,96.29249369157172,-21.748562185865257,r1
245104,11593,15.644698366467921,76.49392885876085,r2
245126,11594,99.17364461933033,-15.267413656816409,r1
245140,11595,-22.911813172749667,56.0175560443899,r2
245175,11596,23.396576171972676,63.10990063459696,r2
245232,11597,148.6415346876302,-13.186532211654402,r1
245248,11598,79.59368140566943,-28.91179179980408,r1
245282,11599,11.581695480055053,63.060473013653876,r2
245298,11600,77.29065215562744,-54.99348267282432,r1
245312,11601,-8.226367347742077,52.315427349658435,r2
245325,11602,79.11401016622511,-25.21444062157298,r1
245341,11603,75.58288226783876,-35.35252115337885,r1
245382,11604,7.843220229331131,80.76214004326246,r2
245397,11605,83.10774449344001,-29.06835507210664,r1
245417,11606,2.0077651987035807,68.64785355735205,r2
245437,11607,88.84869531373033,-9.83125228932834,r1
245464,11608,16.049488097830498,65.64340644988691,r2
245486,11609,14.280693188802914,63.612578444721194,r2
245515,11610,12.22007966644265,62.774998147049004,r2
245539,11611,14.814100129965254,55.93132374909026,r2
245561,11612,84.1218907080636,-32.64583434101152,r1
245589,11613,14.662286162574105,70.5186013434145,r2
245613,11614,9.843775815138159,68.94040965676507,r2
245636,11615,3.529659135102669,59.7524659400071,r2
245664,11616,11.023831171807203,52.98528756893009,r2
245684,11617,-3.825640005923738,55.53107179791159,r2
245699,11618,-22.825870919979177,62.00165545419584,r2
245725,11619,12.785281058307653,62.19292647012827,r2
245761,11620,12.752749199682931,71.49342021929145,r2
245785,11621,18.752220915762337,59.96756855535102,r2
245811,11622,14.00307003637463,57.08832471360365,r2
245859,11623,28.51910463408729,76.73650269284012,r2
245902,11624,100.32262824627557,-10.286536937741197,r1
245950,11625,119.23155909814302,-2.0214624221044843,r1
245964,11626,85.29785219794401,-18.23188271255131,r1
245990,11627,4.151887469663521,70.73958101597145,r2
246004,11628,-26.237427751512733,62.92123630381836,r2
246023,11629,7.062308345685729,51.357602026992936,r2
246040,11630,3.2535412093587937,60.44978660077679,r2
246066,11631,2.033565050864553,55.90685492647519,r2
246095,11632,14.16791190280368,72.39645050539171,r2
246116,11633,89.46575993492064,-27.801557055284718,r1
246134,11634,-21.615366486406774,50.89728635011217,r2
246166,11635,31.829305419303118,58.353262789487914,r2
246179,11636,76.77181160310053,-16.80305810276173,r1
246198,11637,-11.61878133433271,68.70671623295469,r2
246217,11638,93.839192090685,-17.58326438624121,r1
246236,11639,86.86044212350319,-26.009397509836873,r1
246268,11640,10.471101852458638,57.369736432776065,r2
246290,11641,4.957996302754246,68.83874702371773,r2
246315,11642,14.451531667987418,70.87900774316462,r2
246340,11643,-3.0787839249861264,60.88754235231645,r2
246366,11644,-2.9624543151718115,67.17141259727416,r2
246385,11645,-14.199202276008997,61.126547864720564,r2
246418,11646,123.3249158324448,-19.859187431831284,r1
246435,11647,-8.744399033862884,50.9644258179899,r2
246456,11648,87.29458606230153,-23.553870182395066,r1
246488,11649,24.458939061175066,61.93977573165771,r2
246514,11650,20.696781614669014,50.004267659176776,r2
246532,11651,3.4908371307460087,49.22479491686942,r2
246550,11652,95.73187818842692,-25.66138748455702,r1
246570,11653,0.9543750336357562,73.3688493893101,r2
246595,11654,9.380918958502626,61.57512995091937,r2
246611,11655,94.42752399279873,-32.34990370707508,r1
246639,11656,14.04738867424129,69.96242742700431,r2
246658,11657,-5.2089117481506335,58.63475386643951,r2
246676,11658,5.65749146680281,62.902689748634046,r2
246694,11659,-12.713951212110814,53.87212780852456,r2
246715,11660,-0.1599257552919795,57.55796515488062,r2
246737,11661,91.20164247299883,-22.484184079347994,r1
246757,11662,1.933936953053454,55.32395212469952,r2
246774,11663,86.11584871362416,-44.7825058704514,r1
246804,11664,96.20197842169804,-9.486914114098099,r1
246835,11665,18.229609172849322,70.43530853274714,r2
246858,11666,104.61302866877077,-16.472866021541886,r1
246879,11667,6.688623906504787,59.39473442825439,r2
246896,11668,-7.850267710391279,59.11616866224453,r2
246922,11669,-9.079350350293694,66.38902650380959,r2
246942,11670,11.648477407512125,53.35011599568091,r2
246963,11671,7.575892983155505,51.93270201725126,r2
246980,11672,-6.058797371688982,55.00283210180245,r2
246999,11673,-13.07830245917851,80.76808620681679,r2
247026,11674,24.964717594010025,62.12586367370308,r2
247045,11675,94.46062920092984,-31.582218829553987,r1
247068,11676,8.367238379376701,72.46149467327254,r2
247088,11677,80.9747807929436,-5.6313183856625955,r1
247108,11678,-4.710996762378237,61.454934888555044,r2
247136,11679,89.88992201814301,-15.930487708140888,r1
247151,11680,-1.0758824323118361,58.694390608266616,r2
247174,11681,86.20621529237555,-23.691162018954095,r1
247191,11682,81.06468189218559,-28.5632883261083,r1
247230,11683,25.592692362755145,73.12622929231475,r2
247253,11684,7.93036233720359,51.58381873214057,r2
247268,11685,-9.132882652242849,43.59360438404483,r2
247286,11686,-1.7871062576817707,56.901462451301725,r2
247305,11687,91.72964907767005,-30.4684116142718,r1
247324,11688,84.9694645788211,-11.024185158639533,r1
247348,11689,7.440941295237408,61.40329376485743,r2
247370,11690,20.91701632995749,57.330277340780725,r2
247395,11691,-2.598135801668775,66.85099944391942,r2
247420,11692,17.057957247319514,55.71589180924803,r2
247446,11693,4.274286348603624,66.72077338148213,r2
247465,11694,-11.662278285604614,58.70403246138292,r2
247481,11695,-8.794913135090475,50.73651157324179,r2
247501,11696,0.5074447617743942,59.531877864211936,r2
247517,11697,49.768109894184995,-2.513864251380415,double_ko
247535,11698,34.27863581292233,-1.6750630357426857,double_ko
247552,11699,-5.850610705690059,50.70238266201809,r2
247573,11700,-3.54288555179064,54.896431908816304,r2
247589,11701,2.091847327759943,50.57762491668186,r2
247603,11702,81.15775135987539,-53.74156029220139,r1
247620,11703,-0.7532204316321582,53.25394109667956,r2
247640,11704,102.75096949052462,-26.28173652292932,r1
247659,11705,97.47222774979548,-26.836015529474054,r1
247677,11706,1.192797226463604,50.68730734295437,r2
247696,11707,53.191315388857205,7.498795438965411,double_ko
247714,11708,-14.566730108714182,69.1712523697963,r2
247730,11709,-13.152459557491234,52.9357431519179,r2
247745,11710,-7.7717456804091185,52.4210190217567,r2
247768,11711,7.264030294739577,66.56508899920959,r2
247787,11712,91.09095284274775,-20.817258541144838,r1
247797,11713,-17.615681008086725,53.68623515021339,r2
247810,11714,-7.469265279820668,60.206946555321636,r2
247837,11715,88.18096321161198,-13.044562514557612,r1
247854,11716,88.04983436002576,-18.464564568133152,r1
247882,11717,4.550684374362554,61.54719000543021,r2
247901,11718,7.7793815044094075,50.47032284130693,r2
247926,11719,19.42411633043566,57.775073403755115,r2
247942,11720,-2.4163579293427304,53.34459117818221,r2
247964,11721,13.863959750799893,62.58757288409128,r2
247997,11722,99.60868418967009,-2.4992203276095424,r1
248026,11723,13.610762744276151,60.87613676757098,r2
248045,11724,52.50678835598472,1.5503455516149303,double_ko
248064,11725,57.55513655500315,6.602713454454612,double_ko
248083,11726,7.643262181226689,56.59829433476634,r2
248099,11727,0.6661571539242885,50.96817774320298,r2
248117,11728,-2.0335487249630333,47.22098004979914,r2
248135,11729,-12.406301176002266,59.73679122558605,r2
248152,11730,5.365312793795859,56.315732323606824,r2
248166,11731,-7.273396447290118,51.27730862951415,r2
248184,11732,3.8354698289067883,57.28474692181911,r2
248198,11733,73.85892578906974,-22.149422682103584,r1
248220,11734,0.7295497277087293,60.02335699142878,r2
248245,11735,2.0743585578973267,57.46190467311641,r2
248289,11736,2.766089557437766,84.159971220334,r2
248304,11737,-4.939727614707358,51.576597204137876,r2
248325,11738,87.99270048437955,-21.080787824457797,r1
248342,11739,-0.5911492301813226,57.40398324354784,r2
248357,11740,-3.098963706022424,54.97960028489693,r2
248371,11741,43.653466779823106,-2.5392250160925407,double_ko
248385,11742,-7.664997540175037,47.66079319881274,r2
248405,11743,49.182939387989016,10.710446373170605,double_ko
248426,11744,4.870741935535037,54.796771251157125,r2
248442,11745,2.6902337527316575,56.945719959457236,r2
248465,11746,90.90331344105869,-54.616796781356484,r1
248484,11747,-9.2428174370175,51.88365213050522,r2
248504,11748,-1.0939121131748948,56.39638303638406,r2
248527,11749,5.622990423905861,59.409604543609646,r2
248545,11750,-3.2579292597072893,54.39855833833463,r2
248573,11751,13.15262423413256,52.98104359600658,r2
248596,11752,5.151110509305489,63.78542136865805,r2
248610,11753,-18.250837559741505,49.89040854405471,r2
248628,11754,-1.3209451795967482,50.288694217139174,r2
248650,11755,-4.222347169949018,52.3333073556606,r2
248676,11756,19.570659498219953,59.55166201046834,r2
248717,11757,87.89995326163385,22.56592727142839,double_ko
248736,11758,-0.9393014954485608,54.61565990245811,r2
248755,11759,-1.3502602116069582,48.46742300217442,r2
248769,11760,83.6213859070876,-51.951093821540326,r1
248781,11761,-14.103254631656284,54.13560451403254,r2
248802,11762,7.920862629719039,60.75700855041488,r2
248823,11763,3.6176647820655248,50.201573835753315,r2
248836,11764,-10.185149310428805,49.32488375533804,r2
248858,11765,-6.230614323245952,52.87386209571088,r2
248875,11766,-2.2972849376637257,44.65127236080102,r2
248895,11767,2.773132239600777,51.05245170229696,r2
248916,11768,-2.9436953374174166,55.2269126295109,r2
248946,11769,90.61631776999945,-5.156856209976581,r1
248970,11770,8.823773621800363,64.08249163916092,r2
248983,11771,-12.6023188062807,52.4061873730005,r2
249014,11772,22.176792213141404,56.68711801462119,r2
249036,11773,1.3316059198685863,61.84211577397304,r2
249056,11774,2.5591492000850593,56.81622446381519,r2
249074,11775,100.82686968171696,-44.25108331749736,r1
249099,11776,4.829914178409361,64.9757876185011,r2
249124,11777,99.00026841458275,-41.435236131834515,r1
249141,11778,3.0897764937499304,51.863060810426504,r2
249155,11779,-4.038038957448023,47.13866893967388,r2
249177,11780,7.559131482035404,63.86623065674709,r2
249195,11781,-1.8946112897634038,54.05909832052113,r2
249211,11782,-22.928493995323734,54.453050160590955,r2
249230,11783,-0.07266575111216156,61.954612719222936,r2
249243,11784,74.64308484129076,-25.84938816439962,r1
249258,11785,-8.952863348714601,51.61935944505129,r2
249274,11786,1.9218120351116639,58.989247243466735,r2
249292,11787,-9.171874194820397,56.72800884906408,r2
249308,11788,-2.3608228247997403,53.79324173372131,r2
249321,11789,-4.639813316458913,51.27053774784982,r2
249337,11790,-9.923353780108869,50.82498820778929,r2
249355,11791,-9.647937491268365,50.5026005548295,r2
249369,11792,-3.6453891833522576,46.95022436688736,r2
249388,11793,87.64352322328625,-16.925024329223824,r1
249405,11794,0.5953618052688014,51.35457127183768,r2
249421,11795,76.13507753342412,-17.442293308937682,r1
249437,11796,-11.641302608062908,56.6238208754595,r2
249454,11797,88.8054835141723,-25.1844269862972,r1
249468,11798,-6.240354284903653,54.80125805060384,r2
249482,11799,-6.452630769325175,52.84800537984303,r2
249508,11800,108.39127217077187,-23.536507642267487,r1
249525,11801,43.29092928239851,5.615488579743333,double_ko
249542,11802,85.04356625649493,-18.352147982858842,r1
249561,11803,3.685834160586815,50.83891306764411,r2
249575,11804,-0.17642094091841898,46.95671226104097,r2
249592,11805,87.22009960415632,-57.49339643646843,r1
249613,11806,5.048688509772717,59.971753599896005,r2
249636,11807,2.505249599220761,62.07479228662217,r2
249655,11808,0.42904595663362954,51.34564071319348,r2
249673,11809,1.2553202805251473,55.4913921880124,r2
249686,11810,-6.658942920486595,50.37348934699354,r2
249705,11811,93.81237778133504,-43.8746208510779,r1
249719,11812,-7.697377129976331,50.289036400945214,r2
249740,11813,2.86981851122691,51.988582717541824,r2
249759,11814,-0.8869979420776559,56.04928187865864,r2
249780,11815,9.631471963034144,69.22662197092586,r2
249796,11816,-6.366233550610083,56.1231396039413,r2
249812,11817,80.4832372844646,-27.60298819797617,r1
249828,11818,93.47358471058467,-24.859088019525803,r1
249847,11819,0.555449071468189,56.42774325595806,r2
249863,11820,98.62534102008624,-47.752773542815525,r1
249880,11821,-9.932281352532605,56.25783977377276,r2
249908,11822,-5.1882795648797,73.39505151033688,r2
249925,11823,1.0653046538220678,53.090523236602614,r2
249938,11824,84.97556660823031,-33.14394918733524,r1
249957,11825,-0.0651562278250708,55.77963268396477,r2
249972,11826,-3.8488902047174776,48.42538643423961,r2
249988,11827,-12.50413142894869,57.610036461061256,r2
250002,11828,-17.91288594280794,50.36872088413763,r2
250016,11829,-5.803804410802364,48.28695652143439,r2
250040,11830,-6.3882950934341665,55.40927757799874,r2
250057,11831,-12.192836524058798,55.30549359744172,r2
250065,11832,69.51333198731666,-33.054657158559614,r1
250076,11833,-16.543790151549445,46.683004131983566,r2
250091,11834,-3.802308739431737,57.390036979975356,r2
250104,11835,-13.58746285881606,52.13494581445669,r2
250118,11836,82.56433716933311,-24.529234948201395,r1
250135,11837,-3.016304602785425,55.04313619284204,r2
250148,11838,-10.643704566245304,52.89804396582157,r2
250164,11839,-5.407301707107315,56.59810896388489,r2
250180,11840,-3.3141346312579145,48.309305629226,r2
250196,11841,-10.465999623731022,54.67890383971351,r2
250218,11842,-1.708940749307402,66.7471050698224,r2
250232,11843,-13.360534097473419,54.54934462160332,r2
250251,11844,-9.184902272322972,55.73660711922859,r2
250271,11845,-8.968821489815078,48.27719980602339,r2
250291,11846,0.0035300684843022623,63.90635130283228,r2
250305,11847,-7.6454323211197135,62.34460306847156,r2
250321,11848,86.7982582479701,-57.396150033787805,r1
250335,11849,-9.110165546324104,53.99920996023837,r2
250355,11850,6.9684216650369635,45.358800647154915,r2
250368,11851,-17.18226175453135,52.219598146060015,r2
250381,11852,-10.119374426224674,60.56246029495678,r2
250397,11853,69.69398324678211,-51.90155274308341,r1
250413,11854,-0.7993072202778109,54.14768388100357,r2
250426,11855,-4.852523329351534,52.51809390403136,r2
250442,11856,-0.7107150455557729,51.87159107847371,r2
250458,11857,-15.067767962430992,50.88445873998424,r2
250477,11858,41.040980602838395,22.36921139792126,double_ko
250494,11859,57.10628284790576,16.24609102436182,double_ko
250510,11860,-8.372120091048892,49.09881387459982,r2
250520,11861,75.26969256196494,-30.097844963307125,r1
250533,11862,-11.327441555822361,49.55353675625742,r2
250549,11863,-4.374891867037846,53.97789980752047,r2
250564,11864,-13.408811430098204,60.55671653052109,r2
250579,11865,-8.399143458242285,54.19075718071465,r2
250597,11866,-4.982825216757966,55.94250379595502,r2
250614,11867,-4.065680941006008,54.424369447176076,r2
250635,11868,111.71366467674336,-37.817671018143926,r1
250650,11869,-2.991060953363565,50.77712385602777,r2
250666,11870,0.6569369355161214,53.89013570707766,r2
250682,11871,-17.779840237500032,61.146357582366534,r2
250695,11872,-12.620376982017987,53.97669119674719,r2
250707,11873,-9.786894145463457,48.650868910953285,r2
250720,11874,-4.480383317691974,47.41211295337996,r2
250737,11875,1.4242869058538474,54.92831804300779,r2
250750,11876,41.52272386289413,12.523973086405935,double_ko
250765,11877,-5.802754023147841,55.679963785172625,r2
250777,11878,-10.175902322737166,55.74994216061557,r2
250791,11879,-13.358178814255112,52.757770517294084,r2
250806,11880,-8.190414922417176,54.03450629053707,r2
250818,11881,-18.018422002911873,56.00643738044928,r2
250832,11882,-7.824318977634746,55.24946449721119,r2
250844,11883,-27.979328115394285,53.79166591374946,r2
250858,11884,-10.489898997392508,51.76015507208761,r2
250874,11885,-6.87997006554307,48.294065759482315,r2
250887,11886,-7.37489188031482,48.37231421134025,r2
250902,11887,-8.906262744855646,50.18738262088778,r2
250915,11888,-11.953261129031432,55.66356946190881,r2
250933,11889,1.2681769640847875,56.923271788400235,r2
250946,11890,-10.032702421412488,56.98506982840819,r2
250959,11891,-9.029815562009318,55.68084356369257,r2
250972,11892,-10.183021632310371,51.9137597258062,r2
250984,11893,-12.75860130336013,54.456990300297235,r2
250996,11894,-11.085019764046578,49.41324787566319,r2
251010,11895,-13.96140946221442,52.91811567871394,r2
251025,11896,-3.578518124921615,57.26472817646578,r2
251042,11897,-7.4059203126932545,54.44774764918217,r2
251056,11898,82.7939549239544,-35.35388297456468,r1
251069,11899,-8.629591009200446,56.55544722637577,r2
251081,11900,-14.567874142987197,53.50642847964618,r2
251096,11901,-1.9609192629434915,51.30775829411154,r2
251107,11902,-47.441309572701485,52.65502701596333,r2
251119,11903,-7.810192391022262,55.91130493883597,r2
251131,11904,-12.767129650949805,51.456141503061005,r2
251144,11905,-12.766666892577781,50.54275975489739,r2
251153,11906,68.85646968186768,-54.81436530505988,r1
251170,11907,-10.227445312839706,65.6886181112993,r2
251184,11908,79.06812752174426,-33.71728213117763,r1
251198,11909,-16.11991161990639,54.239360644761625,r2
251210,11910,-9.498007120278643,55.132477241632174,r2
251223,11911,-11.108507531368964,50.19904586116824,r2
251236,11912,-4.079405005759185,50.20984339656673,r2
251248,11913,-11.950892048586454,55.75846810227806,r2
251262,11914,-6.596792797951871,52.7884767994344,r2
251276,11915,-17.771843438395894,55.40580864342028,r2
251288,11916,-11.067097132916608,61.567962236181714,r2
251300,11917,-12.491570263060552,57.39192554063584,r2
251316,11918,3.4540946157615053,55.90893705370377,r2
251329,11919,78.99575519173204,-27.469505312419066,r1
251344,11920,-12.1918939509683,62.74967627448003,r2
251358,11921,84.72286713114096,-28.208249392553427,r1
251370,11922,-19.571309468264026,56.936653455621084,r2
251384,11923,-13.142331378882645,53.77974771425215,r2
251399,11924,-10.476794465679376,56.87579155333948,r2
251413,11925,-10.136974446202096,47.547820145825554,r2
251426,11926,-10.415427833524738,59.94628165916685,r2
251439,11927,-7.303643300316672,51.85958572305838,r2
251452,11928,-5.194121807823834,53.94993449548391,r2
251466,11929,-14.859158182379112,53.7618465107949,r2
251480,11930,-10.653909235038313,49.336769103359806,r2
251494,11931,-15.88459798067628,50.56244066343699,r2
251507,11932,-11.251564551259278,63.07742778767421,r2
251521,11933,-4.4242746809625615,57.019734963014166,r2
251535,11934,-5.016035454144479,55.04836862892545,r2
251550,11935,-4.371718469271109,60.29651381762059,r2
251561,11936,70.95951620326764,-27.431869286714306,r1
251576,11937,-13.887108093265837,55.49914109123971,r2
251589,11938,-12.865385770687794,47.342077536770425,r2
251602,11939,-6.407550159120042,58.2073527709953,r2
251615,11940,-18.69369466473353,60.59237003626974,r2
251630,11941,-0.5268857610169846,53.796097504440226,r2
251642,11942,-12.740244036410488,51.096767228980795,r2
251657,11943,76.15062123191396,-19.696705659997654,r1
251671,11944,-12.998537740817902,55.43943600363233,r2
251684,11945,-8.059604214650932,53.62802401736232,r2
251696,11946,-12.261079695029096,50.59792046451459,r2
251711,11947,-7.470871919074561,55.05307724051105,r2
251722,11948,-10.947672679146102,53.59319108451372,r2
251736,11949,-19.102542588151767,52.378401035457316,r2
251750,11950,-11.488932290956583,49.34575750142066,r2
251762,11951,-13.508781749459146,52.03499021863807,r2
251775,11952,-9.87799493993031,53.01002174055071,r2
251787,11953,80.79219152035272,-38.36093090441673,r1
251801,11954,-11.059280784188111,57.32758238454952,r2
251811,11955,-18.149119240320843,50.737305769926344,r2
251823,11956,-9.303967452321906,48.989683690037346,r2
251837,11957,-4.82790854113167,56.693640157914714,r2
251848,11958,-10.09421614109597,49.105386049667715,r2
251861,11959,-9.729539064340337,50.54075926548871,r2
251874,11960,-7.078425305368903,64.1989955003877,r2
251889,11961,-2.6844618212422446,56.8351921179987,r2
251904,11962,-21.07822195874028,51.311555887442935,r2
251920,11963,-15.450720085853956,45.513618427927014,r2
251932,11964,-9.352480461597445,59.32831731429601,r2
251944,11965,-12.493789411102313,57.117710425144594,r2
251958,11966,-2.717756564020547,56.58703344901433,r2
251971,11967,-6.956666372003966,54.059137814761534,r2
251987,11968,-5.163856914999428,51.464676149840614,r2
251999,11969,-10.445361554294102,50.34466303765572,r2
252015,11970,1.0501390067118592,53.88461849926791,r2
252027,11971,-8.24559596550285,54.1155333631981,r2
252040,11972,-8.280078103348785,63.478299108314815,r2
252053,11973,-13.58548512851766,63.11620994409772,r2
252066,11974,-9.113735765244037,61.96766175063914,r2
252077,11975,-16.02092431705544,57.43651531668931,r2
252092,11976,92.68371474840015,-25.79584116096533,r1
252105,11977,-14.75187885251751,51.2463517962376,r2
252121,11978,-7.346904575775028,59.69106447881719,r2
252133,11979,-15.520444637612947,50.77308179615222,r2
252146,11980,-6.568140242852273,55.82376155650178,r2
252161,11981,-3.954549247760596,49.54314648930676,r2
252174,11982,-11.280162512999468,56.21554900093763,r2
252184,11983,73.93744025883869,-35.20312113384225,r1
252196,11984,-12.194410777354427,53.80229465349093,r2
252208,11985,-14.686968666521391,57.6322931997745,r2
252221,11986,82.28738120242429,-32.407367764557804,r1
252233,11987,-10.137896593052893,53.21315374323068,r2
252246,11988,-7.636968785972591,55.85752568425385,r2
252258,11989,-19.933527556308295,55.953879927745966,r2
252270,11990,-16.597440493477535,54.58453097156559,r2
252283,11991,-10.614294744938164,58.1053387088358,r2
252294,11992,-16.48954993096374,55.02480875271721,r2
252308,11993,-5.544638860971716,58.60342951354536,r2
252320,11994,-14.765128307428263,56.775981650176014,r2
252334,11995,-14.496473315582648,63.44147036149798,r2
252346,11996,-11.087712008083223,54.33905936300855,r2
252358,11997,-12.347833799760231,63.471132707202386,r2
252370,11998,-14.589846677473204,57.5542352012172,r2
252381,11999,-14.914358900648416,57.25750746172058,r2
252394,12000,-15.923911743890223,61.76437937619012,r2
252407,12001,-9.33223221451528,55.13022844993262,r2
252419,12002,-11.780969058264212,62.429991317553146,r2
252431,12003,-13.665404323796587,58.79749262234796,r2
252444,12004,-12.496525157660379,54.00473989299805,r2
252455,12005,-15.05793575446463,60.10799459177302,r2
252468,12006,-10.499970538928196,61.56042583866795,r2
252482,12007,-14.786993043342918,57.575897174254415,r2
252492,12008,-18.828301816321666,60.654464344854574,r2
252505,12009,-17.93895988574338,59.14221352869343,r2
252517,12010,84.17253299337054,-34.251552122921225,r1
252528,12011,-14.19407088542265,51.08964831566885,r2
252542,12012,34.88011618610176,23.0094819374128,double_ko
252554,12013,-10.874994019921331,55.74320195621275,r2
252567,12014,-4.052184871304071,63.93345646117886,r2
252579,12015,-7.95730381349523,55.33275003349012,r2
252591,12016,-10.53174660352773,63.27557699948439,r2
252604,12017,-10.162814438795337,66.53313362972742,r2
252616,12018,-10.32263203531732,59.67035712435412,r2
252626,12019,-24.109271477982603,56.440770431769145,r2
252637,12020,-10.91533434740267,54.783316876362704,r2
252648,12021,-10.888423439665665,49.38327216794334,r2
252660,12022,-11.655941318244523,59.27583445970227,r2
252671,12023,-10.187688931558988,58.33891473761184,r2
252684,12024,-8.813481603344322,58.8327415422159,r2
252696,12025,-8.737081972808944,60.85255512061815,r2
252709,12026,-11.257848589984562,55.81457236819569,r2
252720,12027,-14.059443744425124,58.28384290590525,r2
252732,12028,-12.998894632010483,57.061972069278426,r2
252744,12029,-7.63011478438041,66.1716833451023,r2
252756,12030,-8.5650702390992,55.88655157587957,r2
252767,12031,-24.0612044043142,51.632316748569615,r2
252780,12032,-15.29704322704363,55.029327007965485,r2
252794,12033,-4.039779360081624,51.06980080584548,r2
252806,12034,-9.06745515166628,54.22242967915372,r2
252818,12035,-8.02042651459034,60.74751960373528,r2
252830,12036,-13.405746328484007,58.54723939203267,r2
252842,12037,-14.412870003111266,58.614455097048705,r2
252855,12038,-14.223440747445494,54.09269064695158,r2
252867,12039,-12.948277888661892,54.180883669939085,r2
252881,12040,-5.348319975784825,56.077293286434845,r2
252892,12041,-11.96261491167288,49.39639160889156,r2
252903,12042,-9.977102603840642,55.01538109516135,r2
252916,12043,87.3216519339924,-32.32688726082996,r1
252928,12044,-12.329093817032529,56.01886459446939,r2
252939,12045,-16.065224250890335,55.61925944557382,r2
252950,12046,-11.217848307996825,51.752965913800466,r2
252963,12047,-13.219371637199053,57.900400283218076,r2
252975,12048,-7.4736734207190665,47.82293375540596,r2
252987,12049,-45.48302747855493,58.41839641245795,r2
252998,12050,-12.239248688326438,58.4407924046844,r2
253010,12051,-8.205543491854826,59.45548792926775,r2
253023,12052,-11.34907799047783,56.00106324111253,r2
253035,12053,-13.512196571505832,54.82189955536607,r2
253046,12054,-13.400406869378301,49.40866802659018,r2
253058,12055,-9.248433577827988,59.00292326300637,r2
253070,12056,-10.41675781277462,50.013716891951006,r2
253082,12057,79.03712828173789,-31.743718090500565,r1
253093,12058,-13.070586185229686,55.384086339291635,r2
253104,12059,-16.34279724565048,54.14134935984409,r2
253117,12060,-4.386650512661852,59.31795818308554,r2
253129,12061,37.45965743534828,18.71122331133627,double_ko
253143,12062,-10.423223054421229,56.700364675705266,r2
253154,12063,82.21726719988276,-34.388863777569554,r1
253167,12064,-7.790533353808556,54.13826837166347,r2
253179,12065,-6.628515276924929,48.779018920645946,r2
253191,12066,-13.340138343486185,57.558445889278254,r2
253203,12067,-14.577568026911539,54.696805803944,r2
253215,12068,-13.990583353424348,56.47770203384575,r2
253226,12069,79.256804843749,-32.071984744732305,r1
253237,12070,-10.209332744132041,55.65725768637972,r2
253248,12071,-13.795341207663107,56.81475000231584,r2
253260,12072,-11.661329923904994,59.548633893449946,r2
253272,12073,32.87490204773114,17.879931884889693,double_ko
253284,12074,-13.685177724103248,51.44942632364375,r2
253296,12075,-10.825232916209679,53.81175222915621,r2
253308,12076,-11.315601583920497,53.16543372181237,r2
253321,12077,-3.1080485761820142,50.37043765129158,r2
253334,12078,-11.52667228050634,53.07676616852169,r2
253346,12079,-9.964646480646294,53.465425236095776,r2
253360,12080,-5.125186734217024,54.80141996789062,r2
253372,12081,-16.803970039159395,51.34757614226743,r2
253385,12082,-6.108263129665374,58.31136021103734,r2
253397,12083,-16.449723396235456,58.389497806480676,r2
253409,12084,-10.52400419235314,52.38293709725816,r2
253421,12085,-15.068434693922207,53.57146487513715,r2
253432,12086,-14.7657129204851,53.93344203957604,r2
253444,12087,-13.183819385227395,56.04488621186102,r2
253458,12088,-10.068545682294676,55.98473730640548,r2
253471,12089,-11.276121222177395,50.244263314512736,r2
253482,12090,-17.88736307545893,58.43545075724973,r2
253496,12091,-10.158775047372437,62.03673357000028,r2
253508,12092,-5.497176721036617,53.89248530844281,r2
253520,12093,-8.215238135295891,63.02006984939031,r2
253533,12094,-10.995037541474133,56.77034404308346,r2
253544,12095,-11.188926346687936,62.13695366567177,r2
253555,12096,-18.22883414831177,52.64125934802559,r2
253569,12097,-10.203775344159759,49.78264798156059,r2
253581,12098,-9.001920634405145,58.03853934236122,r2
253593,12099,-8.418055557422512,49.212158382483516,r2
253605,12100,-17.71559814999508,62.39302194617037,r2
253616,12101,-18.35502483494225,55.08927995901135,r2
253628,12102,-27.49860958771592,52.66266860888985,r2
253641,12103,-7.062305412921418,54.41087278313319,r2
253653,12104,-11.763155407114688,45.45334600352936,r2
253666,12105,-5.752505149444659,52.78479327632803,r2
253679,12106,-5.93312171142275,51.264684152556455,r2
253692,12107,-8.46811200626064,56.94734397250247,r2
253704,12108,-11.920283465949609,54.00340113657074,r2
253716,12109,-10.080830478273526,48.60614806901816,r2
253730,12110,-8.970822633019424,55.1909090788067,r2
253744,12111,-5.447349111195486,57.32247571967518,r2
253757,12112,-14.902276332815084,53.228085247396486,r2
253771,12113,-5.661002418200503,53.705792268981455,r2
253785,12114,-8.974949664117005,56.27094131327363,r2
253795,12115,-20.267636030874172,51.77544127753965,r2
253809,12116,-3.2760260643446273,57.843554357809765,r2
253822,12117,-11.684011734153003,52.9433451240478,r2
253834,12118,-9.090363907020702,50.72224255555005,r2
253847,12119,-8.861210736918238,64.61058029071027,r2
253861,12120,-6.177547292784148,51.41188543137455,r2
253872,12121,76.09265072355876,-29.968527685817357,r1
253885,12122,-8.695704038065514,55.30462116894884,r2
253898,12123,-9.893165090254548,59.466857910355216,r2
253912,12124,-10.399440517504658,50.952354576967934,r2
253925,12125,-12.467230974677673,46.932497281724004,r2
253938,12126,-15.275119746046336,61.14990647875863,r2
253950,12127,-18.701457509005248,50.22121778020465,r2
253963,12128,-7.885395426291609,57.45967190438466,r2
253976,12129,-4.711407049945095,55.28422835348227,r2
253989,12130,-14.740527130229658,51.8821873046786,r2
254001,12131,-10.334039368194233,50.462213156696116,r2
254013,12132,-7.650693069366305,53.74857560384653,r2
254025,12133,-9.1239506924477,48.94563102907163,r2
254039,12134,-10.35718765166608,56.508007226609834,r2
254052,12135,-5.891434925249875,50.66603471347135,r2
254067,12136,-7.490848005434259,59.85319758079679,r2
254079,12137,-19.703232556317218,54.65450222122277,r2
254093,12138,-5.787873554518789,59.251932684126515,r2
254107,12139,-9.3665332666896,61.28338044159138,r2
254120,12140,-9.84121057210524,59.034164193847026,r2
254131,12141,-10.42670276284511,51.754123590180896,r2
254143,12142,-16.110830310922502,53.12269318996665,r2
254155,12143,-9.52456466182938,57.063025177617256,r2
254168,12144,-12.081557169277161,49.029502774818376,r2
254183,12145,43.255604247868305,8.203593226722019,double_ko
254195,12146,-8.993202196817364,50.50372776050405,r2
254207,12147,-8.961069678198726,43.75977396057625,r2
254221,12148,-8.131411410750303,55.201184231631736,r2
254233,12149,29.86056437987811,22.567591490349283,double_ko
254245,12150,-9.236495627558597,62.620921356898705,r2
254258,12151,-18.213495233538644,57.329189327012486,r2
254272,12152,-7.331832381841309,54.35097385043631,r2
254286,12153,-15.079331047089664,55.9075651426214,r2
254299,12154,40.867895971824716,16.14424742750829,double_ko
254312,12155,-9.787031076828683,54.8693457740074,r2
254326,12156,-5.291174801949872,59.700104035276524,r2
254338,12157,-14.962030934674718,48.75634935365489,r2
254350,12158,-18.43445156798445,50.59069899794942,r2
254364,12159,-8.612493736518765,54.771081234211174,r2
254377,12160,-3.7607063777013963,50.86965472034499,r2
254392,12161,-6.455525312135009,48.72282724606387,r2
254405,12162,-11.972101464844584,51.07823381650247,r2
254417,12163,-8.919228843061575,50.94206100592624,r2
254431,12164,-3.631392923496712,53.84151385851408,r2
254447,12165,89.70049086271445,-46.03395135013936,r1
254461,12166,-9.41850632927467,55.17991527314701,r2
254476,12167,43.81332437533758,2.858643643413777,double_ko
254489,12168,-18.83680258912948,49.60174449925528,r2
254501,12169,-11.19936113297036,54.61976116992803,r2
254513,12170,-8.596620692228939,51.380205591596116,r2
254527,12171,-6.45083796685708,50.269071715568984,r2
254539,12172,-7.22146138298487,52.740140163788105,r2
254552,12173,-15.046084176924015,56.12243340862728,r2
254564,12174,-10.995360087182448,53.21272348572133,r2
254577,12175,-11.983797856935034,50.218727053111124,r2
254589,12176,-12.397490336728268,51.735023258774376,r2
254603,12177,-12.656966474366186,57.36265794465512,r2
254617,12178,-3.7621712084647854,54.175007946898546,r2
254630,12179,-7.681606120804659,56.72398032273585,r2
254645,12180,-3.7429012272597078,53.277982898983154,r2
254658,12181,-11.94221841174275,58.19474084226408,r2
254673,12182,-6.8077032575520775,59.214933564916095,r2
254686,12183,-14.2031492194089,55.76528598381413,r2
254699,12184,-26.00815619803951,56.707488214684545,r2
254713,12185,-12.442103838957102,57.213983160982885,r2
254727,12186,-18.922020299163567,56.195724734151376,r2
254739,12187,-10.714495327405118,52.59100987495271,r2
254752,12188,89.80404059916953,-31.791060918224808,r1
254765,12189,-11.891285166357136,62.96360348463439,r2
254778,12190,86.81671192052247,-29.713773718040162,r1
254791,12191,38.35552197878213,19.90003021884033,double_ko
254808,12192,46.65456848301861,9.327068804985604,double_ko
254822,12193,80.29117000287143,-28.254668381292234,r1
254837,12194,89.63660995605996,-30.122446286522656,r1
254850,12195,-16.227081277645993,66.47864767245949,r2
254864,12196,-18.19188984422334,53.41053718245506,r2
254878,12197,-4.2351397973926765,56.57901853021929,r2
254892,12198,-4.174465163419569,53.10118056408908,r2
254905,12199,-9.256400147543332,58.32753576487234,r2
254919,12200,-7.079091077281987,56.97426755009704,r2
254932,12201,-10.077061768062073,52.6498608325861,r2
254945,12202,81.79026073909134,-33.531166421445434,r1
254957,12203,-12.048623031011921,60.247665282577096,r2
254971,12204,-10.33648192584576,54.38762252720584,r2
254984,12205,-13.533176621204866,52.839100285759365,r2
254999,12206,-13.467708251817399,57.276153294322434,r2
255013,12207,-3.7237058277936796,52.112685183861636,r2
255026,12208,-13.55586691006511,60.73352059282404,r2
255040,12209,-10.733477210639975,59.16989939554064,r2
255054,12210,-2.6277022124154925,61.53665185150074,r2
255068,12211,-9.32254059296475,58.02521086113713,r2
255082,12212,-8.573685929616516,56.253383851889176,r2
255096,12213,-15.824965268076905,54.881030924389094,r2
255110,12214,81.35447739342602,-28.497473704205177,r1
255124,12215,89.27112412960179,-31.63756184319497,r1
255137,12216,-8.493366745650356,61.25064691612184,r2
255151,12217,-6.077958102415764,51.52248645252759,r2
255164,12218,-12.817840031904215,57.96447846910234,r2
255177,12219,-9.83625187762295,58.99834260371729,r2
255191,12220,87.67471063101169,-35.371388661146455,r1
255205,12221,-15.162300189813003,61.72837664208934,r2
255220,12222,-7.282234309334328,60.598615835897576,r2
255234,12223,-4.782422101325963,55.676067707732,r2
255248,12224,-5.762724903486955,56.202372908505694,r2
255265,12225,43.52222803700473,8.183221426734036,double_ko
255278,12226,84.02000335947103,-28.782605358796722,r1
255290,12227,-9.634865467582777,51.3709741612311,r2
255303,12228,-11.239661388639036,62.514399183513106,r2
255316,12229,-5.877138404642693,65.50248267294269,r2
255329,12230,83.19809832331585,-31.387781926929364,r1
255344,12231,-2.313904665376704,54.41011300379347,r2
255359,12232,0.3685276155272277,64.31120746501914,r2
255377,12233,48.24152274102308,4.060869604214135,double_ko
255393,12234,39.84861370391646,11.452045977998353,double_ko
255405,12235,-11.326395941778522,58.05603090743862,r2
255419,12236,-7.683628032377875,57.02017308811776,r2
255431,12237,-15.021637305499418,66.49017506750721,r2
255445,12238,42.27571322212803,22.347807231778937,double_ko
255459,12239,-12.519816707618432,60.57049932516041,r2
255472,12240,-7.447623334181813,57.830153091041666,r2
255489,12241,95.52371210454004,-43.830264437563805,r1
255501,12242,86.9126773022431,-32.36883082699066,r1
255513,12243,81.05432846984266,-35.5921111088951,r1
255525,12244,-12.975454217602092,56.97807690575973,r2
255539,12245,-9.678176818375611,61.31621301517012,r2
255551,12246,-12.558026575806906,55.82688986977756,r2
255566,12247,0.6036015188128587,54.239762082545674,r2
255579,12248,-15.477699401538604,52.93165496509584,r2
255592,12249,-7.302965189516684,59.843294501943156,r2
255605,12250,93.04244969896013,-35.58838401931084,r1
255617,12251,-6.846996208085187,55.70158615851698,r2
255632,12252,-13.046312304696627,58.77256242863376,r2
255647,12253,34.896028142689325,3.9516457219262042,double_ko
255660,12254,-13.44772877908732,57.62552677221407,r2
255674,12255,-6.423960483619879,55.35472891221824,r2
255688,12256,-14.934536079680797,59.226187764409644,r2
255700,12257,-13.590327251568468,56.46347146251387,r2
255715,12258,48.248285231496645,8.919706292252101,double_ko
255728,12259,-7.925575743745675,63.67743975085247,r2
255741,12260,-9.920729354066665,55.68226156604473,r2
255752,12261,-34.94503767987545,60.73725686296726,r2
255766,12262,-19.586897819525383,54.884634185644984,r2
255780,12263,-3.717123834822189,57.08671486587758,r2
255795,12264,-9.12435251971516,60.81525547502305,r2
255808,12265,-8.37931326086327,50.41410965146139,r2
255822,12266,-5.904250152294786,54.35128405174692,r2
255836,12267,-15.914240630988136,62.20666701185418,r2
255850,12268,-27.749663529644263,55.04177229159677,r2
255863,12269,-11.544264609075206,56.966757334298464,r2
255877,12270,-8.081182937497935,51.49035488274669,r2
255890,12271,-10.41015290775507,59.064037820379475,r2
255904,12272,-14.752998065249606,55.1677722960726,r2
255921,12273,90.2784989270351,-45.193197484679445,r1
255936,12274,-1.0967468882329854,60.03419723995391,r2
255954,12275,-4.7080909515963185,56.1476869035312,r2
255967,12276,85.09330346631461,-36.25368127076149,r1
255980,12277,-8.90182138107474,55.99048375405337,r2
255995,12278,-10.057662092878012,56.80043404963311,r2
256008,12279,-9.213672785934548,57.24309600565742,r2
256022,12280,-10.521588774383567,52.71749409291845,r2
256035,12281,-13.049875780914107,53.875564841178374,r2
256048,12282,-12.371704406252448,52.90147502084301,r2
256055,12283,62.89038639623189,-55.534874297388505,r1
256068,12284,39.877764901180655,10.140865082674033,double_ko
256081,12285,-17.156578529835155,53.227725172207,r2
256096,12286,-13.39161259239188,57.30506577404604,r2
256110,12287,-7.826425125126974,57.450785325540956,r2
256127,12288,-4.12477469507423,55.44809253583392,r2
256140,12289,-10.369641735969111,51.17532018849862,r2
256152,12290,66.06392281721398,-40.89038432812448,r1
256168,12291,-36.23528060697216,57.84733072165297,r2
256183,12292,-12.778231779617997,54.05464428491051,r2
256199,12293,93.99547320373989,-44.1527037180894,r1
256214,12294,-17.06854643246323,49.907277200426556,r2
256227,12295,-10.120049853705012,59.63692307606402,r2
256242,12296,-2.3665476592022543,51.63165085226581,r2
256254,12297,-17.27921100293124,56.502938965954755,r2
256271,12298,46.19169270896961,6.576773791120479,double_ko
256285,12299,-11.03550497692651,59.062673302258275,r2
256299,12300,-11.25067378056196,52.31040121049794,r2
256311,12301,85.86900660100422,-35.06669686565968,r1
256324,12302,-8.332254169826186,56.30749547786603,r2
256340,12303,37.13486320366729,4.471791318479269,double_ko
256354,12304,-7.864053700065831,61.67541913867399,r2
256369,12305,36.86507011495805,0.9807723014738503,double_ko
256384,12306,-2.3205301133729463,54.43210054655907,r2
256399,12307,-22.148443610426213,59.65498486203035,r2
256414,12308,-3.2171501068073525,54.26799025375864,r2
256427,12309,-16.508371182510125,58.38579797010647,r2
256444,12310,91.43269235914761,-50.38337574513439,r1
256456,12311,-24.951555892010706,56.331960959652605,r2
256471,12312,45.71467707265606,13.453955291427663,double_ko
256484,12313,-14.993871852067883,52.75006588293012,r2
256500,12314,-7.0715302223730205,51.19786229495056,r2
256514,12315,-8.066996248005829,60.285802255767464,r2
256529,12316,0.06622078442455859,59.482202085988895,r2
256544,12317,-1.7172142907339278,59.571018316135294,r2
256560,12318,-8.552178936956594,55.936060577202966,r2
256573,12319,-9.053986242582468,58.993495049896836,r2
256585,12320,-10.690264926891409,56.479136955052375,r2
256599,12321,-15.141886550893787,54.47344691173579,r2
256612,12322,-9.422762417877799,56.58798070548569,r2
256625,12323,-10.43198071915073,57.9475801531678,r2
256638,12324,-12.141321710413258,50.28561511351666,r2
256651,12325,-8.966248994961568,56.08801644976348,r2
256664,12326,75.78407077563448,-30.557568222066788,r1
256677,12327,-7.203445306153384,51.73413639312243,r2
256692,12328,94.54154158941516,-41.14637084455552,r1
256707,12329,-9.894166125511411,46.552955196171254,r2
256721,12330,-13.146952156736887,55.32197980933107,r2
256736,12331,-2.226609748717749,60.934551873930666,r2
256750,12332,-2.9982366156718427,55.4729258645221,r2
256761,12333,-22.67513948368633,50.86695479927074,r2
256772,12334,-17.853534787019466,50.8743094754327,r2
256786,12335,-12.57669642244727,68.03328069366528,r2
256800,12336,78.73464367910063,-29.8035309901451,r1
256813,12337,85.46139445603649,-34.94830961679925,r1
256823,12338,-16.57166425317377,54.73942199496636,r2
256839,12339,11.210544217218269,6.201539112247193,double_ko
256853,12340,-12.957671110018723,50.71526591779171,r2
256867,12341,-6.878973892633795,53.463140303613706,r2
256883,12342,50.209308003261974,14.805660064025933,double_ko
256895,12343,78.18404116098257,-39.40267989235028,r1
256907,12344,76.11303795799725,-35.546549627023595,r1
256921,12345,40.03864745226666,10.892378884537905,double_ko
256934,12346,84.2004841175259,-27.97694361254605,r1
256949,12347,-9.282952169813171,55.926196548730495,r2
256964,12348,-6.381198406871391,60.03601204993867,r2
256977,12349,-8.329637628397329,59.64428482097704,r2
256992,12350,0.5096720614586729,51.30610276029893,r2
257005,12351,-4.092191947677286,63.59393482761399,r2
257021,12352,-1.0295150968881899,57.04364336983046,r2
257037,12353,32.889193095870496,8.832587282634263,double_ko
257051,12354,-10.275853038567831,60.25463166452306,r2
257065,12355,-6.730265934047935,51.533122648823465,r2
257078,12356,-29.6737835517283,56.39181621969106,r2
257095,12357,-4.93030214004402,57.60573434741062,r2
257108,12358,-5.928485646196378,61.564375849279884,r2
257124,12359,84.01446586122634,-31.31080855688367,r1
257138,12360,-9.152222784257937,59.18996510139745,r2
257153,12361,-7.621990372882955,51.91784667752764,r2
257168,12362,-7.234204403968114,55.62334170589402,r2
257182,12363,87.01782678352257,-28.860166428018864,r1
257200,12364,1.5368469360888852,54.348451546519875,r2
257215,12365,-5.675798429152287,54.462855546929816,r2
257230,12366,-18.442701781153428,57.341975213483295,r2
257245,12367,-7.911459425426642,53.269891163225964,r2
257261,12368,91.31294621447299,-43.25161664131074,r1
257275,12369,-27.255233444327335,47.89420121778369,r2
257291,12370,79.22670617585696,-46.46859188099102,r1
257302,12371,-17.689121977072894,55.21550165428327,r2
257318,12372,-4.219626443254356,53.351010507323984,r2
257332,12373,-2.9155154428804906,51.95355468630904,r2
257347,12374,-3.175784401765206,53.5938676796687,r2
257362,12375,-5.74054639316568,54.17802410219967,r2
257377,12376,-7.520572488044891,56.75779052174447,r2
257393,12377,-29.04176944856872,63.87374566121012,r2
257408,12378,-6.3793226695694045,49.68398150606749,r2
257425,12379,0.0770206963558806,61.59953158208677,r2
257440,12380,-4.939958630135372,49.51890489088859,r2
257456,12381,-12.09328248663602,55.444023813568315,r2
257471,12382,-7.300892341021367,49.43498104582157,r2
257485,12383,-8.569424297531917,59.03958756768009,r2
257499,12384,-9.420936562382273,54.96408434757654,r2
257516,12385,50.363418168348126,10.628198778649613,double_ko
257531,12386,-6.820880885399454,64.83840849889025,r2
257546,12387,-7.16486851566782,62.025562518947794,r2
257560,12388,-6.792487108115765,52.609971431738884,r2
257574,12389,-10.546059121592712,59.18784722553984,r2
257588,12390,-3.359581311282774,50.335890985522624,r2
257603,12391,-12.709292896221868,54.14157050268887,r2
257617,12392,68.13421412138442,-32.633588814178644,r1
257635,12393,47.01574069638605,15.861545609950298,double_ko
257652,12394,1.3768243206874757,61.94727323949059,r2
257667,12395,-4.769264675036062,57.41948810904254,r2
257681,12396,-5.728625643324996,52.29412834908902,r2
257697,12397,-2.1667584862108598,57.24827355746207,r2
257712,12398,-11.215118234032566,55.926249261883854,r2
257727,12399,-10.66387494440302,57.42856001085901,r2
257741,12400,-5.364194960213119,59.30624292792837,r2
257757,12401,-17.699403097895434,58.49626010989938,r2
257774,12402,-4.598159158726368,55.28699543690773,r2
257787,12403,-14.389697339877902,62.054017381946196,r2
257801,12404,-4.159685924195067,58.63841407935622,r2
257814,12405,-13.246733069485963,61.67390467380892,r2
257829,12406,85.32812654400568,-31.17874065897928,r1
257846,12407,-4.009185551508878,59.16389086488717,r2
257862,12408,90.97664708448129,-44.94575117891384,r1
257876,12409,-6.6186740055430775,52.9624812476122,r2
257892,12410,-8.34390394056561,62.53721497255993,r2
257905,12411,-19.065203282144342,50.64770965396063,r2
257918,12412,30.19330841797244,19.509665203284488,double_ko
257934,12413,-18.13557522842556,60.18415206508562,r2
257950,12414,-10.503853812441236,56.72512897771786,r2
257965,12415,-6.3178601577428495,55.80349568478787,r2
257979,12416,-6.395092711159947,50.147915889000124,r2
257994,12417,-3.7460548053138822,60.29367559891791,r2
258011,12418,-12.548393382453689,50.686526827938145,r2
258026,12419,-5.412397199447398,56.231056144004675,r2
258040,12420,-9.369414170241761,51.75796341111296,r2
258056,12421,0.22659643198458213,58.83942559423312,r2
258072,12422,-4.259803257273674,55.76766906064379,r2
258088,12423,73.21977279337355,-46.52392407973303,r1
258103,12424,36.89023065993294,11.978030408404587,double_ko
258118,12425,-6.264952427340809,54.6150187401368,r2
258135,12426,-1.622041683682312,57.74238160300078,r2
258152,12427,-9.199637098044612,60.74539775562626,r2
258167,12428,-6.5856941503690365,57.33403483005224,r2
258183,12429,-7.574843694257936,56.313417330597204,r2
258198,12430,-8.849701322726325,52.55280022562353,r2
258213,12431,-3.334408209026769,54.12589753175039,r2
258227,12432,-8.206664669022025,58.459800935918224,r2
258243,12433,44.87125242125367,16.836860852374574,double_ko
258257,12434,-12.787677832506176,52.09123118954491,r2
258272,12435,-4.302804507463101,56.14387980177648,r2
258288,12436,-2.3147013152530107,56.09523376645364,r2
258303,12437,-10.430177879961526,64.77687391806866,r2
258317,12438,-4.931725831841845,57.68104092454796,r2
258331,12439,-42.961810177347694,60.25287891208434,r2
258344,12440,-10.844205351258516,56.17071212081371,r2
258360,12441,1.0419140826074411,50.680161406168445,r2
258378,12442,-3.3570296862295166,51.4495172055122,r2
258392,12443,-4.306146704773681,55.68421517675511,r2
258406,12444,-4.143613791464752,55.84352960125242,r2
258421,12445,-5.586117482534185,54.90983437523074,r2
258432,12446,-23.232208634166415,53.46176668066369,r2
258447,12447,-9.210457193323052,56.93122757381189,r2
258461,12448,-10.349139644503033,57.675323648213606,r2
258479,12449,6.960598432516605,59.4941813007703,r2
258493,12450,-7.241464667722703,64.82964628995164,r2
258507,12451,95.09996055206022,-32.04468060243682,r1
258524,12452,-2.245676738297533,64.08221148183529,r2
258537,12453,-9.735595669820107,53.810492858896986,r2
258553,12454,-5.277628651942315,54.40888469125718,r2
258566,12455,84.18971345995377,-33.158938438254324,r1
258580,12456,-5.402752048832376,54.782868785259694,r2
258599,12457,-4.019267720214593,56.90041721602957,r2
258615,12458,0.839976346667811,59.87330790519425,r2
258630,12459,43.29115356264754,14.812703661726982,double_ko
258646,12460,-0.6299071165648655,56.274360714993094,r2
258660,12461,-19.53452310145114,53.861863677049996,r2
258677,12462,-1.784208735237499,55.106058129261726,r2
258693,12463,-3.430339641670905,60.70230367924127,r2
258708,12464,90.18881661688168,-33.007831509620054,r1
258724,12465,3.610741515648506,58.96107204218743,r2
258741,12466,1.5577990641836195,54.4420792256595,r2
258755,12467,-40.96904937517454,65.82225093874044,r2
258771,12468,-4.893540337922779,57.295167795571146,r2
258784,12469,81.4476898052928,-35.41763777408451,r1
258799,12470,-7.492691973634145,50.56893200954379,r2
258817,12471,-10.217289006246027,57.97966059397892,r2
258832,12472,-5.03867797891813,57.33170322814128,r2
258847,12473,-13.369913112674027,55.2724127360437,r2
258863,12474,-7.000387245269579,51.56850560229458,r2
258881,12475,-16.822078464123056,59.07503603965786,r2
258898,12476,-3.014522405130826,60.42754384717337,r2
258916,12477,87.961670542301,-45.01578166574905,r1
258928,12478,-30.064074657169407,51.70105949808076,r2
258943,12479,-5.766896384576519,52.14757924962012,r2
258957,12480,80.4050328728804,-32.34401669325165,r1
258972,12481,39.8870332791207,21.328922505906608,double_ko
258988,12482,-8.1323994517711,63.80511137266553,r2
259000,12483,76.02075540405157,-34.33436002115729,r1
259015,12484,-3.345550644026204,47.141824972326276,r2
259032,12485,-6.019172620441985,58.1186555131286,r2
259050,12486,2.562290355837284,54.195507892271884,r2
259070,12487,43.906260088246796,14.308120106283297,double_ko
259086,12488,-8.537620430558832,55.82383475156706,r2
259102,12489,-3.5955076491631814,52.50179854684758,r2
259117,12490,-9.841910926440328,51.19861763292222,r2
259133,12491,-3.9209606367914773,57.596773961168786,r2
259149,12492,-5.096192897644308,57.405246949477146,r2
259170,12493,7.165765585816345,60.80840525378688,r2
259188,12494,-1.31194869568656,60.172839197173936,r2
259203,12495,-13.758612502119206,57.597497505839215,r2
259218,12496,-6.997007366957561,51.74832207699603,r2
259240,12497,-3.313800667144122,56.16327271039488,r2
259259,12498,2.6021017166107043,57.672895670485225,r2
259277,12499,-2.854386910359274,57.490292530419815,r2
259290,12500,-11.216825878199906,54.018084328521525,r2
259308,12501,80.26845950836726,-33.70110872407369,r1
259324,12502,-0.6338387292785299,50.34020194001053,r2
259341,12503,-0.8097162234751849,51.18509953685539,r2
259355,12504,-5.729177049182397,51.94114525632126,r2
259372,12505,91.47008518263166,-36.122709595987956,r1
259388,12506,-13.98846770944781,57.5065998822918,r2
259404,12507,87.06307516111193,-27.51106379094153,r1
259421,12508,-5.030519109728701,55.61131649790598,r2
259440,12509,-0.6924527257292397,60.15465436658775,r2
259456,12510,-10.976026802928182,55.24568713413295,r2
259478,12511,1.6174988984868932,57.30173760886601,r2
259493,12512,-12.749006221467809,53.91587314817775,r2
259507,12513,-4.583847164241227,52.95492429978468,r2
259523,12514,-7.8923535858744955,56.850645019901265,r2
259537,12515,-11.491549729541802,52.88769504885681,r2
259555,12516,-3.0841045831696974,57.71045290422798,r2
259573,12517,-8.141515702310535,54.66472228783913,r2
259607,12518,13.387565131579287,67.55378485694213,r2
259625,12519,-3.210309526206899,62.938895095550585,r2
259641,12520,-8.11430294819479,67.23550890061466,r2
259663,12521,-15.264960297976351,56.70124147305969,r2
259685,12522,5.480280901706088,57.295670821748544,r2
259709,12523,7.771468865985284,61.60853992280281,r2
259729,12524,-7.630418841207039,58.48978533545568,r2
259754,12525,2.862863838243939,67.2287998739218,r2
259775,12526,1.5417791723646914,51.802622357140436,r2
259796,12527,1.6819448357871423,64.23355867403114,r2
259825,12528,71.05624460886676,6.169508371901836,double_ko
259849,12529,5.291545324195425,58.3656109545759,r2
259869,12530,-7.991549326291384,50.05765802895858,r2
259889,12531,-0.28378156656719966,57.10485261171637,r2
259913,12532,7.641574665268358,59.54577547834347,r2
259935,12533,9.07125811390091,58.04917395066244,r2
259964,12534,9.713860353198804,58.900391392371525,r2
259999,12535,18.766889063969998,60.54270299413651,r2
260022,12536,-16.708568931665276,62.94347009712768,r2
260041,12537,-0.37672702489378906,66.71435591761194,r2
260065,12538,7.104626052284125,58.347986749327404,r2
260087,12539,-3.13567675626242,58.16708064946986,r2
260111,12540,112.84228583993817,-40.97418442107551,r1
260133,12541,-0.12298733256679384,63.30074227266652,r2
260157,12542,8.340494984389402,55.54887822158261,r2
260181,12543,0.286829764617778,53.86459620724722,r2
260201,12544,-1.741887637153468,57.037594955654626,r2
260225,12545,-14.107412068389252,59.794680896466446,r2
260244,12546,-4.6965669771081195,59.19797909341163,r2
260263,12547,-0.44615712740389313,49.805407690695304,r2
260283,12548,-2.7173499645259582,55.40107290559789,r2
260301,12549,-9.862976730333983,52.075975394216776,r2
260316,12550,-9.59985667547842,50.54720375533442,r2
260342,12551,4.276494032703695,53.393743807194994,r2
260359,12552,-11.413752820652498,62.492766182405305,r2
260384,12553,-19.883581152915724,61.26292017091584,r2
260415,12554,18.046827140149645,61.72377549998927,r2
260437,12555,-4.387778357232435,54.04956228006445,r2
260466,12556,7.265702933979227,51.30488438379833,r2
260494,12557,-4.99473346139316,57.16887967916186,r2
260520,12558,5.284820355356111,68.08744885438635,r2
260541,12559,3.816739294457676,55.22042475249326,r2
260560,12560,-5.503354394736796,61.54709993890705,r2
260588,12561,2.16062954105972,55.119951418141014,r2
260609,12562,-3.4922685088284524,54.5606311232157,r2
260635,12563,1.3637679823868325,65.25379825968533,r2
260663,12564,93.15029186617198,-41.99188290138403,r1
260687,12565,-0.5555854718508044,54.221010830469474,r2
260711,12566,3.0310856488704943,56.974668306847235,r2
260731,12567,-13.496837958327333,62.26555808724116,r2
260751,12568,-7.2043325758400485,55.17956562708816,r2
260773,12569,6.333509361378461,59.15492821741837,r2
260791,12570,-3.2882399187618176,65.69132497999087,r2
260809,12571,3.473909368362264,50.70218720253342,r2
260833,12572,4.670500589784382,65.42784891765858,r2
260854,12573,-1.020358777977215,60.35302034627734,r2
260875,12574,-0.11077640513376963,61.542497677487866,r2
260892,12575,2.018344526765354,54.289138525439235,r2
260916,12576,8.096198498684856,63.61142481797987,r2
260936,12577,-0.23221036998324251,55.48249127611244,r2
260958,12578,-15.130335171252554,60.474326209244325,r2
260980,12579,7.1607421029407945,53.56701303571634,r2
260997,12580,-6.418983555136727,55.03974140024282,r2
261016,12581,-1.8723972907209614,54.1113765906843,r2
261035,12582,-14.58917082472854,58.5463078424376,r2
261054,12583,-7.058509716583323,58.268805683876266,r2
261072,12584,-3.8494848345506867,58.654751317031455,r2
261092,12585,-7.853209370445171,54.10214811146319,r2
261112,12586,-9.076642279769025,56.316704204466006,r2
261130,12587,39.15364834814041,1.4134654824579298,double_ko
261152,12588,1.2269160320488837,61.32386918461894,r2
261172,12589,82.47380504267247,-49.194107465945194,r1
261199,12590,-3.46948334578299,56.406758349123734,r2
261224,12591,1.0725590445234445,52.75688993542884,r2
261238,12592,-16.194114650548368,49.981057850700864,r2
261256,12593,-6.83034952286657,52.28967621756133,r2
261277,12594,-4.582633043873635,50.21514733225877,r2
261295,12595,-9.12424597977774,50.2257906908177,r2
261324,12596,1.29537435862958,56.35805719927913,r2
261342,12597,-6.825155066538969,59.719980515518316,r2
261357,12598,-11.651874366709585,52.12189580774782,r2
261381,12599,2.839705319652076,50.61213125149976,r2
261398,12600,-11.841098948852704,49.03697221932307,r2
261415,12601,-6.739136970798221,52.03529897228152,r2
261435,12602,-4.863232107740188,50.92676843077194,r2
261453,12603,-6.410687635699524,55.63824562953322,r2
261472,12604,-6.747307383635615,61.113955331546876,r2
261493,12605,-14.840541963099845,57.18480366268603,r2
261514,12606,-3.86560434120441,53.14363675125186,r2
261542,12607,57.008593179675756,12.125869832183339,double_ko
261558,12608,-10.433801053947661,51.090006466684144,r2
261573,12609,-15.117962151344997,59.26326891960467,r2
261595,12610,1.835038491862683,57.348884477027994,r2
261614,12611,0.5187345714746172,54.13877647537392,r2
261635,12612,1.6155995854762395,42.994480545130735,r2
261654,12613,5.596401274449448,51.15096892208621,r2
261668,12614,-18.08991414761602,44.85019835296806,r2
261681,12615,-11.079954861742962,48.485789549949466,r2
261697,12616,-15.194371404162045,54.05967994845239,r2
261725,12617,-2.0617142100712442,60.138499109648095,r2
261739,12618,-9.706419319070825,52.00102723128572,r2
261755,12619,-46.40850347541927,52.86689029892799,r2
261776,12620,-8.911529194894442,59.79082027919243,r2
261801,12621,10.333495059922015,59.54230158047641,r2
261820,12622,-9.043385680412158,57.05081218468241,r2
261851,12623,85.376571668226,-40.370110938683105,r1
261871,12624,-2.6361584465998433,63.07233457377423,r2
261889,12625,-8.185949613740462,61.03797452002089,r2
261912,12626,-4.348109024488075,49.859325962275754,r2
261930,12627,-4.266299273502099,60.35727517439503,r2
261949,12628,-1.4682071749919672,56.325322075575535,r2
261965,12629,-13.664234184556946,51.18585929832425,r2
261993,12630,14.37673404328774,54.50644495724052,r2
262010,12631,0.7640963413130777,50.77140821273051,r2
262026,12632,-11.880094554366593,52.83846655146907,r2
262047,12633,0.6366854331466314,52.959655820799455,r2
262062,12634,-12.689464563569032,53.92154108917158,r2
262079,12635,-3.331631258926869,61.81019532659505,r2
262096,12636,51.676489894808576,-2.897659150541802,double_ko
262111,12637,-18.847412884642594,57.01879786335933,r2
262130,12638,-6.6324752045976325,56.527340089918894,r2
262149,12639,-10.07890134481358,51.44372200857463,r2
262164,12640,-5.973514909301315,52.962328654064976,r2
262189,12641,81.44598250903272,-47.69793119128613,r1
262203,12642,-12.529948988647291,44.265039416217014,r2
262222,12643,85.88388701919519,-51.72309786524168,r1
262239,12644,-14.466870863240768,52.266589017190974,r2
262258,12645,2.9922263242935045,52.481963067878375,r2
262286,12646,98.55476031537032,-39.51462681558283,r1
262310,12647,76.39478061105393,-47.30479664364894,r1
262337,12648,98.20472647317104,-35.0567314388137,r1
262358,12649,77.01709997930446,-40.68248404259553,r1
262387,12650,3.8541320309467295,58.89653726415901,r2
262403,12651,-6.079447113682896,54.92148199691039,r2
262419,12652,-11.81802119538765,53.33063656953999,r2
262441,12653,75.47794172544191,-40.268776466648134,r1
262462,12654,-3.4574891946238466,60.88344744158546,r2
262483,12655,-13.106211023921325,54.43632577267132,r2
262497,12656,-6.191886502676439,59.55655710068772,r2
262522,12657,-3.8819388094256837,54.92633877820421,r2
262539,12658,-3.345906756391031,48.21396664179079,r2
262557,12659,-7.346422778571714,56.83742491972073,r2
262579,12660,77.44446108429311,-48.98896162489113,r1
262596,12661,-29.851692381184254,53.83276124213554,r2
262613,12662,-15.718264070324253,55.09699991469509,r2
262633,12663,85.25223386117432,-46.68380713494949,r1
262654,12664,86.22611165583766,-45.51125826538678,r1
262671,12665,-10.853033126291258,54.562929957188615,r2
262688,12666,-8.266508187762327,58.448767314816436,r2
262711,12667,70.39385702427164,-46.26394745247039,r1
262724,12668,-10.19213341314908,53.735801669900134,r2
262744,12669,-5.724918038082258,52.45115761861641,r2
262760,12670,-13.702911848245478,52.79869873809013,r2
262780,12671,85.48854715595114,-42.42359173657414,r1
262797,12672,-8.693516987223418,58.663057149025896,r2
262816,12673,-7.5613737085416375,55.32282967257366,r2
262836,12674,85.12347673120314,-36.72260341084139,r1
262857,12675,-7.292425286798334,64.92255259652849,r2
262883,12676,43.209191638456275,12.940728363425979,double_ko
262902,12677,-11.829193037328203,56.99706606257994,r2
262922,12678,79.4641820934493,-44.609326268106585,r1
262945,12679,-6.128227020028945,64.23251399256627,r2
262965,12680,85.85432924709086,-48.27344004909948,r1
262985,12681,73.0474492235602,-45.73354968136516,r1
263003,12682,74.48538630063491,-43.055265216014604,r1
263022,12683,79.27752324242061,-38.51435374331547,r1
263046,12684,-25.94944843087215,56.36294694453245,r2
263064,12685,74.8176137046614,-45.39470992875286,r1
263092,12686,1.7144609702273215,63.90666610600311,r2
263113,12687,-3.1406821974002668,62.26596527490132,r2
263131,12688,81.48360406701207,-47.03290224421881,r1
263150,12689,-13.525806280584852,61.14136144640016,r2
263168,12690,-9.307124107610868,50.41175503940521,r2
263182,12691,66.94297150924247,-30.126153269692892,r1
263200,12692,-18.89338451453189,56.27832054797541,r2
263220,12693,-9.084629679588346,59.221186607659426,r2
263237,12694,-22.849222832474595,58.51802987297357,r2
263258,12695,-6.629880851631285,50.17542685446685,r2
263277,12696,-19.28645104169056,57.382529458419654,r2
263294,12697,-12.416354378339292,55.11583990292668,r2
263312,12698,36.81831376186106,12.075805671791317,double_ko
263340,12699,-26.259543253558842,56.73034849883312,r2
263357,12700,-14.436696930568733,54.75930625367905,r2
263375,12701,-20.56258442682956,55.10669550810051,r2
263399,12702,-8.512932794315539,67.03988850886569,r2
263417,12703,20.366246323955686,5.70068990544611,double_ko
263433,12704,-41.22556036836157,58.930845312280255,r2
263449,12705,-10.62078946001791,57.373508629602966,r2
263467,12706,-34.489518275981865,55.736310225041194,r2
263486,12707,-9.009485948964766,58.207525492282876,r2
263517,12708,-19.966535005020496,71.73155329829467,r2
263542,12709,-6.970754326914488,60.712591316422746,r2
263559,12710,-10.770958649525511,61.56381662425286,r2
263581,12711,39.05227952050282,11.97925921224179,double_ko
263597,12712,-8.009441970276058,51.59519408284536,r2
263620,12713,-4.225052312859539,54.73837522929905,r2
263639,12714,-25.82019726419166,53.99016258161129,r2
263658,12715,-22.481406815524394,52.483044653382706,r2
263679,12716,-16.32050802284152,57.269721259698365,r2
263701,12717,-6.230072308113698,54.3593044366163,r2
263719,12718,-34.78783758480027,58.284151372816666,r2
263738,12719,-21.149811340010945,58.104746730117554,r2
263758,12720,-8.898663521150503,55.806676920251164,r2
263776,12721,-22.824883325722997,54.97215940896208,r2
263797,12722,-18.427830212886825,70.30262588306321,r2
263815,12723,-16.570928474874613,56.29638757389357,r2
263832,12724,-30.873544485336325,52.43635072852545,r2
263848,12725,-36.93530100340776,56.66009005535987,r2
263863,12726,84.3356996076296,-57.01236602431847,r1
263889,12727,-25.899347430730007,63.8369523961251,r2
263906,12728,-33.82023515436803,52.2534204156041,r2
263921,12729,-47.0104310614132,68.91125007243382,r2
263938,12730,-31.64302914195524,64.96742594013959,r2
263958,12731,-23.045778476890842,54.438720344968345,r2
263978,12732,-4.929742889423366,61.216456959723175,r2
264001,12733,-30.417502846865936,71.12525537260196,r2
264018,12734,79.9894048355712,-47.04360617307981,r1
264035,12735,-9.840786273905593,58.735517909279395,r2
264053,12736,-32.54347777081195,51.28127016055704,r2
264068,12737,67.68357271547873,-31.073362942489545,r1
264092,12738,72.93804407061262,-28.74503658130102,r1
264109,12739,-26.2391296815488,57.02012401643869,r2
264127,12740,-36.06440599957645,52.34524914782956,r2
264144,12741,-29.91603900070905,57.26175747001049,r2
264160,12742,-29.928213266865136,58.08872320591359,r2
264179,12743,-1.4555984837706077,53.30949868776369,r2
264195,12744,-18.529947496522563,55.52013265494454,r2
264210,12745,-39.36523965109659,61.388455616676254,r2
264231,12746,-33.00207578109172,52.52219754469447,r2
264248,12747,-32.792937729834065,57.46738875100411,r2
264269,12748,-20.646986395607755,73.91854069634243,r2
264286,12749,-21.41394635127918,53.685407439034385,r2
264308,12750,-30.147300024224755,58.095872143515344,r2
264325,12751,-27.825797416617718,54.692248499450486,r2
264347,12752,97.40196650101129,-44.31679779328128,r1
264366,12753,-32.10034453399187,57.3450681731402,r2
264386,12754,86.45566213748153,-47.39843097865553,r1
264406,12755,97.84969861750068,-41.22242082555974,r1
264427,12756,40.683610544641375,7.283855548958012,double_ko
264448,12757,66.60650735557509,-36.8656694736156,r1
264466,12758,92.21857964836985,-33.34786796161417,r1
264484,12759,68.85969287425634,-44.150854732373915,r1
264510,12760,47.00875326367749,18.245745030926656,double_ko
264528,12761,-9.092408896705848,62.86237121813075,r2
264548,12762,31.99134207681299,13.12358848160217,double_ko
264569,12763,-1.2417770831064843,61.73796350404832,r2
264600,12764,85.843253727945,-32.97697310125927,r1
264617,12765,30.731168117384687,6.735071824965512,double_ko
264654,12766,-0.7818150106366986,72.11825653338515,r2
264663,12767,-45.10520787990132,48.513948684410636,r2
264689,12768,109.9368027310249,-39.891966858068834,r1
264718,12769,-19.672210092711197,61.697421639942874,r2
264738,12770,76.50806360673329,-34.96364024330031,r1
264765,12771,79.09229992981591,-26.380741584604547,r1
264788,12772,45.830609348286885,8.527677361336888,double_ko
264810,12773,47.09234269626251,19.396116872980386,double_ko
264829,12774,91.64179148927514,-43.4318434737759,r1
264852,12775,-5.0644834765174735,64.33594010888969,r2
264875,12776,69.79542148117734,-30.892015928674738,r1
264898,12777,7.777780472005688,60.4026746174935,r2
264928,12778,104.78318736234903,-35.6668612106986,r1
264946,12779,-7.832686491054574,60.58434924847642,r2
264970,12780,98.23587198632919,-44.90046801628715,r1
264995,12781,97.80157953435443,-42.48797408214096,r1
265018,12782,50.503813338154565,20.328837707431628,double_ko
265039,12783,2.2950137360490572,68.21160433335216,r2
265059,12784,-11.594885079428565,61.68232714009049,r2
265079,12785,91.71466623248196,-41.36848133277688,r1
265101,12786,-4.772282892785604,60.59246574551993,r2
265118,12787,-6.852949527341103,66.20930715736677,r2
265134,12788,-20.06300340385929,58.10574281604544,r2
265152,12789,0.1850826476152463,68.62311247744309,r2
265182,12790,15.44013739467907,69.30241647488779,r2
265197,12791,-11.218325810585178,64.43934664303973,r2
265211,12792,-36.44544079854437,57.49064022163095,r2
265233,12793,45.872120063876,17.34670934476944,double_ko
265259,12794,-10.067878011544025,59.71246695484404,r2
265282,12795,-0.15805477931230172,57.83968637914515,r2
265300,12796,-4.640480725179195,60.725698850757595,r2
265327,12797,0.8804590551688349,73.77923245191332,r2
265345,12798,-9.85665172384492,58.78631737331818,r2
265360,12799,-11.434333611607393,66.33471887159682,r2
265377,12800,-22.611306171511806,57.60384317235116,r2
265399,12801,-6.0476323798915885,69.1863893008743,r2
265417,12802,-6.958266884754757,66.41633375689024,r2
265436,12803,-13.68638473444695,66.12144434633383,r2
265458,12804,-2.830793279090649,65.20449361500205,r2
265476,12805,78.39063964226708,-38.03341319619876,r1
265496,12806,0.16015744744139226,55.03828953054906,r2
265512,12807,-2.769143112090916,61.37441386772503,r2
265531,12808,-16.851497662695945,61.15033478944296,r2
265579,12809,123.57456861297409,-39.27060174404797,r1
265600,12810,5.942804159607213,62.35613108422603,r2
265612,12811,-22.838306136799783,56.955559977803226,r2
265633,12812,3.584344382740838,65.58231200619235,r2
265664,12813,47.551302809069796,18.916845646855258,double_ko
265676,12814,-6.283998995077759,65.93210775011417,r2
265689,12815,77.38619286876214,-32.312303997260614,r1
265715,12816,10.69758553217278,61.62973082286584,r2
265739,12817,-17.66867502012443,68.89558572170307,r2
265758,12818,-0.2959533655445057,59.463037749912026,r2
265781,12819,-14.159277535996413,68.16402425006487,r2
265796,12820,81.29665422100048,-9.321978943757784,r1
265819,12821,56.56790542223836,20.58788164188125,double_ko
265840,12822,83.15528600253921,-18.117373214475595,r1
265875,12823,121.7531022367602,-31.545450541138543,r1
265897,12824,93.80227940946347,-37.2389082056178,r1
265919,12825,25.785767272955017,13.032570723948698,double_ko
265943,12826,-10.648997627244732,61.39963020944958,r2
265967,12827,48.6615813252482,23.642228419921928,double_ko
265993,12828,62.279783801617235,15.029179269489402,double_ko
266017,12829,68.65666951771505,-29.72780442331333,r1
266040,12830,85.59751041223306,-37.59263564093071,r1
266058,12831,-4.345101789805774,60.357105580599196,r2
266087,12832,7.00746947593143,66.1822868870373,r2
266115,12833,87.46410909805908,-36.776732266133266,r1
266138,12834,-8.550205278676664,60.54944226550704,r2
266164,12835,55.6844268751301,9.414945764810138,double_ko
266188,12836,49.70022892022498,16.949648049391605,double_ko
266207,12837,90.56156675715039,-38.33169568497604,r1
266225,12838,76.64654438495234,-42.61954370790963,r1
266249,12839,-1.7860569307317107,66.15335232279965,r2
266272,12840,-3.5146609081679827,66.30245979979077,r2
266292,12841,-2.68189839699361,63.911827848879824,r2
266315,12842,6.746322099476664,58.490351214259675,r2
266329,12843,74.52597261273077,-50.56652159048011,r1
266356,12844,6.988529866410154,75.16464425757266,r2
266377,12845,-2.7032920278896952,62.88833639763635,r2
266392,12846,-18.161986576345686,59.469558542303126,r2
266416,12847,83.79462386085893,-28.44403659338826,r1
266441,12848,-0.6305084053537229,65.06636846308703,r2
266460,12849,-16.922439820825907,59.47934842949363,r2
266482,12850,93.45006592448944,-39.396522234559164,r1
266504,12851,76.83013269803237,-32.651636919826274,r1
266520,12852,-4.385785819973151,62.27203745712925,r2
266542,12853,2.23157506335734,68.03919506377495,r2
266566,12854,-4.767996544034055,65.91543728151028,r2
266590,12855,4.257760134356218,56.3219570365276,r2
266608,12856,82.40759661969821,-34.70408938948535,r1
266631,12857,8.95291375055698,67.23161668693018,r2
266653,12858,43.279579947739606,17.281422017945133,double_ko
266676,12859,-6.127904649280175,55.35467375634285,r2
266706,12860,93.22177675432121,-35.375913345484676,r1
266733,12861,106.7650971134482,-42.199665630971445,r1
266755,12862,-7.8224746920738895,68.57340389503557,r2
266777,12863,-1.3180037435603396,69.61089586841189,r2
266797,12864,-12.927725740545739,59.7243223407099,r2
266814,12865,-6.18653661126708,64.23520816264752,r2
266835,12866,-13.9317538762907,66.82890196818961,r2
266857,12867,43.61483275988954,8.913124114901773,double_ko
266878,12868,3.322252475173997,70.1523854203653,r2
266895,12869,86.22853129754792,-26.48591418442804,r1
266915,12870,81.4927133641096,-26.798066578663267,r1
266938,12871,-7.281912129478371,62.079214645209845,r2
266957,12872,79.5547478743235,-40.719298625950536,r1
266978,12873,-9.379396923033646,55.227009171737436,r2
267001,12874,50.46800598873156,10.66691013752497,double_ko
267025,12875,-29.364907414333597,66.4788125209029,r2
267046,12876,-8.171708739516347,59.909971986451005,r2
267069,12877,-9.318797623613861,66.05747261985402,r2
267089,12878,-37.6895192425843,60.88115642170284,r2
267111,12879,92.85485106286376,-30.775746982287693,r1
267122,12880,-47.62608106977728,56.70244345965433,r2
267159,12881,3.0887581269605775,60.37626979087596,r2
267184,12882,13.790867956476127,66.50237917580145,r2
267214,12883,3.782627411007333,67.08957770391912,r2
267235,12884,6.526342076626662,61.2809922843696,r2
267254,12885,-5.5420176303320545,61.11786015386407,r2
267287,12886,93.55537953146023,-30.75252370866188,r1
267314,12887,52.208924336671046,7.400980706215293,double_ko
267343,12888,-2.4025804145871135,63.18483756401581,r2
267374,12889,93.23739297894323,-30.21962730557958,r1
267408,12890,-6.5427420363609485,65.61577989191677,r2
267430,12891,-6.382453264930234,65.31332689200649,r2
267456,12892,-3.1698065296823685,64.95987508369629,r2
267477,12893,-16.77552971587272,59.317702842215084,r2
267502,12894,102.03888474372255,-42.93906522173734,r1
267526,12895,7.943210072553356,73.41420981218805,r2
267549,12896,76.41940267200351,-38.86094118160557,r1
267571,12897,-7.70858440748421,55.93862231079715,r2
267598,12898,94.04569473082606,-20.740828409080116,r1
267625,12899,98.08867415226405,-33.83609022884724,r1
267669,12900,70.86151448062242,23.46527839323267,double_ko
267689,12901,72.18971836885183,-22.69344418659221,r1
267710,12902,-10.434508736323025,66.73366758364622,r2
267730,12903,-10.636680585820358,56.334806053138706,r2
267754,12904,-1.859855981227028,68.30397247016593,r2
267776,12905,-7.118714424219128,61.89892933580619,r2
267796,12906,-3.650088807134807,64.89770412909145,r2
267834,12907,108.1362012359929,-23.649356856658642,r1
267862,12908,96.06659367506208,-19.164513924837443,r1
267890,12909,-25.11033020878481,66.57517742883812,r2
267914,12910,105.543067601711,-35.28055856697888,r1
267948,12911,100.84687132085662,-39.3070852392655,r1
267985,12912,23.113663124561974,81.28769959678883,r2
268010,12913,-2.0385006802723993,59.30503192995032,r2
268043,12914,104.56302842904202,-20.202224577608263,r1
268066,12915,2.0586360268459956,58.26107266161092,r2
268095,12916,106.16743119539431,-45.92307730921078,r1
268133,12917,119.67588966331087,-46.49302905171444,r1
268160,12918,-4.587009650519569,64.35649029940392,r2
268184,12919,91.98084260554961,-20.967869200041235,r1
268211,12920,107.881709598226,-40.76770837311363,r1
268244,12921,102.49099751582983,-35.24529628561166,r1
268270,12922,7.461820568133511,63.90127235197865,r2
268293,12923,8.311288099642105,62.79496906352895,r2
268318,12924,-5.601326267370112,70.87064837210937,r2
268344,12925,108.2954260033868,-39.46243003216172,r1
268376,12926,10.575934197104758,72.05547651496302,r2
268402,12927,10.759804492697022,66.35072006020589,r2
268435,12928,22.991209378588515,57.693462868844605,r2
268462,12929,74.70380507295025,-44.14686094694787,r1
268480,12930,81.68309773529776,-42.91750483627782,r1
268509,12931,4.145417963937653,71.5873138735845,r2
268559,12932,23.532251959949924,73.99044935217555,r2
268591,12933,53.46953823911945,18.08710636529038,double_ko
268623,12934,5.991583154295576,62.56060895816108,r2
268648,12935,81.45354128132573,-54.45972256282976,r1
268710,12936,38.81400863648749,74.37492293819702,r2
268749,12937,118.01905814812264,-16.707346066906954,r1
268774,12938,-4.097709540926623,60.07643350966546,r2
268809,12939,110.89561373910932,-15.321608470991173,r1
268883,12940,31.76417703123051,80.02067402589692,r2
268914,12941,85.35939260270878,-33.629224855226454,r1
268966,12942,116.74220316041072,-35.10423450102105,r1
268991,12943,-30.085636431603138,61.11880863524029,r2
269029,12944,11.179486482049022,66.74822601009674,r2
269075,12945,117.61520349947762,-31.846391473864127,r1
269113,12946,76.12427535754024,17.994251219413925,double_ko
269167,12947,104.93960657094325,-27.23922095778388,r1
269216,12948,154.4732611642112,-40.04674597371418,r1
269280,12949,19.91660939595768,82.83784320672578,r2
269323,12950,30.704359232469564,73.00383421593526,r2
269361,12951,75.45783596063296,13.120470191008542,double_ko
269424,12952,102.94668523281061,-24.71947770403015,r1
269475,12953,90.19197930209471,26.7233029061734,double_ko
269557,12954,127.87281217480921,-12.046940686838326,r1
269613,12955,8.883511993788318,86.58767448900278,r2
269664,12956,-1.88188691565027,83.02405277797725,r2
269699,12957,57.17093138900156,7.80727991820614,double_ko
269752,12958,13.334051547727604,98.36843093700926,r2
269778,12959,11.738460922737282,72.90731733107474,r2
269822,12960,48.01127998938817,26.243568396226383,double_ko
269852,12961,73.48392937745774,19.847865149072316,double_ko
269883,12962,-20.30743982025614,65.62877607435185,r2
269918,12963,14.392536392589236,64.38688254158416,r2
269939,12964,-6.066021762444514,69.72954677666772,r2
269978,12965,0.020104404239930318,62.364134517572694,r2
270003,12966,-6.594906281698933,56.169131073744516,r2
270028,12967,76.93494868158845,-34.036507226887565,r1
270042,12968,72.25959319462407,-18.432569169368556,r1
270088,12969,19.75889625500441,73.72494189333158,r2
270127,12970,115.81451890566953,-35.161649669949405,r1
270160,12971,2.9705646279951736,65.69532205393384,r2
270196,12972,-15.22329507507986,74.44056244131009,r2
270227,12973,17.76866721053232,68.20985127952639,r2
270296,12974,143.86494558033695,-13.36075705393172,r1
270338,12975,-4.953324499094997,70.82930865123937,r2
270387,12976,7.358739258325826,71.71092854253845,r2
270434,12977,28.222602069236927,63.53247684448688,r2
270463,12978,82.48356048014114,-36.27640782045425,r1
270505,12979,15.925018493277989,58.56702001217537,r2
270540,12980,68.98119749689869,17.965672664802224,double_ko
270588,12981,29.691972819046335,68.85135470213874,r2
270598,12982,-13.389768585923008,56.82803506729239,r2
270634,12983,-2.6992528810129173,62.22566202036019,r2
270694,12984,40.48080508529368,74.38951683448491,r2
270729,12985,13.0123093070616,65.37811856994388,r2
270792,12986,6.569527851956728,82.99264170460296,r2
270833,12987,31.5810581658995,71.76432811610792,r2
270865,12988,11.519140269037926,60.86113341620026,r2
270907,12989,34.33368388697837,69.38450978817805,r2
270945,12990,20.750327090430922,66.07637370325322,r2
271020,12991,102.13503294900605,31.70320797181541,double_ko
271050,12992,50.91199879398614,20.67164706635812,double_ko
271104,12993,20.741076426213162,77.71442025230337,r2
271181,12994,127.30291216309271,-17.276116605790655,r1
271224,12995,41.95003623298732,70.80727466112948,r2
271284,12996,126.73794379642065,-38.80485811563638,r1
271318,12997,11.840512742263222,60.30498423139503,r2
271359,12998,34.57355189853948,71.01533510549648,r2
271415,12999,129.72723054996248,-35.581315505278035,r1
271467,13000,28.753591584488852,63.034669146959104,r2
271516,13001,119.16184388412557,-17.74984043453778,r1
271559,13002,23.26829615291421,82.37537657013141,r2
271623,13003,142.4380725714742,-24.245441628702668,r1
271665,13004,31.070398334836895,73.08099214509562,r2
271706,13005,37.0091644351961,63.35903676224022,r2
271755,13006,134.39196778930895,-30.32394771223499,r1
271840,13007,145.00942918673513,-13.997546686443549,r1
271880,13008,135.7792688245763,-26.366119100561246,r1
271932,13009,113.87126895799555,-30.76127500086193,r1
271981,13010,133.36707939207645,-26.48588925786859,r1
272030,13011,33.94168811312946,79.32782492782792,r2
272097,13012,141.25490395010738,-20.89019740918924,r1
272137,13013,88.4747321574974,-27.77656390124494,r1
272178,13014,19.209614224383984,67.3756828482478,r2
272254,13015,59.59536430009999,76.30161833027267,r2
272304,13016,84.01565383736782,24.630660255591604,double_ko
272330,13017,-4.5806334287993025,57.24363016486509,r2
272374,13018,24.589402487141356,76.47076406833897,r2
272414,13019,24.84684817930895,69.1360128661658,r2
272472,13020,55.41169780765845,82.33254264613922,r2
272522,13021,15.42674819175047,66.56104335206872,r2
272569,13022,140.24400298646222,-16.833793849473174,r1
272603,13023,24.42363183509014,65.9246937839952,r2
272642,13024,78.20805243174097,35.27813295898967,double_ko
272694,13025,18.688409799303287,86.10342617793007,r2
272765,13026,141.80109336207397,-22.17943392362466,r1
272817,13027,39.71232915199994,78.03200592867105,r2
272869,13028,146.82598475921566,-34.36631270602735,r1
272905,13029,6.007830351775112,74.64451054656648,r2
272942,13030,14.532290378145902,70.56221835198671,r2
272984,13031,36.26561278643951,30.413246980254378,double_ko
273045,13032,134.37612129463906,-22.799738252403646,r1
273066,13033,82.88340484955376,-36.973379527297624,r1
273107,13034,115.23437362559605,-11.942001943891604,r1
273155,13035,84.22966042719217,23.708080520894303,double_ko
273191,13036,28.81091397876969,64.35803537483358,r2
273239,13037,113.06096907735812,-4.514728949299197,r1
273309,13038,154.7308827674649,-7.209532313296577,r1
273356,13039,83.60218111217472,22.49030152081543,double_ko
273397,13040,114.97598496511131,-15.884249449597686,r1
273430,13041,68.51381580162207,13.44263442079523,double_ko
273475,13042,75.01843558456764,24.59038418363647,double_ko
273542,13043,33.13349921899599,79.97120803080747,r2
273580,13044,136.4876342193605,-21.82771487398532,r1
273618,13045,18.87486390964216,68.15810361163417,r2
273686,13046,161.3157338538125,-28.167788757684107,r1
273732,13047,145.0757986095532,-30.41974914527175,r1
273793,13048,136.8457598388303,-20.904007235065137,r1
273836,13049,134.24098171571612,-29.55554868002722,r1
273896,13050,154.15633180829886,-26.140367826300288,r1
273946,13051,125.15131452285466,0.03657622543683914,r1
273994,13052,4.185371738904621,72.72644237460662,r2
274028,13053,115.8008260073159,-24.52033461386995,r1
274092,13054,168.32093222437788,-34.9171202375655,r1
274150,13055,42.14815423487523,72.8668781426195,r2
274214,13056,175.44433396434601,-36.67429077309091,r1
274270,13057,145.53423293183596,-16.336200064025476,r1
274366,13058,44.58910716880618,88.74694397653118,r2
274434,13059,157.21313074191994,-27.172895526050517,r1
274445,13060,-33.673322103554796,60.18734327203524,r2
274491,13061,24.52105125829255,77.26409714218772,r2
274550,13062,79.56431914775347,37.57039054469389,double_ko
274586,13063,-8.034944412260245,66.24240276588046,r2
274614,13064,13.589361729486832,68.61479730971165,r2
274657,13065,15.921340240678404,81.03545484383659,r2
274682,13066,91.70568140744822,-28.403853067339853,r1
274724,13067,26.312681480249225,73.08147693401659,r2
274752,13068,0.9916562021813249,68.38702151887689,r2
274793,13069,24.275661398820986,67.3573873241524,r2
274833,13070,102.38165877565588,-19.04694736809028,r1
274907,13071,26.736953523562974,91.3509361589469,r2
274940,13072,17.429476962364177,61.78094975313156,r2
274971,13073,-1.361120031353714,66.99878083414728,r2
275002,13074,102.29785424115786,-17.923616838716086,r1
275039,13075,24.071484505444793,64.83014089113775,r2
275088,13076,137.05598401107972,-28.71807212203794,r1
275149,13077,40.43990396930545,93.16111954316854,r2
275184,13078,101.56118187588905,-16.697801976743207,r1
275219,13079,9.014182267553487,73.03995372445675,r2
275241,13080,83.96093307209935,-38.52251586127842,r1
275273,13081,17.698233621694698,72.9268833198318,r2
275319,13082,142.53452444554233,-26.74463748261983,r1
275371,13083,119.18725872290574,-10.177566978084315,r1
275425,13084,20.05904353657113,78.07653316591836,r2
275471,13085,89.86452062635884,18.289214861161984,double_ko
275510,13086,24.99023957439809,63.627952526042435,r2
275542,13087,112.30981200699017,-5.18567538369647,r1
275573,13088,88.2408136133382,-24.88969656841343,r1
275612,13089,19.825585982919158,70.50704337690645,r2
275649,13090,23.905631754018998,66.45781121168481,r2
275670,13091,-8.086834745709474,64.90767651661398,r2
275710,13092,119.36546186491395,-21.38317194848015,r1
275746,13093,20.690336993675096,74.01084026146575,r2
275814,13094,151.66573209407187,-25.77813497832803,r1
275856,13095,120.9510571966164,-9.528629623871865,r1
275904,13096,82.15690094370652,27.513595653073914,double_ko
275950,13097,38.992242981722995,61.43478003535921,r2
275991,13098,24.88512810003924,76.56145892228382,r2
276033,13099,21.970847519537045,68.6349790621909,r2
276063,13100,109.25958556537876,-31.31031345024199,r1
276097,13101,12.227560771487546,73.81316237293348,r2
276147,13102,15.521270651307844,86.77847066727085,r2
276178,13103,104.59023875912644,-39.87552535639414,r1
276204,13104,96.28985576560706,-29.593289120825464,r1
276242,13105,119.54095874095086,-20.586078935794607,r1
