step,episode,reward_r1,reward_r2,falls_r1,falls_r2,hits_r1,hits_r2,winner
145,0,112.97443961269352,63.69597304369925,0,1,0.0024401082515696417,0.0029318091503874005,1
237,1,82.82400603656416,32.44444772557452,0,1,0.0042104064388526945,0.003543057851324945,1
357,2,49.57588582322789,94.96321722847495,1,0,0.0027717384725330957,0.0011527584886503702,2
476,3,50.638662613880825,95.72072733539824,1,0,0.004598576420028322,0.0010862895654968694,2
571,4,30.403236836045963,85.58664813900938,1,0,0.00011652061088221324,0.005448228685443847,2
641,5,67.10755713695566,22.692021283084213,0,1,0.0008233256987031651,0.006776853500421529,1
731,6,34.0101501181243,76.63293811643058,1,0,0.005868979346372343,0.0,2
825,7,85.41560282883607,35.67436260935878,0,1,0.006316902147644348,0.006765211140432556,1
909,8,27.98966896899181,74.37180780744575,1,0,0.0034750147635003712,0.001733282037425152,2
1025,9,94.3628254205283,45.45817107403086,0,1,0.000859850843360967,0.0003973107332863861,1
1126,10,39.3324735844059,83.71097813017076,1,0,0.0035132686632520635,0.0008925862547466747,2
1186,11,12.495198065493142,64.97856108969779,1,0,0.0025344911714585572,0.003868185613409763,2
1261,12,30.427537382141857,70.73754485477536,1,0,0.01485598449710206,0.0030224820900531936,2
1346,13,28.51557431308027,77.37424269859788,1,0,0.004192788029973426,0.0020052791436921714,2
1428,14,91.2051668366349,37.13218879437106,0,1,0.02926048090493649,0.024579093841340625,1
1510,15,27.785466210562465,74.44621233762835,1,0,0.004016119966621479,0.00027760412141369234,2
1588,16,28.035923612889427,77.80513144390208,1,0,0.01028822403406104,0.009694258698574102,2
1638,17,9.782954458502282,58.47454153652673,1,0,0.007309108304618013,0.000737991099859849,2
1711,18,35.07770147421651,86.55716658567202,1,0,0.030221789260795714,0.03483207100861119,2
1774,19,69.05763267789688,18.454534182587366,0,1,0.007539235393761342,0.010235077479338757,1
1872,20,37.798867576692345,94.30211067328742,1,0,0.008035284605497541,0.012167464604329672,2
1904,21,3.229947417556332,57.10357062606778,1,0,0.03721441392307694,0.04054289290766374,2
2000,22,44.61063671889178,96.035597312932,1,0,0.020655181892665346,0.021159637941030568,2
2095,23,88.45923692045872,34.39690309918602,0,1,0.005841234445254891,0.0049076023498115335,1
2168,24,71.71407404881104,25.552556512641345,0,1,0.004467481556968244,0.012351500344236087,1
2220,25,11.480732626308232,60.10077092250632,1,0,0.00924510069292784,0.00543726926095727,2
2280,26,66.21246231869662,13.741838856279148,0,1,0.0030714713555309173,0.0036206842808770134,1
2385,27,45.586680170623836,94.36715310601485,1,0,0.009230559988499636,0.00941294350168317,2
2446,28,15.848236331067703,74.70509326871286,1,0,0.011877709452221118,0.023157557177739804,2
2506,29,63.78065183547486,13.146339333490126,0,1,0.0011346783908413964,0.0019282092795024305,1
2583,30,71.78489503936757,26.594199987100275,0,1,0.0029241831214144166,0.005387796813117776,1
2606,31,4.06244809734525,48.83213926676132,1,0,0.07679841315256061,0.05337011997750384,2
2679,32,22.116714309155764,75.09171562123949,1,0,0.004230451607699041,0.005967251920794503,2
2741,33,18.447916131945025,67.5362946425571,1,0,0.012620478658322817,0.007598524410253864,2
2836,34,87.61157842024092,35.656663997029355,0,1,0.004531620509773437,0.0034854019704846535,1
2857,35,55.08751439835933,-11.621949540628405,0,1,0.06350416281625076,0.011809023734624616,1
2972,36,106.98197650154863,50.42905641221697,0,1,0.0164950799681212,0.011408809572579818,1
3046,37,73.23119615966111,21.957139972972133,0,1,0.006278814027815208,0.00473175503960587,1
3186,38,116.8481928366942,77.81279229184734,0,1,0.011856703254659639,0.018844051170682403,1
3293,39,106.07605758602321,45.03805701668528,0,1,0.019741296213549312,0.01286225925795807,1
3361,40,70.4566901899718,24.41632538965562,0,1,0.007475291751237549,0.01626124940398259,1
3449,41,76.98112441454364,35.562118624874216,0,1,0.002185346965231411,0.008053641123500748,1
3507,42,64.68557963350808,12.309884461978065,0,1,0.0031032791766903815,0.0030110954343674098,1
3596,43,77.41710587394358,37.89920292446392,0,1,0.0019420380614893634,0.009324046808884025,1
3732,44,110.27817226867148,64.50509341233727,0,1,0.006302721081020819,0.008945246653924833,1
3795,45,21.42965703360896,81.02791199014459,1,0,0.026834264650757014,0.03932303718070207,2
3848,46,63.05324052505469,12.871804581912635,0,1,0.008331587295934244,0.012122760221036307,1
3911,47,19.62865440913995,68.20202953338215,1,0,0.012911794917950997,0.006384610927533951,2
3958,48,57.21906272706161,5.413063431089821,0,1,0.001608097819714721,0.001466600165030932,1
4022,49,17.40124958950029,69.96713175261995,1,0,0.007950183467123773,0.002494962731792743,2
4113,50,90.13162727180595,35.44709670421062,0,1,0.012128813669068554,0.009449595999418556,1
4177,51,17.034293013343703,69.53501041274117,1,0,0.003762832238582352,0.003955757629650228,2
4236,52,17.34865886368438,66.9831787269691,1,0,0.013713782524693538,0.009879925222230156,2
4313,53,77.64096413914064,26.29280423579364,0,1,0.007170493033506192,0.006972815081344518,1
4371,54,65.4120394199903,16.801767273471427,0,1,0.006440823693001694,0.010192675668441994,1
4446,55,23.999354789974493,73.36215263400824,1,0,0.004452057083885808,0.0015430683544230372,2
4517,56,20.380045663467367,71.49302976033285,1,0,0.0027714588521204524,0.0005407405741314894,2
4584,57,66.72716518208682,16.7215035431758,0,1,0.001783884286612488,0.0003917238577833323,1
4676,58,32.83271740225324,83.44874524198288,1,0,0.004882581618960944,0.001060958794266271,2
4765,59,79.37666183382237,33.38479160370064,0,1,0.0029631683342911733,0.006465682095286181,1
4883,60,97.62030656839521,51.99053923593634,0,1,0.0059243825394253765,0.008646142353984284,1
4960,61,25.48138216792095,75.57562813690161,1,0,0.00665357084506924,0.0041871818800930365,2
5014,62,65.40508527879867,12.473692106226494,0,1,0.015835946921480572,0.010155611546247613,1
5077,63,65.34165524478993,19.76101239303928,0,1,0.004419252939144755,0.008378178151060884,1
5179,64,38.08010143537766,84.86579955384236,1,0,0.003984408949868677,0.0010489732338634311,2
5245,65,21.285476679919935,67.60821395351499,1,0,0.014594453529722398,0.0030689459328209086,2
5306,66,14.847618890806697,68.26779706453075,1,0,0.010561956617719935,0.01253944197253482,2
5449,67,59.431348340696516,111.87089181565045,1,0,0.001265128958205655,0.001489611316400884,2
5568,68,49.37254448056901,99.63711114462942,1,0,0.004732505674057428,0.003753289513074282,2
5949,69,236.08374111945085,230.47620445437937,1,0,0.019712525147630795,0.005487283044958555,2
5997,70,9.309205922011973,65.36964099133806,1,0,0.012844346370272638,0.022393953676501595,2
6044,71,58.700585745403146,6.095447656034434,0,1,0.005831331304321226,0.005613451454668328,1
6102,72,12.791267508537874,67.1516487189222,1,0,0.0045770941329983115,0.00785605014392747,2
6177,73,76.37847756676179,21.591808700507194,0,1,0.0034953232722683817,0.004870226450937834,1
6205,74,58.0377172048145,-5.782598955860399,0,1,0.06274674267851552,0.018351642781393413,1
6321,75,54.92708913552931,105.3353182553979,1,0,0.015268434805418762,0.012215129211889652,2
6378,76,62.83521655213099,11.695311506492498,0,1,0.002592284959949681,0.0022618366927521006,1
6424,77,59.1526910877103,5.253733429157489,0,1,0.008350367121603005,0.005346184656863741,1
6515,78,35.582981216608175,80.31779802931908,1,0,0.00788371386822094,0.004620776001402539,2
6673,79,119.33905534727381,73.84458541464068,0,1,0.004792235611930313,0.006920995982550368,1
6731,80,20.61462993401659,63.25479432841717,1,0,0.01840797372875006,0.0072269855637176325,2
6831,81,42.394426474573024,86.73276770089822,1,0,0.008599053384769774,0.003692710834169319,2
6881,82,10.021083460619678,74.51322705846059,1,0,0.020817076171344814,0.045286454631527695,2
6972,83,79.12263519253545,31.74539461723801,0,1,6.934358937336794e-05,0.005080757981746387,1
7064,84,85.81748533348599,34.75456558701761,0,1,0.007026053624488897,0.007748034866632975,1
7196,85,105.45793489881555,58.3093357130644,0,1,0.004330191386320505,0.006062228697544832,1
7294,86,86.06298241347612,35.16266900424127,0,1,0.0016175599450328388,0.0038529076908775566,1
7397,87,45.611008092076794,104.46934776419876,1,0,0.015895040700783215,0.021708228000365436,2
7556,88,124.47387580968541,76.03097545170603,0,1,0.008192799665381494,0.009373249522424895,1
7664,89,58.59438449345612,106.58702315916325,1,0,0.026229270892328065,0.023796440264866048,2
7709,90,10.22256285808427,61.723863891613455,1,0,0.0170811836466308,0.014037281572700988,2
7767,91,74.53073334569348,19.38194366564905,0,1,0.03153346586974015,0.022400962004549996,1
7812,92,7.6145144054024065,62.045961854324005,1,0,0.013571241658162316,0.02211861466539592,2
7930,93,53.38186743118843,98.74895055572232,1,0,0.006132417909962375,0.0033831226953981173,2
7996,94,18.91726037503419,71.87109057588962,1,0,0.009151315029528774,0.011112302670087016,2
8064,95,21.888894122386603,77.58562888612616,1,0,0.00954776814873667,0.012900311748222504,2
8140,96,74.09933380032683,21.60922103213841,0,1,0.0010443082685596004,0.0007066944702094691,1
8245,97,94.94562797020552,45.311312432099285,0,1,0.008201999263649232,0.005541832361833491,1
8304,98,24.63785278484635,72.50778543535039,1,0,0.03591682360752274,0.029792620733495652,2
8338,99,-0.8610655571262917,57.65263597175105,1,0,0.013018435925362375,0.026539478706329948,2
8443,100,40.31500736845351,94.35135356617978,1,0,0.007637103298356918,0.00991042152201841,2
8538,101,83.59731952333422,39.010715276765325,0,1,0.0009033420575560533,0.0034495795757827114,1
8637,102,88.1969842595849,39.42541904097814,0,1,0.0043141947042496,0.0038003989481677452,1
8690,103,62.94817405718205,12.360667842969828,0,1,0.008371535934684564,0.00644919721570162,1
8781,104,81.58932014014535,34.82828692507259,0,1,0.0033143493226063655,0.0051515917097090524,1
8853,105,20.40081426965022,75.13959499720715,1,0,0.004666951405498606,0.007595368507164871,2
8948,106,86.0367853964417,40.05113533570228,0,1,0.0054196618546215715,0.008441499998836947,1
9024,107,73.43548632143055,27.665768544221805,0,1,0.0032956248154235633,0.007312797140135258,1
9088,108,67.33139883070456,20.566905587668433,0,1,0.0037796652464437922,0.008658142978103361,1
9179,109,85.38588012687708,35.23701613688159,0,1,0.004558608762214542,0.005749464950543151,1
9271,110,85.29309165590666,35.812805149754894,0,1,0.0038265429796057225,0.004973258965200723,1
9382,111,93.74842380966449,45.895209681243756,0,1,0.0021839254533682247,0.0036485453354900264,1
9467,112,82.37166614936254,29.890131601558743,0,1,0.0046106603161411045,0.004006469837038294,1
9574,113,92.42963211253719,41.90074860069049,0,1,0.003596732168078859,0.0020786061198089347,1
9635,114,65.92309067120514,12.587563202884088,0,1,0.0022133600961795298,0.0017970089437815897,1
9717,115,26.671117519020438,75.25902353143708,1,0,0.004898426173887349,0.00039934649159148293,2
9811,116,87.21837324117605,35.262188281588635,0,1,0.003587007930938478,0.003410835743028062,1
9872,117,17.072549582518032,73.51767158914548,1,0,0.011805817986718384,0.01719187428544027,2
9932,118,19.605579579310515,67.68824618859715,1,0,0.017653993641839942,0.010513855045415426,2
10016,119,79.5409616315205,28.311256701870224,0,1,0.0024879952955727987,0.0019636330980491216,1
10080,120,67.99477930659374,13.824430997880437,0,1,0.0008065516144266482,0.001428449578339225,1
10188,121,89.8949338176067,41.64578662185096,0,1,0.0008179772064612311,0.0008694934541004021,1
10318,122,106.71903128601225,49.38039652854088,0,1,0.0012957495360305016,5.53606365461062e-05,1
10464,123,78.23416609525617,114.50088038182992,1,0,0.01686767477405562,0.007117723690935715,2
10569,124,39.72040486874537,90.61996249534197,1,0,0.002188511178157355,0.0049642189717720026,2
10679,125,89.94702062736641,41.40187302541348,0,1,1.861824629202025e-05,0.001000431703614545,1
10794,126,92.53070701098035,44.3340980168643,0,1,0.00016499812696182237,0.0011568652073201575,1
10903,127,95.47355630226872,41.90481618583327,0,1,0.0037213878690175355,0.0026720102069235033,1
10994,128,33.351919537011455,78.78829461742127,1,0,0.004757580078662947,0.003835321554817448,2
11123,129,104.63849703524895,54.35414247994702,0,1,0.0016076520669094242,0.0008641863118443584,1
11232,130,48.47877802440907,93.45734369139254,1,0,0.009260715621357777,0.003288678117435217,2
11362,131,56.877737538590154,106.18392165684836,1,0,0.005899084091692374,0.004075522243877294,2
11442,132,23.570927068636,78.45725442527649,1,0,0.0007074991721287347,0.0039740433823000024,2
11916,133,383.9427368352256,222.40577492801486,0,1,0.028630973518989793,0.0073015856125253405,1
11983,134,17.704430024367035,71.37058006246326,1,0,0.0032418545958214974,0.0013668309310651099,2
12080,135,34.42374317059636,89.12290242661291,1,0,0.0038293799574252766,0.006064936462740251,2
12163,136,30.227801523198746,85.83222498433082,1,0,0.011836584188904709,0.009335621985358132,2
12242,137,93.0185372086299,35.30999463257858,0,1,0.039590329833239214,0.029800412184223215,1
12345,138,90.05656401439356,43.05870780196298,0,1,0.0035363466311272474,0.004611432496919582,1
12393,139,59.91468021114659,12.69062141640509,0,1,0.013897961146559924,0.023281055679732116,1
12503,140,96.19646662311115,43.867733124599205,0,1,0.0073235919777641925,0.003484168988674762,1
12579,141,74.68533101218675,25.385215937698295,0,1,0.004922136871436289,0.008299000103272017,1
12660,142,75.64798288631512,27.332871037854023,0,1,0.0011952955945529243,0.0021869217634942085,1
12743,143,76.79286319196771,32.11534228315301,0,1,0.004027788617210821,0.006282862097953546,1
12806,144,27.94035034413457,65.29132940333126,1,0,0.028134534069025392,0.0009241572340562606,2
12894,145,82.27237713603218,33.46704035857533,0,1,0.005857220967176471,0.004907682152721957,1
12985,146,35.04963429466797,94.66538009817037,1,0,0.012993826008076774,0.017789996103773572,2
13094,147,92.84702290645089,51.51746170148463,0,1,0.005361389666840991,0.01038818551065581,1
13185,148,78.61758457902235,35.91818995223825,0,1,0.00026835856771452503,0.004471237456024937,1
13310,149,98.95296318674643,52.7648259410541,0,1,0.00036748078353119934,0.0011486070762423452,1
13407,150,82.9456220092903,36.251405025184795,0,1,0.00013700673544789294,0.0010089685000310902,1
13533,151,97.92717428516842,54.65708036517847,0,1,0.0010664282628490961,0.002435363517707797,1
13909,152,187.03593664113774,240.44875456216715,1,0,0.005229393224921034,0.0056488238508339735,2
14060,153,112.88872460719358,66.40272626043787,0,1,0.0011468449862772582,0.001549299269364514,1
14199,154,106.55621886510148,58.33664368648942,0,1,0.0009972042324916765,0.0004008418836222804,1
14312,155,93.65509347439604,43.225003151860655,0,1,0.001095762854883162,0.00025213335229734216,1
14425,156,92.95629283702165,42.9738305728936,0,1,0.0004557332595807543,0.0023875839846548013,1
14548,157,97.76921780584277,46.46335232114564,0,1,0.0,0.0,1
14641,158,80.87455350611563,33.02518273041571,0,1,0.0011237147144310617,0.002695146172294521,1
14754,159,92.13874779278028,40.84785962014478,0,1,0.0001455585677346196,0.000456347751536084,1
14869,160,93.68506655794287,41.9036356545851,0,1,0.0,0.0,1
14982,161,94.75400759270156,40.629186224849704,0,1,0.0005769893241315649,1.976226547079118e-05,1
15091,162,91.43493563866092,39.23983978814709,0,1,0.0,0.0,1
15214,163,98.99068571252117,46.537889952981715,0,1,6.837707644520042e-05,0.00010918332930387151,1
15325,164,94.12768347273877,41.194370878727455,0,1,0.0,2.8132080789221854e-05,1
15434,165,91.29642047351587,39.01479595172529,0,1,0.0,0.0,1
15545,166,95.73007072901797,41.91874120765347,0,1,0.0005407799549696694,0.0002153401647397658,1
15649,167,90.00544059357138,40.36628859527735,0,1,0.0,0.003134666398382733,1
15772,168,100.17849257845957,47.62439936480752,0,1,0.00031078875359756987,0.0006018042173850378,1
15894,169,96.55260739376487,49.5036063383347,0,1,0.00019046071929173608,0.0006584851807010885,1
16024,170,110.91647587474898,59.12517119137628,0,1,0.005545456059277561,0.008418422854603405,1
16230,171,165.11810816658158,115.84228718029722,0,1,0.017648494274804354,0.01796928764174739,1
16314,172,82.56764743135543,30.758822259484706,0,1,0.005953789586886503,0.0061286718205421364,1
16450,173,110.02911300480282,62.08881856508542,0,1,0.00198144994312678,0.003836357898160921,1
16577,174,109.46222204501986,57.34644263591769,0,1,0.009564660881926347,0.008963900113855084,1
16667,175,80.26079768552756,36.95085155745455,0,1,0.00259511654418572,0.010443550061419393,1
16764,176,27.403052582352608,118.71581061572002,1,0,0.004344170251553448,0.040823491510797845,2
16813,177,59.47868686172211,7.471054858423582,0,1,0.0022028759615140676,0.0013026861470476082,1
16936,178,107.41180974889046,48.7352020200334,0,1,0.005822864499061566,0.0026832483931484886,1
16999,179,68.82497751503325,18.117759566791378,0,1,0.004766022518289813,0.006486199033703523,1
17062,180,22.149705320436702,64.94336912991776,1,0,0.011395473013681994,0.0008410339904069583,2
17174,181,100.28129082938077,44.822832482458935,0,1,0.002545989924658269,0.0011849575703586288,1
17227,182,12.62034376151847,63.216302193508504,1,0,0.011326187933834424,0.007829623657481738,2
17320,183,29.183191490249563,88.24154695083367,1,0,0.003163608965556985,0.007952486954226847,2
17414,184,91.95842731558342,36.02262908924999,0,1,0.008928555133974827,0.006064379899191921,1
17502,185,85.17199613257822,32.309366884681864,0,1,0.0066267784938014605,0.005162210940355865,1
17597,186,94.15961002745185,38.32273424624755,0,1,0.014523740601040159,0.010812109781643939,1
17715,187,100.9843463540321,49.93639564816064,0,1,0.0031499256442665546,0.003270259515082841,1
17844,188,108.76740964192975,60.53317615269289,0,1,0.006433223271769601,0.008819404064982411,1
17922,189,27.125885698319056,84.86269381551176,1,0,0.010714426644904844,0.013393318735280114,2
18015,190,35.78080913147582,86.65068459012691,1,0,0.004009636427912423,0.004364530086172753,2
18105,191,82.49641333922087,35.02602637662711,0,1,0.0014530462064884311,0.004533238335543929,1
18172,192,75.28486730338396,28.30968749885526,0,1,0.009597117818299795,0.019410766286640867,1
18243,193,74.50029111298758,20.562912391068096,0,1,0.0016675274706480162,0.0019085111948710595,1
18327,194,93.29507790634439,30.948717064636732,0,1,0.022049769615259056,0.01433608469501885,1
18430,195,86.78359295139569,40.17670705271536,0,1,0.0011191192315849845,0.002420370790799711,1
18523,196,85.21449710689194,32.78470082637823,0,1,0.0034331240777386537,0.0033186811429866646,1
18612,197,29.11810518833109,87.84562587608168,1,0,0.0039437786678301326,0.009978927762179108,2
18722,198,94.7733378081492,41.33691348550893,0,1,0.0008353350618989409,0.0013442349848152482,1
18850,199,51.13688060167031,100.72880740130981,1,0,0.00040264361476709113,0.0011333298626265795,2
18954,200,39.603659115276386,92.26305705461523,1,0,0.0060200899837117355,0.005664721152990883,2
19046,201,81.26955018228313,30.810490173290905,0,1,5.536248057434403e-05,0.00010440120881508091,1
19222,202,127.06553185153827,91.04855222064704,0,1,0.002589009217814044,0.00987676635046384,1
19286,203,69.52923403577014,16.735957094452683,0,1,0.005084314359972089,0.006910692766989014,1
19393,204,92.91982304711293,39.99608498221572,0,1,0.003472791250868632,0.003220685205773676,1
19633,205,192.296252718289,96.93878451269774,0,1,0.015837901995613392,0.0010585415046184222,1
19733,206,87.64166417561425,43.830866472811344,0,1,0.0015641886057677146,0.006215059417854726,1
19899,207,167.9615359534165,64.10524166687755,0,1,0.033198301491390254,0.005241554474608654,1
19935,208,49.72225749225274,14.642418319806417,0,1,0.017799050101692526,0.05501506084460189,1
20059,209,99.78326518387735,54.263698476567264,0,1,0.00011488305766448437,0.005379963993339268,1
20147,210,18.32364397870842,109.20636298434515,1,0,0.0018258883200788535,0.048302687674566774,2
20257,211,44.16925540987155,85.95677429077799,1,0,0.004458589159564588,0.0010523165241110887,2
20361,212,97.03485278211441,37.93931469686473,0,1,0.0076384845972789035,0.0014787506785315417,1
20509,213,60.49404718305183,63.435842853710305,1,1,0.0011953494627738484,0.0011392553329526052,0
20627,214,100.17041244338299,46.88791158089796,0,1,0.00034265082700958756,0.0007991473872201991,1
20708,215,28.387789601107972,76.90691946655001,1,0,0.0035010782331145233,0.002972277040388615,2
20800,216,81.90852514702787,30.750758007453623,0,1,0.0,0.0,1
20929,217,104.98247747305172,51.710970497309894,0,1,0.0008816627850639285,0.0013058150299314294,1
21032,218,92.0336464022958,39.52905201924798,0,1,0.006630705554261644,0.008666089963813807,1
21122,219,81.83131162057,32.724072863818044,0,1,0.003947166394326126,0.003739835973923423,1
21362,220,165.03822620009095,127.76609129078534,0,1,0.006365325138991966,0.009209337687189076,1
21862,221,272.1983414142021,276.87112361186996,0,0,0.006892379647643322,0.004672716194025662,0
22003,222,56.24014506999545,109.75596307735698,1,0,0.0030509380933040806,0.0020988758312006665,2
22125,223,93.68699147808695,48.49749848089158,0,1,0.00042082085276697273,0.002054139642486018,1
22247,224,93.4998083488106,47.591171463361036,0,1,0.00022504310073600625,0.0022096709103728994,1
22746,225,317.37464769772413,313.45962267111736,1,0,0.02334081110125321,0.0107946298001423,2
22856,226,99.84863172519012,42.928402940199234,0,1,0.007789814232159561,0.003440218448980366,1
22974,227,96.4317750488944,44.156025718100736,0,1,0.0015965967759240445,0.00044071620349205097,1
23100,228,102.39041200857672,51.24529248771147,0,1,0.0028665295590187914,0.0031940770045637877,1
23196,229,82.57823450882705,34.615397308093165,0,1,0.0004635537537122869,0.0012361211698165653,1
23292,230,80.74287528834779,36.55364827522135,0,1,0.000719069146668973,0.006755084321456128,1
23358,231,15.97679270773179,67.13056101412585,1,0,2.771892903409085e-05,0.0021230608003281015,2
23441,232,74.94254753703285,26.53216809511514,0,1,0.00038976402075224526,0.0012080378235751815,1
23527,233,26.947847958526243,78.87307732108322,1,0,0.00035882962415162574,0.0019532007252649228,2
23613,234,27.339137656900167,77.50430181478535,1,0,0.0,0.0025968562171848676,2
23690,235,22.84817755175819,70.8678391482493,1,0,0.0005358865257793894,0.000507702149314668,2
23756,236,15.972278151793173,64.9879637938009,1,0,0.0,0.003793827568136113,2
23849,237,82.21178046811502,27.6924933175593,0,1,0.0,0.00023089870303132947,1
23946,238,33.9056675967751,83.50045896877171,1,0,0.0007763416405857581,0.0016980147959193201,2
24003,239,11.388956433236658,63.12790211491128,1,0,0.0008663896963908046,0.004371192642973503,2
24086,240,26.870220341009738,77.02042973503137,1,0,0.004374003397987389,0.0058925501547149655,2
24149,241,14.00703229852845,65.22577129915788,1,0,0.0003236985194523717,0.002171680137132332,2
24219,242,69.14409039203993,17.905247352254513,0,1,0.0020793919893517007,0.002327642233585755,1
24310,243,28.254088276215413,80.48732632809984,1,0,0.00022243091484155556,0.0002294712741258063,2
24379,244,16.65492611469671,69.9396474846481,1,0,0.0,0.0028006612846299133,2
24431,245,60.34273883961309,11.887430227446856,0,1,0.004786367543916239,0.008720463257987658,1
24521,246,80.65788962948324,31.422377130741744,0,1,0.00326787083375283,0.0041990399612794205,1
24597,247,72.79201914730248,27.143991280782945,0,1,0.0024971834703559526,0.004989961181656572,1
24668,248,71.70018860440281,21.543680231087006,0,1,0.004160033783713398,0.002636478991138577,1
24761,249,80.2692207928894,34.89398561792008,0,1,0.00016615764694647667,0.0017063272416344903,1
24844,250,78.59956286848733,25.49581112368716,0,1,0.0022768874355902865,0.0015224378417500904,1
24930,251,77.57907891733157,29.203128771294715,0,1,6.112781816905555e-05,0.0011955951043929214,1
25036,252,87.66163884794224,37.74951043006075,0,1,0.0,0.0,1
25149,253,91.48117729435678,42.19080310562013,0,1,0.0,0.0008765414350612672,1
25286,254,59.94657738939344,129.23182794230172,1,0,0.016032075435824206,0.02408703076091022,2
25501,255,123.19670143601346,186.24876039946494,0,1,0.004505039691252767,0.05893847190932124,1
25568,256,71.16913435950086,20.343230868065532,0,1,0.010772155870731354,0.010120149363917716,1
25680,257,55.83320485972938,102.66685325893158,1,0,0.020092057805324574,0.017147527972763123,2
25796,258,99.5866221429754,40.59377153697578,0,1,0.005819637329158688,0.0030912686915408358,1
25921,259,105.6665679974731,49.95338153371063,0,1,0.0048821385233631266,0.006651130675634805,1
26032,260,95.7899005078612,41.97566324943533,0,1,0.002134403158518674,0.004812764815612434,1
26172,261,97.83654614471733,89.61178410325772,0,1,0.006197645157276634,0.03902276015086202,1
26314,262,103.20700585846836,65.19754927934052,0,1,0.00123124314700527,0.01048672859615629,1
26404,263,74.26519035247016,40.64911328287451,0,1,0.0007035220449017219,0.02487269738110966,1
26515,264,96.4049892926773,50.05212580766077,0,1,0.009405365944295394,0.0181566566777865,1
26631,265,90.2720907138519,53.136743018906216,0,1,0.0027392326953920463,0.018817060554961743,1
26663,266,7.538905129250953,48.91200236150454,1,0,0.0408712702452542,0.011826940485959453,2
26750,267,30.856070732304715,72.49261936231606,1,0,0.006049038537979494,0.003174728773814997,2
26845,268,34.48451681473144,73.90700641878072,1,0,0.006193220466135813,0.004253178111215185,2
27032,269,133.64031800334246,91.47019508371693,0,1,0.007893415569583248,0.017701933293942797,1
27129,270,76.41194857962451,55.904714442644114,0,1,0.006236380458559786,0.04397460069396789,1
27313,271,83.0710830214853,123.8877712619426,1,0,0.004561165987402407,0.0038881938975081835,2
27422,272,39.477331077582946,94.987795766632,1,0,0.0076910730823962535,0.021539962706851067,2
27619,273,146.65003357607233,108.69298151793113,0,1,0.00572883341321338,0.013447134242188774,1
27679,274,20.144058919612434,62.08880703733531,1,0,0.010793575264034346,0.0005754695680780678,2
27773,275,46.20596402109646,85.40159490471376,1,0,0.020401145425583782,0.012916295906819995,2
27847,276,28.84876511136769,83.37742215526688,1,0,0.019978002802241056,0.024136197355013118,2
27920,277,73.54354323198504,18.90986375420429,0,1,0.005014380035834604,0.0077316630616505585,1
28033,278,104.01028084509299,41.82518307855719,0,1,0.013933577720652334,0.012727217842555214,1
28066,279,2.7068993256775897,52.76812991637314,1,0,0.015861898548779705,0.013028463646680873,2
28096,280,0.23636255378176685,55.479304985251034,1,0,0.016357724253889802,0.028202451033524978,2
28164,281,26.18930796635503,70.26413165320045,1,0,0.016901968213145487,0.006533004042934529,2
28224,282,16.755059951927212,66.963058020949,1,0,0.01112217795375015,0.005627895212892193,2
28314,283,33.197790053277274,79.72869299590892,1,0,0.005850013914174303,0.003575883397376948,2
28424,284,47.37466474659317,92.95407976453345,1,0,0.01258402524810399,0.00799670757346543,2
28479,285,12.031201280106274,63.60251580104358,1,0,0.008746062449143667,0.010432376596888164,2
28579,286,92.89271300743081,34.21036066694147,0,1,0.010908878286748776,0.004330333295729523,1
28689,287,41.830389314269425,89.5166142744539,1,0,0.00513012194405415,0.0015988702083356,2
28793,288,41.43586657555086,91.46402615641986,1,0,0.0064261054245916055,0.0064282374071273915,2
28881,289,39.73120331237827,80.77635618083559,1,0,0.014407208371482154,0.006998729396727296,2
28998,290,94.74008552596752,45.50152739306748,0,1,0.002101241643250751,0.0046778576482244295,1
29082,291,79.76202466963636,27.194785665436775,0,1,0.002901042795223013,0.004899034578916687,1
29191,292,91.15980920939234,40.139032449884446,0,1,0.0010137563833223927,0.002637788177093144,1
29289,293,38.62314774118293,89.99314581658945,1,0,0.005980396327391597,0.005658620438544169,2
29465,294,139.18121722081935,77.44120042577077,0,1,0.011060731194942391,0.007520815962430268,1
29584,295,98.8130761021869,51.79674063110352,0,1,0.006986454616331205,0.007127833521591398,1
29705,296,99.38405399542016,45.51184598669809,0,1,0.002645877830033333,0.002820740827004171,1
29842,297,57.203753854615464,104.17344722880414,1,0,0.0024883291594307885,0.0013529329085424338,2
30139,298,201.59096075191698,150.58160451659091,0,1,0.006328570082312355,0.005150721143433502,1
30268,299,102.89743923794512,44.92634920167161,0,1,0.0002029687669762345,0.0005427849955884954,1
30399,300,106.86814624428797,44.27364213573328,0,1,0.0012927065780933154,0.00047598962580859284,1
30522,301,98.34284955713153,47.88522700388161,0,1,8.763351214523859e-05,0.005602583300975672,1
30635,302,94.58832711294518,38.80271980411616,0,1,0.0009652445021991228,0.001095737294242171,1
30754,303,99.66919790384951,39.217099346002655,0,1,0.002252971812394671,0.0015200464466745328,1
30825,304,17.18153542606305,67.98974046027956,1,0,0.002199978603472218,0.00025153243445091676,2
31325,305,285.4272750303636,385.72322282025857,0,0,0.024161440199217232,0.04082448186375197,0
31434,306,39.7227799399103,88.24439089111064,1,0,0.0011557240078076461,0.002565111134355536,2
31543,307,90.18310310411243,40.30244669148825,0,1,0.0010025155527327934,0.0052431983376507235,1
31606,308,22.136963384579822,66.76274853545118,1,0,0.017728102672181223,0.004549748529305129,2
31698,309,31.839311026127366,78.09127478778375,1,0,0.0035818997241163497,0.0012989025500715222,2
31741,310,4.40819300844143,53.30821519171408,1,0,0.002453018835940375,0.0003816263509031367,2
32241,311,318.54920927392294,383.2842975971999,0,0,0.03189320312423551,0.03938886167520818,0
32345,312,88.9714349561321,41.67726459225466,0,1,0.0026903560787166878,0.007272961400532941,1
32416,313,19.833128619010026,70.54715867105413,1,0,9.08130586188214e-05,0.000829770306578867,2
32522,314,92.70145881682457,41.82573590064932,0,1,0.003362269359097291,0.004535413379938683,1
32612,315,81.9562148093813,33.55357276961789,0,1,0.005141678404147813,0.005954907764802202,1
32707,316,85.44830357681275,31.912258699316865,0,1,0.0029338733885733103,0.004296910063187467,1
32772,317,22.252945574506164,66.38143830694327,1,0,0.013018491828699987,0.004526775751592654,2
32821,318,13.679959005284744,60.388996226241574,1,0,0.013736007447218814,0.004398316097170814,2
32884,319,18.697571378506424,69.4029169702268,1,0,0.011906344309506578,0.008332392611606359,2
32990,320,91.17348330667248,37.55322394715854,0,1,0.0013233048720687403,0.0009624573616343438,1
33119,321,105.72299871868843,60.02149529532145,0,1,0.004195324458693818,0.006265265607815345,1
33170,322,11.40099713511453,64.30757151104146,1,0,0.008530599753827216,0.01108220594402662,2
33252,323,35.27817559313637,76.42287874774345,1,0,0.013394841277390579,0.004797650015143532,2
33338,324,78.81657333333771,29.273045585163462,0,1,0.0012786754471269279,0.004150028685696392,1
33428,325,88.55172334558333,34.627721217386565,0,1,0.013973970556220074,0.012690480441392591,1
33535,326,93.56418853762791,38.72520158605953,0,1,0.0029199591180822195,0.0022987262728336533,1
33639,327,94.5727646879782,40.44696530743805,0,1,0.006396930772561004,0.00410625916633121,1
33757,328,47.657858665110304,95.74142428485223,1,0,0.002913381002920025,0.0008409634295524734,2
33836,329,25.783259263104963,75.18523321022187,1,0,0.0016247018760391176,0.002196290920768299,2
33943,330,91.7338618188506,48.05314054696281,0,1,0.0034618136518455027,0.008043304051510991,1
34144,331,148.09049955970931,122.5682494234783,0,1,0.00972580846137397,0.01870531786788127,1
34231,332,79.26778805882486,32.61385012162176,0,1,0.0028523661332670145,0.005750791520550303,1
34285,333,11.892928701970469,61.71016614982709,1,0,0.00393871433702707,0.0032381889816158827,2
34550,334,181.96672619950255,165.4779005124308,0,1,0.01171616107644404,0.024032908732540974,1
34648,335,48.104825002465674,82.38987070931108,1,0,0.01541675482054753,0.00458297788154087,2
34838,336,141.0728878979119,89.91267732025537,0,1,0.0058367142915116575,0.007974737144940569,1
34948,337,91.14248107629422,43.88387190559337,0,1,0.0011540952553168746,0.004824318248648536,1
35040,338,33.38542909486203,80.1857180124624,1,0,0.0008493135530905606,0.00059626473958783,2
35144,339,41.213083576595054,87.75308927076414,1,0,0.004089674511965926,0.0022117272231345084,2
35250,340,89.68906062866455,45.9337201726568,0,1,0.0024174077997467843,0.004954215579804967,1
35319,341,28.12833211699075,71.27508377122784,1,0,0.01651077786026524,0.009321903450452838,2
35419,342,93.95681176304582,44.18232061095395,0,1,0.006594240272128266,0.008299764856978004,1
35468,343,59.861784177845,5.913891077432584,0,1,0.0021989126628098993,0.00038437664521603237,1
35583,344,46.08974685536548,95.53937903986508,1,0,0.0012310941672085368,0.001587429003081509,2
35757,345,104.54434936693282,133.3860969368941,1,0,0.024793914200837337,0.013782346774782833,2
35927,346,79.41342361125858,131.49745709597482,1,0,0.006900913191225544,0.0035192646863509386,2
36036,347,96.39512804691344,49.150715066864606,0,1,0.007779554839941276,0.008943118017221863,1
36142,348,90.46475503406327,44.74655116820509,0,1,0.004217402633333906,0.006156295118042691,1
36264,349,100.715044226394,53.916599457836014,0,1,0.007373592029540965,0.006909871671365258,1
36348,350,80.40186116916448,30.81394738030274,0,1,0.003641969118977814,0.00469602457804935,1
36485,351,58.76977099916003,110.63920884596322,1,0,0.0031752078947265274,0.0027593633840527257,2
36582,352,37.144686717473746,85.99824685304118,1,0,0.005171454083605649,0.0029543707709300633,2
36666,353,88.46446242003705,29.193370186527403,0,1,0.0231586391554272,0.0060630244421660566,1
36752,354,32.167777424836984,77.74952339620411,1,0,0.008398560806411853,0.0024282889428495977,2
36837,355,35.311220787460336,77.28390429990043,1,0,0.014363785016338112,0.004457735075329781,2
37064,356,59.23255020547717,379.72398339894636,0,1,0.008068897153050345,0.16070539993854313,1
37156,357,30.93443746559906,80.61099149897963,1,0,0.0051226450227658685,0.0015350040472827692,2
37219,358,21.118757324493593,71.21341468282418,1,0,0.015031845195258593,0.012242958983905143,2
37281,359,16.64181720323777,67.84002282805581,1,0,0.009627189820417492,0.008045017189372302,2
37390,360,41.90356737070168,93.66386927585337,1,0,0.004576412192270628,0.0008339202794519687,2
37494,361,39.52654446749515,92.06573018401396,1,0,0.003141356512388909,0.004186571609041994,2
37571,362,71.40333627410773,28.05606741750004,0,1,0.0017259754351479366,0.007957354193028945,1
37610,363,2.1257475790102838,59.34406025729221,1,0,0.00728027969795439,0.01777015308991242,2
37732,364,52.428848090574085,107.42283409301291,1,0,0.008255119999199274,0.007952350001679027,2
37839,365,96.88663611939978,44.41016770263258,0,1,0.007484714047051147,0.004081714870456406,1
37919,366,89.24306675903654,36.303174030423484,0,1,0.031273501329492456,0.02372990896118604,1
38022,367,87.97604652058078,41.5236248246365,0,1,0.003485900031689559,0.0031179987993322916,1
38111,368,31.11914269997819,80.76087171463335,1,0,0.003137208430319656,0.0025978221226509264,2
38237,369,104.02529785179212,53.68371982280644,0,1,0.002195309363344356,0.0033897588463021057,1
38312,370,73.22353186063955,25.848273672495953,0,1,0.0037474346921725615,0.00453969701454896,1
38420,371,42.98680493414139,95.1134094558539,1,0,0.00532801295388668,0.005052520478443916,2
38519,372,37.67075903359623,88.8624670257576,1,0,0.005023867329268992,0.003632643054113098,2
38600,373,29.360985056390454,79.32717755695614,1,0,0.007853280453917331,0.00482215417282121,2
38708,374,49.367843793401704,93.1650416649633,1,0,0.012910931371004032,0.007108735804138764,2
38771,375,16.558242796956403,74.91112136760867,1,0,0.008343277702172148,0.017264313110312325,2
38876,376,38.754861728822405,91.80642291983132,1,0,0.0019996646222845095,0.00368682604630191,2
38981,377,93.99742665237926,44.52179219784098,0,1,0.0058967769185334145,0.00588081092257723,1
39091,378,39.80443008703199,95.70752829759303,1,0,0.0013861002305834767,0.002151794394184816,2
39197,379,37.988574284176494,93.86557902005005,1,0,0.0019669891847249508,0.004224983950120076,2
39279,380,29.161057403392164,76.53138740992881,1,0,0.005789088784265944,0.0036065699220981786,2
39446,381,80.77532323284534,129.80155434396534,1,0,0.009971195519569627,0.009674628846474595,2
39549,382,38.11977786954796,87.77792328630797,1,0,0.002847884746408722,0.0009819624512787724,2
39733,383,105.44743867650448,126.50398693920317,1,0,0.01796172761729676,0.01033421968432964,2
39832,384,38.08350277109041,86.73459878014322,1,0,0.005815345269738037,0.0035462729680994123,2
39946,385,45.26318988174158,97.68321522413693,1,0,0.005581773370930624,0.005239378937602713,2
40080,386,58.51184946535354,102.86043655919545,1,0,0.003708382944456055,0.0012471862421839295,2
40191,387,39.211392411418686,96.09384770023595,1,0,0.0017061877145637722,0.005152568042914982,2
40320,388,53.51403248708071,97.144586257824,1,0,0.001967616464746087,0.0003341958665282927,2
40400,389,24.943803414055672,75.17330494006949,1,0,0.0029002143473020763,0.0030215142565237973,2
40472,390,19.665557289342264,72.27145553191747,1,0,0.002072189550757869,0.0051852229487183744,2
40539,391,19.19058094678929,69.99704203850838,1,0,0.004591179982156751,0.009029436314247442,2
40676,392,61.39199075511847,102.38704655525191,1,0,0.007454904155843227,0.0031350885895752795,2
40898,393,58.01640081976182,426.2771635967975,0,1,0.020899763203074233,0.20139193351265997,1
40988,394,36.22460132044718,78.66528131026398,1,0,0.0110448627106135,0.005850605869774413,2
41180,395,19.572713427043908,388.17897552356334,0,1,0.00393639704715513,0.20998097856118883,1
41238,396,13.199825808204885,62.9632440224918,1,0,0.001530858471497046,0.001530858471497046,2
41320,397,28.810758476191882,82.76611869545043,1,0,0.011402591687553192,0.017105877189635636,2
41464,398,123.64401374589859,60.43532455651955,0,1,0.014585106789378518,0.00907669884808356,1
41521,399,-4.8676300085827116,189.56809997650345,0,1,0.004050473296327703,0.406718768843219,1
41644,400,45.89327072880752,115.81632272759884,1,0,0.007235847945936432,0.02643918129924751,2
41686,401,3.1494769156170648,55.78517641953225,1,0,0.0032964328681848254,0.004554411335333325,2
41751,402,-35.954399287139914,290.7493435512071,0,1,0.002618563918205429,0.5466076769464503,1
41772,403,-10.593085472694701,48.58948903009393,1,0,0.006565727957864325,0.031754636194147624,2
41810,404,2.001255527937815,53.16450873736355,1,0,0.003649190238022151,0.00707319918245555,2
41883,405,20.20021093767275,69.34668997532134,1,0,0.0009574118038375159,0.0030258932802653235,2
41928,406,21.89276311578508,108.8189832962278,0,1,0.012789123561208642,0.30470813955718934,1
42092,407,65.73990265941163,157.5388279721745,1,0,0.010187003222081211,0.039537933836676205,2
42141,408,4.893820767981804,61.69838039224385,1,0,0.0016451155541157372,0.007653816545304622,2
42166,409,-5.96273514966671,46.206478582029746,1,0,0.009378444829065236,0.011270124529650183,2
42185,410,-7.736676014771858,42.22044553248963,1,0,0.008958744134021668,0.0019030015084390561,2
42215,411,-4.594386278481357,47.98507546961527,1,0,0.0005893133363886943,0.0025181035420087047,2
42429,412,-38.911793717644805,617.0791319024071,0,1,0.009686348979129,0.3198274853089492,1
42493,413,-33.1451481804999,283.07417200158073,0,1,0.004972528520802724,0.5430280543606743,1
42514,414,-8.93342942165408,47.45983668785276,1,0,0.006324489118153272,0.02098147324842021,2
42554,415,1.0081562247177338,53.03166345716456,1,0,0.0028721794333001313,0.00011382961920192632,2
42588,416,0.7733135366368948,59.81306435062606,1,0,0.01983443275850938,0.04394403273306753,2
42612,417,-4.954086256288424,46.10570522525198,1,0,0.012763074344077035,0.010049221992331613,2
42668,418,12.00919850347692,61.50810522037106,1,0,0.0006946469959709791,0.00021803694360522093,2
42715,419,3.9406742021026524,60.08705680625356,1,0,0.000690687279127806,0.010395934567214871,2
42753,420,1.4538378710047084,51.076701481871964,1,0,0.005071518954984052,0.0013598836460554226,2
42774,421,-8.08347861343952,43.995052608285015,1,0,0.003646241975856866,0.00702175642995483,2
42819,422,3.293742361414587,54.91975857130993,1,0,0.00046562180283865444,0.00033745725506930876,2
42904,423,0.23371175553196366,158.81289805914167,1,0,0.011380873560365929,0.12845870979215823,2
42928,424,-5.914058681477,45.095213999327285,1,0,0.00710095028600292,0.005006080848705955,2
43073,425,58.460965986517465,223.97671159963824,0,1,0.016825096540982794,0.15980725486217714,1
43109,426,9.265999133100717,52.87783106081447,1,0,0.046589217855796054,0.028225710422779493,2
43154,427,2.6094307115423128,57.89533978233697,1,0,0.0005704725859286214,0.004379305849734391,2
43197,428,4.24249291112951,55.84565394394572,1,0,0.004901630509912064,0.004554466650780801,2
43256,429,-5.4247491415286575,209.44556957212313,0,1,0.014895259849523631,0.4384531873565392,1
43274,430,-6.2646109467350115,42.31263802299134,1,0,0.02193390997375508,0.0046234937052810265,2
43367,431,28.779341656935753,100.46031807153216,1,0,0.009290442470439303,0.03255623047750273,2
43400,432,-2.999336711404407,52.83309981992178,1,0,0.004694545063594384,0.015809918305588713,2
43445,433,3.667653194473239,56.480788175610385,1,0,0.00045722063842426115,0.0007539128537053099,2
43493,434,13.417052864761299,132.27487204373858,0,1,0.008827647747315993,0.34387670887899185,1
43535,435,4.430457405694629,58.52542186714122,1,0,0.01215209063395557,0.019786654637980655,2
43571,436,-2.3063524380652467,61.89065256084128,1,0,0.006511324581087782,0.04431808076557279,2
43613,437,5.479241757010044,52.34004271486046,1,0,0.011812631214910448,0.00196775040946064,2
43763,438,56.02395124288886,168.9966093822386,1,0,0.012651571630355457,0.05539557760104025,2
43889,439,106.68697619462343,54.74760081399914,0,1,0.011548571312535063,0.020063619177056416,1
44045,440,-23.942259511741756,449.169630716465,0,1,0.013957426682238747,0.3272650467431613,1
44089,441,4.722945487220489,57.1084004467111,1,0,0.003617794233771518,0.007867760333430555,2
44124,442,2.996291110741492,48.36544127859263,1,0,0.018464356610460097,0.004031368770094029,2
44161,443,1.412546823046977,55.4551457747086,1,0,0.006874938424700601,0.012388047205566856,2
44338,444,109.75917736428052,183.9167969520117,0,1,0.02360138738739395,0.09451368251923263,1
44470,445,-45.425507561390525,461.3115690921635,0,1,0.007717091350373549,0.404229359628072,1
44620,446,41.41994902550131,324.5734602635876,0,1,0.030710324574753603,0.24230611579675937,1
44643,447,-2.8763234467396757,49.231605779166465,1,0,0.025730490659143148,0.030341314980161637,2
44890,448,-41.76924173398278,649.9764618712026,0,1,0.0031980809981369002,0.28544139143757546,1
45045,449,41.412167706701034,254.14810197098737,0,1,0.0042736578188283915,0.1668223333815276,1
45296,450,-36.12435727999558,612.6490935893136,1,0,0.014129172002753508,0.2394368088856802,2
45452,451,-21.778806658817523,346.15971404244186,1,0,0.0018285477799669446,0.19704595992295584,2
45660,452,-276.8953169403768,1099.7410834637833,1,0,0.0017222661753908462,0.5898056101694504,2
45682,453,-5.46630082648613,52.92765800725964,1,0,0.04407809324762338,0.07314340390429801,2
45775,454,29.18425309242658,83.60481557275496,1,0,0.0020428898638928904,0.015456464867208634,2
45923,455,-164.9886125435214,793.5405539279614,0,1,0.0011988859293106597,0.6330483799670943,1
46087,456,-176.83950082091422,849.161913251731,0,1,0.000876416649912788,0.6116758029393068,1
46164,457,-80.91064528752533,436.24830434473284,0,1,0.005411543004322626,0.6921921239028239,1
46243,458,-24.75938306410665,285.1381807437919,0,1,0.00295831829003563,0.42747480753618766,1
46313,459,-87.47586069345707,429.0690343183841,0,1,0.002986950889999985,0.7521457826318265,1
46408,460,31.419584310832576,80.20104603173522,1,0,0.004239835690824733,0.01364274353316047,2
46540,461,-300.7346074931154,1110.102733092434,0,1,9.644700575062893e-05,1.0230311516471227,1
46610,462,-69.4142030437283,382.5242130819651,0,1,0.0,0.6680576376310194,1
46725,463,-233.25102772096184,894.9813689250478,0,1,0.00041463713445681735,0.9455023634944181,1
46867,464,-312.9764931003379,1166.3484098378437,0,1,0.0023659800767544194,0.9949077466419565,1
46974,465,-205.82475483483958,818.6552449398536,0,1,0.001954961946375827,0.9321732062257858,1
47054,466,-122.55713105923081,541.9073848061336,0,1,0.00038054109511041155,0.8280984008967496,1
47175,467,-323.67538170694843,1064.8080595636309,1,0,0.0006739268759972203,1.0211984205999236,2
47251,468,-91.71415535108393,362.6811801800858,1,0,0.0009890507057166652,0.4984071368254915,2
47374,469,-255.9385320897285,983.3080400888243,0,1,0.00224293237521176,0.9719941389778444,1
47512,470,-367.1706539341047,1220.8817973718749,1,0,0.00028037602843436027,1.0312026630727615,2
47605,471,-168.59585283124048,683.4618741116828,0,1,0.0,0.896675689239712,1
47643,472,1.5604620084275709,56.59021970595792,1,0,0.01722912214922305,0.03335785044924904,2
47714,473,-93.77315331059984,449.84897118771994,0,1,0.0011818960311887508,0.776560315683611,1
47797,474,-170.2365188880301,585.6683649404065,1,0,0.001851726629331461,0.7851871791975005,2
47902,475,-213.82296173605505,823.1095648856966,0,1,0.0,0.9549659322001891,1
47940,476,-45.33118104288441,171.28544181618088,1,0,0.0018658898291850795,0.4055533706003269,2
48088,477,-355.7737354641619,1294.9387209063666,0,1,0.013048422668311204,1.066885275954168,1
48195,478,-219.84792557822453,849.2357555228208,0,1,0.009471122633627035,0.9680653844270788,1
48282,479,-153.42516813781728,635.9815459713662,0,1,0.009275464307689083,0.8957557946247657,1
48359,480,-123.08909350359009,532.5855842291311,0,1,0.0059138347560305235,0.8503703707742319,1
48432,481,-105.55022577198372,482.14104664903584,0,1,0.0011105881637358736,0.8082793626902836,1
48515,482,-142.91902243763965,615.0557500890942,0,1,0.015116592568907093,0.9091935381902936,1
48642,483,-142.41272469913827,1049.3281474978485,1,0,0.20232188493539172,1.027377006381597,2
48770,484,-296.10939600928856,1087.9144434263637,0,1,8.486034490350126e-05,1.033147659867955,1
48875,485,-206.32267550734136,808.5937623820075,0,1,0.0005980545670565746,0.9358112059343456,1
49001,486,-286.0422186506876,1069.9231536998038,0,1,0.0053230465202894345,1.0354772937156291,1
49094,487,-171.1461391060183,689.4132362610168,0,1,0.001606878067053251,0.9065198550852028,1
49191,488,-184.01134016747423,729.5053916607935,0,1,0.0,0.9180731956024432,1
49324,489,-311.89697080878506,1142.9633764308142,0,1,0.003140982036677216,1.0458844935437037,1
49464,490,-336.92718814704864,1222.7733517726772,0,1,0.0,1.0632563838359879,1
49582,491,-261.2461402593413,984.5041514181902,0,1,0.0,1.0170848766127611,1
49657,492,-112.35924306973547,506.0549540840251,0,1,0.0011722462281030246,0.8290147357265891,1
49867,493,-560.1130418702743,1941.7081564905097,0,1,0.0003118045644654653,1.1210184640693108,1
49964,494,-234.56933619210852,866.6440460195057,0,1,0.0,1.0945441833724556,1
50098,495,-525.2484178173606,1760.2989600889298,0,1,0.02020259879358087,1.6217648175996178,1
50288,496,-584.8724582328981,1986.5907566959386,0,1,0.004569240503931655,1.2762015825444561,1
50387,497,-365.1600294262674,1211.9775154874221,0,1,0.0002982468978133953,1.5092717131560898,1
50544,498,-666.7253653030172,2132.0179562505155,0,1,0.0005661147469338165,1.6659738521508285,1
50698,499,-702.1144172821283,2139.0404508834617,1,0,0.008022198313519018,1.668592381040349,2
50743,500,-129.3191778883276,419.992262744269,1,0,0.01707348546641236,1.0360476365680436,2
50924,501,-782.4146044486179,2481.9658650985116,0,1,0.0014432862343738246,1.6834141273400838,1
51014,502,-333.6123721231991,1115.6273989886924,0,1,0.004398674147198788,1.5317679988589306,1
51131,503,-326.89820554628176,1056.7449069751904,1,0,0.00144304380743278,1.0483935031589604,2
51210,504,-334.6050454794413,1013.7057740984999,1,0,0.003635885714999614,1.5096700669908467,2
51322,505,-305.379883252118,1092.7865165500716,0,1,0.0026783763427866377,1.1950714412080983,1
51443,506,-345.6800262006556,1107.604977210027,1,0,0.001017681611961401,1.0650445491256366,2
51570,507,-517.8134755586358,1670.3779529451963,0,1,0.0021009648784595784,1.6184409082529763,1
51701,508,-591.0598107179048,1783.0133870275704,1,0,0.002198450839696583,1.6265054023839987,2
51883,509,-705.5411432289885,2184.9871637440106,1,0,0.0016357474538766853,1.43452214057155,2
51985,510,-216.7498477706578,832.5353011954907,0,1,0.0033687117941343984,0.998531095840128,1
52073,511,-165.25916281136574,669.4189131153936,0,1,0.005225954936247078,0.9326191883419718,1
52197,512,-299.15274499756504,1004.3041553736575,1,0,0.0022061298082206348,0.9343485935835685,2
52233,513,-45.747623439968876,175.82365312227478,1,0,0.007657806993535515,0.45075541447626283,2
52351,514,-308.1165050739724,1018.2803820896951,1,0,0.0026508981500154394,0.9996716734387601,2
52464,515,-230.97759320878518,886.2336818751402,0,1,0.004509352237858264,0.9565753502913574,1
52555,516,-176.76772011513535,711.8239323218919,0,1,0.006695359910599985,0.9594066563265572,1
52690,517,-349.7820585756435,1156.6193824831917,1,0,0.0019391338470938744,0.9958489120766139,2
52846,518,-616.825025645231,1991.915137255904,0,1,0.004495034058922516,1.5667804039760558,1
52930,519,-328.6884730754883,1020.3518723557856,1,0,0.004683437361655992,1.4252523250848323,2
53028,520,-426.4068610483247,1295.3225185935446,1,0,0.0035344671278173642,1.5663015783488052,2
53069,521,-122.77835056149178,382.5642475851597,1,0,0.0,1.017961749534829,2
53162,522,-188.74256420654385,744.1879054956819,0,1,0.0033406119301261153,0.9799640869327646,1
53299,523,-506.07545128499817,1673.152227551757,0,1,0.0038968364591202786,1.500166318095712,1
53414,524,-449.00822694676214,1472.8743263309907,0,1,0.0018289031869761477,1.576404094683107,1
53521,525,-400.93584634689034,1332.7940000407489,0,1,0.0014428595785928547,1.5346086325960901,1
53620,526,-191.55950205801787,755.6917371660821,0,1,0.003242564423926803,0.9320095372599625,1
53771,527,-360.0897840822391,1307.3428623480436,0,1,0.003200973050526556,1.0526075715542673,1
53897,528,-504.4957081074007,1639.2767608428148,0,1,0.0003250690960653493,1.6005219084044013,1
54007,529,-438.1816581517413,1435.8931520929277,0,1,0.0009609955638070941,1.6087603010346172,1
54120,530,-434.0393762066813,1430.5192524926813,0,1,0.0011275573251297631,1.5591739785689387,1
54199,531,-238.05876342368694,761.2412194949217,1,0,0.003791996105460815,1.1099408409873084,2
54699,532,-1618.937845192411,5248.347685808733,0,0,0.0015369918333962716,1.2670351095735035,0
54801,533,-388.7339992460365,1284.5716582217615,0,1,0.0006064934765644045,1.5527460393233714,1
54923,534,-461.3802125899189,1561.4235010223767,0,1,0.018475710309283258,1.5783267058886121,1
55040,535,-464.7816219105609,1529.6514030004412,0,1,0.005532848892635481,1.611912111835551,1
55144,536,-402.0669923144924,1328.6617326225096,0,1,0.0010270947165137425,1.5754862453813254,1
55243,537,-358.11448700618644,1204.5509429718936,0,1,0.0,1.500018969494342,1
55331,538,-318.2341879247548,1084.3312275088824,0,1,0.009271683685420579,1.525803309965606,1
55475,539,-608.1124921030922,1949.3215139756855,0,1,0.0029372814364062127,1.6620919859194916,1
55596,540,-532.2657327333458,1622.5640043925555,1,0,0.0029406881621345023,1.597650629039457,2
55706,541,-434.6582013872476,1416.0304680795896,0,1,0.0,1.5858882333362403,1
55813,542,-418.54337461877407,1377.802757164264,0,1,0.0007850702444761343,1.5852892505042249,1
55919,543,-408.47659852504376,1344.7707930323932,0,1,0.0011120099036992816,1.5640213944567196,1
56023,544,-386.6825736522862,1282.2296022150597,0,1,0.00023796982252929255,1.5193130808482649,1
56191,545,-720.0672226847007,2304.116909734177,0,1,0.001852024142723115,1.6831104582128413,1
56292,546,-372.9681972792607,1247.6173332385279,0,1,0.00042947641726321273,1.5228246205906923,1
56407,547,-451.7111545269354,1480.6471197438977,0,1,0.0008723474612451292,1.5861304558354299,1
56510,548,-358.68576181758067,1245.856366929495,0,1,0.017340902743879203,1.4948967470028554,1
56624,549,-454.98800322975757,1486.0247312421106,0,1,0.00017784283151461063,1.6058866391829243,1
56731,550,-383.3452798132133,1280.2220736919992,0,1,0.0,1.4729064115179633,1
56843,551,-428.89061319910485,1407.0275702488145,0,1,0.0,1.5474508385962782,1
56948,552,-394.5309622552474,1309.5650134035666,0,1,0.0,1.5366611576022395,1
57054,553,-396.5714633075872,1316.239996355808,0,1,0.0,1.5300226459954267,1
57156,554,-380.7184726637557,1273.0516520150195,0,1,0.0,1.5390127966245746,1
57262,555,-390.0615216232382,1297.3312665452142,0,1,0.0,1.5072093087775948,1
57368,556,-407.5948771738569,1347.4472893555755,0,1,0.0,1.5668333752828871,1
57481,557,-440.72996209228387,1447.0431388876464,0,1,0.0,1.576873232906119,1
57597,558,-459.2076698117162,1501.4893005017086,0,1,0.0004455611311589291,1.594799747026475,1
57704,559,-397.82821495195685,1320.396977450603,0,1,0.0,1.5200534713563723,1
57819,560,-441.9107456749427,1445.5197675735255,0,1,0.0,1.5469242556911549,1
57927,561,-399.76803220367134,1332.0328702133766,0,1,0.00024003776364749034,1.5185293034650673,1
58055,562,-502.82532892584817,1620.8531483678369,0,1,0.001058539743113829,1.5561446227599784,1
58159,563,-361.0745259643627,1210.9647473456203,0,1,0.0,1.4335437302634673,1
58272,564,-417.47082563701224,1371.2543567684547,0,1,0.0,1.4928796679814624,1
58394,565,-428.19650329897854,1414.538846766206,0,1,0.0,1.422861935261763,1
58504,566,-421.71119417275776,1392.9845115449173,0,1,0.0,1.5595284087635657,1
58615,567,-398.7873262472911,1332.3985470828459,0,1,0.0,1.4770607614403686,1
58730,568,-428.78721291276247,1411.4466461616637,0,1,0.0,1.509956637829346,1
58851,569,-467.8518805550273,1537.1673018154677,0,1,0.0006108839162738082,1.5633225064392584,1
58958,570,-371.7610798074261,1250.8310154312803,0,1,0.0,1.438150227304433,1
59071,571,-442.8159035637936,1452.1537078880983,0,1,0.0,1.5831624654376941,1
59172,572,-411.4113886159458,1259.705432304722,1,0,0.0,1.4743445626175813,2
59289,573,-451.16482273535433,1478.8523323478325,0,1,0.0,1.555948155228641,1
59395,574,-383.84996564065386,1269.597872941395,0,1,0.0,1.4742840250732328,1
59526,575,-512.6367848136641,1665.0802503230323,0,1,0.0,1.562086945076851,1
59641,576,-440.7670006065583,1443.812492376084,0,1,0.0,1.5452749741995102,1
59756,577,-449.58834341267,1472.2415387615592,0,1,0.0,1.5761033735158978,1
59864,578,-412.198636511182,1351.9903145627873,0,1,0.0,1.5422619613049096,1
59979,579,-448.65070694244724,1463.9052171465742,0,1,0.0,1.566817956565307,1
60062,580,-110.53747385689798,452.06871171627427,1,0,0.013464873482315657,0.5801449972308513,2
60173,581,-431.6633789371093,1407.3391242193495,0,1,0.0,1.5614944162972786,1
60285,582,-425.42073681204806,1399.7848128068695,0,1,0.0,1.539186719501656,1
60384,583,-360.59885545257646,1197.4901825938339,0,1,0.0012015819490201894,1.491036342287847,1
60504,584,-445.3531418124908,1524.555296231036,0,1,0.023929499917061597,1.5721300808275107,1
60607,585,-392.0850146605807,1289.064494865418,0,1,0.00042557403786584296,1.5424310802921892,1
60712,586,-396.7659883887704,1323.7733922708937,0,1,0.0,1.5545487737757693,1
60832,587,-465.7994211016117,1540.6500890000339,0,1,0.003637495973570003,1.5816699169376685,1
60935,588,-385.3447483747793,1290.8752405968808,0,1,0.003883847123070117,1.546233615025814,1
61045,589,-390.5886746272653,1344.1137528266643,0,1,0.01443776535346915,1.5081638691137,1
61180,590,-471.8007876394145,1725.042250251246,0,1,0.06155218202562127,1.5913594526893828,1
61269,591,-155.6819221440306,658.2163366896395,0,1,0.01019654399508307,0.903869382627038,1
61342,592,-70.05538614524342,443.7837037074423,0,1,0.039723854532504814,0.7547199515441848,1
61409,593,-189.18136890559765,684.4965216845294,1,0,0.056853585603597816,1.188430547360005,2
61566,594,-617.0584645393218,2023.3042444399243,0,1,0.0032881240310296536,1.577640677955921,1
61897,595,-984.2793570182863,3675.5007652881454,0,1,0.06408004968907519,1.3717935142570428,1
62000,596,-381.6785664753076,1273.2663324387936,0,1,0.0027965521997601428,1.523525544022502,1
62090,597,-303.4008157232356,1088.3374441634144,0,1,0.028442450140446413,1.501607037728207,1
62180,598,-365.26341320242926,1132.6568183917416,1,0,0.005223206304128657,1.484695437673922,2
62297,599,-449.2440173528177,1494.8972140348283,0,1,0.005863795831718547,1.573457543283628,1
62406,600,-410.249514095699,1374.3426474545374,0,1,0.008066824466652084,1.554141255661934,1
62499,601,-342.8085188358856,1144.2276998617688,0,1,0.002513074519383419,1.520145596784205,1
62595,602,-339.0092873445008,1162.4694362719217,0,1,0.0034240614215233674,1.4940013469198508,1
62715,603,-450.1043472703314,1493.4448340505153,0,1,0.0011496809591819283,1.5309788701726634,1
62840,604,-484.35801373004176,1594.2174672671479,0,1,0.0006314487195571792,1.5694139558136637,1
62947,605,-396.6243209664782,1312.055820978992,0,1,0.0,1.5101529048318085,1
63061,606,-445.5208954629185,1453.8140371358477,0,1,0.000400400706421526,1.5704742166560202,1
63160,607,-352.1616363190385,1186.9827944770514,0,1,0.0,1.4780214547897104,1
63256,608,-323.15756906506954,1104.3893926104838,0,1,3.4926925753805886e-05,1.4176373197616317,1
63359,609,-379.3863650728303,1264.7923703622776,0,1,0.0,1.513541719291595,1
63467,610,-412.99592296468023,1360.9847440242547,0,1,0.0,1.552924728144437,1
63572,611,-383.3391438691262,1283.1723271564513,0,1,7.854024334482493e-06,1.505877395178521,1
63687,612,-400.04513256627183,1351.7096738740354,0,1,0.0014511487744957555,1.4412736963149482,1
63792,613,-392.03784877551715,1296.2884371420514,0,1,0.0,1.5214544027500652,1
63892,614,-363.8139827325006,1220.0802778785596,0,1,0.0,1.5043093243264893,1
64000,615,-401.0555935948736,1331.6131243845018,0,1,0.0030203469050216424,1.5199487668520888,1
64120,616,-460.9112285268553,1516.7563590209177,0,1,0.0011141424021226766,1.5558777005192395,1
64218,617,-333.3522373031389,1131.3985351177491,0,1,0.0,1.422327275737143,1
64450,618,-801.0491900587416,2865.0342572842383,0,1,0.05847340608224658,1.5268301370751116,1
64557,619,-380.3370978421375,1291.1684165105069,0,1,0.012079848682828529,1.4881812229394977,1
64674,620,-457.75503181476705,1488.462010733767,0,1,0.0,1.5655341832688063,1
64774,621,-364.22847824554515,1216.7966039619796,0,1,5.56117045109726e-05,1.5000820305508171,1
64943,622,-714.009240669147,2276.692993242873,0,1,0.0006894132072874217,1.6539920066558,1
65052,623,-400.5165762427154,1329.872785928393,0,1,0.0,1.502596532259946,1
65155,624,-346.74472487904455,1180.6042944970498,0,1,5.417722981718834e-05,1.411152772611452,1
65261,625,-402.05221140403967,1325.7274899419085,0,1,0.0,1.5413704810234945,1
65363,626,-355.32078753892495,1225.5598972730807,0,1,0.008990248373765303,1.4839567192249126,1
65461,627,-353.4380447693569,1190.5969012308535,0,1,0.0,1.4980401983369707,1
65605,628,-567.7422698022656,1861.6990185398836,0,1,0.004878463243043916,1.5896723410115117,1
65684,629,-223.78734067653184,707.6943792638415,1,0,0.0013029867062149697,1.0246826462230287,2
65786,630,-282.3602800425669,1008.1285156164673,0,1,0.0,1.2136481433657629,1
65889,631,-348.149452391249,1183.151700597307,0,1,0.0,1.414213227393177,1
66013,632,-491.29151455334903,1612.2489110585454,0,1,0.000645462619059064,1.600412190314661,1
66119,633,-396.73377793868474,1318.644508017424,0,1,0.00010274260883814143,1.5329922974238896,1
66225,634,-359.06482161994455,1224.8309498334693,0,1,0.000527656050184835,1.4225649181817264,1
66335,635,-355.4595052448877,1224.2320089769896,0,1,0.0012586298519658625,1.3683454532385104,1
66458,636,-452.6336044724959,1496.8564804220218,0,1,0.00015616276997481806,1.4950455159074325,1
66560,637,-278.7983749970442,990.8793593655233,0,1,0.0,1.1921143315507177,1
66681,638,-447.2947752312216,1470.8742355737488,0,1,0.0004164586551361462,1.4945889119350029,1
66791,639,-391.24600678853267,1320.634827434557,0,1,0.0007588825492242604,1.4778834618994394,1
66889,640,-391.01811315244674,1207.972085364705,1,0,0.001242991023015693,1.4546314974059988,2
66987,641,-313.4169592749034,1076.8128942005426,0,1,0.0,1.352356179063955,1
67091,642,-351.5485721412347,1182.5770229481936,0,1,0.0,1.3971068845969072,1
67193,643,-324.581241064688,1113.9418780149006,0,1,0.0,1.3434198811309919,1
67302,644,-386.65675976677056,1299.3497838503752,0,1,0.0008092024123410149,1.4673360463112186,1
67412,645,-406.74003455770156,1354.542034516964,0,1,0.00042956663589915325,1.516693414030904,1
67506,646,-308.19811730222943,1062.062661422495,0,1,0.0001296352251322658,1.3926289790559985,1
67609,647,-371.8709258987762,1244.5174394290134,0,1,3.9710373305483806e-05,1.488378995249636,1
67716,648,-370.4964008918778,1245.58728502937,0,1,0.00015787895378293357,1.4327971226818972,1
67845,649,-506.90995917193044,1643.2347276301339,0,1,0.001521560589582011,1.5665958143093388,1
67969,650,-488.598196502918,1598.5852096382723,0,1,0.004043623905847903,1.5875954293456906,1
68076,651,-382.7329879419217,1279.821294677532,0,1,0.0029013442348491494,1.4731842750451518,1
68194,652,-441.6092792321085,1447.0544626918957,0,1,0.0005141426199678788,1.5092225084542243,1
68293,653,-360.84796397610353,1195.347021195832,0,1,0.0,1.4884565293642917,1
68402,654,-395.4674997513335,1326.1571756500673,0,1,0.0061305452029273635,1.500103794021943,1
68512,655,-402.38947502111813,1346.4912534236241,0,1,0.0028289146865851807,1.508204788652835,1
68623,656,-418.5734059643093,1376.465089305294,0,1,0.00036754180405728384,1.527543959736981,1
68763,657,-403.2390631728091,1310.6710803230105,1,0,0.00011899558781376558,1.0921288289612268,2
68929,658,-703.0100868837661,2227.3576090746055,0,1,0.00035178062687390386,1.6461744350331786,1
69035,659,-382.9709124303465,1272.1197484085692,0,1,0.00021318182483518396,1.4781150471249445,1
69160,660,-489.53763185462935,1589.3866320740076,0,1,0.0003789834006312682,1.563773132455285,1
69270,661,-410.707493044112,1362.8556794896238,0,1,0.004762968836148635,1.5269309371711186,1
69357,662,-343.8218678115951,1058.2008976316529,1,0,0.004244698556832189,1.4318273454274724,2
69453,663,-341.2566030880065,1141.6346426649754,0,1,0.0,1.4662809795741032,1
69558,664,-371.2101790639203,1239.8808146761212,0,1,0.0003936156886945511,1.4537767949410134,1
69672,665,-483.40698776710843,1488.1304794956447,1,0,0.0012289771950594272,1.551580280643674,2
69777,666,-412.5797595178304,1263.146468214147,1,0,0.0017858587476084677,1.421136473327643,2
69887,667,-407.5913231909142,1348.6103330490273,0,1,0.0,1.5094066742115222,1
69997,668,-408.28432530535696,1357.335656922079,0,1,0.0005984662180083611,1.5195903327329474,1
70215,669,-925.4280170590791,2901.7080386228395,0,1,0.0001098975554710885,1.628734503410983,1
70323,670,-400.50307482392185,1330.8127347340112,0,1,0.0,1.5178034077106186,1
70444,671,-461.5783049299269,1517.6762153155132,0,1,0.0,1.5407725115218833,1
70563,672,-495.0436594445956,1522.5425268089127,1,0,0.0007171263188543892,1.5215634684482187,2
70663,673,-325.93605207592043,1121.2421810935582,0,1,0.0,1.3799618249938732,1
70758,674,-331.6835131152286,1125.9788785878122,0,1,0.0,1.4613898412131345,1
70866,675,-385.0820971067972,1300.778234647738,0,1,0.0008971832188976452,1.4831935880266935,1
70968,676,-372.7349968902728,1243.254004694867,0,1,0.0,1.5013627748795595,1
71078,677,-401.7925686305854,1334.2350061191823,0,1,0.0,1.492819191074666,1
71188,678,-399.78642769539454,1333.1936188682198,0,1,0.0002266243788594729,1.4919710674611086,1
71286,679,-341.3582529650167,1153.2422288736545,0,1,0.0,1.450064898351903,1
71398,680,-412.2068910069638,1368.4114495041154,0,1,4.541300160212529e-05,1.5029840993731878,1
71502,681,-379.40443363607426,1263.8454444174213,0,1,0.0,1.4971735014901386,1
71609,682,-402.5466355070351,1335.6351166530958,0,1,0.0,1.5376069224737219,1
71804,683,-853.2430423159237,2666.7617189398484,0,1,0.0002802749748676217,1.6762812127080233,1
71906,684,-363.1172967456589,1215.9752261453514,0,1,0.0,1.468292681933944,1
72011,685,-369.57554035131653,1242.445596895286,0,1,0.0,1.4565543240226946,1
72144,686,-520.8328847872879,1691.0425332849663,0,1,0.0007365914730188155,1.5621466746416472,1
72256,687,-426.83375360851795,1402.5004321585254,0,1,0.0,1.5415645836759828,1
72369,688,-417.462487092225,1378.0931432684968,0,1,0.00164925308551605,1.499987033360812,1
72485,689,-460.07086534315437,1424.3088306392303,1,0,0.0010974134778782478,1.4545917947129898,2
72590,690,-344.6150691485592,1227.6136537899856,0,1,0.026941667223534135,1.448079658368834,1
72724,691,-513.4269348329783,1673.5703100813696,0,1,0.0005341834016561688,1.5330755066567052,1
72837,692,-419.3423438501195,1391.5555101962896,0,1,0.000306438206480294,1.5154168969407036,1
72940,693,-374.86300805322185,1258.774876186043,0,1,0.0,1.5052114946965127,1
73044,694,-316.1305063204926,1102.6746804835868,0,1,0.0,1.3024411271563194,1
73147,695,-348.8772190210344,1190.6209553134368,0,1,0.00012163614614821046,1.4227804566960367,1
73249,696,-411.1184899346379,1258.7987155800906,1,0,0.0,1.4588245681165697,2
73366,697,-432.4704564665763,1434.0345946350837,0,1,0.0,1.507489145595612,1
73469,698,-368.8874436886727,1241.6754770799087,0,1,0.0,1.4848997525583658,1
73586,699,-450.32448601089527,1480.7353597331364,0,1,0.000997187088419935,1.5566025849730156,1
73709,700,-475.67350393845567,1556.3760463536337,0,1,6.739336553465692e-05,1.5562411695854206,1
73825,701,-476.2102786478773,1456.9944560697106,1,0,0.0,1.490226642710157,2
73960,702,-515.8947081639498,1685.469997330373,0,1,1.876695216918214e-05,1.5322374408085373,1
74116,703,-639.9516810716166,2064.7178286821577,0,1,0.0010263745300092039,1.6243973020240714,1
74319,704,-874.1907081070453,2766.156629806494,0,1,0.0009486396805493055,1.6695586321830866,1
74421,705,-414.6841328385586,1262.2807374881882,1,0,0.0,1.4629815553222436,2
74538,706,-477.65074473248796,1457.728329664946,1,0,0.0,1.4775769358049393,2
74642,707,-413.2061125403076,1267.2823136757881,1,0,0.00020049631787284636,1.4398779931212269,2
74753,708,-406.797068486682,1351.8697547132617,0,1,0.0,1.4987769842746794,1
74874,709,-468.3291220669447,1526.911387861657,0,1,0.0008865604077448084,1.5524430191801817,1
74976,710,-411.1905317650018,1263.7943321656958,1,0,0.0,1.4645902300139952,2
75092,711,-424.71355973641744,1404.3657898508177,0,1,0.0,1.4881869254326383,1
75207,712,-474.2564515173774,1458.100909822733,1,0,0.003266210059626556,1.504289540895651,2
75314,713,-373.1228894531116,1253.8106063853263,0,1,0.0008285083725538602,1.4425543875435034,1
75423,714,-371.56923579409306,1258.5040635480605,0,1,0.0005489797526676243,1.4148472702162096,1
75524,715,-362.57306604645436,1218.2808066721216,0,1,0.0,1.4861926933342209,1
75625,716,-413.9252084774495,1266.7038196922385,1,0,0.00017927679581240512,1.482287831883036,2
75733,717,-427.3166201955474,1315.4239417803976,1,0,0.00036871118458314545,1.4410367535196922,2
75848,718,-454.7402359167877,1402.706915237229,1,0,6.083393717837848e-05,1.44433483730453,2
75964,719,-434.9828118015415,1438.6599090671746,0,1,0.0002154295903643258,1.5259613802774454,1
76061,720,-369.5918976878893,1150.2615753420037,1,0,0.0017294112419508454,1.395337404663082,2
76158,721,-361.7569623336621,1130.9369407071054,1,0,0.003040796781654397,1.3708041914291733,2
76243,722,-276.44983911286744,954.6899418628525,0,1,3.76827613490239e-05,1.3865199378500228,1
76337,723,-381.65443013475516,1185.0351657855974,1,0,0.00867767180519775,1.4912567886980892,2
76431,724,-334.4977800585289,1120.2045709297386,0,1,0.0,1.4684896235424187,1
76493,725,-174.93239162201127,635.2280227879896,0,1,0.00047074850320908004,1.2750326378423882,1
76601,726,-407.7746626111738,1343.261768926479,0,1,0.001801141735814325,1.5320832502211674,1
76697,727,-343.5956147857986,1145.239081345259,0,1,0.0,1.4709153708856375,1
76751,728,-102.13902202514383,440.53058803537255,0,1,0.0038217437991507337,1.0188437143108287,1
76869,729,-456.607140489496,1501.4543392386593,0,1,0.0031614613316482162,1.5654497613291585,1
77022,730,-628.3096363250326,2037.0304319109625,0,1,0.0018836996304803105,1.6344247961900749,1
77127,731,-380.0310473554658,1257.3168344773098,0,1,0.0003170450310731843,1.4743125040751037,1
77198,732,-207.9412902369026,738.8940926197588,0,1,0.0010757860823450856,1.290546378619495,1
77247,733,-107.57233484941173,359.0078167176854,1,0,0.008974245435969605,0.7891010328651514,2
77328,734,-267.5158130916748,921.1449449442168,0,1,0.0,1.405806662173041,1
77450,735,-426.67109688509566,1442.8180343146657,0,1,0.004895129193621296,1.4504831391319102,1
77511,736,-154.62779170803935,586.1134006735364,0,1,0.0,1.1956063588605141,1
77595,737,-265.82195787162794,923.9489340370004,0,1,0.0,1.358539386696874,1
77695,738,-368.5279707994726,1225.463774083112,0,1,0.0,1.5101386487053003,1
77812,739,-431.6199055647558,1431.1551716143815,0,1,0.0,1.5037805131535855,1
77896,740,-282.3062525936612,970.5221627515632,0,1,0.0,1.427567782483436,1
78013,741,-429.92997234990304,1430.0315641596953,0,1,0.00426389801995236,1.5037010418967494,1
78115,742,-356.0923034560249,1204.6970938680313,0,1,0.0005764471078767482,1.4549791201969833,1
78228,743,-414.6669213181264,1386.1755818646566,0,1,0.00021193296243110624,1.5096290503456424,1
78336,744,-403.3745138776556,1339.9425722437365,0,1,0.00016129803546978055,1.5282998436224942,1
78446,745,-393.7109755368405,1312.9840243796832,0,1,0.0,1.468559037520463,1
78542,746,-331.2478873582091,1119.3691026704955,0,1,0.0001448729226600077,1.437369150480109,1
78613,747,-211.95075145822335,759.6673258314145,0,1,0.0007791855622585872,1.3249778173824578,1
78758,748,-582.5877759958528,1888.982910186582,0,1,0.00021273877873633073,1.5995073123232593,1
78878,749,-360.44390483917596,1243.9101688870926,0,1,0.002924265608127057,1.2672968394993605,1
78982,750,-281.0865794816293,931.312505462967,1,0,0.00926532524654528,1.0317425883134768,2
79089,751,-352.2471304933951,1203.9343982858677,0,1,0.0,1.3836726565978548,1
79182,752,-330.1687910611197,1115.7346799268307,0,1,0.0,1.480250607985072,1
79299,753,-433.76114177249144,1424.9986805925812,0,1,0.0,1.497155614372443,1
79371,754,-201.67687103548008,665.7524448656584,1,0,0.014518093959618526,1.058114367804512,2
79509,755,-537.7634260194009,1739.3020363957653,0,1,0.0,1.547461458086366,1
79599,756,-302.8917495552949,1032.3594527655725,0,1,0.0,1.4158498620657447,1
79756,757,-582.8394476486342,1916.7476252284418,0,1,0.003409416136749814,1.4924467771244854,1
79891,758,-535.2916113895216,1720.7451011848311,0,1,0.00013650807621005205,1.564984616210145,1
80030,759,-604.5992341234339,1840.181608668703,1,0,0.0005719470913045973,1.5808596795211665,2
80099,760,-157.576117947861,610.4339594190203,0,1,0.0005424724570400267,1.0963571620006873,1
80121,761,-5.19173847228031,46.81909321958021,1,0,0.023091580673044978,0.04331053100505808,2
80235,762,-465.49569891900705,1444.5643213085561,1,0,0.008393429628940739,1.5047500352551586,2
80406,763,-512.1871031178324,1732.3696409575048,1,0,0.01924588965555552,1.1979665742037549,2
80522,764,-485.88455227158784,1498.078290900428,1,0,0.00552090830428428,1.535690689563468,2
80635,765,-443.7616232679187,1409.0079911537773,1,0,0.020388459580294338,1.482806189514811,2
80691,766,-137.52717466891238,451.3704544998019,1,0,0.0055508396420661235,0.8873409030691389,2
80791,767,-352.58720153128974,1190.1785174123488,0,1,0.0007124748457440401,1.4657042954477009,1
80917,768,-531.3512160755371,1632.3182714788963,1,0,0.000613649902072253,1.5424760960564576,2
80946,769,-27.084885917374166,114.01531427259967,1,0,0.01830212362844023,0.30321609587967063,2
81030,770,-294.2796248415773,934.5254452983963,1,0,0.012746496173766704,1.2966634369639782,2
81055,771,35.57814816477572,26.793768545649076,0,1,0.019815350148764885,0.16552443666572259,1
81153,772,-341.13801038434565,1167.064422262207,0,1,0.004037367867052595,1.4681770090358885,1
81233,773,-175.07993437774525,699.0116547565063,0,1,0.009989287930820318,1.0726535162272275,1
81362,774,-490.7455187813846,1626.4760671328543,0,1,0.003484957398902583,1.5460346751114185,1
81439,775,-262.511583767908,828.2955726355419,1,0,0.0031326229301813983,1.2437991861990056,2
81554,776,-402.0210880198394,1340.021761788568,0,1,0.0001398350405021374,1.4311618817839369,1
81645,777,-257.8750702595162,942.1821740157038,0,1,0.009500953278380894,1.273228291256746,1
81754,778,-390.4934104958944,1294.8527233819284,0,1,0.0007399598082302135,1.4599043855542464,1
81864,779,-390.3807403685076,1321.4673718654808,0,1,0.011071811937787649,1.4817234024594912,1
81942,780,-242.6444275830953,855.6232897503284,0,1,0.0008719607711653833,1.3560800373700836,1
82032,781,-356.82410035305463,1088.1936437935692,1,0,0.00022284866505067273,1.421686177616917,2
82178,782,-581.3126497734709,1876.8994165869658,0,1,0.0036256229690547477,1.5784870696472362,1
82226,783,-74.7999098806223,300.85162151493796,1,0,0.041633490180602466,0.6582422085724363,2
82325,784,-360.2298046249204,1208.5563786639043,0,1,0.01148905915842405,1.5078405644031616,1
82411,785,-253.9558942675782,825.6259842207531,1,0,0.00637690540742858,1.1055447660010465,2
82518,786,-445.2637722456545,1371.0678134795974,1,0,0.0034154937091147473,1.5190840232006773,2
82633,787,-415.95141469315297,1392.6732355298102,0,1,0.001795907186439957,1.4895786230617274,1
82739,788,-213.98814001270512,754.555857721255,1,0,0.0014013374668196642,0.7998193986699877,2
82829,789,-242.4051557507696,874.73327083683,0,1,0.0,1.191947087279254,1
82890,790,12.066368088250535,74.27653970328689,1,0,0.005490039962865646,0.03144912165141591,2
83001,791,-360.34051156734114,1244.1707860715317,0,1,0.0015259646510912132,1.3717011147315423,1
83092,792,-312.4867857761586,989.8496385840839,1,0,0.0032276495929205026,1.2696336403107988,2
83194,793,-340.9305197915879,1182.6082513771491,0,1,0.0025148474457451623,1.4243716471047088,1
83289,794,-336.89925125100314,1128.2650679872295,0,1,0.0,1.4643803769521027,1
83379,795,-311.9671563161631,1069.470043648222,0,1,0.0008506160552142958,1.4650239626597323,1
83613,796,-1038.946450508972,3272.046243722253,0,1,0.0012388230625403798,1.7126686008626113,1
83731,797,-497.9783153897499,1521.4582910240954,1,0,0.002822060087477562,1.5329036837061178,2
83856,798,-546.4531928226313,1659.9424454877098,1,0,2.7330287299657074e-05,1.581835457238875,2
83960,799,-362.6475025534783,1211.8909213440406,0,1,9.998772303821824e-06,1.4337785731647643,1
84076,800,-484.4168644781999,1485.895671203742,1,0,0.0014097116052488065,1.5219558014362236,2
84179,801,-363.7625654840668,1216.3158392398188,0,1,0.0006096069467597891,1.4538022773520598,1
84283,802,-313.7541693135731,1105.9150149204972,0,1,0.005497315666539408,1.305370170448637,1
84392,803,-396.83980572527844,1309.7098337165344,0,1,0.0,1.4786917690941233,1
84500,804,-371.4496477526503,1245.8963730874636,0,1,0.0,1.418530087882044,1
84652,805,-598.2487883966226,1944.5752535784861,0,1,0.0006600806782246361,1.5695702749412495,1
84729,806,-247.3719907145678,809.8347746917573,1,0,0.016995229416798832,1.2215604869248624,2
84836,807,-371.53277151907633,1238.5206289932348,0,1,0.0,1.4232773607543356,1
84969,808,-337.2240628856585,1228.1558492346337,0,1,0.004650707383701352,1.1243832146252104,1
85087,809,-441.28096966731556,1446.2124581095352,0,1,0.0,1.5070560344835975,1
85233,810,-562.737275658086,1844.1494434683825,0,1,0.0025744025242880153,1.547604101423551,1
85324,811,-339.6930902135051,1064.0755194518044,1,0,0.0029886136935379105,1.3710171359304644,2
85427,812,-428.36232579104967,1330.3556652272662,1,0,0.007616936321245209,1.5330933514134013,2
85538,813,-386.99423448318925,1329.706748806204,0,1,0.013146416125518512,1.4748569369114328,1
85671,814,-491.39996801845615,1643.8490014755776,0,1,0.0073289763873178905,1.5172594489139921,1
85782,815,-379.2373760594484,1291.9915218184601,0,1,0.005005509855500767,1.429614628029336,1
85852,816,-212.8755274354892,706.0500923766363,1,0,0.02107794154609514,1.1610162576288021,2
85956,817,-425.91843502789203,1312.162200566211,1,0,0.0015493324580714482,1.4927721891468582,2
86146,818,-821.4211848897264,2574.3322676832495,0,1,0.0,1.6608393097803984,1
86256,819,-394.1373473082416,1314.2401597894645,0,1,0.00039276337554630745,1.470406578666588,1
86351,820,-303.6141380919918,1060.2494111417057,0,1,0.003225190793903605,1.3743256850371075,1
86482,821,-500.33946460063714,1640.9203828408147,0,1,0.0010014162128074865,1.5379919923618555,1
86596,822,-412.52657410274605,1381.1146415093156,0,1,0.0021686623319171674,1.4883747120405564,1
86714,823,-482.4360241580443,1501.2775612220314,1,0,0.005005780145729145,1.5122117281236938,2
86735,824,-12.260669392614819,65.96114941970167,1,0,0.01953424970597098,0.15307803327041986,2
86862,825,-495.73267088330493,1617.9520818190822,0,1,0.0040207597756663485,1.5661283249359368,1
87026,826,-642.5463275025656,2092.9971230309347,0,1,0.0022154814671131663,1.5621623926203698,1
87055,827,-7.909305817682398,57.261485970710964,1,0,0.0,0.057634292125709294,2
87129,828,-166.25984196848339,652.3684216818003,0,1,0.0008874089576217094,1.0793175816264584,1
87243,829,-470.7801560009674,1432.781237836336,1,0,0.0,1.490731687899572,2
87371,830,-475.32675392006064,1554.9476621863057,0,1,0.0,1.4907338834238284,1
87472,831,-312.0202589110078,1096.3368743562187,0,1,0.0015877098446994448,1.3275852387181946,1
87584,832,-427.15539321140625,1404.404274842156,0,1,0.0002897830584930962,1.5437280110050262,1
87675,833,-273.50759294387115,972.9601064801602,0,1,0.005312678315627146,1.3170538166964787,1
87775,834,-353.126604266312,1194.6683847051736,0,1,0.0003220361595514568,1.4710650143775057,1
87884,835,-422.4844265886268,1318.4176028910565,1,0,0.00782562446675308,1.4324486335404336,2
88017,836,-502.46739496588305,1633.3487346606346,0,1,8.629181471480036e-06,1.5066221930949328,1
88122,837,-373.6181719260268,1245.269687435309,0,1,0.000144567770823613,1.4600841456463516,1
88270,838,-586.7104711183183,1900.4628040300151,0,1,0.004978927340919529,1.5762133140313543,1
88401,839,-487.3593389633561,1604.1782755465126,0,1,0.0006115603678596886,1.5031509509120788,1
88562,840,-630.7218755132632,2068.022278149063,0,1,0.004502379461234544,1.5730986314774749,1
88661,841,-330.75663017250594,1131.1078118692012,0,1,0.0027002834798340353,1.4037638887661053,1
88732,842,-214.25277359420738,696.7988867134729,1,0,0.009768925799950444,1.1256352458052612,2
88839,843,-383.03346220760614,1274.966850633507,0,1,0.0,1.4661913465992635,1
88926,844,-193.1600996500326,750.9508241208416,0,1,0.0019265149581223896,1.0572194715087637,1
89022,845,-332.0583369748132,1123.2667840737922,0,1,0.0010998239223469844,1.4418176997014436,1
89120,846,-321.49228197731486,1117.5737360093722,0,1,0.004240014409155106,1.4031307619871134,1
89211,847,-297.99890009734105,1029.6896140569495,0,1,0.0,1.3949326096112382,1
89263,848,-58.13443811728628,241.1739837530224,1,0,0.008907779384822076,0.44810608131999136,2
89384,849,-455.7391206748328,1499.1154468991078,0,1,0.0002731199830229571,1.5233968869242756,1
89457,850,-162.090789133603,637.6392121283984,0,1,0.0012001753005557022,1.0762986914662513,1
89570,851,-387.37735632700986,1357.9508892185502,0,1,0.02153456013532225,1.4826014122765052,1
89761,852,-750.6546117427348,2484.51692147627,0,1,0.02009743115895643,1.5984542330775562,1
89885,853,-406.0259680264621,1393.626064678957,0,1,0.0028260858968831275,1.3745959879101424,1
90005,854,-447.5211076121404,1500.4463097094247,0,1,0.009722384125508724,1.5407876715903226,1
90108,855,-294.87036158917687,1059.4029756988689,0,1,0.003767933128237491,1.2615230986838495,1
90210,856,-383.6868822911519,1191.2391376947378,1,0,0.00026758258795671894,1.375628286114558,2
90338,857,-490.36634114323203,1606.955300001667,0,1,0.000660459086958394,1.5425466804571057,1
90414,858,-250.99157290205383,799.0135875072964,1,0,0.004301975891891145,1.214660394002658,2
90533,859,-496.63650522064654,1514.9236162955306,1,0,0.0004230377351644175,1.5130952070295147,2
90699,860,-710.7318421260832,2175.069897033103,1,0,0.0026591736732250013,1.5696662135355388,2
90780,861,-304.6479853149137,947.2692959883302,1,0,0.007144448738952234,1.3686621962629184,2
90891,862,-470.2459832340252,1427.7211079140632,1,0,0.0001187442013915627,1.525787235732336,2
90992,863,-318.8422380222461,1112.3345643298917,0,1,0.002719469294454781,1.3527736694309236,1
91101,864,-327.05916749598305,1242.8136738565945,0,1,0.04980641927136665,1.4152779724135691,1
91279,865,-694.4741633639507,2297.2188719359297,0,1,0.01666132773814076,1.5868646556344972,1
91394,866,-423.29569270027,1434.084289590497,0,1,0.01280242812728228,1.5383769209261577,1
91569,867,-716.4688839711599,2300.1082296871664,0,1,0.003981793697025447,1.6109325019273486,1
91664,868,-313.8096627325922,1086.7494259148225,0,1,0.00844001746365095,1.41238598876253,1
91905,869,-652.8038027291864,2265.9797777366616,0,1,0.004382045800214823,1.1380794320591783,1
92005,870,-280.958207238274,1013.0832628778802,0,1,0.0028796079752151575,1.2417205490756804,1
92092,871,-264.45472817271394,872.546003728105,1,0,0.010426804596030684,1.1599867195856723,2
92265,872,-311.29185699128897,1150.2224628995061,1,0,0.005178815807513415,0.758099861951162,2
92354,873,-282.29530140696784,926.7666206899255,1,0,0.012610975415792073,1.2111539444577046,2
92500,874,-562.0868797840643,1833.54568325919,0,1,0.0008412033517541151,1.5411197067254645,1
92666,875,-513.6224681667413,1692.6733003143254,1,0,0.01163510363316407,1.2048017105361897,2
92758,876,-319.1752433871277,1001.9453144353912,1,0,0.002395044530766952,1.2727379455195662,2
92853,877,-345.3391320907544,1075.346176790194,1,0,0.002072891971280814,1.3286616167251601,2
92966,878,-313.01593754603675,1029.06174897791,1,0,0.0009404576329718036,1.0538991350386824,2
93041,879,-178.5361360005462,629.8399452102854,1,0,0.020589804385714318,0.948162403153601,2
93135,880,-373.01652241206205,1140.5502395497642,1,0,0.0006663908585682814,1.4281733455364176,2
93238,881,-368.20293485411116,1237.363641650242,0,1,0.001861379647799154,1.4798671219478412,1
93352,882,-465.894815341698,1432.4051320832048,1,0,0.0007998783680501042,1.4907686371094264,2
93480,883,-534.237213605272,1635.4769164101929,1,0,0.0005632370048926532,1.520782355642915,2
93610,884,-358.754774799715,1192.6443874641523,1,0,0.002734333545432672,1.0673730798880154,2
93816,885,-728.9656932367842,2327.031672964164,1,0,0.005312856946616881,1.3453298389614534,2
93907,886,-202.05688226911462,719.2492538229726,1,0,0.010445328989848967,0.8934230862206627,2
94001,887,-213.40417872565982,760.850322320439,1,0,0.016031302375778954,0.9232533994335655,2
94095,888,-339.69763047878814,1059.0098043380708,1,0,0.0009833297774276314,1.320415055218582,2
94254,889,-650.3938018083234,2087.4805998546262,0,1,0.0007617322383948723,1.6114080667511121,1
94379,890,-476.5029336542856,1559.1980887285124,0,1,0.0,1.5320386875830576,1
94473,891,-311.725521142635,987.6028578115873,1,0,0.003392811654942503,1.224256556298498,2
94580,892,-397.1858356592092,1321.5838251994926,0,1,0.0009814710349375741,1.5212879787475668,1
94689,893,-451.63324900840024,1378.8935021874038,1,0,0.0,1.4999585917751095,2
94798,894,-395.8533028174569,1315.334939069954,0,1,3.127857139872286e-05,1.4847436198931154,1
94931,895,-504.5969429112175,1640.0306819061748,0,1,0.0006094801869379943,1.5136764901707584,1
95061,896,-476.9813055116914,1566.5981666811956,0,1,0.0002500952061093064,1.4798172526823288,1
95173,897,-422.44013873081127,1393.5068585893437,0,1,0.0,1.5309785787869947,1
95323,898,-275.80681534929494,1106.5030268002056,0,1,0.006153559603254885,0.8873205562618993,1
95432,899,-392.0514658680606,1309.3700965757662,0,1,0.0005604200379788135,1.4782643434222182,1
95568,900,-247.8937426897383,987.0805173126035,0,1,0.006055521436907833,0.8760588454240462,1
95743,901,-492.4418677230539,1631.1050718548297,1,0,0.0011964517122150752,1.0907622603669147,2
95836,902,-315.0369450908625,996.9647823682507,1,0,0.0012744393353543205,1.2495684759485837,2
95974,903,-124.20515618873311,682.0793839841688,0,1,0.004242058664871644,0.5817441470262813,1
96057,904,-125.07537852023124,553.050359590122,0,1,0.0021809605287403866,0.8097067135555531,1
96145,905,-338.9631631393813,1051.4339909423402,1,0,0.008346950402874325,1.4035478370742622,2
96229,906,-320.3643781432486,982.2862307566513,1,0,0.0,1.3677626668162186,2
96342,907,-474.6614364033293,1450.5803611779056,1,0,0.0004341555856126578,1.5242236795194462,2
96439,908,-380.3025062798695,1163.9520517169083,1,0,0.0002550592797600283,1.4134124216302433,2
96550,909,-462.5669156804218,1417.2017908427754,1,0,0.0029733147574955775,1.515334208101214,2
96662,910,-400.39727145067667,1328.3743723300768,0,1,7.093394241587016e-05,1.4592672856806954,1
96761,911,-259.471193489909,943.568632797502,0,1,0.0029710534203428577,1.1669468736242068,1
96868,912,-380.7573323637641,1274.5884412994985,0,1,0.0003942855403677385,1.4659868535662928,1
96958,913,-295.9859290725418,1025.5416996879285,0,1,0.009039678105719564,1.4067133030097123,1
97069,914,-464.6620147776731,1419.7644162599925,1,0,0.0005305869776761577,1.5179497810721794,2
97162,915,-363.3888746340916,1120.3224843577018,1,0,0.002877293709578396,1.4182884597328307,2
97263,916,-416.05801559261243,1276.4503468287694,1,0,0.0034322299516945016,1.4958320885437322,2
97681,917,-706.2067639112346,2734.36955318038,0,1,0.011010069768524344,0.7740682870734354,1
97794,918,-425.2375368210767,1388.7126659106655,0,1,0.00021112665691508487,1.511742554587037,1
97913,919,-510.12677648292293,1553.7420766929913,1,0,7.287950247284223e-05,1.5518976933784137,2
98030,920,-462.2057894776151,1501.3625921828302,0,1,0.0,1.5791138555507358,1
98123,921,-367.1208379068842,1119.3192905081457,1,0,0.00040649510513862913,1.416556100260503,2
98219,922,-404.8307910416998,1220.3801738940085,1,0,0.00017925321453628242,1.5029538392698203,2
98303,923,-312.306968948054,973.766839208695,1,0,0.007240129093226648,1.358665828479586,2
98388,924,-336.1322353060122,1027.0651859734758,1,0,0.0019155577998373797,1.4184131465013452,2
98470,925,-320.6987531617696,985.6805417973299,1,0,0.0009890310635631756,1.4083695912511354,2
98616,926,-579.6557139313767,1881.756418050066,0,1,0.005923734345117225,1.5829814092044678,1
98851,927,-434.948837574289,1679.529256928679,0,1,0.008136454187288098,0.8504433099163393,1
98964,928,-418.8073078518184,1397.039414512617,0,1,0.001045169707035759,1.5217891643524237,1
99073,929,-399.8749951265127,1322.6118345805517,0,1,0.0,1.4938069456621894,1
99168,930,-342.09037181831616,1158.2615221340932,0,1,0.0035154817838225026,1.5047709905838638,1
99294,931,-488.5888506466949,1594.760231679045,0,1,0.0,1.5547367637240863,1
99394,932,-354.5498105897097,1194.7792271946996,0,1,0.0,1.471487046935057,1
99478,933,-280.9360454509181,972.4913436747097,0,1,0.001666487362870905,1.430749376307523,1
99602,934,-459.65686265393657,1523.6790447697224,0,1,0.0012353668474021583,1.5102725753370079,1
99775,935,-581.9816644326875,1940.544821009232,0,1,0.0008345360464999139,1.3673748718934782,1
99898,936,-452.72444945382125,1500.8413514158162,0,1,0.0009854178300874605,1.4999198300983088,1
100058,937,-370.6618025741753,1379.8658584746013,0,1,0.0038804577690752726,1.0415699691665545,1
100162,938,-376.56643080320697,1254.4044438854426,0,1,0.0,1.4846169126984383,1
100271,939,-402.11866705767204,1331.8244518855986,0,1,0.0,1.5039826930840963,1
100378,940,-387.6255808856085,1292.2635812947867,0,1,0.0,1.4869259770288774,1
100531,941,-680.5940577800607,2064.0337026671855,1,0,0.00036150612459630543,1.615012475272668,2
100637,942,-368.94775769480475,1245.0370073542467,0,1,0.0003836701368104114,1.4447165083082885,1
100746,943,-373.61778029563817,1266.288184305997,0,1,0.003281875799811721,1.4286409833025246,1
100840,944,-359.99108995408653,1120.3223190278172,1,0,0.003136178181035281,1.4029548699722396,2
100952,945,-402.6338644236481,1343.3441083685475,0,1,0.0,1.4754608907589657,1
101068,946,-286.1287684513744,1044.7066788608913,0,1,0.00032293961822400986,1.098131738430967,1
101195,947,-126.49116176425846,586.2171145381644,1,0,0.005501272369905085,0.4892454825235853,2
101326,948,-500.1599231254992,1644.9355637614372,0,1,0.00011050873839712389,1.5428960872059718,1
101432,949,-389.32673019882816,1301.3465708749452,0,1,0.0,1.511925496569936,1
101552,950,-450.13570801300676,1490.2432798147463,0,1,0.0,1.526303625275465,1
101684,951,-374.30749988772794,1330.7223265072917,0,1,0.009887938706719885,1.233185561310593,1
101806,952,-513.216717543952,1576.1372656740295,1,0,0.0011367380142226912,1.5361185861541646,2
101972,953,-36.348926636254745,507.85243461762116,0,1,0.006049554992120266,0.3411429376721357,1
102069,954,-344.0219694081341,1158.1351103357588,0,1,0.004264411906813828,1.4719738724491442,1
102191,955,-466.1522739687366,1527.6755000292917,0,1,0.002018842280566958,1.5399182992312221,1
102285,956,-336.3096806767641,1124.5487438860637,0,1,0.00034922060657063055,1.4745545730738558,1
102432,957,-595.2159534378688,1919.6862049205415,0,1,0.00011163908234219572,1.6032135742386056,1
102539,958,-406.061740658872,1346.986951689619,0,1,0.0001649828770882508,1.5504817703855949,1
102638,959,-345.13824167343057,1166.1555076320783,0,1,0.000529059663470269,1.4509511052915252,1
102745,960,-369.67700870104215,1251.9589785514465,0,1,0.0,1.4390555245336372,1
102845,961,-347.9455529022052,1179.7633748400865,0,1,0.0,1.4534177685586342,1
102924,962,-254.5059261406783,891.4874351487044,0,1,0.0002607816053502989,1.3937718689584542,1
103028,963,-436.0526425078972,1327.279277918942,1,0,0.0,1.5119436618176216,2
103136,964,-408.66725414241597,1354.346721354063,0,1,0.00035669245892534286,1.5446720913330632,1
103260,965,-461.7521198112334,1530.2952645072467,0,1,0.0,1.5163086082998927,1
103378,966,-262.3664467325972,983.9276294300951,0,1,0.0,1.0137722281814925,1
103461,967,-188.9908213914593,663.1637152341548,1,0,0.013824748121795643,0.9027817593606462,2
103554,968,-332.7119028968436,1125.027304069195,0,1,0.0,1.4923100648392833,1
103667,969,-414.2476476624641,1384.1377136256353,0,1,0.00360625805148443,1.5060654705351022,1
103766,970,-157.09318001355936,699.0834043845738,0,1,0.00876472439885879,0.8550905217437939,1
103879,971,-414.98917051916914,1378.579670391527,0,1,0.0,1.5005129162238424,1
103993,972,-415.5689534745932,1394.2679185252327,0,1,0.0,1.5039685440006105,1
104107,973,-431.8256614066808,1429.7649667729486,0,1,0.0016644779851182788,1.5426809807331565,1
104232,974,-480.1830029359564,1569.291965319569,0,1,0.0,1.5427941866320047,1
104347,975,-429.8959400252156,1431.0150771105025,0,1,0.00043719691346726954,1.5307238926190665,1
104456,976,-400.58984917371333,1337.4616859970479,0,1,0.0,1.5112772843138444,1
104557,977,-363.0402905209733,1224.4909705945593,0,1,0.0,1.494131937771585,1
104660,978,-372.9948947418308,1255.6807829978468,0,1,3.825145939845138e-05,1.5021911593962454,1
104753,979,-324.62998540437354,1111.6740879435015,0,1,0.0013774444282397443,1.4739630304192026,1
104869,980,-430.87869011313916,1439.6384369895407,0,1,0.0,1.5268500037856314,1
104971,981,-356.30165200938154,1219.0439855422155,0,1,0.01080832121936289,1.4734116656292986,1
105070,982,-348.06429627280215,1178.6258289045275,0,1,0.0,1.4668664481377154,1
105185,983,-423.40339252781075,1411.914847648527,0,1,0.0,1.5106200412380026,1
105299,984,-428.8363906062395,1425.549305670367,0,1,0.0,1.5381695974902854,1
105391,985,-360.2299399348872,1109.5036818063227,1,0,0.0023606403568074393,1.4198013530127194,2
105503,986,-392.71237384008333,1341.6572889931313,0,1,0.0060555498184963,1.4728803420319179,1
105612,987,-406.78194905962704,1358.5802478709788,0,1,0.00047586903908848464,1.5340189196482592,1
105711,988,-339.9229521500573,1158.3733992786597,0,1,0.0,1.4408629465498015,1
105766,989,-85.26457275378723,400.7953895977771,0,1,0.0013684185551207863,0.9054445936840563,1
105942,990,-710.7755094263664,2302.615291794568,0,1,0.003676741784370442,1.6040512058502439,1
106026,991,-329.2651249129892,1020.8577263579883,1,0,0.0046141743348366475,1.4277766406305215,2
106132,992,-380.4484594683547,1276.4162630204328,0,1,0.0013790065687627091,1.4808234763155506,1
106235,993,-370.8488322100224,1238.5275367003774,0,1,0.0,1.4808085986611568,1
106345,994,-408.74105166665737,1357.3120461122874,0,1,0.000794895431369206,1.5191054373246256,1
106426,995,-295.3779885453605,930.4696279875483,1,0,0.011984595143171718,1.3440617740637568,2
106525,996,-351.2764440176648,1192.6761821646826,0,1,0.0030571388445052366,1.484396416322054,1
106617,997,-300.044669875194,1051.0601242161817,0,1,0.006499011909919539,1.408509815099819,1
106772,998,-376.9426527810722,1262.8364479200438,1,0,0.0016202081614579331,0.939883717918904,2
106868,999,-348.67856922157625,1165.0975741244558,0,1,0.001175248776276351,1.4972673554305957,1
106976,1000,-403.55466417246834,1335.8430611307124,0,1,0.0,1.5228309676711875,1
107078,1001,-366.6826593385374,1222.8798764772735,0,1,0.0,1.4762661876357528,1
107180,1002,-374.5465007821505,1236.4752044426536,0,1,0.0,1.4924711778980184,1
107294,1003,-430.5619369377109,1409.2929109787638,0,1,0.0,1.5210253869876713,1
107395,1004,-361.18631135848005,1202.057584092305,0,1,0.0011970712710372214,1.4657316554553756,1
107511,1005,-445.90603648791154,1453.091715338077,0,1,0.0,1.5410230368430344,1
107620,1006,-406.07715524330484,1335.1130212810006,0,1,0.0003533644673765789,1.5074448954996653,1
107733,1007,-435.70803397366177,1428.871127362888,0,1,0.0,1.5563751689546435,1
107854,1008,-457.3048935769887,1492.067363845299,0,1,0.0,1.5150211905924102,1
107961,1009,-397.4129686194525,1312.5312909139163,0,1,0.0,1.5104645767680285,1
108077,1010,-447.1750461353776,1458.6031199953736,0,1,0.000133930251654553,1.5468630805310966,1
108198,1011,-454.4135924093515,1496.703545834939,0,1,0.0,1.5203433780031277,1
108303,1012,-376.5127081522868,1254.5196405711354,0,1,0.0,1.4708492700773033,1
108409,1013,-377.8381126441879,1262.1802256846152,0,1,0.0,1.4654131159656252,1
108520,1014,-395.6547181755436,1331.3717672418936,0,1,7.521329864488958e-05,1.4745605650453009,1
108632,1015,-401.40397324856775,1342.7661376427475,0,1,0.00551642524276955,1.4747423556641446,1
108716,1016,-275.2804867252144,955.3628693808968,0,1,0.0,1.403339923233149,1
108816,1017,-359.63847223095405,1211.6046736344679,0,1,0.0,1.4926246230450873,1
108924,1018,-409.70066926477534,1350.6066135591484,0,1,0.004438036233449393,1.539098460413921,1
109022,1019,-336.87501521604423,1136.3496186815464,0,1,0.001093391491257237,1.426186287773667,1
109105,1020,-320.98305805389214,1000.638534036,1,0,0.005839924048493271,1.4153902941642167,2
109220,1021,-432.50712782563073,1441.2520867758406,0,1,0.004728189285045525,1.54349770491533,1
109297,1022,-243.91899504922233,862.2288782838278,0,1,0.0,1.3840894912518806,1
109372,1023,-225.08469965654612,824.3517802090505,0,1,0.01042742123557018,1.360681902957048,1
109491,1024,-392.4262240894944,1340.9587036561077,0,1,0.00606021550397493,1.3793868702799044,1
109584,1025,-351.9347829839194,1095.7141865050014,1,0,0.001093424160226583,1.3856332251090389,2
109688,1026,-408.6688866986244,1284.718545813625,1,0,0.01223008354314644,1.463969931918857,2
109758,1027,-220.47046377602393,784.2757377767125,0,1,0.005848088833610607,1.3900308107877204,1
109926,1028,-643.7263285739695,2092.6175899149375,0,1,0.004324844799038116,1.5252366572419902,1
109990,1029,-185.75264281462086,705.102063398318,0,1,0.01557221404733175,1.3741472418643716,1
110096,1030,-389.91351490695683,1300.3652525789016,0,1,0.0002568526269997921,1.5111095559164067,1
110135,1031,-40.546794182330075,222.8435122104766,1,0,0.0751656694939661,0.5808425357978099,2
110206,1032,-222.7029360166634,794.173400453004,0,1,0.004605211302323886,1.3895915822191585,1
110299,1033,-333.3110074064285,1123.0502605645336,0,1,0.0,1.4892671284772259,1
110407,1034,-387.1179524161257,1298.9542822058434,0,1,0.001246540459011137,1.480078174490534,1
110504,1035,-326.29557268216575,1115.569313142486,0,1,0.003342679021253441,1.4169442354111546,1
110597,1036,-282.0534262909687,917.1226592771698,1,0,0.004757552019440169,1.1417171535550688,2
110634,1037,-61.17460179656558,233.870931627676,1,0,0.02619031966254345,0.6362133144889098,2
110727,1038,-286.4753460880916,1021.1827419801294,0,1,0.011876613595653718,1.3538004225013722,1
110796,1039,-201.81436908529872,733.2194863310777,0,1,0.00440362429071284,1.3192493688245612,1
110873,1040,-155.32916982324673,604.9703172166161,1,0,0.04708890673818434,0.8963204118360336,2
110960,1041,-322.99041051508283,1015.817787972482,1,0,0.008957883983251414,1.3685340289211163,2
111027,1042,-245.21752024713692,758.3800001646559,1,0,0.0033247502181484208,1.311248924182142,2
111123,1043,-342.4279421375987,1161.58711467651,0,1,0.0023735117965678356,1.4932998108722808,1
111205,1044,-250.1447921471613,901.5354003226832,0,1,0.012037244122736867,1.3626213944080403,1
111263,1045,-187.6181703291533,602.8925838108636,1,0,0.013005863139597364,1.1865225427911037,2
111450,1046,-431.63995544502114,1677.938387545513,0,1,0.03058904935985974,1.0940321829742679,1
111531,1047,-312.0414102476388,967.5519637341727,1,0,0.004229482131647864,1.3993484165303185,2
111634,1048,-360.55149313689003,1213.7778011086666,0,1,0.000636626057611004,1.4514333158319153,1
111696,1049,-138.18114853126826,551.0438827761865,0,1,0.0,1.1001761744662653,1
111802,1050,-386.53716993774196,1291.8213934319035,0,1,0.0,1.5003578387133392,1
111900,1051,-387.7220375337505,1197.320323303674,1,0,0.000872391399268592,1.4415084394733442,2
111952,1052,-80.70439141911764,304.8517221355859,1,0,0.012473443393110434,0.6080015907912912,2
112026,1053,-244.43740505777728,853.7245262286783,0,1,0.002514240516763041,1.4298858618282564,1
112124,1054,-340.3020313939778,1063.1820259936367,1,0,0.000543945737213946,1.2692738710503342,2
112220,1055,-399.9976352672462,1226.7657385968307,1,0,0.0016140726199468328,1.510934340779951,2
112332,1056,-404.86433613822464,1356.082065157129,0,1,0.0043753131088011534,1.489878644542566,1
112436,1057,-343.94183822580777,1183.6777992651053,0,1,0.003700113856292926,1.401542031034502,1
112477,1058,-58.23954308436435,229.85696422866457,1,0,0.015826521927795167,0.5490740077002669,2
112585,1059,-390.19209387306705,1308.6262689551045,0,1,0.0,1.4912727675925719,1
112676,1060,-370.4933702417875,1136.0679685346265,1,0,0.002955484059472942,1.4727248673342095,2
112786,1061,-409.6662473080827,1375.8619941404008,0,1,0.008878392733138936,1.540511097376553,1
112873,1062,-299.4541922695677,940.2156811241455,1,0,0.004004034694217713,1.259349570545112,2
112985,1063,-412.52560836796306,1388.3516930999576,0,1,0.008646666581724005,1.5275902535709918,1
113130,1064,-509.791583771384,1696.6070418323457,0,1,0.003730496615867543,1.4307405117544538,1
113265,1065,-523.4681612508383,1706.9152842155788,0,1,0.002939351828832779,1.5521431305046585,1
113406,1066,-451.30819264857365,1549.7996888868745,0,1,0.009828797791010771,1.342611774031187,1
113528,1067,-460.91726246478225,1524.7972894655886,0,1,0.004513818371722462,1.5379130997476342,1
113622,1068,-357.4762842278697,1108.708649339681,1,0,0.0011286795843864423,1.3864795216090855,2
113712,1069,-91.13537538929523,418.15065574338774,1,0,0.015034388263515431,0.486443482988135,2
113819,1070,-398.6408748332354,1326.9747875727223,0,1,0.004598498455931173,1.5281292264481339,1
113921,1071,-371.8588397779964,1242.3887152520526,0,1,0.002202619447195383,1.4991167357481359,1
114032,1072,-394.5953097021702,1324.7773801703318,0,1,0.003117406830648095,1.467711544485163,1
114138,1073,-361.8986042560949,1223.404328824401,0,1,0.0,1.4195994577464222,1
114250,1074,-428.3338056760095,1413.8842272649358,0,1,0.0004021429424174903,1.5544421322448907,1
114360,1075,-392.6768433500818,1307.4382286866232,0,1,0.0,1.4621120140628112,1
114481,1076,-457.10444476343946,1509.9845377643019,0,1,0.0029043374844974195,1.5337560811437763,1
114585,1077,-370.9477477954995,1247.2058839832835,0,1,0.0,1.476640418272355,1
114661,1078,-242.62988819577015,777.7634926818344,1,0,0.006974895172989104,1.18310523144776,2
114785,1079,-524.3223446437785,1608.7412785622232,1,0,0.007556617303610311,1.5450882697379769,2
114924,1080,-458.49868325336695,1552.7203304095235,0,1,0.007777449956834736,1.366204763062249,1
114973,1081,-78.34612373961302,363.995725556609,0,1,0.0007841309833299218,0.9293987732088379,1
115068,1082,-376.27252250353484,1155.9697703688032,1,0,0.0030599727846868227,1.4339862003654698,2
115568,1083,816.7439596275501,669.0952093835634,0,0,0.21354606984670893,0.18543891532509105,0
115655,1084,-331.22114298527936,1020.2036403069062,1,0,0.003940210368574606,1.3749378200657933,2
115741,1085,-269.50163200157374,946.4657051454142,0,1,0.0012992553355759687,1.357210932003143,1
115867,1086,-464.37127009852145,1538.5268028811386,0,1,0.0,1.5000647997746372,1
115959,1087,-376.14885164061843,1146.3632934040909,1,0,0.0019135074189768834,1.4690481879486301,2
116073,1088,-402.5448822804074,1349.411460119859,0,1,0.0,1.4553425823504382,1
116178,1089,-271.22257383282476,986.7918494441817,0,1,0.0018242062361249027,1.1467766060822582,1
116258,1090,-305.2739337982489,939.7505513907975,1,0,0.003008136435395732,1.3738976649100199,2
116376,1091,-439.68934407762856,1457.7332068451647,0,1,0.0006335487889452975,1.518540747461833,1
116503,1092,-470.40816435265236,1549.9648099367198,0,1,0.0038700672739613406,1.4990719677279598,1
116578,1093,-205.39126380372016,765.9095854993209,0,1,0.007340822964649246,1.2625939885652604,1
116787,1094,-482.44724867767127,1750.4316687619046,1,0,0.026085929748881482,0.9837737874701274,2
116881,1095,-360.5787225585972,1107.8420209178157,1,0,0.0011925070028119672,1.3860107779179751,2
116990,1096,-448.7298315551028,1384.214499517373,1,0,0.0041108438024994925,1.5069559857382802,2
117092,1097,-405.44525231237293,1260.6436362201598,1,0,0.007627848431451947,1.4608785417510706,2
117198,1098,-388.2160005277754,1281.766209727139,0,1,0.0019079742826455352,1.4872042769297413,1
117310,1099,-392.8825160957609,1323.7014823987352,0,1,0.0,1.453051276573605,1
117357,1100,-83.1392356743562,375.8425408487648,0,1,0.0012906045912088385,1.0016529173456388,1
117446,1101,-339.3041918243793,1050.5270450958662,1,0,0.00431283869145311,1.385771500719848,2
117496,1102,-83.97720807369771,384.8571648823134,0,1,0.0004722553645424588,0.9605184913171603,1
117574,1103,-291.5120459956828,904.5220885162914,1,0,0.0038423085443654173,1.3528571619611338,2
117666,1104,-369.7523265800969,1134.7882754711206,1,0,0.004708039781364529,1.4528889585786913,2
117722,1105,-118.76529647560437,483.86004186843803,0,1,8.292673838415891e-05,1.0730820170190543,1
117849,1106,-446.9819840872458,1488.794602078072,0,1,0.005844450651596433,1.4358648007314605,1
117910,1107,-137.8661511301134,547.9330416816865,0,1,0.003498593251838454,1.1130069980973232,1
118060,1108,-410.1386806174642,1559.1901952523579,1,0,0.08108600804168128,1.2507263705746479,2
118132,1109,-256.40418361974315,811.447032512476,1,0,0.008800980259234393,1.3080182933143703,2
118223,1110,-305.75805744829717,1054.1277886507255,0,1,0.007176745982770425,1.4278637890974462,1
118298,1111,-269.448618616284,863.7156703398259,1,0,0.02098440267673967,1.3462169457194832,2
118414,1112,-390.5707511515328,1380.480342993651,0,1,0.03227911804834467,1.469244306323074,1
118491,1113,-266.30367924800294,849.32960557659,1,0,0.010039475994977962,1.2835390746691702,2
118572,1114,-298.07606372964307,945.0645319572011,1,0,0.014512849974806405,1.367659753386734,2
118644,1115,-250.35407259312876,804.4057850014271,1,0,0.018529232691967042,1.2999213515228962,2
118718,1116,-205.60945117226052,684.0263300418115,1,0,0.012112141518229017,1.0558594746507957,2
118794,1117,-132.2243066529418,571.0624190036956,0,1,0.0066673670599525095,0.9205354543128531,1
119118,1118,-148.07378867547905,1323.6603417329416,1,0,0.051382450646497366,0.4562139573395559,2
119199,1119,-273.12159388949823,895.28260217401,1,0,0.021981371288397937,1.289240423372341,2
119301,1120,-419.85131475712353,1287.585404507446,1,0,0.0019259091945666342,1.4937672013990662,2
119434,1121,-479.4427252251911,1608.2605974235366,0,1,0.011057517366363316,1.48297547057011,1
119513,1122,-245.98647924337652,867.107923524694,0,1,0.0017344150217953524,1.3524467815856709,1
119646,1123,-483.37910382624193,1591.1353698225323,0,1,0.002344549888548468,1.466900192862386,1
119761,1124,-396.9808971654701,1343.1965054230102,0,1,0.003933695804090423,1.4328445654542712,1
119884,1125,-456.807758786618,1509.5907803833275,0,1,0.0057242358388839756,1.5080069987745714,1
119979,1126,-383.6025227553162,1174.540577686641,1,0,0.002426588751302621,1.4575306679892788,2
120132,1127,-598.575893947256,1940.6649062771623,0,1,0.004725800709417884,1.55432357334531,1
120233,1128,-391.8966387238088,1257.9562118731367,1,0,0.03363502313729174,1.4824414225168785,2
120360,1129,-507.6361645485697,1580.508940620026,1,0,0.00743448864561761,1.479828545366588,2
120470,1130,-408.85720317762343,1367.6511162498578,0,1,0.007633643839567661,1.5305999036255817,1
120571,1131,-422.4555493560818,1292.908406523656,1,0,0.000909091562996184,1.5133558450061257,2
120629,1132,-146.27556081292516,580.8345306142501,0,1,0.01605200582583063,1.2515850925040914,1
120856,1133,-146.12722334602728,1242.799910741306,0,1,0.08515046988497853,0.6684901569676015,1
120963,1134,-396.4170479699877,1318.0031078374418,0,1,0.0003281013725624465,1.5140632585420752,1
121096,1135,-514.0713851779193,1722.781805780899,0,1,0.016150474689572623,1.5952452654796554,1
121178,1136,-282.4946126835305,912.2387048063697,1,0,0.019138253274484887,1.2984774569499928,2
121260,1137,-275.9795795904412,885.0459038137399,1,0,0.011765363008396246,1.2533921157527586,2
121306,1138,-88.93120362592285,312.70967602884286,1,0,0.015744638983766594,0.7177703778631946,2
121414,1139,-321.79435229784133,1130.9287139512533,0,1,0.004177796851456807,1.2811354464557227,1
121475,1140,-136.73584635375082,473.85491690489874,1,0,0.007396324985692945,0.8510896293302469,2
121553,1141,-264.15527334238664,863.3191261652731,1,0,0.019176086061618396,1.288592796351322,2
121583,1142,-26.191182017337066,132.97283993509137,1,0,0.04582661260451603,0.3806277604991214,2
121690,1143,-333.35735370911135,1083.3384827356551,1,0,0.008610121020074746,1.1802740808458438,2
121847,1144,-562.64212401192,1872.6398235590243,0,1,0.004994896125874431,1.4583203380826648,1
121962,1145,-324.38786880927427,1143.6116789310568,0,1,0.001809835169436854,1.2124773194124228,1
122033,1146,-243.96895756580312,792.9384935693838,1,0,0.018042638076469688,1.2965933978457442,2
122113,1147,-301.33227341667924,937.1677973569507,1,0,0.002182554556209772,1.3681064693060079,2
122262,1148,-595.3490782304941,1911.595553297825,0,1,0.0008273091601845646,1.5712266280797813,1
122360,1149,-265.75958031498203,958.4091438315899,0,1,0.004691168037771521,1.1954476774486942,1
122432,1150,-272.7823177883111,848.9364451246623,1,0,0.008045590438061401,1.3747906697695764,2
122734,1151,-127.70819392378667,1072.1883174657814,0,1,0.013968987867561154,0.3942485002425266,1
122889,1152,52.503396292515646,348.25329186246586,0,1,0.04044883372211716,0.2478951131563487,1
122963,1153,-180.555660901619,633.8714752496754,1,0,0.02386096285189655,0.9714328365533115,2
123027,1154,-172.07916256479072,651.7438930894639,0,1,0.004087890843309922,1.2626307103796062,1
123140,1155,-422.46546910837174,1393.4832747789967,0,1,0.0026543981911839438,1.5162592346584145,1
123220,1156,-301.4296048495044,931.9609345926593,1,0,0.0025497742018063072,1.3613308751590396,2
123298,1157,-229.56057581017566,748.5257017783546,1,0,0.005327375253519779,1.0976955353645717,2
123444,1158,-568.2529490791084,1847.2849913532077,0,1,0.0017613349851930762,1.5497239243802736,1
123594,1159,-585.5343677200068,1893.8303472929515,0,1,0.0013676208347159567,1.5467286008869652,1
123667,1160,-270.11104930156387,842.9501271868253,1,0,0.0036175706314694853,1.3436052544583514,2
123699,1161,-46.175370369860616,166.2356347742576,1,0,0.0072907850689572454,0.4803779947487765,2
123795,1162,-321.3714411765143,1106.8780942581534,0,1,0.004828600800456475,1.4200889200527496,1
123918,1163,-372.90900246279824,1301.1314704339002,0,1,0.005446254817340721,1.2906244440309282,1
124063,1164,-444.6606088870211,1461.535774273222,1,0,0.008147119153280242,1.183327266099793,2
124156,1165,-282.76143203560065,939.0925869268422,1,0,0.013957353992224043,1.169251797463389,2
124254,1166,-254.23970588483584,935.6275461580993,0,1,0.003482755789752864,1.1689729264624498,1
124480,1167,79.93123615584953,338.861175036644,0,1,0.012370583153303234,0.14067967542270404,1
124529,1168,-102.32076075161042,431.5052157008516,0,1,0.0017014935721841194,1.1008624331899461,1
124589,1169,-113.9716712380051,492.4043061949106,0,1,0.010586601038494133,1.0188005509445095,1
124830,1170,-334.4021556263591,1438.7560420283319,0,1,0.0035191606747489164,0.6989017423185037,1
124880,1171,-62.980482976739694,296.51438954714433,1,0,0.043573882165595205,0.6148070634121029,2
124987,1172,-277.70222754827256,1014.6779801202679,0,1,0.0028424845155070777,1.1552848308064956,1
125059,1173,-253.83002455893856,792.8311748649988,1,0,0.001993629277588654,1.275588274668408,2
125178,1174,-450.4379082827984,1494.4872554869976,0,1,0.002281206401456905,1.5408155830905539,1
125304,1175,-469.3505810541159,1545.7859422168342,0,1,0.003039528584164671,1.5045380066477805,1
125386,1176,-285.33338643607834,910.6500534414545,1,0,0.012313212907687707,1.2936447032599145,2
125442,1177,-127.57813671387515,515.6719902820392,0,1,0.005629603034387959,1.1469349985414523,1
125505,1178,-170.4080614708811,659.6972832267127,0,1,0.020206298843336492,1.3077222170522331,1
125609,1179,-308.07370138784745,1084.1935114459075,0,1,0.0036731810767046697,1.2755427473450338,1
125702,1180,-365.2752117462704,1129.9905827131263,1,0,0.0013729147406363025,1.430028891203151,2
125785,1181,-209.8205183852641,698.8675572237028,1,0,0.005980803170421595,0.9543060143951075,2
125865,1182,-203.558816562336,688.4633644210389,1,0,0.015152530821071139,0.980301480111839,2
125957,1183,-296.64828487185605,1031.0905798539084,0,1,0.005923317027644613,1.3817620204861656,1
126038,1184,-318.9953844725073,995.4029614478405,1,0,0.010209874243517384,1.4445177057130498,2
126119,1185,-305.72982618255264,945.3817647974632,1,0,0.0030424283445799672,1.3659273541108603,2
126207,1186,-1.6522245061275882,160.73982728076518,1,0,0.005597443998050519,0.12259840270389093,2
126294,1187,-334.7138388157072,1030.2082896877291,1,0,0.0,1.3881123106014666,2
126390,1188,-235.68115904629192,872.847046554439,0,1,0.0005472180275152799,1.1086773237376297,1
126513,1189,-451.124154948243,1498.844645447363,0,1,0.0008703498584263557,1.4928513400863455,1
126570,1190,-93.8145360747423,423.28594848232035,0,1,0.0018925218199740109,0.9215041485658203,1
126703,1191,-527.4348194502523,1721.1722257766528,0,1,0.0025879359442957106,1.589167541313906,1
126737,1192,-64.18040899557018,225.1310072519064,1,0,0.020198276856215065,0.6718451553571372,2
126787,1193,-87.62298527962221,390.77634843610366,0,1,0.0019490832629253765,0.977071254356259,1
126878,1194,-341.7007305203262,1071.7684745886052,1,0,0.009180104538983736,1.3859209568652113,2
126962,1195,-325.0074437903184,1001.0345722772311,1,0,0.002671778514515776,1.396469564370397,2
127062,1196,-398.2483892384258,1232.5314452966102,1,0,0.006028047496929851,1.456609556034988,2
127216,1197,-620.682565313966,2004.1549985761153,0,1,0.002282979595838501,1.595157161549032,1
127327,1198,-403.8709944895127,1352.1452695571134,0,1,0.0028880532085363135,1.4966528827028058,1
127422,1199,-334.6367036977938,1122.8134223759987,0,1,9.758175563046453e-05,1.4564653207531606,1
127513,1200,-279.04121193018364,999.7329708014545,0,1,0.011685105335580322,1.3547038266809845,1
127585,1201,-197.87168190560143,654.4258397783962,1,0,0.008601447534438691,1.0329351043424562,2
127705,1202,-214.34642490763804,995.737968193734,1,0,0.10520835303930566,0.9909103250001204,2
127805,1203,-319.2967826954663,1104.1707501203227,0,1,0.0026352632471985694,1.3555618018604085,1
127875,1204,-231.136571677509,769.9510888287954,1,0,0.038956526581980795,1.2880621789095916,2
127952,1205,-250.93762601120343,789.5741599878932,1,0,0.0038768943122117388,1.1808987773066821,2
127989,1206,-82.58466010495091,269.1995474174652,1,0,0.0004497639713811793,0.7550852583445223,2
128023,1207,-67.56360200909153,223.05575159638482,1,0,0.001095197647251462,0.6565649586021364,2
128053,1208,-38.77706271463724,139.0161245571308,1,0,0.0,0.3984289650116943,2
128159,1209,-388.2700312757542,1287.7213896666697,0,1,0.0025222411824569577,1.4955777295837747,1
128207,1210,-146.16085143432494,460.3961158319164,1,0,0.0,1.0707307466064921,2
128325,1211,-439.4501888604362,1444.5820164547183,0,1,0.001263818222633477,1.505669164954227,1
128376,1212,-104.18176510188066,436.9307628709795,0,1,0.001206234544453633,1.0674053356251834,1
128479,1213,-369.66806729926486,1242.5063477749522,0,1,0.0021141978813732365,1.4835079909579774,1
128566,1214,-279.0015584271303,969.686837118614,0,1,0.002246965833495674,1.3728137729981313,1
128673,1215,-440.2898645412609,1346.5126735277884,1,0,0.0017205890117830934,1.4923489697945744,2
128772,1216,-359.08711400761035,1205.1428432579373,0,1,0.0019226454500950124,1.499675865930794,1
128867,1217,-310.50071383782597,1077.1714201079576,0,1,0.008263983793455389,1.3981243052224874,1
128973,1218,-395.4707499372575,1307.4728478416696,0,1,0.0028648300688706154,1.5182675983062643,1
129086,1219,-392.391954647997,1321.8502256919005,0,1,0.002295606224168137,1.4362297448082568,1
129201,1220,-429.4980802782543,1407.3917490720314,0,1,0.0007131723355494401,1.50440472243736,1
129292,1221,-227.60831719226664,840.40755850391,0,1,0.000740961977028454,1.130479044874892,1
129341,1222,-94.41770158498957,403.8131080315439,0,1,0.0014473688402498286,1.030328428177197,1
129446,1223,-377.130147905533,1263.108866867843,0,1,0.003806888726231141,1.481622793442673,1
129477,1224,-50.18468980705687,173.88242969157494,1,0,0.0,0.5258321662123919,2
129587,1225,-394.0300586230742,1307.3258933049144,0,1,0.0008737147785725159,1.460485111446522,1
129674,1226,-271.80392788550967,955.5513462728111,0,1,0.0037224728087705905,1.3530551882064812,1
129757,1227,-259.6204240918891,919.3622290325582,0,1,0.006364035102955572,1.3669111284325053,1
129874,1228,-400.4833527873201,1364.4630209252623,0,1,0.006265016853080537,1.4310760066289716,1
129961,1229,-235.47879022405564,857.2890579599359,0,1,0.007322473838447703,1.2135995423272206,1
130055,1230,-307.1118669768146,1074.415391651263,0,1,0.012170032029952411,1.410822308967528,1
130163,1231,-266.98650253094615,1002.5228218045002,0,1,0.011239976006826483,1.1338950347279977,1
130202,1232,-98.30833161019832,319.7530886499659,1,0,0.005074997131184337,0.8792449425007627,2
130334,1233,40.93253832263152,228.62591682966442,0,1,0.006849604849239082,0.1770824894186729,1
130435,1234,-355.96159727217827,1193.7969691739136,0,1,0.0022251526752470542,1.4549744209283297,1
130482,1235,-126.04771765016821,414.8348262119826,1,0,0.014884051884337947,0.9779867549369116,2
130526,1236,-89.73303810770014,345.9236580273385,1,0,0.051622313534530555,0.8635308296964048,2
130620,1237,-305.2387236345559,1068.3884790918207,0,1,0.014118797196956032,1.4058423591401739,1
130719,1238,-316.36818271285745,1122.2664490135228,0,1,0.020250635830440022,1.402579450942463,1
130826,1239,-350.9730856771685,1209.3360547401446,0,1,0.005190635984130722,1.3904459119271586,1
130914,1240,-286.9629438484342,997.4351129448788,0,1,0.002667474265392188,1.3977143481065424,1
130979,1241,-159.67942079469813,616.1117359442874,0,1,0.00342889633093254,1.1767659577286556,1
131061,1242,-202.18971038678046,770.1576709627129,0,1,0.00746359924472718,1.1515007341699668,1
131123,1243,-145.05470131545846,573.9028111984649,0,1,0.011063028500183923,1.1532115720851124,1
131262,1244,-527.7967793832973,1739.1715136162438,0,1,0.0064362007218375225,1.5373531192825718,1
131385,1245,-397.73283801253785,1498.84494866365,0,1,0.06849595543388053,1.5204343705872514,1
131475,1246,-337.66706472053954,1048.3399960506185,1,0,0.000773625444697273,1.3659366075410295,2
131561,1247,-263.190189954231,917.6224490886882,0,1,0.0002150441260188377,1.3139437051485408,1
131656,1248,-21.487800391536297,309.6049331625708,1,0,0.053046819088767336,0.32747487997129,2
131755,1249,-295.674364801039,1046.569318354418,0,1,0.0035566302658725873,1.2945190951971393,1
131881,1250,-85.75163311898643,455.0782062262177,1,0,0.002367960493957278,0.36077671161614433,2
131979,1251,-316.98439728567314,1146.1219076954885,0,1,0.0298278180638937,1.4478920358624303,1
132064,1252,-240.55026341868577,870.358364838783,0,1,0.006227149873256083,1.2611559179395333,1
132150,1253,-308.2067426969404,970.5567149822247,1,0,0.006133428765770415,1.3191837355795484,2
132250,1254,-328.704045555315,1151.5434540611789,0,1,0.012922032801288848,1.4185246578041688,1
132387,1255,-415.4570397228334,1347.0661414213712,1,0,0.0019135748905313816,1.149199667588542,2
132469,1256,-220.0151157212187,860.5966358620037,0,1,0.03479078792571752,1.3042681872565285,1
132597,1257,-415.3085112104267,1409.4725029043113,0,1,0.004549693724575436,1.3454857661029063,1
132681,1258,-238.57212715657695,786.9064014467784,1,0,0.005998941763907377,1.0744169974458422,2
132770,1259,-307.7468072798595,975.1577527155763,1,0,0.0034695199897048458,1.2765813841564249,2
132857,1260,-312.5180000994809,1012.3741236153821,1,0,0.02842057161969063,1.3723044033684269,2
132947,1261,-320.4472227513981,1007.225862995404,1,0,0.0038834885438827076,1.308282589886864,2
133026,1262,-180.4005758739019,801.7091221287337,0,1,0.0768137533643622,1.2753159668663516,1
133130,1263,-381.0423937685869,1275.9336055111166,0,1,0.001050148350719884,1.5079151359002174,1
133226,1264,-310.0617182243329,1102.1572506659259,0,1,0.01892149754937938,1.418227848292675,1
133304,1265,-241.71297786825272,863.6845048772229,0,1,0.010923956430864969,1.3701587040870644,1
133383,1266,-213.4216485023094,807.4105343803168,0,1,0.01925727547063747,1.265708551578798,1
133531,1267,-359.01958367943297,1307.0641239314946,0,1,0.004319874286061297,1.0690056915509347,1
133613,1268,-255.10660378471815,823.4650687692082,1,0,0.0037501391824080535,1.158297076351396,2
133697,1269,-259.39707473599515,859.7177653420227,1,0,0.016365510420204846,1.1873433222182324,2
133809,1270,-403.47292399129526,1349.8466293484603,0,1,0.002577100649311569,1.483056993357469,1
133894,1271,-216.29762617251401,809.5904625373881,0,1,0.003071524790739722,1.1672985157547793,1
133926,1272,-54.42866108188301,188.1288953030128,1,0,0.0009783573043789817,0.564460376708712,2
134016,1273,-269.22365698610815,1000.2212395263539,0,1,0.03180850504418345,1.3794030442663479,1
134104,1274,-271.3431549718371,883.1474395245522,1,0,0.008677262604937647,1.1628848371345646,2
134186,1275,-20.52857023272306,219.00981138404526,1,0,0.012891177793837869,0.22947517481252794,2
134277,1276,-277.9249637242466,911.300731120725,1,0,0.007725672995230769,1.1610701900831901,2
134374,1277,-331.6790125924266,1150.844239829315,0,1,0.009724490663735718,1.4631304855630123,1
134472,1278,-333.13031179413673,1137.13242797321,0,1,0.003676002969065339,1.4293317774276937,1
134572,1279,-338.6824471669816,1178.839090686382,0,1,0.013447440135587423,1.454862477398585,1
134663,1280,-65.33445523161691,429.781149589731,0,1,0.0057247971073493545,0.5647127603630028,1
134736,1281,-219.33244677707887,755.0984766283699,1,0,0.04815992601381588,1.2068772864566593,2
134842,1282,-344.64583216274326,1195.4566424279953,0,1,0.006907272657122406,1.3877220987120251,1
134886,1283,-126.55903605992573,397.9876734106422,1,0,0.005433979800382018,0.994394757504368,2
134955,1284,-191.542990365599,695.5207755092241,0,1,0.00030338163684276003,1.2491512079247087,1
135012,1285,-132.95525387274677,538.1033879657127,0,1,0.018220120857318126,1.181524558850387,1
135053,1286,-56.396386655802324,218.6179951165793,1,0,0.015586535147595724,0.5214480347786752,2
135109,1287,-113.02413937986842,482.3176117253095,0,1,0.015435772191100778,1.0775597589930856,1
135189,1288,-203.78744873701334,764.6647905478704,0,1,0.0048599307595600175,1.178107288605737,1
135254,1289,-185.11934729270476,671.7412467306781,0,1,0.0,1.2814681322205248,1
135344,1290,-325.03930136894246,1012.6624008081071,1,0,0.002123427076998171,1.3168010033312494,2
135406,1291,-168.73706609637867,624.487617486891,0,1,0.0004216835038817365,1.2525992208068557,1
135500,1292,-281.1751909200465,910.4080031022763,1,0,0.003251717574766908,1.1224936182190814,2
135551,1293,-93.99344548612864,400.37342809149794,0,1,1.3308725000654043e-05,0.981113996453915,1
135635,1294,-39.2521156698605,283.0407732292377,1,0,0.019363229676179386,0.3221437697482662,2
135670,1295,-0.4384129381323909,141.79892254984543,0,1,0.013999475543711065,0.5306083224520853,1
135746,1296,-104.54965683114261,414.172965603063,1,0,0.005899451922409549,0.5782237149071959,2
135845,1297,-370.26061953691317,1161.9538536050773,1,0,0.004403314844600575,1.3789783201332644,2
135935,1298,-316.2785600665725,995.8726469200502,1,0,0.003019072984385935,1.2903276601469176,2
136085,1299,-575.2844487060363,1876.6028883264376,0,1,0.00044494695052628024,1.5302276723032824,1
136187,1300,-256.7562751348407,946.7483929569278,0,1,0.0028883421590123175,1.133738027970445,1
136204,1301,-10.104630987525786,45.88281519902691,1,0,0.018275076217980152,0.06746838205872145,2
136288,1302,-249.78798288298913,809.6300250288247,1,0,0.004729704617930921,1.1084155406918261,2
136375,1303,-240.5808783798789,879.6430898488004,0,1,0.0037017489701302677,1.2402437333008438,1
136394,1304,39.06874039986825,8.545905053142857,0,1,0.029391132165701182,0.13391468034915954,1
136461,1305,-187.92851484649097,685.3222857732352,0,1,0.0015267022652568625,1.2667041440155915,1
136531,1306,-167.5137197576463,578.8653985791348,1,0,0.01138676300307007,0.9261395074996336,2
136596,1307,-182.13435096311386,668.061781039837,0,1,0.004477627992032376,1.273718186247626,1
136638,1308,-45.742962477923186,263.09291349094036,0,1,0.004765655017514089,0.7947736513584301,1
136724,1309,-273.071126426889,888.0624856144465,1,0,0.010400599449514793,1.1999263842202743,2
136810,1310,-274.7166851735367,949.3308805335583,0,1,0.0011971064721434876,1.3621337712096127,1
136832,1311,36.22295422638342,13.548915550767383,0,1,0.0074360371772840324,0.13303059843614226,1
136911,1312,-250.29622190871254,875.5925321318907,0,1,0.001434113108345639,1.3696677494942264,1
136962,1313,-106.23254470868481,437.6449519328569,0,1,0.0001629657450453775,1.0715079066681406,1
137006,1314,-38.919901332795995,250.9316750517448,0,1,0.005559670441011162,0.7217513237553564,1
137088,1315,-233.0490492326876,836.995004615006,0,1,0.0007314684694299448,1.257923128058942,1
137156,1316,-178.71689697289276,664.9314324756384,0,1,0.002280961649854967,1.2118338894474168,1
137219,1317,-154.52800810955557,599.7175728786901,0,1,0.013052952800807817,1.1843860234513885,1
137295,1318,-176.0447600972698,754.2336771670568,0,1,0.05285441059223637,1.2402916050895483,1
137440,1319,-485.71919338605045,1649.2697783403162,0,1,0.01296039444160954,1.3941667935916615,1
137518,1320,-212.18231754397277,765.8916745713406,0,1,0.0006883968575797177,1.2089970751699595,1
137615,1321,-301.89974927362056,980.0956914023899,1,0,0.0039613635587424055,1.1748467681100305,2
137685,1322,-193.32308227425995,702.3026819276415,0,1,0.001565498491112282,1.2425066861284333,1
137775,1323,-175.43839014292962,630.1248949158737,1,0,0.0046005411335780745,0.7817834318636137,2
137856,1324,-236.19843370649318,775.0315120496327,1,0,0.0028933198827894263,1.0968079230921528,2
137946,1325,-262.22920600011685,941.5262069356106,0,1,0.007915187159983687,1.2897730460353418,1
138001,1326,-127.79270184784852,512.722496572736,0,1,0.010785043525584357,1.165826441362661,1
138137,1327,-507.79926662334765,1666.2910531191594,0,1,0.0015469919424180298,1.5032315243667478,1
138208,1328,-147.908767995919,592.9140290877833,0,1,0.002031195182310473,1.0261659357024275,1
138360,1329,-575.5803220632904,1882.0527938686466,0,1,0.0002937346378043145,1.5175291442599186,1
138447,1330,-329.4434586232087,1008.5051848174143,1,0,0.0007348360338185085,1.357605915736047,2
138523,1331,-235.47618660690173,764.1274767478947,1,0,0.006792294237527679,1.157811790843391,2
138574,1332,-81.95109575185441,382.23570349614835,0,1,0.0101649398536448,0.9421142657070067,1
138664,1333,-304.33712783879685,985.7300710570398,1,0,0.016229214747365692,1.2828028559177191,2
138715,1334,-107.13919447319529,458.98402061582544,0,1,0.016645651917461892,1.129568484134199,1
138799,1335,-255.93047925049748,913.0825692738512,0,1,0.004091022521344706,1.3392597366693064,1
138894,1336,-219.8408905048539,870.2728801354453,0,1,0.020098446577902412,1.1246018022952164,1
138946,1337,-104.93610631419818,456.0695508227036,0,1,0.01693382654922382,1.099960972269857,1
139139,1338,-331.2670022777261,1295.9035559432016,1,0,0.017601780400227123,0.7703922736973241,2
139232,1339,-32.44779557701551,265.02279924515,1,0,0.004640811218312214,0.2541408146333051,2
139281,1340,-63.440022732707234,331.1655744672416,0,1,0.003394905710977773,0.8454120206359556,1
139345,1341,-166.9697544157095,634.3221580878497,0,1,0.005478354246319307,1.2314887725130363,1
139407,1342,-11.968035724529521,144.71627090173007,1,0,0.007006183295778833,0.17274401082807017,2
139456,1343,-31.745095364914757,277.3444020809046,0,1,0.050254330757085006,0.7273140064565117,1
139515,1344,-131.9051901655545,538.3893903273034,0,1,0.008450045346108164,1.1343771676285364,1
139577,1345,-138.88317938077392,557.4876699194864,0,1,0.010425210114206641,1.1174968623960886,1
139639,1346,-138.40703645906473,554.6301493454484,0,1,0.003270771938176601,1.1073913386831251,1
139761,1347,-206.4016446299769,900.7829060850798,0,1,0.028378603384148264,0.9026108432278869,1
139849,1348,-232.97844430750632,858.1315868860888,0,1,0.005356271430842263,1.1984200358323192,1
139868,1349,-4.103417814775387,45.93678532842824,1,0,0.04856422426231129,0.05477274610667923,2
139905,1350,14.867623465997715,126.55724058814141,0,1,0.05205533877866296,0.4601322988569481,1
139942,1351,-18.26262271184817,127.38863353431458,1,0,0.01908912205179486,0.25687157523931403,2
140109,1352,-662.4935278552077,2194.624472343637,0,1,0.016929349826097374,1.6155225156070714,1
140156,1353,-76.06893693118963,352.62313114760195,0,1,0.00130598387211582,0.9414811175367678,1
140249,1354,-275.62077295712226,975.5094997988605,0,1,0.0014112525160201886,1.2860145319779495,1
140379,1355,-326.9354067919102,1171.8156497983246,1,0,0.03456886801407067,1.0597320128864511,2
140453,1356,-214.48130824673225,777.4975423928997,0,1,0.007693377140639915,1.3013130580538932,1
140505,1357,-107.11790770541793,450.6027407813243,0,1,0.010069212548941268,1.0856272639359368,1
140587,1358,-274.04518803060097,871.8102647497352,1,0,0.003356415338467125,1.2324808315502331,2
140622,1359,21.353567968580883,82.86677026737216,0,1,0.023119133205843207,0.3207175403629875,1
140700,1360,-224.67469797549427,862.0407860082776,0,1,0.03985845667908238,1.3770174116223477,1
140755,1361,-112.18583523170736,463.096575934146,0,1,0.000855873641566896,1.0487972622086628,1
140842,1362,-287.6945332354298,933.2917308737988,1,0,0.01642354143438152,1.2521250931607124,2
140912,1363,-12.759103760288202,199.75194226065986,1,0,0.03489654007371161,0.2530691424474939,2
140984,1364,-51.269740945146765,275.49923296224307,1,0,0.008926677045654821,0.36805733737454877,2
141049,1365,-130.02704751968827,480.58665448544224,1,0,0.022276797007303197,0.8196757594403575,2
141095,1366,-33.952099452680145,245.3928396157856,0,1,0.0027859944602463597,0.6673786511566424,1
141183,1367,-12.8721277833,215.53504011249012,1,0,0.012890372697792097,0.20323138220236572,2
141218,1368,16.615582665067826,138.72667513242027,0,1,0.08910592267139131,0.54272077393216,1
141281,1369,-93.79287006940358,355.350166010169,1,0,0.003733635256507216,0.5863487181242002,2
141328,1370,-74.37615916533974,345.86282638492025,0,1,0.0012647959095016942,0.922923062476839,1
141364,1371,-47.556195001439114,180.71897575342348,1,0,0.003073418160406521,0.4606418704889482,2
141403,1372,-48.07777001516027,225.77267050954956,1,0,0.06423790627754457,0.59671470312986,2
141479,1373,-27.74648336037237,337.5582100479578,0,1,0.03302784690889961,0.5428503787822138,1
141527,1374,-53.5723440463952,295.1711931399881,0,1,0.0014821157695946016,0.7681560692150092,1
141584,1375,-136.77583216259922,550.6496290588898,0,1,0.01831707444162737,1.2090218032018614,1
141662,1376,-238.33667764098678,848.7858674671696,0,1,0.0044554984001902226,1.343446133138787,1
141748,1377,-240.53168346418698,788.9235266769415,1,0,0.004352681475171971,1.0530879152224504,2
141854,1378,-327.3877817737778,1166.1630603056442,0,1,0.01109301007737862,1.3525601678974395,1
141940,1379,-247.56986532386446,925.0545662241259,0,1,0.021414435651146986,1.3290338138066107,1
142034,1380,-320.8871780232037,1037.7422234530948,1,0,0.014440728563517179,1.2926422263981932,2
142130,1381,-269.5301559533292,1057.14401324868,0,1,0.05415387810182041,1.3691370657566366,1
142172,1382,-35.0968745976887,256.8900798324155,0,1,0.02685297662523032,0.7827346099689917,1
142206,1383,3.6277485563458,51.79349314722561,1,0,0.023410544440025067,0.016424012274853798,2
142286,1384,-104.73038093788956,426.2425714110672,1,0,0.00883027547523888,0.5661325934996065,2
142359,1385,-32.06235334279712,211.61746491452698,1,1,0.03568095570656085,0.34673419954371015,0
142397,1386,-10.509360916554687,171.89485318128604,0,1,0.013698188357712728,0.5834236350850255,1
142451,1387,-93.55975751604046,427.6949670403226,0,1,0.01050678614724098,0.9866322571397552,1
142498,1388,-64.247726005322,334.8090785009339,0,1,0.013596664582543744,0.897305660165817,1
142571,1389,-108.71854299310138,460.5061206646607,1,0,0.034943644652150614,0.6896398361451441,2
142635,1390,-178.50023981362375,659.3617753979083,0,1,0.004254345235681148,1.2795749671206504,1
142757,1391,-190.7841182086347,974.7978547939949,0,1,0.07409945632180066,0.9934633779320244,1
142802,1392,-58.16670503003117,312.2801467584179,0,1,0.010536004039744624,0.8757715205679999,1
142882,1393,-227.989760917223,787.2214179653774,1,0,0.03343255695470386,1.1417081766271173,2
142924,1394,17.77864491974774,57.73338649396033,1,0,0.04918960940221081,0.027580028360492306,2
142963,1395,-6.682144588270624,166.4191153596633,0,1,0.01763534621293606,0.5512897466396532,1
142990,1396,-3.6358970968172457,50.68703725126856,1,0,0.021749042727864303,0.0360085107003663,2
143070,1397,-248.66443389813975,813.790409018785,1,0,0.009898180657736382,1.1744688953659512,2
143101,1398,7.679210152935365,47.79073233896846,1,0,0.03911553142338596,0.011888330527101882,2
143176,1399,-209.72203963573907,788.5141652070408,0,1,0.01913519749299403,1.3027824770471848,1
143229,1400,-99.69504371865148,454.7034292730599,0,1,0.03147525291806889,1.0825376646694829,1
143253,1401,-6.321514210164448,44.508356353554795,1,0,0.0015783461331976307,0.002870221412332546,2
143538,1402,-789.975118962835,2866.972606217563,0,1,0.03329298709200538,1.2261282174306598,1
143590,1403,-120.21055047792491,477.3320917312479,0,1,0.0,1.1456603932017548,1
143624,1404,-25.8733922027369,135.30399447217084,1,0,0.028755681723651488,0.33007037148935064,2
143711,1405,-276.47897474662517,890.4229273727269,1,0,0.007848350077385118,1.1841530052227185,2
143763,1406,-38.43291041796679,341.8584884476499,0,1,0.07865731092473269,0.8462294808510558,1
143845,1407,-301.4091823713455,941.5955848712244,1,0,0.004147912869500296,1.343059137035821,2
143906,1408,-148.31759490175378,591.1913263716893,0,1,0.021984483671529526,1.2113827571979525,1
143942,1409,-26.803895791158503,146.90342381857863,1,0,0.03556340192518485,0.3510453711451283,2
144024,1410,-310.0489473243174,977.3019584792754,1,0,0.011537127605803157,1.3961914370210051,2
144110,1411,-52.06767029211365,306.7291551225622,1,0,0.012789340457422478,0.34602606597977686,2
144155,1412,-69.80712943775136,250.10135272590645,1,0,0.0026076740057221505,0.5521098676338976,2
144180,1413,1.171735402194944,49.0886334689052,1,0,0.04038818456545927,0.034963939592246106,2
144270,1414,-292.8002706428369,943.4905037002317,1,0,0.008341239216810261,1.2147285295215786,2
144290,1415,-9.048102242186664,46.06806661779492,1,0,0.01038693884423125,0.04573041068483898,2
144378,1416,-284.913047868184,1006.3285777647117,0,1,0.010065509581752783,1.4106156791867022,1
144426,1417,-99.45835544837243,415.73158337493555,0,1,0.0007003593927255709,1.08464493675523,1
144515,1418,-298.60133858736964,966.9850227059026,1,0,0.012687900024083126,1.2629125648948978,2
144556,1419,-59.761418861679815,317.03239024251735,0,1,0.02393629505792405,0.9850215231132382,1
144589,1420,9.632434961820088,101.71640264090209,0,1,0.0,0.40977565995684356,1
144653,1421,-115.25486101954766,500.96305138166935,0,1,0.008518356012345626,0.9664978359933487,1
144706,1422,7.861748524085215,76.81172155017205,1,0,0.011811236547699422,0.046218062737119675,2
144748,1423,-47.51895525174949,319.28188158894505,0,1,0.06676185493062044,0.9835795968080232,1
144788,1424,-37.55860885716971,182.03978886731943,1,0,0.03451564591870165,0.4221233555588827,2
144889,1425,47.95327119854221,89.35051342711984,1,0,0.017732199151920845,0.01096289766553083,2
144943,1426,-110.83961486964267,487.1015790562136,0,1,0.03290943952720714,1.1358474648517813,1
144971,1427,41.49210827395828,18.257604319983155,0,1,0.02391582287786851,0.12007390554405888,1
145127,1428,-608.1661297940601,2044.1766350012085,0,1,0.029137454855757944,1.615817527660844,1
145164,1429,-1.299780767284151,51.164986914438884,1,0,0.0,0.0012334233071994267,2
145187,1430,-7.30413689556036,51.636550705289494,1,0,0.014946301271599492,0.04847718515225662,2
145284,1431,-252.71865287127073,989.3211349862597,0,1,0.03925026449434637,1.2606391226756268,1
145324,1432,-41.48100982484301,180.09366024038724,1,0,0.014961533122409975,0.40870106030398123,2
145400,1433,-185.25668873570294,762.7132845288869,0,1,0.045749284591598376,1.2534764705523531,1
145430,1434,35.05701279363937,40.381257420207135,0,1,0.02060131869826218,0.1988724227085535,1
145468,1435,5.886084592890757,61.46483151654935,1,0,0.023645762109772112,0.03389623666923136,2
145547,1436,0.47339610589982684,239.49591221016928,0,1,0.0041975543635823535,0.3391197130452615,1
145570,1437,-4.10239569348915,51.22274933143987,1,0,0.03984046716025097,0.052675633288652685,2
145609,1438,-16.028901566913405,100.43203871320817,1,0,0.0051071556239796895,0.15476087958026571,2
145649,1439,4.441193276575785,62.12490825718559,1,0,0.01823307844917191,0.034697707762155736,2
145669,1440,-8.599644714836082,41.706506814431584,1,0,0.0075509820428836,0.005679806495451617,2
145732,1441,-109.49012920608308,490.553976697871,0,1,0.015410730851198855,0.9671463066609849,1
145795,1442,-79.74965148818417,486.2655679486487,0,1,0.07919588012824563,0.9778616010571927,1
145853,1443,-133.93816638113609,539.1925122239716,0,1,0.01631491794424196,1.161901578108177,1
145913,1444,-83.87176712286724,345.3514136890262,1,0,0.01725035105226307,0.5945125960786701,2
146067,1445,-450.58845611679607,1659.018387137103,0,1,0.03213669028204363,1.3196227379147814,1
146089,1446,-6.097793004101083,55.37652725978648,1,0,0.033270286141018235,0.07727507415361085,2
146142,1447,-78.04660182639037,388.72862059098355,0,1,0.01838587472711556,0.9154704061861402,1
146187,1448,-3.6043663100269328,161.5992577587313,0,1,0.00546151446409207,0.4515030731705989,1
146234,1449,-48.75171984283611,298.8004597927321,0,1,0.02128301753036983,0.8041182982347012,1
146311,1450,29.83293428281361,146.93969547248975,0,1,0.008432062682644386,0.2113300117078308,1
146340,1451,-5.250741848136435,58.000783469770106,1,0,0.005074265623481893,0.04055682808209895,2
146432,1452,-20.941474726362273,187.78087463440588,1,1,0.005337503864112662,0.2130145845668632,0
146486,1453,-92.88284423274234,500.5318864492093,0,1,0.1005606305372982,1.1924622085964123,1
146531,1454,-70.71055904118577,342.2705435314493,0,1,0.013641534297012566,0.9587846538791021,1
146575,1455,-52.693538856695575,317.0175844925318,0,1,0.037236862910389495,0.9199304053169843,1
146649,1456,-198.52190946532582,743.022522262995,0,1,0.012870947958054687,1.2433068161612675,1
146726,1457,-201.9036576115031,752.6608510587309,0,1,0.009056043651810515,1.2066333053084892,1
146784,1458,-99.76704977723789,444.51535019515427,0,1,0.0065321108612909195,0.949573410703611,1
146831,1459,-60.08806449552162,373.3421254093682,0,1,0.07473144844668657,1.0242869709198712,1
146884,1460,-56.14183189123959,335.2675769099694,0,1,0.020486167855438133,0.7904594970195798,1
146924,1461,1.6355256281710169,160.26246918113893,0,1,0.036717295991234085,0.5231102838520159,1
146996,1462,-174.04618094771033,687.2899494599936,0,1,0.01696178111364188,1.1826499712988983,1
147063,1463,-159.982483951041,611.6165137742064,0,1,0.0007624762066633846,1.1276410308062468,1
147103,1464,-1.8213497123040163,154.8455807167552,0,1,0.016093754099629393,0.4987290216470391,1
147181,1465,34.351507879929805,148.06174937868133,0,1,0.013615191355647588,0.20965323327694407,1
147230,1466,92.31462963797036,-9.799289847649147,0,1,0.09479504637304455,0.0007793241660453443,1
147320,1467,-278.18471839731427,976.8731288158795,0,1,0.010350546493021544,1.3385207408194288,1
147372,1468,-79.63526004442716,409.04305934930414,0,1,0.04252973627674631,0.9967065894361556,1
147426,1469,2.5966979955664407,179.43708537677475,0,1,0.024796513368905846,0.4183862928665122,1
147520,1470,-313.0263663962262,1010.8007832650353,1,0,0.011380022631274028,1.2541298075683538,2
147595,1471,-203.34226752703788,769.2900902878995,0,1,0.02300901853829175,1.273920963593316,1
147679,1472,-270.1272179160365,928.7628115318089,0,1,0.000307427547895529,1.3616795584766983,1
147730,1473,-61.911207113368285,322.3089010854176,0,1,0.004193787601203117,0.7888330064827209,1
147830,1474,-368.19288265193404,1243.0047714817663,0,1,0.012591169520729877,1.534375479476378,1
147886,1475,-95.03406400375104,480.3346449155365,0,1,0.061724625057122944,1.0865914674543078,1
147928,1476,53.79225361310738,1.35012981775402,0,1,0.0011911827865705017,0.0,1
147985,1477,-102.55212442067524,495.64024690401783,0,1,0.05400204295654229,1.0998826476537091,1
148048,1478,-143.026807100156,587.1255481403542,0,1,0.025710432974431204,1.161444624878693,1
148105,1479,-101.49093875951932,543.8427027868972,0,1,0.10568147032491057,1.2248954276391268,1
148168,1480,-55.18092414931496,383.4247848714156,0,1,0.04401023472836954,0.7618953270137159,1
148223,1481,-46.925926271963085,458.1893424147227,0,1,0.16816409652185454,1.098652817143089,1
148295,1482,-174.27471512860023,616.6080606207578,1,0,0.024503201192896555,0.9704798497235908,2
148390,1483,-374.0162975915312,1185.9200713334144,1,0,0.026939100262674678,1.4811922130926218,2
148441,1484,-44.255765952184646,303.343834084861,0,1,0.030178275073994003,0.7510529362078529,1
148513,1485,-163.40640660529832,765.657882489472,0,1,0.10587508032024814,1.3527274202844468,1
148563,1486,-62.251522351797554,407.3588787551903,0,1,0.09120281334414193,1.0507696566188218,1
148643,1487,-26.714243606389815,224.37173668249926,1,0,0.009690692143468817,0.23987749607969672,2
148758,1488,-312.5879411679531,1194.6201449059167,0,1,0.04511557213482029,1.2852062732039382,1
148846,1489,-214.16615108773405,898.1508766347712,0,1,0.06507529288036763,1.2772320936074548,1
148891,1490,-8.00776769638873,214.61314988980416,0,1,0.058312032229649216,0.6159756860151651,1
148996,1491,-345.3162809506179,1192.458271113737,0,1,0.011646265225121888,1.3979820564311183,1
149048,1492,65.52291988485483,7.3655218347121405,0,1,0.018346079539022668,0.004570054425083695,1
149129,1493,-171.86600963349912,707.8418236909636,0,1,0.025407410722271234,1.0810555482316304,1
149217,1494,-54.83014989662908,392.7056643129021,0,1,0.011457808724846648,0.532836400390659,1
149267,1495,-34.961862374828826,296.5335637079902,0,1,0.054340876865456404,0.7595454069757053,1
149308,1496,-0.08489791578848127,145.36665969992498,0,1,0.007382874658174682,0.4509901163785894,1
149357,1497,-39.80003999350552,296.9112748240042,0,1,0.04348051805975706,0.7701180073205834,1
149407,1498,-69.51082704625617,374.40839219040566,0,1,0.03803473428071283,0.9503011937243899,1
149471,1499,-122.29838535574663,523.4837536588834,0,1,0.013091322866375515,1.0149835506619589,1
149527,1500,-125.47555000173199,513.707774850556,0,1,0.011919261975414857,1.1429352423204506,1
149607,1501,-231.9167409998241,850.1069779927585,0,1,0.017675673833131584,1.315927677568897,1
149654,1502,0.3196802478183045,205.54191738870844,0,1,0.06845944013259557,0.5696645117874113,1
149727,1503,-166.482603547508,641.5385695772057,0,1,0.00023398134111227305,1.0821781420894574,1
149777,1504,60.966137931739496,9.191224018824201,0,1,0.01458294839814271,0.013570431708305124,1
149845,1505,17.4545223488107,70.39897817969518,1,0,0.002604134254263216,0.007417438453518228,2
149895,1506,-70.75492582587897,361.3987428705752,0,1,0.017757215716615045,0.9071063664364584,1
149950,1507,-89.44482725712938,471.0762289487332,0,1,0.06761104500417016,1.0881965731463292,1
149993,1508,57.52969057728235,7.905800917985172,0,1,0.02352070935760368,0.0312056204893178,1
150035,1509,6.386260125600145,137.7311154311796,1,1,0.1962009747067401,0.4888549443622972,0
150100,1510,-166.50990764266666,626.142582758487,0,1,0.0008985636821734072,1.1912997402854835,1
150208,1511,-392.2470394058084,1302.0086128461703,0,1,0.0017692702211080278,1.482190287235033,1
150294,1512,-254.51382827426093,899.2477821940623,0,1,0.0,1.2860863969595344,1
150586,1513,-1338.8049371234874,4169.69808431182,0,1,0.011049676692554562,1.7511437244508385,1
150640,1514,-64.40459230302234,347.2219378318152,0,1,0.012733967573270758,0.799172436056602,1
150748,1515,-394.9833119980525,1315.9958823697236,0,1,0.0036589662234872452,1.4994815255084575,1
150797,1516,-61.17413037328639,325.8184209421619,0,1,0.01149176820206873,0.834905468980252,1
150887,1517,-251.37940013854092,978.6736110742183,0,1,0.047090507755491944,1.3534775764567895,1
150938,1518,-92.55821467516867,419.25005284720226,0,1,0.01963405895559719,1.0350134137386786,1
151008,1519,-186.68393145159556,723.3014932675933,0,1,0.025016342699986656,1.2872756305938597,1
151054,1520,-67.1701718710835,328.54177556597216,0,1,0.0009054374799573678,0.8958232267124621,1
151093,1521,-14.667293394638357,177.05609012293522,0,1,0.0014440449591692597,0.57831985554134,1
151138,1522,90.56959466312313,-12.841362833491493,0,1,0.10186195683740426,0.0,1
151184,1523,-68.55547654276539,352.86059528566307,0,1,0.025815214689344484,0.9690933780665797,1
151241,1524,-122.72006492910667,512.8249586227876,0,1,0.015306596896465357,1.1213935842473834,1
151279,1525,-8.817632249469295,157.10785145033947,0,1,0.0002563438794539442,0.5316131444164219,1
151317,1526,3.5219389930672307,152.57364016162973,0,1,0.036994334000826946,0.5267145661173815,1
151351,1527,66.97059380673834,-5.044793598068443,0,1,0.07650148566125607,0.02794116903782315,1
151385,1528,31.8869979965802,54.20256201153107,0,1,0.02234973480488906,0.22234431177205286,1
151427,1529,-33.75453889839888,254.17585143269469,0,1,0.029542811774390797,0.7756084041696538,1
151467,1530,23.994328670332266,107.54884044349866,0,1,0.04933104902492521,0.3614669640769728,1
151611,1531,389.10596886811595,69.4627399150686,0,1,0.29238946632775137,0.12179652692734007,1
151676,1532,-72.305812538831,660.9703315882557,0,1,0.24397429994728104,1.3499498696510552,1
151739,1533,-149.88781825183264,581.0189021187298,0,1,0.00659881079511209,1.1440597874286704,1
151775,1534,-8.397457231634053,152.62217721281428,0,1,0.0019573381484904243,0.5493686948494299,1
151814,1535,51.852992229490226,2.5703396715603546,0,1,0.00406040932684801,0.005795237626603384,1
151878,1536,-160.244604130514,647.2919383754008,0,1,0.03726131645940938,1.2668186674070763,1
151920,1537,13.952067692400217,121.8953015267718,0,1,0.0262333825714242,0.3763594162986477,1
151958,1538,73.81101179269038,138.20856527751818,0,1,0.29431104920174045,0.5763269424491683,1
152006,1539,43.92903651184501,68.27378444929981,0,1,0.038817320243124544,0.1911650486648181,1
152053,1540,-46.06234026368193,331.6695543391602,0,1,0.06649849368359187,0.9101794393162567,1
152094,1541,18.586086821120837,143.621727196938,0,1,0.07105216002134208,0.47199761378538496,1
152132,1542,-19.343678073749686,202.40663011522167,0,1,0.02429545677002427,0.6867021622078652,1
152173,1543,-13.70601329097818,208.23881283375815,0,1,0.043174583710785634,0.6571498589954677,1
152215,1544,87.7621463031732,-0.721136028789811,0,1,0.1249017195695011,0.04973538426275937,1
152244,1545,48.111463922332504,-3.9703126363074652,0,1,0.011586821984668538,0.014463800868081588,1
152299,1546,118.05993160094789,38.32847788263041,0,1,0.18571581944964813,0.14123699684751378,1
152350,1547,-90.27314879625382,427.4199822762917,0,1,0.03256730238865885,1.0564089617690837,1
152438,1548,-127.7121452028226,1012.6331229986398,1,0,0.3324109959364953,1.4673526762202405,2
152503,1549,-54.11306318949995,604.0703621460306,0,1,0.2336855602097778,1.233947886077647,1
152578,1550,-132.51317166035068,734.8151567078388,0,1,0.13050489625717293,1.255188559228284,1
152655,1551,-144.1192940407986,644.3221093227575,0,1,0.03686399615933501,1.037264140608182,1
152699,1552,5.088365663655058,177.90101522587761,0,1,0.05607780746081484,0.5281259950906471,1
152742,1553,-55.76529126831551,295.27232677793387,0,1,0.003012601973588749,0.8645153011938865,1
152776,1554,43.20572806517566,19.342227436272374,0,1,0.016758088365491797,0.09334822087265561,1
152832,1555,106.33631785224551,4.351120369665111,0,1,0.10081443577541013,0.01420196176580463,1
152876,1556,-52.48721765344861,304.1766608433807,0,1,0.02327072263646337,0.877102476492577,1
152924,1557,-39.85695099354279,318.805111862672,0,1,0.07188819497383041,0.8546205769337005,1
152968,1558,22.31675373218011,201.39456716104158,0,1,0.15130552426906105,0.6321232707333839,1
153032,1559,15.948876906584239,13.553295916299195,1,1,0.008675782050260207,0.0018678133847460719,0
153101,1560,-110.83957873842942,645.3013189462658,0,1,0.12579710696353544,1.2004162021193823,1
153154,1561,18.83199362018038,55.15493216718613,1,0,0.031707666672939,0.0038541191283467846,2
153197,1562,7.350115491691174,53.53560919366411,1,0,0.018444289611454584,0.006956129228592942,2
153245,1563,67.52668975278125,300.32357169444197,1,0,0.476478200600426,0.828088462270089,2
153273,1564,48.06730995777275,-3.0708319013129497,0,1,0.009184284206849542,0.00825285742285546,1
153311,1565,35.999519299960106,43.70281548630812,0,1,0.01452505345884729,0.15956732952905775,1
153380,1566,69.9914730927911,25.720943418960292,0,1,0.006571669576625658,0.012980933303188363,1
153471,1567,-138.41908937751958,903.0907086498646,0,1,0.18172714996907893,1.2843176431448127,1
153532,1568,143.82329090290452,-17.5295767613979,0,1,0.1666278098811947,0.007027494256192963,1
153586,1569,-31.478626780966827,273.0671715003833,0,1,0.03008440260516936,0.6388287112518024,1
153634,1570,-47.84432267760222,391.216153143477,0,1,0.12574825548565094,1.0632285686750023,1
153678,1571,-66.06218595773868,317.8003147792867,0,1,0.0,0.9075166025393892,1
153709,1572,47.77993625982752,-1.154965635506997,0,1,0.008753905370941917,0.01896448354222717,1
153761,1573,-53.7235545074051,319.3079360316044,0,1,0.018051480383850585,0.7683086006046403,1
153809,1574,-18.581046950246975,366.1899275586753,0,1,0.1911322858446087,1.0217649577198724,1
153846,1575,21.063712157510537,85.69661392985465,0,1,0.01649568946095882,0.3045044151699703,1
153893,1576,58.10637451097407,4.1221813864720644,0,1,0.009347135121859204,0.008820939413057451,1
153936,1577,32.48685794470661,89.58525703223032,0,1,0.04638352685288232,0.2798619600346643,1
153984,1578,87.26260072234044,-4.2390693492993385,0,1,0.08080138300081838,0.007155787926674114,1
154036,1579,62.35172126011635,5.776180833713212,0,1,0.00725013793718166,0.0003668577973910958,1
154095,1580,-52.577646892917194,549.9509349900804,1,0,0.29759061118805574,1.1514920967345408,2
154144,1581,-54.40873289378007,299.36046024338907,0,1,0.0021821843052548307,0.7606373054773159,1
154184,1582,-10.377280020567945,180.79858658001115,0,1,0.02062170683364263,0.5796582512870035,1
154225,1583,75.33920500611644,64.06416589118733,1,0,0.2822849658833329,0.1521574883336005,2
154302,1584,-223.7330320595163,801.0679550675566,0,1,0.0006069565880733245,1.2842237347306915,1
154347,1585,-72.23789431650033,340.89710250927277,0,1,0.00412040905313564,0.9536630349268683,1
154392,1586,70.91388628448397,-1.1110789074609713,0,1,0.045740407506142874,0.004641205484625004,1
154422,1587,60.77614281017556,-7.197680007971126,0,1,0.05968032905024703,0.007571238655541573,1
154470,1588,-78.13664697958224,378.94806534108625,0,1,0.025140173482764133,0.995613813246675,1
154521,1589,59.62954844879175,7.103971901284979,0,1,0.0022821523650672876,0.0038652890306166156,1
154571,1590,-82.22323934843747,378.36114741433147,0,1,0.000678907472353229,0.9417985238363633,1
154647,1591,-84.91898382201089,784.5265902721899,0,1,0.25769513176833064,1.3696348256119002,1
154694,1592,-84.00823044807254,372.8099977102455,0,1,0.001825456545356339,0.9926407205028094,1
154741,1593,1.7092493793711157,148.23760426890453,0,1,0.0037978131792069233,0.3937678711032124,1
154801,1594,27.42316152844847,425.52969978861245,0,1,0.29781249796892895,0.9851300979163383,1
154854,1595,-102.02421617320213,459.63389521605956,0,1,0.022332641733421952,1.083194079497548,1
154904,1596,-6.493840141911367,237.4712579022823,0,1,0.07929486310544025,0.6219417939444322,1
154968,1597,-137.46207347244882,586.6539153214402,0,1,0.03470575016682033,1.14674082929544,1
155014,1598,-20.13453181533734,243.79570183695324,0,1,0.04974784481920351,0.6814801096905141,1
155080,1599,-134.70891387007515,611.4113520873858,0,1,0.05219960549288496,1.1605123398767627,1
155137,1600,122.95047730472325,-1.376236940618405,0,1,0.1589826297062325,0.04289908705886132,1
155198,1601,54.85476977620884,38.410050184282454,0,1,0.0022568450596193745,0.055659513792341825,1
155269,1602,-183.3493541235024,681.6058475764557,0,1,0.004775464865311339,1.1854339186326361,1
155313,1603,-21.353506241327445,225.9171478311849,0,1,0.031978571473127056,0.6549999736435045,1
155385,1604,91.04556117126627,14.386927325815346,0,1,0.039880549663417315,0.005507703794128847,1
155431,1605,54.915889522345694,4.999536707357354,0,1,0.0011327992733964982,0.0004354429652163649,1
155477,1606,56.23251105201334,4.656141221375453,0,1,0.006341421212513926,0.0023891864921070406,1
155553,1607,47.01033140623598,10.0406226886264,1,1,0.047578735500923335,0.0028642341744448564,0
155601,1608,58.35328623222767,7.417552140348892,0,1,0.005500373232747599,0.0034636948606686607,1
155671,1609,23.755260464419397,71.79305045746688,1,0,0.01252875178401024,0.007877555846657997,2
155716,1610,14.930355884340294,129.8278810391607,0,1,0.029690464079284957,0.3711709954283429,1
155764,1611,56.80304659072677,7.094062645573764,0,1,0.0030499173326862493,0.006091540347114767,1
155813,1612,-61.07765300188192,317.43089485776727,0,1,0.005557361283359144,0.8109417723136702,1
155855,1613,54.23883438911393,4.18230797446941,0,1,0.0019235081673892596,0.0031964886592995654,1
155898,1614,5.242275795586121,52.86483906257136,1,0,0.010947661321156474,0.006901221077533802,2
155945,1615,8.630294910282288,58.5171927479213,1,0,0.005908335908161254,0.003931310805779432,2
155989,1616,55.78360477903484,3.179441805854381,0,1,0.0024972413693306124,0.0004745432257986935,1
156009,1617,-4.844427137037409,41.78354436281524,1,0,0.022633278540186243,0.00231442790381827,2
156055,1618,58.25370712068387,3.977037141073808,0,1,0.006921211688372536,0.00010006507386817393,1
156089,1619,2.080740332228512,53.24291114364937,1,0,0.021705049565356925,0.02021769829146519,2
156129,1620,21.364805615426455,93.77217853205858,0,1,0.015354394416176994,0.30481973700665826,1
156194,1621,61.46229173246064,83.43382387743343,0,1,0.04168300310891308,0.1455856398173117,1
156240,1622,-25.590375071321592,223.04842808477588,0,1,0.007170819376945395,0.6097219429587081,1
156283,1623,55.39332173362632,3.0063146584892593,0,1,0.005036524097899505,0.0012908353246587898,1
156414,1624,-111.73845389463389,621.6831060950265,0,1,0.009123600698538684,0.5584793075831355,1
156461,1625,59.41663176170617,6.809751804330922,0,1,0.010833329343268097,0.008546415913677946,1
156493,1626,62.887304886724195,-6.835326039929241,0,1,0.057137835691728506,0.002634503889222318,1
156551,1627,75.87660912314635,8.733969477754428,0,1,0.02888722729659711,0.0019066226883849785,1
156602,1628,5.002504600416355,62.69860333847201,1,0,0.0033340012300645326,0.010028529397451975,2
156640,1629,-16.981006759944187,176.59866593142553,0,1,0.0005760580077896986,0.5922039125904606,1
156683,1630,54.85059826949353,4.774809043235987,0,1,0.0038018498956913453,0.0022278191087371658,1
156725,1631,105.11079339985706,52.720986058499186,0,1,0.2524162232908608,0.25084548888963853,1
156771,1632,55.477284153258495,4.34918782577963,0,1,0.005229467727336795,0.0006327624769705547,1
156817,1633,64.98866433911063,1.7253417752794853,0,1,0.027100133674437518,0.0028561208559893946,1
156858,1634,-35.07611931512035,236.57181355969286,0,1,0.007813243514706842,0.7339458076522659,1
156892,1635,-5.774592705898545,143.14444884649328,0,1,0.007154445348413241,0.552688650873681,1
156945,1636,-101.70996764917417,446.9840252520159,0,1,0.013557474751729507,1.0526438114583048,1
156992,1637,59.21856878480915,5.4291306453599475,0,1,0.010260960336496016,0.0005267843553259284,1
157010,1638,41.43339248621363,-5.451913264837579,0,1,0.009974213095957887,0.029201061941082004,1
157039,1639,49.250187812238565,-4.826739206602449,0,1,0.017752695184147634,0.004745856408821987,1
157074,1640,55.86369756930637,-4.214965817223327,0,1,0.022324808488214914,0.0007481955708035607,1
157098,1641,48.589396695748704,-8.174993240940616,0,1,0.02116352524454942,0.0021625974927038023,1
157124,1642,-1.4948139970590404,48.6216489525799,1,0,0.029759394282778642,0.024562805953660435,2
157149,1643,48.7490295665075,-1.2520097571593922,0,1,0.02767562456911045,0.03268058179796127,1
157207,1644,121.4873929642843,-10.361748399826848,0,1,0.1297188391629003,0.0012280301046849113,1
157248,1645,11.957946340769833,61.810207836396046,1,0,0.040024291840303816,0.03450241785887317,2
157270,1646,6.7510628834454955,43.163850500885694,1,0,0.08736422085831283,0.024639151112964178,2
157308,1647,23.432928430589676,49.84549609751066,1,0,0.08826758525400731,0.02727018401427563,2
157349,1648,52.97464495141948,4.418894544168843,0,1,0.00399609568955644,0.003989621213584209,1
157425,1649,-140.50524194348426,530.8328106985648,1,0,0.019860017446927797,0.7733904084815236,2
157469,1650,10.275239442562658,127.01655579426759,0,1,0.012507660607267379,0.36655867579028806,1
157486,1651,40.99486238909634,-8.01859976038318,0,1,0.014430236913321733,0.02151506235237921,1
157527,1652,62.81048425373815,7.468625273129611,0,1,0.03356791209454781,0.026814082639470563,1
157544,1653,41.25343454448593,-9.964862080422552,0,1,0.01128530479431232,0.0035361542108809244,1
157627,1654,111.01151393259494,115.44230992109351,0,1,0.11967220267076613,0.17884267290622963,1
157774,1655,-90.32468968391618,574.8851278366149,1,0,0.029700190956420115,0.41113467578138924,2
157796,1656,43.11770835372232,-7.859266663511308,0,1,0.0018838532210713175,0.0,1
157821,1657,49.01821245295805,-8.736537985384416,0,1,0.02902413776919293,0.0024294073528618332,1
157838,1658,44.3816188724313,-7.426317441030367,0,1,0.04150546591371996,0.02686974015849392,1
157859,1659,43.65781339364805,-7.402295531412944,0,1,0.016014586133656566,0.011395119144213197,1
157895,1660,48.88526015698612,7.975551316458137,0,1,0.002150474820332072,0.025590307552763324,1
157916,1661,51.67567502842906,-12.541409647788962,0,1,0.05844968837426047,0.0,1
157941,1662,46.75676489750326,-2.5596940680097298,0,1,0.01987554660654509,0.026655833214252186,1
157960,1663,49.49921765222599,-12.877674156012896,0,1,0.05472339938137364,0.006004678733817149,1
157981,1664,63.75006258293979,-16.890059252041553,0,1,0.13127209943160636,0.0030458120179460073,1
158011,1665,99.6854370529531,-19.304283644085658,0,1,0.2344185055808407,0.03438851786396906,1
158030,1666,61.52088310094804,-17.58868502344698,0,1,0.13322164639944378,0.0,1
158048,1667,42.510418846613,-11.177778719259429,0,1,0.013583284099658222,9.584035449544265e-06,1
158063,1668,43.478271313115954,-10.74324289901254,0,1,0.023524000595022725,0.00028682303835977577,1
158093,1669,46.5921467195803,-4.127243557328274,0,1,0.0,0.0015021408947322415,1
158112,1670,41.45688052784555,-10.651574887817628,0,1,0.0027490110611729066,0.0012512513427100965,1
158142,1671,-0.17128444594369796,130.70459909318342,0,1,0.023668318449566007,0.5822605900827236,1
158161,1672,57.576049386156924,-14.650035030424569,0,1,0.11103331099781565,0.008030575183882636,1
158190,1673,46.345975078841015,-5.321362329776754,0,1,0.0014341722786961632,0.0,1
158219,1674,47.448851169232725,-5.563888977772827,0,1,0.0019225423550682337,0.0,1
158238,1675,48.00117521361834,-10.845297844792695,0,1,0.04802755288596089,0.012527618857724198,1
158255,1676,48.414156833481044,-11.575132522900997,0,1,0.06432786140800624,0.0003250989313208865,1
158282,1677,45.86262211494493,-6.627091871432299,0,1,0.0032703663364652266,0.0,1
158307,1678,29.113726764573343,-20.079921162665308,1,1,0.17330323527837926,0.0,0
158329,1679,66.55535311257123,-17.028401526191143,0,1,0.13386375911005702,0.0,1
158360,1680,50.292738383217234,-5.117081225104421,0,1,0.01212766746325632,0.0,1
158379,1681,64.64728234840773,-18.133413428946145,0,1,0.15843664737013044,0.0,1
158399,1682,53.57291232245277,-14.002282690700872,0,1,0.07991903221126703,7.191924387346114e-05,1
158416,1683,46.2421239308275,-12.70979488463829,0,1,0.0471103286439123,0.002847312422926997,1
158434,1684,1.3032780710180951,38.92935657055895,1,0,0.0840291163306612,0.013398484194764191,2
158453,1685,46.11887358178009,-8.472415400084097,0,1,0.034757354616514385,0.013099236303263373,1
158470,1686,42.500940955209984,-9.23944095634926,0,1,0.01645613398861619,0.005352484336358349,1
158488,1687,41.953983468571785,-10.741259627958868,0,1,0.012469708333211938,0.0,1
158503,1688,39.09572804768862,-11.351174327685264,0,1,0.0003723443004233049,0.0,1
158520,1689,42.88360243727752,-8.447330654556549,0,1,0.021878246444030053,0.006131643181757037,1
158543,1690,44.0074111963915,-8.719196081295296,0,1,0.00015784657462684855,0.0,1
158564,1691,44.339177450477166,-9.856879119542004,0,1,0.01604807118128691,0.0,1
158579,1692,41.043941593854356,-7.527792201869692,0,1,0.018976618394729364,0.024469375802168822,1
158595,1693,-9.843336595589804,-10.53051619087131,1,1,0.00997878437312546,0.0,0
158611,1694,41.62180313877219,-10.489334065078028,0,1,0.01648182506548499,0.0,1
158630,1695,52.90990530723111,-12.722951554505219,0,1,0.07674492360410139,0.0,1
158648,1696,40.910183927733726,-9.250423660724625,0,1,0.00014517293613424456,0.0023230267804223246,1
158669,1697,36.61349552335726,-25.7854378523715,1,1,0.26294177097675125,0.0,0
158688,1698,47.251475378860945,-12.17339227008282,0,1,0.04174714884123302,0.0018508541148602117,1
158707,1699,47.275879591166984,-12.458874193464489,0,1,0.03777647725418007,0.0,1
158727,1700,46.435180264837186,-9.688035897315673,0,1,0.02711557916362626,0.0,1
158754,1701,47.14153628627467,-5.743963826290461,0,1,0.009986618697378458,0.0015627751310756948,1
158773,1702,48.292695589715095,-12.156656836821657,0,1,0.048365264481450586,0.0,1
158791,1703,45.18381913853757,-12.27214022861941,0,1,0.03589525105403337,0.0,1
158819,1704,73.24976683260581,-14.573991799605897,0,1,0.11858184097354289,0.0,1
158837,1705,57.398945768991844,-16.09837391930789,0,1,0.1174653191276791,0.0,1
158858,1706,47.023320345418114,-9.434143998610855,0,1,0.028887604759705903,0.0,1
158915,1707,-34.615099094921774,459.75526677681745,0,1,0.18609144215911885,1.0653033752574006,1
158933,1708,40.468543039962924,-10.405819958218983,0,1,0.0,0.0,1
158947,1709,44.5314775150308,-10.940603548109907,0,1,0.045625890016724964,0.01379205620683512,1
158964,1710,-4.520605381581504,-10.51053809189356,1,1,0.04279335540215389,0.0,0
158983,1711,63.187161621164776,-17.313072028376535,0,1,0.14746474617951458,0.007362595483263433,1
159002,1712,76.01471156331355,-22.7404681066005,0,1,0.23003658267898378,0.0,1
159024,1713,46.361398671184304,-0.3149768288856052,0,1,0.028805838150130245,0.05220830327856473,1
159045,1714,45.79477127945314,-9.074669133333446,0,1,0.02126758891882779,0.003977179885677625,1
159061,1715,41.70665128489075,-11.744371524647097,0,1,0.01962444361924969,0.0,1
159084,1716,74.73155279444688,-18.908650568031316,0,1,0.17087708793098452,0.0,1
159102,1717,53.5233207225185,-14.662423318906486,0,1,0.08841123496623225,0.0002974003253230496,1
159147,1718,12.751920591330357,6.243005253704208,1,1,0.027922073642927408,0.013671923165008952,0
159164,1719,41.9992851186422,-7.6677453819074515,0,1,0.016558024180419045,0.020299741979678723,1
159183,1720,43.594387546980045,-10.466398317075395,0,1,0.01759572927205225,0.0,1
159201,1721,40.29178540182784,-8.572546436439344,0,1,0.0032110979098034977,0.0,1
159220,1722,60.34342977420245,-16.896088895677085,0,1,0.1311091290896781,0.001501360981921093,1
159239,1723,57.02131284925864,-16.90475734651349,0,1,0.10758975609606242,0.0,1
159258,1724,44.85407093017655,-10.719317684761108,0,1,0.021861387343094535,0.0044157818869668235,1
159276,1725,52.89143641134086,-13.336266109494346,0,1,0.08902360094361196,0.004740032089167713,1
159292,1726,57.0623429206521,-14.431452131254701,0,1,0.1331855095933244,0.007422173211537443,1
159308,1727,49.53468810728954,-13.021542039034195,0,1,0.07935389881185709,0.005590238363446721,1
159326,1728,40.162419675070865,-8.799580785980968,0,1,0.0,0.0022031678414342762,1
159343,1729,40.48274046066472,-10.309464636614,0,1,0.0,0.0,1
159365,1730,-0.34659478903511953,-10.118774077117509,1,1,0.0372261586005068,0.0,0
159380,1731,-6.50060793227485,-11.397343832565776,1,1,0.03946481834621122,0.0,0
159398,1732,41.64592158658836,-10.071079306019518,0,1,0.000243562925182064,0.0,1
159421,1733,8.840499635413885,-14.471378680475262,1,1,0.08461693669856132,0.0,0
159441,1734,55.322867932788434,-15.06912842224703,0,1,0.08342559429945151,0.0,1
159458,1735,71.16134768263915,-19.861530579168686,0,1,0.2229829475516974,0.001017689959655085,1
159477,1736,48.62914860393684,-8.761680939133685,0,1,0.04766145549075501,0.01094393102012103,1
159495,1737,43.509429626707934,-10.480888347592952,0,1,0.021992530632084978,0.0,1
159519,1738,49.469658347280856,-9.551781127015309,0,1,0.029636126683640008,3.687338069894948e-05,1
159535,1739,43.66560450222487,-9.263079041794022,0,1,0.03968966994130221,0.016077615696669132,1
159572,1740,5.0524288806655555,56.90874751227227,1,0,0.02166593250236608,0.031321291566064675,2
159585,1741,38.501583006810264,-8.72892811589406,0,1,0.0025437374566815826,0.02281163925550465,1
159602,1742,40.82563339064627,-10.84438205445787,0,1,0.008588471245630586,0.0,1
159620,1743,61.679308391104286,-18.162591052363123,0,1,0.14225011447524885,0.0004890247464866957,1
159646,1744,66.5638235230511,-14.975249141141223,0,1,0.10423698399945613,0.0,1
159667,1745,76.6680865655538,-21.899066768778862,0,1,0.20761287746914958,0.0,1
159687,1746,79.05578050873572,-23.074145038077344,0,1,0.23697335400019762,0.0,1
159707,1747,79.39986695304285,-24.169449687900958,0,1,0.23873245295057477,0.0,1
159724,1748,41.32370588271421,-11.163433603358394,0,1,0.010959022071151833,0.0009509685194442739,1
159743,1749,47.71002308766073,-12.604464116741795,0,1,0.04133319634607396,0.0,1
159767,1750,86.25666930551756,-23.02266218964098,0,1,0.22331205771388082,0.005123389082306217,1
159781,1751,42.98612170525183,-12.268577120670148,0,1,0.04245356068705327,0.007861541817585657,1
159799,1752,47.62581865509468,-12.421945724968454,0,1,0.04637183333511039,0.0,1
159816,1753,43.47871515033287,-12.598962300551646,0,1,0.021745729391051054,0.0,1
159834,1754,44.737574077863556,-9.277576257993355,0,1,0.035542159021639,0.018968108184850174,1
159855,1755,78.64966265560187,-23.247438997806817,0,1,0.2158097128713963,0.0,1
159871,1756,42.46194213221146,-11.748481928113671,0,1,0.02675553234983287,0.0,1
159886,1757,38.58207350380165,-10.620449238083925,0,1,0.0,0.0,1
159904,1758,47.554136361529885,-11.639181573355184,0,1,0.04988766470609409,0.0009291934843913024,1
159922,1759,52.6121510123496,-14.288161716735818,0,1,0.08371113143152556,0.0,1
159940,1760,41.842272130840115,-11.701200597163998,0,1,0.012805897569777314,0.0,1
159957,1761,48.34491220051537,-13.875815391408647,0,1,0.06209450788269274,0.0,1
159974,1762,54.074832939774275,-16.25806110116303,0,1,0.10700527965128714,0.0,1
159997,1763,51.04035378413806,-11.025392574262916,0,1,0.04838305980757772,0.0,1
160013,1764,40.447735651422015,-10.68313165379081,0,1,0.00844572726516295,0.0,1
160033,1765,60.337874807329925,-16.08497220192131,0,1,0.11193972473484622,0.0,1
160049,1766,40.71978304905056,-12.13010270976799,0,1,0.013678435640221526,0.0,1
160067,1767,45.542804936379426,-10.371616306305569,0,1,0.038332649768676105,0.007753513954195143,1
160085,1768,46.10199064714864,-7.038779782619137,0,1,0.03497283101166084,0.018566508470581746,1
160103,1769,45.678059837432244,-12.245215300848287,0,1,0.037963917641216045,0.0,1
160125,1770,55.59391747794998,4.91962399015712,0,1,0.1216286069941846,0.12692628972925948,1
160143,1771,43.72976540382253,-10.650884409302055,0,1,0.020995246050047926,0.0,1
160159,1772,47.38131963147815,-13.415422902338515,0,1,0.06490117512842347,0.0,1
160179,1773,82.48761721462654,-24.683156086586735,0,1,0.25507498527975425,0.0015322389535924695,1
160200,1774,2.808103710698809,-12.65121388871512,1,1,0.06334643381603451,0.003950805122681533,0
160221,1775,91.48647643247178,-27.532325562228436,0,1,0.29926114280956595,0.0,1
160245,1776,47.46408963151622,-9.402261306853884,0,1,0.018792082373959077,0.0,1
160264,1777,53.89422416172458,-12.665167877261245,0,1,0.0775261587992482,0.0,1
160281,1778,43.695436232111426,-10.568604048907678,0,1,0.023855143524120267,0.0,1
160303,1779,62.508450735240366,-15.216098539678015,0,1,0.11703566739935277,0.0,1
160324,1780,14.938815693135329,-18.459120389343042,1,1,0.13180358345485885,0.0,0
160345,1781,68.0494856287284,-17.859064485581552,0,1,0.1475626853683704,0.0,1
160364,1782,0.2586761855574835,-12.361350470732582,1,1,0.05680857032377031,0.0,0
160385,1783,19.26994626584804,-18.327442563037415,1,1,0.15621477211652773,0.0010159449868550915,0
160401,1784,40.479065229558636,-11.536879710853022,0,1,0.00897665679642948,0.0,1
160417,1785,49.57464947029864,-14.71046935887943,0,1,0.08232105816453787,0.0,1
160435,1786,60.191155957104556,-16.575879658288095,0,1,0.1365032173290957,0.0,1
160451,1787,39.56386005374326,-11.73723671491539,0,1,0.0043611731896602965,0.0,1
160466,1788,45.24694369362272,-14.050060735205786,0,1,0.05660048407113545,0.003264943400424893,1
160481,1789,40.00544292252091,-11.226434317874824,0,1,0.010910817710948689,0.0,1
160500,1790,55.25619435620864,-15.744958018214348,0,1,0.09162108254632213,0.0,1
160519,1791,75.24438297999231,-23.42649285153291,0,1,0.22547347652532898,0.0,1
160537,1792,55.32228523531065,-13.256125021220527,0,1,0.09678366578312717,0.002399564890945786,1
160554,1793,51.13608082785435,-14.291932962868042,0,1,0.08385781859840792,0.0,1
160572,1794,48.93046194189385,-13.23835669520725,0,1,0.05687617342575809,0.0,1
160589,1795,46.45514697427297,-13.944812397794994,0,1,0.051610859219399174,0.0,1
160606,1796,43.32965127827204,-11.217933204692473,0,1,0.01799901501245707,0.0013830517006894437,1
160630,1797,2.445709074734733,-11.72322528777797,1,1,0.04692886591384749,0.0,0
160650,1798,73.56695455433078,-21.86723186057386,0,1,0.20309531118154628,0.0,1
160666,1799,43.91933833513289,-13.579345283903058,0,1,0.04137684326215456,0.0019326784494105506,1
160691,1800,105.91312583953466,-30.446320442838108,0,1,0.3059211339810299,0.0002447096041549676,1
160713,1801,71.83392431068464,-19.08165535502559,0,1,0.16537514139871964,0.004051219805500854,1
160729,1802,47.76949872825527,-15.119437421967175,0,1,0.06766127274662749,0.0,1
160770,1803,103.1037959289013,-16.729594172263152,0,1,0.14430169388896713,0.0,1
160787,1804,42.75643878185054,-12.575669032884427,0,1,0.021558855691396202,0.0,1
160803,1805,43.818191667028316,-12.616306740947621,0,1,0.036086882564751344,0.005394914838516268,1
160818,1806,48.950360104024625,-14.778935309861403,0,1,0.08277839824597175,0.0,1
160838,1807,48.19728006486061,-12.243545216879951,0,1,0.039364737877858366,0.0,1
160856,1808,42.59272907054162,-9.62298488043668,0,1,0.014769059819040288,8.041069658985092e-05,1
160873,1809,56.37747070899343,-17.092362132326805,0,1,0.12563439293319503,0.002375409735867481,1
160890,1810,49.95296678121797,-13.497604884764787,0,1,0.07480073103349762,0.00013305197608817133,1
160910,1811,24.49786670491684,-21.680479575848334,1,1,0.19971895834666936,0.00020719045018825882,0
160925,1812,40.18160806179218,-12.959741762364462,0,1,0.010823904763886878,0.0,1
160946,1813,87.82362007524245,-25.71287306344576,0,1,0.2657886987429127,0.0,1
160961,1814,44.701819240965804,-13.749004588960922,0,1,0.049692249954234845,0.0,1
160981,1815,65.06062842013945,-17.191509029367566,0,1,0.14563875510605137,0.0,1
160999,1816,43.13294935076421,-11.580205059603934,0,1,0.01668701099265948,0.000728474790298045,1
161019,1817,-1.0492109397639169,-11.355934694746095,1,1,0.05039025437416933,0.0004801168388318835,0
161034,1818,46.32556436289741,-14.948368911200863,0,1,0.062438606788016646,0.0,1
161050,1819,45.57266136401046,-14.063348837343728,0,1,0.04677663143152644,0.0,1
161066,1820,44.37030151171306,-12.929562877394691,0,1,0.038009919068105,0.0,1
161082,1821,42.72780349770055,-12.052145617024568,0,1,0.031928284497525425,0.001793590035147127,1
161099,1822,43.67926470824482,-12.90937816850512,0,1,0.02719471760923284,0.0,1
161117,1823,51.29183928048819,-14.23821868705176,0,1,0.07463180263111543,0.0018097405829092675,1
161135,1824,43.67824245516198,-11.378329557141846,0,1,0.020503278542502675,0.0,1
161152,1825,-0.1136006922540993,-13.645521923245084,1,1,0.07096358926636566,0.0037541576928808752,0
161168,1826,41.790001207611816,-12.19320541801779,0,1,0.021532743432700036,0.0008547592273852554,1
161183,1827,41.15831323216031,-13.404599090624448,0,1,0.019813358066434583,0.0,1
161199,1828,41.631385553584,-11.34626101768384,0,1,0.020628934508151106,0.0016206617298816582,1
161218,1829,64.47955751208963,-18.09379142190475,0,1,0.1546908421998205,0.002893695533995747,1
161234,1830,46.78074270510908,-13.81406672340995,0,1,0.05921641718789098,0.0,1
161251,1831,60.15866880265101,-18.141625348391706,0,1,0.1441527166245747,0.0005941803792358069,1
161269,1832,64.00273263287653,-17.8611654761699,0,1,0.1550976412242219,0.0,1
161289,1833,53.088735479473385,-13.688839028711957,0,1,0.0715387500377069,0.0019423029146536722,1
161307,1834,46.32789900040747,-12.032646115356707,0,1,0.04043268964259381,0.007794639881809858,1
161327,1835,71.88227601388974,-19.876781842081968,0,1,0.1816182861019799,0.0003952213133108326,1
161345,1836,56.3814827255694,-15.20938331675553,0,1,0.10481740086847083,0.0,1
161365,1837,62.65244959336823,-18.39457101457235,0,1,0.12812905339136865,0.0,1
161383,1838,44.61422408403004,-11.735584451932034,0,1,0.02878403290969163,0.005208518846316502,1
161401,1839,67.52021169633315,-16.387448991129695,0,1,0.17624587547091483,0.004615851777010893,1
161417,1840,61.19386376739813,-17.51304407446406,0,1,0.16382803171686486,0.0,1
161433,1841,51.56208383922046,-15.122509842666808,0,1,0.09276126064384807,0.0012056975791401867,1
161448,1842,53.72158837876653,-15.139347175007341,0,1,0.11704361365896566,0.004982754330699971,1
161464,1843,48.23182458015617,-13.492757754344805,0,1,0.06878951297261861,0.0035962962299260653,1
161482,1844,52.22838079538725,-14.448564088006265,0,1,0.0840918946278448,0.001089291890586308,1
161502,1845,67.6746007161747,-19.07766329327735,0,1,0.1603001161212251,0.0,1
161518,1846,42.557708929469754,-11.086606103957456,0,1,0.02926643436840962,0.00786269268439196,1
161534,1847,54.56393279032941,-16.744976969382193,0,1,0.11507386777224891,0.0,1
161550,1848,39.950165970167966,-10.682384622352581,0,1,0.006616308429371335,0.0,1
161567,1849,55.521423004574146,-17.28599724758115,0,1,0.1156726330560366,0.0,1
161583,1850,48.253017762862406,-14.20614583783506,0,1,0.07320054992816201,0.0,1
161599,1851,58.74060661528305,-18.487658457007324,0,1,0.1531191763426727,0.0,1
161617,1852,64.06751747981511,-18.574842535392335,0,1,0.16093823595661064,0.0016992055750391583,1
161640,1853,58.70338000132747,-10.963646158002264,0,1,0.06934592473185158,0.0,1
161655,1854,60.72465985543165,-14.616233555023198,0,1,0.19706913783007207,0.04028228016274652,1
161672,1855,56.563689949848666,-15.705977633689326,0,1,0.11996067866613709,0.0015230621821478874,1
161692,1856,45.46054562739738,-10.556120683849382,0,1,0.02917425144627,0.0016583601136334696,1
161709,1857,50.45018872742805,-7.837154753095245,0,1,0.0870272105281617,0.04600132604293147,1
161726,1858,63.37708593017484,-15.875927937026244,0,1,0.15557085173179128,0.0,1
161753,1859,132.05498417709703,-39.01623237231254,0,1,0.4009006405290706,0.0,1
161768,1860,4.287935986503108,33.85755697409563,1,0,0.12417316809492411,0.0007549995547682826,2
161783,1861,38.975824193727306,-10.68924298731853,0,1,0.003967906410793716,0.0,1
161800,1862,44.086752098574586,-9.634697464104084,0,1,0.027635667488169577,0.008265118095539222,1
161816,1863,39.31741413979066,-11.302613304819236,0,1,0.0012888209817627533,0.0,1
161834,1864,59.11353225355376,-17.714674315857366,0,1,0.13169013220621084,0.0,1
161850,1865,53.73451587074871,-16.489933857359432,0,1,0.1165855495183787,0.0,1
161866,1866,47.63164499950698,-14.87228723401312,0,1,0.06531085988713076,0.0,1
161883,1867,55.79226472842732,-16.345648539248593,0,1,0.11879675838627266,0.0,1
161899,1868,56.29033004080121,-16.903338166887334,0,1,0.13707193339728688,0.0008853745677582412,1
161918,1869,65.972447172759,-14.193094725175952,0,1,0.15042762541913043,0.01110824008816823,1
161937,1870,73.06703557906789,-19.736199163266505,0,1,0.2002627669512781,0.0,1
161952,1871,61.330212254639335,-15.149079998299618,0,1,0.18472510789226243,0.02546836299348328,1
161969,1872,54.71032890721395,-16.271461453398818,0,1,0.11216002559225481,0.0,1
161984,1873,43.35643422707338,-12.87818141573159,0,1,0.03900436850235313,0.0009584239005788949,1
162000,1874,54.985122617301634,-16.99443349774394,0,1,0.12323239319351333,0.00041149469848759685,1
162015,1875,39.925718411970045,-11.900410464832454,0,1,0.01187499246772345,0.0,1
162032,1876,57.417604876037736,-12.89136769428524,0,1,0.11242235757990435,0.017383846932335068,1
162049,1877,64.4969384591806,-15.909096501140986,0,1,0.1667121607067526,0.0,1
162067,1878,60.74880830784005,-16.76352411049884,0,1,0.1396773337498677,0.0,1
162085,1879,63.56116999553949,-16.042641436336126,0,1,0.15402246804066383,0.001528205275532809,1
162102,1880,47.43772908489943,-12.553558423886457,0,1,0.06107009204937028,0.0075228172489615955,1
162120,1881,14.298150908207461,-19.145309238801882,1,1,0.16871184922641871,0.0,0
162137,1882,49.121268154893464,-13.755653144653152,0,1,0.06772765807675367,0.0,1
162153,1883,57.94419093798094,-16.35151820595613,0,1,0.14634329930720832,0.009163582292325945,1
162169,1884,40.53414017979082,-11.25236636937091,0,1,0.008745283234125672,0.0,1
162186,1885,54.94793828559911,-15.926238543772318,0,1,0.11026388819475763,0.0,1
162204,1886,44.519342327643166,-11.72820132913513,0,1,0.027152986693472006,0.0,1
162222,1887,6.787721368190407,-16.85095455744397,1,1,0.11717382999879725,0.0,0
162240,1888,68.75759805027177,-20.170707982820797,0,1,0.2026584930732813,0.0,1
162257,1889,42.306846411604354,-11.805290959317494,0,1,0.02008049982398317,0.0,1
162275,1890,59.47347267959664,-14.567961570053274,0,1,0.12604469509306393,0.0,1
162292,1891,-8.007318015549258,-11.403148755585564,1,1,0.021747399733049504,0.006777356618078275,0
162309,1892,39.40419430680797,-10.652768055008162,0,1,0.0008691410810982276,0.0,1
162325,1893,40.12821417626569,-10.937097369714476,0,1,0.007429932991726447,0.0,1
162345,1894,67.52012383640559,-17.18450585890077,0,1,0.15269369631069418,0.002263664959050858,1
162361,1895,40.65855955252235,-10.466002302789377,0,1,0.011460591317246444,0.0017455154465198057,1
162377,1896,41.6812198502332,-11.391427991705964,0,1,0.015360295959597148,0.0,1
162394,1897,60.98804894889025,-15.689585558678335,0,1,0.15419148036206454,0.009573861395928676,1
162411,1898,44.62229354710158,-13.5554040481978,0,1,0.03533421251362116,0.0,1
162428,1899,48.59460692609129,-13.637608720262477,0,1,0.07123923777217325,0.006520993645588673,1
162444,1900,53.55592830210088,-16.275650877198284,0,1,0.11667228567703611,0.004413263037979402,1
162458,1901,40.819690623491724,-11.37108118813719,0,1,0.018397090433136764,0.00045944519089683415,1
162473,1902,50.67910186464533,-13.347959128827252,0,1,0.09505669059426364,0.0076155935993024535,1
162491,1903,44.86536000540336,-12.044346745168045,0,1,0.031094098389372136,0.0038406962603455257,1
162509,1904,66.48162691388788,-20.473605244869667,0,1,0.18446641429172178,0.0,1
162526,1905,63.16859589687196,-17.452110039156675,0,1,0.1693407154328488,0.006415645827536966,1
162543,1906,55.18370275999399,-14.186175638356442,0,1,0.10754265264348085,0.0016551887068929924,1
162560,1907,60.52222024492084,-17.76497143332286,0,1,0.14701840384083298,0.0,1
162578,1908,59.18156602654656,-15.69988650242548,0,1,0.12842450799559046,0.005911709446157697,1
162596,1909,-3.841622268418254,-11.958141276417644,1,1,0.03684906759145814,0.002403124151147828,0
162613,1910,53.97263971298761,-13.408190711036093,0,1,0.09455727955772313,0.0,1
162628,1911,42.04816257631636,-7.832064635949923,0,1,0.03498704162660529,0.029438846795677407,1
162646,1912,63.236412487818825,-18.163233942326013,0,1,0.16182998395878243,0.0,1
162663,1913,66.28457640749608,-19.64791517246143,0,1,0.1963017579108266,0.0,1
162679,1914,40.65271430250637,-10.774022612645057,0,1,0.011677074503657823,0.004021879585896832,1
162698,1915,10.591372988063387,-15.279564663935274,1,1,0.1262215663342415,0.0033378876204285244,0
162716,1916,64.46390730133636,-18.672156144526078,0,1,0.16889305195370669,0.002525073399810123,1
162732,1917,58.92539809821242,-17.469366512385104,0,1,0.15580556718937486,0.006930689158109743,1
162749,1918,42.75841373389867,-10.576555697675698,0,1,0.02491719163932106,0.005869631007935488,1
162766,1919,41.55188052611985,-10.333198565166906,0,1,0.0064274303861219795,0.0,1
162784,1920,55.615607277228214,-15.010740012953118,0,1,0.1051767401937506,0.00024963395451176707,1
162801,1921,44.71584969093782,-13.101334259152868,0,1,0.035920343977479355,0.0,1
162818,1922,44.91583913202778,-12.11866111275561,0,1,0.035831735482312665,0.0,1
162835,1923,49.94128638314581,-13.51633564722199,0,1,0.07683674145192922,0.0,1
162851,1924,42.392484894847854,-11.546986272598236,0,1,0.022652113173631777,0.00018210703404712749,1
162867,1925,40.629846258406246,-8.065273869745557,0,1,0.008925214893407396,0.018559299853956907,1
162883,1926,16.154730801248352,-18.815374973346636,1,1,0.20791294585200476,0.0,0
162900,1927,49.27139433272156,-13.604558267321899,0,1,0.07287118996884419,5.82379549004098e-05,1
162916,1928,44.54013382452523,-12.104756207810183,0,1,0.04140991790088132,0.00343092981943354,1
162933,1929,42.43668702338985,-10.707059159661675,0,1,0.022244883959394442,0.0,1
162949,1930,41.96788650498155,-10.020216835271832,0,1,0.01562761421456615,0.005393963463328133,1
162965,1931,-7.03346945593216,-10.22704400155528,1,1,0.026283053774177216,0.006699687503261599,0
162981,1932,56.84991381762673,-16.81941314336382,0,1,0.13603904918115545,0.0,1
162998,1933,41.12868861070646,-9.667647392999275,0,1,0.004364014003300398,0.0,1
163012,1934,46.45814232225672,-13.820687431861732,0,1,0.06782667658234336,0.0,1
163033,1935,47.660413571451365,-9.840594483941352,0,1,0.03359177500205217,0.005113012527702894,1
163054,1936,49.41273320198638,-11.456043902116246,0,1,0.043973321873175875,0.0019488558764437388,1
163071,1937,-6.991195465251531,-11.381451066615655,1,1,0.022411592968919484,0.0,0
163087,1938,42.404726506127844,-11.340766706317911,0,1,0.02403920045715842,0.0,1
163103,1939,53.35264000680769,-14.003467842396113,0,1,0.10204883678200888,0.0010909107520286245,1
163119,1940,41.64155025144787,-12.037459464190917,0,1,0.018283752085875966,0.0,1
163136,1941,48.20404365505519,-12.461790468325425,0,1,0.06125375579060299,0.0007625297963599331,1
163151,1942,39.61567529429848,-10.850135316975296,0,1,0.007970513313446006,0.0,1
163168,1943,43.016480386745506,-11.357154813749498,0,1,0.02194018209721491,0.0,1
163184,1944,42.483474461506304,-11.232161073613579,0,1,0.024466878577418492,0.0,1
163200,1945,49.27325838082355,-14.101275146363866,0,1,0.07898519609020223,0.0003285056154632861,1
163228,1946,64.53812742187662,-8.525322172017676,0,1,0.08214208956514835,0.006629336087499658,1
163244,1947,46.45942421137528,-12.768785854002486,0,1,0.058113928771196435,0.0,1
163261,1948,46.17413360553132,-13.231213095275969,0,1,0.050656007889757874,2.3862645819616264e-06,1
163277,1949,39.18365905442152,-10.875526120922224,0,1,0.0034289995297446274,0.0,1
163296,1950,45.55756302381468,-9.311752700357804,0,1,0.02526660403429724,0.0012396751640521,1
163313,1951,42.32977249447205,-11.316704447481943,0,1,0.015949995549024692,0.0,1
163328,1952,39.37593236648277,-11.394179304787045,0,1,0.008165579644076198,0.0,1
163343,1953,41.91772480705809,-12.630564458537219,0,1,0.02242446576699676,0.0,1
163359,1954,60.4012742441855,-20.596170751533798,0,1,0.16912672765237438,0.0,1
163375,1955,39.99449009849516,-11.61226219913058,0,1,0.006676530866580536,0.0,1
163389,1956,38.222623782275946,-8.948955171545798,0,1,0.0,0.009633992411232434,1
163404,1957,40.464387426000314,-12.525344326628883,0,1,0.015453471440021583,0.0,1
163419,1958,40.066243583869465,-10.448822899656061,0,1,0.008365016958005431,0.0006193393525991486,1
163437,1959,-3.4340858991306646,-11.09186333656012,1,1,0.04503590821498619,0.0,0
163451,1960,40.99280527627906,-11.243762960233333,0,1,0.02153755881442082,0.0011395451382126877,1
163467,1961,39.95694464914761,-5.65242148565696,0,1,0.01575509502307163,0.040280508977912674,1
163483,1962,46.00645807653177,-12.49880932170778,0,1,0.05194842900591923,0.0,1
163497,1963,38.6772846672236,-12.809838583636498,0,1,0.001607774393797103,0.0,1
163513,1964,54.99332646678267,-18.009488950683586,0,1,0.12684562153047485,0.0012253809773511205,1
163534,1965,-6.105147745250964,-7.360861215353445,1,1,0.014800734588442008,0.004611396683305438,0
163550,1966,43.30101887703356,-11.199939252100707,0,1,0.036019591990601126,0.009322138361221706,1
163568,1967,-7.122310776921813,-9.825631591894187,1,1,0.012085032725574775,0.0,0
163584,1968,48.32763211140002,-15.09263070160339,0,1,0.07241324271118423,0.0,1
163602,1969,-6.014484263377925,-11.412956784302416,1,1,0.021449875280496737,0.0,0
163616,1970,38.52987935111686,-11.169895709673572,0,1,0.0032546567000576016,0.0,1
163630,1971,38.14499537844432,-11.010630177052919,0,1,0.0,0.0,1
163646,1972,44.28793239408853,-12.818844548852855,0,1,0.03641013656261615,0.0,1
163663,1973,-2.6069627398875053,-13.67877306313515,1,1,0.05566516704541238,0.004336926519165481,0
163680,1974,43.45721973314404,-11.225117472342898,0,1,0.0302927912986601,0.0,1
163698,1975,-1.7330309224822145,-12.45964503676035,1,1,0.05887568695071499,0.009636302808299127,0
163714,1976,44.064239450327634,-12.15247574381782,0,1,0.030838876388781807,0.0,1
163730,1977,-10.022014792430678,-12.901691850315299,1,1,0.007487917262987857,0.0,0
163746,1978,44.48421502939162,-11.683201990819288,0,1,0.03423282600843786,0.0007172560601550424,1
163763,1979,41.901608902593196,-9.705512078978433,0,1,0.014308075564518796,0.0,1
163779,1980,43.3315295877257,-12.990164077679506,0,1,0.03326809308446377,0.0028961886702969742,1
163795,1981,40.562134461132814,-11.247701868151518,0,1,0.010122815680133186,0.0,1
163810,1982,40.60103420225883,-13.637712578495398,0,1,0.015051441403033479,0.0,1
163826,1983,40.194450183086715,-10.453860283117823,0,1,0.005478854200447823,0.0,1
163842,1984,41.32063306747387,-11.77485426583058,0,1,0.016286235634687694,0.0,1
163859,1985,45.883571883814,-13.137382586413342,0,1,0.048807120813739786,0.0020521696863412355,1
163876,1986,54.339380384170866,-14.894784981499573,0,1,0.10721925684385389,0.004639488093715472,1
163892,1987,39.83835034744157,-10.63374172854638,0,1,0.002962767024859084,0.0,1
163910,1988,49.27927861983186,-12.171254400093588,0,1,0.057315861381268124,0.0008825772538003688,1
163929,1989,56.78733410770692,-5.826816369162801,0,1,0.09652879332138403,0.028484817675223373,1
163946,1990,42.66233673552779,-11.350292472228995,0,1,0.01744792952529463,0.0,1
163962,1991,45.371430937404725,-14.110073955463488,0,1,0.05077773126709328,0.0,1
163979,1992,59.1311728064496,-18.23592843672866,0,1,0.1426489815919189,0.0,1
163996,1993,51.23087023916767,-14.83335729506805,0,1,0.08557886716172868,0.000918729764364609,1
164012,1994,40.84606826168092,-12.28605875586085,0,1,0.013988096574730016,0.0,1
164028,1995,40.72784155162181,-10.956116857188055,0,1,0.012338712611208114,0.0,1
164045,1996,46.205759130638086,-13.79322111267231,0,1,0.050621720488028675,0.0,1
164061,1997,42.63421670081395,-12.438186059617852,0,1,0.02792688231538184,0.003219260161238685,1
164078,1998,39.48642057781451,-11.075102574461598,0,1,0.002058324122857152,0.0,1
164093,1999,42.606706366511965,-10.33762841648073,0,1,0.01941546650250702,0.0,1
164110,2000,42.598461709191724,-12.145292510670377,0,1,0.023265845323715006,0.0,1
164126,2001,44.33808589691209,-12.94653854680205,0,1,0.04196443462537741,2.2023049573302138e-05,1
164141,2002,39.29095656153329,-11.640891749172221,0,1,0.0013727544817892716,0.0,1
164157,2003,39.94971787875749,-10.776427548459786,0,1,0.0070705915307291535,0.004379928785520397,1
164177,2004,44.81432064209014,-6.344166846141995,0,1,0.010792881428111235,0.0006994721500287812,1
164193,2005,57.51952169313867,-16.986097565965846,0,1,0.13886319101908196,0.0032856911373266417,1
164209,2006,46.015679964736904,-12.853729013752996,0,1,0.05829913437000843,0.009186932039776146,1
164225,2007,58.66628904910806,-15.725646301395457,0,1,0.140130212415555,0.005174524117852415,1
164244,2008,49.245401576035505,-13.199802095485419,0,1,0.05004531065498556,0.0,1
164261,2009,43.54738503629048,-9.10618302445382,0,1,0.01824172765735752,0.007005183076036849,1
164278,2010,49.94245847259839,-8.69147344739756,0,1,0.07942793346516709,0.0311467676448769,1
164295,2011,44.78932813962628,-13.397411860208832,0,1,0.039770809747157694,0.0,1
164311,2012,43.76424580662632,-9.220170367110507,0,1,0.024505496514321157,0.014719264138043878,1
164326,2013,48.68202889661928,-9.385766891193832,0,1,0.07588672017609074,0.025896402999667705,1
164342,2014,39.43890593144461,-10.860509289083257,0,1,0.001249645508367612,0.002598949970709254,1
164359,2015,55.9213886965061,-13.521721977268873,0,1,0.10412556792325288,0.0001830530863655023,1
164378,2016,56.75981242625494,-6.858298790848181,0,1,0.10360720496046938,0.03233423244598355,1
164397,2017,64.91931995304563,-5.503425752133964,0,1,0.16935239592821472,0.06513332073069027,1
164413,2018,48.75506069287393,-11.60930163549023,0,1,0.0632888094484097,0.0,1
164428,2019,38.30262087725213,-5.2776403168616035,0,1,0.0,0.03194220758672022,1
164447,2020,46.85746259033341,-2.3891675690901266,0,1,0.030690057315150704,0.030772269961713346,1
164463,2021,40.08010102136532,-11.384763320271325,0,1,0.006435676384374112,0.0,1
164479,2022,57.18093405254274,-17.518868607125512,0,1,0.1449018846715049,0.006109088139815929,1
164495,2023,66.07809833089397,-15.851468827643155,0,1,0.20769623610479743,0.02673205410337551,1
164511,2024,42.39626959909598,-11.701656454064974,0,1,0.026583827649589126,0.006963247281777595,1
164524,2025,41.58430527030519,-8.494039497581735,0,1,0.035669296601589684,0.01659778213776484,1
164545,2026,57.41635544905752,-10.277613115031677,0,1,0.07844285076027901,0.0032946533422441152,1
164563,2027,44.92908013288599,-12.187394683785037,0,1,0.03636376300801343,0.004349293788644313,1
164580,2028,41.20942556947233,-6.27820328509824,0,1,0.014638208186845678,0.031826799917334295,1
164596,2029,35.064771511532214,4.613080347552282,0,1,0.0,0.1074737034702484,1
164612,2030,39.05235435129554,-10.098196412631411,0,1,0.002295148370005102,0.0036640255729043798,1
164631,2031,51.85363979556605,-7.055746150124335,0,1,0.054254419181270656,0.01996914898330196,1
164648,2032,43.482193326536404,-10.72593957625452,0,1,0.024466894095295785,0.0007077415988482285,1
164667,2033,14.163243092441522,34.13279949920807,1,0,0.14455603572970385,0.0,2
164683,2034,39.93127373922606,-11.683623469008161,0,1,0.008437872032127133,3.7197617448208396e-05,1
164706,2035,80.54098425583581,-21.40688878998809,0,1,0.19789085544373722,0.004664624473801223,1
164722,2036,51.728596872157304,-12.49799533851441,0,1,0.0848901280560878,0.0,1
164746,2037,44.56261426482715,-7.660884400593321,0,1,0.007529737540857919,0.0003648492249479275,1
164763,2038,-8.317781514502036,-10.88714742756264,1,1,0.016750681004013633,0.0,0
164779,2039,41.18292090134135,-10.962162603123494,0,1,0.013917694464638353,0.0,1
164795,2040,48.630654017450105,-11.983359474596561,0,1,0.05637397600440815,0.0038965096860468077,1
164810,2041,38.50099765147985,-11.844449010364727,0,1,0.0005488724163004716,0.000592764227061768,1
164827,2042,44.76477139267038,-9.017975170539689,0,1,0.01662766076801665,0.0002713111695818526,1
164848,2043,52.114362112687274,-1.5050824580388706,0,1,0.07616160707129166,0.06743551915452346,1
164868,2044,2.1658296681889624,-12.852657838118589,1,1,0.07211898780030089,0.0,0
164887,2045,55.4199504177653,-13.499334790640884,0,1,0.0918439581899999,0.0,1
164910,2046,43.25222484970016,-8.043486155725192,0,1,0.0,0.0,1
164929,2047,48.664500738973274,-6.816890181540696,0,1,0.050895277153764844,0.025230403220915625,1
164943,2048,38.757204484841814,-5.895338313728795,0,1,0.005233592110394984,0.025663417469772937,1
164961,2049,41.43695388405241,-10.586633476686847,0,1,0.007376028570943827,0.005202085067917167,1
164980,2050,45.30971072937466,-11.017489802680828,0,1,0.029325407785877455,0.002377752458557833,1
165001,2051,47.84061503916938,-11.328139539369868,0,1,0.03206894985186402,0.0,1
165017,2052,46.52323739564642,-14.10472135272002,0,1,0.05430316652521562,0.0,1
165034,2053,53.134236022360255,-13.386303213191027,0,1,0.08144105394250822,0.0,1
165055,2054,55.67404818824397,-8.11554561630539,0,1,0.06863286003036666,0.014191841874364128,1
165073,2055,61.241723914592995,-16.19555890568866,0,1,0.13636269448727492,0.0,1
165089,2056,42.647405645108016,-11.899482614143103,0,1,0.029748371267764022,0.0,1
165106,2057,49.080168930179426,-12.581132126958504,0,1,0.0716654902357995,0.005331927237379229,1
165122,2058,47.89722585722846,-9.974258074383329,0,1,0.05164602090649691,0.004703818533047889,1
165142,2059,59.031644490216564,-9.856969128410608,0,1,0.09821997203065067,0.021779948482820846,1
165158,2060,43.396011953552524,-12.158941209265985,0,1,0.034120421960934545,0.0,1
165175,2061,39.709242200828655,-4.135596701116867,0,1,0.013379433035442085,0.04503278127164728,1
165193,2062,47.50594507282909,-8.470496610039907,0,1,0.03761581460904311,0.013798942232021457,1
165208,2063,56.287765058248056,-15.885029942238166,0,1,0.13733349164203096,0.005064331288357319,1
165228,2064,56.2662649029178,-12.045902933584506,0,1,0.09033091370789505,0.004404191031944652,1
165244,2065,51.62204304849332,-15.632967532084884,0,1,0.09835309807209833,0.0,1
165263,2066,45.89210415737294,-9.924945568129855,0,1,0.021570751814078654,0.0,1
165288,2067,49.563027670814286,-27.47355660706127,1,1,0.2721159116954466,0.0,0
165304,2068,-11.497527945817563,44.31044131415736,1,0,0.00614417315661458,0.025467236612722172,2
165319,2069,47.76862900807872,-11.375888158399349,0,1,0.06510848642914192,0.014088036308749515,1
165335,2070,55.260702777141745,-14.407868832214733,0,1,0.1298407463644101,0.011885387833847998,1
165350,2071,43.23024343705384,-9.11704319105106,0,1,0.04143228108636308,0.022492681288634422,1
165367,2072,56.12681528582537,-13.826521978734576,0,1,0.1154905130490529,0.001592659085670197,1
165384,2073,56.28055785637747,-12.57444522459115,0,1,0.10934733111909696,0.008066030830107197,1
165401,2074,58.038207793591155,-18.16731402403252,0,1,0.13499158010769624,0.0,1
165416,2075,43.05197897560774,-7.145551472015709,0,1,0.030258131152796592,0.03400344171625216,1
165435,2076,64.7914844614431,-11.680280788339456,0,1,0.16783930631650792,0.04351372629130348,1
165454,2077,46.5291675698722,-5.971576209829845,0,1,0.04591973390122766,0.03266223612621999,1
165469,2078,46.37201982635764,-12.183667216287628,0,1,0.06130681720703081,0.003391066237076585,1
165485,2079,41.51991758890879,-11.753153682770332,0,1,0.019550754959482258,0.0,1
165499,2080,53.029272097076884,-15.323441303798704,0,1,0.1175851458702623,0.0,1
165517,2081,52.441539580881994,-9.453107985715397,0,1,0.07687303232643902,0.015963750626187684,1
165538,2082,50.862288545207534,-4.972625864769599,0,1,0.04696215556282251,0.02683155546792174,1
165559,2083,43.28924463770859,-9.856380448220033,0,1,0.007054112243930881,0.0,1
165578,2084,50.47783032258212,-11.840682645549315,0,1,0.05833141912259025,0.0,1
165595,2085,47.90882372787226,-11.162229220355604,0,1,0.05551858718977652,0.008530917231402577,1
165615,2086,-2.6769153679430353,40.001001622046566,1,0,0.028483126609128256,0.00019251428041076884,2
165633,2087,42.38610662038586,-6.985699790727205,0,1,0.004816504165434295,0.005754181469928512,1
165651,2088,-1.1081054820759313,-6.24068930551875,1,1,0.06547365389995903,0.033885204818864145,0
165669,2089,53.12039698280043,-10.447443131712607,0,1,0.07350578862432203,0.0112409983000014,1
165689,2090,-4.3979097188594025,-7.606556012077384,1,1,0.017517543383755878,0.0,0
165712,2091,28.087219268955202,-19.988922474582033,1,1,0.18330545535286072,0.0,0
165728,2092,53.68904170867668,-9.516690236703115,0,1,0.10912806971128061,0.02483691650945717,1
165746,2093,47.88916435118062,-10.595075866268003,0,1,0.043958168007656694,0.0,1
165761,2094,40.04750042123485,-6.914922085569925,0,1,0.02523129869689123,0.03159948133315753,1
165777,2095,47.1902062256689,-11.919676846464924,0,1,0.06301402677209898,0.0,1
165806,2096,64.57912761801575,-6.3521077402478845,0,1,0.06905337315200422,0.014529590900071342,1
165824,2097,51.25043645023997,-13.104487722092959,0,1,0.07563864459089367,0.0,1
165840,2098,-4.702436947296093,44.28231829211481,1,0,0.06719756443486324,0.05104460119705401,2
165856,2099,-0.7302827596945001,41.635672771318504,1,0,0.08705228796978143,0.034130713914095744,2
165877,2100,48.59718879531064,-6.2926962209068265,0,1,0.04390161568276317,0.020579208911398923,1
165892,2101,-1.852351229141373,-12.766527769926974,1,1,0.08075529929463962,0.0053086565332566326,0
165914,2102,47.24968951187783,-10.476517400579441,0,1,0.024794681789463455,0.0,1
165933,2103,63.89211739966492,-15.566287504942192,0,1,0.13485694559860673,0.00011349332528305133,1
165949,2104,45.88533669346706,-9.15353323745647,0,1,0.06334456559775206,0.02549551391305104,1
165965,2105,50.932881580547814,-11.43619120060833,0,1,0.08830674371982167,0.01556347186018235,1
165987,2106,47.78269863427776,-10.867493405446051,0,1,0.0284679914577326,0.0,1
166014,2107,62.54426950876504,-7.167811299868349,0,1,0.0656089672613373,0.0012031470294104453,1
166037,2108,43.7608878136233,-6.491684344429352,0,1,0.0034760328026058806,0.0068700517989085915,1
166060,2109,66.22197251983104,-12.109394669083695,0,1,0.12123322117075508,0.0004633027117629704,1
166079,2110,41.164353384770635,-7.8378446880986665,0,1,0.0021644675239646284,0.0,1
166095,2111,42.911157246427805,-10.142634984097686,0,1,0.020385081585866698,0.0,1
166114,2112,55.76285711105814,-12.94318531896687,0,1,0.08510904313765875,0.0,1
166134,2113,53.63805962257784,-13.896695648546615,0,1,0.07380314898752267,0.0,1
166153,2114,45.254329977355646,-2.1068114136819176,0,1,0.03785414247040262,0.04896275096975743,1
166178,2115,51.72247135367776,-9.57282373365625,0,1,0.040120429247042316,0.0,1
166201,2116,67.00941958535446,-19.037183981109095,0,1,0.12545369384813174,0.0,1
166224,2117,49.36286397631797,-9.71630880324548,0,1,0.032422517327443966,0.0032161703892376096,1
166246,2118,2.9355405360920876,-12.008180814633524,1,1,0.05848678248333148,0.0,0
166274,2119,38.40110759376936,24.934002727054974,1,1,0.2795652686498814,0.25,0
166291,2120,40.86514526975063,-6.8661003239045275,0,1,0.009027160129831093,0.018986773076370967,1
166315,2121,45.40603920665129,-9.235868360649246,0,1,0.006853049280246766,0.0,1
166339,2122,48.10617563617707,-8.993194564577896,0,1,0.018750187195205107,0.0,1
166354,2123,51.29837929404866,-10.7806105922148,0,1,0.11394852786487324,0.029878085767291496,1
166381,2124,125.4767078010322,-36.873448348542766,0,1,0.36683872751549845,0.0,1
166397,2125,39.74870008729871,-9.45489118920568,0,1,0.007044122471778859,0.0,1
166420,2126,48.76448812986952,-10.539341848345874,0,1,0.030820785596228903,0.0,1
166447,2127,43.93420170401636,2.685268019735812,0,1,0.014109827305305123,0.05278520251475198,1
166472,2128,59.2433681680723,-6.941667871753612,0,1,0.06328825357301618,0.007692394704884653,1
166489,2129,42.51530659139526,-9.017483508632173,0,1,0.021355113594656396,0.007230847022674925,1
166508,2130,48.79099376058291,-9.01186438574694,0,1,0.0462923935401359,0.0,1
166533,2131,49.11031640945554,-8.38982723595269,0,1,0.023465545133785865,0.00011933833066134039,1
166560,2132,14.66685343161422,79.02514657046967,0,1,0.006929456539253951,0.4074074074074074,1
166583,2133,46.06520050206903,-9.588918564054815,0,1,0.017755258498127906,0.0,1
166599,2134,41.878422781344824,-9.705091725584909,0,1,0.013930195560843267,0.004988643475608662,1
166627,2135,55.40800722733215,-27.05906065620531,1,1,0.2628576526633422,0.0,0
166651,2136,45.982131469909504,-8.121363779845902,0,1,0.014119593025039158,0.002371714185207915,1
166677,2137,27.23472116579768,-17.955888579566114,1,1,0.15094309829378114,0.0,0
166703,2138,71.06164697111863,59.52394959246566,0,1,0.2842052357780385,0.43464593581672895,1
166726,2139,42.790101782498255,-7.6307189579867245,0,1,0.004881244466619599,0.012153999632530629,1
166750,2140,43.46491707664499,-1.1036439465697434,0,1,0.017726929235506034,0.04868890231313507,1
166776,2141,46.62663700683722,-8.60448768118276,0,1,0.007519845206290596,0.0012687763021313283,1
166803,2142,45.72690718368195,-6.2568800754750225,0,1,0.0,0.0,1
166827,2143,51.319731363548115,-10.09116684052057,0,1,0.0366021617762149,0.0,1
166843,2144,46.052121835514036,-14.399638326638215,0,1,0.05213103783987971,0.0,1
166869,2145,61.84627495056941,-30.31897014816459,1,1,0.31734189762134574,0.0,0
166894,2146,49.9164734314934,-10.01863748536662,0,1,0.02698472973530857,0.0,1
166918,2147,41.91614022192029,-2.0758976856912454,0,1,0.008102609701308364,0.03816644483799369,1
166943,2148,17.81524020055884,-8.803868716496977,1,1,0.13277181503489316,0.049996526843153956,0
166965,2149,42.84456428977104,-7.842564951603176,0,1,0.0013918958896081937,0.0017009440810170145,1
166992,2150,46.194192760562004,-6.192840940745091,0,1,0.0,0.0,1
167016,2151,41.38011441618693,-0.033897356800867584,0,1,0.012273247461990272,0.047505653609063066,1
167039,2152,9.683560954462223,-15.69238758781717,1,1,0.08917396653051204,0.0,0
167067,2153,45.078093027217605,-4.731761177661314,0,1,0.0,0.0013216167819453798,1
167089,2154,83.06756614942796,-26.001616070580976,0,1,0.23589254227939327,0.0034483708658923982,1
167113,2155,45.303693894514254,-7.998497189117341,0,1,0.006261270203438102,0.0,1
167137,2156,46.73639675894625,-8.846575681207405,0,1,0.01246861029605724,0.0,1
167159,2157,45.802817269654476,-9.556904972538025,0,1,0.015479985228330871,0.0,1
167184,2158,-4.397091910078451,-3.7351932965732644,1,1,0.01988032488765314,0.03191177907845042,0
167206,2159,44.43662267739425,-8.614968596196137,0,1,0.014515213265630551,0.0,1
167229,2160,-8.862969536131772,-1.1046633826002576,1,1,0.00658501546019079,0.04589215488808559,0
167248,2161,5.541055764558873,-16.349411489437447,1,1,0.10083718869013837,0.0,0
167266,2162,52.77763877424512,-15.032317571263484,0,1,0.0848592802400005,0.0,1
167290,2163,-1.7474108454607098,-10.44928353717088,1,1,0.020055643224725243,0.0,0
167311,2164,51.27328914916937,-13.178249623921406,0,1,0.05640200453231795,0.0,1
167334,2165,4.380779142805643,-11.497737987433776,1,1,0.0613815861893218,0.0,0
167359,2166,45.116416146423894,-7.484870253811364,0,1,0.006338222487983786,0.0,1
167379,2167,43.356169022758216,-10.074920408353874,0,1,0.011839402171107299,0.0,1
167396,2168,43.056339721854314,-10.949266446329032,0,1,0.021705639406952124,0.0,1
167419,2169,4.449023124766992,-13.648547037304294,1,1,0.06740908652453877,0.0028049952746708523,0
167441,2170,8.143070255866377,-14.496821359703045,1,1,0.09004112505679668,0.0,0
167457,2171,44.69649233555974,-13.328344140361095,0,1,0.045411529110056886,0.005068189662027425,1
167473,2172,40.440764531688124,-10.33716192356653,0,1,0.010432515945690524,0.0,1
167497,2173,45.210771617260406,-9.212286031806505,0,1,0.010185187736444072,0.0008891197441018326,1
167513,2174,44.13053513671908,-11.968699339790716,0,1,0.033939238397729464,0.0,1
167533,2175,56.74298533188172,-14.808666588134399,0,1,0.09960263660379244,0.0044665250286910025,1
167558,2176,49.42511200520351,-8.914732470150408,0,1,0.024470896652723537,0.0,1
167574,2177,39.13964551238717,-10.813899373452788,0,1,0.0,0.0,1
167598,2178,50.11575916089988,-10.12121088686971,0,1,0.03175220581014634,0.0017067629447366,1
167619,2179,45.971644671517595,-10.468270404766955,0,1,0.027233323474691224,0.0,1
167636,2180,43.21813190829812,-12.205656027131674,0,1,0.025505172260052344,0.0,1
167660,2181,10.4596374795623,34.29952256937397,1,0,0.09424190007880563,0.0026013604359711295,2
167685,2182,19.000341512632332,-16.718377754282898,1,1,0.12945907625874978,0.001969705459661736,0
167711,2183,33.38132967458667,-21.15949079601023,1,1,0.18386141105199189,0.0,0
167734,2184,59.64917089734486,-14.759771331163613,0,1,0.0962306003943695,0.004912001045086945,1
167753,2185,42.33718223577759,-8.87387936521675,0,1,0.006820779791851779,0.0005245090110488716,1
167769,2186,39.989335879493744,-10.852226628516647,0,1,0.008602115456065861,0.0025784884423568476,1
167795,2187,44.328463448600814,-5.231218257905619,0,1,0.001520473583095649,0.0,1
167811,2188,44.959292614177,-12.97502924416203,0,1,0.047576680139452696,0.0007280307292476451,1
167827,2189,46.34214858949082,-13.112148434229105,0,1,0.05514312414879799,0.001607680276537887,1
167851,2190,3.2291159065302395,-11.366367121774156,1,1,0.05238627892488087,0.0012116731749492128,0
167874,2191,43.254367512421375,-7.560476303218545,0,1,0.002571855914509503,0.0,1
167891,2192,43.210461150514945,-11.882341634042259,0,1,0.02890594769865474,0.0029226338175304288,1
167910,2193,43.39655504252525,-10.445619124295566,0,1,0.012093047752840504,0.0,1
167930,2194,49.79445474428289,-12.378095385560524,0,1,0.04769886694630533,0.0006794753380633771,1
167945,2195,42.211952567665136,-13.054545556412968,0,1,0.03160862233313989,0.00807933838618008,1
167970,2196,65.39317741856573,-15.17478344001133,0,1,0.10444021710767887,0.0016501261520815622,1
167986,2197,42.607160651810204,-11.136039943404496,0,1,0.028634058885803528,0.0,1
168006,2198,24.018804301216733,-22.174829015093998,1,1,0.2075002289120746,0.0007506399225597007,0
168023,2199,53.65797696626138,-11.157379338002881,0,1,0.07308144411220488,0.0,1
168043,2200,59.75542983273942,-16.5109517688356,0,1,0.11725702228467894,0.0,1
168064,2201,53.419800807429596,-12.684001249740907,0,1,0.06945220587863389,0.0,1
168084,2202,63.04238559740162,-18.07735298637388,0,1,0.13533042402480266,0.0,1
168105,2203,3.1080858832030955,34.86398539959768,1,0,0.068606393756049,0.0,2
168126,2204,59.12085549618797,-14.904866921458597,0,1,0.10313728598608225,0.004476125166294387,1
168145,2205,51.68994521807403,-14.557452687841735,0,1,0.0711732317453395,0.0,1
168163,2206,48.062691781297644,-12.984653776531871,0,1,0.05069929282390856,0.0,1
168194,2207,162.22219568624791,-47.94661001356751,0,1,0.45957499261909734,0.0,1
168217,2208,-3.4168383432644234,-8.042850276277864,1,1,0.017816914578227153,0.0,0
168244,2209,50.586827071562986,-9.129298735375585,0,1,0.02950774491590598,0.0,1
168268,2210,75.51280719791234,-19.59796945891523,0,1,0.1638931675611463,0.004046458649573041,1
168292,2211,43.15507820733431,-8.442584001208962,0,1,0.0009006639136319782,0.0,1
168306,2212,-4.384076045993471,-8.914883079584367,1,1,0.07576423676016296,0.02528131122762241,0
168333,2213,46.930508997846815,-6.965365196045223,0,1,0.005871933384118989,0.0,1
168354,2214,43.961695845831834,-9.189169944860014,0,1,0.010804239122487538,0.001253721865191655,1
168371,2215,43.7341028237491,-12.845569222057843,0,1,0.03084695216966996,0.0,1
168392,2216,-1.1296152995516664,-10.642129005169203,1,1,0.043221921768215314,0.004437406491165895,0
168417,2217,26.454100358891104,-18.850021619106254,1,1,0.16007517523427497,0.0,0
168442,2218,51.17272105811733,-9.694806794699518,0,1,0.03978528751511643,0.007562087840412109,1
168466,2219,44.244256726064144,-7.3687718132255355,0,1,0.0036701047828415095,0.0,1
168483,2220,40.957536754016,-11.893942374957874,0,1,0.009871482563575878,0.0,1
168508,2221,43.9708125282068,-7.060449433784193,0,1,0.0009198022192100388,0.0012375488202276048,1
168533,2222,46.01560570781016,-8.116920547268462,0,1,0.010717260947279705,0.0010512831484528653,1
168551,2223,41.46583750110516,-10.60396675989308,0,1,0.00830296363375153,0.0,1
168575,2224,43.524922206514105,-7.432626446601251,0,1,0.0,0.0,1
168601,2225,46.14002724541102,-7.606525299211896,0,1,0.00901415824132287,0.002608297958971116,1
168626,2226,45.19509834103215,-7.258191993099487,0,1,0.006984371324628039,0.0,1
168654,2227,45.42187358915921,-6.0497487500458345,0,1,0.0007103792593227994,0.0006373116329544656,1
168678,2228,47.56093250471821,-7.476761825530858,0,1,0.02104656461299985,0.0019609346658193963,1
168702,2229,15.033869627945995,33.321783659962385,1,0,0.11433488629375482,0.00027079778544773634,2
168725,2230,45.36140323438405,-7.841366387943005,0,1,0.01306734166061382,0.004731906988175954,1
168751,2231,66.88551339657641,-15.035945041890216,0,1,0.10487868624005992,0.00025821979034686387,1
168775,2232,60.40010970107261,-13.987112560240078,0,1,0.08982712784387532,0.001346355969001061,1
168797,2233,47.99667068915125,-9.49812837580759,0,1,0.031949369409366685,0.006167463207104063,1
168825,2234,45.43084425414078,-4.828136763014832,0,1,0.0,0.0,1
168850,2235,44.21057420078161,-7.51909308887646,0,1,0.00025839395029393533,0.0,1
168867,2236,41.07355860471187,-8.483588475608824,0,1,0.00160523409314806,0.00013512269009647814,1
168887,2237,-3.348521606487777,38.5149819671649,1,0,0.03490838751920304,0.0,2
168904,2238,42.94409584403339,-11.358262850977203,0,1,0.022289115765388737,0.0,1
168928,2239,60.09593834366588,-13.400710586235796,0,1,0.08602097726209908,0.003648140471445189,1
168954,2240,46.31568084795484,-6.757163033866661,0,1,0.009645708266429921,0.0,1
168980,2241,64.85370176624723,-14.378115638880569,0,1,0.09838651022713082,0.0,1
169001,2242,4.232116741638839,34.76055543399222,1,0,0.07973553159453534,0.0,2
169027,2243,66.53529690551406,-14.552622563748535,0,1,0.10533696409894797,0.0,1
169048,2244,58.374867646287356,-14.94373564744967,0,1,0.10022270977533163,0.0,1
169064,2245,43.71913692858888,-12.014203003981912,0,1,0.03558120822175741,0.0,1
169087,2246,46.66992562867304,-9.093404874525426,0,1,0.020025239950159156,0.0,1
169106,2247,40.652391692291204,-10.332692931185946,0,1,0.0,0.0,1
169131,2248,45.41559294333397,-5.706468000220443,0,1,0.007299679885664611,0.0030542589715788267,1
169146,2249,39.5786928843125,-10.851035022361817,0,1,0.003905859186575197,0.0,1
169163,2250,41.50719641644394,-11.45680236446911,0,1,0.015601140929770404,0.0,1
169180,2251,41.928846850238315,-10.906468208717335,0,1,0.017518767097198764,9.725988811891363e-05,1
169205,2252,39.610845379650776,-23.402363364483808,1,1,0.22398336514994288,0.0,0
169221,2253,41.4089230076939,-11.108507458989134,0,1,0.01892201760654806,0.0,1
169238,2254,41.98114275239662,-10.067740094002055,0,1,0.01692674864341719,2.401335352817404e-05,1
169253,2255,39.85289730719091,-11.389169870755632,0,1,0.01000883041780806,0.0,1
169270,2256,41.124016027424275,-10.815312945146022,0,1,0.012506212413329795,0.0005652364746400717,1
169287,2257,42.29057954954395,-11.783002472603748,0,1,0.022058943425629564,0.002985113611814215,1
169304,2258,45.27719515221936,-11.431375032302176,0,1,0.03515635654699779,0.006749625919586235,1
169321,2259,40.02794510073801,-9.86467602067751,0,1,0.0,0.0,1
169344,2260,47.143294422067704,-9.747456991238016,0,1,0.023895882791587896,0.0,1
169365,2261,43.95980995929077,-9.602909275371598,0,1,0.007497599403990993,0.0024428760664313687,1
169384,2262,46.06748703204203,-12.217234794669656,0,1,0.034553084651764134,0.0,1
169399,2263,44.79644469896241,-10.425762266982801,0,1,0.05301037910375457,0.018766073921208763,1
169421,2264,-1.6207715248856243,38.126704135701786,1,0,0.03655206556532097,0.0,2
169438,2265,41.12899423510891,-8.402962964956489,0,1,0.005696846085451306,0.010465104815258905,1
169460,2266,3.503564641376311,-11.956941658805139,1,1,0.06324074250992498,0.0,0
169481,2267,53.081598399223,-12.515759105178091,0,1,0.06969215219604694,0.007450477680077356,1
169498,2268,41.72658761302057,-10.585106716774236,0,1,0.014216293208462865,0.0,1
169517,2269,48.22443612303482,-11.355868821454862,0,1,0.05134722582195266,0.007136445391576551,1
169535,2270,41.77273180235883,-11.31644072569689,0,1,0.011011785622470707,0.0,1
169553,2271,43.48885109812532,-8.937459047833935,0,1,0.012375308067929615,0.0,1
169572,2272,44.90510889139719,-8.807143144674354,0,1,0.020557847896871782,0.004142315061521458,1
169590,2273,42.54467333328369,-10.660953715336406,0,1,0.015815521580739084,7.112117961115734e-05,1
169605,2274,49.202344012448165,-15.014984361448848,0,1,0.08605295383666708,0.0018830775747447957,1
169630,2275,65.87442269667513,-15.16709501163172,0,1,0.10994439530025266,0.0003556289373930656,1
169650,2276,48.48946275631395,-12.45455852196393,0,1,0.04561791093246194,0.0,1
169677,2277,47.50133329010234,-7.731119291495823,0,1,0.010607640380665799,0.0,1
169698,2278,50.21145519452214,-12.070172809816121,0,1,0.045120379980830995,0.002147297108586917,1
169714,2279,42.05166538485153,-10.42781212932798,0,1,0.021854384986632953,0.006725653080838888,1
169735,2280,48.82252764993639,-11.200961174877985,0,1,0.03766446858989287,0.0002488850299847558,1
169755,2281,53.74526638199152,-11.359030971728947,0,1,0.06040089440386207,0.0,1
169780,2282,44.963223861779994,-7.608846243605317,0,1,0.003542286452808768,0.0,1
169800,2283,43.22373058401516,-10.053437746809601,0,1,0.009846955012196412,0.0,1
169816,2284,40.86279255216645,-7.2479806774238025,0,1,0.015628622764850504,0.021470196781498137,1
169841,2285,45.98770548846786,-7.181586042579008,0,1,0.0033844000965830793,0.0,1
169862,2286,48.37485828657475,-11.053807349986506,0,1,0.03474947041079137,0.0,1
169882,2287,49.54465055464091,-11.754342441954307,0,1,0.04759305894926955,0.0,1
169908,2288,51.21552933181199,-9.046424176412938,0,1,0.031004425586671602,0.001579130934925702,1
169928,2289,46.74424384875246,-11.935013560480545,0,1,0.03466484566341185,0.0,1
169950,2290,12.333651237055545,34.1620122753567,1,0,0.11566214477833565,0.0005905761630187519,2
169972,2291,44.188663849203834,-8.261265278408114,0,1,0.011528566733819192,0.00198184490957411,1
169988,2292,41.69973793046917,-11.303498209598427,0,1,0.018980633200516996,9.587188708439363e-05,1
170003,2293,46.682266989221446,-9.926430952698938,0,1,0.06041773639837746,0.00468086176134998,1
170020,2294,46.72317849436168,-14.322037474958874,0,1,0.051732100388010474,0.0,1
170034,2295,-9.594095433601051,40.54762674478931,1,0,0.025682703302346836,0.01982898933741496,2
170051,2296,44.443584048004034,-12.519725051510928,0,1,0.03831070072708797,0.0,1
170078,2297,47.89408756469025,-6.274248722904849,0,1,0.012829130846450536,0.0,1
170096,2298,-1.470923927454102,42.59384322427836,1,0,0.031010096601476855,0.0,2
170116,2299,43.50508079662282,-5.583401094306751,0,1,0.01826649230327789,0.0251296078260791,1
170133,2300,46.66798866835927,-11.027650056088342,0,1,0.0352991499466246,0.008135382081352933,1
170149,2301,43.064827073703206,-11.223565228788404,0,1,0.027156437275968375,0.005607710517493827,1
170166,2302,48.37691457272368,-4.987795170954666,0,1,0.04362346766266362,0.020049864218046214,1
170194,2303,46.67759235568768,-7.930510667066162,0,1,0.006071020149257865,0.0,1
170213,2304,56.142028251692665,-14.14143380439346,0,1,0.0984458168687069,0.0002628528367015561,1
170236,2305,68.63043142464839,-17.834467828113254,0,1,0.1442449560428254,0.0033519331940998964,1
170252,2306,38.9958992389293,-4.688403613581709,0,1,0.00527054323242095,0.03217681163629013,1
170276,2307,9.258953149373614,36.2341053879005,1,0,0.08367072755063582,0.0,2
170294,2308,-3.8587091573841086,-9.63157601567907,1,1,0.03131519944021985,0.0,0
170313,2309,44.68154951065608,-8.929972570670909,0,1,0.022355533974316565,0.00023691327433509988,1
170338,2310,45.49706588524729,-8.323600484495246,0,1,0.008907427546542262,0.0,1
170351,2311,-10.45616559439929,39.155495574191505,1,0,0.014749342570756243,0.00033994227971964494,2
170373,2312,60.25206653015299,-14.894812567687284,0,1,0.09751818617743492,0.0004374929037785713,1
170395,2313,46.31114689263614,-10.313567956798659,0,1,0.021047545723473452,0.0,1
170415,2314,46.18705238393693,-4.580296477629025,0,1,0.03580019218484204,0.032276099168202746,1
170434,2315,44.19657137763009,-8.928395137293613,0,1,0.024759912185266113,0.015003907092496388,1
170455,2316,46.653454104796054,-7.10918572991198,0,1,0.02442563155200919,0.009654567418450017,1
170471,2317,47.38950596767614,-11.430079692063304,0,1,0.0619242965727238,4.009032497876375e-05,1
170488,2318,39.25596741049605,-10.21670867829296,0,1,0.0,0.0015219925572204013,1
170504,2319,42.47825862583517,-10.132959752803608,0,1,0.01390529603026834,0.0,1
170520,2320,41.297764733380696,-4.075409466000583,0,1,0.030391664956936466,0.052773945883109005,1
170533,2321,-8.258118390210885,38.75954964044287,1,0,0.03479724818431581,0.006960888471329096,2
170551,2322,42.28816204002337,-10.158954537214296,0,1,0.017643178056477457,0.006810014526106325,1
170575,2323,15.055166792134887,33.89810263084525,1,0,0.11620688283423121,0.0,2
170590,2324,-2.221199259506406,39.28974767919277,1,0,0.07185743840047545,0.018717358208352918,2
170613,2325,59.983060529618875,-14.43756561286065,0,1,0.0911700546334669,0.0,1
170642,2326,73.82889140805419,-15.204821327663417,0,1,0.11760968910049766,0.0,1
170660,2327,48.971911719841856,-12.598533162137084,0,1,0.06064088336788129,0.0,1
170685,2328,52.205042194609305,-9.074630155899218,0,1,0.03800910833238985,0.0008490903497766866,1
170701,2329,39.5121679361478,-9.407744222310496,0,1,0.0034560766155880733,0.0028276462497085135,1
170726,2330,10.46387327245679,36.72956628511865,1,0,0.0840447277485001,0.002844921589266346,2
170746,2331,51.73945813740309,-13.88643007095051,0,1,0.0687007443163919,0.0,1
170767,2332,51.50648861024756,-11.307952903392207,0,1,0.05778818543656872,0.00315697086580043,1
170791,2333,50.28914713011686,-5.807552934692918,0,1,0.032534752729049876,0.010718037108094706,1
170805,2334,-6.614022106800002,40.39050968964752,1,0,0.04573479127664675,0.015532485907169448,2
170825,2335,47.84826688729718,-11.709226978864582,0,1,0.03937546364905142,0.003907563294934996,1
170852,2336,14.324702160307416,36.242414190504945,1,0,0.09224789533920628,0.0,2
170868,2337,45.16767058707527,-10.508305955242703,0,1,0.04608087734006656,0.0033940781991875085,1
170888,2338,56.152013300659775,-9.08593691766788,0,1,0.08456347762757653,0.01810547862203219,1
170910,2339,3.5204964776388294,37.58842372493629,1,0,0.06527324454881879,0.0,2
170928,2340,52.45188699916258,-3.508013822068216,0,1,0.08744076156801986,0.036705920937464706,1
170949,2341,62.944548840644025,-16.11737537813262,0,1,0.12456830011041424,0.002584675246821476,1
170965,2342,-10.814532382056953,43.081887702307284,1,0,0.0,0.014009609646503775,2
170984,2343,46.28552716665497,-8.244046226267963,0,1,0.030455305631019287,0.013905141293842687,1
170999,2344,-9.728074822253525,43.09404326562034,1,0,0.02398039626693925,0.028847740810262795,2
171016,2345,-9.25258428362937,44.50891054994673,1,0,0.023303862844304166,0.03392675175846931,2
171039,2346,47.124529365685305,-9.552520299297,0,1,0.020956585833680475,0.0,1
171061,2347,44.46383666510121,-9.487308293530335,0,1,0.008848603846777076,0.0,1
171082,2348,42.73246851419452,-8.080447501961004,0,1,0.0,0.0037693122994139007,1
171100,2349,-9.530385332691548,42.50378913056005,1,0,0.002609490285737838,0.0021683760620287698,2
171116,2350,38.674422812388585,-1.6397621114242398,0,1,0.00225100927621501,0.06011660564670449,1
171129,2351,-11.958509117660078,44.08531192753549,1,0,0.02093018191703866,0.056708453712518855,2
171145,2352,43.45226476669414,-8.092577754776586,0,1,0.03511205438772033,0.01388306433890648,1
171161,2353,-10.454390557171388,-9.58181686657412,1,1,0.0022337583991525497,0.0,0
171176,2354,-8.275156215467298,-10.810269928386937,1,1,0.02797547169235756,0.0028223714198365997,0
171198,2355,46.20897544802716,-5.817550990989927,0,1,0.015019724731877564,0.012698562258612534,1
171213,2356,39.90177007539711,-8.764235399024386,0,1,0.015719843109565736,0.01820011420268771,1
171234,2357,47.47965029486403,-10.898025864585854,0,1,0.03084150042825316,0.00020221912608048135,1
171251,2358,44.23147679224387,-8.085137591967746,0,1,0.01607995133306869,0.0023279897173283663,1
171268,2359,49.933195108323346,-10.989596161943377,0,1,0.08011064342283741,0.010283379633170072,1
171282,2360,-12.830526412378667,43.0512671018586,1,0,0.0,0.023875069524979173,2
171298,2361,40.772360293931676,-10.046192186823799,0,1,0.0,0.0,1
171313,2362,-10.960018202744644,41.49497797054083,1,0,0.0028701537025808254,0.0,2
171329,2363,42.15944375356185,-6.4039072083871105,0,1,0.01150409996422706,0.019356626231265554,1
171345,2364,38.28903902039822,-4.292685851585192,0,1,0.008440232824885631,0.04924291271199621,1
171363,2365,41.41428147493341,-8.92453681946906,0,1,0.0012114402177387665,0.0019373200676551972,1
171379,2366,42.0859676933901,-10.625073172063757,0,1,0.02001552609854685,0.0,1
171393,2367,40.744225944984876,-9.96856893435785,0,1,0.017030533664037076,0.0028861078453993913,1
171417,2368,63.28214096968371,-13.936580426235981,0,1,0.09980383827082416,0.003796927139287644,1
171439,2369,51.56717281761091,-1.537874345891332,0,1,0.06413186809219643,0.05326001362004617,1
171452,2370,-10.09377523554726,-9.0116697229472,1,1,0.028499254898435154,0.02195467993317978,0
171475,2371,43.671308052550245,-0.8631664585845371,0,1,0.0004851455037023857,0.021952593829511848,1
171491,2372,41.639907664784616,-9.148835404527878,0,1,0.018814678974967743,0.02273083908895461,1
171506,2373,40.697456192054645,-8.589953722197883,0,1,0.015050802854647676,0.02242935743507988,1
171526,2374,43.24101631265644,-8.580794805937751,0,1,0.01074888810896376,0.0015841504203946252,1
171541,2375,40.591014885251965,-11.405668913371851,0,1,0.01659292589735694,0.002488895545215079,1
171558,2376,52.52684562750723,-14.90996606458473,0,1,0.09617889575016399,0.002868370925956468,1
171577,2377,44.085331038479005,-10.454627852493994,0,1,0.02226080825832124,0.0,1
171593,2378,43.28510607498569,-7.693167567710818,0,1,0.022342345897607117,0.009943026706800672,1
171609,2379,43.62248072831423,-8.393945530370154,0,1,0.012575769533753993,0.0031805563362082606,1
171628,2380,-4.151736742635112,-10.501401632025408,1,1,0.025916713885567325,0.0,0
171656,2381,46.2727183153203,-6.666836281856726,0,1,0.0012372791204938523,0.0,1
171682,2382,49.28015090060673,-2.305606235835537,0,1,0.014030167212045513,0.010758728609958978,1
171701,2383,47.41721907319622,-11.700847652713307,0,1,0.04239223261099282,0.0,1
171720,2384,46.280325335726644,-12.079385463685755,0,1,0.03515012397893671,0.0,1
171746,2385,73.30173489472902,-16.64808953723399,0,1,0.13507283389536107,0.0007918024727904898,1
171771,2386,5.556730411753655,-10.002525211666583,1,1,0.058175698650213825,0.0,0
171792,2387,46.29018523568236,-9.851925650834426,0,1,0.024258800118883404,0.0,1
171808,2388,44.394130060799355,-8.273470663043783,0,1,0.036043920728824695,0.01934872763068572,1
171823,2389,40.0993674701172,-11.641921419139738,0,1,0.011740855420357387,0.0,1
171840,2390,44.19194506672499,-8.965368895048925,0,1,0.01649530038771429,0.0,1
171856,2391,48.762122259957124,-13.187122100557907,0,1,0.07504319573791728,0.0,1
171871,2392,39.39633922789703,-8.936593097477784,0,1,0.00038690941843519725,0.006744620398877856,1
171889,2393,43.376858209850866,-10.216835821580215,0,1,0.020394002999937006,0.0024557497818969657,1
171913,2394,65.35063039356444,-15.31163608462278,0,1,0.11120296046986093,0.0018849358179523516,1
171930,2395,47.32411629912625,-5.789267381074007,0,1,0.04213186404617664,0.022565559031181657,1
171947,2396,42.12188848227416,-10.979602794339419,0,1,0.016672485628401408,0.001509502838173015,1
171963,2397,41.23137675617038,-8.576508950563564,0,1,0.003606305590973271,0.013689923778301825,1
171978,2398,39.071933468418884,-10.45999244782579,0,1,0.0026759517192305885,0.0016378628793194397,1
171994,2399,47.91619899109325,-10.941587414945541,0,1,0.06257562698532168,0.005279713089504312,1
172013,2400,43.98497985488085,-9.707564755814913,0,1,0.018078394322689928,0.0,1
172032,2401,42.60562673076497,-10.586722268217931,0,1,0.010994824061239727,0.0030138373376220468,1
172048,2402,43.029260778522215,-11.103932367993076,0,1,0.023488191287496442,0.0017061409152430856,1
172068,2403,47.77695786709818,-10.024809116413675,0,1,0.04431375119182863,0.013967871243463872,1
172085,2404,42.40992272212509,-9.701039624147546,0,1,0.012756353008438904,0.0,1
172102,2405,52.717063181110895,-14.01802531554857,0,1,0.09801429737851806,0.0,1
172121,2406,40.761559160967565,-9.868125529783697,0,1,0.0,0.005764187065438565,1
172138,2407,46.391540034476236,-9.860673529966688,0,1,0.041653121090826604,0.0020147726183864824,1
172159,2408,60.18327509711262,-14.962933832890506,0,1,0.11172802784717309,0.00853082924117246,1
172183,2409,4.009967178022428,38.83892424929793,1,0,0.05876743516923862,0.0,2
172202,2410,46.97321130452205,-10.741468504980402,0,1,0.044916099163420195,0.005467478434679784,1
172219,2411,44.69517097930393,-10.29635653344255,0,1,0.040256208001723824,0.008094582196832947,1
172244,2412,63.66233011352159,-15.084782968718427,0,1,0.09724222004038888,0.0,1
172265,2413,85.44687210723387,-25.033678738571552,0,1,0.26305277877735345,0.00013251890319472605,1
172284,2414,52.00605979614728,-6.583788843551579,0,1,0.06446250546016699,0.023150964910220635,1
172301,2415,45.457013300987846,-11.896071226905535,0,1,0.03841391857023873,0.004505396276923248,1
172316,2416,44.42037054343301,-12.178619288365212,0,1,0.04401658807137918,0.006098454835038066,1
172336,2417,44.700360861168676,-10.01413917149647,0,1,0.01931754634118543,0.0,1
172353,2418,39.976458599963266,-6.7962687200238445,0,1,0.0006734074134351125,0.015210521068880701,1
172371,2419,40.64971137673123,-8.641324732121625,0,1,0.0,0.0,1
172389,2420,50.673924510057795,-14.739040640026031,0,1,0.07065732680210239,0.002387639864891953,1
172417,2421,51.19773045651634,-7.561987500146843,0,1,0.026879528031914457,0.0013064128591559084,1
172437,2422,43.318944376389595,-6.036593498411058,0,1,0.010064680536488239,0.017357671965181096,1
172459,2423,53.658219221830436,-12.258829246715683,0,1,0.06271466804178426,0.0005126823132877701,1
172478,2424,41.819780817554374,-10.5465720544963,0,1,0.0078074959339391944,4.2849061214360596e-05,1
172498,2425,1.9163603516182626,40.98811887897057,1,0,0.05542337266536888,0.0009198089544326336,2
172515,2426,44.167778515047694,-9.619328669646004,0,1,0.022591704802968102,0.0074739853837728,1
172533,2427,41.43008609670197,-8.911260709626916,0,1,0.0013280232553778703,0.0009270104338433741,1
172552,2428,48.16543355595484,-12.378448357889342,0,1,0.04749076166816956,0.0009605104375772854,1
172580,2429,67.9284078177508,-15.124380127728806,0,1,0.09887732556385223,0.0,1
172596,2430,39.42347256064448,-10.33884958426091,0,1,0.0,0.0,1
172611,2431,39.960533864420114,-9.878219029119903,0,1,0.0071781290067257225,0.007807165853472352,1
172628,2432,40.087893132695086,-5.849704820339705,0,1,0.008782070006734692,0.030764408610220242,1
172646,2433,43.02618664398061,-9.332281366830921,0,1,0.01606177605063016,0.007152450485525789,1
172664,2434,47.051475124933475,-9.171822300076373,0,1,0.036019194303140635,8.603908678347943e-05,1
172681,2435,47.662021536657264,-13.38614507936294,0,1,0.06019028507543406,0.0,1
172698,2436,43.51355080109617,-11.88101540187026,0,1,0.029637874941969292,0.0,1
172714,2437,39.41441496558578,-9.292161443880591,0,1,0.0007280694474485017,0.0,1
172731,2438,40.124265916355625,-8.523174103677533,0,1,0.0,0.0,1
172749,2439,40.97514790493141,-9.909253812489357,0,1,0.004767993760057855,0.0034191944119547108,1
172772,2440,53.76123907632371,-10.535337663772086,0,1,0.05924857839297504,0.002979308912796937,1
172791,2441,45.755746787406935,-11.596215439667883,0,1,0.03530187918487376,0.0,1
172808,2442,42.05309103212556,-10.89950023332601,0,1,0.016710598182307537,0.005061961861686817,1
172827,2443,40.463594430477485,-10.37834449789361,0,1,0.0,0.0,1
172843,2444,39.53555671997686,-9.471067654816457,0,1,0.0003851940528354776,0.005133309554730719,1
172862,2445,47.22061482280431,-8.520204137014808,0,1,0.038089699371021295,0.01461877482470468,1
172880,2446,49.562304421969486,-10.483975792474448,0,1,0.045690730578391216,0.0,1
172903,2447,66.62085806141525,-16.603145759946734,0,1,0.1281191727214377,0.000281011992666932,1
172920,2448,43.532018784002034,-11.817872115817131,0,1,0.03048472712944203,0.0,1
172935,2449,39.50371672840897,-10.830496092979102,0,1,0.006681694215338274,0.0,1
172954,2450,48.79753568450987,-11.281899685981442,0,1,0.05194347910858284,0.002201049490527363,1
172977,2451,54.091219835583615,-12.144485442886232,0,1,0.05646922743952696,0.0,1
172996,2452,45.74199406301325,-10.753698095362555,0,1,0.02824421670577414,0.002469443778204978,1
173014,2453,40.32558902256419,-9.475944346643791,0,1,0.0003153348728844364,0.0,1
173035,2454,45.83918115288194,-7.928227059686932,0,1,0.020484355730712778,0.00789263314722952,1
173052,2455,48.761077799484,-13.491231270523997,0,1,0.0671704152871346,0.002490188438667225,1
173075,2456,61.08948564004369,-15.664047630916041,0,1,0.09532323225511868,0.0,1
173091,2457,48.23134873397632,-9.343814299742993,0,1,0.0832624282980607,0.03489405818467549,1
173108,2458,44.45692443657592,-11.338910607893492,0,1,0.036869791202629176,0.007466187449686089,1
173127,2459,48.497777328204215,-11.30577667329798,0,1,0.04983752445349888,0.0,1
173145,2460,56.99065205745805,-16.463931752238764,0,1,0.11764995273831451,0.00033717909099034764,1
173163,2461,49.4617000195731,-12.85165149502421,0,1,0.06565008525121568,0.0,1
173182,2462,60.56511031636619,-16.824985540205518,0,1,0.1302317861105705,0.0,1
173197,2463,42.0780640202122,-11.24921704375468,0,1,0.025647930530636368,0.0,1
173224,2464,80.00238657760542,-18.3427003137765,0,1,0.160653705409273,0.0028358156056565126,1
173244,2465,43.06411382870685,-9.396351821461685,0,1,0.009312362054560949,0.00048383923753163045,1
173265,2466,47.099632654509804,-10.488697430033115,0,1,0.032231291402578466,0.0,1
173283,2467,40.766019674227316,-10.192659575202953,0,1,0.0063398792383739504,0.004581378874600027,1
173302,2468,47.92399987239716,-9.031721642961509,0,1,0.029483836331677674,0.0,1
173320,2469,40.53085550402269,-9.18984984761226,0,1,0.0,0.0,1
173344,2470,59.64966232667843,-12.30791632191552,0,1,0.08537246887118648,0.004867844355748502,1
173362,2471,40.53760438977201,-8.764797635517956,0,1,0.0,0.0,1
173382,2472,53.5185028370652,-13.182319054747662,0,1,0.07583289869294467,0.0004880745602975767,1
173398,2473,45.04130150485777,-11.827521806942434,0,1,0.04563835751514627,0.0,1
173417,2474,49.64810078652718,-13.77609844562021,0,1,0.058962208725542226,0.0,1
173438,2475,58.58506850733027,-13.27662535332583,0,1,0.1036194866839267,0.012629720147562407,1
173465,2476,93.5222276471755,-25.22163046894579,0,1,0.22559866620255364,0.004445669956541488,1
173491,2477,90.39655447874233,-18.085676854280344,0,1,0.23060623787994047,0.03434970987354799,1
173508,2478,40.756851657577116,-7.098143389001741,0,1,0.0031381247503075066,0.011845884194031691,1
173526,2479,40.77777613092964,-8.453547314706057,0,1,0.0,0.0,1
173549,2480,78.54659420864348,-20.96522844399611,0,1,0.19506468127876583,0.0,1
173568,2481,52.070772347126365,-12.656076923325104,0,1,0.06900729935618329,0.0,1
173594,2482,55.7094311807188,-10.44165526732657,0,1,0.053294499456565586,0.0,1
173613,2483,44.98970878396703,-11.434525076766034,0,1,0.026257991904831468,0.0,1
173628,2484,41.34056136821153,-11.421014237359623,0,1,0.021870193333589003,0.0,1
173645,2485,41.16694995170411,-8.707536860555713,0,1,0.001988495300386201,0.006208578412245473,1
173665,2486,47.54462977344924,-7.835630444664151,0,1,0.03551625618597678,0.020304486442769627,1
173685,2487,63.22727968313737,-17.546209207417846,0,1,0.13963816359729112,0.0,1
173701,2488,41.795914179333565,-10.831778810464678,0,1,0.023299752934591758,0.0,1
173719,2489,57.10552071884439,-16.331517598214205,0,1,0.11622958839218504,0.0,1
173738,2490,55.277971961433096,-14.515078111124232,0,1,0.0987151264138267,0.003570432273640822,1
173752,2491,38.66113263570461,-11.295399221711499,0,1,0.0021930591121053548,0.0,1
173770,2492,65.50385896477563,-20.49119336505428,0,1,0.17884997887027804,0.004482466020128509,1
173788,2493,40.33324724241861,-8.374280900044798,0,1,0.0,0.0,1
173803,2494,40.54781959080023,-11.970917578348192,0,1,0.01093733581002122,0.0,1
173821,2495,42.48646427684707,-10.073368843410172,0,1,0.01055910422640027,0.001000544080863634,1
173836,2496,39.510724560906176,-9.738418321141332,0,1,0.0,0.0,1
173851,2497,39.44332849684123,-10.640262252422424,0,1,0.005442322792102513,0.0,1
173870,2498,46.86244717037537,-11.729833603150503,0,1,0.041031098751187996,0.004178193635107196,1
173891,2499,54.43157583161894,-11.610338894743812,0,1,0.07851372312584372,0.012480298922001618,1
173915,2500,61.80636940003639,-13.871495973865194,0,1,0.092470408919144,0.0,1
173932,2501,51.23507518775824,-14.21826674669008,0,1,0.08567074504159504,0.00035243074821577746,1
173958,2502,16.106050005820563,-13.54229473572759,1,1,0.10202550338587921,0.003147125688588174,0
173976,2503,59.09475792572708,-16.989293651593453,0,1,0.13160577444810956,0.0,1
173993,2504,46.0465298323172,-10.460149120855998,0,1,0.04433800778644381,0.008515676316930699,1
174012,2505,41.98038178275884,-9.431532858158466,0,1,0.009236203452589496,0.0026964568078948884,1
174031,2506,67.7964539131611,-20.13994372113129,0,1,0.180488030227095,0.0,1
174049,2507,45.62056868030119,-11.566585101690178,0,1,0.036650858886647625,0.0,1
174068,2508,47.869643566447415,-11.196572389029551,0,1,0.04613303930213054,0.0,1
174085,2509,50.308881859369066,-13.904153102157544,0,1,0.07830434419409552,0.0,1
174103,2510,45.92118207803496,-11.481759548691478,0,1,0.03860007826591888,0.0,1
174121,2511,70.50035171576894,-21.40787417686669,0,1,0.21171364017348104,0.0,1
174148,2512,67.7021340440611,25.712337389089164,0,1,0.1887006538806596,0.2301363086085168,1
174171,2513,64.4649946730418,-15.520887200959555,0,1,0.11365515746701627,0.0011900139296080537,1
174190,2514,41.25344948439975,-8.118356584194748,0,1,0.0,0.0,1
174208,2515,47.03319391721591,-10.11870168019147,0,1,0.03913203241114639,0.0,1
174236,2516,45.072320916338185,41.92986263328611,0,1,0.09087220058433153,0.25489199495118225,1
174253,2517,51.80246255958224,-14.62634654350996,0,1,0.08274824775515423,0.00032211683809056505,1
174282,2518,27.057366858150598,-15.48144727596781,1,1,0.12891167804720033,0.0020024905522592743,0
174303,2519,55.05748501481791,-12.589350987511096,0,1,0.08031406823798774,0.01087994362480853,1
174320,2520,47.35438081704511,-12.607054930785873,0,1,0.05853550728851197,0.005614133672511814,1
174338,2521,43.912792830360694,-10.036195978866566,0,1,0.02496203534856163,0.0012304340211682675,1
174355,2522,40.201500707739896,-9.076789619957118,0,1,0.001242927364803039,0.0,1
174382,2523,78.46158705208555,-18.698180395514587,0,1,0.15109588950178082,0.0,1
174409,2524,64.53838364696072,-15.142651359831076,0,1,0.08930678809937655,0.0,1
174426,2525,44.06395087343321,-12.447351693003917,0,1,0.02994034541539435,0.0006935970113792607,1
174454,2526,75.74981927257764,-17.05321148920464,0,1,0.13344254277084674,0.0,1
174473,2527,45.09097253843103,-11.494895044451372,0,1,0.025117430729984912,0.0,1
174492,2528,46.012453550556515,-11.847268514699353,0,1,0.036346321669781,0.0,1
174510,2529,42.53273847738051,-9.810660413323255,0,1,0.01700454517326834,0.0,1
174531,2530,60.42823169392095,-15.367760083734442,0,1,0.10883873519427001,0.0005555472863248595,1
174549,2531,42.37893635224641,-10.902849447704142,0,1,0.014926833309872933,0.0037551625159879293,1
174575,2532,82.51605402539073,-17.71769455274943,0,1,0.18690163391867876,0.012200425837743167,1
174593,2533,41.55743536384791,-9.57492143395964,0,1,0.011812894737797557,0.0022263330040282795,1
174614,2534,54.66808131417541,-13.306810706298767,0,1,0.07138351518211347,0.0,1
174641,2535,72.54992437312792,17.79339644176035,0,1,0.19932081382198913,0.19502996995163727,1
174660,2536,47.14143364288674,-12.062611165321384,0,1,0.04032925465661045,0.0,1
174682,2537,55.83491208944743,-13.546861904905743,0,1,0.07805932004817168,0.0011463314932056556,1
174710,2538,65.40439495555646,42.05913985482049,0,1,0.19924578822168518,0.29729230085094766,1
174728,2539,40.56654625263448,-9.544709838978804,0,1,0.0005676108476886428,0.0,1
174745,2540,52.49057102326306,-15.674701356567844,0,1,0.09459688970346557,0.0,1
174770,2541,51.68876866752983,-5.451323088134929,0,1,0.0264678456421766,0.0,1
174791,2542,59.00361704722042,-11.361315374360496,0,1,0.09373538045278,0.007725640709941273,1
174821,2543,95.38266560667483,-22.883758801744904,0,1,0.20178545686127583,0.0,1
174843,2544,61.14444414956334,-15.579836593053493,0,1,0.10634326762013618,0.0008587740991886153,1
174862,2545,48.19520589006591,-12.314073227167817,0,1,0.04767976233091114,0.0,1
174877,2546,41.45089566961058,-11.434507448529992,0,1,0.02095939454101361,0.004003640237232364,1
174894,2547,44.52316108525681,-10.797752780653653,0,1,0.03571312344664393,0.008219040798903095,1
174913,2548,46.104480568415646,-12.180682435692326,0,1,0.035777907340843886,0.0,1
174929,2549,44.647067518604885,-12.91337932017672,0,1,0.041809861809183585,0.0,1
174947,2550,45.29716052410105,-11.899249760264087,0,1,0.034281963085854614,0.0016671893404133294,1
174966,2551,45.9848761137727,-7.746536437258898,0,1,0.03652021167930928,0.018653377229697253,1
174992,2552,52.49313259028288,-4.774331982088464,0,1,0.039840968361547754,0.008836375260155531,1
175008,2553,42.19246782956558,-10.115594477392731,0,1,0.022004756269797244,0.006276377151549744,1
175024,2554,40.510591757082835,-11.582307618526018,0,1,0.01080590068306888,0.0006297677863834946,1
175047,2555,54.15715161852324,-9.576114098526075,0,1,0.06430688281876107,0.012065759436595498,1
175064,2556,44.2016011987178,-11.091355251888535,0,1,0.03130985978241837,0.00825905617055996,1
175091,2557,59.08490694539107,-11.184525484638282,0,1,0.0663670309539176,0.0,1
175114,2558,54.64723972409182,-11.053927468211985,0,1,0.059405630335759387,0.0,1
175133,2559,41.47162413324155,-8.977215021242513,0,1,0.005102606621993836,0.0031311997102772245,1
175152,2560,56.359515933559706,-13.698360675509946,0,1,0.10798856078593487,0.005712785603266433,1
175181,2561,70.1369432031643,-14.123205714404637,0,1,0.10162716898588711,0.0,1
175199,2562,41.08440236037397,-9.899699383017323,0,1,0.002036681791282289,0.0034668465632674674,1
175218,2563,57.44220052683241,-16.318729252266877,0,1,0.11158264087508071,0.0,1
175237,2564,48.03632862473105,-11.276658939716938,0,1,0.05049037265249776,0.0,1
175260,2565,62.96471410433555,-15.2583430987194,0,1,0.10787858806456152,0.0,1
175280,2566,45.670161913091846,-10.719801382864018,0,1,0.032023238409409634,0.007238247182441126,1
175298,2567,40.31142445023321,-9.564246846450907,0,1,0.0,0.0,1
175314,2568,40.895239812045986,-9.79119355922036,0,1,0.014352652314401304,0.005519181017797105,1
175340,2569,82.8464210314355,-20.496954305414203,0,1,0.18253132574476957,0.0,1
175358,2570,45.690251739968666,-11.530957470361372,0,1,0.03841981629156025,0.0011756862415805375,1
175386,2571,83.02143296759746,-19.65450163155399,0,1,0.1659100526698178,0.0,1
175405,2572,41.62868974129128,-10.486298886033188,0,1,0.0027312645535572328,0.0,1
175423,2573,67.1123874550358,-15.841471525429792,0,1,0.17797986429863116,0.018951346130824925,1
175446,2574,59.79908807462073,-13.558500341866804,0,1,0.089245203307176,0.0,1
175465,2575,57.898757027461926,-15.298764154686868,0,1,0.11360439610315326,0.0,1
175484,2576,51.852704930639234,-14.398794086795561,0,1,0.07311525680309063,0.0024247980748777756,1
175510,2577,51.40036978940296,-9.280769185918423,0,1,0.029805473566813293,0.0006085288254407087,1
175531,2578,48.20125848998488,-11.347809376342902,0,1,0.03674628950829181,0.0001411286614681205,1
175556,2579,71.3867946428056,-17.29029344909481,0,1,0.13825818591153488,0.0,1
175583,2580,70.06040922894888,-15.91263484765705,0,1,0.11655442779080498,0.0,1
175600,2581,50.73285295892162,-13.487885035742327,0,1,0.07813543398149078,0.005530151804063586,1
175630,2582,92.47844506588953,-23.345981672560576,0,1,0.19110868174895992,0.0,1
175648,2583,52.65449604907282,-14.264035310505644,0,1,0.08882155610649933,0.0,1
175673,2584,69.91141569643813,-16.410321352556217,0,1,0.12958271679103037,0.0004246694303450817,1
175692,2585,47.68191829382815,-11.98982913243663,0,1,0.04574954728215617,0.0,1
175709,2586,43.69049080534186,-10.394971486992853,0,1,0.0267478059950714,0.0,1
175727,2587,41.081129278835746,-9.815393732038208,0,1,0.009599620492765141,0.004440867109874027,1
175745,2588,44.111045541003556,-10.032516883288308,0,1,0.02397151741204047,0.008404614077034607,1
175761,2589,40.56726316454369,-10.905642349784294,0,1,0.00818138070084585,0.0033343890306485637,1
175785,2590,69.5144510299514,-16.878714998238323,0,1,0.13551781687821526,0.002614412048085532,1
175810,2591,59.16026256817564,-3.4321947055641076,0,1,0.08810973110882808,0.030840794040992728,1
175834,2592,75.42290146385722,-20.235847841664434,0,1,0.16744276227006868,0.0011726418333883732,1
175858,2593,63.99116614670304,-15.410507519214121,0,1,0.10656506517661933,0.0,1
175879,2594,55.613973902983346,-13.349562888714951,0,1,0.08224417739747561,0.0031801806342509685,1
175901,2595,60.21161527945215,-14.72720288170606,0,1,0.09700867755125668,0.0,1
175918,2596,56.45967262781666,-14.930248451961289,0,1,0.11586745018820474,0.0,1
175937,2597,49.10516255842291,-8.5226234857744,0,1,0.04823481722801621,0.011264536401403317,1
175961,2598,55.780182352494734,-10.326555274395572,0,1,0.061645211585938865,0.0,1
175987,2599,80.08326290384542,-19.762537984558463,0,1,0.17018365212117045,0.0,1
176006,2600,41.85659546760782,-9.01285199336973,0,1,0.012306221993267004,0.0,1
176024,2601,71.14266809908824,-18.663494634232105,0,1,0.20336467617717893,0.0014419047366591472,1
176046,2602,70.23017285746283,-14.9729246471342,0,1,0.16053262544197167,0.015185967191321115,1
176065,2603,48.48847083821079,-11.369144501865359,0,1,0.048330785148835397,0.0,1
176092,2604,68.65863184131172,-14.363095762953769,0,1,0.11007889507461555,0.002452280377506898,1
176109,2605,41.23145282113953,-11.075012259716344,0,1,0.009499638797289616,0.0,1
176127,2606,57.10712316829567,-17.33535682540273,0,1,0.11899782061820363,0.00011544670610836644,1
176148,2607,44.23113559649746,-10.146131198803172,0,1,0.01530000288623718,0.0,1
176167,2608,53.74085920401619,-14.578553297243118,0,1,0.08554792487200917,0.0,1
176192,2609,72.37672348093363,-17.791966939716776,0,1,0.14181316940718514,0.0,1
176213,2610,50.798263290502774,-11.632374701956342,0,1,0.049713006240491964,0.005518045986605196,1
176236,2611,61.802892699095565,-9.023926473988908,0,1,0.12117319445662092,0.03962088849178466,1
176259,2612,75.27986028265012,-20.514105387701324,0,1,0.17653138023939616,0.0,1
176284,2613,37.227255039789235,-22.994880611620417,1,1,0.21882367126832045,0.0,0
176301,2614,50.18373065471785,-12.869709401993106,0,1,0.07752962065007563,0.007797218798767065,1
176328,2615,33.44503170051934,-20.495686596466317,1,1,0.1790843881033654,0.0,0
176347,2616,43.31286976791334,-3.1105969052974345,0,1,0.028045166296470202,0.04846819149407911,1
176371,2617,66.1115331659938,-15.28163330327647,0,1,0.11978048485909064,0.004472338217157982,1
176391,2618,50.59767638399753,-12.957145302321354,0,1,0.05965917457796486,0.0,1
176408,2619,46.281250951538205,-11.175463380280064,0,1,0.03985206367812617,0.0,1
176426,2620,39.61382917917581,-3.913400308224217,0,1,0.009845304201420095,0.045364041603458825,1
176447,2621,56.83997260351544,-14.852763723810437,0,1,0.09333692732371797,0.0026304286776878552,1
176468,2622,62.46421977347247,-16.556995042945722,0,1,0.12045623458246639,0.0,1
176496,2623,83.60862298422626,-21.113145940674958,0,1,0.17323793708164054,0.0,1
176518,2624,50.65525152258293,-7.261272581053337,0,1,0.03818306856240297,0.011570223172363227,1
176538,2625,52.81550516817622,-12.690016874330356,0,1,0.06992151790732525,0.0,1
176562,2626,86.85958279011402,-23.013625219973505,0,1,0.22741073328573702,0.002143819890660325,1
176593,2627,80.56221132723078,-17.29677212291846,0,1,0.13649718667554145,0.001585964214410985,1
176611,2628,42.84621373315313,-9.721585458513257,0,1,0.015191450800328885,0.0034219758668687147,1
176633,2629,50.00892821740854,-11.867853104331422,0,1,0.04293217400926055,0.0,1
176652,2630,44.8516893359948,-10.206492614753339,0,1,0.024642744886557346,0.007849216112135482,1
176670,2631,60.4338294182757,-11.99792844542457,0,1,0.14450775709825558,0.033948327694504433,1
176697,2632,66.69961877411004,-13.004831763530557,0,1,0.097967926748068,0.0013543451468716935,1
176716,2633,45.82233059243491,-12.367625827293487,0,1,0.034766045088383754,0.0,1
176733,2634,60.90824056498545,-15.218706542545219,0,1,0.14649370479272927,0.0,1
176755,2635,69.82038888604502,-19.519064872543797,0,1,0.15804150431867356,0.0009722868488448826,1
176775,2636,67.14514584809311,-19.002471515617792,0,1,0.16331886914572114,0.0,1
176792,2637,44.72219152134805,-10.37393714924525,0,1,0.03471756165528536,0.004119181780816251,1
176813,2638,68.23075502942329,-14.903141383657593,0,1,0.13704453446876844,0.0,1
176830,2639,55.32723404635253,-16.54419832164639,0,1,0.1159348263354395,0.0,1
176851,2640,56.1549587565586,-10.008097843834044,0,1,0.07637034164885471,0.002055213397479525,1
176871,2641,48.150099653117955,-11.743870860203716,0,1,0.04512775125020621,0.0026594080442944963,1
176894,2642,27.260596656650677,-20.188044572488877,1,1,0.18999066134653503,0.0047173550457407145,0
176911,2643,46.13019831975815,-11.017417699397493,0,1,0.04863919180870663,0.0,1
176939,2644,73.82651469165563,-16.36380394590188,0,1,0.12438189059807805,0.0026146177621414837,1
176961,2645,61.767376788756735,-16.06828941016354,0,1,0.10900001318188622,0.0023736553354426096,1
176985,2646,83.25624979244326,-21.836578086311988,0,1,0.207295116124162,0.0,1
177004,2647,59.50042015132023,-17.04515194583336,0,1,0.125783422348013,0.0,1
177022,2648,50.849560485642876,-12.675726895575076,0,1,0.0709767014090222,0.0,1
177046,2649,67.78017681117628,-11.943780986954533,0,1,0.12721746859337302,0.012803350514760467,1
177069,2650,51.728761637145595,-5.92998157567895,0,1,0.05384695986216201,0.027845698598370123,1
177093,2651,55.15408254249216,-6.024008642338385,0,1,0.05990825793452063,0.021508869438043716,1
177111,2652,38.825950600278716,2.282764686674918,0,1,0.01896430382614676,0.08768667954283102,1
177127,2653,60.18692683191293,-11.667592744094474,0,1,0.18113046376293676,0.05624647098515124,1
177144,2654,46.6404499389284,-12.124400122053421,0,1,0.05366715645240994,0.0,1
177162,2655,54.730282308443144,-15.60032166322122,0,1,0.10265186713767087,0.004166214541420954,1
177183,2656,63.762321854407524,-17.084400743524604,0,1,0.1284499165956333,0.0,1
177204,2657,-2.2232591934309713,44.06829595236983,1,0,0.03700831644826475,0.012084315962970908,2
177250,2658,27.90515799428473,49.54789373105338,1,0,0.05865658305625941,0.0,2
177283,2659,55.61718334078131,-2.0042739858127128,0,1,0.031150942350461067,0.007079051745018157,1
177299,2660,41.609858486549435,-10.597451758996492,0,1,0.00858825222377271,0.0,1
177316,2661,41.45276308100402,-9.913677761542587,0,1,0.006986296007129613,0.0015122414883923204,1
177330,2662,39.7843668612732,-10.76945441740284,0,1,0.014092245049295838,0.0017776408456077679,1
177348,2663,46.02177377342156,-11.639152362401827,0,1,0.038550933752928764,0.0003907006600372073,1
177373,2664,75.51698234345781,-18.56225050485932,0,1,0.15796684090531887,0.0,1
177390,2665,46.18679215194122,-10.996960544674037,0,1,0.04008312362347279,0.0021654630479571242,1
177409,2666,65.51825097861563,-15.678519739469507,0,1,0.1625484929862336,0.015039109384905188,1
177426,2667,39.06725190691935,1.2418312622076613,0,1,0.030444533626406128,0.09723993385697563,1
177445,2668,58.18786828115674,-16.001542813362967,0,1,0.1162657012376009,0.0,1
177464,2669,53.86804670001209,-9.023319139926924,0,1,0.08776575172802424,0.026387621247679707,1
177483,2670,56.754084724916765,-11.662310335257317,0,1,0.10188925194696524,0.012574986142593019,1
177502,2671,43.83509123466641,-5.6239613579359045,0,1,0.022103565069667243,0.025415658211117173,1
177522,2672,48.42909216199297,-9.511906946711232,0,1,0.037021550439491346,0.0020334214940701486,1
177541,2673,56.49876988237076,-14.608561124213534,0,1,0.10410124992703325,0.004904403863252157,1
177565,2674,54.24320512673525,-8.566277381332428,0,1,0.04897165588032309,0.004739168576479157,1
177584,2675,47.457124334806544,-8.099597646060749,0,1,0.05761677189599115,0.029434410935143197,1
177609,2676,71.92236895948685,-18.33431392880099,0,1,0.13918162198669584,0.0,1
177634,2677,78.4099223258352,-20.17525911203375,0,1,0.1782870458906659,0.0,1
177653,2678,46.60349686570963,-11.133337893495364,0,1,0.03643593683745227,0.0,1
177671,2679,52.096094776072206,-15.153483827211899,0,1,0.08438710830111038,0.0,1
177694,2680,58.473217184194915,-13.065610980880312,0,1,0.08411751777196795,0.0024377223995311016,1
177721,2681,80.52770643596932,-18.71805205057425,0,1,0.17176202604856583,0.003960737100049547,1
177749,2682,31.285656108187116,107.58541200535949,0,1,0.1575752985459006,0.5793515323900577,1
177766,2683,41.37196009924533,-10.422435327665868,0,1,0.009641862999357825,0.0,1
177785,2684,50.53564827354937,-13.193317720632553,0,1,0.06343421220993856,0.00017152779530929535,1
177802,2685,52.793450473881684,-15.811104477357969,0,1,0.09729202089553468,0.0,1
177826,2686,71.91080425509463,-17.867336150194753,0,1,0.14655482767181216,0.0,1
177854,2687,23.64231664740563,69.72628103916507,1,0,0.20295587512028743,0.20101073485924462,2
177871,2688,36.9767047343655,0.6259334004823423,0,1,0.00516173785992971,0.06880315401376894,1
177890,2689,42.42051764605803,-8.903354470692062,0,1,0.008967781462767839,0.0,1
177913,2690,62.850802476078336,-14.549770194048818,0,1,0.10963684210251308,0.0038491911402640366,1
177940,2691,57.52698665099272,42.31485650235204,0,1,0.16994337382123959,0.2993748338475857,1
177958,2692,44.663302543997176,-10.167015922270087,0,1,0.03167734972717909,0.008745053055460496,1
177976,2693,45.8586360489094,-10.328794856720661,0,1,0.03333175993664131,0.0,1
177996,2694,41.04831558119055,-6.554598132263353,0,1,0.0,0.012061981609176882,1
178020,2695,65.67450170340754,-16.015186920675028,0,1,0.1161092467226289,0.0,1
178040,2696,45.595057561250215,-11.414945201417048,0,1,0.028241452291930518,0.0,1
178067,2697,78.2623699468984,-18.922945072352334,0,1,0.15446635891011826,0.0,1
178087,2698,55.46286154097169,-13.812810036475575,0,1,0.0897474805076037,0.0,1
178107,2699,50.7092641874481,-12.078012007016627,0,1,0.05961119913152283,0.0,1
178137,2700,91.4486761435468,-20.539092803102697,0,1,0.1880347057210749,0.0,1
178156,2701,48.06134614749571,-10.750600954136408,0,1,0.053417349020840076,0.0,1
178174,2702,45.396230022454645,-10.369970009814773,0,1,0.028495840771849204,0.0,1
178203,2703,89.12467350464836,-21.751304198568164,0,1,0.18623070131939526,0.0,1
178221,2704,65.14706616209389,-20.1848414265404,0,1,0.17573572613541372,0.0039652614986819745,1
178243,2705,59.516638975015255,-14.84932029970323,0,1,0.09638740422160465,0.0,1
178266,2706,61.290960072801944,-14.196727169682196,0,1,0.09862570982991761,0.0018028250071716618,1
178283,2707,43.6410829236281,-12.04010518926839,0,1,0.029125444643261344,0.0,1
178306,2708,64.15532783165101,-16.216149997468932,0,1,0.11391001862407446,0.0,1
178326,2709,51.67616876768767,-9.216644751470279,0,1,0.0744319805249544,0.022368946949784925,1
178346,2710,61.318175336800024,-17.182277950198472,0,1,0.12963244548928474,0.0,1
178366,2711,61.11730110680462,-16.392589497473622,0,1,0.1262312960209071,0.0,1
178390,2712,84.80982551416366,-22.721634843505374,0,1,0.21818342151162717,0.0,1
178410,2713,61.82288117533812,-16.897396695911226,0,1,0.13112893556918243,0.0,1
178433,2714,84.76880595074236,-23.041814853630658,0,1,0.22790781071818494,0.0,1
178452,2715,53.57127568269533,-13.806194246717592,0,1,0.08969835687251218,0.0,1
178470,2716,45.27341831407152,-11.690467575132446,0,1,0.03699171543894067,0.0,1
178489,2717,49.85647301442526,-12.11470148716497,0,1,0.06089895571685673,0.0,1
178507,2718,45.231728368796624,-9.33665863219939,0,1,0.027393273081670718,0.008512700631058662,1
178527,2719,54.68068633045685,-12.872128987727809,0,1,0.08007842282372779,0.0,1
178545,2720,41.51401106677706,-9.802552338541688,0,1,0.014294392854038595,0.007966279547321483,1
178566,2721,58.85301276039151,-14.628809786797946,0,1,0.10187543606532325,0.0016065515761026872,1
178584,2722,54.71085671369384,-15.927640281612913,0,1,0.1009430599846911,0.001397075726488253,1
178607,2723,67.92151194681287,-16.5825598925917,0,1,0.13748561293108572,0.004105464981771653,1
178626,2724,51.831708543463535,-13.366963354690704,0,1,0.07454438510890952,0.0,1
178646,2725,45.941565182200556,-8.854959457480195,0,1,0.021938932746274356,0.0010713711397377051,1
178670,2726,69.36947316097665,-14.67322156520921,0,1,0.1364382760069835,0.005390936577497823,1
178691,2727,66.97141863718653,-12.882743329054819,0,1,0.1621090232800667,0.03172361365392849,1
178710,2728,54.79306084182394,-14.886630740290542,0,1,0.09466196661956106,0.0,1
178730,2729,71.1461773821724,-20.23071855076557,0,1,0.18911194843240417,0.0,1
178750,2730,51.01635714894728,-12.951897888488276,0,1,0.05983087285150618,0.0,1
178769,2731,50.019028769069884,-12.995355467091901,0,1,0.05922811058629669,0.0,1
178786,2732,41.22865450004407,-9.655729836404914,0,1,0.007650089110921686,0.0,1
178804,2733,46.04605157535922,-11.98833157063609,0,1,0.04348398952379998,0.0,1
178820,2734,44.5916150722732,-11.650577403882664,0,1,0.03572466023292023,0.0,1
178845,2735,73.84065488013553,-18.802102180400883,0,1,0.14931085682688272,0.0,1
178860,2736,47.23598580703765,-14.330109098579307,0,1,0.07129623396471703,0.0009552088427572489,1
178884,2737,84.6021938097977,-22.407978218282835,0,1,0.2175900240242432,0.003640527355115933,1
178911,2738,79.2647656129891,-19.414989289729483,0,1,0.1613168146568827,0.0,1
178929,2739,51.50233639570767,-14.676256431929712,0,1,0.0794972815662845,0.0,1
178952,2740,67.82332920700364,-17.659578777831488,0,1,0.13473812138079397,0.0,1
178973,2741,57.445113636267365,-13.723958976335911,0,1,0.09052452490574484,0.0,1
178994,2742,44.38793848426734,-7.592554714978302,0,1,0.009733103130515574,0.002925938269819293,1
179015,2743,62.49036435556381,-16.007825445767644,0,1,0.12390960028444915,0.0,1
179032,2744,44.63765527505698,-10.987501100456166,0,1,0.030350446257170243,0.0008542939983879106,1
179048,2745,39.74377912796543,-9.9112194662703,0,1,0.00026900649663447716,0.003386436000934757,1
179066,2746,41.5662435342348,-10.111162090792762,0,1,0.011315716444772047,0.0,1
179083,2747,40.77224361232793,-10.136197026010635,0,1,0.0015061796669687474,0.0,1
179102,2748,48.366414744443915,-11.98347825032255,0,1,0.054919421730975464,0.0,1
179118,2749,44.304529013527215,-11.558642019356794,0,1,0.030415976072446924,0.004382059568198605,1
179142,2750,66.82141114448223,-15.69210718826034,0,1,0.12394932456229373,0.0,1
179159,2751,45.33591239989453,-12.09615351179232,0,1,0.04317011863636006,0.0,1
179179,2752,67.84037328509126,-19.81932440836913,0,1,0.17046560117091836,0.0,1
179197,2753,47.8542375068946,-12.53755424953592,0,1,0.051577246202999256,0.0,1
179217,2754,59.27006194570025,-16.868400574949163,0,1,0.11454336496706215,0.0013252019117846816,1
179238,2755,72.41031836261571,-20.47984354899726,0,1,0.1859711373615953,0.0018789306651651194,1
179259,2756,59.379140056025236,-15.496021846848834,0,1,0.10476902864128922,0.0,1
179277,2757,44.743989603344914,-10.440947259182503,0,1,0.03327600420512059,0.0,1
179298,2758,49.39425009758193,-9.698599111442883,0,1,0.042811708739864236,0.00020953140389115403,1
179313,2759,41.186990450903345,-12.026189194824383,0,1,0.01801199538826087,0.0,1
179335,2760,70.60795681170849,-18.787914503310336,0,1,0.16043573203934075,0.0,1
179357,2761,49.46073194881211,-3.7044247724230424,0,1,0.025626981263052073,0.012256716315944882,1
179378,2762,51.827709224805005,-12.336806675858407,0,1,0.058350536581339305,0.0,1
179398,2763,51.54776548993448,-12.498643198382783,0,1,0.06345444525690216,0.0009255298671163205,1
179421,2764,71.21778645035008,-18.82580357160459,0,1,0.15688805489818686,0.000964011146249226,1
179436,2765,45.35501710440576,-14.690635564935324,0,1,0.05701343812942441,0.0,1
179454,2766,44.464062314025625,-11.670599556271803,0,1,0.031192183174990704,0.0,1
179474,2767,47.2987800887976,-8.741198892577705,0,1,0.029383505237971303,0.0027313658947595598,1
179491,2768,47.90905360496845,-11.036321822364439,0,1,0.06403155165617344,0.008624712095568502,1
179510,2769,42.92489634119643,-5.874785416444958,0,1,0.009493547190114358,0.01268760063854588,1
179529,2770,50.22793626394712,-12.124060590030346,0,1,0.06443574576111155,0.0,1
179547,2771,48.05759334894198,-12.72333446478596,0,1,0.05500364046062144,0.0,1
179566,2772,46.353507611298895,-11.616831569244942,0,1,0.037656286190915954,0.0,1
179588,2773,61.434734757052276,-14.919976315582764,0,1,0.10894213672092555,0.0,1
179609,2774,60.49245617846517,-16.429634809841925,0,1,0.11358897589441576,0.0,1
179627,2775,51.226915407168335,-13.350663175165561,0,1,0.0774015714584165,0.00590002494992695,1
179645,2776,41.30073991463296,-10.534394847772361,0,1,0.009533873463177195,0.0025487202479393054,1
179664,2777,46.75544793847313,-10.201692797965428,0,1,0.04105308015874738,0.0,1
179684,2778,63.89024851689732,-19.955877889802974,0,1,0.14585540057735974,0.0,1
179703,2779,46.76154991912436,-11.279698734686479,0,1,0.04227438048404455,0.0,1
179724,2780,54.86219165654884,-13.40463613988407,0,1,0.07542704113615398,0.0,1
179743,2781,44.307459879764856,-11.761321657720352,0,1,0.027147443091867948,0.0,1
179763,2782,58.375405017495,-15.71630628494327,0,1,0.10966997406938714,0.0,1
179782,2783,41.31373471236336,-8.716366975619444,0,1,0.008010781832189296,0.0022648173486848953,1
179805,2784,80.35035836344534,-22.109623970394235,0,1,0.20574122010635976,0.0024732154028071916,1
179826,2785,54.65525881988263,-14.130537407894197,0,1,0.0761388370076923,0.0,1
179840,2786,38.05029929298154,-11.655472076871693,0,1,0.0,0.0,1
179858,2787,41.1507725756279,-6.972280579687725,0,1,0.015437056169084732,0.017493471720596038,1
179875,2788,43.374789032625856,-11.954743379911058,0,1,0.026429793901278767,0.0,1
179893,2789,42.322607470577275,-9.837700180724466,0,1,0.015492294793506315,0.0027025587159683986,1
179912,2790,52.56343876461537,-14.840087278681999,0,1,0.07956932411932106,0.0,1
179940,2791,91.91901234605098,-23.566300770822863,0,1,0.21219257630465088,0.0013278948163398215,1
179956,2792,39.91508405555395,-11.405428904315876,0,1,0.00856357336529288,0.0,1
179974,2793,41.1667260293962,-9.821457708093261,0,1,0.00769633966885969,0.0,1
179993,2794,49.95152896039073,-13.09470831847229,0,1,0.062057122815201864,0.0010922149467101148,1
180011,2795,40.860569757396206,-10.20014125094358,0,1,0.006612144858093647,0.0,1
180027,2796,39.18787275608804,-10.139148224117244,0,1,0.0,0.0,1
180045,2797,45.925193160905266,-11.865877862740266,0,1,0.0389339400082306,0.0,1
180065,2798,58.07015286245932,-16.137717985447296,0,1,0.10548674267614229,0.0,1
180084,2799,58.462212051548484,-16.45419851803592,0,1,0.11954945997834959,0.00036291445429056083,1
180102,2800,44.82401451796605,-11.252597892620374,0,1,0.033241315249044875,0.0,1
180122,2801,60.49365708996842,-16.238666699060293,0,1,0.1212622258689778,0.0,1
180141,2802,47.173112690761876,-11.833153561266402,0,1,0.04133249059304754,0.0,1
180160,2803,64.26781510446486,-18.91739528496154,0,1,0.15332954803626347,0.0,1
180178,2804,40.18457126696307,-8.858750343512686,0,1,0.0,0.0,1
180199,2805,67.81533539963533,-17.70794081515501,0,1,0.15596318186898867,0.0,1
180228,2806,55.382368859615966,51.00030141284424,0,1,0.1621190034153936,0.3158558940755648,1
180246,2807,46.06968532970304,-11.26228274163521,0,1,0.0375392586548776,0.0,1
180264,2808,50.91742705623297,-13.01152879878995,0,1,0.07157553784090902,0.0005428513693205708,1
180284,2809,61.27047399113753,-17.34719720123957,0,1,0.12518781792202682,0.0,1
180301,2810,41.03008606914945,-9.780826661044811,0,1,0.010962246292872777,0.0033651853475077376,1
180325,2811,71.40454507789616,-17.654973380413217,0,1,0.14596342716091634,0.003927933989572869,1
180348,2812,73.43288932844693,-20.072964474542196,0,1,0.16645489681419692,0.0,1
180368,2813,69.49639476597378,-20.135547923950416,0,1,0.179340227813057,0.0,1
180387,2814,40.735972036368224,-9.24189543580401,0,1,0.0016526587440930135,0.0,1
180407,2815,50.14993567287776,-11.348283611860719,0,1,0.054406668926159495,0.0,1
180424,2816,42.762192178000134,-8.493254367857615,0,1,0.02045428703525501,0.008438602696030261,1
180443,2817,49.85911124039205,-12.260821717800145,0,1,0.05895564186450314,0.0,1
180464,2818,68.40999285746045,-17.856200495777756,0,1,0.16099575020589021,0.004126691334797562,1
180484,2819,64.18039445183985,-17.6951415684266,0,1,0.1420020109267105,0.0010339542037833735,1
180505,2820,64.10806395292934,-16.804459980523006,0,1,0.13133758845029062,0.0,1
180530,2821,74.8955638554923,-17.509598647436974,0,1,0.1574856678183175,0.004024010478380636,1
180549,2822,56.283877923942015,-16.13229574734962,0,1,0.1024031957948529,0.0,1
180577,2823,59.39598813102617,50.64419837919721,0,1,0.19132896713240136,0.33652919088463473,1
180597,2824,48.2041933436667,-11.34696752824667,0,1,0.04517272017830977,0.0,1
180615,2825,57.966790855833,-13.324192567799507,0,1,0.1129278048808327,0.00308203298983628,1
180636,2826,51.78783492820346,-11.332980599852114,0,1,0.059363083861682264,0.0,1
180659,2827,59.68208216178983,-15.107768014137186,0,1,0.0903754241337401,0.0,1
180677,2828,49.356225244796214,-13.439602175772823,0,1,0.06592743874784877,0.0,1
180700,2829,58.439784566349715,-15.61628383594909,0,1,0.08558737542020387,0.0,1
180718,2830,44.539407909711606,-12.774150862676056,0,1,0.02795741922412923,0.0,1
180734,2831,40.849482033084286,-10.828747768292832,0,1,0.014716578422774079,0.0,1
180751,2832,42.001757360971055,-9.954970128999054,0,1,0.015898340893267048,0.0,1
180767,2833,40.223675777766296,-10.493999797114695,0,1,0.010896699356198691,0.0,1
180783,2834,41.525895954592485,-10.776036450822321,0,1,0.01825477030690685,0.0,1
180797,2835,41.18404491797264,-10.584756730659231,0,1,0.023261747570306548,0.008967810044658825,1
180815,2836,49.07307580135864,-13.262027446592016,0,1,0.062036592587833006,0.0,1
180834,2837,47.78573134561215,-12.146381231753569,0,1,0.04854071526182524,0.0,1
180855,2838,72.1970965963562,-19.35031114087814,0,1,0.18249780653663894,0.0,1
180881,2839,68.76980666826418,-14.2560697296705,0,1,0.11674478791983657,0.0,1
180898,2840,46.21511726428383,-12.341223869794835,0,1,0.049233958507453705,0.0,1
180925,2841,48.170220546031885,67.49835679631092,0,1,0.1769058454887606,0.4203340562856211,1
180945,2842,59.60964237691974,-16.276654488004702,0,1,0.11984007457016577,0.0,1
180963,2843,43.33850613351439,-10.490977103273499,0,1,0.020957934862683016,0.00419489348050331,1
180981,2844,41.90244475752552,-9.221152951009868,0,1,0.013725388663273068,0.0,1
180999,2845,47.566058359376996,-11.751074216953258,0,1,0.05094072228493588,0.0016574286692280556,1
181019,2846,67.15516186221355,-17.89144339280483,0,1,0.16517790043012937,0.0,1
181038,2847,53.32924179526191,-14.157422259165056,0,1,0.08706276287526263,0.0012464317937478328,1
181056,2848,65.1275984729532,-19.78855683361377,0,1,0.17585025201741775,0.0,1
181076,2849,45.81649510661063,-8.32070224780243,0,1,0.020690703903897052,0.007503467723685736,1
181092,2850,47.56763455267716,-12.494035076513835,0,1,0.05588778286753415,0.0,1
181117,2851,78.61570037492109,-19.857725439832855,0,1,0.17378498248862884,0.00019093138851006408,1
181143,2852,81.56517705810855,-21.35864243875304,0,1,0.1812426143959208,0.0,1
181162,2853,42.136604028058834,-7.832951826385225,0,1,0.0002820510398731105,0.004091955827965872,1
181183,2854,41.951564537811535,-7.436220086877572,0,1,0.0027672397542780826,0.0062752058095664805,1
181205,2855,56.85325160363706,-12.72329512818589,0,1,0.08470908860551175,0.002794318757532824,1
181234,2856,66.15015886786539,23.814931961593025,0,1,0.1617177182564072,0.19391746750159936,1
181259,2857,71.72808774240849,-17.16190839047529,0,1,0.13898632781582448,0.0,1
181281,2858,59.26266140692428,-13.411844705096733,0,1,0.09557474444595862,0.0015562424667393859,1
181300,2859,47.147397757966516,-11.812332778879018,0,1,0.04381675634343731,0.0,1
181323,2860,61.93395403391845,-14.786906915500374,0,1,0.10280456302907798,0.0,1
181342,2861,42.24863352300697,-9.300275147705275,0,1,0.009997441150452117,0.0,1
181360,2862,50.17464644199702,-11.25108940881058,0,1,0.05331173901985957,0.0,1
181378,2863,41.44498999524115,-9.479009477604384,0,1,0.008604559732704334,0.0,1
181397,2864,46.09319820625247,-5.858389564256145,0,1,0.043521214231268736,0.0329907316091712,1
181414,2865,43.57454660469611,-11.449620943756766,0,1,0.02905078583842863,0.0,1
181431,2866,45.51779611511102,-3.617799799058769,0,1,0.048491820079710084,0.05724473695342697,1
181449,2867,66.38319571323795,7.056062829516861,0,1,0.25796377332050185,0.21357568616068848,1
181471,2868,56.67201890883383,-13.77351167861576,0,1,0.08065513691191527,0.0,1
181489,2869,-13.685088905314785,3.8414826373941118,1,1,0.004487050085263972,0.08700097524687386,0
181506,2870,55.082452023792385,-14.711469534648085,0,1,0.11048362650755099,0.00367529681742078,1
181523,2871,54.79512331142605,-10.922125220347601,0,1,0.11423638695417854,0.029402980852145592,1
181543,2872,55.80008198453882,-14.42607678700183,0,1,0.09255838615605183,0.0,1
181561,2873,45.78646117682557,-9.405891963034584,0,1,0.032020755398832465,0.0057511480940609155,1
181580,2874,42.256701731097266,-10.23864552276194,0,1,0.013595314537629466,0.0,1
181608,2875,84.75696524543719,-20.514801811621403,0,1,0.17637371121436504,0.0,1
181624,2876,39.74780012910641,-8.687225057489147,0,1,0.00017503643171529784,0.004994014241411004,1
181638,2877,39.972201409286114,-12.18622918011301,0,1,0.011297500645497496,0.0,1
181653,2878,41.75343933594333,-5.77539930140966,0,1,0.020625551045918657,0.030676496618138396,1
181673,2879,50.43908254999423,-12.480145537797437,0,1,0.05783448455796534,0.0,1
181692,2880,46.085250956446544,-10.922764966109957,0,1,0.032287304533840266,0.0,1
181707,2881,40.89602636660946,-10.281685950808253,0,1,0.015563597624602162,0.008804791493990721,1
181724,2882,40.514690934680175,-10.137191543926654,0,1,0.006949329611816116,0.0029401638592084322,1
181743,2883,43.78168745073735,-10.471836127164337,0,1,0.020658901868686647,0.0,1
181760,2884,39.44248913940177,-9.591694662508944,0,1,0.0,0.004197992489658863,1
181777,2885,44.331596177724585,-12.102083741983042,0,1,0.03408493240134812,0.0,1
181794,2886,40.998891901001706,-9.027741519351634,0,1,0.0,0.0030454078523209378,1
181810,2887,40.8749221008058,-10.58297612496341,0,1,0.010571325725169672,0.0,1
181826,2888,45.3147054511426,-11.303566020589273,0,1,0.04484679650337577,0.004497003401058604,1
181849,2889,77.51014773389163,-13.6945255071521,0,1,0.19096835498139164,0.02944112190663198,1
181867,2890,50.88143966882846,-13.453050300982177,0,1,0.07365566885745559,0.0,1
181883,2891,43.551447483202864,-7.824404230891053,0,1,0.0217675416838288,0.010028584677636327,1
181898,2892,39.44843587782738,-8.944622726566605,0,1,0.004966579100067929,0.003409993900394432,1
181914,2893,40.1302907503614,-6.3872797310911995,0,1,0.008543813888566487,0.021037375947856467,1
181930,2894,39.16484253074837,-10.328153083004064,0,1,0.0,0.0,1
181951,2895,55.75155897687087,-14.583100542885694,0,1,0.08566021007551518,0.0,1
181968,2896,43.08644264145472,-10.211775828574746,0,1,0.020832540649177493,0.003351753817011055,1
181983,2897,41.55509531232301,-8.680649650117722,0,1,0.025915871974463784,0.012264790678608887,1
181998,2898,41.10644691775229,-10.39383985738927,0,1,0.01765494079600383,0.011162021010030864,1
182016,2899,45.372278112234554,-5.9832801873924115,0,1,0.047117709266919765,0.04293824513189732,1
182033,2900,46.42392398100079,-11.638031566905473,0,1,0.046794247562277555,0.0002474254704526467,1
182048,2901,41.18058815245825,-8.788862931337306,0,1,0.02350413575188021,0.02187457704859066,1
182068,2902,50.11561084415108,-13.430481712444058,0,1,0.055401363881179375,0.0,1
182084,2903,45.853163702068,-11.538126541447781,0,1,0.04333298510945128,0.0,1
182106,2904,76.06055532804169,-21.027836464382947,0,1,0.19552569814439674,0.0,1
182121,2905,36.13845743446557,-1.0358337402424524,0,1,0.009578022285679038,0.08408824608885997,1
182141,2906,45.099168763808336,-9.331744389444777,0,1,0.017511653006733748,0.0055964434171442414,1
182167,2907,71.64446048152203,-15.645146139837863,0,1,0.1342702656407539,0.006251463079913761,1
182184,2908,38.821877972099244,-2.855849608657614,0,1,0.0,0.04141891587840105,1
182202,2909,48.89340573551206,-8.017204968941488,0,1,0.07295271408809148,0.03962378842403882,1
182219,2910,40.74395530923264,-10.981697567652265,0,1,0.006142028571650043,0.0012199565885670871,1
182235,2911,42.38939655038001,-8.46698233394956,0,1,0.03168202062492706,0.025387433849538184,1
182253,2912,53.31215278783644,-14.068097898261044,0,1,0.08670545023504583,0.00011839801736020804,1
182269,2913,41.24743943253527,-9.868672089957157,0,1,0.012818388209404657,0.0014819652789370052,1
182283,2914,39.91758460683603,-11.58306815027936,0,1,0.013200379049456404,0.0,1
182301,2915,44.214729412521876,-10.09986715614941,0,1,0.02746910268314927,0.0,1
182317,2916,45.78619129819552,-12.095588994161997,0,1,0.037411989237245376,0.0,1
182334,2917,42.505988200739914,-6.982068942066968,0,1,0.019962679440728763,0.024580364216932046,1
182349,2918,42.54381787636829,-10.266585750706456,0,1,0.030215653898852567,0.008374039364658496,1
182369,2919,58.05215101793974,-15.755885309988994,0,1,0.10675729016074767,0.0,1
182388,2920,69.31192962359243,-12.22503115492175,0,1,0.19750149552751517,0.04801397245130435,1
182402,2921,37.079057952109025,-4.931861475651667,0,1,0.010836106532328119,0.06283709971220272,1
182420,2922,46.30903952625791,-9.858073911973804,0,1,0.03193546965117465,0.0034451297180870155,1
182439,2923,47.67891233922684,-12.113993524569784,0,1,0.043769064847179906,0.0,1
182461,2924,55.585589207286176,-11.737211850269414,0,1,0.08060719024676131,0.011729264611011071,1
182477,2925,46.14233833921111,-8.90246040213012,0,1,0.05380520767733805,0.03195757322155301,1
182498,2926,62.45174743034492,-15.214047761563233,0,1,0.13163563579637025,0.0108229040775045,1
182517,2927,42.420389852922995,-7.646694217284171,0,1,0.0061198093082360655,0.0,1
182536,2928,49.434530365481706,-12.334481115254057,0,1,0.055853906308646305,0.0,1
182554,2929,43.53362990643235,-8.096733593118016,0,1,0.012771447197885998,0.004870046230803723,1
182571,2930,51.43384255278481,-13.017004019330997,0,1,0.07653359057522167,0.0,1
182595,2931,71.03012286495172,-17.360249385828695,0,1,0.1441172119473921,0.0,1
182616,2932,52.64008256072389,-13.810681941494215,0,1,0.06615130023248139,0.0,1
182632,2933,45.0276131514204,-7.8902201925369475,0,1,0.05928869691598644,0.038365032069734295,1
182656,2934,69.2364238274265,-13.20811104249128,0,1,0.11627320535641171,0.00040911124288945034,1
182675,2935,57.32702441044306,-15.95566608339621,0,1,0.11023177852511461,0.0,1
182689,2936,39.401804551962954,-10.455001672830026,0,1,0.0,0.0,1
182706,2937,67.40883039882286,-17.930945620843005,0,1,0.19437057105519734,0.008808924172868545,1
182723,2938,44.88470428642351,-10.227760087597893,0,1,0.01973326145426882,0.0,1
182741,2939,40.21355022137437,-7.130002559212013,0,1,0.0,0.010320566332390476,1
182757,2940,54.68947073262882,-12.412252974767599,0,1,0.10501759830692309,0.004134207724896295,1
182772,2941,44.755358595898585,-11.181093314210576,0,1,0.04368695499676325,0.00453213732716127,1
182790,2942,41.75911920028608,-9.75804162996714,0,1,0.00509471494725506,0.0025123651892736062,1
182809,2943,39.64757253854418,-5.681413988192034,0,1,0.002013785862742388,0.02459300858375223,1
182826,2944,40.61752703169572,-9.089071502709587,0,1,0.0024702788762691434,0.004442112628623344,1
182842,2945,39.0558184255675,-9.315680457041017,0,1,0.0,0.0,1
182859,2946,44.343743569548394,-11.117444110550657,0,1,0.031069940141208445,0.001249306695591861,1
182874,2947,34.67318128276353,1.36060107909754,0,1,0.0,0.09800264175305844,1
182891,2948,45.610190676289236,-11.097657712843315,0,1,0.03448459994142066,0.0,1
182908,2949,38.92746110280999,-5.9286123593201925,0,1,0.0,0.029507453327323265,1
182929,2950,0.08322253145237113,-11.361250165878461,1,1,0.0407609182612308,0.0,0
182947,2951,43.29094848470952,-10.65412233718532,0,1,0.01634309955250257,0.0012402111507529294,1
182963,2952,44.43230660857403,-0.010083470031835517,0,1,0.07730908489857899,0.1107449384507962,1
182982,2953,51.29327299094431,-11.507209909689866,0,1,0.07917495756076015,0.01769249920800925,1
183000,2954,51.52817394668417,-13.045167688462936,0,1,0.07859346436322055,0.009279528921267644,1
183017,2955,49.164047174929706,-6.7964751765785145,0,1,0.08157671176770376,0.04894097305604324,1
183036,2956,45.325482482305745,-3.8530148737493874,0,1,0.03530618300382108,0.03489285593015654,1
183052,2957,51.87373191844683,-13.822679745493051,0,1,0.09063219364419901,0.0,1
183068,2958,45.56180070233546,-11.997397722377777,0,1,0.04364804255180517,0.011228697886088778,1
183089,2959,42.41548017067528,-7.704539096631647,0,1,0.004322967696761977,0.007673269108153371,1
183108,2960,64.03867567222713,-15.59075319259966,0,1,0.1553551752088075,0.015060704091616662,1
183135,2961,73.58952017608222,-16.860968379167176,0,1,0.132993745432539,0.0,1
183152,2962,42.37047840674711,-10.387937414521444,0,1,0.014996740296249193,0.0034773078534983673,1
183171,2963,47.40942073836513,-11.862874506727243,0,1,0.04368286842358778,0.0,1
183189,2964,64.31624421011735,-3.328482133506462,0,1,0.21357280449795452,0.12322893762959469,1
183203,2965,38.04376505463129,-6.947303665514703,0,1,0.013158536564998652,0.04991022151868909,1
183224,2966,56.80994686961399,-12.721594971388246,0,1,0.09101252673068928,0.002570869564886078,1
183245,2967,69.9717777804141,-19.56690113112337,0,1,0.1712311488994465,0.0026718813430664677,1
183260,2968,39.93541381828075,-9.970110289556967,0,1,0.0,0.0,1
183277,2969,42.21522343499767,-9.804422758832352,0,1,0.012850976577037801,0.0,1
183296,2970,54.8560950132549,-14.180993392935246,0,1,0.09440766129635338,0.001265994857914397,1
183314,2971,36.97032198090064,3.811971625582377,0,1,0.0,0.07815776824595792,1
183332,2972,54.57663326149678,-10.98197479080983,0,1,0.10114445069052633,0.020019037438266787,1
183348,2973,46.827640087792716,-9.877938265094135,0,1,0.0578565816080642,0.02312029341911678,1
183365,2974,40.90150195339342,-9.50142055446112,0,1,0.0024943316650550555,0.005134941132135243,1
183388,2975,51.731228188926224,-9.870748422400773,0,1,0.04316986014009643,0.002377150121218159,1
183407,2976,78.0244703863143,-23.077394947812287,0,1,0.2432823212690271,0.0028740081737204768,1
183428,2977,100.48058392787391,-26.125984472986442,0,1,0.364884742673135,0.03240695301231693,1
183453,2978,72.72270042127701,-17.7175821809787,0,1,0.14716077893965565,8.207428694086545e-05,1
183497,2979,76.2708588058694,27.11088322464241,1,0,0.21434662206928595,0.004293948822946041,2
183518,2980,71.06700161790897,-20.88108371869994,0,1,0.1772019722129304,0.0,1
183540,2981,65.8813241058953,-14.518187464476519,0,1,0.14789253113104925,0.021607046395812683,1
183556,2982,38.09984953979334,-4.597846513077414,0,1,0.00036324862255375615,0.037989989690552645,1
183573,2983,46.73198505579944,-7.629459406612266,0,1,0.036596905380834925,0.013798527834293792,1
183591,2984,42.83398651063776,-9.982779374210985,0,1,0.014596053293907075,0.0039962611065077,1
183610,2985,53.15615935938574,-6.298011820477724,0,1,0.08118961808491951,0.042055172630490904,1
183629,2986,52.51476905947887,-11.89298649516031,0,1,0.0671793549324598,0.0,1
183644,2987,39.04113110166987,-11.07258684651755,0,1,0.0,0.0,1
183664,2988,78.9166016883808,-12.87760576224111,0,1,0.26273814559046405,0.07334897095905624,1
183682,2989,41.72788793279204,-11.263366793657474,0,1,0.005020309203115089,5.1388579084263204e-05,1
183702,2990,67.92739512498471,-18.156684306617528,0,1,0.17049575131983227,0.0,1
183719,2991,48.07608070346882,-2.9783652524731963,0,1,0.09518357289855267,0.09526862967852792,1
183736,2992,44.89599223689688,-3.515524338581974,0,1,0.06370967125952164,0.07399452462636281,1
183791,2993,120.60356227898139,17.98954675782745,1,0,0.26185689886693336,0.0026530337284778986,2
183830,2994,64.59856808965854,1.3262708369271259,0,1,0.04283234519864857,0.012494203509574189,1
183847,2995,52.45522015184906,-6.518550945661195,0,1,0.11529824892964585,0.06988226625865251,1
183863,2996,39.906756215702046,-9.561013475017072,0,1,0.00021168295183173193,0.0,1
183882,2997,49.88173897262742,-2.7592846645439586,0,1,0.07374135980729471,0.06461910217414828,1
183899,2998,41.83805701402525,-8.276990076632488,0,1,0.014954914650637157,0.005797596172055277,1
183916,2999,41.908571171406955,-8.14100717222156,0,1,0.01750081675451216,0.0211842471335863,1
183934,3000,46.642934139689764,-12.673649102984156,0,1,0.0447009695895264,0.00285977505365012,1
183954,3001,44.295667719445845,-4.508813987496925,0,1,0.024011961902990965,0.023437209600473734,1
183971,3002,40.93722835136824,-9.247160861659832,0,1,0.008156780282544449,0.001023018967141763,1
183987,3003,41.363328398671875,-9.35479336698099,0,1,0.02398753290153587,0.016733149623911852,1
184001,3004,38.08649529173291,-10.047222925177689,0,1,0.0,0.002449499622681193,1
184098,3005,101.8185902446416,55.85326777233828,1,0,0.10274539628675355,0.00668160463862206,2
184123,3006,-0.9268237946613169,46.95194032901795,1,0,0.023551985415196236,0.021656403975179803,2
184146,3007,100.97378205885383,-28.494670027017943,0,1,0.32323434711931376,0.004821039031238541,1
184167,3008,48.8720123696623,-7.547704686720966,0,1,0.03417144171360743,0.006213096694960739,1
184186,3009,42.40969710517849,-9.499700578274084,0,1,0.004459119875238511,0.0,1
184201,3010,39.084461675744734,-8.237033967668856,0,1,0.006421146909395342,0.01644511540321828,1
184217,3011,39.72478198270228,-9.312875911154933,0,1,0.0,0.0,1
184236,3012,48.833655498780715,-13.0174402323103,0,1,0.05090279692874509,0.0031426087170222223,1
184257,3013,46.18802898275679,-7.411443009904289,0,1,0.022347478729660305,0.009006545335116866,1
184277,3014,51.59379593043681,-13.195233299103366,0,1,0.063594915649583,0.0,1
184297,3015,56.78473317517681,-14.262980125321524,0,1,0.0983798069195149,0.0,1
184370,3016,105.42742281698793,39.10906682123881,1,0,0.15433261232719955,0.005538660825588686,2
184392,3017,74.00536229459667,-20.324358388859302,0,1,0.1768816531995147,0.0,1
184411,3018,46.89256528211615,-11.14258365016068,0,1,0.042981394773957474,0.0,1
184430,3019,53.99368634123218,-14.162070660882236,0,1,0.0880982776919518,0.0,1
184448,3020,42.647630787182514,-10.825231258283772,0,1,0.014447616872074267,0.0,1
184468,3021,42.26144715941823,-8.022488236436658,0,1,0.007659102223131783,0.0006544239674602851,1
184488,3022,51.47900133181991,-3.114026580924106,0,1,0.08686821971868892,0.06659947116024467,1
184509,3023,51.19899233089485,-11.923620471261795,0,1,0.056303202836950415,0.0,1
184539,3024,89.34662809156461,-21.522396618963946,0,1,0.1823456256833678,0.0,1
184561,3025,55.95957103508526,-13.748915933068528,0,1,0.07615758183041628,0.0,1
184580,3026,44.246209279717135,-10.55877991116352,0,1,0.023822067791472102,0.0,1
184599,3027,58.68054694519371,-15.728330500430777,0,1,0.1120237257264007,0.0,1
184637,3028,-13.868487755144752,295.1006243326869,0,1,0.19437517124998713,1.060437512450939,1
184654,3029,39.53339822063274,-7.883241751786587,0,1,0.001053658268665084,0.016906903137103774,1
184673,3030,49.02140803178489,-12.756003181577368,0,1,0.05265709722874356,0.0,1
184691,3031,40.98359545463787,-5.045742609610311,0,1,0.010655300521296648,0.03324151743559001,1
184712,3032,43.36785445686971,-5.907894214596373,0,1,0.014604930391060764,0.019454532132046575,1
184729,3033,40.833972784552955,-10.065384570846257,0,1,0.005800688595961725,0.0,1
184753,3034,70.16525844526575,-16.61103642069272,0,1,0.14067791437193627,0.0011425768406796066,1
184770,3035,52.09438138636462,-14.852511261254353,0,1,0.09317481043685938,0.0,1
184791,3036,48.44092001428167,-12.150443714592868,0,1,0.04101628653300576,0.0,1
184812,3037,76.4300034992456,-21.11826595696439,0,1,0.21206439864593968,0.0022355508706836465,1
184832,3038,51.07046765139107,-12.826833790262125,0,1,0.060850102634912175,0.0023067164796788477,1
184849,3039,42.212267591616786,-10.75376429904748,0,1,0.015742428691922127,0.0,1
184869,3040,61.58963814883893,-17.43164421367941,0,1,0.12696692811781846,0.0,1
184890,3041,67.74171814112728,-19.175429330223764,0,1,0.15639541188630288,0.0,1
184911,3042,53.4370974794762,-13.3043133705625,0,1,0.06856532796687405,0.0,1
184929,3043,53.95221211119427,-15.742139036870125,0,1,0.09692252666752393,0.0,1
184948,3044,51.09151035735121,-13.33978739541184,0,1,0.06845677216319475,0.0,1
184967,3045,45.58533886009582,-11.256585985138361,0,1,0.02994841550510412,0.0,1
184984,3046,41.84475944373215,-11.067002395000241,0,1,0.013542811272959344,0.0,1
185003,3047,41.76249465677115,-9.107373551182203,0,1,0.010837141924713417,0.004593570371423793,1
185025,3048,78.38588893143833,-20.691169370633872,0,1,0.20478307053961078,0.0,1
185053,3049,80.2971504588428,-17.68480709181964,0,1,0.16004565546844374,0.004460992906992007,1
185071,3050,60.69610417087286,-16.50574231797363,0,1,0.14273850546804104,0.0015090503856951588,1
185092,3051,56.56803275999532,-13.822059059300065,0,1,0.08842702454794782,0.0,1
185111,3052,62.6874292897318,-17.13699185979321,0,1,0.14582732814059998,0.0,1
185127,3053,46.050595921330654,-14.081481196213712,0,1,0.0533364727502824,0.0,1
185145,3054,44.41230088364475,-11.712502498215033,0,1,0.02997690838130616,0.0,1
185166,3055,53.52613892072138,-12.826716558303962,0,1,0.06979568645172803,0.0,1
185188,3056,58.319067882917615,-13.724264055871176,0,1,0.09303378938974763,0.007893552510883877,1
185207,3057,50.760706346498466,-11.675677781800603,0,1,0.06856462800577888,0.004924843292690912,1
185223,3058,41.80958149052698,-10.978833629598007,0,1,0.01070325916769604,0.0,1
185243,3059,47.69157988685663,-11.801671435565295,0,1,0.04410283679162759,0.004189625522350556,1
185262,3060,55.680436688235375,-15.949620385196535,0,1,0.10211839157705489,0.0012019727567334382,1
185282,3061,52.24357606591603,-12.827267477557525,0,1,0.07361198163185712,0.00038798867466739294,1
185300,3062,40.50958189488087,-9.676332891483526,0,1,0.002473958983367797,0.0,1
185320,3063,56.97348601739161,-15.193131422416123,0,1,0.10195416673973227,0.0,1
185340,3064,48.4744965050852,-10.928661884891303,0,1,0.04811435421696808,0.005916185729868028,1
185364,3065,65.75941574914073,-15.415272765699992,0,1,0.11960453282818344,0.00047440696670711857,1
185383,3066,57.20105315170819,-15.979835073267573,0,1,0.11140396320436836,0.0,1
185403,3067,60.03213018491001,-15.709089743683021,0,1,0.12000037842531722,0.0,1
185422,3068,59.66457605305017,-17.289692737070634,0,1,0.12531969848354566,0.0,1
185445,3069,69.17187157027112,-17.61174992351649,0,1,0.1429045582910937,0.0,1
185468,3070,68.44405026654019,-18.03411949486369,0,1,0.13844427415931598,0.0,1
185482,3071,40.55739307752515,-10.077883963792807,0,1,0.02130814737302653,0.01035754351128044,1
185503,3072,60.7428457766307,-15.194001892691519,0,1,0.11326583367825109,0.0012617640495278738,1
185530,3073,80.40810814591447,-18.98342826202156,0,1,0.166982958035026,4.6453820791106655e-05,1
185556,3074,74.28952393234472,-17.440004247090666,0,1,0.14600919181236788,0.0,1
185580,3075,84.04694958364914,-21.661678956877527,0,1,0.21141198282655338,0.0,1
185601,3076,61.203828724513514,-15.148463499447317,0,1,0.11882780586989894,0.0,1
185625,3077,64.65124491931888,-14.96739268475002,0,1,0.11191843992476858,0.0,1
185656,3078,13.338561300442812,167.25568422677156,0,1,0.15472518522265033,0.7610958821681009,1
185675,3079,48.30317906197477,-12.232743412109015,0,1,0.05050611798667104,0.0,1
185696,3080,60.18153809259806,-15.881426819739701,0,1,0.11029389972503834,0.0,1
185719,3081,65.35121248042434,-16.027316951794514,0,1,0.12324314708320294,0.00043293406937716645,1
185746,3082,79.36455243508061,-18.290169841005167,0,1,0.16290290817433625,0.0,1
185763,3083,42.83459656158455,-11.122958363325502,0,1,0.023067193077706334,0.0,1
185781,3084,62.84805113543653,-0.9014244969443261,0,1,0.2087738509111739,0.14066014631002488,1
185805,3085,59.46184742071898,-11.879199579545054,0,1,0.08554153343047022,0.009671194187972671,1
185824,3086,42.006775333747385,-8.510906513518783,0,1,0.005001607421885579,0.0064513150337951125,1
185845,3087,58.92865275667716,-15.631833936563314,0,1,0.10440146189785401,0.0,1
185894,3088,14.208980668029195,54.04356560544682,1,0,0.02491565620860809,0.0034396970145083787,2
185917,3089,65.35117262638548,-15.938913181314291,0,1,0.12175027315084366,0.00014653085436636771,1
185939,3090,60.972359604894834,-15.096702774180738,0,1,0.10781422289505467,0.0,1
185956,3091,44.908816383170475,-7.718476726334329,0,1,0.04973865006271873,0.035228241574617326,1
185980,3092,68.41251857132156,-16.11605945196134,0,1,0.13308619222626225,0.0027742922989674643,1
186000,3093,66.67062608141472,-18.232506137381876,0,1,0.1558465518547638,0.0,1
186024,3094,66.64760912603907,-16.345533546997416,0,1,0.12141498334972461,0.0,1
186052,3095,77.6851482255818,-18.602132764176382,0,1,0.1459360127747485,0.0,1
186074,3096,59.14645546287623,-14.934564036018498,0,1,0.09570105615390233,0.0,1
186102,3097,77.26499463289974,-17.39173716425533,0,1,0.14387162947262117,0.0007633174401458411,1
186156,3098,71.52691950559965,36.29311586141893,1,0,0.14782453585171557,0.0059757704864423465,2
186176,3099,63.080320293889244,-16.681245635160774,0,1,0.13867352585278647,0.0,1
186203,3100,78.03052927496762,-17.440086669148805,0,1,0.1553320298020635,0.0,1
186226,3101,63.594546266070694,-9.998816634834306,0,1,0.12908219958738912,0.03569521969471643,1
186247,3102,58.85936100902221,-13.942780457905075,0,1,0.10385416914678325,0.0,1
186290,3103,10.744831758491781,53.69040679081278,1,0,0.02942246506742059,0.007256498226809343,2
186313,3104,61.227454034227705,-15.49841235446604,0,1,0.0984072338355236,0.0,1
186329,3105,41.52183848048476,-11.581334778478844,0,1,0.0189354081500885,0.0,1
186349,3106,50.25815012710119,-10.929756739531793,0,1,0.06366837801331915,0.00832666232553315,1
186381,3107,97.94331058360642,-23.77143656960503,0,1,0.20018373519881788,0.0,1
186403,3108,57.39359880877273,-13.893895774956691,0,1,0.08486095748732063,0.0,1
186426,3109,61.27293799465518,-15.29955950185682,0,1,0.10161003462712816,0.0,1
186444,3110,54.91672242224085,-15.638713951511026,0,1,0.10180138236071445,0.0,1
186470,3111,71.65587627589886,-15.781070536927956,0,1,0.13283183456298014,0.002139578520584144,1
186492,3112,54.47448325308771,-13.100981089280976,0,1,0.07331248934643342,0.0014540727569438054,1
186526,3113,99.13229528083329,-24.019957816459417,0,1,0.19208169440876016,0.0009904514813186957,1
186546,3114,58.339580145883524,-15.932738752825873,0,1,0.10918890944606977,0.0,1
186577,3115,90.16400110876944,-21.930588109207118,0,1,0.1774163138971677,0.0,1
186600,3116,65.723974960374,-16.679644262541917,0,1,0.12388038956675984,0.0,1
186621,3117,53.46841810948189,-12.502570465803878,0,1,0.0695681637395596,0.002411805020192398,1
186650,3118,82.5588620743812,-17.78766658296557,0,1,0.15877030050598023,0.0,1
186680,3119,90.05413796443379,-21.86080301246455,0,1,0.18686466634091456,0.0,1
186709,3120,80.79194489586712,-17.55736279884118,0,1,0.15356089598877531,0.0,1
186735,3121,79.33010058154898,-19.92178264583611,0,1,0.17045966785299901,0.0,1
186767,3122,102.15114222623595,-25.29346296814314,0,1,0.21654848235232957,0.0013516488482680198,1
186793,3123,69.36704549694271,-15.890660085951414,0,1,0.12084063259968253,0.0,1
186816,3124,68.64412427532096,-17.69478050190117,0,1,0.1416452012194667,0.0,1
186838,3125,62.22920886020816,-15.593594030745159,0,1,0.11387552761487535,0.0,1
186866,3126,80.33229714393738,-20.0900524289631,0,1,0.1571659034157479,0.0,1
186885,3127,45.25529879182467,-7.875532567068987,0,1,0.027308298935613772,0.015347591046671319,1
186913,3128,87.48936121281889,-22.5747326448026,0,1,0.18951346273172504,0.0,1
186934,3129,64.09041412353247,-17.741346472756927,0,1,0.13353959717616645,0.0023216349033909306,1
186965,3130,93.67012731345255,-23.37914694618732,0,1,0.19117305860362785,0.0,1
186989,3131,50.79729444739186,-0.5221143880644732,0,1,0.054531279814986094,0.04376204024102859,1
187015,3132,77.71261322120885,-19.277664057972927,0,1,0.16000907339173437,0.0,1
187041,3133,80.28392540511311,-19.53226196421529,0,1,0.17435677083171047,0.0,1
187066,3134,73.35016441892161,-18.269632979794384,0,1,0.1480552835368314,0.0,1
187089,3135,59.90626278022299,-13.925389457820163,0,1,0.09486373375889015,0.0,1
187116,3136,76.17218424814186,-17.2111882474561,0,1,0.1471634234832139,0.0,1
187135,3137,50.51291037001528,-13.291365019626634,0,1,0.06545228863879765,0.0,1
187153,3138,45.04769257468806,-12.377932809339546,0,1,0.03577919696319745,0.0,1
187175,3139,67.87255309136619,-17.801897166076742,0,1,0.14605805043060185,0.0,1
187206,3140,93.17978564092267,-21.76616052433021,0,1,0.18982512461509024,0.0,1
187226,3141,62.83876708190192,-17.913450402894508,0,1,0.1397597402079206,0.0,1
187254,3142,86.17894867447598,-20.498155652558278,0,1,0.18413031760187626,0.0,1
187275,3143,59.997757850594205,-16.733917464394708,0,1,0.10809907109096727,0.0,1
187297,3144,55.89130212367978,-12.245962518750659,0,1,0.07570463506998609,0.00048686975851322366,1
187323,3145,83.76525801256089,-21.444002238952827,0,1,0.19023005599679826,0.0,1
187350,3146,84.9743784683453,-19.487127648296116,0,1,0.1875794919055707,0.0006736194468498778,1
187374,3147,61.55868788931274,-14.787266875253607,0,1,0.09532609852795859,0.0,1
187395,3148,56.96450975222295,-13.935198800229802,0,1,0.09112583169686532,0.0,1
187423,3149,82.00150612987514,-19.638272925894793,0,1,0.16566217213368925,0.00013608165172331792,1
187441,3150,56.21593604513298,-13.259291522669415,0,1,0.10986291284111431,0.010259736314407526,1
187470,3151,84.04553828761112,-19.738056862948717,0,1,0.16716833700443454,0.0,1
187491,3152,60.55353858134826,-14.845815734919876,0,1,0.11136736168134156,0.0,1
187518,3153,77.72499583777366,-17.615964620134342,0,1,0.15474465230343595,0.0,1
187536,3154,46.76596119782511,-11.842497138742022,0,1,0.04884890302006829,0.0,1
187556,3155,58.9917508195602,-15.919670354304607,0,1,0.11303229420898124,0.0,1
187576,3156,46.513564043574235,-9.622456226433002,0,1,0.031221262312574667,0.005660695835869146,1
187601,3157,65.55011021336321,0.42078121232383126,0,1,0.11656466647242907,0.06353134125193423,1
187620,3158,50.54333351909702,-12.600672143181686,0,1,0.06823118705865575,0.0,1
187645,3159,74.1391763524582,-18.0885847402489,0,1,0.15597906621458268,0.0021121525431202336,1
187670,3160,70.34020887516384,-15.61328505706111,0,1,0.13306303066618289,0.0026883293108695377,1
187689,3161,59.56335935190148,-16.158295612308393,0,1,0.12432405539753336,0.0,1
187712,3162,-1.2038213070961774,44.41245402532205,1,0,0.026977155532398187,0.009886166841868313,2
187735,3163,80.01046915150945,-22.222214558297583,0,1,0.20466322091920383,0.0,1
187756,3164,0.3025030571984999,40.39853183490043,1,0,0.035657200292298984,0.0,2
187777,3165,103.82592902577596,-31.267960330271784,0,1,0.36801334399776797,0.0,1
187795,3166,45.66083182741677,-11.463472685402383,0,1,0.03807438004338673,0.000864722937715554,1
187816,3167,66.22204067507627,-19.46033827885771,0,1,0.14856749844435746,0.0,1
187843,3168,83.49690264689744,-20.09327282683405,0,1,0.18234140922462475,0.0,1
187863,3169,59.45084611240494,-16.899588470670174,0,1,0.1185885789434663,0.0,1
187889,3170,77.00306537161637,-18.333788673013913,0,1,0.1581674772224192,0.0,1
187910,3171,51.62738628513394,-13.179944618791863,0,1,0.06004477310767027,0.0,1
187926,3172,46.76028097065596,-12.591335209957423,0,1,0.05735928505904432,0.0,1
187953,3173,78.17616187849237,-17.61011596236906,0,1,0.15690046365253107,0.002920167130193826,1
187977,3174,70.09517237733243,-16.89588026745252,0,1,0.13911361638156186,0.0,1
187995,3175,41.222094651415944,-10.347305248135676,0,1,0.0072683340223228315,0.0,1
188020,3176,71.05076672065698,-17.937945978084304,0,1,0.13670665075281074,0.0,1
188048,3177,80.44487503436773,-18.956276977106914,0,1,0.15797207472823604,0.0,1
188068,3178,47.11216551089444,-12.166100252624988,0,1,0.03891865841908156,0.0,1
188094,3179,77.16034646003271,-18.145218059011036,0,1,0.16010004508191086,0.0,1
188116,3180,63.99623805735122,-17.21864885837229,0,1,0.12628730817561776,0.0,1
188140,3181,69.24749526136968,-17.950298066385834,0,1,0.1380014978993741,0.0,1
188162,3182,61.58287818985193,-15.903873899479837,0,1,0.11144631264602661,0.0009186077066254049,1
188181,3183,52.61255666622797,-13.812571632051606,0,1,0.08387392782706576,0.005473463615751165,1
188202,3184,58.6131498884021,-14.774510217213988,0,1,0.1016816364344553,0.0003672075338825833,1
188227,3185,70.88134469595875,-16.38652297466932,0,1,0.13844463241271524,0.0018201308068504663,1
188246,3186,65.58018762283368,-20.424679543715456,0,1,0.16529845455636105,0.0,1
188265,3187,51.974241116640684,-13.359178572046126,0,1,0.07904539696264767,0.0,1
188284,3188,46.05210290228038,-10.823954628533246,0,1,0.03553031893203131,0.0,1
188309,3189,66.34952377163422,-15.253000102143638,0,1,0.11454518781677675,0.0,1
188332,3190,67.17463450872151,-17.170543445631328,0,1,0.13322384280083643,0.0,1
188352,3191,52.00857186543972,-12.740497064845554,0,1,0.06717461464249423,0.0,1
188372,3192,49.64406192195957,-13.612086922057017,0,1,0.05319417192473239,0.0,1
188394,3193,74.30124974703327,-21.768316492212964,0,1,0.18541410808867706,0.0,1
188412,3194,41.56466776101238,-11.289094974224168,0,1,0.009356431923506327,0.0,1
188430,3195,41.362662812090655,-9.983399914883554,0,1,0.008659152218579077,0.0016375069239042443,1
188450,3196,54.43196521337784,-13.594924936212625,0,1,0.0848332132604483,0.0,1
188470,3197,55.79635367147765,-14.643140169001825,0,1,0.08828288670152144,0.0,1
188489,3198,48.21740038098882,-11.863149525018084,0,1,0.050684415676499374,0.0012943533752377255,1
188508,3199,45.40627486512763,-9.486929952112925,0,1,0.03053935149587758,0.003238283187030491,1
188527,3200,62.095647976586434,-18.339476593144795,0,1,0.13769211070533735,0.0,1
188546,3201,56.4341506840204,-16.492573728132747,0,1,0.10597747158656161,0.0,1
188568,3202,65.70114444921799,-17.026952624891116,0,1,0.13620486866225612,0.0021750706075395376,1
188585,3203,41.973305300363386,-11.147231632024994,0,1,0.014352961229418492,0.0,1
188604,3204,61.31194062899193,-17.283248020709895,0,1,0.13395692041699023,0.0,1
188621,3205,40.88776328697848,-6.650008241710967,0,1,0.013502498220733539,0.031143889911350323,1
188639,3206,48.063448402395764,-12.122081109112138,0,1,0.056357329814193884,0.002130803506628869,1
188657,3207,43.96331821810256,-11.032541234215653,0,1,0.027140368642224338,0.005196475159418786,1
188676,3208,47.95992847505394,-5.151798107456884,0,1,0.06893088400317836,0.0527004599886538,1
188696,3209,63.214350134756714,-18.235050111889826,0,1,0.14102734523142252,0.0,1
188715,3210,43.477217987013105,-11.256541390855809,0,1,0.0202142962765827,0.0011764452094556123,1
188733,3211,46.530518163831175,-11.544602970522494,0,1,0.04546973499123498,0.0,1
188753,3212,49.70326307269892,-12.352295763212972,0,1,0.0558005017178375,0.00013247165190882719,1
188774,3213,42.52082335387876,-9.304549829719166,0,1,0.0067621226086462104,0.0,1
188800,3214,66.83690724702333,-14.351601073119305,0,1,0.1087879316348499,0.00015264078755989553,1
188819,3215,42.57727524484734,-5.191353088273404,0,1,0.015229018504221358,0.02424308810524062,1
188845,3216,72.03338865244655,-15.683533964731746,0,1,0.12998875921982667,0.0,1
188863,3217,50.32080451932978,-14.839725287822052,0,1,0.07152212648705711,0.0,1
188882,3218,52.31761156050307,-13.949211303069944,0,1,0.07871656525277136,0.0,1
188901,3219,41.37370120149014,-9.191627538121837,0,1,0.0012447362339826646,0.0,1
188928,3220,83.48444334036037,-19.093030115046975,0,1,0.18353547431436368,0.006068418133002705,1
188948,3221,53.48209552423335,-12.995498897840639,0,1,0.07551656327030884,0.0,1
188968,3222,56.149894468924956,-14.537346837530782,0,1,0.09327769073978473,0.0,1
188992,3223,67.29087988671402,-16.370988117172896,0,1,0.1254280646542257,0.0,1
189009,3224,43.58661829871527,-11.122279942440166,0,1,0.024431210709648085,0.0,1
189027,3225,42.384624159913564,-10.3876175791337,0,1,0.010873938172749644,0.0,1
189053,3226,80.5212016120102,-20.178342402826882,0,1,0.17511249097049644,0.0,1
189072,3227,42.7459332551876,-9.772237818753279,0,1,0.010291769336669145,0.00023639457644136007,1
189095,3228,80.18460970746072,-22.67574993935481,0,1,0.20641606870537024,0.0020830892688331773,1
189111,3229,40.43052616515686,-10.142496748499092,0,1,0.010986580274594404,0.00233326944408826,1
189133,3230,57.45697714565931,-14.6022474926026,0,1,0.08773862086776503,0.0,1
189158,3231,73.48659019160833,-19.671210327145864,0,1,0.14938025776576697,0.0,1
189177,3232,45.47947189374898,-11.504939444709889,0,1,0.035304531868409074,0.004616636805850706,1
189210,3233,39.2211241402981,107.38833609743774,0,1,0.15557894729120056,0.4903587856856552,1
189238,3234,54.51874419896643,41.929931559361464,0,1,0.1485207775561701,0.2812095022521841,1
189257,3235,45.74749407521999,-12.278927599442708,0,1,0.02975605554358875,0.0,1
189273,3236,39.980527054522604,-10.13894402417653,0,1,0.004940721839839991,0.008992087255686265,1
189291,3237,47.37764122249247,-12.310220962889503,0,1,0.05217734769987797,0.0009120662836448433,1
189308,3238,40.33084934302883,-9.631366759567015,0,1,0.009701558505920133,0.008228110627595982,1
189329,3239,51.338487609610056,-12.430818517002198,0,1,0.05808380600530451,0.0,1
189371,3240,-11.332586415125604,177.94649205920427,0,1,0.0199161789623186,0.5457117560333703,1
189394,3241,69.85351251083603,-18.281092840755466,0,1,0.14799079598167192,0.0,1
189415,3242,81.10251937310052,-23.980946226988035,0,1,0.23775688932384348,0.0,1
189439,3243,84.22721430443129,-25.244186173170274,0,1,0.22126112952939983,0.0014330388601170368,1
189458,3244,51.028001528397354,-14.119858042628245,0,1,0.06551382958953093,0.0,1
189476,3245,45.13040565977029,-11.78784674839392,0,1,0.03497947381847591,0.0,1
189496,3246,48.886345927517176,-11.641704183023174,0,1,0.04837098249224102,0.0,1
189515,3247,57.32252374944441,-16.379061791674783,0,1,0.11152795741353469,0.0,1
189533,3248,52.56787743880515,-14.512785929067435,0,1,0.08351909943227481,0.0,1
189556,3249,66.10449295475918,-17.05231671153185,0,1,0.12617640075499884,0.0,1
189586,3250,42.917058303168645,95.12429884352625,0,1,0.17296385894500094,0.4944896019692081,1
189610,3251,54.47138276450241,11.816358539949096,0,1,0.11649918195834935,0.15457941566748398,1
189630,3252,65.44647189475097,-18.583047138049928,0,1,0.1502113599351982,0.0,1
189656,3253,77.78095557711822,-19.387813500583775,0,1,0.1613587832488467,0.0024256841312001714,1
189674,3254,41.57224596819917,-7.852357391020938,0,1,0.0023294780267630235,0.01180422697899893,1
189692,3255,54.13222602322493,-14.191049047983398,0,1,0.09466050940005029,0.0,1
189721,3256,89.7772652360111,-22.765543595343846,0,1,0.1930447389463344,0.0014470101083390353,1
189748,3257,90.54065778097518,-23.49152970037769,0,1,0.21404248837852183,0.0,1
189774,3258,82.67903158702883,-21.193316363455427,0,1,0.18321600700133606,0.0,1
189797,3259,65.46912130007149,-17.139176547422952,0,1,0.12328935622490979,0.0,1
189818,3260,62.33941465279306,-17.412179236395584,0,1,0.1244316971693802,0.0,1
189838,3261,42.01948808430422,-9.429580538126492,0,1,0.0,0.0,1
189867,3262,87.32578927297968,-20.322087327278894,0,1,0.18406400674144782,0.0031731955933555316,1
189885,3263,42.689872001739175,-11.362177597425198,0,1,0.016644750493801864,0.0,1
189904,3264,43.252236797565814,-10.31291829509949,0,1,0.019729498313622498,0.001028701271227183,1
189926,3265,63.1801910579672,-16.012660738641955,0,1,0.12002120827575066,0.0,1
189947,3266,59.8417049162435,-16.222991306942056,0,1,0.10559029441218845,0.0,1
189976,3267,57.8641893960825,48.43390727078375,0,1,0.17273467671090112,0.31119569233733135,1
189997,3268,70.75613303174973,-19.646041740371274,0,1,0.1711861363909201,0.0,1
190018,3269,67.50413167631682,-19.403563457434053,0,1,0.15633253428842414,0.0,1
190039,3270,68.72390413933155,-19.89017055827409,0,1,0.16186394769743634,0.0,1
190059,3271,49.30472347850636,-13.171190615993607,0,1,0.05247417406271737,0.0,1
190080,3272,62.2233599222156,-16.96110038500237,0,1,0.12242217298702682,0.0,1
190098,3273,46.896302355546325,-12.505350014255047,0,1,0.04782341328276623,0.0033091593867033337,1
190117,3274,45.150777104062335,-12.380917136728259,0,1,0.03184494584590811,0.0,1
190143,3275,53.37248616071753,40.81354581868019,0,1,0.15710341065701672,0.295800017507953,1
190172,3276,86.55736869350258,-23.063509043460776,0,1,0.18112437024852082,0.0,1
190196,3277,74.05692845423364,-19.183902883613552,0,1,0.1627562406528437,0.0,1
190216,3278,59.857865697863545,-16.897292683918707,0,1,0.11641951855957858,0.0,1
190236,3279,50.47711464634194,-12.938063304648805,0,1,0.059747476090260675,0.0,1
190255,3280,53.477505249465345,-15.513624986342117,0,1,0.08638537742832839,0.0,1
190277,3281,67.19684326524732,-17.513407113535145,0,1,0.14134345387825253,0.0,1
190295,3282,42.64114867978533,-11.54960534247179,0,1,0.016644934203045997,0.0,1
190316,3283,59.53505718465239,-15.626649508079009,0,1,0.10064261043690952,0.0,1
190342,3284,80.49852951018167,-19.966606700197907,0,1,0.17541489137814553,0.0,1
190361,3285,51.73554178328795,-13.94066689399978,0,1,0.07242032730185512,0.0,1
190391,3286,81.96149010980395,-17.873396342948656,0,1,0.15385585917270445,0.0,1
190410,3287,45.17305728200628,-11.615921709240101,0,1,0.024453858577201386,0.0,1
190437,3288,46.73257095993373,64.17658875613085,0,1,0.1614269441569163,0.3986725101718179,1
190455,3289,66.98836875179961,-19.71867597104252,0,1,0.1827438419082734,0.0,1
190473,3290,42.92463938415115,-10.799403069403809,0,1,0.018026438938785003,0.0,1
190498,3291,73.30313012346734,-17.718798823806825,0,1,0.14518808640063502,0.0,1
190518,3292,50.600742685250715,-12.758576828181916,0,1,0.05812686857987548,0.0,1
190538,3293,51.26630856260866,-12.910145292206764,0,1,0.0632250900336935,0.0,1
190556,3294,48.40941649375458,-13.973364609512068,0,1,0.05686643369448596,0.0,1
190578,3295,57.304345753595896,-14.204883404819066,0,1,0.08581344410658757,0.0,1
190600,3296,54.91234389699205,-13.090479079584238,0,1,0.07388434479021512,0.0,1
190626,3297,79.21951607211741,-18.77456715662519,0,1,0.1681528413529105,0.0,1
190647,3298,48.44001284641685,-11.714578408861579,0,1,0.04193093451639168,0.0,1
190675,3299,83.09845158780999,-18.775833727150843,0,1,0.1728774236827146,0.0032623372910469167,1
190695,3300,53.36665879955106,-13.725536864281029,0,1,0.07393410267386905,0.0,1
190721,3301,79.27759671049661,-19.471699895184823,0,1,0.17515793527494783,0.00290602786283909,1
190742,3302,50.988844423192184,-13.356648312514569,0,1,0.056579738467953354,0.0,1
190761,3303,44.07033860548009,-11.584282164742607,0,1,0.02484330991241948,0.0,1
190790,3304,30.913459015798217,124.81524505971849,0,1,0.18101606771035747,0.6416611937627169,1
190808,3305,43.076436537376864,-11.87390924813398,0,1,0.02385215447607113,0.0,1
190829,3306,50.86297374115078,-12.788419699982889,0,1,0.05711779615976832,0.0,1
190847,3307,39.8376056559968,-10.85406461663508,0,1,0.0,0.0,1
190870,3308,67.04505313360909,-18.96340908216972,0,1,0.13398236749265202,0.0,1
190898,3309,78.98518955256809,-17.84893974872578,0,1,0.15311253512391926,0.0,1
190918,3310,50.497122508923084,-13.063979427279788,0,1,0.05858388793766971,0.0,1
190937,3311,44.252688074570905,-11.156118567354293,0,1,0.02254888888849765,0.0,1
190956,3312,54.007080592485195,-14.26870118444958,0,1,0.08739244721733082,0.0,1
190974,3313,48.02928650557243,-13.302926292035384,0,1,0.05566362014836749,0.0,1
190995,3314,52.31504355339038,-13.105737388545386,0,1,0.06412357759316396,0.0,1
191014,3315,44.14990642716681,-12.45627028556845,0,1,0.021842480450781066,0.0,1
191031,3316,62.47873549030915,-14.018570186030525,0,1,0.17059654997649046,0.02660665467153939,1
191051,3317,51.46230723078115,-13.71302444530293,0,1,0.06637276534935226,0.0,1
191068,3318,42.19421034770612,-11.78177263664054,0,1,0.01756551044767854,0.0,1
191086,3319,40.53764219416874,-10.191029864217468,0,1,0.0,0.0,1
191104,3320,41.88554910795393,-10.717948720173094,0,1,0.014173816304713396,0.0,1
191126,3321,55.04891877926637,-13.477352295183731,0,1,0.07331155148578215,0.0016883917575401496,1
191152,3322,80.67421184836351,-19.475560368976762,0,1,0.17624068006110868,0.0,1
191172,3323,56.646054064797625,-16.466021959862477,0,1,0.0981854890816116,0.0,1
191196,3324,64.91277753997718,-15.173935415976661,0,1,0.11445869082346699,0.0,1
191214,3325,41.451159468883944,-10.729760045775821,0,1,0.010957132836658067,0.0,1
191246,3326,96.95542400755485,-23.328289080778532,0,1,0.1991403829742017,0.0029286798098622927,1
191271,3327,68.41216259658847,-16.89835191359218,0,1,0.1239860747393825,0.0,1
191291,3328,46.729611389457936,-11.005603788272731,0,1,0.035439637600622804,0.0,1
191311,3329,54.953123218378245,-14.25783052172565,0,1,0.08223939019179756,0.0,1
191332,3330,52.13202555057383,-13.29187603097358,0,1,0.06367821359315202,0.0,1
191358,3331,68.36182196124915,-15.491491352295025,0,1,0.11706194891740465,0.0,1
191379,3332,67.89487730407978,-18.787354653683927,0,1,0.15648587297087982,0.0,1
191401,3333,61.56531358169373,-16.404173025151472,0,1,0.11108055284595601,0.0,1
191430,3334,80.03225566592755,-18.339646841846573,0,1,0.15063767813419948,0.0,1
191458,3335,64.17155790272588,35.919836560869825,0,1,0.18732703354298308,0.2671919727784683,1
191492,3336,31.497655311463042,151.59607053707148,0,1,0.18844468725204025,0.651382856526006,1
191520,3337,60.99429700802391,42.590463954149584,0,1,0.18656810804087018,0.29916665606554993,1
191549,3338,51.48323491668805,58.11943322384876,0,1,0.1571209555950355,0.3448275862068966,1
191579,3339,48.889836581469226,72.32111122247275,0,1,0.1627030455228051,0.395258730503846,1
191604,3340,72.96268306039622,-18.441762884100953,0,1,0.14819419828133568,0.0,1
191630,3341,74.16811503427579,-16.940670971077775,0,1,0.14492206435253158,0.001707645224776579,1
191659,3342,48.97324713989297,81.9875150786121,0,1,0.19042324897905225,0.4614477071287945,1
191691,3343,57.89606246128637,73.6351433763073,0,1,0.18865370820153715,0.38542860603932466,1
191719,3344,80.2476956904236,-4.669887571796309,0,1,0.19054679300717123,0.08390323373757462,1
191750,3345,52.86857981024396,85.12166096141759,0,1,0.1947895556894936,0.4463959032705405,1
191782,3346,51.73545429480902,87.28511191998119,0,1,0.18358125480383028,0.4369619338670267,1
191805,3347,63.98404950255964,-15.387989987115137,0,1,0.1174077885587002,0.0,1
191832,3348,75.38223855104658,-19.21226945366899,0,1,0.14488045928811952,0.0,1
191862,3349,86.91723612714983,-19.404348918644168,0,1,0.17345380258456045,0.0018243066350512509,1
191892,3350,43.32040528069449,101.82460508070514,0,1,0.18931930695115845,0.5310280593080172,1
191923,3351,58.77628268050317,61.74903620034126,0,1,0.18247473029766703,0.3483269698990771,1
191947,3352,64.80529876769408,-15.638698650303557,0,1,0.11525926884489902,0.0,1
191979,3353,62.112033961260586,56.252774504045654,0,1,0.17944501732565776,0.3125,1
192007,3354,61.43553645627797,47.133653652915385,0,1,0.19554963323358227,0.32142857142857145,1
192035,3355,91.29125757068408,-23.463917072335324,0,1,0.21029162534468934,0.0,1
192065,3356,88.73520272084836,-21.207763906398142,0,1,0.18025938683378145,0.0,1
192092,3357,80.31092523309584,-18.644752656496436,0,1,0.16777290601859926,0.004615034268616357,1
192120,3358,75.64764350552295,-18.268365841360286,0,1,0.14084780538798938,0.0,1
192142,3359,68.28106025247871,-19.05974934469409,0,1,0.14811798744386784,0.0,1
192171,3360,74.47077763781711,-16.346471795137447,0,1,0.13044451116211883,0.0,1
192199,3361,77.92528891252559,-18.60882395411141,0,1,0.15059597004240186,0.0,1
192229,3362,91.74893274574382,-23.0442862694472,0,1,0.1919885924674216,0.0,1
192261,3363,32.101293566016196,141.50556644004206,0,1,0.18842124230990837,0.652261250738905,1
192279,3364,42.16408369821815,-10.195644481031364,0,1,0.01097362484148772,0.0,1
192308,3365,86.14162790347697,-20.30702859949939,0,1,0.1762050224622135,0.001991200831253654,1
192338,3366,94.909175370183,-23.028344886938886,0,1,0.20628884184666893,0.002738600055993871,1
192362,3367,69.2087021708761,-17.414865965946447,0,1,0.1341459476683752,0.0,1
192390,3368,55.99579137098662,45.222944966676366,0,1,0.16044951641795357,0.30037785749718837,1
192417,3369,81.18434461654633,-20.756357147008117,0,1,0.17018480872596609,0.0,1
192446,3370,61.48647903400085,59.91024054403426,0,1,0.20934870586850296,0.37019707348152386,1
192471,3371,76.09594711805681,-19.077553605063688,0,1,0.16093467137311593,0.0,1
192493,3372,58.05264006371759,-14.25546124652683,0,1,0.09051893854739078,0.0,1
192525,3373,54.52882749562998,84.31796447888232,0,1,0.19209257557358816,0.43037107140402897,1
192545,3374,44.62629722094681,-10.324326990620186,0,1,0.022191172077261394,0.0035829628885661775,1
192575,3375,90.75152501349618,-21.26860197318027,0,1,0.18874168198661928,0.0,1
192601,3376,78.77544265830971,-18.89635073755213,0,1,0.16961364743025145,0.0,1
192631,3377,95.43589650623082,-21.82534495609115,0,1,0.20923979740797163,0.002378495660075693,1
192659,3378,88.55148225305756,-21.849151303718426,0,1,0.19763150726414644,0.0020016239183224933,1
192687,3379,79.18089447532617,-18.796903438100976,0,1,0.1531259547375504,0.0,1
192718,3380,86.39798773586179,-18.927178826362667,0,1,0.16475188985864614,0.0,1
192748,3381,94.41702488570897,-22.27752992075974,0,1,0.20399327144028362,0.0019824136074285447,1
192773,3382,68.80445042679949,-16.000883465235564,0,1,0.12674916070673053,0.0015818665626341332,1
192801,3383,78.33908588611851,-18.24465620645846,0,1,0.1519227722408891,0.0,1
192828,3384,79.63071671821268,-19.44204764147838,0,1,0.16436349194157576,0.0,1
192848,3385,48.369857975197675,-12.591936663919066,0,1,0.044636122856643014,0.0,1
192869,3386,54.44066314471507,-13.530546947340486,0,1,0.07681802794817665,0.0,1
192899,3387,87.70955604504412,-22.02838173983428,0,1,0.17463690750374694,0.0,1
192920,3388,53.597419099200884,-13.202300392710836,0,1,0.0692102535249041,0.0,1
192953,3389,94.00482100228314,-19.92896239782179,0,1,0.1778157294093443,0.0,1
192981,3390,79.61281689133972,-17.609842873264483,0,1,0.15787783290333662,0.0024630832721489653,1
193005,3391,62.85701717239791,-14.32235343365851,0,1,0.10233021202563551,0.0011637901953489122,1
193034,3392,79.08781999803287,-18.1415504021749,0,1,0.1446506104709667,0.0,1
193054,3393,41.394391847409175,-8.778455690484261,0,1,0.0,0.0,1
193077,3394,68.41988502787079,-18.197119684124434,0,1,0.13874691158330488,0.0,1
193108,3395,89.80827339087742,-20.020990062992407,0,1,0.17587129808490734,0.0,1
193127,3396,47.34440318873477,-12.728487083124707,0,1,0.045829003417214326,0.0,1
193159,3397,98.77613755225005,-23.29538136096385,0,1,0.2042374559614953,0.003556418050533296,1
193186,3398,75.55931114341263,-16.531232565167397,0,1,0.14283439569491604,0.0021415103201877336,1
193213,3399,74.84681260615453,-17.181409683330184,0,1,0.14014940232769948,0.0007966745257110936,1
193244,3400,55.32661220477401,58.12578152465838,0,1,0.1573666202651277,0.3225806451612903,1
193262,3401,44.119593456907836,-10.76131480910679,0,1,0.023044126296565257,0.0,1
193284,3402,63.84208445143111,-15.716794620788015,0,1,0.1171674627683445,0.0,1
193304,3403,50.2786460383353,-13.435174939373427,0,1,0.05391718781792607,0.0,1
193329,3404,71.90540531977362,-16.704437510214778,0,1,0.14073193487860702,0.005635441551717822,1
193351,3405,57.34973045926215,-13.754379763100598,0,1,0.08333103990102421,0.0,1
193372,3406,57.877465050160424,-14.943659809426453,0,1,0.09173050692976135,0.0,1
193399,3407,72.35193589054512,-15.555009948701436,0,1,0.12849565398575982,0.0025542511734220315,1
193422,3408,65.13291704443287,-16.272017712635527,0,1,0.12003178867462261,0.0,1
193439,3409,42.12842921743973,-10.80341694042512,0,1,0.018753365771031098,0.004613452582114313,1
193468,3410,81.10920579386436,-19.287202251864297,0,1,0.15386428035975208,0.0,1
193496,3411,80.85268909917133,-18.641786162447538,0,1,0.15960616625780233,0.0,1
193517,3412,53.43951999845596,-12.273819506828504,0,1,0.06679641737262561,9.36287429889199e-05,1
193543,3413,74.59439605762506,-17.639489287285876,0,1,0.14576956021221654,0.0,1
193567,3414,68.55546998299663,-17.58641898645873,0,1,0.13250553444626764,0.0,1
193589,3415,93.707886455211,-28.47216837705811,0,1,0.2920027089636875,0.0,1
193610,3416,53.39227603101665,-14.02419564037196,0,1,0.06991283307906453,0.0,1
193631,3417,56.702110767155744,-14.967158481904095,0,1,0.0867983949127937,0.0,1
193656,3418,66.35339675349934,-14.483626039694649,0,1,0.1129583818910338,0.0,1
193676,3419,55.36284465253675,-13.619533019680642,0,1,0.08582369522486082,0.0,1
193706,3420,82.16138090567091,-18.36922797608875,0,1,0.15046683786296755,0.0,1
193740,3421,32.26920926336073,149.80615446004288,0,1,0.1886431265196575,0.6454638177526709,1
193764,3422,62.62428681903643,-14.836169674722388,0,1,0.09901700798981411,0.0,1
193782,3423,40.44232237306085,-10.050283298183164,0,1,0.0,0.0,1
193801,3424,40.62623703530064,-10.040614237449413,0,1,0.0006453776898126571,0.0,1
193820,3425,41.455270299967786,-9.842052085658388,0,1,0.007865223688421524,0.0038765692315000932,1
193849,3426,31.519382283928323,126.13544874520076,0,1,0.18373010237537118,0.6483907256899557,1
193869,3427,55.07036119067768,-13.439997935416017,0,1,0.08399278224121556,0.0,1
193887,3428,45.19459099330723,-11.39124334939968,0,1,0.03693377775534807,0.0,1
193905,3429,46.168816085147135,-12.207131059750878,0,1,0.03977431310255067,0.0,1
193932,3430,70.79494214991956,-14.34264240464572,0,1,0.12047690907207312,0.0024133509713216428,1
193962,3431,70.38130183390965,10.296666700780673,0,1,0.15035733794263217,0.12833337370700235,1
193991,3432,84.20967580201196,-19.25796865670779,0,1,0.1682505750124316,0.0032576468833412126,1
194016,3433,69.2119424868409,-16.45044953576106,0,1,0.1264502653828275,0.0,1
194049,3434,57.05581597889548,72.66038959009826,0,1,0.17456963049874122,0.36499451345120953,1
194069,3435,52.65022693996016,-13.937634070229059,0,1,0.07258188495052317,0.0,1
194099,3436,101.51642426397099,-25.90427037285292,0,1,0.23211387777181972,0.0,1
194118,3437,44.974425935474244,-11.231359157514902,0,1,0.02757265015356518,0.0,1
194139,3438,52.38339785398988,-13.074980256345924,0,1,0.062128506120118054,0.0,1
194161,3439,72.12105975161879,-19.421535979897552,0,1,0.16917532739975225,0.0,1
194180,3440,43.96963557542029,-11.39670041608601,0,1,0.023732195121225177,0.0032757644592300624,1
194211,3441,86.37812716234305,-18.947953144671935,0,1,0.16333438160736538,0.0011476335890287601,1
194242,3442,94.8990901777612,-22.177017388632894,0,1,0.19640284320850326,0.0,1
194273,3443,90.74776819364403,-21.57882809114055,0,1,0.1788463237941164,0.0,1
194295,3444,55.866240056718254,-12.694896936273777,0,1,0.0746537389167819,0.0,1
194318,3445,59.68876037178184,-13.96999693857848,0,1,0.09225017868835343,0.0,1
194344,3446,69.5009961640935,-16.154767860071786,0,1,0.12197242206297675,0.0,1
194370,3447,66.5469041967269,-14.778250716599555,0,1,0.10726150571037008,0.0005180765108310258,1
194401,3448,86.6462998653072,-22.41931667278373,0,1,0.16224338702861218,0.000784455552388625,1
194420,3449,40.98804366456183,-9.920721821346934,0,1,0.003496100499377253,0.0,1
194438,3450,41.81510779992519,-9.852042939797077,0,1,0.00997792406965379,0.0,1
194460,3451,62.121166231383896,-15.885067599549636,0,1,0.1120884243960858,0.0,1
194482,3452,55.86965821590695,-13.885703110659126,0,1,0.07644488846910127,0.0025204602765969432,1
194508,3453,69.68505345483284,-16.160744815505886,0,1,0.12446720478075315,0.002339882501834876,1
194525,3454,40.91832203588134,-10.733173247747608,0,1,0.008080313432865993,0.0003039424141805732,1
194542,3455,40.09671707355493,-10.17942347563827,0,1,0.003446204753068886,0.0,1
194560,3456,40.34132988976267,-10.165259664011863,0,1,0.0,0.0,1
194588,3457,82.00226191260082,-18.651364659014014,0,1,0.16311136283607314,0.0,1
194609,3458,56.91202576433487,-14.532925499142415,0,1,0.08765630759015391,0.0,1
194637,3459,88.3957121783489,-22.164028174493893,0,1,0.19388968626157707,0.0,1
194656,3460,44.41060746921269,-11.355973058966162,0,1,0.021638108617875053,0.0,1
194684,3461,78.41082201964741,-18.716129656963844,0,1,0.14920326039482473,0.0,1
194711,3462,78.70916060801636,-18.975082859767838,0,1,0.157324140067151,0.0,1
194731,3463,47.14358267812011,-11.211123312675682,0,1,0.03736997067405238,0.0,1
194753,3464,55.96491518190336,-12.650128480001504,0,1,0.07677180952084171,0.0018484344536263775,1
194779,3465,75.24323010091953,-16.887186210902733,0,1,0.1526180440662216,0.0029872478257048896,1
194802,3466,68.68801792995036,-17.143416507929224,0,1,0.14096194080603364,0.0,1
194826,3467,62.54115497532054,-13.368010636706718,0,1,0.10189918068210474,0.005638878072457105,1
194854,3468,76.80828210942173,-17.716825660624426,0,1,0.1417448045677531,0.0,1
194882,3469,80.84737934224165,-18.33129354573289,0,1,0.1600392761089095,0.0005069532013268913,1
194907,3470,67.49425718193243,-16.169540817793614,0,1,0.11958463253379945,0.0,1
194933,3471,70.84115451234149,-16.557085585144755,0,1,0.1284480286082308,0.0,1
194961,3472,83.31843517432873,-18.72715403351257,0,1,0.17120409324552982,0.002684696722646454,1
194983,3473,57.71215310754684,-11.412570817478095,0,1,0.09129715223838267,0.013640606897761228,1
195004,3474,51.577562985879396,-10.174100424479079,0,1,0.05894285240290299,0.009276898311308531,1
195035,3475,80.20697200647402,-15.384625873725222,0,1,0.13830506839352047,0.000370319923334132,1
195062,3476,80.63084289986153,-19.213226775870332,0,1,0.16442952752222245,0.0,1
195090,3477,76.81810254166925,-17.362636186736797,0,1,0.1412237101731658,0.0,1
195119,3478,81.71278613816949,-18.20681973926663,0,1,0.15665176521578833,0.0,1
195148,3479,106.38851273663634,-27.838542785296678,0,1,0.2622081190956601,0.0,1
195168,3480,47.83334521749319,-11.836139817280005,0,1,0.04351535096741154,0.0,1
195201,3481,93.39768569590572,-21.123863820704837,0,1,0.17887204636358936,0.0,1
195231,3482,90.69327443444956,-20.755274604903274,0,1,0.18564320928593953,0.0,1
195250,3483,51.41461902658579,-13.893960170943256,0,1,0.0666739884274752,0.0,1
195274,3484,65.22481232993287,-15.440744131116261,0,1,0.11316284425430541,0.0,1
195298,3485,66.64060896177915,-16.47553321258721,0,1,0.12276940667633512,0.0,1
195314,3486,42.07469567158886,-12.162898280757336,0,1,0.024432246946283164,0.0,1
195331,3487,40.48000103192207,-4.992159298621264,0,1,0.011195796949138973,0.037492539243547056,1
195351,3488,54.58373794241878,-14.08380334765832,0,1,0.08352493550613814,0.0,1
195382,3489,86.02730187779026,-19.96548756350309,0,1,0.15957805026376515,0.0,1
195410,3490,101.36078374809512,-26.146102432032876,0,1,0.250249534356047,0.0,1
195430,3491,51.98389055446494,-13.432591719303012,0,1,0.06573142683659414,0.0,1
195454,3492,69.0783900618227,-17.878941678729248,0,1,0.13377576038738706,0.0,1
195487,3493,101.45537934503517,-24.74624169651417,0,1,0.20799674176318364,0.002038949665718201,1
195509,3494,71.17184188453541,-19.50054955622404,0,1,0.1626339100346782,0.0,1
195537,3495,76.55118802902646,-16.835662329233614,0,1,0.14155371287736435,0.0,1
195560,3496,64.81081381685895,-15.898925590220266,0,1,0.11694949426727186,0.0007302609659867864,1
195583,3497,62.86143957587113,-15.099064282579704,0,1,0.10946011597897734,0.001665725166507801,1
195612,3498,79.74945708861378,-17.53960432435178,0,1,0.1491455736895641,0.002996309307299158,1
195634,3499,59.22325546130573,-14.247783132476176,0,1,0.0953291090997586,0.0,1
195655,3500,52.9673443785895,-12.281124756713837,0,1,0.0629795894346506,0.0,1
195678,3501,62.37473243355167,-12.130887145962912,0,1,0.1135674652598119,0.01399175947078636,1
195698,3502,43.722636888301196,-7.576020821439819,0,1,0.005979068574923448,0.0033724771471860156,1
195715,3503,40.09843218014084,-4.298129832478679,0,1,0.0024893230955012023,0.03714112556038552,1
195742,3504,75.9522976621206,-16.374696353058468,0,1,0.1453258872886847,0.003313873980147378,1
195765,3505,66.91328254149559,-16.892783121181623,0,1,0.13019381629986412,0.0,1
195785,3506,52.64656830462492,-13.71453695713306,0,1,0.07082235847770016,0.0,1
195804,3507,55.43885673251755,-14.938809052191848,0,1,0.09236461535291096,0.0,1
195824,3508,52.45681707743104,-13.15082632651947,0,1,0.06767855174145468,0.0,1
195844,3509,68.72670784376088,-19.428594924274897,0,1,0.17219441174223224,0.0,1
195871,3510,77.89447690121102,-18.89805815421094,0,1,0.15403050052390113,0.0,1
195894,3511,57.31741454356418,-13.830369267808454,0,1,0.07937037691709975,0.0,1
195915,3512,55.97679074767613,-13.852452704446632,0,1,0.08208776895727915,0.0,1
195933,3513,44.25772419563308,-12.555791024386927,0,1,0.026991410631888663,0.00030486407091488124,1
195961,3514,79.36295529852671,-17.994687844683316,0,1,0.15376422855411342,0.0017510433346291164,1
195988,3515,74.01470150526734,-16.802371678085226,0,1,0.13732891784409632,0.0,1
196011,3516,76.89690534743636,-20.148075229987494,0,1,0.1860994137015124,0.0,1
196033,3517,56.05443912392893,-13.591719465713755,0,1,0.07510505369874891,0.0,1
196058,3518,67.4188251030741,-15.627577761665655,0,1,0.11780348450233197,0.0009784950726023157,1
196078,3519,65.3687700497459,-18.06914169249163,0,1,0.15018116283503893,0.0,1
196103,3520,69.65925110205269,-16.929526755284506,0,1,0.127784462732487,0.0,1
196129,3521,64.80604193537584,-14.123894800132117,0,1,0.09956938992378725,0.0,1
196148,3522,50.1159118180919,-12.871306312436474,0,1,0.06010662435894341,0.0,1
196166,3523,41.95580292381395,-10.558271384380001,0,1,0.006982628732543222,0.0,1
196189,3524,61.362330145273035,-14.188432168891278,0,1,0.09584890877809114,0.0,1
196209,3525,61.719650110382936,-12.680461010312687,0,1,0.1289043755427014,0.024655789929745847,1
196228,3526,64.81079106453639,-19.01202758179711,0,1,0.15515781512255167,0.0,1
196248,3527,51.64154283441341,-12.973411880341619,0,1,0.06405225403260091,0.0,1
196270,3528,58.720140380432525,-14.539683133748511,0,1,0.0915045660875092,0.0,1
196290,3529,45.7880822905266,-11.658224704202055,0,1,0.029996285381467286,0.0,1
196319,3530,88.89283088450304,-21.045906450709392,0,1,0.1860506556322228,0.0,1
196348,3531,83.78543245098324,-18.883670435433466,0,1,0.1666891534665333,0.0055054027391267125,1
196374,3532,73.50292751930644,-17.655320010984628,0,1,0.1406633441819318,0.0,1
196400,3533,73.8788267955301,-10.304294621735659,0,1,0.15618646338707115,0.03304549395818015,1
196431,3534,88.2879686008978,-19.5548576563091,0,1,0.16857361709710353,0.0,1
196451,3535,72.22721168888998,-20.682542549274174,0,1,0.19215042637163907,0.0,1
196475,3536,60.93361080690049,-13.979924671243355,0,1,0.0944951983425773,0.0014397396640710447,1
196498,3537,63.11134695644441,-15.647623076615439,0,1,0.11002837355468782,0.0,1
196521,3538,69.06486976189854,-17.943868500487998,0,1,0.14327440024895796,0.0006755510547271224,1
196545,3539,73.01994042136747,-18.926192216339174,0,1,0.1542180224855844,0.0,1
196566,3540,62.40956081412949,-15.928079816481873,0,1,0.12159643563944889,0.0,1
196593,3541,71.45009082598051,-15.490252612441186,0,1,0.1253978089187763,0.0027979376707508307,1
196622,3542,81.68230541681925,-18.62450489334321,0,1,0.15680499721524493,0.0,1
196645,3543,65.12764373301087,-16.048479259506255,0,1,0.11954225659566854,0.0,1
196672,3544,74.61907219220898,-16.791121805913154,0,1,0.1390265741472494,0.0016296712694092652,1
196697,3545,82.01145775412482,-20.640963517206522,0,1,0.191284401620323,0.0,1
196730,3546,92.98344377624929,-20.246819116607625,0,1,0.17456569826948548,0.0,1
196750,3547,48.33268872646195,-11.892172310024282,0,1,0.045001312804183166,0.0006025801838535913,1
196771,3548,62.80274337333759,-16.37427936546206,0,1,0.12395190752077433,0.0,1
196801,3549,89.8664941297718,-20.43545150504076,0,1,0.1830253429370453,0.0,1
196827,3550,78.35131821058673,-19.263418396389778,0,1,0.16468356669793416,0.0,1
196854,3551,73.60480705598671,-16.291426251593162,0,1,0.13460623323945467,0.0019480126488059097,1
196875,3552,72.25753903534121,-20.519201718390335,0,1,0.18252915664604794,0.0,1
196898,3553,59.111199260138605,-13.759414903881364,0,1,0.0870936828054639,0.0,1
196922,3554,63.98557978840414,-13.584756052277811,0,1,0.10741335831832927,0.001504070575602256,1
196945,3555,63.20186643869234,-14.669627314996807,0,1,0.11338797736092904,0.004665556270072338,1
196966,3556,76.57251622186457,-21.555477859114283,0,1,0.2088902799349482,0.0,1
196988,3557,62.75213617572476,-16.093996485830758,0,1,0.11541204491067969,0.0,1
197017,3558,72.29858068183324,4.434238350551638,0,1,0.15291581399635235,0.09904251438758938,1
197035,3559,42.187781196391,-10.012888728666972,0,1,0.014501351658084118,0.005182237567981364,1
197054,3560,44.50581219868486,-10.258760836969184,0,1,0.024411603979488494,0.002091331936725564,1
197073,3561,43.43603836654601,-10.633482636999574,0,1,0.020894205837732056,0.0012558230411706026,1
197093,3562,48.37572265116347,-11.090806216304605,0,1,0.043790010216477174,0.0,1
197111,3563,48.24698483364118,-12.669930540962422,0,1,0.05699714187810307,0.0,1
197130,3564,48.02688882724783,-12.62154250371112,0,1,0.04841993173220128,0.0,1
197149,3565,45.03005593218179,-12.112329368458933,0,1,0.02896432390230923,0.0,1
197170,3566,56.97163940180683,-13.80785095761747,0,1,0.0897370578833765,0.0,1
197199,3567,91.82848196165165,-23.915172394560173,0,1,0.20122053659392067,0.0010054025817687034,1
197224,3568,65.44239753994427,-14.731038322009097,0,1,0.10629241139206708,0.0,1
197244,3569,56.16087226277466,-14.565945693080032,0,1,0.09218861681249449,0.0,1
197276,3570,101.06117148611092,-23.506267095669543,0,1,0.21418688635582625,0.002875511928666482,1
197300,3571,67.00259557678682,-16.45965854491819,0,1,0.12357050757185696,0.0003551174016305381,1
197320,3572,61.19937623016243,-16.817841968628407,0,1,0.12357029597925484,0.0004697262941275688,1
197342,3573,58.7314443582102,-14.506526860197717,0,1,0.09272865330381298,0.0,1
197364,3574,49.10083569115832,-10.430414654117524,0,1,0.037568217305580305,0.0,1
197390,3575,104.62186667153398,-28.204545519250445,0,1,0.28915194393277177,0.0,1
197412,3576,64.03510212847478,-16.57774242544735,0,1,0.12685283666905064,0.0,1
197435,3577,57.268117440263424,-12.56443946521433,0,1,0.07812931225697778,0.0019396838215881159,1
197454,3578,51.42963163222103,-13.000751319867442,0,1,0.07254888853925617,0.003006700015511814,1
197478,3579,76.89151329648075,-20.232346538930713,0,1,0.17369366597619904,0.0,1
197498,3580,55.32033481651326,-14.105050784415393,0,1,0.0883320337625475,0.0011957108499144632,1
197525,3581,74.43686965977716,-16.39700913944275,0,1,0.1397114121032643,0.001282173674779388,1
197548,3582,52.65784243189438,-11.084149853895845,0,1,0.05295639416461909,0.0,1
197574,3583,73.65912627257944,-16.84911992317147,0,1,0.1429371753056168,0.0024498864013760766,1
197600,3584,74.03888719459512,-17.37343140135658,0,1,0.1439131477660822,0.0,1
197620,3585,49.74237765557709,-11.97142945663441,0,1,0.052342870884058944,0.0029629915413057774,1
197646,3586,75.36166212285683,-17.207381324057554,0,1,0.15167055196947332,0.004043384300347067,1
197663,3587,43.35079448152749,-11.831628644154483,0,1,0.028352844127472118,0.002748289215742487,1
197684,3588,61.21484132003916,-15.451445514496307,0,1,0.11499910727432819,0.0,1
197713,3589,81.39902884433045,-14.842802470688344,0,1,0.16300765509153425,0.016216701789483097,1
197733,3590,61.630736072171715,-17.280190838728025,0,1,0.13086454371565287,0.0,1
197761,3591,79.9740718537982,-18.737441239721257,0,1,0.1553908807491149,0.0,1
197784,3592,62.459795950416996,-14.423167360766456,0,1,0.10606940074204704,0.0,1
197814,3593,80.02459751195471,-17.865983270793876,0,1,0.14424377001112892,0.0,1
197832,3594,81.22521414806154,-23.983940866210453,0,1,0.2848812609239186,0.007809696200194372,1
197856,3595,63.025096774021335,-7.552659804404117,0,1,0.11908668316545128,0.04374494945581173,1
197875,3596,40.773631416221875,-3.592640631385459,0,1,0.006763321733835515,0.03375667501174005,1
197894,3597,46.29219769282535,-11.47050897878496,0,1,0.03891063777625383,0.002837399753407015,1
197911,3598,55.63415236785457,-17.31360440560953,0,1,0.1182138956693039,0.0016278139348078443,1
197945,3599,109.87839809549254,-27.17231286276753,0,1,0.2296519481618939,0.0,1
197968,3600,30.837328658765696,-7.788684261777944,1,1,0.21326518943592337,0.05922081611317659,0
197990,3601,69.2811779223384,-19.133913903176165,0,1,0.1535899793040904,0.00022390853155697586,1
198007,3602,43.64988636783616,-10.46511868817497,0,1,0.025715796030029884,0.0,1
198025,3603,51.289430661433755,-14.02803776088544,0,1,0.07719449051418013,0.0,1
198041,3604,39.760049003245435,-9.621154834219327,0,1,0.003369297125957213,0.0026674699288346407,1
198067,3605,72.37726573115268,-17.308372954877623,0,1,0.1342257412998877,0.0012924719927226744,1
198094,3606,84.79263478466716,-22.049027374720847,0,1,0.18500012166674137,0.0,1
198117,3607,59.59362717499257,-13.63568539276636,0,1,0.09015324530066524,0.0,1
198134,3608,42.42910248810721,-10.47954733696027,0,1,0.018116992316868072,0.0006699538037964949,1
198165,3609,86.61340459851615,-20.10587103179327,0,1,0.1628144641998843,0.0,1
198185,3610,52.85178494721761,-12.865869619899833,0,1,0.06901343139360043,0.0,1
198209,3611,60.9421651541711,-12.726515398350692,0,1,0.09205130246441524,0.0027456209932591427,1
198233,3612,61.52482694430762,-13.372352928888116,0,1,0.09274369490246735,0.004270246303866279,1
198254,3613,61.39933144147797,-10.626294520058273,0,1,0.12830891304043301,0.029349016382524032,1
198276,3614,56.11623793497744,-9.68745867783382,0,1,0.06874259241131668,0.013665638302062254,1
198293,3615,74.48005162176464,-20.534077622383933,0,1,0.25486407894556395,0.008651913365265267,1
198321,3616,79.54252236345083,-18.465317929749894,0,1,0.15462288326785842,0.0,1
198340,3617,47.289057798269766,-11.008804001095433,0,1,0.04012917492489466,0.0,1
198358,3618,43.175685037107314,-6.4309382213761666,0,1,0.026755100442464416,0.03021365127934688,1
198375,3619,46.479966266958236,-10.796499028368045,0,1,0.04531118618612363,0.011485215067273,1
198394,3620,52.90987195731873,-7.890070428565188,0,1,0.08346802122213066,0.03854526118595413,1
198412,3621,55.089099774931455,-12.973230113786094,0,1,0.10480940218111343,0.009492489556393039,1
198434,3622,61.94440192156766,-12.586859297756025,0,1,0.106923948173006,0.012405174100387766,1
198452,3623,45.74379161716178,-9.822299690825021,0,1,0.036845251925871375,0.014703967397936644,1
198476,3624,67.16400105218497,-16.225933226972543,0,1,0.12482607510308023,0.0,1
198493,3625,41.81624268651149,-8.957090547698872,0,1,0.010069820936024416,0.01428395967310961,1
198512,3626,67.82357385485325,-19.891882540911798,0,1,0.17816469970440885,0.0,1
198534,3627,69.66096518704245,-16.54326300149506,0,1,0.15918833551569878,0.008230869002932267,1
198551,3628,48.96075095255093,-13.131712514248033,0,1,0.061965694821916883,0.003941013648653149,1
198570,3629,48.22661575646424,-12.625946995320689,0,1,0.0465849139374053,0.0007327888648775991,1
198603,3630,110.38225432906191,-27.81038852970466,0,1,0.24074543057639192,0.0005950315313239153,1
198624,3631,49.70937022719331,-12.099769888523735,0,1,0.04925840227131386,0.0013019493257216143,1
198651,3632,67.93972981864715,-14.272747628474889,0,1,0.10800791560225163,0.0,1
198673,3633,53.233375421093186,-7.355557494658319,0,1,0.07050968557769437,0.026727952521533493,1
198696,3634,68.71879533461761,-17.66120518998504,0,1,0.14016309535513855,0.0,1
198725,3635,101.44930563449309,-25.976000487824336,0,1,0.24065851888634737,0.0,1
198756,3636,87.9152945107391,-20.833139164129637,0,1,0.16694455466488115,0.00039773898074573497,1
198784,3637,84.5132771471167,-21.273196725834513,0,1,0.17427649387552932,0.0,1
198811,3638,76.89756012077851,-19.183781946924196,0,1,0.14979160713588766,0.0,1
198828,3639,41.117758050845744,-8.531322553303784,0,1,0.005535109446437588,0.0017545243608943011,1
198849,3640,55.548015422879615,-13.878596709678895,0,1,0.07857399906739783,0.0,1
198869,3641,46.291736121336335,-8.034726440417433,0,1,0.029771186473511912,0.008883358715419632,1
198905,3642,65.2740931418364,-3.870880272401978,0,1,0.05292940694926537,0.0,1
198922,3643,60.91661653285256,-11.012041747653047,0,1,0.17833486723289602,0.0579973121527147,1
198939,3644,44.164907206133556,-9.666769952695155,0,1,0.021780801993967706,0.0,1
198963,3645,73.60249847736276,-19.072868736500816,0,1,0.15562220581559105,0.0,1
198982,3646,41.64778646200477,-9.326239033359657,0,1,0.005404639613361531,0.0,1
198997,3647,39.2393848575176,-10.335476675190085,0,1,0.002574994997189417,0.0,1
199022,3648,74.38557340806294,-18.561308112652647,0,1,0.1482209845719657,0.00031023722954455474,1
199044,3649,76.2311913953788,-21.934801412016252,0,1,0.1935980350057702,0.0009619559750439402,1
199061,3650,41.58859613253854,-11.113617259615367,0,1,0.01124239483138921,0.0,1
199080,3651,49.151528430473945,-9.967681094711864,0,1,0.0534572906319653,0.015434277257742029,1
199100,3652,54.4787281046997,-10.799427035725897,0,1,0.07545740619786688,0.004626214856310419,1
199118,3653,45.87328802659589,-11.348962959851223,0,1,0.03763191374974742,0.0,1
199145,3654,67.8999146525674,-13.653015764069108,0,1,0.10600837794614346,0.006204577947488342,1
199161,3655,45.57758500124352,-10.719802584420746,0,1,0.043877679442153324,0.0013879276285022322,1
199181,3656,51.37476081837019,-12.99208675204292,0,1,0.05910439726619765,0.0,1
199208,3657,75.77659313690643,-18.53683625768659,0,1,0.1447861187934884,0.0009235921028702777,1
199238,3658,85.88712805207554,-19.699080015871886,0,1,0.16808179354272118,0.0,1
199260,3659,75.21690216558517,-21.718349524333572,0,1,0.18662198223594667,0.0,1
199279,3660,45.10567872158114,-9.945454692473266,0,1,0.024845097373527622,0.0001530172467376034,1
199296,3661,47.91698265093622,-10.877261150465483,0,1,0.06626299100920663,0.01980330164174578,1
199319,3662,64.86438272261317,-15.798812471325316,0,1,0.1176685847349243,0.0,1
199345,3663,81.27674730737483,-20.62276408937118,0,1,0.17730671250783542,0.0,1
199367,3664,55.0201188367481,-13.12381222967809,0,1,0.07072144457888442,0.0,1
199387,3665,45.9338514697022,-10.42575469014573,0,1,0.02717193662261112,0.0,1
199414,3666,77.94112960449391,-18.62627970465109,0,1,0.15466131233601713,0.0016529070373816326,1
199446,3667,93.3667081351715,-22.33451204929504,0,1,0.18329830922073945,0.0,1
199465,3668,43.84904706415348,-10.5768519982332,0,1,0.01962661208983743,0.0,1
199483,3669,69.72134700588724,-21.22215878508387,0,1,0.2053678694866659,0.0,1
199513,3670,95.87234188705273,-24.147703987294136,0,1,0.20867827240802259,0.0,1
199531,3671,56.07982632624311,-16.179190085940604,0,1,0.11026032849456796,0.0,1
199557,3672,77.51637698090684,-18.890877214272404,0,1,0.16212480660833223,0.0,1
199578,3673,62.76657961041515,-16.488798109853256,0,1,0.12150343176986178,0.0,1
199599,3674,73.21058272143307,-20.23312434054006,0,1,0.18750575871600977,8.736949922870176e-05,1
199619,3675,63.194600336283386,-17.968571885983252,0,1,0.1391713796239962,0.000581847972548441,1
199644,3676,75.4860490500638,-19.09556913564289,0,1,0.15727080937751464,0.0,1
199667,3677,64.32319174514684,-16.080929103387025,0,1,0.11845492228222146,0.0,1
199692,3678,82.49195002632882,-21.59209382455931,0,1,0.1959021608050486,0.0,1
199722,3679,95.28795813916767,-23.387771900649696,0,1,0.20781150297959883,0.001220677841522323,1
199752,3680,82.50732229994378,-18.34856627393106,0,1,0.1579866260835024,0.002662820904357803,1
199771,3681,62.3844847815128,-18.632253006983,0,1,0.1461662802756795,0.0,1
199800,3682,86.82132512115646,-20.431823126341012,0,1,0.17967744926871967,0.0,1
199829,3683,83.07476051370887,-18.807855085932808,0,1,0.16278299168993285,0.0,1
199856,3684,86.06515466474195,-21.01578854233796,0,1,0.19228750814140874,0.0,1
199886,3685,90.12750872390335,-21.003364019944474,0,1,0.186135151244487,0.0,1
199917,3686,95.41277037798557,-23.32084143341942,0,1,0.20131578481862003,0.0,1
199937,3687,43.13991857152181,-7.91755796193139,0,1,0.006813059094808349,0.0015373291104633388,1
199960,3688,57.62971235738407,-12.975626947891431,0,1,0.08170165612157546,0.0,1
199981,3689,63.271121596491284,-17.325374593056843,0,1,0.127774783584193,0.0,1
200002,3690,53.888077480257344,-12.954637697400262,0,1,0.07288068576112107,0.0015129246020804607,1
200032,3691,86.56535438258203,-19.34046906678568,0,1,0.17032513071452746,0.0,1
200065,3692,93.04557508754618,-20.99248312198039,0,1,0.1750140237034583,0.0011591480674328458,1
200081,3693,45.19049096637714,-7.897058656271769,0,1,0.03932528287795591,0.013789704315123608,1
200110,3694,100.76186202061282,-26.44031222157436,0,1,0.240197826892096,0.0007513860281334644,1
200132,3695,60.911608341879,-15.413206700353065,0,1,0.10403428770475022,0.0,1
200151,3696,42.48004946361233,-3.704142304526556,0,1,0.020763752898178504,0.03663877153969383,1
200168,3697,41.31230185002741,-11.168058305444147,0,1,0.008440433782803252,0.00020498420623410384,1
200203,3698,103.38868616409735,-24.678740912682162,0,1,0.20113699661238446,0.0,1
200224,3699,42.30721300176914,-7.566517898819516,0,1,0.0,0.0,1
200254,3700,82.59015040469629,-17.89701326635248,0,1,0.1542871841310069,0.0,1
200274,3701,51.01262489364908,-12.870889508983684,0,1,0.062294353524984844,0.0,1
200302,3702,81.75486257191301,-18.79683933825566,0,1,0.16561556251933432,0.0,1
200319,3703,41.061680421677075,-10.558686565471461,0,1,0.0063882598790500735,0.0,1
200337,3704,45.964309553915584,-8.772164404038467,0,1,0.02545353403521505,0.0,1
200358,3705,54.09411961106949,-13.226535128960801,0,1,0.07285291903330185,0.002268105564880892,1
200380,3706,79.15841558742247,-22.503202866624846,0,1,0.2106991902553604,0.0,1
200406,3707,80.93090581669273,-20.658046018240643,0,1,0.17779542863381737,0.0,1
200439,3708,94.84383238519437,-20.935454876008315,0,1,0.1842713427015611,0.0,1
200464,3709,69.09265067531835,-16.737037285489283,0,1,0.1291745728440898,0.0,1
200490,3710,71.96426601789267,-18.02615078251724,0,1,0.13338137224621505,0.0,1
200516,3711,74.37381468865152,-18.01868063772006,0,1,0.14579194856608432,0.0,1
200545,3712,79.40139395246342,-17.68833883227293,0,1,0.14762009367653206,0.0,1
200572,3713,76.65204282770667,-17.992526745958784,0,1,0.14790710344134556,0.0,1
200598,3714,77.11072956644776,-18.074790621013765,0,1,0.15628444149066134,0.0,1
200629,3715,97.02366224270453,-24.48041116522819,0,1,0.2047705599406985,0.0,1
200657,3716,77.53838181606682,-18.53247363999121,0,1,0.1452471897088179,0.0,1
200689,3717,95.23668388839175,-21.25399821658052,0,1,0.19222440359412188,0.0,1
200724,3718,22.933670422085907,196.54340027193487,0,1,0.214838594510619,0.8059997454902569,1
200753,3719,92.6640849092351,-22.984362898465413,0,1,0.20469009197796703,0.0006127849826254965,1
200774,3720,48.77912740717643,-11.506750783571084,0,1,0.04287490769258443,0.0,1
200796,3721,61.471563630344704,-15.234504109552942,0,1,0.1087018454813148,0.0,1
200821,3722,72.58400098244942,-17.37054372657703,0,1,0.14528078272140846,0.0,1
200848,3723,83.5512665227975,-20.75546332407377,0,1,0.1810881685672857,0.0,1
200880,3724,31.75007982307089,130.85264599204277,0,1,0.16838754271563422,0.6045443216843894,1
200902,3725,58.7343139982343,-14.107854258141671,0,1,0.09372924498360397,0.0,1
200931,3726,83.40340874817346,-19.422443398563065,0,1,0.1646248634544618,0.0,1
200959,3727,76.55919970705023,-17.004722230669085,0,1,0.14086231292974669,0.0010783542340476455,1
200986,3728,80.2965692258642,-18.30711277492306,0,1,0.1652598458012375,0.0,1
201013,3729,74.66147156584998,-17.120338845531563,0,1,0.14008792403900888,0.000384537029321123,1
201036,3730,69.7710855040634,-18.723648048701627,0,1,0.1478420514245297,0.0,1
201069,3731,94.83437161611687,-21.835126882957592,0,1,0.18262635702161809,0.0017897587081099151,1
201090,3732,64.88034902383309,-17.75513599845736,0,1,0.13904443774426992,0.0,1
201119,3733,82.69135638175749,-18.839362212134557,0,1,0.16207698222261946,0.0,1
201144,3734,71.60854297261871,-17.815550191437396,0,1,0.14015368100564538,0.0,1
201172,3735,98.06132679626376,-26.504697692058205,0,1,0.23731461527205,0.0,1
201203,3736,85.54087345638149,-18.96792317959237,0,1,0.16215353913904823,0.0,1
201232,3737,83.19409385365074,-18.820476733956,0,1,0.1622020553423539,0.0007339467381943456,1
201253,3738,58.00924991180193,-15.421611369062425,0,1,0.09599301897230222,0.0,1
201276,3739,62.194795046389274,-14.29614746055483,0,1,0.10551845571082745,0.0022459895685676494,1
201305,3740,84.0252441575856,-20.267878497036016,0,1,0.16597431826375988,0.0,1
201332,3741,77.49731864481922,-18.805748368375376,0,1,0.15338608242713986,0.0,1
201361,3742,80.47206667541637,-16.868135069255217,0,1,0.15119270317154693,8.922633092179186e-05,1
201382,3743,71.15276420832618,-20.254330764657055,0,1,0.17377656201772296,0.0,1
201407,3744,66.84171965901072,-12.38879633387234,0,1,0.12059872038788404,0.013059247306300547,1
201429,3745,67.25296917001009,-18.809847816311397,0,1,0.1419275047295661,0.0,1
201459,3746,82.83748679023205,-19.090511657371778,0,1,0.15369734559591375,0.0,1
201491,3747,89.4710162882914,-20.401429815649223,0,1,0.16942036919892622,0.0,1
201522,3748,86.75303946255293,-19.097357401082824,0,1,0.16546462681949792,0.0,1
201555,3749,95.70474252736368,-21.17954825450108,0,1,0.18506564063514175,0.0015858884763234034,1
201580,3750,70.96442446261925,-16.69620451381932,0,1,0.13594790092472006,0.0009333851769530635,1
201606,3751,71.56431933803123,-16.478609173036936,0,1,0.13012990047600106,0.0,1
201636,3752,63.7309976780828,28.830781126922147,0,1,0.15455960425548454,0.20814360388445305,1
201667,3753,99.06857402197744,-23.88725533840588,0,1,0.2139130287382155,0.0026027530480409607,1
201697,3754,86.52630842085657,-18.612889492681003,0,1,0.17046127399221653,0.0,1
201728,3755,94.79209388210256,-21.58956091203778,0,1,0.19574455745888922,0.002629535972630988,1
201760,3756,90.64974469643988,-21.073374345696575,0,1,0.17222072588902226,0.0,1
201781,3757,89.25792054137764,-27.39336755147912,0,1,0.2872462593352632,0.0,1
201808,3758,76.9934596932371,-18.491985209121687,0,1,0.15046261794348173,0.000676208242936742,1
201840,3759,93.17057787016785,-20.700395990792277,0,1,0.18183977210861216,0.0015666926820916925,1
201869,3760,83.98718002220073,-19.848526058393322,0,1,0.1674032211172195,0.0,1
201901,3761,93.28016475182497,-20.28587384994502,0,1,0.1828810726168194,0.0,1
201925,3762,68.53261723915445,-17.460818772780563,0,1,0.1304504056351006,0.0,1
201945,3763,55.46944713676902,-14.508064050912608,0,1,0.0896793147008185,0.0,1
201975,3764,93.26614439552725,-22.554223147230157,0,1,0.19762974968811026,0.0,1
202000,3765,67.23734525297633,-15.313430223280388,0,1,0.11692713685072885,0.0,1
202024,3766,78.36062104705155,-20.24543456807815,0,1,0.18330953271308884,0.0,1
202046,3767,52.54434984069439,-12.437352670090808,0,1,0.05801013693641846,0.0,1
202079,3768,92.89939040700877,-20.917619414992988,0,1,0.17303999972099823,0.0,1
202107,3769,82.84815146018474,-19.257465306168207,0,1,0.1699063441615518,0.0019875763944381523,1
202130,3770,61.43942064116467,-12.879236904043957,0,1,0.10168778016003403,0.007268328815101888,1
202150,3771,53.6409852649805,-13.46961399441172,0,1,0.07536620859120398,0.001116550208626885,1
202170,3772,49.16023748731976,-12.94517218228938,0,1,0.047818626713136234,0.0,1
202190,3773,54.54563838495186,-14.530175034205687,0,1,0.08111465168830112,0.0,1
202208,3774,52.666696456755545,-15.140204922374231,0,1,0.08367975133415331,0.0,1
202232,3775,63.4920910517649,-15.28550644796917,0,1,0.10439717144072928,0.0,1
202254,3776,59.71160502642465,-15.747664085149168,0,1,0.09716761562928213,0.0,1
202285,3777,103.06132787027849,-25.805506732882165,0,1,0.22876496637611193,0.0,1
202310,3778,83.10415757014665,-21.982743509623656,0,1,0.19540711612193298,0.0,1
202332,3779,64.87142321821105,-16.73599052322955,0,1,0.12980807184740517,0.0,1
202365,3780,93.23678074918523,-19.968806726210545,0,1,0.1766006690200891,0.0,1
202387,3781,56.365226530621115,-13.90054793647182,0,1,0.07808271700231469,0.0,1
202418,3782,90.80733058321601,-20.027236962021732,0,1,0.1796058800136692,0.0,1
202450,3783,88.54878161822415,-19.295310908886496,0,1,0.16382327891534562,0.0,1
202474,3784,71.3956977568796,-18.242564015885037,0,1,0.1436419487609276,0.0,1
202504,3785,85.1368574390057,-18.01322019006259,0,1,0.16313809990792785,0.0,1
202535,3786,87.67305473508283,-18.543972827085355,0,1,0.1658463812507046,0.0,1
202561,3787,77.66405742844816,-17.376390273936725,0,1,0.16276723632403645,0.004970337732924041,1
202589,3788,87.75218885510851,-21.15461619846881,0,1,0.19117359305425638,0.0,1
202609,3789,45.376299932562674,-10.010325987002338,0,1,0.025002689670285343,0.0,1
202629,3790,58.30696729863726,-15.993957142263087,0,1,0.10660136967792944,0.0,1
202656,3791,77.92304406723787,-18.349058892491986,0,1,0.15672292262143295,0.0,1
202683,3792,86.44145352281686,-21.915435003078933,0,1,0.193881700499649,0.0,1
202715,3793,91.82111501513586,-21.883830324209818,0,1,0.17963342147336434,0.002016898194951214,1
202743,3794,102.69746150545902,-27.446135835893624,0,1,0.2578146727079488,0.0,1
202770,3795,75.98228092851245,-17.46021809726377,0,1,0.1455953497437519,0.0021141936489492037,1
202799,3796,78.89655366528055,-17.118290122666252,0,1,0.14715712961975497,0.0,1
202819,3797,49.25295993302713,-12.614981049338141,0,1,0.04970572261122743,0.0,1
202850,3798,88.43591769172514,-20.044496024631812,0,1,0.17018938365328132,0.0,1
202885,3799,14.81850411679071,211.78948516191903,0,1,0.2032852506305162,0.8563563198594577,1
202916,3800,85.06834399472618,-18.82663378613964,0,1,0.15776016511863875,0.0,1
202946,3801,83.806229642649,-19.522089455769542,0,1,0.16028927449353508,0.0,1
202974,3802,82.9945387527136,-18.454011319524277,0,1,0.17138571125091082,0.0,1
203001,3803,76.96432345573189,-16.111241140787733,0,1,0.1570504970436023,0.011804434852234225,1
203032,3804,84.91245925090439,-19.419999309801295,0,1,0.15703680428223954,0.0,1
203057,3805,68.02600496087902,-16.19099205513147,0,1,0.12129540325755528,0.0,1
203082,3806,80.61750565611514,-21.462773197774613,0,1,0.18632515098529714,0.0,1
203103,3807,55.33642824129874,-13.563512328525684,0,1,0.08149742014905395,0.0,1
203125,3808,55.46493638156847,-12.893313453865764,0,1,0.07355713682717167,0.0010337685007153637,1
203145,3809,68.05757936973852,-19.69306596143152,0,1,0.16922020537891708,0.0,1
203169,3810,62.7791918072479,-12.634969682877742,0,1,0.10636725813633967,0.01416593826187291,1
203193,3811,63.84648574706379,-14.60880684551208,0,1,0.10691244288952373,0.0020052020017570066,1
203222,3812,78.8082554687461,-17.09289115791764,0,1,0.1457699823375074,0.0018173910676531398,1
203241,3813,48.39295205554775,-12.378558542509678,0,1,0.05004646504668499,0.0,1
203268,3814,81.48186379829829,-18.97840031327739,0,1,0.172124703802101,0.0,1
203291,3815,91.47663042989663,-26.90619187626367,0,1,0.26358777005126904,0.0,1
203311,3816,51.09682365513969,-12.98653482914706,0,1,0.06073052922795569,0.0,1
203335,3817,67.71076707142784,-13.782817910115089,0,1,0.1310679977998322,0.016044496801200982,1
203355,3818,58.263710930782175,-15.528948760732053,0,1,0.10403931161658413,0.0,1
203376,3819,48.735476825838965,-10.675505155929342,0,1,0.03985772776986428,0.0,1
203396,3820,53.065214009064334,-15.145810104785738,0,1,0.07123404283163251,0.0,1
203426,3821,78.88690981545102,-17.230255296410075,0,1,0.1373637467152158,0.00038318313365947584,1
203443,3822,61.050959871151164,-17.989675859171438,0,1,0.15477257314426365,0.0,1
203462,3823,49.281316058727,-12.733445321656104,0,1,0.0501599496531831,0.0,1
203494,3824,91.78303840059706,-20.036502969114032,0,1,0.1773014880443256,0.0,1
203514,3825,42.93302420374956,-9.184654502899575,0,1,0.007481714220275245,0.0,1
203545,3826,87.68142943837208,-19.519754678697026,0,1,0.16863611121701466,0.0022813823961380197,1
203577,3827,91.09479980696554,-19.996332936136035,0,1,0.17385028714284034,0.0010256512570690373,1
203598,3828,63.32409696591773,-15.234420865968648,0,1,0.12970687303225756,0.007102840569887261,1
203631,3829,99.2349366513448,-22.028126085402626,0,1,0.19872213234719804,2.1735183512665836e-05,1
203657,3830,95.92493347190509,-27.358224938575916,0,1,0.2508253048427286,0.0,1
203685,3831,76.96087885271834,-18.067667830513514,0,1,0.14603396617751377,0.0012502990687383278,1
203714,3832,81.5017225990292,-17.850482403304323,0,1,0.15627370580601777,0.0,1
203745,3833,83.97569245387233,-17.38172072621482,0,1,0.15313586403646726,0.0018122019030765227,1
203773,3834,80.93341309264076,-18.45722041189115,0,1,0.16072041689115468,0.0,1
203803,3835,84.23687995971018,-18.03997575265707,0,1,0.16073622075861554,0.0,1
203831,3836,76.53649998957854,-16.547386452468835,0,1,0.14129576156598328,0.0,1
203854,3837,74.63821257067698,-19.023549598479764,0,1,0.17190048196650257,0.0,1
203884,3838,94.30230661399996,-22.265080474190306,0,1,0.20106078789435727,0.0,1
203909,3839,83.68113535744214,-21.799112917809975,0,1,0.19830664148517874,0.0,1
203929,3840,51.47360996279602,-12.149962696221037,0,1,0.06422094250230644,0.0019768051981666084,1
203954,3841,66.81484317858158,-14.039211594909336,0,1,0.11443557251237889,0.0038099206018418785,1
203975,3842,52.166953669891846,-11.719927477183143,0,1,0.062362897908916456,0.006363629670762783,1
204002,3843,78.68338024693273,-16.793642814480183,0,1,0.16004403004191742,0.008401736043855926,1
204031,3844,78.14988720400964,-16.746055828882383,0,1,0.1412170570995216,0.00024850197247206006,1
204058,3845,112.10446576729154,-31.175449026572068,0,1,0.31292803439003025,0.0,1
204074,3846,43.542229156125444,-9.65171181359229,0,1,0.037677602387855516,0.010302222589551761,1
204104,3847,88.43469818893664,-21.079396119367214,0,1,0.17637514252933292,0.0,1
204123,3848,56.02713706261588,-14.985595906060372,0,1,0.10076691796951902,0.0,1
204151,3849,78.55269207065635,-17.35917707823724,0,1,0.1494283566047008,0.0,1
204182,3850,95.95287466385025,-22.03610744082321,0,1,0.20069604532324659,0.00038576197601282284,1
204211,3851,94.28312268999375,-23.56787643988409,0,1,0.20856937670131337,0.0,1
204231,3852,45.19326066271768,-10.033823803438134,0,1,0.023950218228445376,0.0,1
204255,3853,65.47222366549268,-14.72319559929501,0,1,0.11377507193340859,0.0,1
204276,3854,57.16743263212036,-14.288142956305924,0,1,0.08799337647329543,0.0,1
204299,3855,66.40745722792923,-16.8758704716035,0,1,0.1289720023089355,0.0,1
204324,3856,67.76756245411191,-14.1836061290657,0,1,0.12181927142753858,0.007098977279068611,1
204345,3857,57.68153913684664,-13.230696098676232,0,1,0.09658182692392592,0.008385176717094671,1
204366,3858,43.584316477651,-9.748963657008426,0,1,0.012572754745656325,0.0,1
204390,3859,68.67403930277848,-16.844340457093264,0,1,0.13010695201927677,0.00017555562270514633,1
204409,3860,67.39588239796643,-19.54097232938422,0,1,0.16846155681095595,0.0,1
204436,3861,86.35691907719843,-21.65399290080328,0,1,0.19326889222046373,5.8307644363073596e-05,1
204465,3862,81.60854134962912,-18.48272412463112,0,1,0.1558973341709271,0.0,1
204495,3863,103.7115007708278,-26.167967264909212,0,1,0.23950826729440433,0.0,1
204517,3864,65.52926449148558,-17.067720509384213,0,1,0.13025881979984802,0.0,1
204536,3865,48.8348455658102,-12.446370191563094,0,1,0.05345910918447887,0.0,1
204560,3866,73.97464686727088,-19.262916033755843,0,1,0.1586378988637618,0.0,1
204582,3867,57.878288779060426,-8.830462900936501,0,1,0.06911607731504028,0.010634404325816816,1
204608,3868,87.32665681599867,-23.02715358156695,0,1,0.20592435376719345,0.0006574296745151443,1
204627,3869,43.12720952898866,-8.986052777347252,0,1,0.012906573405268686,0.002112355407447424,1
204648,3870,58.198089932152264,-15.104343722353804,0,1,0.095330064997231,0.0,1
204671,3871,82.30771246004907,-23.333838020576145,0,1,0.21327349685414948,0.0,1
204695,3872,63.1815256538781,-14.859019791293633,0,1,0.10190971970714897,0.00024572441589766576,1
204714,3873,62.78481046001794,-18.1383012057268,0,1,0.14695912506193257,0.0030831879817172004,1
204747,3874,96.2449415101133,-21.240974501366722,0,1,0.18604965847702845,0.0,1
204766,3875,44.70962555458071,-10.318863254363233,0,1,0.020047673775608676,0.0028046138763590787,1
204792,3876,77.69855669538188,-18.12645560171668,0,1,0.15904068232888602,0.0,1
204814,3877,64.20347457221037,-17.198153769113794,0,1,0.1223530074726361,0.0,1
204840,3878,79.70958636368701,-19.226119081803944,0,1,0.16995884335577865,0.0008337907456547771,1
204877,3879,110.98823952622706,-23.98716659985839,0,1,0.2107243945522515,0.0,1
204894,3880,43.4791283788355,-10.492331764694473,0,1,0.02251562471551406,0.0,1
204926,3881,93.96341340590061,-22.265150110313545,0,1,0.18607539894000164,0.0,1
204945,3882,50.651036112024855,-12.626488332954661,0,1,0.058875777681071634,0.0005759870456727111,1
204969,3883,70.77549823765239,-17.853390314031856,0,1,0.14195471412417113,0.0,1
204995,3884,75.69309800978888,-18.806118337886865,0,1,0.15095984465393564,0.0,1
205024,3885,87.39931646247376,-20.119509588309366,0,1,0.1807230235167584,0.001693181503216034,1
205056,3886,88.98217041920303,-19.8757256370435,0,1,0.16601768023004165,0.0015841810044268465,1
205085,3887,85.20110677702037,-18.656899196452592,0,1,0.17157920905488575,0.002162018235845735,1
205113,3888,80.1218554740887,-19.189451352652213,0,1,0.15622078922003096,0.0,1
205142,3889,85.86752820976423,-20.1651019758987,0,1,0.17514209101029582,0.0,1
205173,3890,91.46021523641072,-21.731564647732654,0,1,0.18315011693178662,0.0,1
205200,3891,90.80050125180912,-23.137466262337526,0,1,0.21187479428251488,0.0,1
205230,3892,90.11065480440259,-20.79650069532753,0,1,0.1868829664076341,0.002332999389873807,1
205249,3893,46.17004031618908,-11.120767084288692,0,1,0.035969658228796685,0.0,1
205275,3894,70.26707971228325,-14.513527361604979,0,1,0.1291143800222536,0.00892843736481662,1
205302,3895,79.12154590980364,-17.926844714725657,0,1,0.1585634356559259,0.0,1
205324,3896,59.54746883215534,-12.78559427462637,0,1,0.10490473834190062,0.015696164736034086,1
205346,3897,51.4132718860608,-12.293837707714575,0,1,0.050622909764078614,0.0,1
205380,3898,99.27231278479698,-21.411162304459662,0,1,0.18978166075806546,0.0,1
205403,3899,66.49342317903972,-11.921570845902215,0,1,0.13421870578737344,0.017599200871230767,1
205430,3900,78.83482258597189,-18.528664189633385,0,1,0.15785240989208732,0.0020606218372603877,1
205460,3901,90.8533108036438,-21.27956489973311,0,1,0.1880326998149906,0.0,1
205483,3902,59.540987000497154,-11.146566433292476,0,1,0.09696245201959845,0.018392402314202593,1
205507,3903,87.07565933153887,-23.437949549812807,0,1,0.22941839138921002,0.0,1
205528,3904,58.413731115558804,-14.348727859454396,0,1,0.09756015896892348,0.0,1
205559,3905,95.63157088948455,-20.707874233043086,0,1,0.199794915883004,0.004526115471292028,1
205594,3906,101.06878790224462,-21.926789643972327,0,1,0.19136679166080922,0.0017798366968111486,1
205626,3907,93.01048940577164,-19.155587412175006,0,1,0.18367946813891445,0.0020340172278659517,1
205652,3908,71.31850641867703,-16.482407476736643,0,1,0.12999134414150865,0.0,1
205676,3909,66.53388028840311,-15.529206089982708,0,1,0.12257849350457063,0.0,1
205697,3910,60.66311512197339,-16.363241330011853,0,1,0.11184733832234892,0.0,1
205725,3911,76.97422395675551,-17.053523458363514,0,1,0.14229262220291156,0.0,1
205747,3912,79.92372853164674,-21.68233752187124,0,1,0.21342487981253958,0.0,1
205773,3913,87.64682003499901,-22.805645828620317,0,1,0.20776464777499543,0.0,1
205797,3914,65.33811598219185,-15.41517336859567,0,1,0.11445006522889785,0.0,1
205822,3915,66.5149699877133,-14.04448169371634,0,1,0.1138169677477518,0.0024773976500795615,1
205854,3916,97.67119990963414,-22.899542047714938,0,1,0.19939545850029772,0.0,1
205885,3917,95.02323286795558,-21.319960976049128,0,1,0.19850481508777934,0.0021792524635918273,1
205914,3918,80.88535205332782,-18.248495860375943,0,1,0.15376053687499344,0.0,1
205936,3919,53.63585420213585,-11.648798502824196,0,1,0.06606344763717537,0.0038374203528022915,1
205969,3920,93.6590761703493,-20.269800611651608,0,1,0.17674283401709392,0.0,1
205996,3921,69.2396153893377,-14.803648925914043,0,1,0.11645859973102274,0.0,1
206019,3922,60.00038692268026,-13.294112302110577,0,1,0.09311831646602915,0.0,1
206038,3923,42.214745131178475,-8.991742622069571,0,1,0.008677828487776991,0.0021789167067837517,1
206065,3924,73.27175438971976,-16.048539048384917,0,1,0.13190207876776464,0.0,1
206087,3925,57.211620455436474,-14.095803136127424,0,1,0.08141462608596398,0.0,1
206106,3926,58.690987813123606,-16.59160214609279,0,1,0.11981643987015794,0.0,1
206128,3927,65.79869158407269,-17.015528582590886,0,1,0.1335663608735336,0.0,1
206155,3928,82.0528301979175,-19.360373808933687,0,1,0.17178296348476466,0.0,1
206174,3929,48.16930642800086,-12.655680780211666,0,1,0.0516346920098272,0.0,1
206203,3930,77.52285825279799,-16.838556481533544,0,1,0.13868503044804575,0.0,1
206229,3931,69.59359594682901,-15.481572089175536,0,1,0.12195459123820339,0.0,1
206257,3932,89.96644269758306,-24.673870400157526,0,1,0.20092592209681787,0.0,1
206284,3933,73.06371522289444,-15.772542623723272,0,1,0.13140179526372855,0.0011956827695190325,1
206307,3934,62.13614108059648,-14.546338577261173,0,1,0.10643514886478758,0.003176783679197078,1
206337,3935,85.6655403650785,-19.484043053485088,0,1,0.16596267920676258,0.0,1
206365,3936,78.19417574740027,-18.208045927966502,0,1,0.1493919765100464,0.0,1
206388,3937,61.91477213406919,-14.541381076951168,0,1,0.10376911886197542,0.0,1
206409,3938,75.40699848385765,-21.38632737736807,0,1,0.2006231814169632,0.0,1
206434,3939,67.33221223515437,-16.263525266595668,0,1,0.12157760841629094,0.0,1
206461,3940,73.84503959607241,-16.741708605155452,0,1,0.13699766225284915,0.0,1
206489,3941,75.46569352841574,-16.837842886973917,0,1,0.13598308451461089,0.0,1
206514,3942,69.2367640913225,-15.525354377048215,0,1,0.129800144247541,0.005002469205760843,1
206537,3943,90.91942610113261,-27.52221601098371,0,1,0.2666275276731375,0.0,1
206564,3944,88.21004045358944,-22.071555083757126,0,1,0.20117838648782704,0.0,1
206582,3945,54.71957295568117,-9.315722460865715,0,1,0.11140649088210759,0.04284144199779391,1
206599,3946,41.10921216121369,-9.900972810695706,0,1,0.0034898730790629477,0.0,1
206619,3947,14.054092329798172,35.523194854558646,1,0,0.13907890473384743,0.0,2
206638,3948,49.57017762755304,-12.772419047911779,0,1,0.05442509317580283,0.0012184563130079064,1
206658,3949,53.34567408729737,-13.020054760009668,0,1,0.07385869408097896,0.0,1
206686,3950,79.77784957106239,-18.679903898735603,0,1,0.15518369513822483,0.0,1
206704,3951,42.80582215055484,-10.526008914842269,0,1,0.015576407829028853,0.0,1
206726,3952,68.47106773921564,-18.533940160399993,0,1,0.14997980244978393,0.0,1
206749,3953,59.169452897732505,-13.895083166680944,0,1,0.09065497026087538,0.00188886957797419,1
206781,3954,84.98278594735056,-18.583477969538855,0,1,0.15022335552329494,0.0,1
206808,3955,80.45564858923737,-15.607793794402133,0,1,0.17138525360431142,0.015887137583891483,1
206827,3956,42.15390260821472,-6.560530376438077,0,1,0.0,0.015007129070020898,1
206845,3957,46.92777099515651,-13.238255603069739,0,1,0.0456752368897926,0.0,1
206875,3958,79.9212179696633,-17.73611655523984,0,1,0.1442287015532296,0.0,1
206893,3959,44.35695794451287,-4.07063158544338,0,1,0.037878663964498314,0.043612714839577404,1
206913,3960,48.574253853321466,-10.707698923957935,0,1,0.04281157123358151,0.0009030443076795179,1
206936,3961,69.0898466779532,-16.748850900921717,0,1,0.14264571574376078,0.001082382533456073,1
206958,3962,56.20352935756719,-10.57716298616257,0,1,0.08621757261799114,0.017329275062010204,1
206981,3963,50.57242793297611,-7.3521189190076885,0,1,0.034890699168342844,0.0015774793584903907,1
207010,3964,77.53269319947808,-17.148804803850464,0,1,0.140358448120822,0.0,1
207042,3965,87.58191925175562,-18.762446203392933,0,1,0.15962924809228735,0.0,1
207073,3966,94.34448380194317,-20.89048220594571,0,1,0.19489743564150097,0.0,1
207096,3967,75.61495228999254,-19.741722389545842,0,1,0.17690467372054355,0.00029215303049396274,1
207115,3968,42.82857636092405,-9.663642734616854,0,1,0.009023466224703902,0.00010024210595459906,1
207140,3969,65.63417029665257,-13.947837875638648,0,1,0.109494263328734,0.0,1
207171,3970,89.09528556111573,-20.416486791468703,0,1,0.1747945602189265,0.0,1
207192,3971,61.449209175342816,-16.415771871125145,0,1,0.11818450832035221,0.0,1
207210,3972,51.80873452069094,-14.301940106591573,0,1,0.07988258287094704,0.0,1
207232,3973,64.01838447788293,-14.673393874056321,0,1,0.12473702960228282,0.006968061502696374,1
207250,3974,46.63272793217375,-7.4860521689676105,0,1,0.030397953642899087,0.012849571749581516,1
207269,3975,42.82561858712475,-10.460362128926048,0,1,0.012926765791668732,0.0,1
207292,3976,55.410928385984064,-12.25086312610592,0,1,0.0687484062700106,0.0,1
207315,3977,64.44547565451069,-15.906649834275397,0,1,0.11436294322568659,0.0,1
207333,3978,43.77854401157254,-9.980552058949323,0,1,0.01845737245025502,0.006540108551556809,1
207360,3979,77.43984834569947,-19.697644927734,0,1,0.15043157286677167,0.0,1
207377,3980,40.33087793670941,-9.583743250313084,0,1,0.0,0.003472488107072226,1
207405,3981,82.25448186953253,-19.208068378177078,0,1,0.16735115509610438,0.0,1
207427,3982,57.64209386384742,-13.478262678055895,0,1,0.08765327481283322,0.0033368844984798442,1
207448,3983,42.3292442877561,-8.981317126766974,0,1,0.0002583831779676215,0.0002309537085645182,1
207473,3984,65.1955561577985,-13.972205973006272,0,1,0.10952305370358699,0.0031805392699259544,1
207489,3985,50.400812465427805,-14.552968461351094,0,1,0.08264538911384116,0.0,1
207510,3986,69.63821946239794,-18.472609133175663,0,1,0.1650115062612365,0.0,1
207528,3987,43.408294507600715,-9.158061508753704,0,1,0.022916064609050872,0.017781258017174142,1
207552,3988,81.09763780753035,-21.78805224024136,0,1,0.19834866737445114,0.0,1
207576,3989,67.69776584954337,-16.636542771773698,0,1,0.12900824690315535,0.0,1
207601,3990,70.69042407246602,-17.580204013059177,0,1,0.1349971695569498,0.0,1
207631,3991,84.81856558226912,-18.146149610082702,0,1,0.16740235492102193,0.00448003740445663,1
207658,3992,71.40326863170166,-16.29575547095319,0,1,0.12497332121925,0.0,1
207675,3993,48.03391606028696,-12.074799748907198,0,1,0.0695238844943923,0.018033656121866387,1
207697,3994,62.66916735987425,-15.601245675218447,0,1,0.11539352303804885,0.0005357746824066889,1
207721,3995,64.91744590413089,-14.718258878714,0,1,0.11609155163058509,0.006462746426858655,1
207747,3996,70.29586447969433,-16.69837408129067,0,1,0.12561905782372096,0.0,1
207776,3997,80.02401340807117,-17.439836587435405,0,1,0.15082876426142844,0.0,1
207798,3998,56.09379537076567,-11.725014221583072,0,1,0.08289559752633582,0.008918500434144607,1
207830,3999,86.61801875181423,-19.435926234068667,0,1,0.1577375746943487,0.0,1
207847,4000,40.058481219423236,-11.029627978256217,0,1,0.003915596899818433,0.0021993765336477,1
207869,4001,61.84544043682236,-15.58318079023395,0,1,0.10863604126237304,0.0,1
207897,4002,74.70100689718282,-16.352566994413174,0,1,0.13356140285829501,0.0,1
207922,4003,69.18793952636177,-16.78310037829195,0,1,0.12796342784368567,0.0006824612052512022,1
207941,4004,47.08451128667518,-11.347429570497265,0,1,0.04087020240500084,0.0,1
207968,4005,73.9393429502356,-16.520631185879797,0,1,0.13775917109873909,0.004829387845220854,1
207992,4006,66.55983960641205,-13.383168454555248,0,1,0.1273488751002527,0.014730195075490152,1
208014,4007,53.81330189260767,-11.011431235634777,0,1,0.0653656814363829,0.004550995813977795,1
208035,4008,50.12498508388633,-8.900644674207173,0,1,0.05445593949488974,0.012145476490136668,1
208059,4009,59.192855719296624,-12.857749206998186,0,1,0.08296743994120565,0.0019213094722907462,1
208084,4010,59.18633576685373,-12.236237871341128,0,1,0.07828217225568274,0.0,1
208112,4011,86.72582200879637,-20.51143369851507,0,1,0.1878947401561222,0.003443848398346397,1
208132,4012,43.031184475050416,-6.945888422495077,0,1,0.012999107176251754,0.012032679067291675,1
208152,4013,44.58007304147726,-8.116602919862435,0,1,0.017375599758609007,0.007234232654882293,1
208182,4014,82.97280584250706,-17.810953408858364,0,1,0.15345342953127908,0.002395964477379471,1
208208,4015,57.55886814337296,-11.349102230835706,0,1,0.06786012271757234,0.0,1
208236,4016,86.34835209978314,-20.166001472169988,0,1,0.18439441469470005,0.0,1
208265,4017,81.93114098708062,-17.980961542634063,0,1,0.15824052627182134,0.0033064414975011182,1
208288,4018,58.33655405059178,-12.894539063783599,0,1,0.08662667919944099,0.004907866781777635,1
208310,4019,56.0584240367583,-13.75253804303459,0,1,0.07747995128102239,0.0,1
208331,4020,54.09399331533089,-13.137635930363844,0,1,0.07610035264875899,0.0020654776965971203,1
208361,4021,90.84100231036199,-21.263372345663115,0,1,0.18730232781934794,0.0013842995263242711,1
208379,4022,40.93811178593427,-10.000859231243052,0,1,0.0,0.0,1
208409,4023,83.01350236942014,-18.163820625889166,0,1,0.15856058228535577,0.0023966965983250777,1
208428,4024,50.02816239442066,-13.376446743544177,0,1,0.05666891456844979,0.0,1
208454,4025,73.26040846433467,-17.643986146967265,0,1,0.1400693161007121,0.0,1
208480,4026,74.49809494170648,-17.69849701808418,0,1,0.14813812915389812,0.0,1
208500,4027,49.8923545775577,-11.826847012096465,0,1,0.05073796620232268,0.0,1
208521,4028,55.83381734280935,-12.489518532724425,0,1,0.08179479942796662,0.0,1
208539,4029,41.76462788967222,-10.117679446763498,0,1,0.012307555178960157,0.0051630348902940194,1
208563,4030,63.55889187170641,-14.78055653535675,0,1,0.10634297791351964,5.655622533047475e-05,1
208589,4031,70.46093423824952,-16.01650989832406,0,1,0.12798265569959258,0.0,1
208611,4032,59.00978470995028,-14.939383523224066,0,1,0.09352561790101395,0.0,1
208629,4033,44.50099413048916,-9.83835278496925,0,1,0.028211456139637565,0.011617823633904317,1
208655,4034,76.79172688162066,-18.220574345095496,0,1,0.1550968671042781,0.0,1
208676,4035,59.556450887150454,-14.746603112480955,0,1,0.10477279291603965,0.0028166469204576015,1
208695,4036,43.04105041810398,-10.686302247892428,0,1,0.011207985855515572,0.0,1
208715,4037,45.505695700688754,-10.342656397069423,0,1,0.02558223797787021,0.0,1
208733,4038,57.45217624845101,-1.9125922444408054,0,1,0.15355945818354563,0.10583909892115256,1
208753,4039,43.59667687934579,-8.917048068586562,0,1,0.0064280303515773934,0.0,1
208775,4040,57.34367813559078,-13.846456690011555,0,1,0.0836689429646678,0.0,1
208795,4041,41.32696813770461,-8.936256923220236,0,1,0.0029405003917783545,0.0007062844510673423,1
208814,4042,41.78716113071469,-9.27734952094601,0,1,0.0007384438780504758,0.0013824189540096747,1
208836,4043,61.300046720239926,-15.607444916964125,0,1,0.10619614141531733,0.0,1
208861,4044,64.77176524764653,-14.325003327951839,0,1,0.10650187972976333,0.0,1
208879,4045,45.19385997236616,-9.467732861724965,0,1,0.033563601440332484,0.010311744256626735,1
208900,4046,50.58434703778103,-12.363487948244686,0,1,0.05343420231611796,0.0,1
208922,4047,56.89813022900002,-13.00834652178586,0,1,0.08035010037674234,0.0,1
208943,4048,52.01956995741476,-11.671905471959898,0,1,0.06273484050472307,0.009004152169144446,1
208970,4049,85.16460081560506,-20.653228406652076,0,1,0.18777509880070162,0.0,1
208991,4050,52.71057032764723,-12.658376783059612,0,1,0.06360493461982886,0.0,1
209014,4051,72.89365784910139,-19.466364788376875,0,1,0.16172984167121343,0.0,1
209040,4052,74.65263126580746,-18.013241728977807,0,1,0.14517114540222303,0.0,1
209061,4053,46.254501561196925,-9.233725743777901,0,1,0.016881333307169948,3.5020457852505346e-05,1
209082,4054,43.68218590527762,-7.038641073277571,0,1,0.01059123543010113,0.007438118527907154,1
209101,4055,46.02423126066233,-3.3499392561012407,0,1,0.050467541686651275,0.05445660128882992,1
209123,4056,57.5410649609796,-13.549674278386522,0,1,0.0883340470991671,0.005434945681869933,1
209153,4057,89.7934252478843,-20.54901060587916,0,1,0.18402743846537822,0.0013442223188171335,1
209172,4058,43.21104647427829,-9.239914947975922,0,1,0.006719619618918847,0.0,1
209196,4059,77.22124128859687,-20.81537464958983,0,1,0.1771688031989953,0.0,1
209227,4060,88.70698415996321,-19.222762271686797,0,1,0.17547803129187517,0.002565665595079305,1
209254,4061,75.77437218529198,-17.755884381487313,0,1,0.14297668049444395,0.00012170044886325303,1
209279,4062,66.27476857904477,-14.430864250063337,0,1,0.11248589464279035,0.0,1
209299,4063,48.15614396580767,-11.980658854967691,0,1,0.04438923087006556,0.0,1
209328,4064,87.21220264317904,-19.946336591405178,0,1,0.1783631189497176,0.0,1
209355,4065,77.34433422879187,-17.768620412145033,0,1,0.1505071686018655,0.0,1
209378,4066,62.439522145067656,-15.134002700207061,0,1,0.10621524891460245,0.0,1
209408,4067,80.47681015682706,-16.770288012270104,0,1,0.14615560197831587,0.0,1
209428,4068,53.696302022851114,-12.242208452085695,0,1,0.07793228923332027,0.0071712612085665425,1
209453,4069,71.10490241385062,-17.14766122490084,0,1,0.1371706930687095,0.0,1
209481,4070,82.13941966621724,-19.575258778777915,0,1,0.1663595813897428,0.0,1
209504,4071,67.50243285942787,-15.991236078507393,0,1,0.13203961569938305,2.809997363961716e-05,1
209531,4072,73.41868786176539,-16.901485377831513,0,1,0.1325549814126726,0.0,1
209552,4073,52.52869508987415,-12.153813723574538,0,1,0.06327573502352724,0.0,1
209571,4074,43.342147763221654,-9.52842808788826,0,1,0.00900247248852596,0.0,1
209592,4075,69.496480680505,-17.552993726987957,0,1,0.16546550782445923,0.004754693867289747,1
209613,4076,68.2717190355024,-18.605484165371124,0,1,0.16110155343894467,0.0,1
209639,4077,74.4466381326641,-17.697381626422356,0,1,0.14532510899676826,0.0,1
209666,4078,75.35561150269358,-17.986658496565482,0,1,0.14221664942969595,0.0,1
209695,4079,79.8140497770197,-18.562086916171108,0,1,0.14916554635870233,0.0,1
209719,4080,66.88964013594412,-16.212129014394183,0,1,0.12396632441158739,0.0,1
209746,4081,87.5634538112227,-22.23101892805352,0,1,0.20180922920366168,0.0028064296954291466,1
209776,4082,85.82687799815243,-19.981902956071426,0,1,0.1665581125838771,0.0,1
209806,4083,88.90837278408644,-20.06971665336231,0,1,0.1796503952017779,0.0005409547694384013,1
209830,4084,69.12303402484216,-16.820008217138433,0,1,0.13490239324670153,0.0,1
209857,4085,74.46440125225118,-17.09462692095444,0,1,0.13918515257204359,0.0012343521996562993,1
209886,4086,82.86944659820965,-19.75382200129061,0,1,0.16500245697715793,0.0,1
209917,4087,91.42125267492355,-19.385238799884583,0,1,0.18330879577264297,0.0020053568454468135,1
209946,4088,82.22030884343822,-18.30192053750597,0,1,0.1582216171785288,0.0,1
209977,4089,90.0772318456543,-20.367386569948128,0,1,0.1769419662182938,0.0,1
210006,4090,82.14765023268154,-18.563564593518798,0,1,0.15969563074435728,0.0,1
210031,4091,67.44264652700618,-13.645098965336123,0,1,0.12237089790744332,0.01289703053908278,1
210050,4092,53.289810834816855,-14.333780704830195,0,1,0.07961073382613906,0.0,1
210083,4093,95.71424153435171,-21.387116251654056,0,1,0.18477331015370213,0.0,1
210113,4094,94.79922025981071,-22.943379029746964,0,1,0.20419616633217486,0.0,1
210142,4095,83.41439229247452,-18.953650479327546,0,1,0.16484845585373908,0.0,1
210162,4096,59.83908825319128,-15.412653074564274,0,1,0.11542353493658457,0.0,1
210182,4097,50.402009034121214,-11.532314253905628,0,1,0.060407004867066884,0.0,1
210213,4098,86.86822543854979,-19.086391725515508,0,1,0.16508752088001152,0.0,1
210241,4099,73.44850076956894,-16.108619761911022,0,1,0.12679192788291863,0.0,1
210269,4100,86.28900428748884,-20.8024991197536,0,1,0.18589729702905958,0.0,1
210299,4101,83.98886315149315,-19.628811630419275,0,1,0.16022178013966848,0.0,1
210329,4102,82.89159354652946,-18.183834563331555,0,1,0.15417396511936357,0.0,1
210356,4103,72.74559442830298,-15.912035824055451,0,1,0.12979718377167918,0.0,1
210390,4104,26.920369300767206,167.4084404068114,0,1,0.1922113706325881,0.7110093788705528,1
210413,4105,58.34963375313994,-13.587309931587765,0,1,0.08414233387681473,0.0,1
210444,4106,87.87907714496826,-19.701858260873188,0,1,0.17022400286789185,0.0,1
210471,4107,79.1422842334573,-18.005681025856035,0,1,0.15895028094829589,0.0,1
210497,4108,76.06367495366186,-19.053597763398702,0,1,0.1557765112927976,0.0,1
210527,4109,93.28115502179533,-22.34110004901988,0,1,0.19812778405033474,0.0,1
210548,4110,59.29331729835785,-15.47093678041939,0,1,0.10395967205278987,0.0,1
210573,4111,65.46607979420315,-16.163005069967596,0,1,0.10764748437012062,0.0,1
210595,4112,60.03236279500574,-15.363534726373722,0,1,0.09827635877513603,0.0,1
210614,4113,44.22930585830117,-11.39002382030712,0,1,0.02300388560805865,0.0,1
210642,4114,77.83207862062102,-18.23483403310853,0,1,0.1470382435022255,0.0,1
210672,4115,87.30759649714992,-20.03868075674716,0,1,0.1731909896130875,0.0,1
210699,4116,75.34740921518227,-18.06921481614281,0,1,0.1411248043528895,0.0,1
210729,4117,87.4961635149013,-18.887880743779753,0,1,0.17269967461475136,0.0,1
210754,4118,71.13133462783821,-16.994597002714237,0,1,0.137305448964815,0.0,1
210780,4119,82.21157557022391,-21.96317533288084,0,1,0.18229660109939294,0.0,1
210804,4120,73.75270192548125,-18.2731170351226,0,1,0.15829285621119737,0.0,1
210831,4121,81.62634710991253,-19.106592534147236,0,1,0.17047001324676805,0.0,1
210856,4122,70.29083025625977,-16.808952136232055,0,1,0.13375797109380852,0.0,1
210887,4123,93.91544316700623,-21.905899088898796,0,1,0.19182058736145505,0.0,1
210911,4124,85.98612310797773,-22.329034327843612,0,1,0.2214940738285095,0.0,1
210943,4125,91.02872496654871,-20.33325170473883,0,1,0.17493736244614214,0.0,1
210968,4126,67.34120171954368,-15.475974193713768,0,1,0.11786770420165839,0.0,1
210992,4127,78.4426644477414,-19.81757593843034,0,1,0.18098445378944605,0.0,1
211023,4128,114.86564269777867,-30.115237834472257,0,1,0.27721248734196124,0.0,1
211041,4129,54.347127372519836,-15.896743881530329,0,1,0.10208524783151297,0.0,1
211070,4130,85.31819289204427,-18.658825895682213,0,1,0.17291556147880358,0.0,1
211100,4131,97.67596148833464,-23.804754268114714,0,1,0.21577153554341802,0.0,1
211127,4132,71.66852826049634,-16.044291647605874,0,1,0.12790534455722735,0.00033646810943481454,1
211150,4133,63.35902333170726,-15.031932342831702,0,1,0.11026776927919416,0.0,1
211180,4134,123.52357291881681,-33.23293793247528,0,1,0.32682166914711946,0.0,1
211203,4135,60.26373879024848,-13.431509684619243,0,1,0.09307636286541292,0.0,1
211229,4136,78.489818794862,-18.00149103494318,0,1,0.16702586452248525,0.0,1
211257,4137,86.76132712407356,-20.363903152505397,0,1,0.18756271742687672,0.000652186331160077,1
211280,4138,58.23164959314258,-13.189414259612654,0,1,0.08162235747728355,0.0,1
211300,4139,48.09617870966855,-11.07211919969975,0,1,0.04219449678592246,0.0,1
211326,4140,71.6439945751431,-16.535435298453823,0,1,0.13095060003451867,0.00037808779103712186,1
211349,4141,69.27943671126772,-18.335881206500375,0,1,0.1427711259156834,0.0,1
211370,4142,47.62520544126998,-10.812954699417055,0,1,0.034451310005833055,0.0,1
211397,4143,73.12272728043109,-16.569019587065256,0,1,0.13074301743399572,0.0,1
211416,4144,45.0449021221461,-11.977550956940885,0,1,0.027835302835722595,0.0,1
211439,4145,72.57340194439331,-18.551295109356325,0,1,0.15986425888733255,0.0,1
211468,4146,76.20340902798154,-15.512042217633125,0,1,0.1327401138085986,0.0031283795882096526,1
211493,4147,77.29455181930874,-18.468987409021672,0,1,0.16670204619964873,0.0010871257898678957,1
211515,4148,69.06467929515591,-17.42718114405295,0,1,0.1493899081656003,0.001199781657077137,1
211541,4149,72.03767551267552,-16.15239251642128,0,1,0.1343384567874871,0.0020982609492922145,1
211570,4150,86.46392646460234,-20.55149982405228,0,1,0.17778223158921763,0.0,1
211594,4151,66.92157334166652,-16.771292206623272,0,1,0.12332105427565186,0.0,1
211619,4152,65.87218678983737,-14.88695936096926,0,1,0.11191805127396968,0.0,1
211646,4153,76.41429071436875,-16.56703451926681,0,1,0.1466018993321817,0.0,1
211675,4154,83.79525079183321,-19.301931800927857,0,1,0.16586997301347617,0.0,1
211698,4155,62.12873619626913,-14.811037514354911,0,1,0.10692793486266364,0.0,1
211729,4156,91.76989780028215,-21.148635976146807,0,1,0.1845303262924018,0.0,1
211757,4157,84.53732092041275,-20.23919057094705,0,1,0.17688003255292323,0.0,1
211784,4158,79.86822683260453,-18.7223512311661,0,1,0.16229602444496935,0.0,1
211808,4159,75.36968005820287,-20.20373141125804,0,1,0.1685228023397413,0.0,1
211833,4160,89.86847714141925,-25.345667106664404,0,1,0.2312648674602734,0.0,1
211858,4161,68.12172038396454,-15.80751371713653,0,1,0.1235287904402097,0.0002717937553617681,1
211879,4162,59.4211071336493,-15.689110959412652,0,1,0.1032460689281957,0.0,1
211902,4163,84.00338379032598,-23.19474678107966,0,1,0.2285533094257449,0.0,1
211932,4164,82.44784898902756,-18.431646285869373,0,1,0.15268959100117294,0.0,1
211957,4165,89.97735783035445,-24.35299665583841,0,1,0.23141708614124584,0.0,1
211980,4166,68.79881853801265,-16.75164310984714,0,1,0.1410699495719974,0.0,1
212006,4167,76.07377121244517,-18.038539745409793,0,1,0.15358877710135174,0.0,1
212033,4168,84.14146921288034,-20.88527802196352,0,1,0.18299430158395463,0.0,1
212061,4169,74.37387207726643,-17.351769756183305,0,1,0.13310637663811642,0.0,1
212088,4170,80.75485477186838,-18.43571963947973,0,1,0.1685318037155474,0.002406943130296558,1
212114,4171,74.18944319921312,-17.41980884969774,0,1,0.14490279572211345,0.0,1
212140,4172,78.86466006500446,-19.322243505926956,0,1,0.1661998672574734,0.0,1
212160,4173,47.39004766529197,-10.615240866928243,0,1,0.038531926775096224,0.0,1
212184,4174,67.05407643542432,-14.6053520214669,0,1,0.12525177440239318,0.007395109111239635,1
212203,4175,58.784207484220964,-16.578891380011807,0,1,0.11964904797973902,0.0,1
212221,4176,43.97474595087591,-8.848621597918502,0,1,0.030350172630014747,0.010079976380226527,1
212247,4177,71.81346053332943,-16.86349914878299,0,1,0.13389078039112906,0.000824992158609538,1
212269,4178,67.52749716960608,-18.154379993315125,0,1,0.1420176453946866,0.0,1
212294,4179,71.0711067919274,-16.773114219580705,0,1,0.13527536330937648,0.0,1
212316,4180,59.44329668693987,-14.412096371642058,0,1,0.09485883158664818,0.0,1
212338,4181,71.21350961167228,-19.774537064582216,0,1,0.16316722535978398,0.0,1
212363,4182,70.86071157817454,-16.73860318044636,0,1,0.13478525468134606,0.0,1
212394,4183,80.85141920927992,-16.80980410029656,0,1,0.14101313841393348,0.0,1
212420,4184,78.33771559978902,-19.13032998365835,0,1,0.1652691946426888,0.0,1
212441,4185,58.386096279222656,-14.826212544276087,0,1,0.09558436922757153,0.0,1
212459,4186,44.26967373696745,-9.797574428253881,0,1,0.02886863108107196,0.0038095016668616847,1
212480,4187,57.59810228656973,-13.986968394236829,0,1,0.09245315895993095,0.0010782406679834158,1
212500,4188,49.35670470694431,-12.130231583265337,0,1,0.049856780732905115,0.0,1
212527,4189,79.95497433741966,-18.621231915294253,0,1,0.1633738276049384,0.0,1
212551,4190,63.52097049536474,-14.799839210849903,0,1,0.10562450298647648,0.0,1
212566,4191,47.67718990706112,-14.132107552096782,0,1,0.07875622943551258,0.013146968907589903,1
212589,4192,60.347283520327224,-13.764549393530864,0,1,0.09415367172849513,0.0,1
212615,4193,73.07788149378646,-17.906423513455927,0,1,0.13883386927483776,0.0,1
212640,4194,74.52428129479185,-18.081029031368487,0,1,0.1535157226132994,0.0,1
212665,4195,89.22676620822082,-23.649245533990847,0,1,0.22675256905876717,0.0007332163602435743,1
212687,4196,70.25768595905033,-18.592251047916097,0,1,0.1570110709426039,0.0020853739780758423,1
212712,4197,66.98262774629262,-14.749581625121087,0,1,0.11488995955544555,0.0068244113907813195,1
212731,4198,45.073495929934055,-12.104002468833052,0,1,0.030222680401211035,0.0012479246347271045,1
212755,4199,63.699470462107136,-15.278432726542121,0,1,0.10487823358021414,0.0,1
212784,4200,80.93226856250467,-18.49994175636197,0,1,0.1534867752576339,0.0,1
212804,4201,52.10221775754982,-13.209875815619952,0,1,0.07057528086468143,0.0,1
212828,4202,71.17896766262359,-16.6502305336671,0,1,0.14579927421905123,0.00604284252188064,1
212855,4203,76.5962953433268,-17.056297672250043,0,1,0.1487332979220668,0.0,1
212883,4204,83.46904152758455,-19.766912519266672,0,1,0.17416140905436367,0.0,1
212914,4205,90.74827098507211,-20.90091457639704,0,1,0.1823055627590681,0.0,1
212939,4206,62.83573716206898,-13.919020545899414,0,1,0.09517015246599982,0.0,1
212966,4207,72.72282283530184,-15.892898845637408,0,1,0.13033764353112828,0.0,1
212988,4208,67.45852032510328,-17.77955223347682,0,1,0.14343723960445867,0.0,1
213016,4209,75.51922977382567,-17.7634963213763,0,1,0.13721746059567957,0.0,1
213039,4210,69.33768738948443,-15.496399655010563,0,1,0.13964742321211956,0.0049216090154558315,1
213086,4211,115.3285511871684,9.379717851001512,1,0,0.304826095544706,0.0010307299426405825,2
213113,4212,77.15919997532261,-18.149023361781957,0,1,0.14940287843313774,0.0,1
213131,4213,15.139378998640431,30.832899894536677,1,0,0.17621748548171745,0.0,2
213161,4214,87.59039647439175,-20.13119608252623,0,1,0.1729343751211368,0.0,1
213185,4215,75.16576038765153,-18.63776361196256,0,1,0.16883215864278897,0.005796427179674233,1
213216,4216,121.52853388854453,-31.94203902688789,0,1,0.30371294790218634,0.0,1
213243,4217,61.31604614078769,-3.780346951290282,0,1,0.08796156735070676,0.03581787524646451,1
213267,4218,74.12346565422936,-16.165091639796998,0,1,0.16109576390779234,0.0,1
213292,4219,66.61179222210467,-15.423942761524795,0,1,0.11225580608269502,0.0,1
213313,4220,53.349110752659996,-11.786221062263476,0,1,0.07170108327191126,0.0038827617817243027,1
213337,4221,67.95994111895087,-16.5732130251589,0,1,0.1303687513170579,0.0,1
213366,4222,78.1062210298301,-17.671941864485547,0,1,0.14350405041485167,0.0017925135480723199,1
213390,4223,65.12452223722774,-15.190836008998726,0,1,0.11374275509759547,0.0,1
213411,4224,86.79386247635799,-26.126263294339196,0,1,0.2694502610008385,0.0,1
213436,4225,67.6835504885492,-16.62547434800127,0,1,0.11949511222474447,0.0,1
213463,4226,81.95813647975581,-20.200964965088442,0,1,0.17382047910694573,0.0,1
213488,4227,24.780976463585382,38.6306586367933,1,0,0.16250495948803276,0.03131773690903863,2
213517,4228,86.97778478328965,-20.39120692646347,0,1,0.18244719139520313,0.00015603232015978037,1
213551,4229,99.61407345672649,-21.6241328812142,0,1,0.19160632784113332,0.0,1
213579,4230,86.24751677262262,-21.630285636670465,0,1,0.18246680674228827,0.0,1
213611,4231,99.14655012751577,-23.055869925877662,0,1,0.20436505783024758,0.0,1
213637,4232,77.07549660693685,-18.38483798338194,0,1,0.15802178111639126,0.0,1
213665,4233,84.84201063276521,-20.227062319844507,0,1,0.17755862642211337,0.0,1
213698,4234,96.441056050135,-22.009997249741296,0,1,0.18745776875307904,0.0,1
213722,4235,66.02211244422182,-15.82969510984587,0,1,0.11741735834724025,0.0,1
213751,4236,87.70308570590943,-20.711034847355506,0,1,0.1820726699453811,0.0,1
213781,4237,86.1248770042036,-19.6137080183357,0,1,0.17053386661035203,0.0,1
213806,4238,76.32131580999268,-19.117860662050344,0,1,0.16250334323141932,0.0017264781611124739,1
213837,4239,93.49049849158229,-21.5001248458273,0,1,0.19011437852072702,0.0,1
213859,4240,56.77449794587605,-12.975988399334003,0,1,0.07934987490511715,0.0,1
213883,4241,10.63878083144618,38.938231414498496,1,0,0.09413005113742189,0.00887319833943868,2
213914,4242,110.05255447141558,-27.90267608266712,0,1,0.2595046583826189,0.0009241618458987584,1
213938,4243,74.30088073919103,-18.735658341351385,0,1,0.164901535341086,0.00274514719069251,1
213965,4244,98.55413345650166,-25.927465734152072,0,1,0.2531645245435743,0.0,1
213998,4245,67.81502146873521,-3.204237579209906,0,1,0.06728806657125802,0.01123586922229476,1
214017,4246,47.65586054824891,-12.52561823066595,0,1,0.041079033703343065,0.0005265758265540224,1
214043,4247,82.07234298678733,-19.88214284045899,0,1,0.1838368770443364,0.004601469194732763,1
214064,4248,77.99447036851049,-22.38209481252656,0,1,0.21539662461185222,0.0005952937062761234,1
214096,4249,107.36910268983254,-25.865985605600503,0,1,0.2376702642062758,0.0,1
214116,4250,47.61663895096578,-10.73174340586208,0,1,0.03918532944654623,0.0,1
214146,4251,92.69773157015774,-22.10288848398684,0,1,0.19506252803179386,0.0,1
214171,4252,75.40106653189963,-18.135185830604893,0,1,0.15943997498533646,0.003367254943970793,1
214193,4253,56.55769092340873,-9.043771007660263,0,1,0.08514585813703023,0.021499745135864154,1
214213,4254,49.92720880308405,-12.331094905689987,0,1,0.05088780348324391,0.0015638453877844728,1
214232,4255,4.557495664467613,36.22562976319911,1,0,0.08276795826006005,0.0,2
214252,4256,55.125844222081156,-14.434683966087057,0,1,0.08796654231041783,0.0034090521424422295,1
214282,4257,87.52428082410037,-20.13035699502424,0,1,0.17397341634652766,0.0,1
214315,4258,101.24866023868664,-23.899549005756278,0,1,0.20538561513396872,0.0,1
214346,4259,98.94922677663305,-23.523099997590666,0,1,0.21233459096201282,0.0004257430323558679,1
214369,4260,61.46548679945817,-14.402491361221568,0,1,0.0990521478653911,0.0,1
214390,4261,56.72419974849572,-14.553911467329307,0,1,0.08874201417709549,0.0,1
214414,4262,72.91515517270881,-18.972129626160385,0,1,0.1566177615985885,0.0,1
214437,4263,61.83622607481348,-15.06802843527776,0,1,0.10387470338715554,2.1200518679707343e-06,1
214459,4264,58.908638596746655,-14.246450838219106,0,1,0.09611097165332817,0.0020121337423944343,1
214478,4265,5.7007659541271885,36.2044638252908,1,0,0.0981904027771646,0.005746702137707854,2
214506,4266,85.94351209168659,-20.732860849486705,0,1,0.18268629081960558,0.0,1
214522,4267,48.218211666059474,-13.39877487928134,0,1,0.06557392947371599,0.006647684826261999,1
214544,4268,57.51099221726701,-13.419045320889055,0,1,0.08429971541984622,0.00013597232605711159,1
214574,4269,88.96544368048669,-20.222417168086757,0,1,0.18053971729205057,0.0,1
214609,4270,115.8484320303665,-27.985047919008867,0,1,0.2446391579447568,0.0,1
214629,4271,55.31840819643517,-14.213718473830356,0,1,0.09148928649290378,0.0,1
214654,4272,68.50469412329855,-16.422205314608362,0,1,0.1251501132327388,0.0,1
214676,4273,85.11777733139283,-24.131752298700082,0,1,0.24384258832804334,0.0014445353725044833,1
214700,4274,87.89851966516264,-23.96885857778258,0,1,0.23396678412579017,0.0,1
214720,4275,62.407387676169854,-17.70375329570124,0,1,0.13451928994459286,0.0,1
214743,4276,62.26393629267136,-13.86251132093922,0,1,0.10481523426930059,0.0,1
214763,4277,68.47155060547519,-19.259400540645988,0,1,0.1706730115904946,0.0,1
214785,4278,57.06403910681834,-13.715800062333855,0,1,0.08840508577824643,0.0,1
214810,4279,71.45258448807914,-17.511304877687156,0,1,0.14062540856122724,0.0,1
214831,4280,57.9065363427606,-13.63881861147499,0,1,0.09554704553607744,0.0009503805057349483,1
214852,4281,56.12267805827497,-14.237364159460224,0,1,0.0862141112131521,0.0,1
214873,4282,59.54337643194393,-15.119943465239219,0,1,0.10609029932886672,0.0,1
214894,4283,55.9194284245299,-13.857026818615083,0,1,0.08370812162050133,0.0005695769869756333,1
214912,4284,46.21123875211994,-12.090276778114255,0,1,0.04476131352872129,0.0,1
214931,4285,61.75811067011723,-18.109258976473885,0,1,0.14141684898905152,0.0,1
214953,4286,55.91793282866824,-13.288390859882934,0,1,0.07915739239912899,0.0,1
214975,4287,58.63841641578992,-13.951427529169017,0,1,0.09172542851457642,0.0,1
215000,4288,98.33189288058111,-26.647734834833578,0,1,0.2765081665011493,0.0021531295683440573,1
215024,4289,68.14395230107729,-16.93659870359827,0,1,0.1297703399257977,0.0,1
215048,4290,60.547236089135815,-13.754218803521677,0,1,0.09355210377854611,0.0014726924615447265,1
215069,4291,44.21009121189469,-9.586280305721987,0,1,0.015345602579716601,0.0,1
215101,4292,91.90029292166706,-19.94804054295726,0,1,0.17918369841392143,0.004406348247697511,1
215122,4293,58.91667630136244,-14.716609161350313,0,1,0.1034543449001088,0.0,1
215145,4294,60.96553240392667,-14.450750357385528,0,1,0.0961629831585538,0.0,1
215171,4295,69.24104785317118,-15.401348692339564,0,1,0.12001915866939876,0.0,1
215194,4296,60.493719697127034,-14.451517478996749,0,1,0.0969944411528442,0.0,1
215222,4297,85.99754099199255,-20.83984776199997,0,1,0.18491336108300047,0.0,1
215241,4298,50.02995189042211,-13.430550568400296,0,1,0.06207219193885041,0.0,1
215267,4299,81.97071676712909,-20.666851556130794,0,1,0.18195330691116313,0.0,1
215286,4300,48.57944528783355,-12.878091898267787,0,1,0.05053648181854298,0.0,1
215312,4301,77.87540866651696,-19.553875438493485,0,1,0.16427547519477795,0.0,1
215346,4302,110.3592862006864,-26.929052993107852,0,1,0.23168775841667438,0.0,1
215372,4303,84.88176045169294,-22.01735465442119,0,1,0.19620942167651598,0.0,1
215399,4304,91.06009637058574,-22.875430910785017,0,1,0.2165069485079243,0.0,1
215429,4305,91.21665034016821,-21.725253780020516,0,1,0.19099928429227805,0.0,1
215452,4306,72.85541389342289,-18.960277976776457,0,1,0.16277507492787874,0.0,1
215481,4307,99.66801684184789,-24.897470864287317,0,1,0.23426572659082506,0.0,1
215513,4308,101.4297328338622,-23.84035554483188,0,1,0.21654964263253593,0.0031848016429139037,1
215544,4309,101.99706323177784,-25.15081238705175,0,1,0.22523751081328233,0.0,1
215567,4310,68.09916367571516,-17.142291061190296,0,1,0.13661534567967842,0.0,1
215591,4311,88.90612884921347,-24.05924535776737,0,1,0.23860852884644282,0.0,1
215620,4312,105.1821313498015,-27.026127791141263,0,1,0.2571502635327531,0.0,1
215654,4313,99.79968729079526,-22.597053118833546,0,1,0.19460442531704086,0.0,1
215681,4314,83.79898588606498,-20.881202317343934,0,1,0.1836213946234279,0.0,1
215707,4315,86.19726141332968,-22.228589897266428,0,1,0.20216326120003564,0.0,1
215725,4316,44.09508048588191,-10.305457246104892,0,1,0.019938146415792543,0.0,1
215755,4317,86.61759357623177,-19.58964639082147,0,1,0.17102437057608472,0.0,1
215785,4318,110.70940966279701,-27.895990163811057,0,1,0.2720740381838898,0.0,1
215807,4319,56.88848282218862,-13.258742879199987,0,1,0.0798996826111607,0.0,1
215827,4320,54.070037249201945,-14.600999973172156,0,1,0.08032123375443741,0.0,1
215850,4321,68.96410881505079,-17.203923395775913,0,1,0.14347605028091912,0.0,1
215877,4322,79.05081843391636,-18.384831260046273,0,1,0.15864080381729512,0.0,1
215905,4323,85.62345190140616,-20.238525534988884,0,1,0.1844537811203161,0.0,1
215928,4324,62.851482097787205,-15.01752641746269,0,1,0.10649422891545558,0.0,1
215951,4325,68.47894418834171,-16.011935186575727,0,1,0.14122491749667965,0.0059374383835381905,1
215978,4326,82.34998564153406,-19.797730794258918,0,1,0.17750558314800335,0.0,1
216002,4327,71.35776405085511,-18.90478344243247,0,1,0.14699375132637085,0.0,1
216032,4328,89.24542872107413,-20.04901430320772,0,1,0.182391183577139,0.0,1
216060,4329,91.36423818651986,-23.246602079353067,0,1,0.2076361413325151,0.0,1
216084,4330,70.27596278747637,-17.872758056790165,0,1,0.14246773163842727,0.0,1
216114,4331,89.10205502972065,-20.311797684313657,0,1,0.18027598539084763,0.0,1
216141,4332,77.56965284498301,-19.05498037385157,0,1,0.15315249362975242,0.0,1
216164,4333,68.36783621978753,-17.41958577479895,0,1,0.13955058942545978,0.0,1
216189,4334,75.93951378986971,-19.399766439176197,0,1,0.16177244574436334,0.0,1
216209,4335,61.109248509064784,-16.988411395954373,0,1,0.12302742677579401,0.0,1
216239,4336,95.02457307280925,-23.774816579129478,0,1,0.20727542488858516,0.0,1
216270,4337,97.16028665487462,-22.581480375644063,0,1,0.20622004445979364,0.0027864282603170653,1
216295,4338,82.61724947169772,-21.662853713678988,0,1,0.19539759210793925,0.0,1
216320,4339,63.956983871884425,-14.276245184161775,0,1,0.10402995807503328,0.0,1
216347,4340,75.12901497942022,-17.947016200639965,0,1,0.14249580675734427,0.0,1
216377,4341,93.76968115370428,-22.023906187380295,0,1,0.2013739774238622,0.0,1
216407,4342,93.4061252972468,-22.33029166386672,0,1,0.20031095335339238,0.0,1
216443,4343,111.63274956802951,-25.026715672320325,0,1,0.22229902206127644,0.002147341048665386,1
216467,4344,60.69081985061734,-14.100014925642444,0,1,0.0922322399256633,0.0,1
216496,4345,87.95677916173037,-19.43515149904618,0,1,0.18565530894284885,0.004612342056399139,1
216525,4346,82.00257779318193,-18.926914286955245,0,1,0.16004227240026908,0.0,1
216545,4347,63.045983459098785,-16.427432699728644,0,1,0.14064702972218113,0.007012191546239126,1
216567,4348,65.17550052483043,-16.589969335347867,0,1,0.13222385277327894,0.0,1
216589,4349,60.181446142557476,-15.319044290851114,0,1,0.10108043311290561,0.0,1
216619,4350,103.48346727382253,-25.89045367719262,0,1,0.2413259149079085,0.0,1
216646,4351,83.62603176789132,-20.28681321257353,0,1,0.18478497614797612,0.0,1
216671,4352,69.39659051924468,-16.55079812524435,0,1,0.12982746260335976,0.0,1
216699,4353,81.65325581148818,-18.52874852666686,0,1,0.1635423014382284,0.0,1
216734,4354,117.69193742660102,-28.45182731109411,0,1,0.24934882752477344,0.0,1
216756,4355,67.82493840179967,-17.317589137277327,0,1,0.14466567948024586,0.0,1
216786,4356,86.66403439090512,-20.278467602850473,0,1,0.17071346380622235,0.0,1
216813,4357,72.51295676549809,-15.273811709939292,0,1,0.12948717563267434,0.0,1
216837,4358,96.8925194727596,-27.73790607898174,0,1,0.28015437034939283,0.0,1
216857,4359,64.56211692455733,-18.21203037107184,0,1,0.14743746642009092,0.0007598030915630958,1
216886,4360,98.66343237656795,-25.37696473111844,0,1,0.23003922754761785,0.0,1
216915,4361,76.51343916103426,-16.11196946070932,0,1,0.13358400726498168,0.0015064198961785454,1
216946,4362,108.26572121090348,-27.155706019044075,0,1,0.25171270161196757,0.002180377169285403,1
216976,4363,109.2736450943745,-29.355613254567352,0,1,0.2661502307333509,0.0,1
217000,4364,83.58255121852517,-21.91319109752805,0,1,0.20975092443964724,0.001742415720525559,1
217019,4365,77.24272422949451,-23.029753325658177,0,1,0.24196862669371533,0.0,1
217039,4366,72.28118141982121,-20.684550956592503,0,1,0.19680927072756801,0.0,1
217063,4367,70.32177030709525,-16.824777683450186,0,1,0.1424725746100983,0.0037491953927169842,1
217086,4368,82.80335583589292,-22.542122136579057,0,1,0.21691347324884386,0.0,1
217115,4369,85.5953746093647,-18.481144947066515,0,1,0.17116755230610323,0.000705175985228284,1
217147,4370,93.82509045104156,-21.025511176928113,0,1,0.18492279540439738,0.0,1
217178,4371,96.5813399638327,-22.317590151881546,0,1,0.20429999792128567,0.0,1
217197,4372,83.75039518998472,-25.383739592611768,0,1,0.28283059633363944,0.0,1
217224,4373,76.42311293708605,-18.602863826131742,0,1,0.1472035967775622,0.0,1
217247,4374,59.60190459018562,-13.338670458283037,0,1,0.09115157601508421,0.0028538849485995102,1
217271,4375,74.98660344837528,-18.683882579640194,0,1,0.16293480564139962,0.0,1
217290,4376,48.78823286276183,-13.04811307105313,0,1,0.052403640577293596,0.0,1
217323,4377,106.57106906975781,-25.316093836639965,0,1,0.22677794026645456,0.0,1
217349,4378,80.1488013460382,-20.00541531309338,0,1,0.17426219543549618,0.0,1
217372,4379,74.96257077854249,-20.219572243993937,0,1,0.17752298598677022,0.0,1
217393,4380,66.98430895516934,-18.22285493078061,0,1,0.14924157652825032,0.0,1
217417,4381,71.91563863933777,-17.706149737698684,0,1,0.15161786633914393,0.0,1
217446,4382,97.8071634417766,-24.35816439473934,0,1,0.22755578914542632,0.000352104680595887,1
217475,4383,97.77988259011124,-24.902085515572445,0,1,0.22629862051958963,0.0,1
217497,4384,51.895309596517095,-12.03143410932853,0,1,0.05528022648340755,0.0008532757256412872,1
217525,4385,98.18708577605828,-25.3723983002148,0,1,0.2394972996814682,0.0,1
217547,4386,74.80626640080384,-21.16243450214355,0,1,0.1896012952759052,0.0,1
217574,4387,76.02479737862797,-19.071849756377976,0,1,0.14672753751646514,0.0,1
217598,4388,100.00755712446221,-28.16674945251829,0,1,0.30069748586237627,0.003291368368699822,1
217625,4389,107.03342216483469,-28.81326283186271,0,1,0.2911157381206924,0.0,1
217650,4390,81.66397226862213,-22.0660289570313,0,1,0.19106021749051852,0.0,1
217672,4391,59.83448993225147,-10.222914601868554,0,1,0.11120713431138655,0.02387664819901043,1
217700,4392,91.51019796002257,-23.017420100468488,0,1,0.20877870722534736,0.0015053796061190922,1
217726,4393,86.12574602618162,-22.79415046408098,0,1,0.20395642528273994,0.0,1
217749,4394,72.36676073135212,-19.181590106164723,0,1,0.16206934632827724,0.0,1
217779,4395,86.71465760627913,-19.609919373798803,0,1,0.17350779769791633,0.0015110996310712273,1
217805,4396,84.10149114310528,-22.733426326789214,0,1,0.19502339071407077,0.0,1
217826,4397,87.82321314574455,-26.76789142617988,0,1,0.2792613841048374,0.0,1
217852,4398,90.06602522724191,-22.865372519177434,0,1,0.2207440333655852,0.0,1
217875,4399,60.951985039590895,-13.570983895390492,0,1,0.09645526682642673,0.0,1
217898,4400,78.73390952098144,-21.01254885124285,0,1,0.1995055598353566,0.0,1
217923,4401,90.31486978109496,-24.094164306189487,0,1,0.23583571332837613,0.0,1
217944,4402,65.00114900785164,-17.283214073977216,0,1,0.1362116304170972,0.0,1
217976,4403,94.30407846889865,-21.17060302880025,0,1,0.18781375801757522,0.0,1
218002,4404,89.17222847364297,-23.687859885253715,0,1,0.21814031056926395,0.0,1
218035,4405,93.96058053504797,-21.450786442958915,0,1,0.18001262180490915,0.0021071079874791366,1
218057,4406,84.33695543652357,-24.27585338576108,0,1,0.24353380896788393,0.0,1
218085,4407,87.97484191581205,-21.503354343695552,0,1,0.1919169855021903,0.0,1
218108,4408,74.56412002369493,-19.330871480432112,0,1,0.17129709693387346,0.0,1
218139,4409,98.29661890521035,-22.17465369202123,0,1,0.2134552708114923,0.0033987232692165165,1
218165,4410,76.56635944054969,-18.925886703678177,0,1,0.155785468086761,0.0,1
218195,4411,95.05946236370015,-22.783016697564253,0,1,0.20477828620555802,0.0,1
218227,4412,112.56159048918518,-28.96486887967596,0,1,0.2579968347300855,0.0,1
218251,4413,76.86969214653767,-20.351066876862188,0,1,0.17738203900345342,0.0,1
218274,4414,60.532329861083895,-8.58945244693617,0,1,0.10908871953209032,0.031243839557865003,1
218300,4415,70.02151070993676,-16.78635580002374,0,1,0.12356539851355149,0.0,1
218332,4416,90.34480170009039,-20.605809444746818,0,1,0.1742812502418996,0.0,1
218351,4417,59.250488859076675,-17.352851304885135,0,1,0.12258545342782884,0.0,1
218379,4418,87.93550860466223,-21.529287407715774,0,1,0.19253683977324285,0.0,1
218406,4419,81.84378443100374,-19.721345160663,0,1,0.17283034668128588,0.0,1
218428,4420,58.78340973951519,-14.96321823853441,0,1,0.09559746706974838,0.0,1
218446,4421,40.483505249545985,-9.383256821425261,0,1,0.0,0.0,1
218466,4422,81.3748764976171,-24.39518574902406,0,1,0.25453623081827326,0.0012844387746420616,1
218496,4423,97.34827667682782,-23.666081540945832,0,1,0.21589055144415198,0.0,1
218520,4424,75.81515080423259,-19.484985182764554,0,1,0.1680908241845124,0.0,1
218550,4425,100.74672859984024,-25.518816633549367,0,1,0.23009108021120409,0.0,1
218574,4426,64.03496190966833,-14.65062839744223,0,1,0.10772161804649183,0.0,1
218600,4427,109.62615846182393,-30.687051604913748,0,1,0.3213004300931932,0.003169894273075375,1
218633,4428,93.07890311441514,-19.0594125493495,0,1,0.17140310700640096,0.0007983538975327924,1
218669,4429,110.86960427428428,-25.093644758349775,0,1,0.21973495764191864,0.002446467799886038,1
218693,4430,87.89622253319224,-24.295352886134598,0,1,0.23585595892425515,0.0,1
218721,4431,87.1690574832603,-21.860175453573508,0,1,0.1878463411144988,0.0,1
218744,4432,80.21127579905517,-22.08288894322618,0,1,0.2078676373753657,0.0019059529983715615,1
218771,4433,81.82311907975495,-20.170519944450398,0,1,0.17223890490057403,0.0,1
218801,4434,87.4514581399331,-20.457663768336356,0,1,0.17405707646299806,0.0,1
218829,4435,84.70009432329113,-19.912985938029475,0,1,0.17638016039070514,0.0,1
218859,4436,86.72934647112,-19.42566762149827,0,1,0.17082369760261967,0.0006581872125303844,1
218884,4437,68.92824123721677,-16.945333058714667,0,1,0.12655566665177628,0.0,1
218916,4438,96.84837472622377,-21.43264414429297,0,1,0.1971483126253905,0.0007200694289316417,1
218948,4439,89.85821675476012,-20.028107929053533,0,1,0.16992845003537252,0.0018125303176793148,1
218969,4440,67.99653720415351,-19.04490565443461,0,1,0.15988508859221007,0.0,1
218999,4441,86.0900671877114,-19.432182261112157,0,1,0.16713378576633975,0.0,1
219025,4442,78.85865144818737,-18.93745668576947,0,1,0.1665968679834912,0.002447197263924349,1
219057,4443,94.09523668258478,-21.275384202256173,0,1,0.18778977312603157,0.0,1
219081,4444,65.61085759757722,-18.134199058209507,0,1,0.11460963411907811,0.0,1
219105,4445,64.26505435691082,-15.927213959060664,0,1,0.10839585304703765,0.0007176529623275724,1
219130,4446,77.37320053542345,-18.703128616602854,0,1,0.16583855070751385,0.0,1
219149,4447,48.903821109703415,-12.555873391262988,0,1,0.0538081294110972,0.004295155752245368,1
219180,4448,93.19129098258752,-21.38836821943846,0,1,0.1916613761283502,0.0,1
219210,4449,85.64002309618155,-18.916548613684526,0,1,0.16921107949488293,0.0,1
219241,4450,96.17525671731737,-22.871954370044097,0,1,0.20272741107086212,0.0,1
219273,4451,104.08726688862093,-26.47556992982072,0,1,0.22429046498363892,0.0,1
219298,4452,91.13277091843396,-25.364787596998028,0,1,0.23920611944410688,0.0,1
219322,4453,64.52565324806022,-15.830980599413959,0,1,0.10985459373292916,0.0,1
219350,4454,83.14877662931765,-19.724901044756805,0,1,0.17107964915812096,0.0,1
219378,4455,84.54937746377442,-20.304310931962135,0,1,0.1751298863796296,0.0,1
219413,4456,28.96177021217653,185.92404692745603,0,1,0.2208188248916168,0.7686577608730241,1
219448,4457,108.57968305719515,-25.780173643582433,0,1,0.21744315242973894,0.0,1
219479,4458,96.97244107331154,-22.79295579109738,0,1,0.2057650033852682,0.001486684233156292,1
219513,4459,102.893578258302,-24.791171700171752,0,1,0.2057588637688818,0.0,1
219544,4460,95.9136777157751,-22.904646747546273,0,1,0.20170291831403853,0.0,1
219580,4461,13.282105081236939,232.0757234419499,0,1,0.221777487764463,0.9097197848102394,1
219612,4462,93.78063338817756,-20.285209647849886,0,1,0.18398166075769617,0.0,1
219640,4463,85.06402957337352,-18.487693344047685,0,1,0.1827319771902067,0.008972328095504889,1
219677,4464,112.76438300746277,-25.497280986059913,0,1,0.21901847449692508,0.0006519899283954737,1
219706,4465,97.1787437598199,-24.597484604034303,0,1,0.2262091887736431,0.0,1
219735,4466,67.35407567216501,-12.764982616084042,0,1,0.09192235609244534,0.0,1
219768,4467,99.09239957774778,-22.40341508146935,0,1,0.19875945543168358,0.0005956113275673407,1
219799,4468,90.28555163626287,-20.14973086547487,0,1,0.17774620988156328,0.0,1
219824,4469,82.92677463367015,-23.20921881893095,0,1,0.19632002336775753,0.0,1
219859,4470,113.97680239355124,-27.282170718540158,0,1,0.23627007759895463,0.0,1
219876,4471,40.63438780146866,-8.908546674018272,0,1,0.0007068925831399518,0.0,1
219901,4472,93.21181591725491,-25.53879707975023,0,1,0.24808229264528492,0.0,1
219921,4473,81.07880161847747,-24.981424307825396,0,1,0.24981331132495738,0.0,1
219954,4474,99.0990149727756,-22.727364822853765,0,1,0.19736516000073853,0.0,1
219986,4475,95.00164135886546,-20.852084434992552,0,1,0.1902518099948536,0.0,1
220010,4476,65.22830023063071,-15.504703034403128,0,1,0.11649241979688234,0.0,1
220027,4477,40.18467113810995,-6.061546947090619,0,1,0.0,0.017831593230364585,1
220053,4478,81.88988595513787,-22.610261602834253,0,1,0.18168801624421882,0.0,1
220086,4479,98.67463533836428,-22.092652325374786,0,1,0.19497756463116342,0.0,1
220115,4480,86.67094551520584,-20.088351271080334,0,1,0.17987944974550296,0.0,1
220134,4481,48.86824674483904,-13.097247464943415,0,1,0.04939080029035647,0.0,1
220162,4482,79.49253688059461,-15.798362493335098,0,1,0.15974385714251113,0.009689713193559782,1
220189,4483,88.4951974424205,-21.756613926397243,0,1,0.20451225253122332,0.0,1
220218,4484,94.57512967552678,-23.546527376709893,0,1,0.2149008527183494,0.0,1
220239,4485,69.06980158925626,-20.67209671711536,0,1,0.1613946661666241,0.0,1
220258,4486,45.20068556154546,-8.1515044874599,0,1,0.02287804406015646,0.007239221383804632,1
220282,4487,66.86761826979111,-17.10887321328838,0,1,0.12299782730572269,0.0,1
220314,4488,95.35936497850714,-21.167605603955906,0,1,0.19007811133978947,0.0013841650551523355,1
220340,4489,72.21423960809507,-15.965612025195579,0,1,0.13547579128934772,0.0,1
220371,4490,103.39612803552703,-25.053622431175217,0,1,0.23207501108391962,0.0,1
220396,4491,69.52587797435277,-17.816991485264747,0,1,0.13130780105842974,0.0,1
220430,4492,18.979258492495433,185.26345411345716,0,1,0.18917115502210222,0.777867208493627,1
220454,4493,69.59036014553314,-17.29469431562941,0,1,0.13910863086920272,0.0,1
220482,4494,78.32973667477074,-17.774236181866925,0,1,0.1500809080761143,0.0,1
220515,4495,96.6615845347684,-20.196892497338105,0,1,0.1883310109235956,0.0011276829542887343,1
220544,4496,98.63462911881625,-23.988763903290717,0,1,0.228480039820359,0.0,1
220572,4497,88.99969107325569,-21.194819688497127,0,1,0.19443244088664074,0.0,1
220596,4498,66.61571654988988,-15.944324665862226,0,1,0.12167899650441016,0.0,1
220622,4499,70.20607903613158,-16.076356994495047,0,1,0.12744802930531737,0.0,1
220645,4500,61.55634031504693,-14.424262184862055,0,1,0.10251376514872154,0.0,1
220670,4501,79.24511557872485,-20.607351198906816,0,1,0.17875994879570087,0.0,1
220696,4502,75.6177826182475,-18.959617745037928,0,1,0.15424980028093,0.0,1
220729,4503,93.38418388118285,-20.359361979832453,0,1,0.17439707675897517,0.0,1
220757,4504,78.08182427527197,-17.989636659675266,0,1,0.1488271114071277,0.0,1
220780,4505,62.03767473466681,-15.172333217470516,0,1,0.10290229449104919,0.0,1
220798,4506,41.29069823479208,-9.07140606231143,0,1,0.007261536211544727,0.0,1
220820,4507,61.532433862832484,-16.384027544693204,0,1,0.10654100909932103,0.0,1
220841,4508,60.5021018890443,-16.31471989640037,0,1,0.10948194900585165,0.0,1
220864,4509,64.661702047152,-15.406406331128377,0,1,0.11961412182708343,0.0013975784998880212,1
220892,4510,81.69934157401849,-18.323851041728396,0,1,0.1659422919887986,0.0,1
220921,4511,80.13554246699474,-17.460193229637202,0,1,0.15307136150503062,0.0,1
220949,4512,76.00822965320513,-17.910382480345767,0,1,0.14123909909155108,0.0,1
220985,4513,59.70371325991458,104.45743768100661,0,1,0.21485781047934943,0.45863772582332835,1
221012,4514,92.93235456077991,-23.635316960005653,0,1,0.22726088593484997,0.0,1
221039,4515,80.73482839911816,-18.731805772694543,0,1,0.1700541900101308,0.0,1
221066,4516,74.53464266093314,-16.208645796176356,0,1,0.13895882151392017,7.892095160173991e-05,1
221097,4517,85.43738886494413,-17.991686704282806,0,1,0.15904665502314097,0.0,1
221120,4518,62.54990277402066,-15.684684850904112,0,1,0.10588576539437596,0.0,1
221155,4519,103.68856602039966,-22.857352700307096,0,1,0.1999869857084986,0.0,1
221177,4520,58.64713717196496,-14.574829419316062,0,1,0.09127747703036149,0.002413057442590886,1
221201,4521,72.1836692565197,-18.46575366559822,0,1,0.1522089603155666,0.0,1
221232,4522,92.43442330420703,-21.526255506177982,0,1,0.18794362234038287,0.0005324195935901247,1
221261,4523,80.78714459604656,-17.051266123124034,0,1,0.15563834704810978,0.0,1
221291,4524,89.47084560649947,-20.604577658705136,0,1,0.18583442984175436,0.0,1
221322,4525,94.3358890085018,-21.843399350920485,0,1,0.19650655954013835,0.0,1
221348,4526,75.1151730208538,-16.115701426021328,0,1,0.15177728264639415,0.004622339401169508,1
221370,4527,73.70482947620582,-19.6506502915413,0,1,0.18357632662641585,0.0,1
221396,4528,76.18770836382045,-18.880149045416488,0,1,0.15441657572060968,0.0,1
221429,4529,53.04569264980455,84.32497504454147,0,1,0.17819086346968604,0.40962037305608984,1
221466,4530,108.1535677577066,-22.410486808128372,0,1,0.2052431603931428,0.0030263483019242403,1
221495,4531,72.99045866723654,-15.009953906546077,0,1,0.12230594736741919,0.0,1
221517,4532,56.22018917648202,-14.134290997061914,0,1,0.0804807706501286,0.0,1
221541,4533,62.5265822671195,-15.335103576360044,0,1,0.10166104596666097,0.0011947938626878751,1
221566,4534,66.50713514176509,-15.261075477182278,0,1,0.11866849707605027,0.0,1
221590,4535,65.44379579833719,-14.95961063960325,0,1,0.11725206274107446,0.0003023818898272931,1
221610,4536,42.09447304683174,-9.306811795101941,0,1,0.005328459115179975,0.0,1
221628,4537,42.27631058112512,-9.022461893888432,0,1,0.0055343522394575555,0.0,1
221649,4538,55.3345277948893,-12.816682454064528,0,1,0.08132252657697539,0.0,1
221671,4539,56.370791835230165,-12.52307052169422,0,1,0.07830301674637585,0.0,1
221692,4540,52.716717915005134,-12.470138324634771,0,1,0.060970846622253126,0.00022750684112538022,1
221726,4541,100.94631034849114,-22.775280828903924,0,1,0.19905966731519503,0.0019294759443950079,1
221753,4542,80.68849451492923,-19.586870733484563,0,1,0.17095100014750997,0.0,1
221773,4543,41.99820803460062,-9.085218825837845,0,1,0.003679361050889539,0.0,1
221794,4544,51.49990932593546,-13.059983665869906,0,1,0.0574055733914563,0.0,1
221816,4545,59.97238413742804,-15.015840743972994,0,1,0.10360254235576125,0.0,1
221839,4546,54.512574774621186,-9.903435298477554,0,1,0.06157808438848712,0.005770298622587778,1
221865,4547,69.48119016432986,-15.502768374761821,0,1,0.12173360700789271,0.0,1
221890,4548,68.35732898626858,-14.76940112949905,0,1,0.12354417670223146,0.00442536788434134,1
221914,4549,62.61074458013362,-13.588890745913648,0,1,0.09953052154997084,0.0,1
221940,4550,66.90295286740275,-14.088486697703186,0,1,0.11007570279555555,0.0,1
221970,4551,109.05697031856134,-29.042179092131697,0,1,0.2637758496759769,0.0,1
222003,4552,94.34539644970138,-20.61928317052721,0,1,0.1785936153675812,0.0,1
222039,4553,46.69813997202607,143.15711018220503,0,1,0.21869287562750322,0.5989437605678146,1
222062,4554,59.4800712868532,-12.780570300425628,0,1,0.08893577337388614,0.0,1
222084,4555,53.92265049555237,-13.466505244568289,0,1,0.06812521124666195,0.0,1
222116,4556,101.5811197160978,-23.252500469242175,0,1,0.21691567323801286,0.0,1
222137,4557,57.780551478962735,-14.813722311862861,0,1,0.0950585142605797,0.0,1
222166,4558,82.8353200254389,-17.700188950264803,0,1,0.16309932074059869,0.005226260961764237,1
222197,4559,86.24120171617558,-17.50060849258759,0,1,0.16296020229511016,0.0020401569379442813,1
222229,4560,98.0245672542548,-22.638304491853372,0,1,0.2012138696319262,0.0,1
222259,4561,99.31351076038504,-24.05051796964314,0,1,0.22261045778410857,0.0,1
222282,4562,66.15298026379,-16.38671401580064,0,1,0.12705243505896574,0.001931405597720904,1
222306,4563,64.81431354934642,-14.436704441896023,0,1,0.11316633219449362,0.004632762111421202,1
222332,4564,74.59077238133668,-16.634557147511646,0,1,0.14417610174757536,0.00031530826054572875,1
222358,4565,73.55700875008807,-17.327608326697792,0,1,0.1417058920529127,0.0,1
222381,4566,54.422305862734255,-11.642775846940944,0,1,0.06437720727415425,0.003511821568270104,1
222401,4567,60.12267710703959,-16.549745911627113,0,1,0.11585139516018832,0.0,1
222425,4568,64.62626215258862,-14.627219939272372,0,1,0.11167003019299347,0.0,1
222455,4569,103.68321013815498,-26.895043879368497,0,1,0.24332433840262438,0.0,1
222481,4570,91.35974358895494,-23.257520089531706,0,1,0.22889223572914863,0.0,1
222514,4571,94.22274999887793,-20.491676689507255,0,1,0.18180502757618636,0.0,1
222536,4572,54.20431809817262,-12.891788271324842,0,1,0.0716796779198084,0.0,1
222566,4573,88.67685368634159,-20.332605291056232,0,1,0.18156992124549215,0.0,1
222589,4574,77.48436809559162,-21.234559853453568,0,1,0.19003991790842337,0.0,1
222615,4575,73.60689472917667,-15.915698488866802,0,1,0.14630536560044513,0.0049159458309119015,1
222640,4576,83.38648066450762,-21.917032931266526,0,1,0.19968785055782934,0.0,1
222674,4577,106.72919131787513,-24.15862750364696,0,1,0.2210249026366626,0.0015752920466214463,1
222693,4578,41.5894739945361,-9.875694330795184,0,1,0.00633308393762205,0.0,1
222718,4579,89.62705010164811,-24.017577888847043,0,1,0.2315865019076783,0.0,1
222744,4580,72.84218177775693,-15.853042845030183,0,1,0.13831996574099742,0.0038762587107726535,1
222762,4581,43.079978497957924,-8.921773543042617,0,1,0.015980374442498883,0.01159957159875959,1
222780,4582,44.87044028107833,-9.439928308726378,0,1,0.03132351927898832,0.013261710299811486,1
222805,4583,73.41234231086003,-17.633396089787603,0,1,0.1470583288425256,0.0,1
222834,4584,86.80259065784401,-19.61993784433866,0,1,0.18080276874572404,0.0030430640552262236,1
222853,4585,46.46544704613845,-11.782869928463148,0,1,0.0383178197508657,0.0,1
222877,4586,73.73061074358841,-18.7149361094521,0,1,0.1605188678635684,0.0,1
222896,4587,56.22626580944578,-15.123344724989755,0,1,0.1011446635597576,0.0,1
222921,4588,71.14624997548677,-16.921979381751907,0,1,0.13550922870403379,0.0,1
222940,4589,58.991086977163164,-16.739095934094262,0,1,0.12289095610257787,0.0,1
222961,4590,63.62053425925586,-16.705486183801142,0,1,0.12962805537428662,0.0005786144730433187,1
222984,4591,66.0376958265903,-16.11586755206653,0,1,0.1246503600488778,0.0,1
223009,4592,69.29273664711256,-15.717198987472113,0,1,0.1272951446053937,0.0,1
223046,4593,120.62844698619841,-28.825141722928095,0,1,0.2447739102583993,0.0,1
223076,4594,89.20211502623957,-20.78561192372607,0,1,0.18224061623971663,0.0,1
223094,4595,74.46750604886654,-23.082817504008425,0,1,0.2400355522516725,0.0037329680330355896,1
223115,4596,65.60336268351784,-17.640815620436825,0,1,0.1431973632260808,0.0013042527703435451,1
223142,4597,79.68984002054836,-19.298530526984152,0,1,0.16382700778620976,0.0,1
223174,4598,97.62143893273749,-22.199053284080783,0,1,0.19998686434346585,0.0018774583742401118,1
223205,4599,89.52859077447766,-19.31698765714706,0,1,0.17594712662316683,0.0,1
223230,4600,76.48645713986815,-19.09975945268371,0,1,0.16510926650498298,0.0,1
223258,4601,80.07121561404672,-17.65103264253605,0,1,0.15404742495671256,0.0,1
223289,4602,102.68604121046043,-25.699227260717432,0,1,0.22811061617909456,0.0,1
223314,4603,71.99506955721365,-18.015831133087516,0,1,0.1434059115064553,0.0,1
223342,4604,80.60855335310396,-18.773144764376195,0,1,0.16078106391052946,0.0,1
223372,4605,87.60928262926751,-20.691598417436712,0,1,0.176406251364691,0.0,1
223403,4606,100.07501619559945,-24.48369443680985,0,1,0.21664967172215793,0.0,1
223430,4607,77.90550008588119,-18.223815874217006,0,1,0.15399238644083638,0.0,1
223461,4608,100.86374201100176,-25.094779782601876,0,1,0.22058656160240392,0.00046523766707523144,1
223480,4609,72.36694014359045,-21.74561594181185,0,1,0.20947410181740692,0.0,1
223516,4610,111.39260615480725,-25.37359219755452,0,1,0.22204757312436765,0.0022898013604720786,1
223544,4611,84.1551942421398,-19.394442213647366,0,1,0.17523250060388232,0.0,1
223573,4612,102.67495139424457,-25.78899757957445,0,1,0.24903758969954706,0.00019834686729288154,1
223603,4613,101.0516346348083,-24.556282072465415,0,1,0.23002849447327461,0.0,1
223634,4614,96.07416133975701,-21.92947418657916,0,1,0.2008359395936797,0.0,1
223658,4615,73.42817341643395,-19.12133954900974,0,1,0.1602382630902084,0.0,1
223679,4616,43.43445585824085,-7.669671039416059,0,1,0.006453044366298294,0.005696516241911867,1
223711,4617,100.72387082100076,-23.35453039175689,0,1,0.21153396033017752,0.0,1
223734,4618,61.188668245561736,-12.894046197262915,0,1,0.09556144163638629,0.0015155052828756486,1
223766,4619,91.88713674848552,-19.715398106442205,0,1,0.17590420102630028,0.0002613988757902566,1
223799,4620,97.87373522605563,-21.423011312180265,0,1,0.19512890020410356,0.0018892834979575316,1
223829,4621,94.41343394192899,-21.24153909750929,0,1,0.2007179294432383,8.126839497263717e-05,1
223850,4622,72.52963077204824,-20.239664744423628,0,1,0.18377438339396254,0.0,1
223884,4623,63.79301611832792,-26.241021236857343,1,1,0.2446115008486418,9.958986685656656e-05,0
223915,4624,105.15115300423298,-26.131240995045264,0,1,0.23974120413050234,0.0,1
223939,4625,58.763915564646645,-13.738754907972318,0,1,0.08105497408123687,0.0,1
223973,4626,109.43209835413515,-26.6350947979357,0,1,0.22843699276112805,0.0,1
224007,4627,102.13023096831824,-23.75200889974809,0,1,0.20249447391538697,0.0,1
224039,4628,87.2543782814258,-18.364782132289257,0,1,0.1589740778132283,0.00015796420004707723,1
224068,4629,78.7229696565129,-16.68973836165408,0,1,0.14494349003386595,0.001550108865858055,1
224089,4630,54.26384776568656,-13.268404945184407,0,1,0.07523827440456746,0.0,1
224116,4631,77.44987618909063,-18.453437107001626,0,1,0.15161151667675887,0.0,1
224147,4632,83.31103879591296,-19.019729320877126,0,1,0.15090603708269185,0.0,1
224170,4633,60.76991423698119,-15.09010786159193,0,1,0.09554488834148513,0.0,1
224200,4634,86.64963046189862,-19.170666597604136,0,1,0.17239684703423794,0.0004816039980053619,1
224226,4635,86.25534349501297,-22.579944010360865,0,1,0.20398843460597685,0.0,1
224255,4636,89.0802763353231,-21.57452559128716,0,1,0.19271636873102355,0.0,1
224289,4637,105.44822712854524,-24.256292516686045,0,1,0.21662410224737694,0.0,1
224316,4638,77.82567887187128,-17.987777628063814,0,1,0.15421536277120887,0.0,1
224349,4639,115.61150058867747,-28.486389961482242,0,1,0.26202515551464617,0.0,1
224382,4640,117.2167015732328,-29.945031404250365,0,1,0.2665740142800675,0.0,1
224414,4641,104.82903748417021,-23.863708501239053,0,1,0.22955591409175538,0.0012421841100448952,1
224434,4642,45.39962902450853,-6.8544223813321405,0,1,0.022897321922514556,0.023952541316572533,1
224467,4643,113.9114960208333,-27.297884567800274,0,1,0.2557279893248383,0.0016672724661514532,1
224485,4644,41.59116276762052,-9.196993571566239,0,1,0.0,0.0,1
224505,4645,43.008646214711,-7.187159411208901,0,1,0.012619874194697771,0.006788525954355695,1
224535,4646,88.14481907432497,-18.75124572915749,0,1,0.1781985175019057,0.005225040929652867,1
224568,4647,92.44557596743243,-20.09736909478882,0,1,0.17405185932661643,0.0,1
224599,4648,86.91966335312762,-19.80505798015072,0,1,0.16590839795222614,0.0003540077471588985,1
224630,4649,96.40271016923106,-22.703654913878793,0,1,0.20330956579636722,0.0,1
224660,4650,95.959637808694,-23.24580771756901,0,1,0.2103085324199423,0.0,1
224689,4651,78.80958796392375,-14.028850024358395,0,1,0.1492625841622766,0.014546923945269368,1
224729,4652,124.37914168043717,-27.565093151761577,0,1,0.23356623717124117,0.0,1
224749,4653,70.66187574108261,-20.446087624608648,0,1,0.18307352576347385,0.0,1
224770,4654,53.09074163837564,-9.865218908561122,0,1,0.06536734094537242,0.010161892967303233,1
224803,4655,97.88556663613969,-21.571918255761076,0,1,0.19303008485237438,0.0,1
224826,4656,80.88799742781366,-21.929289082448708,0,1,0.20656107896789558,0.0,1
224857,4657,91.82820766068392,-21.260533402931294,0,1,0.18609028351577733,0.0,1
224884,4658,77.42332698929866,-17.493477130560084,0,1,0.15218470435023998,0.0,1
224913,4659,75.87183127510619,-14.863123572651372,0,1,0.13465165153740205,0.005592855675696519,1
224933,4660,66.79092682400545,-17.32732135252612,0,1,0.1564695946088622,0.005162250789230294,1
224952,4661,48.85677980559137,-11.115622472826997,0,1,0.040670162719870125,0.0009228368735956481,1
224984,4662,100.61855046310897,-23.779204104976632,0,1,0.21253733667984176,0.003200336213189081,1
225006,4663,57.16884371425421,-13.513277186656001,0,1,0.08394595554397266,0.001437636938937603,1
225039,4664,95.47159831668785,-22.30485188768883,0,1,0.18398087679893155,0.0,1
225069,4665,88.83969064150567,-20.901035230398858,0,1,0.18143862301795322,0.0,1
225096,4666,71.64063753669731,-15.783213720000067,0,1,0.12389589415973014,0.0,1
225128,4667,97.66779653155228,-24.43812252370589,0,1,0.19964220426986956,0.0,1
225160,4668,94.48295288450839,-21.339152573881524,0,1,0.18678666760995727,0.0,1
225190,4669,86.5593557704681,-19.21703371007868,0,1,0.1684995011485634,0.0,1
225224,4670,101.42046484920371,-22.79067501550219,0,1,0.20149612250213003,0.0,1
225249,4671,69.11965593452035,-16.104109400342786,0,1,0.1272651995516735,0.0,1
225277,4672,78.26722951896157,-17.189666140687727,0,1,0.1488373571365245,0.0,1
225313,4673,108.11135892177829,-25.084992730292363,0,1,0.2081468409359626,0.0,1
225347,4674,100.882163808731,-22.20504570750765,0,1,0.19679909565113343,0.0,1
225379,4675,93.43787448295832,-20.427337670221856,0,1,0.1830077235477517,0.0,1
225408,4676,89.12954183302266,-20.858099032060395,0,1,0.18938282474627924,0.0,1
225445,4677,109.57008028228478,-24.758161449465074,0,1,0.20708766455453737,0.0,1
225479,4678,98.39124883141666,-22.553322516245313,0,1,0.1879240012977994,0.0,1
225511,4679,88.30828430374237,-19.248121410861106,0,1,0.16526588341604886,0.0,1
225540,4680,75.12045205029276,-16.429015368979037,0,1,0.1297534161719859,0.0,1
225569,4681,80.8528262879015,-18.243484512187283,0,1,0.15339371749072286,0.003458010400366363,1
225606,4682,108.9324776082112,-24.11624751042421,0,1,0.20555424209876785,0.0,1
225637,4683,85.07149764910861,-17.52753957012594,0,1,0.1588271912643664,0.005060357022026178,1
225670,4684,102.09212668945527,-23.246955829091913,0,1,0.20722256526982497,0.0,1
225695,4685,71.30456157725858,-17.064349623469457,0,1,0.13917942148751078,0.0,1
225727,4686,92.29038373323787,-20.409740907319303,0,1,0.17938575075596883,0.0,1
225756,4687,86.05228269143618,-2.0125807959095816,0,1,0.20992924771525043,0.09005476745163929,1
225782,4688,69.71612291170706,-16.516631043301,0,1,0.12548874957067194,0.0,1
225814,4689,85.21333164493436,-18.938655081707925,0,1,0.1541418700796481,0.0,1
225843,4690,80.47898196370369,-16.848144593907957,0,1,0.15206142960137017,0.000816494523797578,1
225861,4691,45.390313451696414,-8.908631072869078,0,1,0.027965567886304846,0.011975055092452128,1
225886,4692,68.44068938179936,-16.873418252597077,0,1,0.1231445585425687,0.0,1
225918,4693,89.64295635061632,-19.737127724611156,0,1,0.16892234120912594,0.0,1
225947,4694,82.37469641648298,-18.130693910388388,0,1,0.1606302592750864,0.0,1
225968,4695,49.482627263092425,-10.852971026367019,0,1,0.04928640684467679,0.005932555040620087,1
225985,4696,41.338076799107284,-6.761135413174106,0,1,0.02168610169706542,0.030041753660593702,1
226014,4697,84.90728896699129,-19.2934285986477,0,1,0.17301949114111437,0.0,1
226033,4698,41.86899010277601,-9.096935734723496,0,1,0.007984327788730889,0.004743187900406536,1
226049,4699,53.02867857223279,-14.128711341362463,0,1,0.09288453768841344,0.003105584992854866,1
226072,4700,61.45192342081054,-14.197652940550105,0,1,0.10224830724172404,0.0,1
226109,4701,110.0139420401726,-23.900283785220534,0,1,0.2085569404657766,0.004691593264730393,1
226140,4702,102.57403025645013,-25.474459250137606,0,1,0.22917419541124107,0.0,1
226159,4703,54.7259892475183,-15.104675320303954,0,1,0.0896137058216496,0.0012324714019963062,1
226195,4704,102.15112572003594,-23.573294898384113,0,1,0.19058624288344936,0.0,1
226228,4705,91.18125450891941,-19.36215896227821,0,1,0.17154299290543085,0.0003075805174272313,1
226261,4706,96.48483350845112,-21.379231308012276,0,1,0.18895103569383603,0.0,1
226281,4707,76.74613666478963,-23.18350818049084,0,1,0.22300835858645818,0.0,1
226307,4708,88.56124451508386,-23.249104587825403,0,1,0.21610425441068598,0.0,1
226332,4709,69.75425608348607,-17.20460751443652,0,1,0.13095441849345527,0.0,1
226361,4710,97.45219145272912,-24.866268279513857,0,1,0.22646702452003734,0.0,1
226387,4711,88.46417717848742,-23.386477700055988,0,1,0.21402960406627136,0.0,1
226417,4712,93.2519732203065,-22.662296775783158,0,1,0.19921236655587743,0.0,1
226448,4713,106.59200178930624,-26.04119169463613,0,1,0.24507346373666003,0.0,1
226472,4714,74.02276099724683,-18.90195130555346,0,1,0.16040279665650184,0.0,1
226502,4715,90.58287462714131,-21.114708661083654,0,1,0.18853002866888763,0.0,1
226525,4716,69.76470475865136,-17.90295499730232,0,1,0.14684705253311792,0.0,1
226547,4717,64.83182970413344,-17.433779290339977,0,1,0.12853433709863057,0.0,1
226573,4718,90.25007723226571,-23.682901672679897,0,1,0.2243411238878941,0.0,1
226607,4719,98.51455119046037,-21.337486738362735,0,1,0.18847090216077045,0.0,1
226629,4720,50.672349959914,-11.614290485075436,0,1,0.04802778966349179,0.0,1
226657,4721,77.93222720015709,-17.432126042327152,0,1,0.14783454348465017,0.0,1
226687,4722,118.9438751722172,-33.36869540740881,0,1,0.30489589094134295,0.0,1
226717,4723,117.5029108965077,-31.225190503978045,0,1,0.3002925718529409,0.0,1
226743,4724,134.77066739682306,-42.70933288821091,0,1,0.4422677652924424,0.0,1
226767,4725,95.99727484072132,-27.290338887205813,0,1,0.2750953714898918,0.0,1
226789,4726,61.037818537513814,-14.045250365934102,0,1,0.10582704746751698,0.0,1
226810,4727,67.01885209503885,-18.675146812953255,0,1,0.14918934226463035,0.0,1
226832,4728,54.65067274638211,-12.027354302561305,0,1,0.07149914745258573,0.0,1
226868,4729,1.3383722770442503,260.4753033757673,0,1,0.21673257051244582,1.006233066251979,1
226893,4730,83.1463996011689,-22.926420583010874,0,1,0.20224057758246325,0.0,1
226926,4731,98.35607681948018,-21.820026522930185,0,1,0.19468553532314856,0.0,1
226948,4732,71.87215416777367,-20.740673924206273,0,1,0.16878800125318683,0.0,1
226977,4733,95.1623889001055,-24.31201418300319,0,1,0.21649498550950147,0.0,1
226999,4734,69.54802131488096,-19.229755445982793,0,1,0.15804011842924412,0.0,1
227033,4735,107.52684422972516,-25.54970069359051,0,1,0.2215726469701853,0.0014887992576420516,1
227063,4736,78.21584423180394,35.24453417374512,0,1,0.2352588828240907,0.26666666666666666,1
227096,4737,97.5717653619918,-23.593274172560292,0,1,0.19131104067575505,0.0,1
227126,4738,99.07137854923309,-24.938484110414592,0,1,0.2218114508297426,0.0,1
227162,4739,111.11606022087457,-25.568881285841375,0,1,0.2197928336499722,0.0008604222237768639,1
227182,4740,55.207767840434016,-14.343637387506325,0,1,0.08870391957269173,0.0,1
227213,4741,92.68336415607001,-21.16364908393763,0,1,0.19049955919245573,0.0026774193830369536,1
227241,4742,88.43974769226443,-21.46277160659357,0,1,0.19546896048420853,0.0,1
227269,4743,100.01590206321052,-27.298229329004315,0,1,0.2460314154749693,0.0,1
227294,4744,60.69032715043528,-13.889896206614761,0,1,0.08500020910351838,0.0,1
227321,4745,92.04492527698595,-23.883497011148673,0,1,0.2210078631300373,0.0,1
227355,4746,99.44347699577412,-22.77746207489214,0,1,0.19198994923180948,0.0,1
227380,4747,76.37866473969648,-19.24945030814136,0,1,0.16467540739085848,0.0,1
227412,4748,66.75051510051445,42.322053364944,0,1,0.17376825537900414,0.2569024549474524,1
227442,4749,99.4131128454644,-24.252403062349416,0,1,0.22496048812128103,0.0,1
227477,4750,52.35866669432883,101.8343255976788,0,1,0.18765336939547692,0.45453360118898517,1
227503,4751,93.14408967314452,-24.620305593191304,0,1,0.2357953515731316,0.0,1
227528,4752,81.3036750804707,-22.169759233633908,0,1,0.18890338447737826,0.0,1
227561,4753,106.65485287282175,-25.779985953337636,0,1,0.22547737915725938,0.0,1
227597,4754,107.4214693917308,-23.41276344246699,0,1,0.20772632434505878,0.0,1
227630,4755,106.44956768306389,-25.777210340302915,0,1,0.22527234559957293,0.0,1
227662,4756,102.843125306172,-23.72986063919402,0,1,0.21882253399418797,0.00044265581201765925,1
227688,4757,82.24502946789823,-21.192235687583022,0,1,0.18487887440464248,0.0,1
227721,4758,98.8877661413874,-23.060147410665753,0,1,0.19628120834626814,0.0,1
227743,4759,68.25432248373423,-17.82372323960482,0,1,0.14613431815678407,0.0,1
227770,4760,78.62329633215086,-19.149946353742983,0,1,0.1556377277553608,0.0,1
227799,4761,86.48774673007368,-20.67542464782958,0,1,0.17763094205098337,0.0,1
227829,4762,97.14826459381786,-25.054335705666148,0,1,0.2153682000652716,0.0,1
227865,4763,38.88078613568976,164.33394391729274,0,1,0.22299408210884333,0.6749362262642431,1
227892,4764,74.20967152012506,-17.02624868685502,0,1,0.1370056936661446,0.0,1
227918,4765,69.04671897673194,-16.08949019539052,0,1,0.11816769518495553,0.0,1
227942,4766,69.73561829153277,-17.263734078725424,0,1,0.13710529286310846,0.0,1
227974,4767,102.72058404999842,-25.727762269077864,0,1,0.2197788685898863,0.00029206178996089925,1
228008,4768,101.1539237820905,-23.075685826336823,0,1,0.19804512885998649,0.0,1
228042,4769,114.93719594802265,-27.62185875773897,0,1,0.24747743659382854,0.0,1
228063,4770,52.286315316326984,-11.861779474067049,0,1,0.05986789538777444,0.0,1
228092,4771,105.53158658205999,-28.980056052368916,0,1,0.2588388342848582,0.0,1
228130,4772,117.28807318542115,-25.990150893294874,0,1,0.2253676922160512,0.0,1
228163,4773,101.74104765801172,-22.880921747762628,0,1,0.2071225185822771,0.0,1
228195,4774,104.83868458475933,-26.374552021399168,0,1,0.22665904555339014,0.0,1
228232,4775,36.56040228548965,162.68184095426108,0,1,0.20056719616566604,0.6434554264808126,1
228263,4776,102.40700713822307,-24.587906494220835,0,1,0.2251951828435729,0.0,1
228295,4777,38.67327312253642,140.38245521436312,0,1,0.21480073470878544,0.6567183195256483,1
228327,4778,100.61750206079958,-24.70183132232053,0,1,0.21137774812105697,0.0,1
228355,4779,80.43769160304396,-19.081579682135654,0,1,0.15872744929061308,0.0,1
228384,4780,88.97477484400454,-21.24011831920805,0,1,0.18699369154452586,0.0,1
228414,4781,80.41461538980482,-17.833858581820376,0,1,0.1462059395592931,0.0,1
228450,4782,49.21070025622541,112.8961265999883,0,1,0.18311708515687478,0.4796128369236615,1
228486,4783,107.67892321656171,-23.39481501095075,0,1,0.20685968159889281,0.0011509737452330144,1
228508,4784,91.393162726822,-27.16518043237103,0,1,0.2821104778379992,0.0,1
228538,4785,83.27459123195908,-19.13730045680215,0,1,0.15605510014952761,0.0,1
228560,4786,53.81453019603433,-12.61175073691533,0,1,0.06574160325749923,0.0,1
228587,4787,73.67479324204716,-15.90984278445533,0,1,0.13474592534048255,0.0,1
228615,4788,77.38413331201843,-17.228205914341732,0,1,0.14558593249433502,0.0,1
228647,4789,88.3307098121114,-18.64294038104225,0,1,0.16141631658761754,0.0,1
228677,4790,88.10658419417334,-19.79623835024872,0,1,0.17490978920354236,0.0,1
228711,4791,102.98181883980575,-23.32358002504566,0,1,0.2030579707891558,0.0,1
228746,4792,109.33352482369864,-24.727034927309585,0,1,0.21925237455150715,0.0,1
228778,4793,40.30705401589714,107.15294362854442,0,1,0.1679137938162651,0.5096974729755661,1
228814,4794,74.13799264129968,52.28051837562397,0,1,0.19155517070642405,0.27206619056307096,1
228844,4795,86.48774677992982,-19.543458067766846,0,1,0.16866350921842616,0.0,1
228880,4796,7.717992787494595,218.99637177083233,0,1,0.18037754145614293,0.8497012761054209,1
228908,4797,81.49796387490447,-18.363689110217322,0,1,0.16017554338643672,0.0,1
228937,4798,109.63553333207312,-30.054545661791806,0,1,0.277494440390302,0.0,1
228971,4799,109.7309274785166,-26.098560051741536,0,1,0.22922092995219567,0.0,1
229005,4800,104.5693305575212,-23.93503820397489,0,1,0.210461034936668,0.0,1
229035,4801,90.37749530768224,-21.432697215999198,0,1,0.18600705712886478,0.0,1
229065,4802,100.2799894107193,-25.524468916124874,0,1,0.2260785319804963,0.0,1
229089,4803,66.07266479462757,-15.212348070374993,0,1,0.12063619718612277,0.0029090770164683405,1
229121,4804,85.35698798917817,-18.557129638458434,0,1,0.15398741867585594,0.0,1
229161,4805,126.52692680567696,-27.76056240106484,0,1,0.2408382940944432,0.0,1
229197,4806,21.475661123242748,206.16189009110496,0,1,0.21172173984844897,0.8151001767528672,1
229227,4807,98.15806954694617,-23.958238924454108,0,1,0.21615641078104747,0.0,1
229266,4808,43.960968917627014,168.5594895034341,0,1,0.22272367721886296,0.6407132745691418,1
229295,4809,100.00585540974765,-25.515419233638635,0,1,0.23492036091221996,0.0,1
229318,4810,77.5539804717684,-21.581178173771978,0,1,0.18954312444456226,0.0,1
229341,4811,64.32896318124028,-15.309855509121027,0,1,0.11444787599215861,0.0,1
229362,4812,56.707271856347354,-14.238409888918232,0,1,0.0907317794311993,0.0,1
229384,4813,55.058583839512664,-13.025244867934703,0,1,0.07594707483171954,0.0,1
229416,4814,87.65878335203871,-19.202918813384297,0,1,0.1626668903250734,0.0,1
229447,4815,111.36812380483974,-27.26181617676535,0,1,0.26341407852200255,0.00043245761531218415,1
229474,4816,83.02764546005608,-20.32865008159767,0,1,0.17556406351816434,0.0,1
229505,4817,98.26882867683152,-23.353579667335605,0,1,0.2094230884069031,0.0,1
229539,4818,99.61718818278364,-21.506233855987066,0,1,0.19071048619011227,0.0,1
229569,4819,96.73038584722491,-23.227820184748072,0,1,0.21402800717267215,0.0027284567558299526,1
229595,4820,72.05761350067577,-17.091264986146054,0,1,0.13470196361831202,0.0006932924013237237,1
229613,4821,41.93792339471115,-11.206512329429541,0,1,0.006845453081257246,0.0,1
229642,4822,83.05728965474621,-18.876510476223235,0,1,0.16254156497652067,0.0,1
229671,4823,75.92626764904938,-15.805356285195419,0,1,0.13164205022770364,0.0,1
229701,4824,80.82470962726558,-17.787274538244674,0,1,0.14590716879220128,0.0,1
229730,4825,100.28372613363639,-24.88509337358237,0,1,0.23865811697928602,0.0,1
229767,4826,108.2698281373368,-24.179637153495985,0,1,0.20424432110799082,0.00019594682699041713,1
229801,4827,109.79777870884425,-26.918993913082208,0,1,0.2310692318782772,0.0,1
229827,4828,72.32529589751809,-16.76043175730701,0,1,0.13534661797223194,0.00014881271296639045,1
229857,4829,84.87073014027578,-18.93595383781693,0,1,0.1632259633985854,0.0,1
229890,4830,89.47793834867285,-18.954082529998104,0,1,0.1624538233593684,0.0,1
229926,4831,10.3568139007632,224.73147887645456,0,1,0.19787752501597056,0.8763244007250506,1
229957,4832,91.47526845675537,-21.63809901668016,0,1,0.1842101824365409,0.0,1
229989,4833,97.77902687785769,-23.10578403393242,0,1,0.2004011760361561,0.0,1
230006,4834,52.509800266277296,-15.170108601885655,0,1,0.08613544976257996,0.0,1
230030,4835,79.57050525228055,-21.23898506737632,0,1,0.1902450462312976,0.0003792488139245185,1
230058,4836,97.49950547809557,-26.241162947210555,0,1,0.2352499601417138,0.0,1
230081,4837,71.13617727209822,-19.165540518484015,0,1,0.15295784682550387,0.0,1
230116,4838,97.03725153811195,-19.736068993986258,0,1,0.17753617362217566,0.0,1
230137,4839,67.85160974678499,-19.138515205322303,0,1,0.1538309814065215,0.0,1
230165,4840,78.92453119964904,-18.481460561490643,0,1,0.1524150885913215,0.0,1
230201,4841,110.06263271026586,-24.38522585780887,0,1,0.21302029753271773,0.0,1
230226,4842,68.34150685732563,-16.251465160647264,0,1,0.1215440178867477,0.0,1
230246,4843,39.89786882729532,2.8048770977358792,0,1,0.016185945892139092,0.08066492398463171,1
230272,4844,80.0576528561366,-18.48163434973522,0,1,0.1739441330818738,0.004030187065192514,1
230295,4845,64.9561860881616,-16.175222226946453,0,1,0.11835394380846252,0.0013591966995546614,1
230328,4846,96.78528248879584,-41.17365570307279,1,1,0.37921163490246695,0.0,0
230357,4847,106.8651436640529,-28.778148057623163,0,1,0.2656146644784545,0.0,1
230384,4848,99.7799292248738,-26.9285116566439,0,1,0.2589064537941391,0.0,1
230411,4849,86.53215288457784,-21.435912573336484,0,1,0.19569967892401946,0.0,1
230441,4850,103.86434323170691,-27.11728853214114,0,1,0.241700393154841,0.0,1
230468,4851,121.6111625442623,-34.70904784288986,0,1,0.35757741177248087,0.0001634499237338615,1
230493,4852,74.04757652298326,-17.604188551280384,0,1,0.15228005547273296,0.006125179833802873,1
230528,4853,109.56172898648614,-25.705503652701935,0,1,0.2200671426631205,0.0,1
230550,4854,74.64747225697556,-21.548676816421306,0,1,0.18559494895679973,0.0007402893986904001,1
230572,4855,52.13299835321129,-10.922757165862645,0,1,0.049958764907314185,0.0,1
230602,4856,91.67167375518392,-22.2638806226664,0,1,0.1935392427159791,0.0,1
230632,4857,95.08183572087195,-24.43623799731598,0,1,0.20451013595450862,0.0,1
230663,4858,120.83705741621047,-33.796671816745054,0,1,0.30146878936249927,0.0,1
230695,4859,119.57547212595998,-32.869305984327056,0,1,0.2864209913265785,0.0,1
230726,4860,91.13040000182761,-21.3579553810779,0,1,0.18101426506434926,0.0,1
230754,4861,93.45138082662385,-24.521324265654005,0,1,0.21869540846155963,0.0,1
230779,4862,79.46879084386013,-20.331431014292672,0,1,0.17955459745418598,0.0,1
230801,4863,67.07995211312151,-13.664363969990756,0,1,0.15071423409579204,0.02757265522642521,1
230824,4864,109.3302139437186,-34.26423143201518,0,1,0.3673764471395497,0.0,1
230855,4865,135.03415629347055,-38.1405952499538,0,1,0.3593538460494954,0.0,1
230881,4866,104.13145638769826,-29.145263279348285,0,1,0.2897570234125053,0.0,1
230903,4867,68.14889712851254,-15.0267659552064,0,1,0.13430239430688862,0.010287199842762844,1
230935,4868,136.3579489796744,-36.17035191362555,0,1,0.35024854948565526,0.0,1
230963,4869,98.82838539791133,-25.557635500462908,0,1,0.24277527651969535,0.0,1
230998,4870,112.75938944051906,-26.388464560140157,0,1,0.23211278392281776,0.0,1
231023,4871,61.0576226919426,-12.24834866487738,0,1,0.0855472523977846,0.004312713211287453,1
231055,4872,106.75473842029544,-26.990130717887585,0,1,0.23582357276344076,0.0,1
231080,4873,98.58829288205831,-26.835051297877833,0,1,0.2765088631402618,0.005048235044546417,1
231105,4874,64.89064885545235,-13.970636466919526,0,1,0.10819269398209722,0.0,1
231131,4875,93.95963229204878,-24.5109892187765,0,1,0.2399686987358907,0.0034953294879588375,1
231169,4876,118.20199112358571,-27.16290392236651,0,1,0.22954655777444047,0.0008248715205388465,1
231189,4877,51.033167337401586,-12.145017179889825,0,1,0.06482180416930408,0.004092852471420373,1
231215,4878,77.42681888438099,-19.076858760394213,0,1,0.15778493795356063,0.0,1
231241,4879,110.1005936501603,-31.194597270272673,0,1,0.318696370732223,0.0,1
231271,4880,107.63533710216446,-27.685723485751808,0,1,0.2566455237172348,0.0,1
231311,4881,177.94490593523662,-47.44643449360616,0,1,0.4010387762947305,0.0,1
231343,4882,90.75876397990444,-17.17125450348597,0,1,0.17535291686944027,0.010761314980254438,1
231368,4883,84.84744346146897,-22.72891277836306,0,1,0.2071020429316456,0.0,1
231395,4884,88.07412493510681,-22.206607318162266,0,1,0.20357903341335903,0.000261136273300781,1
231428,4885,92.35758488153016,-16.925437956028677,0,1,0.18013747355130744,0.018401296867961638,1
231457,4886,103.14781309829019,-26.6444259620121,0,1,0.2511355519056645,0.0,1
231484,4887,76.65972627181651,-18.759314526991933,0,1,0.15002566220566693,0.0,1
231507,4888,75.05172245631448,-19.66769339680149,0,1,0.1731755217284602,0.003950264909131205,1
231539,4889,102.24290391070345,-24.74481420838572,0,1,0.2193840444167424,0.0,1
231562,4890,64.04739547453534,-16.732823018996793,0,1,0.11462348383593494,0.0,1
231594,4891,126.92829441341917,-33.2521163734829,0,1,0.3143436147804228,0.0,1
231625,4892,92.0122933299971,-21.22721150898945,0,1,0.1846571293873404,0.0,1
231656,4893,109.72338855741265,-27.48212454052954,0,1,0.25422522594564273,0.0,1
231686,4894,106.41326752117749,-27.65221766593026,0,1,0.25175413796389173,0.0,1
231713,4895,71.62696877686508,-12.019899163013664,0,1,0.13033183088862454,0.01560054819017536,1
231746,4896,109.19040967158271,-25.959045352880306,0,1,0.23313043259223457,0.0,1
231773,4897,72.5425777495831,-10.628731559444125,0,1,0.12180576001811538,0.01660349215002332,1
231804,4898,118.153306224333,-30.98571743773153,0,1,0.28911218759747037,0.0,1
231843,4899,50.512029270573635,150.2512895294999,0,1,0.22259338562899195,0.5807872399186734,1
231868,4900,95.54886519737914,-26.81230552789109,0,1,0.2583022660051251,0.00011754063611823959,1
231897,4901,114.39722037083266,-30.244204507635754,0,1,0.29632027125014365,0.0009755011800104136,1
231924,4902,75.67935252855362,-17.253505895865864,0,1,0.14372503532540415,0.0,1
231951,4903,82.74197552946822,-20.29340672407001,0,1,0.1773048000229029,0.0,1
231980,4904,81.99874258232074,-16.33545459238662,0,1,0.16110119202751927,0.011463497775796047,1
232005,4905,64.32629054546942,-14.265071258329598,0,1,0.10226063691662816,0.0,1
232035,4906,105.43091539903152,-27.3030937792785,0,1,0.2479898989308003,0.00013437657437107635,1
232053,4907,55.62185771027208,-14.136176694711217,0,1,0.09843454996837732,0.005254206042710143,1
232080,4908,113.01785694542963,-31.704315718381196,0,1,0.3162753857112752,0.0,1
232109,4909,89.17991683151348,-21.216633728460142,0,1,0.19173115035935132,0.0013559395766152033,1
232138,4910,95.83761130156182,-23.087129362036293,0,1,0.2152604494913344,0.0,1
232167,4911,114.04148088300268,-31.610022458678756,0,1,0.29549888956392023,0.0,1
232202,4912,132.6587954149897,-31.95257039402001,0,1,0.29849740415678006,0.006814264521520866,1
232236,4913,139.42336063967917,-37.49009510431766,0,1,0.33814134760876025,0.0,1
232256,4914,66.81914321202282,-14.591779170911732,0,1,0.14766278989375245,0.016799463448211933,1
232290,4915,104.32421304742107,-23.987976952986536,0,1,0.20909180902499303,0.0,1
232317,4916,74.59554256120677,-17.30016352281034,0,1,0.1392260311645269,0.0,1
232346,4917,80.19172557549473,-15.523057170434772,0,1,0.15450206586080154,0.009369707534172728,1
232378,4918,90.10817569622498,-18.76779069736721,0,1,0.16949276627286264,0.001129183947802685,1
232419,4919,52.32926498350609,158.82408875628371,0,1,0.22264200522103694,0.5784503722090995,1
232451,4920,59.41712782805381,61.22727718591189,0,1,0.1752310705717029,0.33265334763663235,1
232485,4921,46.37366740003634,154.9056610870361,0,1,0.2543713290879519,0.6892096604435763,1
232507,4922,73.86503555858974,-19.9262740968002,0,1,0.18205548884679565,0.0,1
232532,4923,73.35768097532872,-17.989002352846924,0,1,0.1469762851747309,0.0,1
232558,4924,64.4520422190192,-14.3058954090396,0,1,0.0976220756804417,0.0,1
232583,4925,72.67864514449931,-16.204790490540095,0,1,0.14969357280633877,0.006925069612184591,1
232619,4926,110.29539450166868,-25.690141719930452,0,1,0.21682439118854396,0.0,1
232653,4927,97.8839652835377,-21.448560616985485,0,1,0.18544060268046988,0.0007033891588769791,1
232686,4928,97.86551020738463,-22.582975098216522,0,1,0.19237748335614158,0.0,1
232718,4929,97.63634330830507,-22.46365812002655,0,1,0.20021268960196115,0.0,1
232744,4930,72.01260003711215,-16.422856355261253,0,1,0.1315692258124004,0.0,1
232783,4931,135.4614170197685,-33.59623147107378,0,1,0.2759960278031394,0.0,1
232808,4932,74.5744661893757,-18.382339233015998,0,1,0.1567781343792197,0.0,1
232845,4933,114.21651551355643,-25.85848059049086,0,1,0.22224228411370836,0.0016379985009008424,1
232876,4934,92.6341409149818,-21.193928659919706,0,1,0.1879883950897432,0.0,1
232916,4935,123.67179838608465,-26.812855662977295,0,1,0.2316376718476158,0.002627296331809975,1
232944,4936,74.23648926579563,-14.910833884586669,0,1,0.12985474304892272,0.0009880641433354094,1
232972,4937,98.7042555964364,-24.48236528775985,0,1,0.23603072885902585,0.0,1
233004,4938,87.34774216450029,-19.002331164235226,0,1,0.15977245639424814,0.0,1
233035,4939,104.78718001448036,-26.7074018149021,0,1,0.23607031798479738,0.0,1
233064,4940,109.29752904488774,-29.01291917162469,0,1,0.2765601012202965,0.0,1
233099,4941,97.01381741637552,-20.557545754973543,0,1,0.1777037177975347,0.0,1
233134,4942,21.09232083236272,197.94993925035902,0,1,0.20965702559516164,0.8085153365692582,1
233169,4943,103.88087913365814,-22.620095911107896,0,1,0.2007303674644194,0.0,1
233202,4944,112.47625640965917,-27.420414811815718,0,1,0.2463989613284396,0.0,1
233237,4945,105.32593691096938,-23.676323971042205,0,1,0.2054513235199401,0.0,1
233268,4946,105.57499828006613,-24.688054842603467,0,1,0.24174410212968933,0.006041999648751558,1
233302,4947,134.4078756010176,-35.13511486016823,0,1,0.31959107465330455,0.0,1
233333,4948,109.07324307653988,-26.867058814749548,0,1,0.254333346316417,0.0,1
233379,4949,49.93943178899799,346.1215684903742,0,1,0.40549525678590115,1.0983178074146678,1
233414,4950,62.02245904590504,73.4677517857105,0,1,0.18199524044097853,0.35028182585267154,1
233454,4951,125.45168784756046,-27.435313369465685,0,1,0.23447272964995478,0.0,1
233483,4952,97.6899115882888,-24.86241284606898,0,1,0.22596900093757516,0.0,1
233517,4953,101.92288519696314,-23.53779993587725,0,1,0.2005657176785427,0.0,1
233555,4954,111.63259517135828,-24.41616030119787,0,1,0.20961671802141726,0.0012702256359585957,1
233579,4955,92.54337289806374,-25.933931239365798,0,1,0.26178628987328706,0.0,1
233614,4956,42.24290846191204,174.29715347304943,0,1,0.25714452814085254,0.7392322887753802,1
233653,4957,134.834303545575,-31.838671743089023,0,1,0.27232161193310783,0.0,1
233689,4958,127.98818158166253,-31.635760044586227,0,1,0.27870203912934827,0.0,1
233724,4959,117.81900009376525,-27.742157089772157,0,1,0.2494154987797903,0.0,1
233761,4960,115.63958616239302,-26.27255148200502,0,1,0.22748187814148763,0.0,1
233795,4961,96.74785624746224,30.708743213646255,0,1,0.2681992945429982,0.23529411764705882,1
233822,4962,100.017215379124,-26.12702689629648,0,1,0.2532415233764495,0.0,1
233849,4963,67.27790181299258,-13.943874147631949,0,1,0.10219134814771642,0.0,1
233891,4964,136.09488576990634,-31.22307098047737,0,1,0.25511214375024743,0.0,1
233925,4965,51.86447650271176,100.34717652912718,0,1,0.19212664242733218,0.4651039366849634,1
233958,4966,55.542037684337224,86.0573714775408,0,1,0.19238353508317255,0.4239620773242646,1
233990,4967,106.44409600976215,-25.80922373192152,0,1,0.23254053296566057,0.0,1
234025,4968,103.15201817368276,-23.31532287698222,0,1,0.19901189070625058,0.002315713622869825,1
234062,4969,106.99323686694918,-23.7284754181083,0,1,0.19729797941290522,0.0,1
234092,4970,105.65074237953074,-28.25621036587617,0,1,0.24900834260257362,0.0,1
234123,4971,106.82934171012202,-25.71944809143487,0,1,0.2416482208264518,0.0,1
234144,4972,83.40477155643742,-24.025207126136262,0,1,0.2505096588939228,0.0,1
234175,4973,113.64822185871444,-30.58677961643056,0,1,0.2714938431098509,0.0,1
234204,4974,107.7899544791782,-28.89122663276413,0,1,0.2717332535479351,0.0,1
234227,4975,91.53024559140523,-26.268928497018393,0,1,0.2678049698383639,0.0,1
234262,4976,109.98510846833568,-23.779488029419927,0,1,0.22382839138072644,0.00264087596896479,1
234295,4977,107.64083687124156,-25.644122847497655,0,1,0.2309393572655094,0.0,1
234326,4978,125.80996026759347,-34.5934928289161,0,1,0.3196016446607922,0.0,1
234360,4979,77.22195791401782,34.426386320278496,0,1,0.1917438664308599,0.2228754522400827,1
234385,4980,75.06633461048702,-19.484731764001832,0,1,0.15642387951164274,0.0,1
234413,4981,91.64727333449184,-23.080323650181374,0,1,0.20968560599453373,0.0,1
234442,4982,111.33018179734731,-29.14293116840368,0,1,0.2842624343154865,0.0,1
234477,4983,109.6963227954499,-25.79359558503193,0,1,0.2214636474117095,0.0,1
234504,4984,97.50405043075646,-25.158487850730225,0,1,0.2437267610968909,0.0,1
234527,4985,69.3302467558304,-19.04513728656295,0,1,0.14806697416125025,0.0,1
234561,4986,133.4781779346489,-35.749232411861044,0,1,0.31611604687982353,0.0013852396285169103,1
234597,4987,26.856623348267366,184.8562361013081,0,1,0.20116777383372356,0.7363459942517933,1
234627,4988,110.39888924382255,-28.43638578282568,0,1,0.2683016510418314,0.0,1
234648,4989,66.21255511456226,-18.205868506252422,0,1,0.1476497811427807,0.0,1
234683,4990,137.17717416390673,-34.810937341773894,0,1,0.31894222263777283,0.0,1
234708,4991,83.14929915371283,-21.463244194409917,0,1,0.19896944280313117,0.0,1
234743,4992,116.87344692066662,-27.372381788430438,0,1,0.24579735997805896,0.0,1
234768,4993,80.8391140454581,-20.838120591339006,0,1,0.18531215159765768,0.0,1
234805,4994,52.753462205342004,131.98109600813183,0,1,0.22005590047984294,0.5471947156665201,1
234833,4995,104.8673597970919,-28.289423535984316,0,1,0.26651343119548454,0.0,1
234860,4996,151.70794296295406,-47.04028184655441,0,1,0.5009226709436572,0.0,1
234889,4997,105.32522672171984,-27.895155336832556,0,1,0.2568934477418193,0.0,1
234924,4998,114.84452400626873,-27.14791960772804,0,1,0.23874104927243062,0.0,1
234947,4999,76.16530067670935,-20.82044103328494,0,1,0.18377774398103755,0.0,1
234980,5000,120.69729400123884,-30.195883420164343,0,1,0.2783514694081278,0.0,1
235011,5001,114.86709779586366,-29.852662069516647,0,1,0.2750443430470942,0.0,1
235050,5002,126.89143377328227,-29.08981160233138,0,1,0.24872051453792338,0.0,1
235087,5003,147.28017410295428,-38.016516224730104,0,1,0.3352047102522685,0.0,1
235126,5004,19.141210228886216,244.61872092906475,0,1,0.2343698906697186,0.8866735165084034,1
235159,5005,117.79234593440185,-29.926864481052178,0,1,0.2672991837837005,0.0,1
235192,5006,123.49128887171514,-31.75196175596041,0,1,0.2885724316118364,0.0,1
235224,5007,120.24524158720206,-30.81241063945309,0,1,0.2872616822083967,0.0,1
235259,5008,58.68626063633674,92.03263565626025,0,1,0.19829427002303968,0.4245732917757981,1
235296,5009,22.753654200101387,195.39150495395455,0,1,0.1943770222921823,0.7512294149047196,1
235331,5010,48.2955646298949,138.87617793257328,0,1,0.22819872778076725,0.6035769300852023,1
235367,5011,47.704322487220516,137.92207162862192,0,1,0.21569657480835122,0.5789484470919024,1
235400,5012,113.74492084807504,-28.853216981231142,0,1,0.2524076768378365,0.0,1
235432,5013,76.86352072872887,63.389682243924966,0,1,0.25416869858389085,0.369922410234844,1
235467,5014,112.55383643990646,-23.49310122205741,0,1,0.2341986540742736,0.010419537092994657,1
235498,5015,112.91941414805267,-28.588071714337374,0,1,0.2686649596247879,0.0,1
235537,5016,137.138045138731,-32.86900396807521,0,1,0.28029481346769547,0.0,1
235571,5017,109.65376520551061,-25.382384697794137,0,1,0.22945733406210772,0.0,1
235609,5018,141.9732669900337,-35.368305825423946,0,1,0.30546736616053055,0.0,1
235643,5019,118.85071301955145,-29.63691061237202,0,1,0.26294855514552595,5.562142736538256e-05,1
235678,5020,108.16477526173335,-23.671849338169167,0,1,0.2140636264224153,0.0,1
235711,5021,114.4754143427136,-27.966610967091235,0,1,0.2547193390673329,0.0,1
235732,5022,81.53029816902622,-24.32433849674854,0,1,0.23775789862593472,0.0,1
235766,5023,117.05501476075993,-28.19326556114554,0,1,0.2573354245545822,0.0007962106951509614,1
235801,5024,130.0474800623819,-32.151978492174514,0,1,0.2936754473520935,0.0,1
235836,5025,122.24099189009166,-29.963376743451008,0,1,0.2646632098815942,0.0013538544017485648,1
235872,5026,106.39045327364882,-23.453975579527704,0,1,0.20183261713694442,0.0,1
235908,5027,103.66861338958415,-22.637019024785612,0,1,0.1942374889055597,0.0,1
235944,5028,118.75944023213255,-28.187889274304812,0,1,0.24477552402762973,0.0,1
235971,5029,95.27606697229723,-23.805706884135788,0,1,0.23574647568248264,0.0,1
236003,5030,112.94831974600308,-27.80634112074837,0,1,0.260462061457889,0.0,1
236035,5031,112.00281258847409,-28.417233763296508,0,1,0.25770681897397685,0.0,1
236057,5032,83.92268125363907,-23.792262284779035,0,1,0.24061153720586337,0.0,1
236083,5033,93.52616283733852,-25.226991098906453,0,1,0.23896075056642302,0.0,1
236113,5034,119.41352419480336,-32.64751863568613,0,1,0.3081615308532589,0.0,1
236145,5035,106.23516078660325,-24.403233166928707,0,1,0.23329228171973876,0.0,1
236169,5036,100.92011724627031,-28.750464904269606,0,1,0.30373005978566703,0.0,1
236198,5037,107.75117137717439,-28.158162901191208,0,1,0.2682659430937693,0.0,1
236230,5038,120.35079676980988,-31.458933299068846,0,1,0.2856288632973952,0.0,1
236265,5039,128.2751987744285,-33.10992361999894,0,1,0.287515451533927,0.0,1
236297,5040,128.80009159945058,-34.70207390683707,0,1,0.3197905131050297,0.0,1
236320,5041,54.66195741035669,-11.95695090606614,0,1,0.06393598858615504,0.0,1
236340,5042,47.29787681615477,-11.687089758884957,0,1,0.03994361035180628,0.0,1
236365,5043,82.47217967249753,-20.25342135729911,0,1,0.19621805689379446,0.0,1
236393,5044,79.24621298433348,-18.082058037305103,0,1,0.15200368245392154,0.0,1
236420,5045,58.49112046187929,-7.7059484865870616,0,1,0.05549453751430801,0.0019689428305665487,1
236448,5046,95.01900110295259,-23.181854419295462,0,1,0.22009013324506968,0.0004690923133922176,1
236470,5047,56.4150830873394,-13.593996344295434,0,1,0.0811289786440237,0.0,1
236503,5048,104.03159124099618,-24.028269519371072,0,1,0.21537666675919592,0.0,1
236536,5049,110.85112138431344,-26.601698626376535,0,1,0.24213949999494655,0.0,1
236569,5050,112.33647512554532,-27.356592487678324,0,1,0.24667329912452243,0.0,1
236607,5051,131.79667324514594,-32.05383778857817,0,1,0.2713666085289618,0.0,1
236649,5052,125.61617173946678,-26.861276109220995,0,1,0.22438053487558393,0.0,1
236683,5053,108.18699149001543,-24.48331601781227,0,1,0.22424758508466158,0.0,1
236717,5054,124.6825196256813,-31.06913318157539,0,1,0.2840545311928236,0.0,1
236753,5055,148.1751600669706,-38.83811484148201,0,1,0.34718056099165095,0.0,1
236790,5056,118.71066562357731,-26.668365037479134,0,1,0.2357080666534421,0.0009491274286034626,1
236822,5057,112.52280567294589,-27.7826844307653,0,1,0.2562301017507728,0.0,1
236852,5058,94.50979516196142,-22.42475160652249,0,1,0.20322489515202005,0.0005264962136507949,1
236872,5059,47.93881497697326,-9.831895090494536,0,1,0.03324780777754613,0.006160874705306246,1
236913,5060,144.92018284833205,-33.46146225815784,0,1,0.28771604667647477,0.0,1
236949,5061,116.1670093796192,-26.322761253806696,0,1,0.23707543096057135,0.0,1
236984,5062,103.90980824617147,-22.515371298294397,0,1,0.20034915940955153,0.0,1
237023,5063,134.70996568056452,-31.48792355240363,0,1,0.27211802660300677,0.0005555378351844836,1
237055,5064,120.3484734277524,-31.02248722310932,0,1,0.28812326971721164,0.0,1
237093,5065,124.49207534523052,-29.755990952866522,0,1,0.24923053733985773,0.0,1
237118,5066,70.81072498804289,-16.114829542124248,0,1,0.13698032110528657,0.0011609200594964375,1
237141,5067,60.517523900866124,-13.983995255677343,0,1,0.09429776037450681,0.0,1
237178,5068,123.56377550724321,-28.734116508722742,0,1,0.2519898119730618,0.0,1
237212,5069,113.87794697627248,-26.02762168136823,0,1,0.2447021568012031,0.0,1
237247,5070,108.6152296941242,-24.582686701885066,0,1,0.21770000210970583,0.0007087507918951898,1
237277,5071,114.76574559710919,-30.664726233037527,0,1,0.2861551564956929,0.0,1
237305,5072,82.91090975084458,-8.690763484301229,0,1,0.18811656272608282,0.04959843540526322,1
237340,5073,118.86398004572438,-28.912457122880028,0,1,0.25190744739760057,0.0009222901308003561,1
237359,5074,46.38217911900456,-12.245609525729277,0,1,0.03389343955825431,0.0,1
237383,5075,68.56715469284542,-17.064360211883695,0,1,0.13300595672610827,0.0,1
237416,5076,125.40031020339333,-30.829485973201265,0,1,0.29719597216857996,0.0,1
237453,5077,71.28168312703879,86.86337547190105,0,1,0.22427029707371315,0.3938286005091333,1
237488,5078,54.8338240939054,137.6046944987821,0,1,0.25026189783103486,0.6058039481743522,1
237516,5079,102.6510483734327,-27.52950470031147,0,1,0.2581176025802149,0.0,1
237551,5080,133.47369264189962,-34.01222031355553,0,1,0.30572239134026247,0.0,1
237577,5081,74.10320254336831,-17.883666333448655,0,1,0.14234018737966908,0.0,1
237611,5082,116.45348210714849,-27.49316352655229,0,1,0.25211953286283695,0.0,1
237649,5083,107.06401139668957,15.025740849160272,0,1,0.24692283464104386,0.15000321923148183,1
237678,5084,111.60515398682304,-29.801730766528983,0,1,0.2862876375088981,0.0,1
237707,5085,106.13871387310961,-27.178415641267275,0,1,0.26194691094411726,0.0,1
237743,5086,122.27267972181579,-29.121846674468436,0,1,0.25733718390337645,0.0,1
237778,5087,140.05562873339326,-36.817742192185264,0,1,0.3301257529080289,0.0,1
237814,5088,117.43129366185968,-28.004545993382298,0,1,0.23928096683721278,0.0,1
237835,5089,79.33679808641352,-23.11454719166637,0,1,0.2232672681788294,0.0,1
237867,5090,119.45473886484443,-30.297548484768917,0,1,0.2871779993293762,0.0,1
237891,5091,61.99150487632359,-13.215814443257457,0,1,0.09558263042504749,0.0,1
237907,5092,43.3619786668214,-10.499042630028057,0,1,0.027808402490100286,0.0104710281677273,1
237936,5093,110.79643124272434,-28.073817857217872,0,1,0.2800653348531742,0.0,1
237957,5094,52.499595250651275,-12.553653567105838,0,1,0.06331907893075035,0.0006105607335956892,1
237978,5095,62.09077608530211,-16.214825146232677,0,1,0.11855558755237659,0.0,1
238006,5096,79.87700476866425,-18.22325010132336,0,1,0.1558156263403195,0.0,1
238039,5097,43.31900057246564,126.11493123357732,0,1,0.20465070142337327,0.5817345318318918,1
238069,5098,102.18721365976441,-24.60515282076158,0,1,0.23430551107374556,0.0,1
238098,5099,82.11178435781302,-17.99265671066443,0,1,0.15849949694167179,0.0,1
238133,5100,107.65802232241028,-23.9408852030426,0,1,0.2139745560593899,0.0,1
238165,5101,108.91563231377248,-26.028680622783504,0,1,0.24335185385792757,0.0,1
238195,5102,100.55246255537374,-24.752500469636292,0,1,0.22808640177169098,0.0,1
238229,5103,134.09281968568266,-35.25210902034547,0,1,0.3183502731681427,0.0,1
238263,5104,112.84293208822946,-26.18151287515546,0,1,0.23882675385370705,0.0,1
238299,5105,43.36774937065975,130.0234562915735,0,1,0.1868045562398407,0.541178580812656,1
238326,5106,106.08611201341812,-29.67971385420516,0,1,0.28815130151666135,0.0,1
238366,5107,122.79908296690853,-27.655719418929657,0,1,0.22846574441885234,0.0,1
238404,5108,142.63423282925694,-35.80004285977476,0,1,0.30636623675638613,0.0,1
238439,5109,132.99016358704114,-33.52948544986817,0,1,0.3028502720873672,0.0,1
238473,5110,118.77867896277017,-29.364233841756057,0,1,0.2612928625228794,0.0,1
238495,5111,79.86569277942056,-22.37047793918593,0,1,0.21122752381984808,0.0,1
238521,5112,76.14691258592265,-18.37992090862386,0,1,0.15184752304201848,0.0,1
238561,5113,116.96760447572944,-24.76882411429761,0,1,0.20989299107970977,0.0,1
238590,5114,78.86081840763822,-18.108492414525585,0,1,0.14595120932113836,0.0,1
238620,5115,111.66947036502789,-30.66803778069665,0,1,0.27433088865327737,0.0,1
238656,5116,131.43870616141504,-32.42466506262116,0,1,0.28741024927056924,0.0,1
238692,5117,141.41848501400835,-37.27276680286052,0,1,0.3245530272008403,0.0,1
238725,5118,135.71334096954638,-36.958798583303164,0,1,0.33462827095480446,0.0,1
238768,5119,99.53829808823187,153.90330042669322,0,1,0.3573034862949794,0.5835153653031854,1
238805,5120,115.12800320597528,-26.0880250233122,0,1,0.22453939479262472,0.0,1
238838,5121,106.20061910171165,-24.206417563641732,0,1,0.2230866037038545,0.0,1
238862,5122,67.28380669367584,-16.129138005798186,0,1,0.1258581134240194,0.0,1
238898,5123,112.89969288911675,-25.793784389448167,0,1,0.22465105053989942,0.0,1
238937,5124,125.30027200357553,-29.310501103762363,0,1,0.2427714477093908,0.0,1
238968,5125,95.17830842169124,-21.568307000940088,0,1,0.19635515972548465,0.0001276584365676035,1
239007,5126,97.2079089384601,78.76568713977164,0,1,0.2929030425053005,0.3726366993989398,1
239035,5127,99.73113591800954,-26.607742677526353,0,1,0.24604324407290004,0.0,1
239070,5128,127.61263669285884,-31.010846134421026,0,1,0.28397034278186734,0.0,1
239108,5129,96.3907437630773,60.71192832098271,0,1,0.27247771441108953,0.31093026676094526,1
239142,5130,142.88285254615627,-38.38017097025962,0,1,0.35029403618732663,0.0,1
239177,5131,122.13392172579347,-29.87059578346704,0,1,0.26548651861006084,0.0,1
239209,5132,114.90343663817572,-28.239678030786067,0,1,0.26712883718187086,0.0,1
239243,5133,121.38172155587364,-29.778940151797464,0,1,0.2712851994599643,0.0,1
239278,5134,111.22376319828402,-25.116585275909504,0,1,0.22628278325879284,0.0,1
239308,5135,103.81686913462894,-25.906767539461967,0,1,0.24284116551944315,0.0,1
239340,5136,102.97142287608766,-23.479528901192843,0,1,0.21764410471864465,0.0,1
239378,5137,127.1183770436402,-29.706376980660735,0,1,0.2552574621078284,0.0,1
239409,5138,96.18798793645175,-22.69775502120552,0,1,0.2014749987758466,0.0,1
239440,5139,94.99968232204233,-22.12024562406219,0,1,0.19646969605880915,0.0,1
239478,5140,118.16777291922952,-26.47883801579607,0,1,0.22737911948671427,0.0,1
239509,5141,112.61033811998985,-29.03409720520517,0,1,0.2660557533892727,0.0,1
239543,5142,120.61910132761606,-29.587365730659332,0,1,0.26752957852498704,0.0,1
239571,5143,94.74162234688009,-23.50100605539459,0,1,0.22266513783357852,0.0,1
239609,5144,125.92402939189583,-29.164574081901698,0,1,0.25362390389496214,0.0,1
239628,5145,76.93287109596861,-24.309590575710693,0,1,0.23974554295561323,0.0,1
239656,5146,110.12931639292489,-29.466370652946296,0,1,0.2909059234154157,0.0,1
239686,5147,106.29064956535046,-26.96796777164454,0,1,0.25257488036027603,0.0,1
239715,5148,110.2118578896966,-29.479601949304524,0,1,0.2780754848179305,0.0,1
239751,5149,120.39475701186203,-28.90825465820712,0,1,0.24987674955916056,0.0,1
239780,5150,94.32525525911603,-23.39380310229707,0,1,0.2103936431838215,0.0,1
239812,5151,110.89628662309053,-27.83087984584548,0,1,0.2528490457111171,0.0,1
239843,5152,119.61447000974798,-31.74694141640927,0,1,0.2965016104900297,0.0,1
239880,5153,47.90227496089764,201.45230127604046,0,1,0.29990077685842886,0.8121789497325576,1
239920,5154,133.55795841995672,-31.283714015108217,0,1,0.2628821978245702,0.0,1
239952,5155,130.51623775260083,-34.99518180997262,0,1,0.3263628443006814,0.0,1
239982,5156,106.13648056969583,-26.35440565772022,0,1,0.250014329036134,0.0,1
240018,5157,148.75125874998406,-38.18812040531609,0,1,0.3481478440235915,0.0,1
240049,5158,120.62789375960094,-32.157896190487264,0,1,0.2995865013974373,0.0,1
240086,5159,24.520954754479142,228.30913300509638,0,1,0.2512989981271485,0.8848509818786275,1
240124,5160,153.87938896396543,-39.985211085466275,0,1,0.3433746098632609,0.0,1
240157,5161,117.77086640604367,-28.472042771594197,0,1,0.26613999692825924,0.0,1
240197,5162,129.4771657139596,-28.6415746577439,0,1,0.2490989798921878,0.0,1
240235,5163,124.09256857507853,-28.08538024192612,0,1,0.24764136837591527,0.0,1
240269,5164,96.39437643203738,-20.5169286438441,0,1,0.17891378289046042,0.0,1
240306,5165,61.030346112655344,139.3425372371078,0,1,0.26089637524338855,0.5861746247212569,1
240342,5166,39.51263366686214,172.13361836766097,0,1,0.2333682507812552,0.7062787714786007,1
240375,5167,123.23722818812375,-31.6728409329614,0,1,0.28954433092053405,0.0,1
240411,5168,131.1317339667785,-32.819676198903394,0,1,0.2892908825631804,0.0,1
240449,5169,141.4648955481443,-35.13513067905152,0,1,0.3063216637575944,0.0,1
240478,5170,117.67632910832214,-32.45662606293446,0,1,0.31416154431309584,0.0,1
240514,5171,144.06973792480304,-37.37127279095955,0,1,0.332440395822939,0.0,1
240545,5172,97.03623699072062,-23.350439986206275,0,1,0.20652688660269589,0.0,1
240579,5173,104.50503024083204,-24.448773740151907,0,1,0.21016674898681528,0.0,1
240611,5174,99.10466541853668,-24.409510477357905,0,1,0.20507183491467132,0.0,1
240645,5175,103.5716526741302,-23.666213431622594,0,1,0.20668487401401683,0.0,1
240679,5176,115.39045368673793,-27.349817676372048,0,1,0.2503068329722792,0.0,1
240714,5177,110.48236770651712,-25.236473523949034,0,1,0.22414444095599326,0.0,1
240747,5178,111.8204330195884,-27.27495207065216,0,1,0.24871333998930428,0.0,1
240782,5179,131.68906280860722,-32.76389948480944,0,1,0.30076547938640186,0.0,1
240812,5180,93.10293748289129,-16.456924618141464,0,1,0.20573073416443258,0.022384188048412284,1
240850,5181,113.71840463740682,-25.654518391932562,0,1,0.21401725872565147,0.0,1
240887,5182,132.7497569560671,-32.53205737611713,0,1,0.2845576039289155,0.0,1
240924,5183,146.35765404752038,-37.17151667846754,0,1,0.32929167666487263,0.0,1
240955,5184,103.6934681061632,-25.68660076377387,0,1,0.23199926745410274,0.0,1
240984,5185,105.48487820211594,-27.98077777228073,0,1,0.25971576536763874,0.0,1
241019,5186,90.68042524037014,33.648949436803505,0,1,0.23956974891100766,0.22857142857142856,1
241060,5187,70.81885279629157,131.20145950508385,0,1,0.25178976477998194,0.5016140126893744,1
241088,5188,109.12612038055602,-30.11758133805009,0,1,0.2884140843699,0.0,1
241125,5189,40.21805427989663,167.7201771732909,0,1,0.22215459406281732,0.6675790396467715,1
241168,5190,64.10457489474055,197.23571552273788,0,1,0.29713192016719575,0.6881709938822556,1
241203,5191,116.37571149761382,-27.88749535728605,0,1,0.2450973187065553,0.0,1
241242,5192,104.28368590264915,51.41163358041272,0,1,0.27876907764855385,0.27854057107957997,1
241273,5193,109.51418694974504,-28.33534246900246,0,1,0.2569460373162169,0.0,1
241303,5194,121.53162151962647,-33.12677218626784,0,1,0.3173374827742407,0.0,1
241340,5195,135.63403456073755,-33.69833724168931,0,1,0.2954882290916334,0.0,1
241375,5196,26.989105969561468,179.54751705521,0,1,0.20271487625642304,0.7400960943286433,1
241409,5197,62.56586749410358,95.27791768391586,0,1,0.22839591157543937,0.45798684885736995,1
241445,5198,125.37405759906073,17.199900858284664,0,1,0.34219451565121717,0.19837869023122132,1
241479,5199,22.619820265612322,170.67351685218432,0,1,0.17893540907069494,0.7186356776225203,1
241515,5200,113.4768093045952,-25.947865942964498,0,1,0.2278170319361782,0.0,1
241553,5201,131.18782547076214,-30.93596229345765,0,1,0.2700161228548909,0.0,1
241585,5202,120.70828595435387,-31.738879249258222,0,1,0.28891956592339096,0.0,1
241623,5203,43.783382181197815,197.13842825072686,0,1,0.2688450321178449,0.7654515182889872,1
241662,5204,153.38597144518295,-38.608302655409375,0,1,0.3306223061307825,0.0,1
241710,5205,157.1080660674134,-34.41223407965177,0,1,0.27210133579847035,0.0,1
241741,5206,116.5415848011215,-30.367596423404926,0,1,0.2835338748453629,0.0,1
241764,5207,64.71707859380217,-16.122725945858686,0,1,0.12037792586217147,0.0,1
241799,5208,40.71367093033757,192.46308156724186,0,1,0.2795578998100649,0.8141592178717741,1
241835,5209,25.215069608263708,216.61278422974655,0,1,0.24356777870752097,0.8641976743960168,1
241868,5210,102.80545646149915,-22.88419699703923,0,1,0.21077077212697268,0.0,1
241902,5211,132.70024571563897,-34.209739213526305,0,1,0.3133274814044732,0.0,1
241943,5212,136.81741145229984,-31.517607944018607,0,1,0.26393414140543614,0.0,1
241978,5213,133.8465797725102,-33.74185101476128,0,1,0.30785918212143626,0.0,1
241998,5214,86.09283353421891,-26.34462412194638,0,1,0.2850235793134047,0.0,1
242032,5215,120.39274461655117,-28.976646510337705,0,1,0.26739275533309387,0.00035316822235995185,1
242052,5216,62.864493300567716,-18.531862128680203,0,1,0.13669170041089776,0.0,1
242089,5217,132.38927279291994,-32.46314307719161,0,1,0.28166162376274956,0.0,1
242119,5218,117.88625787373385,-31.4445225315296,0,1,0.3007883656449597,0.0,1
242161,5219,34.365943120677684,263.8344305409751,0,1,0.2905458095941623,0.9040640184136237,1
242188,5220,89.08858478032336,-21.538640783545617,0,1,0.20462885653080282,0.0,1
242229,5221,128.09210493553076,-27.832421430134808,0,1,0.23798850802523042,0.0,1
242263,5222,108.67685181887138,-24.73042111049745,0,1,0.22596461369144433,0.0,1
242297,5223,112.51126007148528,-25.48528150397613,0,1,0.24116225451000187,0.002208322114287528,1
242332,5224,124.19505268694644,-30.4179348068551,0,1,0.2736531257334957,0.001212810541315324,1
242367,5225,107.06115574226745,-23.809752280504227,0,1,0.212896372552981,0.0,1
242399,5226,123.70263888151483,-31.19656392035474,0,1,0.29951378408710905,0.0024063545505929058,1
242429,5227,123.41509598256874,-34.307554719686884,0,1,0.32632561987238257,0.0,1
242463,5228,75.94847111862728,97.66219140296627,0,1,0.2874547900789228,0.48916228308305754,1
242496,5229,133.21875949509536,-35.31377402826514,0,1,0.325575840656529,0.0,1
242532,5230,121.0537621222543,-28.274494098024952,0,1,0.252322665976559,0.0,1
242566,5231,71.154685729737,51.561441296934,0,1,0.19262354451036223,0.2814070713947232,1
242605,5232,117.74614506046558,-25.34890670117159,0,1,0.21942591936880346,0.0,1
242634,5233,117.67198505732256,-31.549164522740867,0,1,0.31284722713044444,0.002591034634694841,1
242653,5234,53.09903311850088,-11.696544368607862,0,1,0.06762234227272347,0.004087782156797118,1
242684,5235,122.45105744187474,-32.350277460800605,0,1,0.30748702718696,0.0,1
242715,5236,103.03484204071587,-24.917775353451507,0,1,0.22806760416311866,0.0,1
242743,5237,79.47896109102876,-16.66048322300902,0,1,0.15468874607770414,0.0,1
242775,5238,97.38642797551873,-21.19503934693132,0,1,0.19148083957715428,0.0,1
242811,5239,126.0572525347857,-30.126956861050843,0,1,0.2669292215565529,0.0,1
242840,5240,118.73012001074804,-32.1166053256248,0,1,0.31683061144945435,0.0,1
242876,5241,109.97509595694487,-23.24573137498814,0,1,0.2154724641576469,0.0,1
242910,5242,109.22201000837104,-25.79383519507316,0,1,0.22857950096767618,0.0,1
242944,5243,102.8711847704766,-22.239071380695286,0,1,0.20314902725688333,0.0007604437888732298,1
242979,5244,115.23117242119467,-26.900606247159246,0,1,0.24112950769886346,0.0,1
243010,5245,117.04115356192635,-30.16417043097428,0,1,0.28558285556414975,0.0,1
243042,5246,106.6944016947613,-25.401998722058575,0,1,0.2334004916384071,0.0,1
243072,5247,107.5538166157398,-28.02180092748108,0,1,0.2575161503159813,0.0,1
243113,5248,162.9541546535109,-39.98234780911195,0,1,0.34401847166048377,0.0,1
243151,5249,118.68224643235848,-26.81786864929561,0,1,0.23040006412129035,0.0,1
243181,5250,103.67485827386827,-25.107202113463195,0,1,0.24064028792868267,0.0,1
243210,5251,109.86228532309487,-28.880834361402545,0,1,0.27609566284496684,0.0,1
243240,5252,122.79702684584531,-33.56186728645472,0,1,0.32076453774121017,0.0,1
243270,5253,106.09892010527292,-27.139825789529176,0,1,0.24931335897613785,0.0,1
243307,5254,125.53363688692691,-28.17030850503945,0,1,0.2597837827662912,0.0,1
243343,5255,134.14380956261107,-32.97144455230122,0,1,0.2962583984882261,0.0,1
243368,5256,76.12873535822973,-15.39451068142273,0,1,0.1658822470373776,0.012921022557900634,1
243400,5257,117.84391936869142,-29.942118169175387,0,1,0.27600346418117716,0.002539018950009111,1
243435,5258,132.36478199810009,-34.4760626005485,0,1,0.3012949057075436,0.00011096071768028095,1
243464,5259,122.32125045026436,-34.014692457361896,0,1,0.33204830060616647,0.0,1
243495,5260,114.00130894786143,-29.305701928520783,0,1,0.27243787419210924,0.0,1
243523,5261,108.93630732593373,-29.633245421093527,0,1,0.28696716416611207,0.0,1
243554,5262,107.76883132130224,-26.793649065301047,0,1,0.24875825803413715,0.00056025591784436,1
243584,5263,130.6655361141698,-36.70051425352405,0,1,0.3524155922155931,0.0,1
243616,5264,132.32498164008666,-35.022811511141924,0,1,0.33475868656421737,0.0,1
243651,5265,136.47917564988978,-34.33447516108384,0,1,0.3153999499270524,0.0,1
243686,5266,124.49563158941487,-29.848071659492998,0,1,0.2742243478879393,0.0,1
243720,5267,107.30365900672346,-23.723693127253746,0,1,0.21979325355543813,0.0025974219834183927,1
243748,5268,119.7653119423002,-33.16970045706955,0,1,0.33585103003920064,0.0,1
243768,5269,50.636557514813965,-10.523810316905308,0,1,0.047696225819742186,0.002260990659064397,1
243800,5270,105.86484372360631,-24.528398854724024,0,1,0.23114933158761777,0.0009102221460712007,1
243819,5271,64.77682038883921,-17.758102240014313,0,1,0.14511386282872282,0.0015034604945566997,1
243849,5272,95.69831871596632,-22.658277511274132,0,1,0.20722506879586813,0.0,1
243882,5273,98.26347532808833,-21.734520754814245,0,1,0.19449962968631299,0.00011233310859937408,1
243909,5274,84.26569690219502,-19.365199417567933,0,1,0.18152958538670047,0.003339332307557236,1
243937,5275,94.6909568690244,-22.253614758615836,0,1,0.2184012914153488,0.0008002802254474852,1
243969,5276,119.30571268168447,-30.17163628201223,0,1,0.28251743776686333,0.0,1
243992,5277,2.431464615164735,48.20878966478152,1,0,0.04878040061641648,0.024381398171472078,2
244025,5278,113.39233738304277,-26.765320244729054,0,1,0.24889406344863754,0.0,1
244050,5279,69.58964426279172,-14.989505933388497,0,1,0.12225881128410764,0.0006868026681007604,1
244084,5280,103.22370600181483,-22.996141707260445,0,1,0.20582509312521793,0.0,1
244108,5281,52.5098541947044,-10.581690434662749,0,1,0.04776690586872312,0.0,1
244136,5282,86.22422495333666,-21.668765166692513,0,1,0.18539961432455845,0.0,1
244165,5283,90.1501503787677,-21.14063957792455,0,1,0.1921323579825574,0.0,1
244196,5284,108.90605557753909,-26.665944207353423,0,1,0.25094840345888547,0.0,1
244234,5285,122.31519269228022,-26.155000817116132,0,1,0.23802851181145604,0.0,1
244266,5286,99.91840513513205,-22.657786428346917,0,1,0.20625878487555427,0.0,1
244300,5287,135.28314982031839,-35.29682709611899,0,1,0.3221243489003456,0.0,1
244332,5288,108.59890866524259,-27.083521650084442,0,1,0.24303638675007022,0.0,1
244360,5289,114.48752325752184,-31.275136163365985,0,1,0.31015542467171914,0.0,1
244388,5290,100.3651361034974,-24.201426089558158,0,1,0.24334940741385122,0.006082188889079078,1
244423,5291,143.31952114089805,-35.025542987578724,0,1,0.32874225783627914,0.0,1
244454,5292,109.82182747108696,-26.217073111733644,0,1,0.2558412830958116,0.0,1
244489,5293,112.89984412448658,-26.393505556105644,0,1,0.23222410824832213,0.0,1
244520,5294,102.94155571934243,-25.25958105192559,0,1,0.2307062694753434,0.0,1
244550,5295,83.78726374524697,-13.52757351284737,0,1,0.16451646700117015,0.016635789279414955,1
244569,5296,42.663567005994096,-8.159334310068234,0,1,0.002342802921900352,0.0029951861269295822,1
244591,5297,51.545202609778755,-8.802908860583623,0,1,0.04261951538856475,0.0026944706920415855,1
244625,5298,107.5656162874009,-24.060918339220212,0,1,0.21809641452248266,0.0,1
244646,5299,45.984321855402,-6.669064546981163,0,1,0.011389947322968986,0.0,1
244683,5300,116.99998904938181,-25.234450701881585,0,1,0.2267349359133397,0.0,1
244717,5301,111.20701740769536,-23.457797095171088,0,1,0.2344565591486829,0.003360504098290502,1
244748,5302,96.2937165618032,-21.457659715320077,0,1,0.20091556861504037,0.0,1
244772,5303,51.675119945700175,-10.105216805293969,0,1,0.042580433238539876,0.0,1
244806,5304,117.10632743870534,-25.87519021361588,0,1,0.2533483711158827,0.0,1
244842,5305,115.9015500955868,-26.48232830244033,0,1,0.23490374589672186,0.0,1
244871,5306,85.93446787939976,-19.48251237482261,0,1,0.17439116929416743,0.0,1
244905,5307,118.32067706475965,-29.215019751825707,0,1,0.2596746576753805,0.0,1
244935,5308,107.3541945265869,-26.959488831557028,0,1,0.25500736836059856,0.0013193852810260223,1
244964,5309,107.11594742447971,-28.004089206838977,0,1,0.26400557523129814,0.0,1
244995,5310,98.68672257657151,-22.409482565929935,0,1,0.2128495821389315,0.0012877321509328732,1
245034,5311,119.2323076682493,-25.26948100742795,0,1,0.22448441354925341,0.0,1
245069,5312,120.7026064904182,-28.06238537932722,0,1,0.25702030038381096,0.0,1
245088,5313,53.86595003326636,-13.539098709102944,0,1,0.0800045366639897,0.004841525081352931,1
245123,5314,112.45974414958481,-25.968602958628352,0,1,0.23155540452456533,0.0,1
245144,5315,-5.673929016556757,48.03759957467507,1,0,0.02791167526509262,0.044280926889105066,2
245177,5316,92.84451851017775,-18.58888180792792,0,1,0.17239612268906557,0.0,1
245216,5317,133.16516599571963,-31.31660260824787,0,1,0.2656285111143011,0.0,1
245245,5318,92.55044063115793,-21.84758133287949,0,1,0.2025607550248255,0.0,1
245280,5319,118.46301994862341,-28.305010606369446,0,1,0.251317795130979,0.0,1
245318,5320,112.92286679109203,-23.424489573133616,0,1,0.2109069287930918,0.0,1
245347,5321,109.2944961726078,-30.09720395937439,0,1,0.27622535684586497,0.0,1
245378,5322,104.54044227797777,-26.388841636957387,0,1,0.23387911473651832,0.0,1
245413,5323,108.88025983657991,-23.88129219391505,0,1,0.2179361903244447,0.0,1
245453,5324,148.841569221363,-36.26845538431256,0,1,0.3086886003769777,0.0,1
245486,5325,107.89564148245913,-24.15274847563929,0,1,0.2266833739418025,0.0027660269415731996,1
245520,5326,121.76895079668395,-29.39615624449317,0,1,0.27214968311195903,0.0,1
245559,5327,132.26832519642434,-31.527286422928306,0,1,0.2653907595977598,0.0,1
245600,5328,136.2975182956373,-30.950417690784583,0,1,0.26156661404103054,0.0,1
245627,5329,78.13409912031688,-18.140206849311554,0,1,0.15415359200487136,0.0,1
245658,5330,111.18972852834588,-28.169266782884556,0,1,0.2607387035325334,0.0,1
245700,5331,139.00248035945492,-31.20958016856332,0,1,0.2623660543666627,0.0,1
245739,5332,132.65641065588312,-30.281375974842035,0,1,0.2694580693439505,0.0,1
245772,5333,131.25151914931928,-33.94953645893773,0,1,0.3193053363890165,0.0,1
245809,5334,22.416866700316525,208.9640146370222,0,1,0.20992280642453962,0.801540267350506,1
245845,5335,22.667088152258394,229.94392198688,0,1,0.2536543825628952,0.9131043901822883,1
245882,5336,29.97802457669959,244.83571279528263,0,1,0.2943564362634638,0.9560381485180993,1
245923,5337,47.94451550573349,247.57073300407583,0,1,0.32504790238840037,0.8884597440266188,1
245955,5338,121.17254479691758,-31.92808446988289,0,1,0.28962364370395055,0.0,1
245984,5339,98.73583661314461,-23.93394193798658,0,1,0.22912399739456132,0.0,1
246019,5340,56.01358909875726,121.97627805361789,0,1,0.23073391120170303,0.5414865428072624,1
246056,5341,41.165861148420035,214.5772388817713,0,1,0.29373741823128635,0.8534843761207888,1
246093,5342,134.127211107987,-32.597344094738,0,1,0.28801580958429435,0.0,1
246125,5343,82.90753894053393,79.35997237139073,0,1,0.31048341079399844,0.4524849836460133,1
246159,5344,21.836174429965144,198.4513102764719,0,1,0.2165298129192631,0.8341264121074949,1
246194,5345,113.70481752206021,-26.635132118725757,0,1,0.2361108270700479,0.0022631879069754555,1
246234,5346,22.61068980524253,268.21361022729724,0,1,0.27153052690513907,0.9528979484258489,1
246273,5347,17.463139149034483,258.97742862271656,0,1,0.24892396193535185,0.9386303965102288,1
246305,5348,129.42400944369575,-35.51145591547183,0,1,0.32335865076459186,0.0,1
246342,5349,12.951970776321776,247.85086714750958,0,1,0.23232188086004585,0.942600545912893,1
246376,5350,123.850464832411,-30.61945132508476,0,1,0.2818663760544308,0.0005845976302456779,1
246414,5351,120.80486591360348,-27.726876393259523,0,1,0.23658812322165895,0.0,1
246453,5352,130.48764236618325,-29.740070304886242,0,1,0.2596486594969062,0.0,1
246486,5353,115.6448838132591,-27.995644699852186,0,1,0.25831705247082076,0.0,1
246519,5354,51.82570778710041,142.24298495949645,0,1,0.26592968657287447,0.6632034044402478,1
246554,5355,34.405450400621255,172.27577860673995,0,1,0.22312764915724798,0.721181668133367,1
246591,5356,34.8597241335777,175.3828773853464,0,1,0.21344003493449518,0.6886874746699362,1
246623,5357,100.15676831979579,-23.216531558388553,0,1,0.21076931976629137,0.0,1
246660,5358,112.2228598108909,-24.50749513607487,0,1,0.21526477433642247,0.0,1
246694,5359,96.49315444120376,54.29581002465558,0,1,0.3046034787375771,0.33199296149376123,1
246734,5360,38.293982894479846,199.86433958659617,0,1,0.23520736963047528,0.7246312555127995,1
246770,5361,16.530662007331987,235.9748882398457,0,1,0.23781282434084142,0.9287216340596613,1
246799,5362,107.90576969222664,-30.034948309720555,0,1,0.26849189441016713,0.0,1
246822,5363,81.50857599689235,-22.94634434829599,0,1,0.20841195789625763,0.0,1
246860,5364,41.16067167616192,180.6945368232847,0,1,0.237570677856982,0.7003225346793581,1
246902,5365,72.1190814005661,186.08860946048964,0,1,0.3197082466126589,0.6783953805525595,1
246936,5366,133.03650312074427,-34.46565648315032,0,1,0.31422045004961935,0.0,1
246972,5367,131.93984697051562,-32.05746901238309,0,1,0.2890785161981423,0.0,1
247006,5368,113.0629443541838,-25.86675021123223,0,1,0.2410928078461416,0.0,1
247045,5369,127.48404509970992,-28.559610026214386,0,1,0.2496253398444776,0.0,1
247078,5370,102.81869718799783,-23.026050329572826,0,1,0.21147042546064784,0.0,1
247109,5371,86.77286411141267,60.23767479743258,0,1,0.3079854215432229,0.3866436273653585,1
247143,5372,66.57234623444211,107.65213204377045,0,1,0.26110392631937773,0.5154637706016323,1
247179,5373,137.57610276630209,-34.75238936243723,0,1,0.3079853497938335,0.0,1
247217,5374,123.55927777126146,-28.839388091561812,0,1,0.24483560981060332,0.0,1
247249,5375,108.67271930619523,-25.523767704882985,0,1,0.24010471546831688,0.0,1
247284,5376,123.96036275356788,-30.90223156780646,0,1,0.2730165118591329,0.0,1
247322,5377,16.689869459466642,269.28660335184924,0,1,0.26743929981021486,1.0015251586546046,1
247351,5378,101.9459065740262,-25.404262998858304,0,1,0.24177101559320502,0.0,1
247389,5379,131.5056564915532,-30.84808513485096,0,1,0.2706991034473442,0.0,1
247426,5380,136.9046993176819,-33.27235030830232,0,1,0.2980650065637237,0.0,1
247459,5381,125.44851054001529,-31.435080956363556,0,1,0.2979846947060386,0.0,1
247481,5382,78.14965186730572,-21.754081826136005,0,1,0.20155372327478266,0.0,1
247513,5383,120.43529004293671,-31.342119803879786,0,1,0.28751828069028723,0.0,1
247544,5384,145.72671877268587,-41.73823941547673,0,1,0.40383797813615313,0.0,1
247583,5385,145.84582886271056,-36.027748717765874,0,1,0.3094745392624203,0.0,1
247628,5386,163.8876968924441,-39.62396663642215,0,1,0.31175299164031517,0.0,1
247666,5387,138.80776397224133,-33.69726787198072,0,1,0.2942743601987337,0.0,1
247703,5388,138.4992412294177,-34.38807013571809,0,1,0.3015378366193566,0.0,1
247735,5389,109.05227792663815,-24.541733407385582,0,1,0.24331697507089792,0.0,1
247776,5390,163.30712517225663,-40.86844656137467,0,1,0.34389042944818543,0.0,1
247812,5391,126.78621807560262,-29.858704166850785,0,1,0.2733818367323613,0.0,1
247846,5392,30.688849807700628,163.46879229148647,0,1,0.20276659569923478,0.7009101908997128,1
247883,5393,29.47280225304152,202.5354131801716,0,1,0.23292222393197096,0.7905983734293341,1
247921,5394,45.291007765779874,187.15124839024747,0,1,0.2600710215974839,0.7277648113955524,1
247962,5395,143.8792850936754,-35.46444565650587,0,1,0.28475381347561113,0.0,1
247994,5396,45.69687291788381,158.38634571952932,0,1,0.27753482542596297,0.75080408554402,1
248025,5397,115.17934660149717,-30.985613696166943,0,1,0.28055221750227355,0.0,1
248058,5398,121.12975140951102,-30.321999041711642,0,1,0.2801351689391999,0.0,1
248090,5399,61.876418397310786,-15.160163440535932,1,1,0.2759384093876486,0.05634032918436417,0
248112,5400,74.29955092666604,-19.875898158169168,0,1,0.1826481749667523,0.0,1
248148,5401,107.02841954220932,-23.80473921591431,0,1,0.20507376126810317,0.0,1
248184,5402,46.006962198458886,162.80047858014134,0,1,0.24450116469743152,0.6758004845307652,1
248210,5403,86.55103190132289,-22.25811522568224,0,1,0.20147722437966953,0.0,1
248238,5404,110.20832896561566,-30.744239874650113,0,1,0.29134240200740374,0.0,1
248271,5405,113.57860913451995,-27.82390045931728,0,1,0.25221819407992074,0.0,1
248309,5406,142.13191372495513,-35.0221977058944,0,1,0.304931838499069,0.0,1
248343,5407,118.68216350385697,-28.837041796158235,0,1,0.2610085946701919,0.0,1
248366,5408,102.52536649074342,-31.69631892915609,0,1,0.3285440478449931,0.0,1
248397,5409,114.2695538381721,-27.90710747752731,0,1,0.2741694304521065,0.0018445654910056138,1
248435,5410,153.42380513743154,-39.44755827402538,0,1,0.34345527860799213,0.0,1
248470,5411,38.828396310572096,173.05469648289446,0,1,0.24398463000032194,0.7312072537073411,1
248503,5412,128.614787761421,-33.02307219138546,0,1,0.30751124143242525,0.0012233426481439097,1
248529,5413,110.52874249094978,-31.915547549823792,0,1,0.32045804545133294,0.0,1
248568,5414,48.504557750510486,194.28807985856426,0,1,0.2739932839556396,0.7389485834740835,1
248598,5415,115.9431745957925,-31.700439881314722,0,1,0.2915003925133533,0.0,1
248632,5416,102.92234425573798,-23.528629285837187,0,1,0.20535308643590455,0.0,1
248671,5417,139.63211975242388,-31.894448562952057,0,1,0.29361712424502184,0.00944422360834687,1
248711,5418,141.0791931353475,-33.25870977058376,0,1,0.28717786875641177,0.0,1
248729,5419,53.71875721899405,-15.15744363066179,0,1,0.09361886223287155,0.002894103472448981,1
248762,5420,127.87720523338982,-33.164479277295186,0,1,0.30719737059417995,0.0,1
248799,5421,51.437576119047094,194.7478500430466,0,1,0.3057725459440342,0.7904763547596337,1
248837,5422,143.87203362679338,-36.02465509089227,0,1,0.31277864570393604,0.0,1
248873,5423,133.8570193703407,-33.47130679807901,0,1,0.29810458804985285,0.0,1
248903,5424,120.19843984247547,-32.76998955952155,0,1,0.31017588037308996,0.0,1
248940,5425,82.99690467021153,100.52797630105857,0,1,0.2880045487748065,0.4622914179539625,1
248973,5426,124.3590728390983,-31.864602642904895,0,1,0.2920081901494572,0.0,1
249011,5427,137.34318120137186,-33.86222567579867,0,1,0.2907712346733756,0.0,1
249042,5428,119.83339388694995,-31.672621182931387,0,1,0.29631715642676565,0.0,1
249080,5429,161.62274825817667,-42.15244533369018,0,1,0.36876749561018035,0.0,1
249118,5430,31.42188917862255,218.66745363194647,0,1,0.25233888416085515,0.8306710252186605,1
249157,5431,130.8589131530891,-30.356995882567315,0,1,0.26145286090139713,0.0003912103813218919,1
249186,5432,113.00783742202704,-29.44358330193362,0,1,0.2908735765920578,0.0,1
249224,5433,125.4970264792134,-28.890206662455768,0,1,0.25249045524405817,0.0,1
249255,5434,68.78185327279414,108.22805215359587,0,1,0.3096202026024629,0.5813925545774085,1
249295,5435,140.68974051570385,-32.45175919716605,0,1,0.28374241283029417,0.0,1
249331,5436,43.47765762930782,189.25998228502863,0,1,0.2756619415298581,0.7805086089592406,1
249364,5437,123.19660782517728,-30.687471440021852,0,1,0.2870476451686247,0.0,1
249402,5438,34.026416448852636,224.94133971460647,0,1,0.27196876088326316,0.8597341047777833,1
249440,5439,150.8528561764324,-37.813937588353006,0,1,0.33279910241523164,0.0,1
249483,5440,21.802885985805833,310.0460969230767,0,1,0.2987036740147741,1.0231768018749285,1
249524,5441,143.17850872528055,-34.101129811262894,0,1,0.2836588216260592,0.0,1
249565,5442,164.35608587899122,-41.45713356567225,0,1,0.34723737475685057,0.0,1
249601,5443,150.56062833138557,-39.518298619975525,0,1,0.3557828784076531,0.0,1
249637,5444,38.53049429366833,188.2343431156086,0,1,0.2547882822642533,0.7688358003768735,1
249677,5445,162.6875963332079,-41.38807495603773,0,1,0.3529000756595466,0.0,1
249710,5446,142.22819882075032,-39.45207689431658,0,1,0.3608214722424306,0.0,1
249756,5447,202.5348963891778,-52.274490445215235,0,1,0.4088379799697915,0.0,1
249795,5448,135.33641490040668,-32.584606653547596,0,1,0.2741328703927105,0.0,1
249833,5449,45.29781985152843,217.63859966598255,0,1,0.3054131091333973,0.8465062239325455,1
249866,5450,141.52967622801077,-37.6762845014389,0,1,0.35871725069912186,0.0,1
249901,5451,53.46393678466691,160.57164414594473,0,1,0.28290421915913916,0.7011018042002117,1
249936,5452,51.214847049651425,157.55787876033207,0,1,0.2672675150358641,0.6843300957544296,1
249974,5453,16.752455683096706,253.84577721470959,0,1,0.24783804829564104,0.9443947849019618,1
250008,5454,131.74243513312837,-32.464614381148564,0,1,0.30756714969604987,0.0,1
250046,5455,49.107847979477256,211.92890889975658,0,1,0.3113357695553462,0.8299086884815713,1
250084,5456,31.3486574680705,200.21073444162647,0,1,0.22409726903600935,0.7577299511164807,1
250121,5457,46.09282540630447,196.68437983775016,0,1,0.28692913563927036,0.7903506612953218,1
250149,5458,84.67648010799465,-19.355933797149603,0,1,0.17644375495662287,0.0009251109960612539,1
250184,5459,137.82427034459252,-28.959375497393324,0,1,0.3332737867892754,0.029486193895332066,1
250215,5460,82.70585814800886,67.90132690730425,0,1,0.30457480109056206,0.41478446341753394,1
250246,5461,64.21586001801802,116.22592454417415,0,1,0.30041155912179923,0.6099850938505117,1
250279,5462,130.62494784867374,-35.69453775766046,0,1,0.31651616290454004,0.0,1
250315,5463,38.84721262922217,217.61060184520727,0,1,0.30013397907257,0.8871335462969875,1
250345,5464,117.95210108091044,-31.727628148907847,0,1,0.2994978886280564,0.0,1
250380,5465,124.84967760787706,-30.151657828038275,0,1,0.2755159297169925,0.0,1
250411,5466,127.86720544523946,-35.15106777743925,0,1,0.33062179011677617,0.0,1
250447,5467,35.81927417750896,197.32601513378862,0,1,0.25669863962137,0.8013550730513225,1
250477,5468,116.90476023022013,-31.556301135492472,0,1,0.2961469168634291,0.0,1
250511,5469,34.44727413118755,206.70728695787793,0,1,0.2870096902564781,0.8917418443199676,1
250546,5470,127.3584979747277,-31.44895879838881,0,1,0.2850723122980973,0.0,1
250578,5471,73.97281833129935,113.26006757385349,0,1,0.3316999318673637,0.5940567704446502,1
250616,5472,37.56982817075756,232.2288683541431,0,1,0.29676963505185416,0.8911794604467387,1
250651,5473,136.15776004201518,-33.7888999684036,0,1,0.31450456729601384,0.0,1
250687,5474,60.74039821887902,143.13214730800598,0,1,0.27385723909692566,0.618803181540543,1
250722,5475,60.85706585428485,119.25944207044738,0,1,0.24869762255143277,0.5397402559456677,1
250762,5476,133.1327875795609,-30.374552692397614,0,1,0.2604100537949761,0.0,1
250800,5477,172.889695042295,-46.4159486641423,0,1,0.4079059849140511,0.0,1
250834,5478,137.44283336243547,-37.41966095417348,0,1,0.3305603210739842,0.0,1
250872,5479,33.621016068536775,236.27561799933392,0,1,0.28832398459213254,0.9019943977052441,1
250907,5480,108.2128874446577,-12.478170468229267,0,1,0.2385103774678718,0.06522563636874014,1
250940,5481,131.2344323264131,-33.163641696984755,0,1,0.3181945939372143,0.0,1
250976,5482,144.7446507498811,-37.82699956491696,0,1,0.3338217315664497,0.0,1
251002,5483,115.36536373451393,-33.836224482683505,0,1,0.34522427957360613,0.0,1
251030,5484,108.8989057700829,-29.43629587850527,0,1,0.2859386783123539,0.0,1
251061,5485,118.95481047400509,-31.1266462631828,0,1,0.29135946207900015,0.0,1
251085,5486,100.84108398851103,-20.880155684689246,0,1,0.32565005572885725,0.0604529742655098,1
251115,5487,97.90301920506683,27.000327805687622,0,1,0.3151296513209552,0.25893847609359544,1
251152,5488,130.08446182966827,-30.752101873248158,0,1,0.27428589504421,0.0,1
251189,5489,28.438283712932325,234.68142198434848,0,1,0.275180546493497,0.9147039009832264,1
251227,5490,155.29451286749193,-39.49272505230684,0,1,0.35140667868833836,0.0,1
251265,5491,156.8567939082608,-39.932955843987685,0,1,0.35430527781030074,0.0,1
251301,5492,45.22600448611967,179.2210520242612,0,1,0.2685296290197595,0.7436907313286952,1
251339,5493,39.430916239329775,234.57281816867982,0,1,0.3071500753213272,0.9038589319123922,1
251369,5494,119.55228501873009,-33.24770990964761,0,1,0.30705357198824285,0.0,1
251404,5495,61.69862083785549,148.72404972236646,0,1,0.30028677602346604,0.6662388797358696,1
251439,5496,20.353860633583196,221.09375380368886,0,1,0.23880930141411827,0.8998482418288436,1
251469,5497,120.19683434663716,-32.548445080239006,0,1,0.3092441393752982,0.0,1
251502,5498,51.202627446326744,151.00536716456858,0,1,0.28160131999739546,0.7030656297532492,1
251538,5499,39.35194949911117,193.34024186201833,0,1,0.2641504919707024,0.7901653288177717,1
251577,5500,144.53642008313074,-34.218455063800214,0,1,0.30433905417591084,0.0,1
251611,5501,62.071068111412764,174.55714890739543,0,1,0.3529518954385646,0.7947479950368868,1
251642,5502,63.40950714098285,109.18471774752689,0,1,0.2863642345020917,0.5776577491006368,1
251664,5503,79.85551865229775,-22.86319427476313,0,1,0.2149804019960975,0.0,1
251704,5504,147.06295015176,-35.074006024310606,0,1,0.3042376078967271,0.0,1
251744,5505,152.140684599243,-38.53874320355473,0,1,0.3209315479785337,0.0,1
251775,5506,125.41882197014331,-33.670886462710435,0,1,0.3175818353604106,0.0,1
251814,5507,21.94111625508737,280.0295797123978,0,1,0.29626280941178995,1.0238241878419048,1
251845,5508,113.6618757570648,-30.196294126002,0,1,0.2718912233273264,0.0,1
251876,5509,112.63172971506378,-28.753943118041253,0,1,0.2664872956380178,0.0,1
251910,5510,142.5532457044207,-37.97510698437331,0,1,0.3500624585163641,0.0,1
251947,5511,39.526039477720346,195.32547104642683,0,1,0.2588142157273763,0.7744447291073808,1
251979,5512,54.43953351266033,126.83286246005275,0,1,0.2651305512014633,0.6231563608197668,1
252011,5513,48.332503218579134,143.14510041498147,0,1,0.26457143407961087,0.6865106673951608,1
252046,5514,117.2940001829254,-27.48588908896176,0,1,0.24913032641725172,0.0,1
252083,5515,128.49634061326373,-30.763284941486738,0,1,0.26944645854804733,0.0,1
252116,5516,109.03347921074572,-25.526900845474024,0,1,0.2349993658330954,0.0,1
252151,5517,47.620215463928204,137.9114798460963,0,1,0.2249821640443839,0.5976407858739855,1
252187,5518,138.7189696521836,-34.501176376075264,0,1,0.31409511617463176,0.0,1
252219,5519,117.72429394559978,-29.928737583335973,0,1,0.27703365799255697,0.0,1
252245,5520,105.52473488700073,-30.530887213770338,0,1,0.2969093929118305,0.0,1
252283,5521,25.749774493777522,253.34658236740924,0,1,0.28034542700078685,0.9542168054450869,1
252317,5522,55.5321803701176,151.84297229449808,0,1,0.28712165864670297,0.6885184491837762,1
252347,5523,72.15112190468048,84.27943302919229,0,1,0.2916790527300314,0.49019770310355176,1
252382,5524,122.55102188132288,-29.433236123244363,0,1,0.26689223055063444,0.0,1
252420,5525,128.74801913731437,-30.17163325425669,0,1,0.2616773910991761,0.0,1
252454,5526,135.95035385327031,-35.285121478612524,0,1,0.32291118361221244,0.0,1
252483,5527,110.87986039996835,-30.08765255213646,0,1,0.2812455618353669,0.0,1
252517,5528,38.32669557526948,191.74501629779513,0,1,0.2782277137380386,0.8333020056151235,1
252557,5529,139.97757481492445,-32.985451110390294,0,1,0.2815830671156542,0.0,1
252590,5530,52.552702905587466,131.8306504985065,0,1,0.251075526955833,0.6181682560173964,1
252628,5531,22.86933778194245,260.61007647011746,0,1,0.2792458769069981,0.9784237352142453,1
252666,5532,37.48625346087751,240.32346323988293,0,1,0.30652852752663085,0.9217503280831731,1
252703,5533,139.0525625130927,-34.31779451233121,0,1,0.30420137506722633,0.0,1
252737,5534,45.00059365384052,162.25647605458914,0,1,0.2601791148164847,0.7177596471090768,1
252775,5535,129.7301843419831,-30.56807379373116,0,1,0.2658906021944751,0.0,1
252812,5536,144.81133539541685,-35.80258963142677,0,1,0.3231521670065546,0.0,1
252846,5537,44.39728979176091,164.41994347175094,0,1,0.2617682617390702,0.7264658418113538,1
252877,5538,120.1348481629168,-32.5447855014083,0,1,0.2960450728170113,0.0,1
252918,5539,146.2052347515867,-35.25390880330983,0,1,0.2920832527728596,0.0,1
252950,5540,114.59482739286607,-29.01173995121936,0,1,0.2653685848608309,0.0,1
252984,5541,52.21201999324676,150.7245447610058,0,1,0.2708901101951479,0.6802808908410426,1
253023,5542,160.16769485987746,-41.48216065309509,0,1,0.35386684598574586,0.0,1
253061,5543,141.15576007155536,-35.399050618289905,0,1,0.30204294509751967,0.0,1
253105,5544,162.00837605696483,-40.38654989227401,0,1,0.31349680465261587,0.0,1
253141,5545,128.2370241918108,-30.63423571903617,0,1,0.2771896100285885,0.0,1
253180,5546,156.63149997359645,-40.28404506765165,0,1,0.3434008358762225,0.0,1
253224,5547,157.83189645104403,-37.29558658128959,0,1,0.30197841804363634,0.0,1
253262,5548,137.9488400930511,-33.950295799521676,0,1,0.29322435150423304,0.0,1
253300,5549,130.36564880119295,-31.2586210109891,0,1,0.26714633445660396,0.0,1
253334,5550,139.32848219611387,-36.297172102755056,0,1,0.3365597979224881,0.0,1
253371,5551,136.80612703142535,-32.934400553121435,0,1,0.2971257309521529,0.0,1
253399,5552,109.02331970525466,-30.214578377069802,0,1,0.28851996717595674,0.0,1
253435,5553,113.86663375587301,-26.26907352076071,0,1,0.22738230984161334,0.0,1
253472,5554,144.772972031997,-36.66910463222923,0,1,0.326018908066185,0.0,1
253500,5555,102.1468480075787,-26.25602778275384,0,1,0.2541066357962474,0.0,1
253539,5556,163.90799621776853,-42.37733749840115,0,1,0.36733471862838696,0.0,1
253570,5557,113.38180897197392,-28.851563711652215,0,1,0.271413209607902,0.0,1
253602,5558,109.5960738090254,-26.298409324399678,0,1,0.24597722529319377,0.0,1
253635,5559,126.62561764279877,-32.78062123645423,0,1,0.30469875833223603,0.000372102297649497,1
253667,5560,124.37011235897728,-32.606148215721966,0,1,0.30495734308774924,0.0,1
253708,5561,156.95820426696778,-37.68958865160302,0,1,0.3240362167972212,0.0,1
253747,5562,153.8473431179671,-38.520512786793304,0,1,0.33370178701280123,0.0,1
253789,5563,150.26307257710727,-35.56253833960787,0,1,0.29556212889542216,0.0,1
253824,5564,47.498875757508586,155.88194969888795,0,1,0.25000533552703996,0.6705675752544644,1
253863,5565,147.06589239149065,-35.41213130387143,0,1,0.3106436420389536,0.0,1
253897,5566,114.25710780809536,-24.885893437195676,0,1,0.2517254169423108,0.006734515613683593,1
253933,5567,47.34350937653328,179.2134509766106,0,1,0.27907191891970734,0.746501323103048,1
253972,5568,178.52039084018182,-47.94497354128728,0,1,0.41659365017571004,0.0,1
254010,5569,37.957998422181646,218.06118025418778,0,1,0.27577445941223283,0.8366178292648289,1
254052,5570,153.96911283046904,-37.28803259407391,0,1,0.3065432438535909,0.0,1
254090,5571,135.75259315067376,-32.45813929383428,0,1,0.2846111231070624,0.0,1
254130,5572,156.31901622892656,-39.78050217447176,0,1,0.3335755860090181,0.0,1
254169,5573,158.1640429371792,-39.7301965973805,0,1,0.3489051772093378,0.00013177381720567145,1
254212,5574,169.37344196129308,-42.73031633058649,0,1,0.34225778702600923,0.0,1
254243,5575,101.1163630980113,-23.593897703296005,0,1,0.222338497583539,0.0,1
254282,5576,141.01029591278854,-33.4739439094008,0,1,0.2929104790578649,0.0,1
254324,5577,151.55415837933663,-36.21486783995354,0,1,0.3010906762226619,0.0,1
254360,5578,148.39521372994463,-38.79516006533615,0,1,0.3474066954948718,0.0,1
254396,5579,41.29330441980532,182.39575691389888,0,1,0.2571973288903106,0.7482219784937671,1
254430,5580,50.33381079453898,132.3164460162522,0,1,0.23345677905538634,0.5966298053455553,1
254469,5581,29.250558915230982,255.49156650474146,0,1,0.28727356955030875,0.9409843785765355,1
254507,5582,43.438008993876096,202.53414369084837,0,1,0.27556149007443603,0.7861498654252069,1
254549,5583,147.71985630412917,-33.52397911414906,0,1,0.28913069593093627,0.0,1
254587,5584,29.537958396974815,228.5984781013999,0,1,0.25888592499101387,0.8633890589546036,1
254622,5585,54.15911294104855,183.4072745804567,0,1,0.3211576519392783,0.796476145580389,1
254660,5586,35.86095005129684,248.34054589835497,0,1,0.31266118537639953,0.9497698784204531,1
254691,5587,124.19363205709192,-33.49975484253023,0,1,0.3159205384083904,0.0,1
254722,5588,100.48808553765708,21.684084945881253,0,1,0.30468642756082404,0.22858130085661618,1
254760,5589,141.48812168198685,-34.62012555492474,0,1,0.301630036731616,0.0,1
254796,5590,30.75313073313022,212.9879611605277,0,1,0.2596639777347312,0.856982605527998,1
254840,5591,150.67670790535772,-35.60412522966534,0,1,0.28196182906007083,0.0,1
254875,5592,122.70871883624503,-30.140252163295642,0,1,0.26609475453638054,0.0,1
254915,5593,157.39438070166054,-40.60262754167907,0,1,0.335183596251899,0.0,1
254950,5594,48.00603785170905,152.7786980757887,0,1,0.2466946338698847,0.6590396393653206,1
254986,5595,41.30536183974821,165.42774929695435,0,1,0.22941396721200524,0.6785831597851554,1
255016,5596,112.75257868771186,-29.592273992652252,0,1,0.2791424940029751,0.0,1
255051,5597,53.21079161645929,126.93494535674961,0,1,0.22931723303702864,0.5589256730219834,1
255090,5598,16.356813074423236,265.9576619302597,0,1,0.2554411268568359,0.9633664263836834,1
255125,5599,50.46671368257688,163.03596448777176,0,1,0.27524372760620175,0.7074175407538107,1
255162,5600,38.269641530216845,214.49710952258528,0,1,0.28224464027451357,0.8480078658254808,1
255199,5601,33.750681487032786,216.2843431537053,0,1,0.26910918738420625,0.8494486017306621,1
255236,5602,46.48743166547399,180.81090528720412,0,1,0.26357514653262604,0.7259591063475974,1
255274,5603,73.28847649749763,136.29889075223963,0,1,0.29186350083701607,0.5733368043194145,1
255313,5604,137.67489589436465,-32.50955223959246,0,1,0.28324674732399807,0.0,1
255347,5605,54.439440436484915,174.37023388266476,0,1,0.3202673311858872,0.7848059741413637,1
255385,5606,23.707307934162422,263.8176425943977,0,1,0.28777285151814236,0.992581795582291,1
255417,5607,44.63580881178983,153.90988434534512,0,1,0.2646188321550102,0.7285104959505704,1
255455,5608,30.55698032657358,244.5849032476607,0,1,0.28707680010376035,0.9281685595741083,1
255486,5609,125.88218931395707,-34.35753156647718,0,1,0.32161890247315744,0.0,1
255519,5610,138.9313346345324,-37.44381829420764,0,1,0.34634761448286583,0.0,1
255553,5611,146.32919334797143,-38.298534684574015,0,1,0.36508630610357307,0.0,1
255591,5612,31.257992141441456,213.35843889047956,0,1,0.24570923893340435,0.8103383692404421,1
255627,5613,52.09654748397439,173.46884802859202,0,1,0.2866811218308336,0.727187297093831,1
255665,5614,136.33626414868078,-32.92447147247597,0,1,0.28591202974637947,0.0,1
255704,5615,140.7906773015072,-33.97688791984364,0,1,0.2921519967573848,0.0,1
255739,5616,21.848116262718207,229.13769854157525,0,1,0.25602942115515354,0.9350922842179784,1
255775,5617,29.91127018097386,215.94096773481365,0,1,0.2598531541514395,0.8675320465117092,1
255817,5618,144.2031792872226,-32.83686711407993,0,1,0.2775232099786614,0.0,1
255855,5619,143.2061866935041,-35.27276578665037,0,1,0.3079772760825183,0.0,1
255892,5620,37.82921686250263,246.07201447649976,0,1,0.32794480999694997,0.9720262922384906,1
255931,5621,127.49996629459044,-28.868716287094195,0,1,0.25085732203108474,0.0,1
255966,5622,32.8709773750215,174.06867890159006,0,1,0.2158320528059646,0.7236613823524587,1
256006,5623,178.16323056380088,-46.8052483541409,0,1,0.40230698187350644,0.0,1
256045,5624,79.0579140342785,127.30229638209872,0,1,0.2918027620213505,0.5287249248743409,1
256082,5625,147.6988776017877,-38.38197359095555,0,1,0.33415304094661824,0.0,1
256121,5626,134.2640495126991,-32.175433739866065,0,1,0.2696314674717504,0.0,1
256157,5627,126.0688150045037,-29.790411522515683,0,1,0.2696866299724315,0.0,1
256195,5628,39.57752688124904,205.10620157919485,0,1,0.26566791160801406,0.7899262821653025,1
256225,5629,121.3766658783216,-34.570662130865074,0,1,0.3167828198781953,0.0,1
256273,5630,161.73381133147032,-35.89737456605255,0,1,0.2829279004852279,0.0,1
256316,5631,37.886225804115824,261.8064028575833,0,1,0.2912947049035209,0.8778470798777421,1
256356,5632,6.728833020119737,288.17649541009445,0,1,0.24146053476030285,1.0035144481248959,1
256400,5633,30.847066171097765,266.34245975994924,0,1,0.26512844557676574,0.8626738260722604,1
256438,5634,26.892490545790697,240.29669032195494,0,1,0.26760265520746634,0.9056057978922805,1
256465,5635,107.25410466318323,-29.25877374391821,0,1,0.28911614194460294,0.0,1
256500,5636,131.70264197039126,-33.1774555913165,0,1,0.2986267660146919,0.0,1
256542,5637,21.03403257804953,300.90608146269466,0,1,0.2930657708769455,1.016019589722566,1
256576,5638,112.46552680846845,-27.11742512419923,0,1,0.23772103138410755,0.0,1
256611,5639,37.80337131069112,183.5261688470776,0,1,0.2528142008830736,0.7704595500674736,1
256655,5640,152.6572140389121,-35.01232459951163,0,1,0.28679877929297914,0.0,1
256692,5641,37.35520083100077,186.0466327152053,0,1,0.23657351460390594,0.7337804587253192,1
256731,5642,127.96561956939419,-29.004300941885205,0,1,0.2530990765901074,0.0,1
256767,5643,14.542104656928377,210.41369252070484,0,1,0.19180530354427014,0.8215042757519081,1
256805,5644,32.472432489210625,231.03557611903742,0,1,0.2743880505161074,0.8781875004507659,1
256836,5645,53.44566349419409,94.73120357319839,0,1,0.2134548682392242,0.49232230953961,1
256869,5646,55.93381215142293,148.3930081273028,0,1,0.29542510100992325,0.6976818955249965,1
256910,5647,134.45368921923944,-29.676530906230496,0,1,0.2578337925140795,0.0,1
256955,5648,187.18027559235867,-45.33898090563261,0,1,0.3763488828833099,0.0,1
256998,5649,150.89831498817597,-34.741089931239486,0,1,0.29008003889216066,0.0,1
257038,5650,143.82960506669033,-35.009934879187426,0,1,0.29503717427105924,0.0,1
257072,5651,88.14708922862164,129.5984643782221,0,1,0.39224138788087304,0.6437307027502479,1
257105,5652,125.67712405823312,-33.19047903401533,0,1,0.29747087426248886,0.0,1
257127,5653,77.24040123657502,-20.677900666964344,0,1,0.19496837607684236,0.0,1
257164,5654,138.61690921391028,-33.96999142526114,0,1,0.30426172312385785,0.0,1
257204,5655,10.127605508986274,276.25769604902666,0,1,0.24002442975628138,0.9655712447226179,1
257240,5656,127.17796352477534,-29.826757785020533,0,1,0.2725110467018962,0.0,1
257281,5657,157.13089361619578,-38.35139232831875,0,1,0.32475760298739836,0.0,1
257317,5658,14.172637035672963,231.5909693428555,0,1,0.2202917354770563,0.9056660960126889,1
257353,5659,57.93113777617137,147.71110222884175,0,1,0.26881931868970843,0.6303587375500073,1
257395,5660,141.65972239373002,-32.3377925132063,0,1,0.2715296220357564,0.0,1
257435,5661,142.967592395581,-33.16476569635088,0,1,0.2903422782256914,0.0,1
257470,5662,18.513164667177872,214.22887719311595,0,1,0.2218572492598724,0.8696239978553402,1
257506,5663,144.98999678160092,-37.19612357511054,0,1,0.3347998180297745,0.0,1
257538,5664,112.51156370645603,-28.48518787631258,0,1,0.25758914930097004,0.0,1
257570,5665,107.55185825821988,-25.840724589480864,0,1,0.23761736700640487,0.0,1
257612,5666,140.87368032961368,-33.429680692136444,0,1,0.2701105678292163,0.0,1
257653,5667,137.27771371228084,-31.01330574417782,0,1,0.26549321743808296,0.0,1
257693,5668,146.90461861497596,-36.1869786272024,0,1,0.30209748894196864,0.0,1
257730,5669,30.761271086116768,223.09942132606983,0,1,0.2639211188818838,0.8695739202048525,1
257763,5670,120.70065814526927,-30.70963511098574,0,1,0.27943125787137063,0.0,1
257799,5671,57.755896983170295,201.21007409894148,0,1,0.3488807032692861,0.8476865502140072,1
257832,5672,124.98678114318321,-31.752147385931877,0,1,0.294279552852876,0.0003891678946193257,1
257862,5673,111.08817315692336,-30.416287376092036,0,1,0.27434069874853956,0.0,1
257900,5674,147.080338883313,-36.45818349567016,0,1,0.32307709316227895,0.0,1
257940,5675,33.90922537171002,247.32706231471104,0,1,0.284142973539648,0.8913607974450057,1
257978,5676,135.99854910436608,-31.292007126169334,0,1,0.2864996861213877,0.0,1
258017,5677,141.3397486435534,-33.565003558715304,0,1,0.2947043562063161,0.0,1
258054,5678,123.88171368679471,-28.5686572580958,0,1,0.25546832117039026,0.0,1
258090,5679,23.079189761898533,216.26247503126,0,1,0.23346869930233527,0.8556383764664284,1
258130,5680,36.93864791905622,247.04969262845677,0,1,0.29629670770287214,0.8945001577133297,1
258168,5681,21.08988382979706,246.94907513990285,0,1,0.2536350544569874,0.9234007185748658,1
258200,5682,150.5464363045154,-42.494622953476686,0,1,0.4062817013750495,0.0,1
258231,5683,119.60688809304158,-30.713877734690854,0,1,0.29494128371527983,0.0,1
258268,5684,19.199082029464392,225.28596303565837,0,1,0.22427240712904828,0.862948015722365,1
258301,5685,50.337983534157146,125.67898144823441,0,1,0.2338895511988289,0.5872724614923343,1
258348,5686,150.35928247528594,-34.29127367048305,0,1,0.2607393785250677,0.0,1
258384,5687,135.3977422701659,-33.116645483125716,0,1,0.3018750628572687,0.0,1
258425,5688,159.11437610009347,-37.041065992013344,0,1,0.3310553436670258,0.0,1
258464,5689,26.00293954264465,226.5696335975479,0,1,0.23559678881007357,0.828816965360264,1
258503,5690,31.938850711519937,228.06331712584915,0,1,0.25974413676251457,0.8417224863222151,1
258541,5691,200.82993014238843,-56.95406965199171,0,1,0.5038335666845616,0.0,1
258582,5692,148.24670558347674,-36.220619494922765,0,1,0.2994224830242724,0.0,1
258613,5693,92.61507483462505,44.917382160660196,0,1,0.3083736537025377,0.3225806451612903,1
258650,5694,52.4136402160908,150.49453386432538,0,1,0.24510326509125901,0.6167188005824331,1
258688,5695,28.678657644502767,224.97818264389946,0,1,0.25223651616513326,0.8510868571436386,1
258725,5696,38.72638111296827,220.2150794470559,0,1,0.2918659351723505,0.8715498899143322,1
258763,5697,28.23868871685336,243.8086834396533,0,1,0.27636979172754844,0.9215887618866551,1
258784,5698,86.53344853306282,-25.93805242404042,0,1,0.26831620558539715,0.0,1
258826,5699,233.85505410741615,-66.01111878835745,0,1,0.5491312389458332,0.0,1
258865,5700,38.899116581805075,233.93692162228487,0,1,0.2935603162657019,0.8740426786414484,1
258895,5701,118.20148672663203,-31.590968302794195,0,1,0.30124912100807905,0.0,1
258931,5702,124.48569236042356,-29.135418974317567,0,1,0.26630516795103065,0.0,1
258972,5703,142.01351312995516,-34.53939073177085,0,1,0.28268672346260976,0.0,1
259010,5704,22.775389180546156,245.20434702129262,0,1,0.2594597947935987,0.9202531244320218,1
259046,5705,24.717494467986175,214.0814408828646,0,1,0.23848164952504186,0.8519848768301455,1
259083,5706,19.660097562618354,250.61500024300045,0,1,0.26421008280212194,0.9640600493889148,1
259103,5707,76.37935866077301,-22.13428744394727,0,1,0.21831451763175877,0.0,1
259139,5708,141.48904148640665,-35.37486400063608,0,1,0.3214470679327766,0.0,1
259160,5709,90.3721188417915,-27.819600697339844,0,1,0.29450269418452774,0.0,1
259205,5710,174.17683310402597,-43.992314907107215,0,1,0.3384852888306385,0.0,1
259242,5711,31.79809867333016,227.7350508783432,0,1,0.27645972042038924,0.8911064617962268,1
259279,5712,40.21574752845641,214.39479220572613,0,1,0.2905191898882791,0.8508247247824489,1
259310,5713,108.2872517188697,12.762858894229655,0,1,0.3235698046343093,0.19738869442393925,1
259347,5714,34.50316284030858,219.8729851175756,0,1,0.2775297358930189,0.8647685597472741,1
259378,5715,105.75517389132526,-26.171022283260818,0,1,0.24074491817635132,0.0,1
259418,5716,33.23875677360591,247.85262272538088,0,1,0.2816946517188741,0.8929701618692049,1
259449,5717,86.80099558058969,53.69707355438706,0,1,0.2969208560194475,0.3543892898601756,1
259493,5718,162.95187069575596,-40.27379607679103,0,1,0.3180991219283894,0.0,1
259532,5719,155.26841016989255,-38.939146270645104,0,1,0.3400021302972333,0.0,1
259570,5720,24.823224843739176,253.81744203543695,0,1,0.27744142587828496,0.9553522683953596,1
259610,5721,31.024596602456956,256.70923439930914,0,1,0.2864267188389557,0.9224456689736096,1
259646,5722,45.02563131425033,199.2706501503346,0,1,0.29846673749728675,0.8238183924030773,1
259685,5723,143.3641680816179,-34.00808138591734,0,1,0.3018841811011441,0.0,1
259724,5724,20.268676473263938,251.8236044287931,0,1,0.25063071417316773,0.9155635701615261,1
259763,5725,58.60752192274303,148.26193631092224,0,1,0.24647289540002829,0.5809521599996559,1
259801,5726,28.895670285230338,241.77668755748533,0,1,0.27727166020878835,0.9163080912232398,1
259839,5727,34.57375460030823,230.58928128531934,0,1,0.2824264773062164,0.8803373948269403,1
259880,5728,39.561670330407466,253.9419750024205,0,1,0.3045305263442054,0.8989583986217907,1
259915,5729,50.87302452488215,166.82793734348158,0,1,0.2815443170636166,0.7223265608408724,1
259963,5730,161.22046916568874,-19.477141100401838,0,1,0.30297578932618163,0.05705114515237742,1
260002,5731,23.526220804939424,257.16175862267323,0,1,0.26961418804425374,0.9382902440374218,1
260038,5732,139.2382131536708,-36.66374823883095,0,1,0.3160842858662628,0.0,1
260073,5733,55.62083034205916,169.87832315510488,0,1,0.3092609835366206,0.7422578194609489,1
260104,5734,54.994634611571115,132.14672460171477,0,1,0.289226675602705,0.6691694764914637,1
260142,5735,29.488889026282774,226.44088055785502,0,1,0.2561451847157977,0.8557806587877167,1
260196,5736,211.97050314799029,-52.54873785987719,0,1,0.36142632678294134,0.0,1
260235,5737,11.094115202397656,271.6988731324974,0,1,0.24292300396990343,0.9760251583784043,1
260271,5738,61.819605814653194,130.8588130816458,0,1,0.25988339176096603,0.5691003194805945,1
260311,5739,22.699230327303745,273.9233436638039,0,1,0.2796525753840343,0.9742577544529011,1
260350,5740,39.33373774559102,233.60210866081098,0,1,0.2941275087904185,0.8727745284467867,1
260375,5741,82.45791467216938,-21.6486032971706,0,1,0.19477406978124848,0.0,1
260419,5742,161.39572049803965,-39.923127966586875,0,1,0.3110474146511899,0.0,1
260449,5743,108.20799795113143,-29.211327923665664,0,1,0.25792521752477005,0.0,1
260491,5744,31.492298343513248,257.7642333321246,0,1,0.2713710887584894,0.879447511886138,1
260521,5745,124.8817200134774,-34.24908464826108,0,1,0.3291889141262136,0.0,1
260559,5746,144.44590446439466,-35.51851855705313,0,1,0.31482696796178367,0.0,1
260602,5747,19.4448788852581,304.3333859965671,0,1,0.2814886201602776,0.9982248753579659,1
260640,5748,16.584393923902596,255.59903478909314,0,1,0.2490829831054855,0.9496394997041322,1
260672,5749,56.739367902415836,138.1385741995278,0,1,0.29301044154276795,0.6765465956649287,1
260712,5750,145.59019854182608,-35.18853477278946,0,1,0.2988263295480237,0.0,1
260760,5751,180.389656330528,-44.51013571458966,0,1,0.3315715351584762,0.0,1
260794,5752,146.33882940543785,-39.36986125736773,0,1,0.3648460333981074,0.0,1
260833,5753,140.88980138654975,-35.37712942922474,0,1,0.2927249139312385,0.0,1
260855,5754,66.47264634939559,-17.353463520347315,0,1,0.13821406901910588,0.0,1
260893,5755,33.38273890745322,235.64078582917745,0,1,0.28382294312580136,0.8971436499734243,1
260939,5756,163.94598447235728,-37.77115870785245,0,1,0.30350750533828225,0.0,1
260974,5757,133.14261943800014,-32.5337822043802,0,1,0.3069531116616855,0.0,1
261014,5758,136.33141902511628,-31.591643039739274,0,1,0.2706139193444327,0.0,1
261035,5759,87.4900816094586,-26.55679736661086,0,1,0.2747118951230401,0.0,1
261072,5760,143.09909579833126,-35.6009592541639,0,1,0.31768586752205347,0.0,1
261108,5761,34.40964448250375,203.06562409722036,0,1,0.2585484156631686,0.8207811784433865,1
261143,5762,130.178258536803,-31.753883260420544,0,1,0.2937023743214556,0.0,1
261185,5763,145.32311090310006,-33.22316777758286,0,1,0.2814897689283727,0.0,1
261219,5764,132.21630996243348,-33.62511646621253,0,1,0.31000590398054356,0.0,1
261262,5765,168.65047119888067,-40.631281721037084,0,1,0.3424715526238799,0.0,1
261292,5766,115.77603892163762,-30.502482591531688,0,1,0.29091835329077026,0.0,1
261317,5767,111.13256391557685,-33.06730715510463,0,1,0.33865983742253114,0.0,1
261338,5768,60.07896256366673,-15.31651776332372,0,1,0.10734866622032764,0.0,1
261378,5769,154.3343386791557,-39.48480684435678,0,1,0.32726664407243666,0.0,1
261404,5770,118.5946939636952,-34.988571524144746,0,1,0.35710682449632725,0.0,1
261442,5771,161.2401811933952,-41.21000573218819,0,1,0.36770512708345393,0.0,1
261474,5772,110.20903750516882,-28.329394827129203,0,1,0.24681652758655986,0.0,1
261516,5773,205.7151287237014,-57.38394806822332,0,1,0.4664249187440455,0.0,1
261553,5774,158.2225065278315,-42.13545677868503,0,1,0.370605533271905,0.0,1
261588,5775,56.82545196427664,211.2961803452137,0,1,0.3764144370176984,0.9171181260757627,1
261627,5776,48.24894472360302,221.87544211527563,0,1,0.31406404048319936,0.843263804584321,1
261662,5777,134.61252758440847,-33.50508157671855,0,1,0.30904853559905937,0.0,1
261693,5778,98.160973402846,36.203681033472904,0,1,0.31881022633098577,0.2903225806451613,1
261722,5779,109.35538043026287,-29.583799734472066,0,1,0.2762066825360875,0.0,1
261757,5780,149.06840566051673,-39.1265127856726,0,1,0.3625372932437989,0.0,1
261789,5781,132.6429420668576,-36.18600313007477,0,1,0.33668020292995504,0.0,1
261828,5782,48.07898708379881,230.12336496162246,0,1,0.32037185631552745,0.8717687459067858,1
261862,5783,134.4408530529238,-34.85310035895129,0,1,0.3190806005157149,0.0,1
261900,5784,151.84887559150886,-37.90252784315214,0,1,0.3381244120580217,0.0,1
261944,5785,151.76536813096516,-34.73089698710563,0,1,0.28477769351080257,0.0,1
261978,5786,66.08928704398258,147.88163268310242,0,1,0.3238675579012535,0.6867335151281937,1
262013,5787,139.71828116604343,-35.36588121523307,0,1,0.32752076097748073,0.0,1
262050,5788,181.1373394041647,-50.43343614914487,0,1,0.4494691510970278,0.0,1
262095,5789,168.196834304135,-40.00357634218264,0,1,0.3222853363709918,0.0,1
262134,5790,40.63157539766733,234.8386140978863,0,1,0.30164519627923125,0.8800402849268547,1
262170,5791,135.83237100603182,-33.06007055693054,0,1,0.30172995856855145,0.0,1
262208,5792,149.24999188215108,-37.65044587844483,0,1,0.3294064653471029,0.0,1
262238,5793,123.0964431777775,-32.10768595160444,0,1,0.31938745428778803,0.0,1
262268,5794,128.2953777033719,-34.99611564330921,0,1,0.34182648701839574,0.0,1
262299,5795,52.56658781667264,127.74867404421981,0,1,0.26681235022265715,0.6415999675387324,1
262337,5796,116.01357684304226,-24.470847065539353,0,1,0.22010980605564057,0.0019750846953268415,1
262367,5797,121.703828751105,-32.582230358902784,0,1,0.317400185671134,0.0,1
262411,5798,168.11998791965675,-40.16209255936535,0,1,0.3310057038133951,0.0,1
262431,5799,71.77535051373866,-20.58257636384756,0,1,0.1918955122335016,0.0,1
262463,5800,124.44168711840214,-32.21686589237034,0,1,0.3047391131002143,0.0,1
262506,5801,165.20313166850133,-39.54458578334883,0,1,0.3301296642151627,0.0,1
262545,5802,164.405750724529,-41.31458612395346,0,1,0.36756239045683764,0.0,1
262574,5803,117.09371317103489,-32.04441112808329,0,1,0.3085271792903848,0.0,1
262605,5804,90.28208486480383,-19.356564919159666,0,1,0.17616348149852812,0.0,1
262647,5805,161.82032036197543,-39.3239205633953,0,1,0.3302465634921986,0.0,1
262685,5806,142.05607622233453,-35.06472073422093,0,1,0.3081612651190389,0.0,1
262720,5807,27.435407827914496,227.19593204137794,0,1,0.2789458574899648,0.9362914868238842,1
262753,5808,133.48718127118676,-34.790513509973856,0,1,0.3287509489559826,0.0,1
262788,5809,77.0273303158389,152.521239461136,0,1,0.3681618696056728,0.7012569207646792,1
262815,5810,102.22088712190168,-27.671603172736134,0,1,0.26769329222495974,0.0,1
262859,5811,37.022220675152,322.9579748118299,0,1,0.3552178043268048,1.0587849751979905,1
262892,5812,142.24557700735107,-38.54873656880061,0,1,0.3622841108786639,0.0,1
262932,5813,151.36648234770684,-34.69290701913748,0,1,0.3185759825293011,0.0056760986116012714,1
262965,5814,132.48795427625723,-34.547922968355955,0,1,0.3240582001577149,0.0,1
263025,5815,324.6254613290571,-93.17769696550673,0,1,0.5566830485707482,0.0,1
263054,5816,119.4460377182086,-32.65797188933941,0,1,0.3220239224267515,0.0,1
263086,5817,131.0210060552207,-34.41368191756017,0,1,0.3291565855945848,0.0,1
263125,5818,31.059292048174445,238.12671025373936,0,1,0.2706092666088911,0.8779358945715782,1
263169,5819,165.2098001530365,-42.07207389312782,0,1,0.3240418026373892,0.0,1
263209,5820,76.4998080338288,258.38804278598445,0,1,0.4590986914560006,0.9923415827603582,1
263241,5821,81.53123900429057,69.24443965652326,0,1,0.2867468553662615,0.4027799661954298,1
263275,5822,135.65354873704774,-35.03182893727995,0,1,0.3248013201853159,0.0,1
263301,5823,83.53085546456641,-20.946927192674824,0,1,0.18971527149897216,0.0,1
263333,5824,133.65974168465473,-35.72949227295189,0,1,0.3405208359179449,0.0,1
263384,5825,211.9789780759554,-55.36471134792218,0,1,0.3863160461859796,0.0,1
263430,5826,44.02500677385806,329.04632048931404,0,1,0.36519887188791816,1.035787131593036,1
263466,5827,135.26318562091825,-32.81220636866549,0,1,0.30124768850102557,0.0,1
263510,5828,182.18407599929435,-48.15448443785492,0,1,0.37063910836961045,0.0,1
263534,5829,84.82807017784961,-23.473880830583276,0,1,0.21920326653123534,0.0,1
263580,5830,171.00369492188668,-39.5327510541818,0,1,0.3227406902236865,0.00029048285281477475,1
263609,5831,104.87106140098433,-26.93318734633492,0,1,0.256449874797566,0.0,1
263643,5832,144.15637160220103,-39.304634656721404,0,1,0.3564476261273703,0.0,1
263678,5833,146.27474091018468,-39.04389452395221,0,1,0.3512938853735427,0.0,1
263718,5834,153.60721096493444,-37.1777868387076,0,1,0.3230957622872702,0.0,1
263751,5835,30.468479519556528,182.7060459287749,0,1,0.238220768084996,0.8056730414776739,1
263785,5836,142.59080869946786,-37.53309092432049,0,1,0.35053936197723584,0.0,1
263820,5837,128.4372573384939,-32.349404192856255,0,1,0.2873863301882702,0.0,1
263852,5838,119.77861642171976,-31.774504606398477,0,1,0.2859148164221307,0.0,1
263889,5839,153.16329370046395,-39.02424814088258,0,1,0.35316158145013826,0.0,1
263930,5840,138.60719807985618,-32.61666071689477,0,1,0.2700048855389827,0.0,1
263972,5841,142.67379256824583,-33.47668837370435,0,1,0.275270920489265,0.0,1
264010,5842,75.31344460402921,194.76137834598526,0,1,0.3868443784258923,0.79997378216475,1
264047,5843,73.63112142082373,183.05994644765585,0,1,0.3804363430237461,0.7780197352052407,1
264085,5844,71.03357456918536,166.40514379233056,0,1,0.33015536372170406,0.6848010989891054,1
264121,5845,140.80643225430768,-35.659141882714984,0,1,0.3218480568571995,0.0,1
264162,5846,153.8393956975212,-37.31893326250995,0,1,0.3146274267800522,0.0,1
264200,5847,147.87429937306285,-36.42641614477087,0,1,0.3240617711383272,0.0,1
264239,5848,161.06192657101505,-40.940898580113945,0,1,0.35759656800334205,0.0,1
264282,5849,22.256343059606497,316.5615552786951,0,1,0.3057873121331136,1.0433020132561481,1
264311,5850,101.49176971968468,-24.964251292952135,0,1,0.24002542894562842,0.0,1
264335,5851,97.59373356217338,-28.506436602615615,0,1,0.28523850583099836,0.0,1
264370,5852,144.22369235859048,-37.30016823399765,0,1,0.3451106700782917,0.0,1
264410,5853,176.6794647259216,-46.97702183537031,0,1,0.39888749993938477,0.0010226257749026944,1
264448,5854,152.8833303931554,-38.85625045847582,0,1,0.3404215349450977,0.0,1
264470,5855,83.88657820352361,-24.349901825626198,0,1,0.24016528105390672,0.0,1
264505,5856,148.59147885693363,-38.758888095340765,0,1,0.36223738075957723,0.0,1
264546,5857,143.5570872123971,-33.55595770236278,0,1,0.2854902837438943,0.0,1
264577,5858,70.62629950226223,100.18411885860436,0,1,0.30441091494018446,0.546434139094941,1
264618,5859,150.5863179351243,-35.561626040666276,0,1,0.3063043573853567,0.0,1
264656,5860,149.9423011739966,-37.73489827681948,0,1,0.3316258129320075,0.0,1
264693,5861,33.157901989744964,213.25600677593917,0,1,0.25931735918394366,0.8347024191348992,1
264733,5862,133.1139293837252,-29.606111598505368,0,1,0.258613846149213,0.0,1
264772,5863,27.810233067976863,231.11268743100803,0,1,0.2492611137309017,0.8485767393098766,1
264809,5864,141.39022825299887,-35.58627924637798,0,1,0.3146896186985448,0.0,1
264848,5865,164.706812854902,-42.71130091122173,0,1,0.3686733478011927,0.0,1
264888,5866,154.58790041994033,-35.7206092167008,0,1,0.32688036653145336,0.0029416988384875493,1
264911,5867,91.55326459191812,-26.47327439558302,0,1,0.2675896978854751,0.0,1
264937,5868,102.09309879738811,-27.712868829061016,0,1,0.28054035446017944,0.0,1
264971,5869,121.65603094644669,-29.786094540484363,0,1,0.27377406457389064,0.0,1
265009,5870,159.3017977591017,-40.532439215258016,0,1,0.3634488032867523,0.00122191598805137,1
265039,5871,56.79268023989314,123.4810854586675,0,1,0.29115279374043274,0.653082054352852,1
265070,5872,119.25185878761029,-30.506242437535825,0,1,0.2954748205204691,0.0,1
265112,5873,149.82920349351951,-34.97210949557438,0,1,0.29519399642810384,0.0,1
265150,5874,139.94797002442073,-32.97701319087325,0,1,0.298830430637034,0.00013000732737901609,1
265181,5875,103.71435998348633,-25.36437925678192,0,1,0.2308677533815604,0.0,1
265222,5876,163.45818408886157,-40.71985307094526,0,1,0.34549746294855344,0.0,1
265258,5877,166.17743363220433,-44.940544475755004,0,1,0.4110991494075155,0.0,1
265290,5878,122.29542754812654,-31.07445581477487,0,1,0.29480239379369494,0.0,1
265326,5879,30.838879792690793,205.7830178044239,0,1,0.24927157695635455,0.8280155772903626,1
265363,5880,27.26136653501976,213.7765961306611,0,1,0.23891397748623658,0.8298674519816291,1
265401,5881,136.14556578564444,-32.397240793301165,0,1,0.2861150433879468,0.0,1
265448,5882,164.01248032507283,-39.55239965361909,0,1,0.2956577577420673,0.0,1
265473,5883,99.03271150278707,-27.781098550520984,0,1,0.2777180882851413,0.0,1
265503,5884,116.47925776014475,-31.23297366485182,0,1,0.2948003919956042,0.0,1
265544,5885,183.45398180266403,-47.33695693948023,0,1,0.4063926335653572,0.0040822684628844825,1
265586,5886,35.69604689477042,316.59424850712475,0,1,0.3625614255113946,1.0881431641478538,1
265619,5887,48.02544621326402,171.4948665909326,0,1,0.29943806912745996,0.7882725044859097,1
265658,5888,139.32619831888576,-32.96956188660498,0,1,0.28798963268193856,0.0,1
265689,5889,85.87017102529025,45.941029303861015,0,1,0.2783216453831555,0.3152087441660967,1
265724,5890,142.5907359294355,-36.1884180056864,0,1,0.334897531149846,0.0012148120533084312,1
265765,5891,172.82938031125468,-43.484015916614084,0,1,0.373903763533104,0.0014715830621963876,1
265810,5892,180.34411817107951,-45.489071065502806,0,1,0.35679574917280327,0.0,1
265853,5893,157.88275156984648,-36.41732331711732,0,1,0.30820234626417276,0.0,1
265884,5894,69.96779724006153,85.68149075982232,0,1,0.27325826378847384,0.47590325654272225,1
265920,5895,30.559394073617046,192.59632269545264,0,1,0.2299827351123781,0.7743749717650014,1
265958,5896,150.45595390641145,-38.11531721635566,0,1,0.33340290803230427,0.0,1
265998,5897,27.47609073875404,267.07353908940905,0,1,0.28906617228479525,0.955445861758573,1
266030,5898,48.76171627094982,165.01544771525374,0,1,0.30215748696394396,0.7843708138234431,1
266066,5899,152.9409376548529,-40.85108763186982,0,1,0.36304001318025647,0.0,1
266087,5900,96.65498555433312,-29.95831554734486,0,1,0.33310538661889444,0.0,1
266124,5901,133.6366834523012,-31.952391530507448,0,1,0.28673992524093916,0.0,1
266162,5902,25.160659338799604,225.56110028793964,0,1,0.2374023460423172,0.8461111146455601,1
266196,5903,133.1344200461907,-34.166555280155066,0,1,0.3145358017648765,0.0,1
266224,5904,90.90627432206853,-21.879658410512004,0,1,0.20490044198102594,0.0,1
266243,5905,49.88658057715621,-13.469739526106205,0,1,0.06282061717559186,0.0025790269821751536,1
266267,5906,83.3775569050324,-22.458710295295216,0,1,0.2094045468418976,0.0,1
266285,5907,42.185792524920586,-10.892972219279978,0,1,0.01078836949859538,0.0,1
266302,5908,42.598724479360726,-11.624279968766023,0,1,0.02063435932017183,0.0,1
266335,5909,44.61880171620628,184.4390251961505,0,1,0.30570317354328946,0.8381179913821498,1
266369,5910,133.6878917376455,-34.9940954444279,0,1,0.31803390483699956,0.0,1
266412,5911,181.64130164026523,-45.87845663455556,0,1,0.37910122104099947,0.0,1
266445,5912,53.75564208867599,176.1422252560949,0,1,0.3338356835383048,0.8180027679965594,1
266476,5913,130.03518577815294,-35.50985940483285,0,1,0.3400439842711747,0.0,1
266499,5914,77.09747548981508,-19.94968459931924,0,1,0.18655362319657923,0.0,1
266534,5915,162.18267924872188,-45.22575168314036,0,1,0.40987824877390544,0.0,1
266565,5916,131.16028215898464,-35.17375184420231,0,1,0.3444692048676877,0.0,1
266590,5917,104.26479664839789,-29.83850820906639,0,1,0.30537550092416643,0.0,1
266612,5918,59.12934675106892,-14.650421387491892,0,1,0.09388303261375888,0.0,1
266634,5919,83.01487634168186,-24.172763694942972,0,1,0.23301943453890558,0.0,1
266669,5920,33.518076648353635,234.6124120879972,0,1,0.3169442056912842,0.9763797949206658,1
266707,5921,188.33342827990958,-52.12177043168633,0,1,0.4602810805863458,0.0,1
266741,5922,129.64466262689123,-32.15522329376707,0,1,0.30297118739767,0.0,1
266766,5923,82.80462644090916,-21.086378413032804,0,1,0.19527630949796884,0.0,1
266787,5924,97.32495873808585,-29.343851350863005,0,1,0.33841833996922216,0.0,1
266818,5925,76.79873333133722,74.07796016921122,0,1,0.2861909715806957,0.4324015233745595,1
266839,5926,85.44427412662581,-25.674775174779775,0,1,0.2641741246292142,0.0,1
266864,5927,77.2212938013673,25.474336986055842,0,1,0.27202841445943454,0.2722671199052904,1
266891,5928,101.38277970183987,-27.57419766744417,0,1,0.2657229718883221,0.0,1
266923,5929,130.76912933886706,-34.62356422528997,0,1,0.3275021324054633,0.0,1
266954,5930,57.74725467982718,121.45704978407483,0,1,0.2823796780720659,0.6258286541068708,1
266985,5931,55.19767667766306,122.78946577315803,0,1,0.270912241429354,0.6229052687911552,1
267018,5932,138.93139934762274,-37.18616352290713,0,1,0.34794658315502514,0.0,1
267058,5933,133.48491072982168,-30.453401642054235,0,1,0.25983600161340165,0.0,1
267097,5934,202.36697472302845,-58.00225713407029,0,1,0.4922402490419134,0.0,1
267127,5935,91.25156803244417,44.22004406215104,0,1,0.3150960824380192,0.33055721452219333,1
267163,5936,152.10340897983883,-39.364967441414606,0,1,0.3629030981514143,0.0,1
267187,5937,87.5113831619895,-24.71020944886571,0,1,0.23325142263738985,0.0,1
267219,5938,61.25126095285613,142.56010370566202,0,1,0.32063353202077044,0.7018000392768218,1
267255,5939,144.8054316609561,-37.227290483729334,0,1,0.3360441059789523,0.0,1
267291,5940,144.36433638722204,-35.96791489069392,0,1,0.3334120947476847,0.00028454138946178007,1
267311,5941,49.11092063070213,-12.930125354552864,0,1,0.05172897707534466,0.0,1
267336,5942,90.50382856902078,-23.924778398534396,0,1,0.2337729365050227,0.0,1
267369,5943,48.07445894314981,152.99495621542957,0,1,0.2676608391926932,0.7041634656162857,1
267399,5944,110.10698407190358,-28.010368443789268,0,1,0.2665277181907556,0.0,1
267419,5945,77.08280974154556,-23.584252014615018,0,1,0.22923056308615902,0.0,1
267450,5946,113.99062023937923,-29.645838097305692,0,1,0.27188863915697126,0.0,1
267488,5947,139.1199122328399,-33.49610617194594,0,1,0.2973051783506982,0.0011307282502505099,1
267526,5948,180.1773875734174,-48.94441457608853,0,1,0.43441402983889005,0.0,1
267552,5949,91.48680397041356,-23.85014451591126,0,1,0.22699967458250012,0.0,1
267586,5950,138.46772682761335,-34.887229725153944,0,1,0.3352589957902604,0.0024343571412817704,1
267630,5951,188.12529178677372,-50.95987613150564,0,1,0.38863803713640993,0.0,1
267673,5952,183.96050015799165,-49.61589633834047,0,1,0.3884878463960739,0.0,1
267706,5953,144.28272371668766,-39.08609913745114,0,1,0.3711902945935952,0.0,1
267734,5954,101.07730696525415,-25.433801207888852,0,1,0.2542297391209133,0.0,1
267758,5955,66.81752400780212,-15.527817885231872,0,1,0.12379386279024235,0.0,1
267783,5956,100.131546684002,-28.20619138764786,0,1,0.28355641012315574,0.0,1
267809,5957,85.15689178323771,-20.779613015916976,0,1,0.19897151079981265,0.0,1
267835,5958,101.64153383577545,-27.328763213975737,0,1,0.277633030721226,0.0,1
267865,5959,105.80395325099516,-27.04370941707454,0,1,0.25196981884657327,0.0,1
267895,5960,110.17461977743369,-28.338629539276173,0,1,0.2715689751994526,0.001682762476894067,1
267939,5961,168.5966810325868,-40.69880289777167,0,1,0.33276138274405803,0.0,1
267961,5962,77.47498207706442,-21.809093515125692,0,1,0.20211300524076134,0.0,1
267994,5963,56.904725363477745,149.0695707913556,0,1,0.30226212710501144,0.7030003952522914,1
268023,5964,114.54349530256223,-29.745049787495336,0,1,0.2956563502833119,0.0,1
268053,5965,76.56902020670427,53.5261421511436,0,1,0.25726406892206133,0.3448605347318178,1
268090,5966,135.40345591499377,-31.62336685631519,0,1,0.29360110941453194,0.0,1
268112,5967,60.60480644043113,-14.59710678232114,0,1,0.10292396370532568,0.0,1
268134,5968,79.88847206517993,-22.609869261659593,0,1,0.2144295527917035,0.0,1
268154,5969,59.722126051594614,-15.73076752735058,0,1,0.11691573930880832,0.0,1
268175,5970,69.08746981217823,-18.401923459462925,0,1,0.16192889474577096,0.0,1
268197,5971,66.20835670297721,-17.124192616839625,0,1,0.13375562454952916,0.0,1
268225,5972,102.64298671420664,-25.43858126814198,0,1,0.25607985486757434,0.0028126028972165046,1
268253,5973,104.35237772362751,-25.6314008945868,0,1,0.26367251114350043,0.0,1
268288,5974,134.4622993270565,-34.32939536142574,0,1,0.3111022502521608,0.0,1
268327,5975,158.99302439306635,-40.6070243763681,0,1,0.3497359523207782,0.0,1
268362,5976,142.10053682308072,-36.30879728586642,0,1,0.3371104958853663,0.0,1
268391,5977,113.30876665777171,-30.60958107092503,0,1,0.29415330367504267,0.0,1
268414,5978,59.93683159188917,-13.68867611815939,0,1,0.09175894480560444,0.0,1
268459,5979,169.77641796297974,-40.30504402527107,0,1,0.3264983434943674,0.0,1
268480,5980,43.88462242667865,-6.7787841586551405,0,1,0.00017194822245299483,0.0,1
268510,5981,120.03260346823538,-32.044343160501285,0,1,0.31236257781807414,0.0,1
268561,5982,280.7946431432531,-76.46010140507819,0,1,0.5502697564348762,0.0,1
268588,5983,81.17006500393549,-19.500255403875407,0,1,0.1665353642443859,0.0,1
268617,5984,91.54326495937772,-20.069025637877296,0,1,0.19315144045971916,0.004540938622258514,1
268638,5985,-1.2996993189678392,-9.75820059791655,1,1,0.026934179644742286,0.004839676330295585,0
268668,5986,115.17808339464861,-30.497654271523277,0,1,0.288252771339288,0.0,1
268699,5987,136.77104765744625,-37.715368816471354,0,1,0.3648414088997222,0.0,1
268734,5988,143.71972701802514,-37.85559058916228,0,1,0.34048085927523386,0.0,1
268778,5989,204.26100306369534,-52.68379520622001,0,1,0.4335865090496503,0.002260777430326802,1
268807,5990,108.27581462433423,-28.823894291763374,0,1,0.2704396600530274,0.0,1
268841,5991,115.65152979889025,21.011596828000418,0,1,0.331935828832581,0.21764760288048943,1
268879,5992,167.45376245992318,-44.52251730141594,0,1,0.38654489047901547,0.0,1
268900,5993,55.47080086175528,-12.760042421113074,0,1,0.07853331144503575,0.0021801250539002924,1
268935,5994,156.11889427632846,-41.34852637943804,0,1,0.38946718185600343,0.0,1
268958,5995,54.62912540210533,-12.251390343697716,0,1,0.06320286785803299,0.0,1
268991,5996,126.65372832584802,-32.741572560708185,0,1,0.3022512944511018,0.0,1
269029,5997,129.7640806934375,-30.07448752459021,0,1,0.26491021857669134,0.0,1
269060,5998,121.43075102871649,-31.914210999894966,0,1,0.3047415870994818,0.0,1
269089,5999,62.92990207122028,79.94147134042683,0,1,0.2526307220031519,0.472993248402357,1
269124,6000,119.12286313881765,-28.567254296272807,0,1,0.25642007679391965,0.0,1
269166,6001,171.12795726054912,-41.66532238363601,0,1,0.3611849844709837,0.008104816050145444,1
269208,6002,201.75677908993256,-53.709781391661984,0,1,0.44909337015351314,0.0,1
269246,6003,155.95852974985874,-38.39830102781295,0,1,0.3508796311053073,0.0,1
269271,6004,77.29780538791613,-19.695547078224855,0,1,0.1658477234338288,0.0,1
269313,6005,145.5528240346601,-33.6123762400724,0,1,0.28132835317357785,0.0,1
269344,6006,117.34829796483875,-30.577002383205503,0,1,0.28588080238419633,0.0,1
269382,6007,147.56672848028776,-35.506230911072606,0,1,0.32547010382187225,0.00485678594332537,1
269407,6008,83.1984241125636,-22.270214897720773,0,1,0.2012745277112337,0.0,1
269435,6009,108.77419758629961,-28.646959561663614,0,1,0.28389744300685144,0.0,1
269466,6010,50.54252345550578,111.4398253937833,0,1,0.2288462353225741,0.5626482856026809,1
269486,6011,48.73106690888136,-12.050489243849748,0,1,0.04562509789690923,0.0,1
269516,6012,116.27578004958315,-30.945161849885814,0,1,0.29186407953596577,0.0,1
269541,6013,74.98014170059903,-18.986130694058346,0,1,0.15558654498211724,0.0,1
269566,6014,81.48755588160427,-20.76940264955971,0,1,0.18625407333938473,0.0,1
269614,6015,195.03071303655253,-48.42436151917916,0,1,0.36885163144857264,3.964492340558722e-05,1
269654,6016,144.08319646646203,-34.181151761502576,0,1,0.2936550000148666,0.0,1
269676,6017,48.89223656486149,-10.375956726860268,0,1,0.03760538054438518,0.0019411450476851581,1
269710,6018,137.7619012861806,-34.851183936987816,0,1,0.33215253028447594,0.0,1
269749,6019,150.8738731484731,-36.22944054629982,0,1,0.32524960752803306,0.00014521159055715747,1
269797,6020,181.37818639557526,-44.054075236267366,0,1,0.33337948018197655,0.0,1
269821,6021,96.0940326905862,-26.72019596120018,0,1,0.2753982968022371,0.0,1
269841,6022,55.57746120272422,-13.894286149409751,0,1,0.0857389134508094,0.0,1
269861,6023,78.01265783624237,-22.993539604601402,0,1,0.23101535577570625,0.0,1
269899,6024,36.4271061066662,248.2619713474673,0,1,0.31590331329436205,0.9510245612398467,1
269922,6025,70.99997974618094,-18.359319094660663,0,1,0.15723928589404607,0.0,1
269963,6026,56.96698091345387,244.28866713320713,0,1,0.3522020040061486,0.8882504176141898,1
269994,6027,109.60274777377751,-27.501511482054617,0,1,0.2556840525582238,0.0,1
270027,6028,56.37678440858121,154.45430664029044,0,1,0.30842118149696707,0.7249319952621778,1
270050,6029,62.8452769017114,-14.397249141815452,0,1,0.10870497718566001,0.0,1
270083,6030,134.71799472226482,-35.3597538719682,0,1,0.332536772882673,0.0005115935547500717,1
270105,6031,46.594719367846906,-7.490606932794673,0,1,0.005386611593889901,0.0009909445616104447,1
270130,6032,88.2623983630654,-22.602180623456825,0,1,0.22460917983706602,0.0011997560394760712,1
270156,6033,97.74082829013956,-27.74424115274052,0,1,0.26000477713608716,0.0,1
270179,6034,91.7946694096591,-26.90335479877607,0,1,0.26820958300868464,1.8468386134570824e-05,1
270209,6035,114.703958282614,-30.266565161560337,0,1,0.2883801657927305,0.00107934829722735,1
270248,6036,187.17302267779036,-52.00258895680167,0,1,0.44360166917190796,0.0,1
270270,6037,51.520425944434336,-12.115233120082467,0,1,0.05199154708313332,8.4378187775728e-05,1
270316,6038,236.22486909834484,-65.47146023469406,0,1,0.49695109155862716,0.0011584392008054621,1
270353,6039,155.49626769992125,-39.78885227076529,0,1,0.35928996352087317,0.0,1
270413,6040,301.9266667876721,-82.00114773568725,0,1,0.507888327347762,0.00014716894259237835,1
270436,6041,48.38523296042141,-8.361551053787593,0,1,0.020179495255561217,0.0019162718468527047,1
270467,6042,121.06055657348655,-32.466746804324046,0,1,0.3025463070656371,0.0,1
270500,6043,131.3545290820684,-34.38051701290853,0,1,0.3181582203512639,0.00016124796699765585,1
270530,6044,113.1105971191538,-29.7219493925611,0,1,0.28187761157321195,0.0,1
270548,6045,50.89608463173848,-12.175845907513828,0,1,0.06294179024863428,0.0010404157584661716,1
270568,6046,56.383919684816505,-14.918051712380667,0,1,0.09073733624964261,0.0,1
270587,6047,58.14099531638197,-16.271700263837133,0,1,0.11255357527958512,0.0,1
270608,6048,82.36932277112874,-23.376099301318927,0,1,0.2415179830615076,0.0,1
270659,6049,256.9318062891005,-68.52107020752642,0,1,0.4992653719485618,0.007969793072250288,1
270684,6050,73.68533251739849,-17.1172209068649,0,1,0.1493291803259225,7.744458726824224e-05,1
270724,6051,197.54823987185176,-56.13070254879432,0,1,0.4625115788224846,0.0,1
270751,6052,101.05381450678755,-26.911662889302455,0,1,0.2626218849586902,0.0,1
270772,6053,56.540814689972514,-14.00225718227475,0,1,0.0881818836047639,0.00016940153391520362,1
270804,6054,146.09286379364107,-41.34360231196118,0,1,0.38765764139390374,0.0,1
270842,6055,164.17100564248102,-44.21119538531659,0,1,0.38305028472460984,0.0,1
270865,6056,71.42088777447194,-19.13668333340783,0,1,0.1536313065004077,0.0005710742102444077,1
270905,6057,166.61698834633074,-42.929189112616925,0,1,0.36802818281663996,0.0013734683237216563,1
270938,6058,148.27109650819568,-40.16756312836577,0,1,0.38286495391394815,0.00038793224831116933,1
270972,6059,137.32277979545086,-36.3309367427386,0,1,0.33309454640044545,0.0,1
271007,6060,140.72413696550802,-34.47351620238673,0,1,0.3297987464172346,0.00398459225853065,1
271036,6061,110.54070841909714,-29.995495527805257,0,1,0.2809011219462814,0.0,1
271069,6062,138.1447795219208,-36.842187479978506,0,1,0.34328916944544485,0.00017364458002551366,1
271086,6063,64.50797883398845,-17.746866851688388,0,1,0.17120198645098322,0.0,1
271131,6064,191.55998519299396,-49.671846541752444,0,1,0.3859789719173457,0.00026047766167164955,1
271163,6065,134.49534519828646,-36.22558949272607,0,1,0.3422139616053444,0.0,1
271192,6066,90.90202327263613,-18.89694950364333,0,1,0.1939527759809037,0.009152910053741137,1
271224,6067,118.21200843863369,-30.860657924246517,0,1,0.283910487850883,0.0,1
271263,6068,183.11290777182407,-50.11754341722907,0,1,0.42991777447764623,0.0,1
271291,6069,105.22143999887263,-26.231322625435887,0,1,0.2670688800012803,0.0019612613543262504,1
271323,6070,129.6673312557433,-34.476827341793324,0,1,0.3225712852185086,0.0,1
271365,6071,196.48035175032953,-51.30150956640085,0,1,0.4340338191619413,0.0015099163752831757,1
271404,6072,141.94307176135297,-32.54429942095918,0,1,0.2966721827936685,0.003471662004487688,1
271426,6073,104.42766482816884,-32.753200082230194,0,1,0.357236026648734,0.0,1
271456,6074,117.1591318305459,-30.39127339139795,0,1,0.2963685232510062,0.0,1
271482,6075,76.31476629907385,-16.992542833660217,0,1,0.15040098259350054,0.0,1
271500,6076,44.4090019604689,-11.224165760322192,0,1,0.02607890099876841,0.00029493023527050224,1
271520,6077,46.59728678658592,-8.005340345086045,0,1,0.02480322186614657,0.008355469799195919,1
271546,6078,86.17243197081993,-22.096485047997337,0,1,0.2032211601799136,0.0,1
271565,6079,50.505850329278125,-10.409811595703736,0,1,0.049316781957198706,0.004951746863907954,1
271584,6080,14.724097999978238,33.61859877935998,1,0,0.14601372044996952,0.0006697459727210048,2
271621,6081,138.95825789996474,-29.426634878638843,0,1,0.3017729878991125,0.0017698100140791583,1
271644,6082,59.70362019613453,-11.673604539927144,0,1,0.0707226644187463,0.002699278145441826,1
271676,6083,97.59682546825982,-20.06861847483115,0,1,0.19206290326230538,0.0007773470810851863,1
271711,6084,166.31923766783126,-46.0101680899686,0,1,0.4243291378676289,0.0,1
271731,6085,60.59556109978581,-11.980539320199235,0,1,0.10495378922656277,0.00990097194566196,1
271758,6086,98.18282965488856,-24.864022366239475,0,1,0.24579431058471674,0.0002755351349423735,1
271781,6087,8.705593621914236,38.653800718539856,1,0,0.08183195088701675,0.0,2
271803,6088,46.99111689498219,-7.206608262642316,0,1,0.01701557859392152,0.003123361286542506,1
271823,6089,65.61883898592755,-18.932339672225392,0,1,0.1515529061881486,0.0,1
271844,6090,5.374307386441348,39.85066347112999,1,0,0.06947609294115306,0.001227358649561086,2
271878,6091,77.22206140744514,-10.046809974861242,0,1,0.09977306942288637,0.0019184910189969234,1
271900,6092,48.4032938086758,-7.105114417197557,0,1,0.016452904495854116,0.0027013219686768167,1
271920,6093,8.05368818903684,37.83085452858434,1,0,0.10316918102252248,0.011394744511890086,2
271941,6094,50.56956583645315,-8.686347954305992,0,1,0.04276947371071338,0.011247457918465422,1
271970,6095,57.89482620800547,-4.901330002049878,0,1,0.041560053137405524,0.004890836705053145,1
271997,6096,105.52100301684516,-28.598435224944545,0,1,0.2776931335527697,0.0011403020227963526,1
272022,6097,2.59368606285728,43.29324184329914,1,0,0.038864115063761466,0.0024566875908880233,2
272054,6098,136.0141526668514,-36.42219099824275,0,1,0.3504442074813286,0.00039027213598117233,1
272074,6099,-6.146851075766893,41.742937016378626,1,0,0.018970759110435394,0.014867593631994469,2
272104,6100,81.60858300697714,-15.95300780646254,0,1,0.1483875569639269,0.0013957551585825141,1
272154,6101,222.02187639936432,-52.56864616830785,0,1,0.4164751984485627,0.0030341079874099245,1
272174,6102,48.829003903336705,-8.24016587345102,0,1,0.031880632180689726,0.01078930450571826,1
272195,6103,46.508881872615554,-7.8457954992537235,0,1,0.016121415638723907,0.0012190741021750316,1
272233,6104,146.68927540013226,-34.247218194596684,0,1,0.31583593889122585,0.0015614312888766648,1
272255,6105,1.54363463341533,-9.526910561870901,1,1,0.04960963345538615,0.009184863924721802,0
272335,6106,162.13568910810756,91.97225430143024,1,0,0.2815312220443711,0.147804326620113,2
272358,6107,69.29333698470892,-14.497351714612655,0,1,0.13897311760696912,0.006038432579114594,1
272394,6108,144.78357638105413,-36.34825475044172,0,1,0.3318081588393376,0.0021976594516670083,1
272421,6109,73.43854400850239,-15.878757096242985,0,1,0.12639486913695447,0.0,1
272447,6110,105.60257364216241,-30.22496379865924,0,1,0.2991556297586255,0.0,1
272471,6111,67.72861753321317,-15.716199303304734,0,1,0.12354230328005888,0.000608675427210444,1
272495,6112,10.650050763822982,38.459389536144926,1,0,0.0775643759733929,0.0,2
272541,6113,106.55776208784177,237.9077739561329,0,1,0.4518441935838126,0.8165266908117161,1
272571,6114,87.86930083704814,-17.55519623680315,0,1,0.16692798004411755,0.0005091935072117661,1
272613,6115,147.9635328885042,-28.471197369915398,0,1,0.2830195593033863,0.009198130493827741,1
272647,6116,121.2280003841143,-27.87600355517221,0,1,0.2735230113146566,0.006029039659065473,1
272670,6117,49.22919599829175,-7.279965306159044,0,1,0.02408419512560599,0.00628284215095022,1
272695,6118,59.64347963175432,-10.048120875305655,0,1,0.07909833375124058,0.016397545560109517,1
272737,6119,159.84681976302065,-39.612788456802996,0,1,0.32307197654274245,0.0,1
272762,6120,84.81895520265098,-21.616032631014434,0,1,0.20015866709782557,0.001350131472015343,1
272785,6121,74.34972222500556,-16.88447902391584,0,1,0.15968351933055128,0.005460049054048279,1
272805,6122,48.67491158252409,-10.00661030076604,0,1,0.03435044167542552,0.001976619043677305,1
272828,6123,67.27714489028952,-12.664710157948841,0,1,0.11503778848957809,0.005320813968191722,1
272850,6124,59.104319156269085,-8.862232326183516,0,1,0.09253683800114128,0.02163652594083003,1
272891,6125,144.10980029984657,-32.07794900195684,0,1,0.2815509502281843,0.0022271038368416986,1
272922,6126,101.14819308252555,-22.170732323943295,0,1,0.21498933035217532,0.0028354744506179025,1
272953,6127,100.70089756729487,-22.768726963368632,0,1,0.21812069686079194,0.0,1
272972,6128,40.24003060327716,-7.448950788163167,0,1,0.0010551969666660562,0.006131933825955826,1
272992,6129,-0.8382034867322758,-5.63902318008029,1,1,0.046577715702336445,0.027828175614386236,0
273017,6130,53.52395424795896,-9.731345280942755,0,1,0.04268670257210831,0.002312657275670682,1
273042,6131,52.27746264159968,-7.481038064885313,0,1,0.02945764937386013,0.0003048900200848837,1
273133,6132,316.31210170122483,-32.029138340245304,1,0,0.4022859370102067,0.0021982477082107786,2
273152,6133,45.072242805095456,-9.703826250548587,0,1,0.020131395871365667,0.0038753286205765545,1
273176,6134,51.70710716058372,-3.903319223303253,0,1,0.03255194898871388,0.01667021028488909,1
273219,6135,205.36838916078912,-53.73011670526418,0,1,0.44496489103932935,0.0,1
273238,6136,43.42893224045494,-10.226502684807544,0,1,0.014701545695851234,0.0,1
273258,6137,47.956672064961055,-7.79044416407492,0,1,0.03999919677941916,0.01931464156693734,1
273278,6138,46.23502021649344,-10.501488805054874,0,1,0.030478888201099626,0.0009270931123015266,1
273297,6139,-6.726252156907671,42.49892098388024,1,0,0.018304969940515472,0.01495222132041851,2
273320,6140,59.57681743381893,-14.315060384999246,0,1,0.08981777097459274,0.0006805819657305446,1
273338,6141,48.27290313346253,-10.248603124135752,0,1,0.04287542821358975,0.006635824118358207,1
273375,6142,185.50212845251104,-49.34863657819203,0,1,0.463105926674341,0.00273536157566156,1
273397,6143,-6.450408622442447,43.79521430160777,1,0,0.004998934816249379,0.0,2
273415,6144,45.26273781932137,-10.265880123008413,0,1,0.011749947480428846,0.0,1
273436,6145,47.265195229943814,-7.516145755735982,0,1,0.01741817506797905,0.0017496000457636305,1
273455,6146,47.37649934578018,-9.88057107242843,0,1,0.018794813201795463,0.0060113673809409325,1
273476,6147,46.126742092715176,-9.326216228975518,0,1,0.016835533360255422,0.0,1
273499,6148,50.200042931284344,-7.791814543608666,0,1,0.027867645814858656,0.0016615582980789062,1
273536,6149,62.115616108839816,206.4991517276485,0,1,0.36269561264886013,0.8513369571869138,1
273572,6150,57.27645767849958,200.59397895031412,0,1,0.347839328530285,0.8464079650178588,1
273603,6151,73.37642773938938,115.16013770206692,0,1,0.3463061746367182,0.6242157216103822,1
273633,6152,57.71465058252396,118.29413766847522,0,1,0.28581833962922926,0.6302782866673782,1
273677,6153,78.33046908460621,185.4999051060821,0,1,0.318301202364463,0.6493096187169148,1
273707,6154,69.92761712941002,107.72656964791021,0,1,0.32734651831208855,0.604660058418863,1
273747,6155,45.93430268611283,280.264539300062,0,1,0.37218604111821085,1.0285611058362503,1
273788,6156,87.59229928419758,249.68830183839452,0,1,0.47324025818775906,0.9497252699681009,1
273822,6157,68.21387646857082,152.5307600101595,0,1,0.3442899682819503,0.715457748432967,1
273853,6158,52.47536673051415,122.84308648185562,0,1,0.2558800896852889,0.619465160507354,1
273885,6159,50.813412467048565,150.79805087987464,0,1,0.29154086265694323,0.7274980011070793,1
273932,6160,77.32191079901432,180.04348067077504,0,1,0.2845561024272836,0.582558758273877,1
273966,6161,49.41715149764134,167.5881962683556,0,1,0.2871693554516539,0.7471851399598803,1
273999,6162,51.3142564536992,173.0846389492128,0,1,0.3183395984413128,0.8013399320729082,1
274031,6163,51.9524381629357,164.93568577310802,0,1,0.3191234792701843,0.7924020108340855,1
274052,6164,68.96870029864728,-19.47085095489447,0,1,0.16168265105872456,0.0,1
274085,6165,58.286485963362665,180.97217128764223,0,1,0.36387697268274394,0.848125437774547,1
274120,6166,108.3053854612624,182.64093717583225,0,1,0.5512368164033945,0.8813392558111448,1
274158,6167,47.57439750061209,254.91609940204123,0,1,0.37036531760244407,0.9936174160318229,1
274196,6168,28.55341372590891,242.96208784182937,0,1,0.2757334699537714,0.9191108155855087,1
274229,6169,61.52375867820553,176.7381884397157,0,1,0.36784270186318907,0.8342435771128774,1
274246,6170,41.591999126476715,-11.861076191754318,0,1,0.008303439291768926,0.0,1
274275,6171,73.85043651271423,95.42528327634487,0,1,0.3411029583973835,0.5743414803255531,1
274308,6172,60.66055114718889,159.63617564974746,0,1,0.3358962095885219,0.7564567246921446,1
274339,6173,68.11406570656368,127.67796293737973,0,1,0.3417304922846435,0.6734807297420308,1
274380,6174,18.05471905142955,300.5387346187712,0,1,0.2886300829053608,1.03478889139654,1
274417,6175,56.41470845594769,206.00600482135025,0,1,0.34322525190136854,0.8422334005423583,1
274446,6176,71.10710666039272,84.5821471173524,0,1,0.30307887349834556,0.5112743200994945,1
274485,6177,185.12227947416574,-51.13367985578,0,1,0.4345964668085824,0.0,1
274513,6178,107.46393194340453,-28.59971839300372,0,1,0.2795633994743111,0.0,1
274552,6179,35.57342051164929,265.1446452513626,0,1,0.3258835479954559,0.9864027068549103,1
274591,6180,38.02975502293279,261.52228620656587,0,1,0.32750663680500525,0.9760681718416626,1
274630,6181,121.08785686796526,227.95890370443604,0,1,0.5984788825539746,0.9698486590250968,1
274663,6182,49.227526701527054,189.82572098944013,0,1,0.3340102985615572,0.8700701298307627,1
274695,6183,49.06727644503133,165.18484942340052,0,1,0.3028521907197825,0.7851756138673484,1
274725,6184,62.691585156892096,126.95646808007103,0,1,0.32715995589521646,0.6869321538435841,1
274755,6185,67.58601228927596,116.43726402290228,0,1,0.33133615251226495,0.6421236818665501,1
274776,6186,60.49126111234152,-16.741554872500842,0,1,0.11367538365554183,0.0,1
274810,6187,51.52162842255258,185.0142302239728,0,1,0.3257509479466396,0.8265886390660426,1
274841,6188,86.00559810246766,60.88054112045096,0,1,0.3044080776949978,0.38600776978945495,1
274874,6189,52.70795169131853,170.92300564354693,0,1,0.3198884330711663,0.7930816269897732,1
274916,6190,228.5304881471301,-62.95225929953405,0,1,0.5292877590195009,0.0,1
274955,6191,243.78649959262765,-72.32598655974152,0,1,0.627089055041754,0.0,1
274986,6192,59.83317114455254,136.46964128192846,0,1,0.3196299226888864,0.6996274786213481,1
275026,6193,161.81631677307115,-41.694372803862976,0,1,0.34991053232581215,0.0,1
275065,6194,165.31402131948823,-42.96621169276342,0,1,0.3702025189102498,0.0,1
275087,6195,61.90184562429181,-16.594047139091323,0,1,0.11008764087542194,0.0,1
275125,6196,48.16897436809529,249.04389312295405,0,1,0.3600741210879808,0.9701968892343039,1
275154,6197,104.52607628333061,-26.295692512720045,0,1,0.2530471433476961,0.0,1
275187,6198,56.88962719838426,170.9675792079325,0,1,0.33750529769157556,0.7992729956071932,1
275217,6199,81.25272343577629,49.22701057808138,0,1,0.2763964384778802,0.3355721969970293,1
275250,6200,70.44719046607847,146.11150915296008,0,1,0.3573238225638929,0.7127289930796096,1
275288,6201,79.3703094914797,174.104644224705,0,1,0.37053449423124346,0.725105466737492,1
275334,6202,68.63681817708527,323.0848238610131,0,1,0.43578009965212516,1.0456978180750771,1
275362,6203,55.34278408715345,84.96961766299404,0,1,0.23696856772240138,0.5049061104628404,1
275398,6204,77.15018345198162,145.979102982382,0,1,0.34754262980702766,0.6562945329993141,1
275430,6205,34.277591234151494,167.61735803296312,0,1,0.24441907127974577,0.7743255274835983,1
275466,6206,34.6591670455596,245.33850614796367,0,1,0.32366648751061244,0.992564948715204,1
275486,6207,92.16242241789408,-28.03788124034905,0,1,0.3202137346751701,0.0,1
275516,6208,40.70829066712467,156.93942136614945,0,1,0.273779305243042,0.7888459348884598,1
275550,6209,50.38141631142821,180.33849815932925,0,1,0.31082430407737754,0.8020687418555174,1
275568,6210,49.56143146802554,-13.631824841657762,0,1,0.06332566670801525,0.00038393259296966905,1
275597,6211,61.3786246599479,90.68927189713129,0,1,0.26517472275744547,0.5260834114448281,1
275624,6212,77.37146986626706,37.57786328445416,0,1,0.2686016473007981,0.3139471207968988,1
275656,6213,54.61398227220245,150.60989532205082,0,1,0.306834124375903,0.7325730569847311,1
275687,6214,59.590692933533035,127.21811284700881,0,1,0.3020501037078576,0.6575078489363361,1
275726,6215,293.30924093287393,-92.0953387883846,0,1,0.7867257600579707,0.00030174953605226163,1
275755,6216,73.92140151527077,86.46683372741704,0,1,0.3200340831735883,0.5261818208644989,1
275783,6217,112.35990406576937,-30.08995245484978,0,1,0.30176298187678696,0.0,1
275816,6218,73.07848477366727,150.5941809925779,0,1,0.3738009676161856,0.7351676227733017,1
275838,6219,78.78982543825775,-22.236714475054136,0,1,0.20867147827049826,0.0,1
275871,6220,87.52748751793033,130.67260396271175,0,1,0.4085613263172392,0.6742525441512093,1
275898,6221,90.79546121443715,-22.646147207621485,0,1,0.2112202564309928,0.0,1
275927,6222,52.18382964832155,96.9871603927283,0,1,0.2332484732239756,0.5391293477767372,1
275975,6223,176.78346914409536,-40.83727333416796,0,1,0.32102810403052157,0.0,1
276007,6224,87.80816902228578,111.84530443219019,0,1,0.39333894986045004,0.6114495254932057,1
276059,6225,375.54952038677294,199.065807004402,0,1,1.1083330376027436,0.8896514105989707,1
276097,6226,39.380236937631636,234.46857482260023,0,1,0.3063109832760821,0.9023321840380333,1
276123,6227,82.59510790774536,23.444390901529317,0,1,0.2872637567724212,0.2622812024090053,1
276155,6228,68.38854581829753,123.44956813114227,0,1,0.3218947562688916,0.6287043348415078,1
276187,6229,114.49201994211703,136.6785493970634,0,1,0.5551043675785318,0.7672473528336325,1
276224,6230,99.55816981291804,211.80494164939753,0,1,0.5203269076753911,0.9285300407937492,1
276255,6231,63.70633881254621,140.2497879047944,0,1,0.3419726695360242,0.7241328231066179,1
276285,6232,38.81696281753798,143.37228290165484,0,1,0.24324128600528205,0.7188697236860307,1
276323,6233,44.53037886458395,247.73497409235975,0,1,0.3453741404191406,0.9619964449573603,1
276364,6234,40.59023276673535,257.44378105129357,0,1,0.31100954905400885,0.9124473742009562,1
276398,6235,54.642731448045964,153.49693214626933,0,1,0.2880877603863548,0.6967273709980034,1
276428,6236,137.90814922045854,-38.81208020143869,0,1,0.3879335486507166,0.0,1
276462,6237,51.452715318793324,189.09049039519417,0,1,0.3325076257190474,0.8430178234438575,1
276499,6238,56.451678406679115,230.57558540308855,0,1,0.38084915606132214,0.940404393254649,1
276533,6239,59.03486318551049,133.61645799666007,0,1,0.2731540008960488,0.6166763698329351,1
276573,6240,151.3080698377396,-36.49471949187636,0,1,0.31611682122992346,0.0,1
276605,6241,80.14164355669834,102.95750101612542,0,1,0.34084001103887107,0.5573862289694484,1
276637,6242,60.13660231981544,144.15202615275768,0,1,0.3201033728396288,0.7105167883688764,1
276674,6243,34.47161585193725,237.6894159162518,0,1,0.3040314158616099,0.9356339152830807,1
276705,6244,67.85867176098901,143.0740298595307,0,1,0.3724288280027627,0.747150139044174,1
276735,6245,48.86450692574226,128.52150647868598,0,1,0.26593523152750026,0.6684524043914075,1
276774,6246,73.00763233243885,239.75908226016688,0,1,0.4285229493346572,0.9442677344645867,1
276802,6247,50.141730092274834,109.38822384636514,0,1,0.25999549960501595,0.6236818422038547,1
276835,6248,75.77258430552476,158.06486202157498,0,1,0.40312780493435674,0.7766234660794185,1
276874,6249,23.43946924630634,268.8546607588567,0,1,0.28720538952301145,0.9846827370577907,1
276904,6250,123.52646015180227,-32.34373388876645,0,1,0.32409862463227296,0.0,1
276934,6251,88.5342974850767,70.5366282165416,0,1,0.3545081169561596,0.458484507286362,1
276974,6252,128.1205742727851,200.03088554087117,0,1,0.567313659794094,0.8505133017227706,1
277010,6253,72.23441254828471,198.2851569077357,0,1,0.40731957912942274,0.8609863806071499,1
277041,6254,72.1781238044497,92.63624807056942,0,1,0.3032296483877239,0.5182667051904798,1
277085,6255,62.94984803174591,319.3937178101018,0,1,0.44042558239844304,1.0808730607344084,1
277116,6256,77.30090827620184,102.54994139799676,0,1,0.3427225481644513,0.571306119220088,1
277156,6257,14.173139020098937,277.4777467993399,0,1,0.25425300753495106,0.9756304027097837,1
277190,6258,60.78693056661363,156.10209419883768,0,1,0.3220619831299975,0.7192803431268221,1
277232,6259,37.001031937909,293.1551632022764,0,1,0.3371096276581341,1.0100267415218442,1
277263,6260,69.11335359341379,117.718549352098,0,1,0.3279296480392586,0.6271936159370578,1
277294,6261,82.87459577375711,98.0583996345495,0,1,0.3630245968787935,0.5612134761228215,1
277331,6262,80.04773124675121,195.45655267924295,0,1,0.4212141806894055,0.8365135374821652,1
277370,6263,34.60452142835657,244.96192123642257,0,1,0.29161634472739467,0.9091053135635487,1
277412,6264,105.0983552889409,255.0224756852501,0,1,0.5284150217419634,0.9666608983353552,1
277455,6265,181.94028974372824,244.1632150455248,0,1,0.7613122725613942,1.0040041775126827,1
