step,episode,reward_r1,reward_r2,falls_r1,falls_r2,hits_r1,hits_r2,winner
344,0,226.03674627337975,269.2844921167811,1,0,0.00031792049430010906,0.00022535036924605816,2
844,1,362.1798609573672,369.84438569911697,0,0,0.00013743077931526276,0.0001142259391665207,0
1344,2,360.98089249028476,352.88328026109195,0,0,0.00038020962802725103,0.00041791365714194693,0
1844,3,365.95687541838305,363.39838710406775,0,0,0.0001483255813091572,0.00039577969511331437,0
2344,4,371.96452136603403,366.70083314047247,0,0,0.00030133008264307055,0.00027596718262197154,0
2844,5,368.00226866588037,365.1909621196016,0,0,0.00046321946066635626,0.00037049361791893114,0
3344,6,359.7488564943464,379.75055464644646,0,0,0.00042202231012442774,0.00038113102757864243,0
3844,7,379.2354377426257,389.61746132839966,0,0,0.0006449505138559139,0.0003484113550036299,0
4344,8,365.67498255846795,379.1345024384964,0,0,0.0005068899566026805,0.00044832966859143907,0
4844,9,368.7010596492362,392.20805695595897,0,0,0.0004317900757397481,0.0004601667397376843,0
5344,10,371.2947191149318,395.86887601070674,0,0,0.00036136299058827346,0.00020831433848823627,0
5844,11,338.9178271123903,390.6989961079627,0,0,0.0004614984134305844,0.0003184216360133177,0
6344,12,367.840544918238,359.51041846843594,0,0,0.0008247180998199875,0.0006086582281599732,0
6844,13,407.8057224358376,388.2741171031045,0,0,0.00033822367439708957,0.0007506876732163326,0
6986,14,84.57146739238769,140.47675861749977,1,0,0.0022796201906678175,0.0027698259306508286,2
7043,15,68.35635272225112,30.66697806849801,0,1,0.001982412890455534,0.0013816980533129075,1
7543,16,401.82493924523806,364.22152011710546,0,0,0.00041966473106059757,0.00033293497680263325,0
8043,17,365.6038832673519,358.5779006391223,0,0,0.0004240756256157782,0.00028310840758499957,0
8338,18,192.57253489018868,246.4031312908284,1,0,0.0008929449351807777,0.0008828920003063772,2
8548,19,196.3106589115904,143.6773312421756,0,1,0.0012170801080711895,0.00123363601896528,1
9048,20,392.8664004815221,382.3813297079735,0,0,0.000523566854583893,0.000362258094088179,0
9548,21,379.67605611550636,397.29341991875356,0,0,0.00042992342346407096,0.0003396192688112141,0
9721,22,107.63873358071925,159.1313668573781,1,0,0.0011605616231397501,0.0008441020274832248,2
10221,23,407.5389792931885,383.24394535731795,0,0,0.00026070812119999564,0.0003115913479906352,0
10721,24,408.85375216006844,369.81150598307505,0,0,0.0005138456709971624,0.00017536215695551538,0
11221,25,386.2009601565312,379.46913481024006,0,0,0.00013409469736839325,0.0001837750449140048,0
11378,26,105.52162677806741,152.42854068010556,1,0,0.0012221131171628935,0.00125416710752503,2
11448,27,33.62893626873709,81.65977694884805,1,0,0.0034783572259661304,0.0037497401935448617,2
11948,28,376.712339017311,381.50742412450103,0,0,0.00031333589546191575,0.0003654445874482842,0
12448,29,367.5780001614529,397.7206721279323,0,0,0.0005649218160926866,0.000593811928412116,0
12948,30,318.7998029628337,369.8778305829905,0,0,0.00018318788417181372,0.00016765902727739162,0
13134,31,157.4681494165555,116.4987830934637,0,1,0.0007264947429968171,0.00038097040860691215,1
13634,32,352.2096401882223,413.04822727735154,0,0,0.00040974216111599353,0.0005341071980416874,0
14134,33,360.5885009553807,418.9287052168513,0,0,0.0004533556155632141,0.0006321872121139682,0
14174,34,14.011403458921361,15.178060638397103,1,1,0.0027321902006714888,0.0014174393426436601,0
14674,35,395.48155673125353,414.08371551643995,0,0,0.0004966508072113629,0.0004766702535825228,0
14707,36,59.23445153115668,8.840862270524372,0,1,0.0011620810033531215,0.0027570926953063087,1
15207,37,399.10123787416006,416.6943006008041,0,0,0.0006489837520182596,0.0017328561903938704,0
15707,38,419.12439649274614,385.08480391764186,0,0,8.720255260069102e-05,0.00040671854484701644,0
16207,39,436.32552653485567,419.2799886353566,0,0,0.0010767678093680816,0.0005965037758586097,0
16707,40,413.2836537326979,377.2874660304673,0,0,0.0008090811765967828,0.0006664962628944167,0
16848,41,93.36904153075665,128.17486954396395,1,0,0.002433302111944154,0.001325852551372543,2
16993,42,92.14050433547483,125.38989818993926,1,0,0.001954503137350929,0.0012604871866671273,2
17231,43,163.8323208856069,202.48925866697041,1,0,0.0010222006172279027,0.0007674655467697775,2
17731,44,383.1600408101152,422.2897004508139,0,0,0.0003527633698851284,0.0002622725362815507,0
17810,45,43.54873749456563,98.08126528034029,1,0,0.0038275321632421097,0.001379128041713241,2
17956,46,85.35712033792679,142.4570053459256,1,0,0.0021467874140677257,0.001843355976821023,2
18456,47,388.9817170282402,395.9547343490109,0,0,0.0008323272484493757,0.0008206055335480466,0
18795,48,253.6816968078257,292.1827929790051,1,0,0.002247833873749314,0.00018864820412211925,2
19295,49,385.8759331243449,427.9729743384178,0,0,0.0003155287562252519,0.00013879278117161472,0
19795,50,410.4950625852691,431.30873153569763,0,0,0.0008377869460715561,0.0005071300017107923,0
20295,51,414.63888965876015,424.4677243636261,0,0,0.00047390537318485536,0.0005385224315582423,0
20795,52,411.61990159498805,394.87019824871413,0,0,0.0008156619212437272,0.0009418935171605163,0
20807,53,-4.207966450314947,-4.187325652391525,1,1,0.00010208265079912778,0.005611954929318502,0
21307,54,430.388582046472,417.6755778168191,0,0,0.0005741776588486587,0.00017232551567674883,0
21807,55,429.5603431722211,437.83938482133607,0,0,0.0004071611976192325,0.00030941903366171075,0
22052,56,227.75425858586053,184.19021281472828,0,1,0.002098704377279383,0.0019686307743012974,1
22552,57,415.0633026922339,431.6229318643693,0,0,0.00043307657538639024,0.0006359687183796585,0
22678,58,135.3004419780541,82.99923171986916,0,1,0.0031489915663075025,0.003556160196634992,1
23178,59,404.55604471733915,422.907845690379,0,0,0.0005659761491073409,0.0006292948519708934,0
23678,60,421.59001110462515,429.18373166614356,0,0,0.0005278646210769463,0.0006047303644573879,0
24178,61,421.27503561022525,438.22701627541267,0,0,0.0007647288114394486,0.0008772920489319799,0
24320,62,97.89744168450838,146.82323040669843,1,0,0.002220983191408601,0.0028142859927139446,2
24820,63,421.0310833169071,422.8846255841169,0,0,0.000885274505141834,0.0005526495051209566,0
24839,64,2.130425073324499,1.9110719654452204,1,1,0.003076112929798069,0.006089834611703811,0
25339,65,416.338520550215,423.21457945822556,0,0,0.0005115074064605585,0.0006874873302145615,0
25839,66,386.07922718116106,421.94778186143094,0,0,0.0007262421971957152,0.000786261247634886,0
26339,67,421.6534488466597,435.6726672962804,0,0,0.0005445638602259536,0.0004690026944128767,0
26839,68,409.59355957958996,412.0844207265666,0,0,0.0006044862505909486,0.00037080934523882407,0
27339,69,413.932458417442,419.508882792697,0,0,0.00037520163791008123,0.00033571808476286127,0
27467,70,74.70128745390838,120.61146654086276,1,0,0.002612929609847498,0.0017110308974899518,2
27592,71,90.22714821428703,132.94265160831242,1,0,0.00508622009491124,0.0019495011980471648,2
28092,72,405.47853799508937,428.55385405927615,0,0,0.0009715772283793847,0.0008349779466867553,0
28592,73,426.8801228104802,420.76851975672224,0,0,0.0010701894330532272,0.0006300646162473841,0
28758,74,117.94902213373544,170.4664778748286,1,0,0.004147559527582987,0.0028132081190429337,2
28870,75,64.01744898726665,122.40913755335554,1,0,0.003438871258591985,0.003589527157806536,2
29370,76,397.24396908472073,410.3488320459679,0,0,0.00048087743584860774,0.0005050582231446777,0
29870,77,399.6758717617584,419.5194918442217,0,0,0.000520989797766503,0.0003591628770563283,0
30370,78,409.3473065524624,410.91717913830325,0,0,0.0003906908839384351,0.00031950304362246486,0
30386,79,50.767396337561046,-3.1629660924187597,0,1,0.0034096413017522097,0.0008312743040385942,1
30886,80,398.76365069122676,424.2409340894169,0,0,0.000483985495821302,0.0007201282205091608,0
31386,81,385.4369961633242,423.90687539434657,0,0,0.00047894657328934395,0.0005481084166512542,0
31886,82,428.23284333956644,391.71595943370494,0,0,0.000514863821752979,0.0004525829294216425,0
32386,83,418.1200888235338,410.5730450732764,0,0,0.0002544057262697819,0.0009012220621840243,0
32465,84,44.632905632821206,47.836506388807955,1,1,0.0017800989637803786,0.006910174936182482,0
32965,85,407.92115827987044,417.3388983488632,0,0,0.0002975661346013526,0.00047450474206437435,0
33465,86,415.09852482002333,407.9933854531579,0,0,0.0007721497745775747,0.0009526244426960444,0
33571,87,115.48555394144128,68.84870407400025,0,1,0.0018926673221448544,0.0016627247301100104,1
34071,88,396.39418571714356,415.03245077699563,0,0,0.00024736712045124004,0.00032604801717275834,0
34081,89,-1.584751417157678,39.08078036972651,1,0,0.008222993327585996,0.0011694234452336266,2
34581,90,447.2136515667253,390.19873779745234,0,0,0.0007436895370348187,0.00023987328425572577,0
34605,91,7.638732843223355,48.85299713274447,1,0,0.002897621979724625,0.0016558981379305579,2
34744,92,94.89918088442371,132.3908658561097,1,0,0.0027300055911675183,0.0008723838429591577,2
35244,93,412.8071146197782,405.3377524604575,0,0,0.000394560313649131,0.000825709505311825,0
35358,94,68.44622307968814,117.67020208295996,1,0,0.00179344474941053,0.0011342449491464433,2
35858,95,396.15160351480256,412.40155720318006,0,0,0.0006388478541927745,0.0006499903915187428,0
36075,96,206.26997071399995,161.95813935406778,0,1,0.0011241573884210958,0.002698857650523188,1
36262,97,131.20084121698156,177.11001082514645,1,0,0.0032339765901272734,0.0018394052041724083,2
36368,98,61.107376529841645,122.16870302271587,1,0,0.0010035656577580775,0.0009118323769972035,2
36868,99,380.1930686396826,420.6678172257668,0,0,0.0006074051707800969,0.00038804740356507077,0
37368,100,403.81852453216936,411.99685311180747,0,0,0.0004749821867924274,0.0004532114375078789,0
37546,101,118.58728556476959,162.46262625345622,1,0,0.0011242734114548089,0.00182139944866994,2
38046,102,390.00487458315087,399.5212241279185,0,0,0.0008703161269659504,0.0013312484372629964,0
38546,103,418.55187661256974,428.06765127746746,0,0,0.0005212966088689335,0.0004283150786160117,0
39046,104,422.24384543706765,386.9360356166586,0,0,0.00034360850267851396,0.0002556329699556773,0
39546,105,435.3120376688567,409.59729664042106,0,0,0.00020963096844002878,0.000737745265806748,0
39717,106,163.9964761316204,113.32603556162019,0,1,0.0013861613174297465,0.0012695608774826355,1
40217,107,442.4756379607233,416.2883765138518,0,0,0.000243163396273995,0.0002483116150626002,0
40717,108,425.98469783962076,416.2088415517938,0,0,0.00026823036358225865,0.00030643368038731924,0
41217,109,398.2096224508948,410.9184138881042,0,0,0.0005717676480211483,0.0006865810241430694,0
41717,110,384.58034430808914,377.56365928892785,0,0,0.0017379397439340161,0.001106936292573303,0
42018,111,275.99211090711464,217.89507816655583,0,1,0.0010877948154994896,0.0006429037536914789,1
42518,112,390.25836491337526,398.8422799387927,0,0,0.00038541406451858323,0.0007309789778633682,0
42627,113,71.14627498001727,70.63709567660023,1,1,0.0008980657054167489,0.0035872294735972005,0
42811,114,122.68446649387066,179.09166157773785,1,0,0.002435819588309282,0.002295266502891797,2
43311,115,389.98300566134145,414.85699091284147,0,0,0.001255413009249436,0.0008592259819304528,0
43811,116,423.99594328016997,417.80847442988096,0,0,0.0007072675443668547,0.0007891689990010863,0
44311,117,392.4347697371089,409.51126646502274,0,0,0.0004135474138997458,0.00071020094454692,0
44811,118,398.0579559366268,418.9233967444198,0,0,0.000874603448174261,0.0006440856039854808,0
44871,119,81.10062900556616,32.1335031992776,0,1,0.002291257048233165,0.003762334862501499,1
45371,120,387.573606045188,421.9474878964858,0,0,0.0007262720168941275,0.0002168841359114166,0
45871,121,411.39874194349505,444.2781589640945,0,0,0.0007972500221808797,0.000910480357736413,0
46371,122,431.086338727137,426.57547085300746,0,0,0.00043245568121095244,0.0011755249518128285,0
46871,123,420.3418487219644,440.9314825475921,0,0,0.0007771583109685758,0.0013769152841273079,0
46988,124,116.81156271141285,74.46082437363525,0,1,0.002634605764420335,0.0020632508407819787,1
47488,125,431.4053575324759,421.85995120114825,0,0,0.0007029179739850214,0.0006237830419460841,0
47527,126,16.067059899174044,14.298304983032953,1,1,0.002859624296553217,0.0015007803080778071,0
47774,127,178.70948859463184,241.73387887457721,1,0,0.0015848126775992977,0.002193926773245591,2
48274,128,410.40573554868496,403.73797975406563,0,0,0.0015240499420661005,0.0006176276409849309,0
48381,129,121.9179906288648,70.86510605302112,0,1,0.0035403186876468828,0.0028689329340309843,1
48697,130,267.80754845844655,244.90267370476792,0,1,0.0016116189948035943,0.0033842919880670416,1
48777,131,91.98874175967988,44.40278042905676,0,1,0.0004329226738181812,0.003314118156328963,1
49277,132,423.3979253224404,442.16196041894364,0,0,0.00054139054855419,0.0007858091546318662,0
49449,133,125.63130322623213,177.73232837288222,1,0,0.006716215089394715,0.0034051028822470967,2
49555,134,116.70995549245595,74.74309710366978,0,1,0.0026106737747406653,0.0027404935985088355,1
50055,135,401.50925691465744,437.26309782797,0,0,0.0008127130886435804,0.0008000570919573294,0
50555,136,405.70034737252644,436.4478810774975,0,0,0.0008042132511266167,0.0004036305965863915,0
51055,137,412.34327383514835,443.7206236248237,0,0,0.0006677564993350451,0.00023029395279942412,0
51555,138,420.3253422658417,426.4581279475948,0,0,0.000794506692031555,0.0007084081236522232,0
51688,139,76.42239367839875,135.20678978184492,1,0,0.001207822889435653,0.0011300284029812527,2
52188,140,426.0759725085327,430.7089792087134,0,0,0.0008576661021513979,0.0006454507146133074,0
52408,141,204.3309733869392,172.35090580948696,0,1,0.001075661156328261,0.0017436960367046201,1
52908,142,402.24824562587895,433.6994037907777,0,0,0.0006066597915045438,0.0010214940368415907,0
53408,143,392.78927199485673,427.12787169173873,0,0,0.0003602825045307885,0.0004690654108178951,0
53908,144,423.8761614882546,419.4294143260571,0,0,0.00044857662683159727,0.0005970076302918103,0
54075,145,112.09968101627634,156.76807640378553,1,0,0.0008854473795813507,0.0015578091088048476,2
54575,146,428.6610852737048,437.9299841439199,0,0,0.0007335009700060557,0.0005474475398768112,0
54712,147,127.42885907300806,91.76836327281775,0,1,0.0011264847163056117,0.0036176349421374815,1
55212,148,423.90925295771837,443.4406261835577,0,0,0.0009445900205424059,0.0010588833249276877,0
55712,149,417.6169268233848,436.90191616634837,0,0,0.0012088039934289995,0.0017296093861840142,0
56212,150,415.4515000681819,435.71175443343014,0,0,0.0010767492076600486,0.0005923338338816909,0
56712,151,398.47403215446315,430.4126998897014,0,0,0.0006442530151832461,0.0007988273341153736,0
57212,152,430.64352790054164,435.3734392602773,0,0,0.0008790396532102656,0.0014521521117190133,0
57712,153,453.1183927354182,450.6936391093266,0,0,0.00039763209750303655,0.0006137647733027524,0
58212,154,443.42398495991586,447.7286218751896,0,0,0.0006733469974650239,0.000692384337208954,0
58712,155,408.97674374667537,436.93527065460984,0,0,0.0005293092887056752,0.0007588984038371449,0
58812,156,111.89477239932529,67.97708915980974,0,1,0.0028328615966381064,0.006381782794199062,1
59312,157,406.3088179889835,450.0260175775426,0,0,0.00037892419652505805,0.000747401976194087,0
59812,158,418.35985997715716,423.99427060201623,0,0,0.00043082172994288225,0.0006551333030713332,0
60312,159,403.62157282593324,446.86309320532195,0,0,0.0005049723676544863,0.0008944403332317322,0
60812,160,405.51379217008633,437.6733554117852,0,0,0.0003859780295130958,0.0007960986780947381,0
61312,161,424.6285351596672,445.78338700499376,0,0,0.0007819616460988644,0.0011426702093865688,0
61812,162,419.34377659156223,444.98410950006536,0,0,0.0004397155560683922,0.0004262153435004189,0
62312,163,417.5138648749023,439.5301688350492,0,0,0.0003339488736519603,0.00044813845243774016,0
62812,164,437.2913121479367,452.48857028203923,0,0,0.0004110058854669298,0.0009361873679686452,0
63312,165,436.7184798291942,423.03596986754593,0,0,0.0003770391249189773,0.0006468569473032565,0
63812,166,416.99969063782345,414.05314937341626,0,0,0.00011330674684131559,0.00020470156366422017,0
64312,167,417.2020623000719,405.6550023208439,0,0,0.00036536057933803237,0.0004497451890319072,0
64812,168,435.4494554012344,389.68583855631374,0,0,0.00041140027600272965,0.0006923922341346839,0
65312,169,410.8137078504378,418.77938613436396,0,0,0.0002990725384085021,0.0006905779639023717,0
65567,170,197.90728625463112,239.69144997548864,1,0,0.0009179045112908534,0.0007346730023697699,2
66067,171,421.0015213963287,392.3978666814963,0,0,0.00043519270680314,0.0004237315816190323,0
66567,172,396.7527993145544,409.70075221238784,0,0,0.0006710134070004783,0.0006279280578811645,0
67067,173,416.55687465159974,436.6615074030441,0,0,0.0009017622580737651,0.0008896428303513498,0
67350,174,216.30397952008187,263.3887948361094,1,0,0.0009490791274734832,0.0015104109594516809,2
67850,175,469.5692297019748,411.0030055447182,0,0,0.00070851896364652,0.0005807473673232255,0
68012,176,159.3653353862956,112.23006673043186,0,1,0.0022777580475197125,0.0034582575448712438,1
68512,177,438.81750732645,421.786804945747,0,0,0.0006950738445522799,0.0012208934170903536,0
69012,178,438.11963888906433,439.8948884882648,0,0,0.0008340245240213622,0.0004926868598943584,0
69512,179,453.6070668941646,440.3978381364985,0,0,0.0005903124833777959,0.0006188409250908858,0
70012,180,456.23600550364864,437.0130497680452,0,0,0.0004159955105397473,0.0007973096182613753,0
70512,181,437.86106291212354,454.1190095908493,0,0,0.000655026343699176,0.0009601412564374116,0
70735,182,158.88227116186124,217.38599869413167,1,0,0.0020085827976897316,0.001668860430379068,2
70929,183,190.33355865790904,142.2105757101948,0,1,0.0010816827636011136,0.0012853428166704928,1
71429,184,415.3555310978298,424.04102171961506,0,0,0.0005995420925870066,0.0007306440215849827,0
71929,185,440.3329197925549,446.3437994041873,0,0,0.0006421101495726418,0.0011368444765897639,0
72019,186,101.14783865005762,54.24339118698739,0,1,0.001835692969883615,0.003098520434131095,1
72035,187,-0.6476130874793249,-0.10280075572144654,1,1,0.006398592780303602,0.0033796815506496563,0
72237,188,195.02554615565657,147.5090335686435,0,1,0.0012819761001686292,0.0012582556141359314,1
72737,189,427.427966472361,442.4494983901881,0,0,0.00030684688405859743,0.00021648712744188304,0
72841,190,67.34277223937823,118.34017832961827,1,0,0.0018484593640061742,0.0032442999477805406,2
73098,191,183.21194531062326,233.5108300572423,1,0,0.0017631138694780132,0.0012049238919446348,2
73598,192,415.6282072754428,424.5723862384799,0,0,0.00115300107215007,0.0014381626288595677,0
74098,193,419.5374513931684,427.07982171750075,0,0,0.0003830426889134013,0.000448402138615046,0
74598,194,447.46814915690726,432.20618172261214,0,0,0.00033050709141492,0.0002264006218077448,0
75098,195,448.2378801241971,457.57714366434027,0,0,0.00039708975204255344,0.00042918962672067087,0
75598,196,420.14326870211175,433.239891168343,0,0,0.00037820954762607335,0.0007237019827060876,0
76098,197,440.5488238595864,445.5630639381687,0,0,0.0007453803508567184,0.00044615760372336734,0
76598,198,444.6736166251227,448.2851040431628,0,0,0.0005456600989840326,0.0005608896781199469,0
77098,199,414.40691219321934,439.8872267141904,0,0,0.0004692080079844985,0.0006251893382175465,0
77598,200,433.41330343240855,419.4697731177097,0,0,0.0002318060749348345,0.00027554263927642714,0
78098,201,412.8997797403439,395.911022480506,0,0,0.00034555471399221277,0.0004203795872890067,0
78598,202,429.6581136612625,459.6972313425843,0,0,0.0003523718283303572,0.00035605269985641304,0
79098,203,438.8801108894219,458.9627388767378,0,0,0.0003184937289521876,0.0007645051627404318,0
79598,204,435.9555397449026,467.73925610482587,0,0,0.0007540312421626356,0.0009264666174658224,0
80098,205,454.6500262020205,453.5036543502664,0,0,0.0006979343048693047,0.0006372260215695312,0
80598,206,447.67792812095666,443.84492645063517,0,0,0.0004827910060441677,0.00041574459897769216,0
81098,207,438.3260700734361,436.5430653864083,0,0,0.0003662497945839376,0.0005084975327459791,0
81598,208,448.3603572437013,465.32118579878573,0,0,0.00039640015090700134,0.0004840855115152989,0
81865,209,226.97004426462786,198.09410899449432,0,1,0.000595463529108201,0.0014526096379030436,1
82365,210,442.8496975706896,449.2565902709533,0,0,0.0004490674661519428,0.000831121795378902,0
82865,211,439.50316470387725,445.5178571454084,0,0,0.0005709742695989497,0.0011309093289601862,0
82964,212,59.37984263383169,61.22598116050855,1,1,0.0019778469764209555,0.001993349397667768,0
83464,213,461.14094861591974,469.82933625530126,0,0,0.0005360694809046626,0.0007627806271851396,0
83964,214,377.99540937919437,449.62897430759125,0,0,0.0002778265816909306,0.0006245070386663191,0
84464,215,459.096248922212,448.21415708210776,0,0,0.0008640535358921835,0.0011218224148584939,0
84964,216,442.5142754854606,433.7770797902856,0,0,0.000721472324152156,0.0006921151854883333,0
85241,217,219.4133845417406,271.0317272921332,1,0,0.0012084453902121632,0.001458853249570727,2
85446,218,188.16163772110016,153.89369961531042,0,1,0.0016295123072533066,0.0018789965627517265,1
85946,219,433.5801664534868,461.03564482745634,0,0,0.0010700603152838408,0.0002162446891354288,0
86446,220,436.38813277732584,453.3601443411824,0,0,0.0003848999357812469,0.00034051437177761297,0
86946,221,441.49364750843074,441.72237847080623,0,0,0.0010958910807074185,0.001995498507868123,0
87446,222,416.5095126381071,429.5833160480661,0,0,0.0009858652799144196,0.0012358380815792735,0
87946,223,457.7290507205471,455.0769807093816,0,0,0.0010496559317038749,0.0007149832993857035,0
88185,224,176.79388089856943,227.79561284594567,1,0,0.0018141348399698194,0.0022519913365555014,2
88265,225,47.51681812417822,100.2918482793344,1,0,0.0009976007117173762,0.002501070775518829,2
88765,226,452.5404405732995,438.4755237496014,0,0,0.0010324900125103097,0.000412834881124317,0
88866,227,111.67813024152397,73.35661325604539,0,1,0.0007475330694911872,0.004374548325278082,1
89366,228,468.92019535114764,447.22886410099494,0,0,0.0006277528653294252,0.0006193125080580967,0
89533,229,169.94148519974075,118.32867231269617,0,1,0.0027462134110083363,0.002569155550698004,1
90033,230,451.31743078131467,450.5957161400474,0,0,0.001158101044306116,0.0008266390290078265,0
90533,231,460.3487513105611,471.94051160789166,0,0,0.0011214874794944682,0.0007073962040695105,0
91033,232,473.4594777807748,485.51959924997175,0,0,0.0009621978108472201,0.0009034303374143069,0
91205,233,165.71824989910695,130.81735712658002,0,1,0.001791440712911136,0.0006626639267876472,1
91705,234,459.04823799725017,443.67306318573765,0,0,0.0007105558023301993,0.0008831376845047887,0
92205,235,442.3048995863916,451.1426800976843,0,0,0.0009442921179160799,0.001026099741182411,0
92705,236,450.61379306023946,454.80742705442776,0,0,0.0004009035350998562,0.0006139193827808736,0
93205,237,453.9775348537878,459.85830781949505,0,0,0.00047945583723640607,0.0006585603868508621,0
93705,238,459.1943415907957,465.0443785731691,0,0,0.0007429718577163096,0.00044767579627170095,0
93899,239,178.79986651814642,154.7369343628468,0,1,0.002555691653477622,0.0032969590241710436,1
94064,240,153.1560812242046,126.0586473278982,0,1,0.0012427071759728685,0.0030073607702186347,1
94259,241,192.36277941702133,154.42432073694926,0,1,0.0011087239896892716,0.00123976458522672,1
94759,242,432.6417739382006,446.3895995393946,0,0,0.0008176093310283995,0.0009944792279470097,0
95259,243,433.40410667755134,443.27990884712733,0,0,0.0003307437044244492,0.0011795374651738036,0
95759,244,441.8005078456203,446.0162516121994,0,0,0.0005534494372562679,0.0014257853434641852,0
96259,245,426.52705960229673,451.1719765323688,0,0,0.0006544789057238035,0.0006757719607186169,0
96759,246,458.2886135016133,469.5656364608759,0,0,0.00057531149168091,0.0009049160416937773,0
97259,247,451.69355793079137,465.42952264062023,0,0,0.0004001790426349951,0.0006522867734557147,0
97759,248,449.7314868477585,454.5334397023949,0,0,0.0008350491013236473,0.0006602888199761456,0
98259,249,420.01203063060836,441.05746690562887,0,0,0.0002637601801517295,0.0005671886861700287,0
98759,250,436.31226369276766,452.4268381321846,0,0,0.0008785817879493901,0.0009156315469507722,0
99259,251,417.6503086104676,457.16978695695855,0,0,0.00038124894028206623,0.0012195799480645881,0
99759,252,453.3487370883869,470.7077037278229,0,0,0.00046155881502721574,0.0004055846482333741,0
100259,253,391.42262345441605,450.5512395977123,0,0,0.0005769819127872988,0.0006948781196080654,0
100349,254,90.53595476804244,53.331457331603175,0,1,0.0004488980313880977,0.0032828791156651535,1
100542,255,178.4817552119363,139.87526024410198,0,1,0.0007713465623674131,0.0012602499011138326,1
100855,256,268.7020927979229,239.9759019778698,0,1,0.0003142302236669889,0.0009270602343720513,1
101355,257,455.0126436790438,440.8598803499529,0,0,0.0006286369104139772,0.0007204687629168246,0
101567,258,205.2944365259334,155.78818973161333,0,1,0.001623982728950957,0.0014451837138760599,1
102067,259,445.42966652121817,445.7255322996087,0,0,0.0009281732054498347,0.0006161896512719031,0
102567,260,435.47109639691257,440.16740483542736,0,0,0.0006567847290850953,0.0007279194790736802,0
103067,261,453.7381621820475,442.91720247103524,0,0,0.0003721499861092716,0.00041285837455504616,0
103567,262,433.08357513317736,445.9705087698166,0,0,0.0005885801546801232,0.00026598736650511735,0
104067,263,452.0413277322971,470.2229940848724,0,0,0.00039707701654267936,0.00042680463902467457,0
104567,264,440.3484306674848,409.1545116317633,0,0,0.0006347050220897787,0.00039234472496738147,0
104827,265,206.18327374963275,253.98554068634306,1,0,0.0032251737701056264,0.0015937591515824833,2
105071,266,173.01199582976778,236.8833076624228,1,0,0.0009095067188562874,0.0011305708203923166,2
105571,267,439.2399988490771,415.2344880151291,0,0,0.00047535851084937875,0.00016371266559241717,0
105891,268,245.95905811095685,267.9609686901764,1,0,0.0013188642104794207,0.0006939876435320492,2
106391,269,428.7285645626102,426.2853281455418,0,0,0.0009855773927487392,0.0008147232602506879,0
106891,270,446.61587987075904,452.87883906895746,0,0,0.00042057301122616777,0.00047321128682379965,0
107391,271,444.18616835147037,431.4993039047718,0,0,0.0005707565777487594,0.00045658965855067897,0
107891,272,437.72969663047417,439.81371326862353,0,0,0.0011486919071214416,0.0006293121883138542,0
108391,273,440.6785778468376,472.99849021047436,0,0,0.0008676059743141846,0.0003328720727046935,0
108621,274,172.10869641077352,228.39822037479883,1,0,0.0030195100133973357,0.0008492253391868987,2
109121,275,445.37893135736175,445.3548123226153,0,0,0.0008965888126208416,0.0006005910947242414,0
109621,276,454.5002056576961,456.9983934918528,0,0,0.0006694077817594798,0.0008297884426352527,0
110121,277,456.7590443239044,468.5574122296275,0,0,0.0004406156267268703,0.0005162831009039484,0
110621,278,467.67385836903236,471.34383594224397,0,0,0.0003936780415678204,0.000375912893409368,0
111121,279,451.1638080452465,457.67720311239566,0,0,0.0005349171997509755,0.0011012415352254995,0
111621,280,466.81942821002855,479.81959814611935,0,0,0.00029090667909410003,0.0006581799307880849,0
112121,281,467.19443135041564,462.12368047024654,0,0,0.0003880350744160129,0.00044436285827964447,0
112621,282,465.6189841733712,467.34242374517623,0,0,0.00047717506705881996,0.0007199578200795668,0
113121,283,447.5154811727893,447.343680892161,0,0,0.0009227117736173682,0.0007798898902302135,0
113621,284,457.88046122610643,458.72035850043403,0,0,0.00028494467871887464,0.0006872234833749701,0
114121,285,451.2355533087587,468.47554793955163,0,0,0.0009303871436541752,0.0008666716355875413,0
114621,286,445.35730663086076,465.87840139561155,0,0,0.00022386657281730742,0.00039996299193084385,0
115121,287,463.54316993629214,471.0745492485848,0,0,0.0005687544049133643,0.0005649795269645985,0
115365,288,243.39832261853365,192.7189035820226,0,1,0.001451360918221008,0.0008405183126138571,1
115865,289,424.23450311738367,488.8240734165783,0,0,0.0005749318990712924,0.0006531058457528561,0
116365,290,434.7585248089651,477.18977491651106,0,0,0.0007618911599939728,0.000615391111577605,0
116865,291,421.49665932282466,465.8024157463083,0,0,0.0005754759865742188,0.0008033132463721535,0
117365,292,429.8441621502869,450.2998289079533,0,0,0.0007167526920782968,0.000430714169721225,0
117865,293,440.81874820118753,456.50970413720023,0,0,0.0005216415515556254,0.000665563114454596,0
117997,294,90.69833841627695,149.84107482129696,1,0,0.0014630038244237249,0.0011748590133696263,2
118497,295,452.7828312720088,476.7045054867555,0,0,0.0003292022340080652,0.0005028257568186413,0
118997,296,450.9892897163949,463.7987075819003,0,0,0.0008274934731889134,0.0009039158071427405,0
119497,297,455.44195288777036,443.28369573982775,0,0,0.000631733345097368,0.00041558038317183636,0
119997,298,458.4136701760188,462.58012485328817,0,0,0.0005414303915086692,0.0008747107889378297,0
120497,299,449.43262773622183,470.24940154899855,0,0,0.0006896665881384335,0.0008416041684517905,0
120997,300,459.09235204952205,469.4694960047466,0,0,0.0006492930763845251,0.0007613636552940686,0
121497,301,459.4228716824805,481.7989736518294,0,0,0.0008876670712068393,0.0005753823647576539,0
121997,302,445.111227032478,436.9558057296426,0,0,0.0008290338883919073,0.0003643399886478833,0
122497,303,442.32019896104686,465.1089059745723,0,0,0.0007374508224278751,0.0005667320843857662,0
122997,304,437.88602787700734,472.2709446607985,0,0,0.0007094292151169913,0.0007739960554071774,0
123497,305,437.10211614449395,476.01872493729184,0,0,0.00044023612863557874,0.0012369311907442996,0
123997,306,435.4575586052405,440.87100496249064,0,0,0.0006023044694647324,0.0008520742756966622,0
124497,307,459.4513553532492,452.8171384408329,0,0,0.0004810785355667769,0.0007950440885634029,0
124997,308,476.33039219981003,461.96961789082786,0,0,0.0013174757133803925,0.0005229471175433464,0
125497,309,473.04029682381974,456.16829349205824,0,0,0.00044722915763064855,0.0007379585352933198,0
125997,310,475.76317570187234,459.4803871505888,0,0,0.0008567218358017633,0.0008513873105123203,0
126497,311,453.63476190794125,457.69193990507586,0,0,0.0009301236790629188,0.0007841012345776811,0
126997,312,493.07732986338766,435.1833535147182,0,0,0.0010406178418104434,0.0005372002222141252,0
127497,313,466.29167943465967,435.9040386648073,0,0,0.0008555332459749177,0.0008679335873963513,0
127997,314,468.3145388405043,451.04408734025293,0,0,0.00046294177397388387,0.0005125625755302738,0
128240,315,233.863522598394,176.66024384167682,0,1,0.001839094386932728,0.001752386542888019,1
128740,316,461.5966107246422,423.6194355438031,0,0,0.0014798824726065182,0.001318362014881305,0
128847,317,87.1956589481204,120.74460418747559,1,0,0.005407783210948468,0.0026667733828089246,2
128990,318,107.43694741144368,109.267740148008,1,1,0.0035957154223376117,0.0016577053539382875,0
129005,319,1.4956201188474232,42.89856865421781,1,0,0.0016392942743479783,0.00090027918276956,2
129505,320,463.87592650176117,452.56899622673836,0,0,0.001231566781173478,0.0009292109724938981,0
130005,321,480.354390377346,412.13680254982927,0,0,0.0008452439170441388,0.0004753543526185105,0
130505,322,502.2301969015576,410.57681148006515,0,0,0.0004669938806106183,0.0003620809296395184,0
130706,323,165.9360206183605,200.13451830642617,1,0,0.00441206077526011,0.0019301530922411192,2
131206,324,477.9239131052388,457.62328656165755,0,0,0.0005563611408502287,0.0005889454166897267,0
131706,325,416.772293422764,462.8751040176053,0,0,0.0004121010977329724,0.0005679593674445555,0
132206,326,470.3573989635247,435.5709695428343,0,0,0.0006445436036844148,0.00036849641595890903,0
132706,327,434.1437535449259,449.2698384310792,0,0,0.00040588942505077473,0.0006076945208750531,0
133206,328,425.7093850230112,444.22269482256456,0,0,0.0004418617462022248,0.0005521785737978934,0
133706,329,456.9422887430811,470.85456821805485,0,0,0.0006089231480594724,0.00035281730022121064,0
134206,330,489.46349271000923,459.7690811054796,0,0,0.000370941257027984,0.000607698841053363,0
134706,331,482.6819985064205,452.32026996068066,0,0,0.0004189582514493035,0.0005160507102994514,0
135206,332,479.6445952372563,452.4480054624111,0,0,0.0003943832099441331,0.00043213790259578357,0
135706,333,477.1670850163532,463.1021017308693,0,0,0.0006473942210405517,0.00023293034175720994,0
136206,334,495.76852286268814,466.6834362456804,0,0,0.0007538557944960482,0.0005886021217945721,0
136706,335,476.52309223469456,458.56546366175024,0,0,0.0003630027871791583,0.0004106777360456193,0
136843,336,158.44413165195715,93.15353134976368,0,1,0.0012109551224762684,0.0018304202015657245,1
137343,337,471.8416544922417,452.9875302939225,0,0,0.0005645825849518449,0.0002996080614479105,0
137843,338,489.32444120887226,453.9048233523055,0,0,0.0004300172161921161,0.0006490356571632966,0
138343,339,461.3403629260438,485.2803595049684,0,0,0.00022779492584263164,0.0004169016721808127,0
138843,340,454.9372284797863,450.18038823480555,0,0,0.0004002464758980509,0.0001668311890102271,0
139343,341,474.5078557945903,461.1969289877047,0,0,6.684109138341562e-05,0.0004346523002209627,0
139843,342,475.3224662393085,434.17512044401957,0,0,0.0002972260351822978,6.571490230220279e-05,0
140343,343,472.5437851511689,441.7892167168648,0,0,0.0008535718080970591,0.0004022075880640438,0
140843,344,492.40867039387075,463.7358025840911,0,0,0.0003130782909556947,0.00037987140367203194,0
141343,345,476.6831491783213,456.86421164541366,0,0,0.0008860688992620711,0.0005357774424852019,0
141843,346,472.54629105352416,463.27566184360813,0,0,0.0003339850727825727,0.00015654121895437045,0
142343,347,487.0718195058885,476.7822124986237,0,0,0.00040906738407633095,0.0003848763820996808,0
142843,348,498.5991657772426,470.40949315749003,0,0,0.0004424763478533285,0.0002969447604086806,0
143343,349,468.74911617926506,450.11316842860896,0,0,0.0003254454026927364,0.0003215347419104625,0
143843,350,494.60611603410723,481.1865261319651,0,0,0.0004099843163649848,0.00029380799038194924,0
144343,351,484.82000719720406,462.29208128410824,0,0,0.0005514926698469563,0.000463860770341949,0
144843,352,504.46273858237697,458.13284277377045,0,0,0.0004925398736620202,0.0005178711658285057,0
145343,353,482.6106467112239,460.3970872701889,0,0,0.0009189063914282832,0.0004521476710738781,0
145843,354,477.80030004476293,473.16752638521797,0,0,0.0007062670646542069,0.0004779384630203614,0
146343,355,469.6373979849637,461.0674594430745,0,0,0.0002927904051934503,0.0006344332408101153,0
146445,356,124.9313969127563,62.11637165389725,0,1,0.0023693208243672527,0.002664335031706202,1
146945,357,491.0894754829927,459.5579287514031,0,0,0.0005612715737445693,0.0007039408148003748,0
147050,358,76.45846519492221,113.89233899688729,1,0,0.0016154131710624999,0.001581883440719509,2
147550,359,478.2587506705441,444.8592378891701,0,0,0.0005966292569548108,0.00047464720788770263,0
148050,360,475.2334962132713,483.06767685679904,0,0,0.0007002307796982774,0.001299063242011407,0
148550,361,477.1072493159705,452.49399438334945,0,0,0.00033250009254546766,0.0006613817943734756,0
149050,362,470.34897854463077,462.6471471888513,0,0,0.0008712445589204128,0.0002963460836381903,0
149550,363,483.0189676021228,489.5126790360029,0,0,0.001044448417780908,0.0005709105722137062,0
150050,364,464.09001208568617,440.7477570343397,0,0,0.0004875793745143585,0.00037065053757570095,0
150152,365,77.09800505643359,118.64460008329618,1,0,0.0045520706905870095,0.0021154574381399864,2
150652,366,475.7799480511711,455.39560314442355,0,0,0.0006297324395047901,0.0007326710253955057,0
151152,367,479.52839498653685,480.21865821933005,0,0,0.00029916254769995213,0.0008674198331008877,0
151652,368,464.0980745353475,463.576510431068,0,0,0.0006982834441814124,0.0004666729565747361,0
152152,369,475.3942366224907,465.82310392617643,0,0,0.0005138820467350927,0.0004922393919155488,0
152652,370,487.1108008620846,478.8055668387071,0,0,0.00042756102812219746,0.0002749052138899363,0
153152,371,494.73102602577984,503.2708298669272,0,0,0.000558768380544858,0.0005576887238512804,0
153652,372,475.2924600987066,462.4510845042194,0,0,0.0002463377673340049,0.0006951185733389634,0
154152,373,462.9783905170713,476.2304243314823,0,0,0.0004009924345874328,0.0008217759190473295,0
154652,374,486.20633057052095,489.4591311011644,0,0,0.0006224080390162177,0.0006946537987086324,0
155152,375,495.0288402669054,466.9633276402736,0,0,0.0006156571517661833,0.0004551223569121257,0
155652,376,490.5852900830526,467.2258035493467,0,0,0.0006602219244975372,0.0006724612631647881,0
155826,377,195.75012686133374,123.40436697842073,0,1,0.0016223310114704683,0.001993776432236873,1
156326,378,478.7827471441891,464.72156602262623,0,0,0.0004220887504503019,0.0001588220006413715,0
156826,379,474.90975230506916,465.8441480028784,0,0,0.000780534338359248,0.0008245169797270553,0
157326,380,503.42881300880265,489.4155333241844,0,0,0.0002862327248227005,0.0006230213882439348,0
157826,381,492.5922911689909,476.0003726979518,0,0,0.001117542723107828,0.0006109967690078659,0
158326,382,465.1240887447435,468.2702324019772,0,0,0.0010622562098107121,0.001146428463827165,0
158467,383,158.40316908151425,96.97062439520684,0,1,0.0014752427250551265,0.0009265196008184379,1
158967,384,472.3867296253921,499.0238603798304,0,0,0.0005957489563757938,0.0005122801073995109,0
159467,385,463.8046170409214,487.39811580503135,0,0,0.0006127718959516436,0.0004975246634319642,0
159640,386,195.06600319952548,137.52490224764216,0,1,0.0018540113743182244,0.001661221325087089,1
160140,387,490.94017970241055,474.66695345527523,0,0,0.00048495128622337975,0.0002950321557225357,0
160332,388,152.11855924539591,200.75651000771057,1,0,0.002169887654671697,0.0019107101033692736,2
160832,389,472.59970148175967,482.04413214264065,0,0,0.0006774857776292306,0.00038962997797290845,0
161332,390,468.2195573128946,479.1272994582275,0,0,0.0008035115686968731,0.0012180790055629775,0
161832,391,505.00880054033786,473.1159795208946,0,0,0.000340358535443565,0.0007863624881707743,0
162332,392,469.8191478424245,489.6653313003181,0,0,0.0004608898596929407,0.000588129699932762,0
162832,393,481.65715815155716,455.076535634277,0,0,0.00035890008785505325,0.0005807049325408268,0
163332,394,466.60357778369195,479.2206232146223,0,0,0.00023779285193282262,0.0004208518334867135,0
163832,395,491.8462025100985,497.38638699208803,0,0,0.00036851962937872707,0.00041034090398167443,0
164332,396,484.45727265461875,488.586407019725,0,0,9.685645777155774e-05,0.0006627728951341205,0
164832,397,485.42100991355056,474.0921638218368,0,0,0.00019404546138663122,0.00017753755156593915,0
165332,398,499.0489895985337,489.2737108593574,0,0,0.0002634403620020355,0.0003278017528969864,0
165832,399,469.92468187538344,482.5913242072085,0,0,0.00032858177579492005,0.00018942424298268808,0
166332,400,476.0650273360236,458.14084658130537,0,0,0.0006142873048085716,0.0001877097219849125,0
166832,401,504.50391601980846,470.81487694073286,0,0,0.00044610082688077934,0.000567644020752031,0
167332,402,492.92841279378246,478.16867742379355,0,0,0.000531198991870816,0.00024367119309588799,0
167832,403,453.9509177952361,471.07142453027967,0,0,0.00043293478032792695,0.00026098914383607336,0
167995,404,117.25175846004609,166.373136413976,1,0,0.0010218008686793247,0.0016505469826540125,2
168495,405,482.3361940581724,489.82679023318457,0,0,0.0005390948643856121,0.0008949175492278691,0
168995,406,471.1627834378487,492.0952987955558,0,0,0.00040475872398365137,0.0017614996143316586,0
169495,407,511.59735314249195,486.57349489878845,0,0,0.0003701824404652722,0.0012450792085823318,0
169995,408,482.9738936115967,474.1379154962905,0,0,0.000353626391106561,0.0008380548122602361,0
170495,409,458.56272319583866,464.2271173870003,0,0,0.0006682642062029093,0.0005483263892181059,0
170995,410,461.856200484486,480.67385984103976,0,0,0.0004711059908466935,0.0013488963975825778,0
171495,411,471.4522480085568,477.7934091336382,0,0,0.0009707665603338068,0.000715559004411444,0
171995,412,464.30822300158053,481.45329209890843,0,0,0.0003913812353766096,0.0004193852511403324,0
172495,413,490.81100509586497,493.17869867193184,0,0,0.00039478403259048784,0.0005692321560771125,0
172995,414,468.50966383645977,478.9397501448057,0,0,0.0008130556475803226,0.0008773330047429764,0
173495,415,470.0473848855295,484.00175826618505,0,0,0.0002489544968486152,0.00040380929052324374,0
173995,416,501.066153148466,490.7560966612286,0,0,0.00033244169798503836,0.0006263208730815312,0
174495,417,474.6735421525252,475.80606891297526,0,0,0.000815618295511276,0.00022152768585953112,0
174995,418,476.9063696978602,476.02472972029057,0,0,0.00046046048865212353,0.0007790925540762208,0
175495,419,502.99284790660226,480.8739092605182,0,0,0.0006564772463150344,0.0006235358728236825,0
175560,420,45.15439661900166,41.31565195457172,1,1,0.0019320343035170392,0.006117020282390553,0
176060,421,473.2751885195696,490.92915207853184,0,0,0.00030345502865850157,0.0006859342603868551,0
176560,422,475.25421154096,504.4141829816609,0,0,0.000458376565251019,0.00030259108491590157,0
177060,423,480.14302524007906,481.54337804503797,0,0,0.000358344588860869,0.00047460574493779365,0
177560,424,480.9452452153266,482.79177247427845,0,0,0.0008188532460381541,0.0009276065830472979,0
178060,425,453.11347746602183,466.8250373750267,0,0,0.00017454137704521895,0.000625444043456552,0
178560,426,445.70208233807404,493.9575456305682,0,0,0.0008170884292831204,0.0003418312718332744,0
179060,427,471.0011860558585,484.71877496530334,0,0,0.00031015806148230665,0.0004655656596737603,0
179560,428,475.9396376154001,480.8937490870578,0,0,0.0004372813461296904,0.0004262149851936357,0
180060,429,461.2288651905615,503.32674476201004,0,0,0.00010939545115719653,0.0004837363621757109,0
180560,430,481.53229041100064,479.8401665742947,0,0,0.0003397857793187697,0.0007145835671173593,0
181060,431,496.0357713724249,496.4121997906156,0,0,0.0004267858290672058,0.00020073659642130863,0
181560,432,488.0680495494088,505.2326981260882,0,0,0.00028747964219442854,0.0009845843451759388,0
182060,433,468.1004174738937,467.6015758595879,0,0,0.00030626604006639375,0.00024623262973938877,0
182560,434,430.53822677496424,486.02928435340226,0,0,0.0007947142894046681,0.0002774090723955228,0
183060,435,484.7959212892487,479.09076296642894,0,0,0.0005210710970218697,0.0007233669851365972,0
183560,436,494.1092087815706,494.4445003947595,0,0,0.00025898870172081777,8.805120139426124e-05,0
184060,437,443.5561359217816,482.5343200916336,0,0,0.00041035442565283376,0.00024905444899353914,0
184560,438,490.1035663321853,471.54315785988587,0,0,0.00041454882378185994,0.0004530065479102096,0
185060,439,441.1892362988372,477.6182381322148,0,0,0.0007198682432852263,0.00013218871764485857,0
185560,440,494.95616552712653,474.879516107161,0,0,0.00035765799909518093,0.0003593249649778279,0
186060,441,481.68772081531915,485.1015988159737,0,0,0.0004615558274863034,0.0007483275817081024,0
186560,442,487.8642320998876,464.2313055139022,0,0,0.000343502888811483,0.00026860134072204654,0
187060,443,497.40811477069707,487.29595407001597,0,0,0.0007767455015656222,0.0007381404508845144,0
187560,444,458.57789486915226,488.1695309735038,0,0,0.000617479416479444,0.0005500479190239169,0
188060,445,512.2595278435135,488.3843123707872,0,0,0.0006217953833526506,0.000494524119042134,0
188560,446,511.1748308027164,507.81611147181803,0,0,0.00033577186244978114,0.0006523360184709852,0
189060,447,484.93704037992995,501.5631848071745,0,0,0.000889209683854742,0.0006761287034553909,0
189103,448,20.279918067488275,74.11443417771507,1,0,0.0013540058859903487,0.003959994045951185,2
189603,449,408.2996917988243,480.63990606043785,0,0,0.0006199920288248829,0.000666630530377164,0
190103,450,504.523968323541,509.06499484839975,0,0,0.000506617798760413,0.0008869215383652603,0
190603,451,496.5789540111368,485.34530795960455,0,0,0.00048641026078404795,0.0002458055061732111,0
191103,452,399.05844186991345,485.77130760872643,0,0,0.0002102753967026129,0.00040733678687166115,0
191603,453,448.3676690976302,493.6349432096672,0,0,0.00014383212954345367,0.0003030229667378228,0
192103,454,461.7796855100348,487.43119279768894,0,0,0.00021320220599470148,0.0006921038221518683,0
192603,455,476.32655349260847,497.5471105827202,0,0,0.00037907685592565295,0.0005110526249630323,0
193103,456,489.3034825082484,490.9738045402709,0,0,0.0002851957258845232,0.0004934871957370679,0
193603,457,509.17692020031285,488.6516174176585,0,0,0.0005407913237182999,0.0011452998974486473,0
194103,458,503.0190320737349,482.4222761792314,0,0,0.00027041694770912525,0.00024546613418396983,0
194603,459,484.80181441455727,470.69600993204557,0,0,0.00043714756781098116,0.0005498660519815435,0
195103,460,479.6920838438084,465.6826256689614,0,0,0.0005636600410770618,0.00017327863443434606,0
195603,461,477.7224506904678,481.1018553053046,0,0,0.0005170204886923121,0.0006349799231579891,0
196103,462,485.02588969301854,471.24316200189577,0,0,0.00033105039896945274,0.0008885601495275302,0
196603,463,475.86669664709564,448.17433708246864,0,0,0.0008262548129278889,0.0004365810595435401,0
197103,464,503.93055790138055,477.1992387435584,0,0,0.00037168240687861947,0.00018189149482537582,0
197603,465,498.5208299259877,487.68924992889174,0,0,0.00047050239860643294,0.00014770564164968717,0
198103,466,478.64527265819936,473.9952039209353,0,0,0.00024096693881007087,0.00047319005075273927,0
198603,467,505.6459421470357,477.1708187299909,0,0,0.0003714726238730245,0.0005162813600285665,0
199103,468,503.47491294492636,482.8882244490424,0,0,0.0006841819340155409,0.00025043005485769364,0
199603,469,509.70333046447735,484.23256669460955,0,0,0.000562034261531002,0.0004414629270797042,0
200103,470,474.24947898157274,486.94147159909807,0,0,0.0005234418552626579,0.0006126421601372558,0
200603,471,509.8817517776725,493.77968619490713,0,0,0.00028052410181148805,0.00043747120097775,0
201103,472,507.6635366980798,447.0427856590366,0,0,0.0006162401391480928,0.00024901899532818564,0
201603,473,447.81753864657526,472.46786294804974,0,0,0.0007091997089832935,0.00022513594945677295,0
202103,474,488.4301020136145,483.32053874446257,0,0,0.0003181674989905696,0.0002654349275114012,0
202603,475,485.3177192221946,494.60572337652053,0,0,0.0003663580120901155,0.0003425030760210334,0
203103,476,497.90624234262754,482.34451124403796,0,0,0.00014247188510191548,0.00020119796370710518,0
203603,477,420.9961530123152,480.75959260534705,0,0,0.0005459282655377437,0.0003440381367447931,0
204103,478,443.4733802263379,478.0191008775394,0,0,0.00047366231705528217,0.0001409104947703623,0
204603,479,478.28898295109695,485.34577419562856,0,0,0.0004722065809005398,0.000355797242665882,0
205103,480,445.96023750006947,510.1890769440447,0,0,0.0006920072770730269,0.0001864119233404917,0
205603,481,503.01882505196494,512.3619633028721,0,0,0.00018622646525783793,0.000526877943448951,0
206103,482,507.04888653257535,494.64845996973725,0,0,0.00043769467059984516,0.00030437521759771205,0
206603,483,487.7478883939875,499.2043153274181,0,0,0.00020807431663183646,0.00036230760187323444,0
207103,484,472.1331750399531,486.5577093319217,0,0,0.00019172440514316256,0.0002825085127784568,0
207603,485,450.2469432149852,493.8891882633076,0,0,0.00038239797732106455,0.000255866105197388,0
208103,486,436.7688810774147,446.8754072237097,0,0,0.0002851376256265421,0.00014134483952271952,0
208603,487,451.1208585148771,490.25157266898475,0,0,0.0007047954274132097,0.00025213410788732786,0
208643,488,14.17806134761799,25.56392741945674,1,1,0.0034597162514993763,0.006475175469078503,0
209143,489,449.2451014028676,490.4536549317354,0,0,0.0005085162390378216,0.0005283346448239196,0
209643,490,429.1330266957833,503.4675306717951,0,0,0.00022255660188948934,0.00021519053995337282,0
209751,491,77.28844745315307,132.89368752448712,1,0,0.0009829394542083603,0.002972832514758166,2
210251,492,504.7238420520255,500.92247485298867,0,0,0.0004941492733635009,0.00040609310198446656,0
210396,493,108.82638636861746,156.6109735520219,1,0,0.00311525774057614,0.001153194140569545,2
210896,494,469.51594856048905,491.8482182568318,0,0,0.0005272812211231632,0.00024305522991396726,0
211396,495,481.261830764229,504.6794651620741,0,0,0.00020221486213094927,0.0002459933019100532,0
211896,496,502.74686900695275,529.136743769909,0,0,0.0002696560801452694,0.00031779725619697605,0
212396,497,513.114370646812,506.85183946464986,0,0,0.0002715919739099165,0.000659439316651313,0
212896,498,483.4871667695141,502.06736156932345,0,0,0.0001565162726626423,0.0002772909271385888,0
213396,499,510.6076958374454,524.1357717452535,0,0,0.0003524000498328386,0.0006053596385767107,0
213896,500,517.4302162396933,517.8164890049336,0,0,0.00010667921717094807,0.0003082102573458124,0
214396,501,471.97679210203927,504.2708334124368,0,0,0.0002862516242405531,0.00019606387699910968,0
214896,502,504.57234873850626,522.2419747887249,0,0,0.00014803859339242615,0.0005713706146209442,0
215396,503,493.9666710722571,505.89950769126426,0,0,0.000468723606189429,0.00023949170014409934,0
215896,504,477.26852050361333,501.9845016934532,0,0,0.0006451563850738836,0.00027312652741783537,0
216396,505,496.41565411916764,498.11044420088723,0,0,0.00010827347406302776,0.00031278643496878973,0
216896,506,494.7971320377437,493.6285871134739,0,0,0.00038485605420968453,0.0003075300509422047,0
217396,507,515.5457175919595,498.5841675183801,0,0,0.0005029376835016337,0.00046747527964845643,0
217896,508,481.60387734155466,495.69228661966935,0,0,0.00035823213474416916,0.00039127189116729924,0
218396,509,474.42152586662263,503.02071250164045,0,0,0.0006236656020267897,0.00035469503788784654,0
218896,510,482.43051819864974,482.52947807761166,0,0,0.0001672314079352308,0.0006306413645379551,0
219396,511,481.4849028581804,490.54000960488725,0,0,0.00016959971954965346,0.00027357652500500663,0
219896,512,468.1403636548214,489.02777908053747,0,0,0.0002468432536689757,0.00024148328894703754,0
220396,513,479.83801986713513,489.58359441083957,0,0,0.00021833906909842252,0.0003249252742458527,0
220896,514,499.9504583874509,500.80593514852217,0,0,0.0001243336129012384,0.00012607592320316424,0
221396,515,507.4167022485167,502.559128528344,0,0,0.00030832530758049783,0.0002886123164464841,0
221896,516,477.8172603507844,517.9101276243147,0,0,0.0001793229429729492,0.0005444768797998025,0
222396,517,510.37615745331146,497.89102415823174,0,0,0.0002678085713455594,0.0004094603280908326,0
222896,518,496.23597246541334,479.8970245467617,0,0,0.00039919334534090496,0.0003617150551230167,0
223396,519,516.6148565574445,508.3012061367635,0,0,0.0002755605715534283,0.0003341613950869416,0
223896,520,515.2422575786456,512.7595482106165,0,0,0.0004174566727065681,0.0002900736159611239,0
224396,521,506.1855138114123,497.1557146930955,0,0,0.000640553050128459,0.0005333579396086392,0
224896,522,508.6330932055573,508.68720753429795,0,0,0.00041996549777068807,0.0001600431231944867,0
225396,523,509.12703691674784,507.9422426863479,0,0,0.00031266372736490206,0.000265008813704117,0
225896,524,480.3721595272597,512.309089151804,0,0,0.00038429564115029214,0.0006310315045611789,0
226396,525,469.66542539692426,505.3942493188834,0,0,0.00019361956984411012,0.0006533013637442446,0
226896,526,496.3875580609119,519.1190927649407,0,0,0.00014357249787860107,0.0002801065613936289,0
227396,527,509.35646224731045,504.31861218154614,0,0,0.00021048575133011217,0.0002253102610530396,0
227896,528,499.9174814991236,514.6574691501096,0,0,0.0004222758312277785,0.00013608455478546978,0
228396,529,518.794766622345,530.1228903122214,0,0,0.0006816471646465037,0.0002480392286927331,0
228896,530,469.08586595161535,507.85258690434125,0,0,0.0006480950726505731,0.000618485296810968,0
229396,531,494.31704411959583,502.73985087503723,0,0,0.00017522331296009673,0.00046518652634861435,0
229896,532,510.6113513358676,510.83722015688886,0,0,0.00046811194364280734,0.00047675881154080844,0
230396,533,511.78434050471486,512.1733138723579,0,0,0.00027895757795922245,0.0004015983624487472,0
230896,534,510.3964100706543,487.30525558267124,0,0,0.0006131684285201308,0.00025899589747961714,0
231396,535,520.2877967065681,521.8314111499425,0,0,0.0002743959272677837,0.00021608262700075945,0
231896,536,504.8296457736153,498.5395131502382,0,0,0.00023836039744889746,0.0003646480378537369,0
232396,537,495.0008015715549,506.0587369406072,0,0,0.0007645819835072745,0.00032425084891966096,0
232896,538,499.06414153508763,501.671155017279,0,0,0.00026880629538779047,0.00013854711000408363,0
233396,539,513.7813754402051,483.9267102768911,0,0,0.00029904808477648894,0.0003388497704785404,0
233896,540,521.5168718451351,466.7816917346894,0,0,0.00012990308640125782,0.0005354719623969392,0
234396,541,532.032692319445,519.7577905535683,0,0,0.0004098042075193256,0.0002341533754154846,0
234896,542,510.1952409424433,465.0975799882562,0,0,0.0005256786990924904,0.00013394512202742588,0
235396,543,521.176859230446,493.4585180288973,0,0,0.00044126883381324456,0.00015085441482934017,0
235896,544,516.1798857224538,494.80451582935353,0,0,0.00036546708252517047,6.890988931517929e-05,0
236396,545,521.8392749949459,463.6213568443654,0,0,0.00039020316832923585,0.0002561048334088969,0
236896,546,515.7215011930441,530.2192482939306,0,0,0.0002929155603958951,0.0003643871193726607,0
237396,547,496.21924615967333,507.5709315111163,0,0,0.00022260438458799773,0.00010957759662255899,0
237896,548,507.8692519068522,521.4739338284915,0,0,0.00043966907540351894,0.0003112950935754104,0
238396,549,511.95779956277147,496.21979361191086,0,0,0.0004908972253453613,0.0007392657177689735,0
238896,550,500.8571566148554,497.4900565029497,0,0,0.0003822956363445381,0.00016143375284096836,0
239396,551,507.45128928172943,518.296480830916,0,0,0.0004023768880528308,0.00036425331641459926,0
239896,552,510.34901560929336,498.4925369583407,0,0,0.00045644825836948393,0.00024809266752381546,0
240396,553,511.6344864232885,494.0349861649159,0,0,0.0003679823319727328,0.00020394051246307447,0
240896,554,471.1201564558241,467.024953722787,0,0,0.00022607590248546543,0.000139621796949607,0
241396,555,489.4862441439243,508.41578465627623,0,0,0.00016858028407534196,0.0004032198876917426,0
241896,556,514.9608626733827,519.6020550222458,0,0,0.0002487514336855029,0.0008168336435179013,0
242396,557,498.4260596253436,518.1467282378205,0,0,0.000315821864909155,0.000320611085783498,0
242896,558,517.3747807438942,521.4945208556636,0,0,8.300723966504344e-05,0.00013329456375925602,0
243396,559,504.9779034707658,473.18509596918443,0,0,9.866506098105472e-05,0.0003435258755345671,0
243896,560,502.59941711559986,500.4127674681298,0,0,0.0005947685072351744,0.00018035914132827962,0
244396,561,499.05472305289373,513.9210330480493,0,0,0.0001936888593840102,0.00036803844294396883,0
244896,562,517.8899740198011,524.7053742073703,0,0,0.0005865430642275186,0.00011133556143831743,0
245396,563,500.80400497548277,508.3569517014905,0,0,0.00013074662636148996,0.00030412657462387756,0
245896,564,498.74310117478143,503.5845700682954,0,0,0.0004435892455229709,0.0010875110449673764,0
246396,565,521.2690036891779,526.7567827812019,0,0,0.0001819726861474155,0.0003578475061083023,0
246896,566,510.9952678743754,528.4784407778851,0,0,0.00021983965276982265,0.00028609160678070477,0
247396,567,479.57129177594567,521.5633123909049,0,0,0.00012261659172736473,0.00040627148105296383,0
247896,568,502.0205191134716,507.8536116682121,0,0,0.0003690067019236974,0.0001298483830089056,0
248396,569,514.3087517412334,515.2602606904211,0,0,0.00043025770798198106,0.0005341527304811008,0
248896,570,495.59928422308343,515.2687666551668,0,0,0.0002342502871563205,0.0003424473569580633,0
249396,571,485.2491963225986,520.1846149494335,0,0,0.0008020262986189496,0.000406658353392537,0
249896,572,497.23417734555056,508.6592611040332,0,0,0.0003812705274790966,0.00025631479736533256,0
250396,573,503.690403186986,514.3233954858574,0,0,0.0009114799647106891,0.0005912711710678164,0
250896,574,512.482055542007,502.09757286513343,0,0,0.0006285135537146835,0.00031366718270719616,0
251396,575,500.1561755784314,498.6827981293482,0,0,0.00045248593398935767,0.0005924156615356944,0
251896,576,516.6895345097087,493.3915411839609,0,0,0.000415845974990587,0.00043172193197850656,0
252396,577,524.841903818144,514.9413374233961,0,0,0.0008228411612530014,0.00021762869727056543,0
252896,578,505.19867140255553,527.9661116216465,0,0,0.0004301259087348572,0.0004831937173529031,0
253396,579,509.0583920933439,515.479321704026,0,0,0.00035350582483903453,0.0003379480613316075,0
253896,580,518.3152053113531,527.4366400756725,0,0,0.0003291413228440095,0.00019392344004617613,0
254396,581,522.9245327215784,535.3916732489788,0,0,0.00041759303502943797,0.0007619294388175799,0
254896,582,511.17776946838256,527.1457380405865,0,0,0.0004685584455849084,0.0008322335733497846,0
255396,583,509.2927322197629,511.81742800207985,0,0,0.0008403700970822398,0.0006963003579996797,0
255896,584,512.4588160282915,499.73686853507564,0,0,0.0004953188228930641,0.0002222162052659237,0
256396,585,507.27563879707236,517.2871144130727,0,0,0.0005487338647328083,0.0005120550328251941,0
256896,586,511.63999119111753,512.5433731355597,0,0,0.0006229447063787478,0.00045610890439955334,0
257396,587,510.21724049274496,506.00924270387054,0,0,0.0005962158199536998,0.0003131412961910566,0
257896,588,509.58271934212,529.9152260623268,0,0,0.0002710910260225438,0.0005262504245564484,0
258396,589,519.0724774272934,533.2938796862381,0,0,0.000382759740836701,0.0004968670012389617,0
258896,590,499.5528273087202,521.1810834850958,0,0,0.00011287280258127517,0.00032856082318534507,0
259396,591,517.4589104601463,467.73980619516925,0,0,0.00027674717832189895,0.00043867169728441187,0
259896,592,526.2263267480048,517.1566749099871,0,0,0.0003061694224772841,0.00030519832349864276,0
260396,593,519.4760469685018,511.5461156227453,0,0,0.000282613741699305,0.000504680922698206,0
260896,594,460.5072402702674,528.2334923408988,0,0,0.000467058810308623,0.00032868838771005297,0
261396,595,512.1346504065617,526.3666172782448,0,0,0.0005027807329492886,0.00021980453722126477,0
261896,596,520.4176869105241,518.9176107486182,0,0,0.000872048284921751,0.0005637029858997001,0
262396,597,500.4062966747317,516.5492778957948,0,0,0.0005218682715379751,0.00015453527305472393,0
262896,598,491.3487143981503,492.2114158000723,0,0,0.0004988762658171796,0.000319401421062395,0
263059,599,126.14245021876437,184.11365458042698,1,0,0.0019144182997130178,0.0009350265938809337,2
263559,600,527.3193550672596,503.48617238358935,0,0,0.0005863903720864098,0.0002691250430050663,0
264059,601,529.0136243890906,523.7451048280774,0,0,0.0008697405561579563,0.000253317435423871,0
264559,602,505.87432664843885,501.49133739701443,0,0,0.0007389298253668879,0.00038120043606675583,0
265059,603,523.236322103229,514.9115192616629,0,0,0.000282877585557174,0.00045603193300235026,0
265559,604,515.3508050825744,506.6421538950707,0,0,0.0009018497884113449,0.0004245904796103098,0
266059,605,505.12038420893515,507.3694213302762,0,0,0.0007387167682076828,0.0005023610464573645,0
266559,606,524.1858288837416,517.6079172692823,0,0,0.0004937697998345423,0.0003341991545652674,0
267059,607,530.2709838813603,499.9153238515089,0,0,0.0007474401321126078,0.00039055764954859377,0
267559,608,517.2499905824384,518.5981144437178,0,0,0.000634225887927264,0.00016626795073763182,0
268059,609,520.6653512977027,525.9706250965469,0,0,0.00028845201059781513,0.000578699735666928,0
268559,610,510.23856733821185,522.5522044719147,0,0,0.0005078730151335053,0.0010025593789550432,0
269059,611,527.1506205822161,527.6355982477472,0,0,0.0004932042495932998,0.0002012054074508493,0
269559,612,510.3670751514883,499.9169163859953,0,0,0.00035319065544782955,0.0004577231863087708,0
270059,613,489.9529278313058,511.4940564478868,0,0,0.00046430976537173413,0.00043639299486813223,0
270559,614,520.8108430271595,500.568362623845,0,0,0.0003330635663418358,0.0004588149850475428,0
271059,615,516.4281426056867,512.1822824887159,0,0,0.0002936025282439357,0.0005027077021929741,0
271559,616,522.9212339427888,511.5770085824422,0,0,0.0008239675841945484,0.00027802531180367337,0
272059,617,528.8711335661318,516.1793132879383,0,0,0.001092626896202268,0.0002970961998111464,0
272559,618,520.3191185569556,534.7648601862973,0,0,0.0005209616658796579,0.00013917860609324927,0
273059,619,529.5454239091789,526.5511759684435,0,0,0.0005030472036203818,0.0003774676706392779,0
273559,620,521.5952457801466,534.5244995262925,0,0,0.000637837905358513,0.0002659001541334509,0
274059,621,501.2369799819288,518.1061238861325,0,0,0.0004085651779845271,0.0003583793986196211,0
274559,622,520.4573699425804,495.14011258957737,0,0,0.0002007740705046376,0.0005453254724733679,0
275059,623,524.6185828208614,508.49194968918755,0,0,0.0006479104640755805,0.00015733398214779493,0
275559,624,529.5332103909818,524.6332752162748,0,0,0.0005044619971871765,0.00019388241763022916,0
276059,625,526.1539499818393,490.0132889041082,0,0,0.0008696750934825804,0.00015612789450886863,0
276559,626,530.2923699095821,516.746677012245,0,0,0.0003879317608100521,0.0002866876443815457,0
277059,627,524.0781357583509,500.81433751225927,0,0,0.000626219735222168,7.21814855846378e-05,0
277559,628,516.6699466331935,515.4494771076227,0,0,0.0007828148979821893,0.00021416515153844815,0
278059,629,533.2399956446525,496.4680739616725,0,0,0.00039656272367426547,0.00023778451185730497,0
278559,630,524.9629725902821,506.9969957338308,0,0,0.0004196643820696214,0.00013837192926829234,0
279059,631,520.3670402048964,506.04400802347953,0,0,0.000728039851352883,0.0005306383182835069,0
279559,632,517.9073099819466,517.8072491162293,0,0,0.0005747220973383398,0.0003331994708719697,0
280059,633,540.6207452798755,507.67576105820166,0,0,0.0005200219429397003,0.00035317671835020616,0
280559,634,473.67399622607206,497.6750504993978,0,0,0.0003664243278047307,0.00016059807648878562,0
281059,635,504.69731502565435,509.67918534281347,0,0,0.0005582428111528549,0.00032815460650563113,0
281559,636,524.2340054783759,520.9295321341422,0,0,0.0005340561039443917,0.0004309628831690679,0
282059,637,493.9958025897155,517.879718863243,0,0,0.0003016134466227115,0.0001735646919702138,0
282559,638,502.7655074456121,512.7618865325001,0,0,0.0005698471453044945,0.000504119602840382,0
283059,639,521.198362551366,530.4568990480627,0,0,0.0003490849896863777,0.0003768164306233154,0
283559,640,511.08182669947274,496.73979412657206,0,0,0.00035281014609758136,0.00025348524117000017,0
284059,641,518.5945483701214,495.57628221100174,0,0,0.0007054948471936973,0.0005434010046671863,0
284559,642,524.0288598546274,522.7734975826851,0,0,0.0009532382379927535,0.0002104012222975875,0
285059,643,522.6027864260716,525.2727685687302,0,0,6.98721640267932e-05,0.00046769686877432687,0
285559,644,499.20748047104036,527.8885066294873,0,0,0.0004807627743148624,0.00029039528393688967,0
286059,645,511.7375104520333,508.92826762384766,0,0,0.0005806739226072808,0.00029431049831297204,0
286559,646,504.5309958172893,528.1866121365405,0,0,0.0002909129385531512,0.0004077444449857635,0
287059,647,521.1902536978267,522.8223520414559,0,0,0.0003417446761588863,0.00019355939045180136,0
287559,648,514.3963676185193,530.2161901089482,0,0,0.00033703879419885925,0.00024040112002376876,0
288059,649,517.2010358545534,529.1116255879908,0,0,0.0002217857672071611,0.00030546895255162247,0
288559,650,513.537099989459,526.5688098949232,0,0,0.00025942430346468997,0.0002463231913934156,0
289059,651,514.0427328940216,523.1449921913133,0,0,0.00023713163896135091,0.0007041212782921884,0
289559,652,523.7966779958668,524.0716837413473,0,0,0.00033627088600952714,0.00020165389161141219,0
290059,653,518.3792870473784,532.856304932365,0,0,0.0003284410622689883,0.0003311725841693019,0
290559,654,511.257119230308,508.06153320229873,0,0,0.000691430240783882,0.0005653861680427422,0
291059,655,505.9386515495827,511.7022598957556,0,0,0.0006451210199176107,0.000303699542979264,0
291559,656,517.3374415817547,513.1811741885564,0,0,0.00016441596780519422,0.0003737456163808898,0
292059,657,516.3141750632916,515.182515841126,0,0,0.00012369838571717022,0.0002360287090930868,0
292559,658,520.2146304028059,527.9290515551546,0,0,0.0004456272219662172,0.00027181388596022725,0
293059,659,500.2667082668909,514.9726468692118,0,0,0.0004917713047254952,0.00011892975750138672,0
293559,660,516.6049149270546,518.1566945888007,0,0,0.0006405683780196416,0.0003056335378934243,0
294059,661,504.82715432531035,509.88771128746436,0,0,0.00022068477061869873,0.00026663765455875856,0
294559,662,523.3969035000719,523.5610055149483,0,0,0.000605450306332098,0.0003433724409899714,0
295059,663,532.064417893335,515.6269915220882,0,0,0.0007505164711822635,0.0005078327136854621,0
295559,664,516.7566948367513,520.490745764583,0,0,0.00045879802960072374,0.00022509013911122165,0
296059,665,524.8919384979946,521.3513524593516,0,0,0.00044398723449391757,0.0002239083397766522,0
296559,666,495.92935713619073,522.8446184594313,0,0,0.0004310022116584751,0.00021251188478543667,0
297059,667,515.1733858273126,517.5730773056064,0,0,0.00033866746153980216,0.00032227323367348067,0
297559,668,530.2497677641621,517.8503305969842,0,0,0.0003598512739299876,0.0002154290874944009,0
298059,669,508.24071112535586,536.3615055954677,0,0,0.0003456012438544475,0.0002606076437528939,0
298559,670,521.3132371416654,525.3735486339864,0,0,0.0003257612437527048,0.00030087888954566047,0
299059,671,525.3632408776759,534.300797218469,0,0,0.0003543612557105467,0.0006117211549125905,0
299559,672,534.4663749347104,530.3138985550363,0,0,0.0003622361941781851,0.00044094274053642753,0
300059,673,527.5721198863495,550.891457752724,0,0,0.00028962695690532236,0.0002588500420961181,0
300559,674,523.1574477244673,538.4739485843289,0,0,0.0004937350463711687,0.00029671576805011295,0
301059,675,518.7646769043586,534.6011778612051,0,0,0.0004884337532714032,0.00036113526368127663,0
301559,676,518.280839588191,512.9791938457461,0,0,0.0004208825001395948,0.00027579176957084846,0
302059,677,494.42171200609477,532.4058183752086,0,0,0.0003150596125759246,0.0003280656464049075,0
302559,678,508.8525199710545,523.2740161830802,0,0,0.0006409780506127284,0.0003245565327618678,0
303059,679,505.42778043354963,519.5074843042818,0,0,0.00031457350326274307,0.0003628659613193505,0
303559,680,523.8781476541553,515.0314782210414,0,0,0.0005939400768864024,0.00016018689601386807,0
304059,681,523.0421759521272,505.9753782346009,0,0,0.0006833066552727106,0.0003361384453837357,0
304559,682,501.6868942129496,524.73148395634,0,0,0.0008258672271952971,0.000501498277116735,0
305059,683,512.0478583690075,539.5346547361062,0,0,0.00047643147181476096,0.00040717823384608427,0
305559,684,523.1452854630131,514.9360680343433,0,0,0.000521706496190937,0.0005092238374558044,0
306059,685,522.9980357615169,539.5381399998984,0,0,0.00027830558671158325,0.0009188330234667954,0
306559,686,514.0703254949468,528.5878365697566,0,0,0.000647846077292389,0.0003642573668689953,0
307059,687,516.8996897366826,529.3121108234316,0,0,0.0007330829645569107,0.0006113465427316934,0
307559,688,535.166284408338,528.6577286695912,0,0,0.000997185007694381,0.0006166918827555695,0
308059,689,505.04933497824175,524.9410048324553,0,0,0.0002388324817345213,0.0003532069585065298,0
308559,690,518.1930087183961,514.4083553521335,0,0,0.0005712069198108307,0.0001968553592372118,0
309059,691,516.8054294165466,520.9130978491572,0,0,0.0010786620920411225,0.0005293370265687628,0
309559,692,488.35604659852646,533.8665411640919,0,0,0.0005374114479859356,0.00021774089030191272,0
310059,693,528.9538949363076,517.3352796191353,0,0,0.0004541103996086194,0.0002971911671191727,0
310559,694,527.0693522288183,532.352923561365,0,0,0.0005110457002078006,0.0004564045000447242,0
311059,695,508.2699536974399,520.6247170159356,0,0,0.0006656498044249996,0.00064551367022542,0
311559,696,504.316745405251,522.328467339742,0,0,0.0007514415427074738,0.0003792478206634071,0
312059,697,506.6146632330516,530.9473606469095,0,0,0.00036494274795953333,0.00034939032506984164,0
312559,698,521.1036371452013,521.7428270131397,0,0,0.0005429848643988546,0.0004595271550233844,0
313059,699,523.8542887167454,518.353635049684,0,0,0.0005157309382385739,0.0003080454284077022,0
313559,700,522.914479326613,516.9989531143009,0,0,0.0008137438057107862,0.0001810270933473596,0
314059,701,532.7500252045497,531.5820061226926,0,0,0.0003641730193555579,0.0004784787802206024,0
314255,702,170.18225277277972,221.99711860408553,1,0,0.0018383897961996847,0.0013977276725467473,2
314755,703,512.0368035956612,533.0515833204549,0,0,0.000866487088170832,0.0008266678860125955,0
315255,704,525.6500104578311,535.8836438581615,0,0,0.00022632827493776532,0.00045563619252253084,0
315755,705,513.1597149440096,551.4605335409917,0,0,0.00022688218021152588,0.0001779036642837231,0
316255,706,491.23955680575443,531.3411110223258,0,0,0.0006216538560909666,0.0003872215616514774,0
316755,707,524.048097424891,529.7257449987488,0,0,0.0005977310247144755,0.00036786735541931607,0
317255,708,506.0489176478578,536.7961984406792,0,0,0.00012957586717815528,0.0002814729915519358,0
317755,709,500.4366236993007,533.6542766870801,0,0,0.00039911599145489487,0.0005460064307292333,0
318255,710,520.1560875404339,541.7725578190787,0,0,0.0003002321287763664,0.0002791821273196271,0
318755,711,507.35071042813894,525.4888681787356,0,0,0.0004076068952027094,0.0004135256594959721,0
319255,712,512.1892027788574,539.905715593344,0,0,0.0007182804590629811,0.00043708345611650297,0
319755,713,514.1103829974271,533.1115173664123,0,0,0.00023915809691574561,9.258259537514208e-05,0
320255,714,497.1224707235288,542.7684668441275,0,0,0.000357215537277937,0.0004735255033981024,0
320755,715,515.6439476262848,523.1780931152524,0,0,0.00030454307070835546,0.00032167108966736635,0
321255,716,530.6249979276927,529.9890711366639,0,0,0.0005190240138658883,0.0004343387037010614,0
321755,717,489.3858591454865,516.8667972010841,0,0,0.0005934592119786859,0.0006931214944392312,0
322255,718,519.8764169203289,533.1495305903806,0,0,0.00034027242812503306,0.0005215497139422652,0
322755,719,523.8159704521479,535.510807790764,0,0,0.00033591652498517226,0.00039169614940953094,0
323255,720,517.5333730862094,535.5643203252544,0,0,0.00024748694556094096,0.0006805598110940179,0
323755,721,497.31824279625073,514.5170346478475,0,0,0.0010428246174010295,0.0004574839861003562,0
324255,722,505.6801024578696,523.6768848974963,0,0,0.00034038660091440724,0.000536756587504387,0
324755,723,521.1009148712004,536.7921770796205,0,0,0.0004152351048081585,0.00016335371781737,0
325255,724,501.9940495757374,536.5844766737085,0,0,0.000296542845782877,0.00019263316049720656,0
325755,725,515.0519666227591,533.5764767525618,0,0,0.00018852437290282976,0.0004880207377378101,0
326255,726,511.74503016296273,515.8015779681456,0,0,0.0004581545234071658,0.00031137075227843377,0
326755,727,522.4650018032414,522.7529341881292,0,0,0.0005837685354025849,0.00022305158912826675,0
327255,728,527.7078200024158,525.4098161129626,0,0,0.0006735864803503927,0.00013064396380693997,0
327755,729,528.5080386734296,512.7657099009715,0,0,0.00045523695613836437,0.00039298185219904704,0
328255,730,530.0664042179646,527.9769345607868,0,0,0.0005910932072294777,0.0004103448164023601,0
328755,731,506.4326691024332,521.5999068062412,0,0,0.00014576757431268496,0.00022161829796586518,0
329255,732,494.485428696229,542.4134051229502,0,0,0.00022402162401003546,0.0005360355302398633,0
329755,733,511.33672513478405,536.8456878528237,0,0,0.0006814244957481403,0.0004121294053157622,0
330255,734,530.9312540888286,530.280321575506,0,0,0.0007526157169640123,0.0005374750800316428,0
330755,735,523.7286492814497,536.8641033780121,0,0,0.00026617347446950207,0.0002794862229544983,0
331255,736,513.8269642244829,553.5566870182278,0,0,0.00027629856245030195,0.00022490404155511005,0
331755,737,518.0368272923051,536.5494844227065,0,0,0.00036763280885277096,0.00042963599560514795,0
332255,738,498.2480457372614,524.8866802505886,0,0,0.0006764225949426048,0.0007698472255037251,0
332755,739,510.8922730635635,520.9938629686231,0,0,0.0007871795163900046,0.0004197973468601527,0
333255,740,511.37927641074265,545.0725217456827,0,0,0.0003082778966679218,0.0003310547143681688,0
333755,741,493.57881790433504,502.3763983151682,0,0,0.0006248519015084842,0.0003921939119812833,0
334255,742,483.8166189000919,510.98046095264914,0,0,0.00031497456635641005,0.00057038799275485,0
334755,743,517.5940635540846,544.025855495303,0,0,0.0003512678981783763,0.00044245253211624595,0
335255,744,518.7828116309023,549.382909542608,0,0,0.0006376460619019372,0.00039303296406399235,0
335755,745,458.8372799009007,543.222051815083,0,0,0.000323874754984405,0.0003365149115530169,0
336255,746,524.4856953022833,538.2297290999833,0,0,0.00020435152172758447,0.0010328098274528413,0
336755,747,516.1717712883486,547.6658431270804,0,0,0.00020800556150641915,0.0005957058334285184,0
337255,748,525.8545237702558,542.1079470602195,0,0,0.0003498519813426762,0.000844628021014402,0
337755,749,530.6533304385696,530.2681536421211,0,0,0.0002287880783267491,0.0005434301914782832,0
338255,750,519.1741181668588,539.8635295951103,0,0,0.0004057802148371883,0.0007416330035969583,0
338755,751,519.82826074926,539.2970513753199,0,0,0.00013719022973666711,0.0005148037370014665,0
339255,752,519.4392657791266,526.7264220522597,0,0,0.00037762431720690296,0.00026663038063759844,0
339755,753,487.114535416045,506.1237549147443,0,0,0.00015349102058385538,0.000539711773279686,0
340255,754,526.6272044543969,542.9459355771866,0,0,0.00035370899420904256,0.0006827160949423179,0
340755,755,531.6651552747455,541.1906782937181,0,0,0.00020386646970037598,0.0009418433946206428,0
341255,756,520.775102935128,501.53614210204535,0,0,0.0006618703468736843,0.0005044167535141789,0
341755,757,518.0002135361228,527.7581463691464,0,0,0.00016461983598101582,0.00025631478908796267,0
342255,758,523.4442916738875,521.0370464235311,0,0,0.000511371476272138,0.00023922707944205933,0
342755,759,515.7515027697825,524.9314909311895,0,0,0.00029577725049471064,0.0005908235488005202,0
343255,760,532.8786648190949,519.9800727502917,0,0,0.0007003439268492595,0.00038414408421058355,0
343755,761,501.32850623404687,528.5272718542727,0,0,0.0003135183922955134,0.0005183086309906341,0
344255,762,513.4246700323753,533.8029611972587,0,0,0.0007684684273082245,0.0005722904293769692,0
344755,763,529.0757932143152,542.5830203684014,0,0,0.00045678820665964054,0.000666652144295823,0
345255,764,517.2015996885217,541.3609046355575,0,0,0.0004966176667957511,0.000343102826179455,0
345755,765,527.9563540975505,538.1765054924939,0,0,0.0006737431517086315,0.0005787353647452628,0
345956,766,168.22897423327063,222.4495752387282,1,0,0.0021223957226175275,0.0004992515457943564,2
346456,767,505.6749342918121,535.3121566755557,0,0,0.0004592522929714731,0.00011234177037709194,0
346956,768,513.3754963065649,535.4462790339896,0,0,0.0004813554499654317,0.000390428520843609,0
347456,769,523.2203140915138,548.997656359188,0,0,6.759229531458787e-05,0.00074761865524799,0
347956,770,527.2856182644969,537.1810686958968,0,0,0.0003306996430094115,0.000630726047410734,0
348456,771,506.4749385745019,512.3896162639176,0,0,0.0004269479185368407,0.0003103398673933172,0
348956,772,524.3488811397888,541.4105258312084,0,0,0.00029502940050108605,0.00035092621963197894,0
349456,773,520.8045373333289,532.2484131528417,0,0,0.00014266142080309192,0.00047691725559252744,0
349956,774,507.5538810829925,538.6303049384481,0,0,0.000479801108107232,0.00017696695848498328,0
350456,775,506.3045464368184,539.7906802208082,0,0,0.00039428642674032584,0.0003924918895460985,0
350956,776,529.4461426971457,534.9839594982902,0,0,0.0003482873318887069,0.0003449130342751855,0
351456,777,529.5492920238953,531.4293099344453,0,0,0.0004349598153485838,0.00031941143324403924,0
351956,778,510.72916661244017,533.6263741212979,0,0,0.000577928952352036,0.0002696209521797758,0
352456,779,498.22474802837974,515.8479106668185,0,0,0.0005503812260188165,0.00037538197686220857,0
352956,780,528.8619067528997,536.3337666896391,0,0,0.00015853093447469613,0.0006160071744972387,0
353456,781,518.9033262789983,540.9118309871336,0,0,0.0006333793113409073,0.0005844304191854709,0
353956,782,517.2253235328834,533.1573358339211,0,0,0.0006842602940911089,0.0008685182322031614,0
354456,783,515.5092629417967,544.6703365115515,0,0,0.0004078512938798319,0.0002771964620574483,0
354956,784,504.30597733761437,519.9842905286521,0,0,0.00037394910644810065,0.0007452222568298125,0
355456,785,525.7024539429747,539.619607494403,0,0,0.00015230046908017595,0.0003963842200917202,0
355621,786,131.90513536280287,188.8267928543672,1,0,0.0023793620289474966,0.002264089989495191,2
356121,787,481.8414136387436,532.0165907446441,0,0,0.0005697473730914362,0.0009373318750274266,0
356621,788,508.74198244802676,532.2689000073125,0,0,0.00043432591356268297,0.00015728339451646461,0
357121,789,512.6677545894793,527.1322919763248,0,0,0.00020726493035893816,0.00037805874005211965,0
357621,790,498.9928278340854,542.4715847987125,0,0,0.0006520143822140783,0.0006030256853012439,0
358121,791,528.9246870796907,539.6595004755625,0,0,0.0003430096704253006,0.00042168165258275615,0
358621,792,530.5813316937712,537.5574165215047,0,0,0.0005728485160802772,0.000568122620586781,0
359121,793,525.3822841696062,528.0873669487892,0,0,0.0005885015360279257,0.00028286940856309914,0
359621,794,517.3194245248801,515.8195792071509,0,0,0.0004093105389282311,0.0008954569939099325,0
360121,795,529.0717600858461,537.9105345360807,0,0,0.00034365443075541223,0.00025714828760612133,0
360621,796,532.4993915701554,535.4942815749079,0,0,0.0006323662624866567,0.0005034641747152938,0
361121,797,534.9166263894707,527.2284746939126,0,0,0.00018474201093848563,0.0002454969313109374,0
361621,798,527.5480831571439,538.8442759568209,0,0,0.0007919744170877348,0.0002454737270401643,0
362121,799,521.0931576714279,542.0927966557433,0,0,0.000787251965930624,0.00038853343474375504,0
362621,800,524.2012575340808,538.6825365098651,0,0,0.00011768246537403003,0.00040816698576310386,0
363121,801,524.3513968502391,540.400046444735,0,0,0.0005732576890720078,0.00027766312296119606,0
363621,802,524.053418149867,524.9349668654504,0,0,7.968272273510097e-05,0.0007900746202754432,0
364121,803,523.1054592393084,530.9114177745785,0,0,0.00022729671107397402,0.0009163259202956548,0
364621,804,526.0421294132689,539.9255276358101,0,0,7.917877093479844e-05,0.0004940738535188058,0
365121,805,521.3166203926551,538.5354251642472,0,0,0.0003224216367331932,0.0009047679590126715,0
365621,806,532.4889997883836,535.2564913895811,0,0,0.0003642923334254904,0.0002794021785578445,0
366121,807,525.2035631344364,532.8921190527223,0,0,0.00017403239714322268,1.8225797284843174e-06,0
366621,808,504.59073141389695,527.2444392744128,0,0,0.0002798478937024897,0.0006945316337152339,0
367121,809,540.9004378756882,555.24245452056,0,0,0.0001989339537826319,0.0003228183962095761,0
367621,810,506.8082118529813,539.4575346833232,0,0,0.00037087439436445894,0.0006702984264707572,0
368121,811,493.8782419101708,530.9296343072253,0,0,0.0005517982707476742,0.00046834293485607293,0
368621,812,519.7412205184047,544.4990495670021,0,0,0.00017295335311010303,0.00042686563691684935,0
369121,813,501.5689180245238,533.3300213133523,0,0,0.00022598218091472217,0.0003726265155644215,0
369621,814,519.4269182936246,519.3604833181732,0,0,0.0004337268708366207,0.0005883457538459238,0
370121,815,523.0163942070968,541.9079513918533,0,0,0.0004534482857317128,0.0002969260332165072,0
370621,816,538.7322781864895,539.8093605776936,0,0,0.0002940420017192429,0.0003050767622784885,0
371121,817,528.5087175381657,519.8669563389722,0,0,0.0004539041062767215,0.000177779783034214,0
371621,818,508.7405203299788,501.34708954971165,0,0,0.0009398591488545576,0.0005283916264195223,0
372121,819,521.2922868700355,524.483392832225,0,0,0.00025239295518055373,0.00019590453678540782,0
372621,820,532.7013536308958,538.6183651418505,0,0,0.000600557368370442,0.00041049862216202033,0
373121,821,532.4430811087309,535.0551067872749,0,0,0.0003275914633480097,0.0005594726754103871,0
373621,822,508.66325172838015,529.8806211701398,0,0,0.0002880159169050874,0.00021914779339996754,0
374121,823,504.5469769674374,526.4754949779447,0,0,9.01817990492487e-05,0.0006777463966041776,0
374621,824,531.8499696478934,534.3195846864784,0,0,5.708749398867825e-05,0.0005643517218410572,0
375121,825,527.9339199797399,520.3478959793629,0,0,0.0012367028810439655,0.0007276343442310068,0
375621,826,517.4630633090148,535.8908484690577,0,0,0.0003194136350298291,0.0006803616279407625,0
376121,827,526.2996450084825,533.2376095658395,0,0,0.0004079308198436578,0.0006640908981081511,0
376621,828,529.1188752053205,547.6012433849253,0,0,0.0005543575558116535,0.0005292107021406057,0
377121,829,520.9029959829654,547.6144758268543,0,0,0.0002710084799499681,0.0005624014267455328,0
377621,830,519.4689043362611,537.6453685956775,0,0,4.7631159120421726e-05,0.0005526978623313436,0
378121,831,528.2635557773095,528.9740436239413,0,0,0.0005031098221546192,0.0002952541580237868,0
378621,832,532.925185435417,527.0460611966649,0,0,0.0005826162845374747,0.000412124233212667,0
379121,833,516.8763936277165,543.7295703671892,0,0,0.00042439525652017743,0.0003653849828535083,0
379621,834,529.2971669104646,541.277851537283,0,0,0.0005555042556439695,0.0009092138829067353,0
380121,835,522.0424657853133,534.0506867528275,0,0,0.00024827428352506263,0.0006365869583315262,0
380621,836,524.8926592978344,524.5303593000913,0,0,0.0003368810811573242,0.0007190025640696713,0
381121,837,509.27275644174966,537.2400552497377,0,0,0.00018677556425570192,0.00028480632636103577,0
381621,838,524.6311013110922,554.6915837844671,0,0,0.00024269861517234884,0.0002427641259582736,0
382121,839,514.815043850675,537.2283507603174,0,0,0.0004080106224883972,0.0005337308314344556,0
382621,840,525.4082760913323,531.4866405708832,0,0,0.00019481369644420242,0.0005570805482626675,0
383121,841,505.0230290430312,526.8534892994073,0,0,0.0003342761913537651,0.0006269464360854671,0
383621,842,520.7666843942899,530.3452111040383,0,0,0.00017412240440318184,0.0006969417962756393,0
384121,843,511.87463123613327,532.2368117697185,0,0,0.00043270994584189193,0.00039880178372893744,0
384621,844,508.4891586817189,530.3092197336726,0,0,0.0005066693969849833,0.00046747899911303694,0
385121,845,519.6353579380275,527.5849229961821,0,0,0.00017061196990673886,0.0004094074196912155,0
385621,846,508.7889357464644,531.173030350887,0,0,0.00019821408046041456,0.0007119255597087082,0
386121,847,516.4481923383925,542.9126452789835,0,0,0.000643040826801115,0.00021229967179983982,0
386621,848,514.3391211361102,517.5627530736275,0,0,0.0002356679917451387,0.0007654463711902985,0
387121,849,490.54321749985445,494.9202787575917,0,0,0.00033023990725124523,0.0009925211128702363,0
387621,850,509.3939826416975,530.3632613087028,0,0,0.0003232622869639421,0.0006937348892835315,0
388121,851,517.4665175472545,508.17211611680455,0,0,0.0002950169819369837,0.00040401531764982124,0
388621,852,506.5957364636079,531.6158343083409,0,0,0.0004679319632888613,0.00041972296609542624,0
389121,853,513.5768888743704,512.2912390051478,0,0,0.0003015183842913596,0.00048592249945088653,0
389621,854,501.3549353374,516.1620516653755,0,0,0.0003035380885470759,0.00039183360735581155,0
390121,855,517.6032999135817,507.4084015512172,0,0,0.0002699694641108404,0.0004986488300183656,0
390621,856,512.4906528513677,534.7512384794558,0,0,0.0004156220523394586,0.00035264648526538216,0
391121,857,468.1012048053951,542.3992834280457,0,0,6.814589862951584e-05,0.00045582025041327194,0
391621,858,502.3173562079179,509.06325753126896,0,0,0.00033859677317845456,0.00024216719328480857,0
392121,859,524.1950409165938,536.3736853537989,0,0,0.00034394608725235235,0.0002769987309275621,0
392621,860,540.7925232958055,538.8517448111534,0,0,0.00041516823941428716,0.0004159855251974931,0
393121,861,496.8509413503805,530.4363990922192,0,0,0.0003191130080765058,0.00025590008896025647,0
393621,862,473.08916306253457,488.64568332281874,0,0,0.00016150934153948872,0.0010469408911103625,0
394121,863,481.7193240455798,516.5743543610503,0,0,0.0002782489237692218,0.0008473004529877991,0
394621,864,473.9400409672285,545.4558561642597,0,0,0.0001497262126989961,0.00019595923001051568,0
395121,865,532.3741928807531,539.2985110406888,0,0,4.811380387724427e-05,0.00041979551009343135,0
395621,866,502.6310476107549,546.7796198474837,0,0,0.0003845483257295211,0.00033443044423499003,0
396121,867,525.4470566801843,531.7395529872983,0,0,0.0001672002772619416,0.00042876230251717105,0
396621,868,515.7731263950635,534.3175193285113,0,0,0.000215666355362651,0.00041151948158464017,0
397121,869,529.4417007248104,519.3238502710255,0,0,0.0002715864069210424,0.0004626364121876317,0
397621,870,517.8035917677777,529.1925769134289,0,0,0.00026650464957486095,0.00026044334819368944,0
398121,871,482.9851208596821,500.3953415037656,0,0,0.0007239974668570506,0.0003518255258092774,0
398621,872,496.49705554651223,541.2422368228529,0,0,0.00017978231217420177,0.0002176365891557082,0
399121,873,516.018559100743,527.7661626440927,0,0,0.0005673776995089255,0.0009485246568813028,0
399621,874,516.2306051216635,542.4071698587189,0,0,0.00017500530460787145,0.0006166171480593593,0
400121,875,505.95289437032693,534.9813023768854,0,0,0.0001969085456229628,0.00043160416200911265,0
400621,876,490.96743490177437,533.6304030973494,0,0,0.0004302462684735891,0.0008014646323007882,0
401121,877,521.2228287410603,542.4585796947913,0,0,0.0005039770803078065,0.0005464094468547127,0
401621,878,490.03694847391216,542.9627411773049,0,0,9.339712847771302e-05,0.00028409116073688625,0
402121,879,519.1132255970796,535.4720988662274,0,0,2.2303660041319008e-05,0.00021938187386212938,0
402621,880,516.0194549060305,530.4650246887347,0,0,0.00044604887596450893,0.0008242189387516565,0
403121,881,524.455606399438,537.289729380601,0,0,0.00016225673464595564,0.000273229872921236,0
403621,882,507.43849689837754,538.6110374512307,0,0,0.00010883680899574512,0.0005839871105144773,0
404121,883,504.64526614724707,524.2511694103871,0,0,0.00021334993802597067,0.0004948031700726124,0
404621,884,506.8585007907482,530.5955459301156,0,0,0.000453640779954752,0.00039637444124849473,0
405121,885,519.817384896221,536.8450408042119,0,0,0.00020233470281121198,0.00046712104622404497,0
405621,886,516.2416686401601,536.5287789469769,0,0,3.5819787926008094e-05,0.0007678249111147129,0
406121,887,524.4292537303824,536.7837808862573,0,0,0.00013031324860892702,0.0007630193022805661,0
406621,888,493.6631717289162,524.4244145564633,0,0,0.00024051147926778686,0.0003942279315265662,0
407121,889,500.6466113450399,548.2343121520963,0,0,6.195737739489705e-05,0.0004203145752570962,0
407621,890,500.4586605503497,539.3787563555576,0,0,0.00019810571040919917,0.0006278378922421767,0
408121,891,495.3753266676399,535.9813979021523,0,0,0.00023175625183179276,0.00041437416338723675,0
408621,892,522.1756833764734,533.6700315753831,0,0,0.00012235429441018617,0.0005002089884936364,0
409121,893,503.59952139355244,527.7153067548362,0,0,0.00010951283148405245,0.00011897358067003354,0
409621,894,512.7872669957812,543.4664549121281,0,0,0.0002793099415670847,0.0002558293810000324,0
410121,895,522.2613981118096,532.310458427571,0,0,0.0004046851519996927,0.00014690377281145018,0
410621,896,520.13307240514,540.5187403427498,0,0,0.00011670050606637644,0.0001663093337847528,0
411121,897,502.9910846828435,528.5577911515568,0,0,0.0004320513530571704,0.000891382165193374,0
411621,898,502.8772192526016,536.6745426837429,0,0,0.000153286275082709,0.0004638018014289245,0
412121,899,521.2605492836556,534.3744008642295,0,0,0.00016949551090400414,0.0005198992825206606,0
412621,900,518.4096799660778,541.1450998914331,0,0,0.0003240701058199209,0.0004912837630424225,0
413121,901,514.9317036652986,531.0670640465235,0,0,0.00016587505945901712,0.00029182641298767473,0
413621,902,491.0862565720519,554.7588454631513,0,0,7.012047746256082e-05,0.00030046028476683805,0
414121,903,524.8470496321922,537.6327680302519,0,0,9.927805246813964e-05,0.0003623523309069706,0
414621,904,512.8853458915185,542.6044255285765,0,0,0.0001964074529428644,0.0005834017541209664,0
415121,905,515.2702059183301,535.329707142602,0,0,0.00019527488306447717,0.0009104263903182186,0
415621,906,529.2572353337165,535.4041873058352,0,0,0.0002300901505672825,0.0005408284978017339,0
416121,907,501.1284033274894,550.5418870313259,0,0,0.0002166803015411981,0.0007095015347750939,0
416621,908,499.95509666628675,540.250373784815,0,0,1.4027835460463823e-05,0.0006634111974489561,0
417121,909,518.9904624046194,532.7826027035431,0,0,0.00022787865533112478,0.0010111424289525048,0
417621,910,517.8732548467136,540.9704754296831,0,0,0.0003097371215462952,0.00018855571472396794,0
418121,911,512.6502512421868,537.8469878989149,0,0,0.0002051746975910113,0.00014998907726766132,0
418621,912,510.13259257190083,535.297798840789,0,0,9.20681261828913e-05,0.00020521166232694132,0
419121,913,493.6525103708803,532.167552680637,0,0,0.0003326510146804021,0.0008101161709319098,0
419621,914,458.5719099701254,496.6826385224475,0,0,0.00018160264821619516,0.0004064589724096429,0
420121,915,489.86105762627295,526.3374396315596,0,0,0.0005495824055094572,0.00039986580736603525,0
420621,916,498.37176209604047,537.3547064271851,0,0,3.873745310539871e-05,0.0006666753913955983,0
421121,917,513.001601739191,522.9395238925341,0,0,0.000320906379493385,0.0003059913379367539,0
421621,918,502.3906136345116,542.9761093275637,0,0,0.0002653085047078652,0.0005266917225358989,0
422121,919,507.60688905431994,526.8774814805595,0,0,0.000860684096577567,0.0006185844946599975,0
422621,920,528.7413821693078,526.099192057005,0,0,0.00037883176680143034,0.00027378246848307056,0
423121,921,511.4355156425693,537.7933468740118,0,0,0.0003218057156718141,0.0008391188299681155,0
423621,922,509.5084940398955,521.0328250626393,0,0,0.0003167045577121889,0.0005966691321439291,0
424121,923,461.32855751233524,527.8822264196456,0,0,0.0004049804581480697,0.0002919835474068739,0
424621,924,509.88246919010453,536.1455069407467,0,0,0.0003004381944010565,0.0004475988907108059,0
425121,925,508.1892746930622,530.7427799047681,0,0,0.0007015546110594047,0.0007598741986841117,0
425621,926,524.9390440832923,534.8902057768936,0,0,0.0005899513058722766,0.0004999484976735508,0
426121,927,519.8281321556755,520.1629342823987,0,0,0.0002411071582051638,0.0005394517783348136,0
426621,928,504.25387175402415,520.617843229707,0,0,5.3347620708247506e-05,0.0007529516873485163,0
427121,929,512.3549372463785,548.1155345986838,0,0,9.124224032412203e-05,0.0005012571500075999,0
427621,930,492.728121320074,507.0487937991798,0,0,0.000276521342620594,0.0006539444953404214,0
428121,931,506.9400021218511,521.1004783881177,0,0,0.000176891224484396,0.0014074416848606924,0
428621,932,523.9751336232742,533.6098938901309,0,0,4.433492798301232e-05,0.0007535874821653148,0
429121,933,517.6653378997852,529.1848234383717,0,0,7.24221726725518e-05,0.0005038340045241401,0
429621,934,513.5956533149333,529.5189829613279,0,0,0.00018116748702599216,0.0005843492597994954,0
430121,935,518.7742158477154,538.8497161826566,0,0,0.0003802480012846451,0.00037515560222059556,0
430621,936,514.7714361378787,523.9292616291466,0,0,0.00022147810848483672,0.00014638749517676287,0
431121,937,512.9074162684519,517.5196355679831,0,0,0.0004174822941284184,0.00012274566311205111,0
431621,938,504.0882793738462,521.7801091539882,0,0,0.0001838280719201708,0.0003368147991085386,0
432121,939,520.7012140846778,531.198073413134,0,0,0.0004234968849802686,0.0005118742618253238,0
432621,940,526.3848632251045,540.551823272063,0,0,0.0001778689098347543,0.0003602218478511071,0
433121,941,510.72322006693173,547.4103610247283,0,0,0.0001695302781666036,0.0008132661474818576,0
433621,942,512.8715669105613,527.7577835695997,0,0,0.0005842817846615575,0.0004955414343196172,0
434121,943,518.5587414797258,546.6518243634733,0,0,0.0002610534015601731,0.00016722274316911188,0
434621,944,518.9225679537442,542.5643708868924,0,0,0.0002430607354804092,0.00032687572311325375,0
435121,945,493.1972508458943,516.5349060532508,0,0,0.00016779148212099998,0.00018583526420755,0
435621,946,516.8303169528867,523.9138748302832,0,0,3.795563172048466e-05,0.0003998941499914455,0
436121,947,513.2525080647124,530.8719290906307,0,0,0.0004259566017690363,0.00041550156355123425,0
436621,948,517.3347590586898,533.0488956176744,0,0,0.0001709000103060927,0.000380761084797082,0
437121,949,507.1574956490759,531.5792184322434,0,0,0.0002516481550095139,0.00031145683753820084,0
437621,950,514.5772461234933,519.9252467843272,0,0,0.00042741240680702075,0.00034705586642161867,0
438121,951,506.86780789994725,552.2371921275585,0,0,0.0001492304925982759,0.000828413768316662,0
438621,952,471.66642332714696,509.0206478335929,0,0,9.692397454959286e-05,8.150439007502648e-05,0
439121,953,508.6604358419075,532.9153335718621,0,0,0.0006951871807659772,0.000632794574341345,0
439621,954,504.34233153003237,518.3318758220631,0,0,0.0001896160914682883,0.0003518905357134247,0
440121,955,518.6134365586307,533.4783191606928,0,0,0.0002915240946570897,0.0003662507522761543,0
440621,956,511.32442374669705,536.6804143767756,0,0,5.874261935950146e-05,0.00038472570425681366,0
441121,957,517.1147590090446,529.1449333817168,0,0,0.00016490795554294604,0.0007701318745059649,0
441621,958,510.4453224463153,540.9695147489699,0,0,0.00013800466942891286,0.0004944589124884355,0
442121,959,525.5629959288623,547.5607602601046,0,0,0.0002218343384696852,0.0001798750781034336,0
442621,960,462.81206189738265,534.7400581158464,0,0,0.0001408233469774837,0.0006590586978019833,0
443121,961,521.195066930519,553.3354432210242,0,0,0.00029508789435803823,0.00021915120706023636,0
443621,962,511.86315149857,526.9345370407453,0,0,0.0002487149517148532,0.00042794781785549603,0
444121,963,512.2692486389528,523.6267424106505,0,0,0.0009981746623481515,0.000347394040361609,0
444621,964,484.71331117813247,517.8638944256684,0,0,0.0002091974735063144,0.0006004133586870123,0
445121,965,502.2930679462016,546.3308540668176,0,0,0.00014970341582029912,0.0005164939594858828,0
445621,966,506.99404624422596,554.3471739056203,0,0,0.0004113025002521952,0.0003132430229645374,0
446121,967,472.996662865668,542.425329547562,0,0,0.00018415499340273237,0.0006267264503259028,0
446621,968,503.22493322311664,521.6123265199448,0,0,7.407998133703281e-05,0.0011300648546915299,0
447121,969,519.2805311028947,540.294774653533,0,0,0.00013149827248409602,0.00031955566872486033,0
447621,970,515.0933186053227,522.7913749225793,0,0,0.0002696426168513614,0.0004885173292732835,0
448121,971,523.5383450846367,545.8051255321653,0,0,0.00018041072890850063,0.0005098257274119565,0
448621,972,519.7587678895065,545.8533356504211,0,0,0.0001193949559429484,0.0003252751932076999,0
449121,973,524.8851335652303,536.797112798511,0,0,6.2796719059448e-05,0.0010553505694605252,0
449621,974,498.5061944212286,546.4163250709815,0,0,0.00025518219851302976,0.0007373359058480396,0
450121,975,514.6499979171681,541.820133292043,0,0,7.567887348914598e-05,0.0002544661349703862,0
450621,976,468.402536348627,502.74636896749837,0,0,0.0005338917172605664,0.0002613730796189801,0
451121,977,505.48337159931157,526.1769791812362,0,0,0.00024481527716479465,0.0004929090054488474,0
451621,978,524.4291340904854,544.1222329553948,0,0,0.00018341540976355865,0.00015274683269684655,0
452121,979,518.9506147775102,532.0041791420078,0,0,0.0003871968148516367,0.0003290391635897618,0
452621,980,518.862981582203,512.3764280088551,0,0,0.00038990305857067477,0.000712903919348872,0
453121,981,511.16199809341384,521.4973796896203,0,0,0.00015134076777184753,0.00019461555291120383,0
453621,982,505.1321185444161,491.87266493055495,0,0,0.0005784030670681468,0.0008801699357671254,0
454121,983,525.9514589111905,537.0260620299041,0,0,0.00035488585188471656,0.00032672581452696333,0
454621,984,519.9991098162637,534.5546615691829,0,0,3.764076023126245e-05,6.160280632767395e-05,0
455121,985,506.4920490130426,529.6018393879871,0,0,1.9014194543840457e-05,0.0002648319965456006,0
455621,986,499.99613119183067,522.1451989724837,0,0,0.0004478881252841411,0.0005105308008189698,0
456121,987,512.415790587215,516.7723400760509,0,0,9.62410265183133e-05,0.00036935651140528714,0
456621,988,526.9133671433477,543.2492292738543,0,0,0.0004359219642423991,0.0005725465771945249,0
457121,989,512.5738194945994,526.455508493645,0,0,0.00021513848408146556,0.0009498136937551384,0
457621,990,530.8243305948066,550.0706866684395,0,0,3.07521286303051e-05,0.00041248664545746097,0
458121,991,495.3033514427343,535.6368654958802,0,0,0.0004525849135595767,0.0004694212027835406,0
458621,992,506.1619884114242,537.4294175440538,0,0,0.00038664674069951755,0.0007741116190066756,0
459121,993,511.9967247793838,545.060784705906,0,0,0.00011141779310892988,0.0004535382388201949,0
459621,994,507.1561598407071,524.4764080187881,0,0,0.0003658175910129312,0.00011496589484121012,0
460121,995,531.6114927385719,535.7030746815497,0,0,0.00047768487783223906,0.00041854242765650764,0
460621,996,525.0931486672665,547.6583707153302,0,0,0.00012451192824771893,0.000504718517690636,0
461121,997,533.4746187358755,548.2287742635417,0,0,0.00016813283708386935,0.0003327935987280472,0
461621,998,492.95721115729117,534.9176080544376,0,0,0.00025845462983720174,0.0006181660382329051,0
462121,999,518.1022713281156,544.3733807927132,0,0,0.00012709815386404195,0.0008070623921230388,0
462621,1000,510.07371040838115,539.1372057057289,0,0,0.00017065694090186094,0.0004535669672453006,0
463121,1001,496.8830809739331,534.0859408307416,0,0,0.00026474808804508417,0.0008404869594547098,0
463621,1002,526.6117427275582,547.4360927767241,0,0,0.00017682111023766694,0.0001919228848629242,0
464121,1003,514.164268863841,551.9654212654889,0,0,1.6766301956789947e-05,0.00014321127259009586,0
464621,1004,523.8760912128683,540.0300460503847,0,0,0.00019037735897601448,2.80960989616851e-05,0
465121,1005,506.80822330505475,535.3059901307025,0,0,8.504003735600039e-05,0.00025808295904845233,0
465621,1006,519.5700756751631,543.3494116748126,0,0,8.784010644123498e-05,0.0009345790867434941,0
466121,1007,512.7121922190289,538.5586208446956,0,0,0.0001579329677126037,0.0003247571114036482,0
466621,1008,464.1449194192282,520.0973844289573,0,0,0.000357990644693486,0.00021601038095807253,0
467121,1009,509.5089148221959,544.0730268383483,0,0,0.0002644766280545431,0.0006473673892141862,0
467621,1010,504.27230594257026,542.8295948985892,0,0,0.00024978145427165775,0.0003599720987361926,0
468121,1011,525.3504355676725,541.4622374247373,0,0,0.0001672744790310388,0.0003548025058614009,0
468621,1012,506.8560921285623,539.8355116833261,0,0,0.00014351977149991844,0.0007624487756045698,0
469121,1013,498.3494475395988,541.8831391872874,0,0,5.5167532232405245e-05,0.0006242671328691966,0
469621,1014,511.768446351837,534.9269601138693,0,0,0.00027688287352601156,0.000933840778958801,0
470121,1015,476.53553039339175,516.3489914873641,0,0,0.00010213365248493456,0.0008527331704316244,0
470621,1016,507.3251774255052,544.7488202004023,0,0,0.00017413228317237204,0.0006073639807187076,0
471121,1017,514.6970869846615,542.6879118938288,0,0,2.10385666656744e-05,0.0005422588992177799,0
471621,1018,524.5440911260673,545.3692377735089,0,0,6.920219657709003e-05,0.0006064243461317894,0
472121,1019,523.4574592116094,520.3089180388979,0,0,0.0003581626499818725,0.00035088751030637195,0
472621,1020,505.4164447422307,537.9994045985321,0,0,5.099637867971791e-05,0.0006562703563611262,0
473121,1021,510.29452906198185,535.7925290766981,0,0,6.8607899062463596e-06,0.0003242017148411461,0
473621,1022,518.1025921960924,541.963471946898,0,0,0.00011100153317762422,0.0007357603185364172,0
474121,1023,506.51377695572444,536.7670527845573,0,0,0.0002810441720645659,0.000294555607706904,0
474621,1024,497.2493861465863,542.032842960252,0,0,0.0003911983884354225,0.00031147504674315977,0
475121,1025,497.43177171450543,550.1140091535123,0,0,0.0006461508392749457,0.0006473994463258551,0
475621,1026,490.0269471540962,539.8853579293523,0,0,0.00013710112286701516,0.0007144304821942734,0
476121,1027,518.7861671266122,544.0017784780251,0,0,0.0003178430173283606,0.0006305264586813146,0
476621,1028,507.93295574081657,544.349531282128,0,0,1.8910387692646595e-05,0.0009536683871216104,0
477121,1029,495.97158185710174,526.391220517033,0,0,0.0005713191501863622,0.0008801022879253523,0
477621,1030,528.383599063168,540.2820808788169,0,0,0.000471715881130511,0.0006283945659647136,0
478121,1031,533.2800159268049,550.8048846206152,0,0,0.0002195328253951394,0.00022178511748378537,0
478621,1032,485.54204580981553,545.3948431785973,0,0,0.0001339380628708135,0.00046018343469903916,0
479121,1033,516.0005262264391,540.2622454258493,0,0,0.00026362231226992626,0.00047301416835867705,0
479621,1034,503.09657349492886,544.923752597233,0,0,0.0005474007541125665,0.00038265471629043616,0
480121,1035,508.84697843563225,541.2679705716716,0,0,0.0002465686740408335,0.00048132791039806806,0
480621,1036,512.4907127989011,547.6177961241513,0,0,0.0004498975035950565,0.0008714327263242918,0
481121,1037,537.7155971748685,556.8624708120145,0,0,0.00018577022893516036,0.0005744757342040656,0
481621,1038,516.9787118903412,541.3453180235606,0,0,9.58777080843512e-05,0.0005953455146016977,0
482121,1039,523.6309062488567,542.8837221895947,0,0,0.0001402365923147188,0.000787151838543117,0
482621,1040,469.7182661205114,544.114844365663,0,0,0.0004834326620804448,0.0001532292895688282,0
483121,1041,511.895199211453,518.8774707629018,0,0,4.339231636880544e-05,0.00025671811107550103,0
483621,1042,492.9284613926903,530.4104297984418,0,0,0.0002553629555793604,0.00047139952290272953,0
484121,1043,528.7071964196215,544.6423102020149,0,0,0.00016177069298426,0.00032046169118107133,0
484621,1044,519.8836758653121,555.3144197511847,0,0,0.00018408373551961142,0.0007075931814317285,0
485121,1045,500.3109894390062,534.9214171435249,0,0,0.0002565950584978705,0.0002086477376748309,0
485621,1046,520.519924852946,548.1965826380277,0,0,0.00014289784717760718,0.00016233917242923946,0
486121,1047,520.2719244685948,546.2331519472767,0,0,8.153932423873273e-05,0.0005869777327765061,0
486621,1048,504.1719783793375,526.9716671024539,0,0,0.00014143613947935024,0.0002696541812586999,0
487121,1049,518.3433136104097,549.9686238230202,0,0,0.00013887170504442325,0.0005019833535953535,0
487621,1050,519.4324429739223,551.8626854971006,0,0,0.00029779099678584005,0.0006600317071782106,0
488121,1051,523.4147301663654,538.574903918004,0,0,0.0004718019607776678,0.0006009856087172149,0
488621,1052,497.977822856628,536.9621967007971,0,0,6.398727338430656e-05,0.00014589882737856526,0
489121,1053,526.3535285728709,551.4545868588679,0,0,0.0003303741092072906,0.00040425813405012214,0
489621,1054,505.3974869684843,540.9718845493493,0,0,0.00019302635622095015,0.0003010985208266005,0
490121,1055,500.46154922036646,529.4905262827637,0,0,0.00040340662000069296,0.0008578781270103253,0
490621,1056,519.7321098776634,541.1135041564199,0,0,0.0003460417678848209,0.0009003200534283101,0
491121,1057,473.801163391227,538.8241417086848,0,0,0.0006431895269834778,0.00022119859323881802,0
491621,1058,517.4047867956972,542.5341802492466,0,0,3.5746022661780384e-05,0.0003459145848282067,0
492121,1059,512.2402659232527,548.0606417729718,0,0,0.00013812108988654921,0.0005998535168327994,0
492621,1060,524.1356645817301,546.3387080122767,0,0,0.00018526187512504157,0.001073302000252221,0
493121,1061,510.4210762800778,528.5052383389665,0,0,0.00030667855334912103,0.0004962914290493556,0
493621,1062,528.191303641548,540.6921584273895,0,0,0.00037943978172237577,0.0009682577916559553,0
494121,1063,524.3350955941568,534.091309437953,0,0,0.0003610138978058775,0.0003892703281540101,0
494621,1064,522.9861522251633,543.2528386412523,0,0,0.0004916476651837918,0.0006160587232010212,0
495121,1065,515.037839399629,543.6226305838256,0,0,0.0004209642106118614,0.00022246313961968908,0
495621,1066,525.6254835754077,542.5359595179359,0,0,0.00010867630747801424,0.0002719924440204463,0
496121,1067,523.7140364794911,545.6615599091894,0,0,9.399827754787969e-05,0.00020799555294426895,0
496621,1068,525.8992744114431,539.5230469315945,0,0,0.00037559950158106374,0.00023877044522755772,0
497121,1069,513.2076259029916,536.391209231605,0,0,0.0001875418230598509,0.0004066429495092477,0
497621,1070,520.9471712411994,543.7782198592423,0,0,0.0001377958149589712,0.00026954691009003123,0
498121,1071,513.0960316725361,532.4345438033423,0,0,0.00035776951780878817,0.0008062937777811433,0
498621,1072,511.6113657995352,530.2798873359857,0,0,0.0003661642385407116,0.0002344787850822817,0
499121,1073,499.5351109085074,543.1908544763565,0,0,0.0002049675454718671,0.0003081193542858355,0
499621,1074,528.1943805922689,528.7877345126515,0,0,0.0003439348936545545,0.00036034816812692636,0
500121,1075,508.8549800918854,533.3150496365397,0,0,0.00032081057818525617,0.0007063595192032972,0
500621,1076,499.1404073984332,527.926476360975,0,0,0.00020019145994600656,0.00012195063625332422,0
501121,1077,506.12034542373004,543.3741875115643,0,0,0.0005289507509765349,0.0003353907594896669,0
501621,1078,512.8681730452386,539.0140861865816,0,0,0.0008925676161393776,0.0006357358473812918,0
502121,1079,533.0439114026749,549.1769899863235,0,0,0.0005208006161666661,0.0003777613013250944,0
502621,1080,535.3817405824748,535.8152645208303,0,0,0.00022159724862174054,0.0005800808209777199,0
503121,1081,525.7109149191431,540.240747003519,0,0,0.00020910534293484451,0.0005437227888740483,0
503621,1082,536.5910876356445,535.897387976823,0,0,0.000377856533500673,0.0005389762437932193,0
504121,1083,531.6226200434928,538.2396064813196,0,0,0.00010047087700147683,0.0003583992897353644,0
504621,1084,533.4380755863349,543.3130517024122,0,0,0.0009046667983824921,0.00023724128311507933,0
505121,1085,535.3396048317437,521.5180144692604,0,0,0.0003942369793284327,0.00017824506910670774,0
505621,1086,524.9536131656777,525.1250170519736,0,0,0.00015355694639148496,0.0005875572295209558,0
506121,1087,521.667717419812,536.5230013050378,0,0,0.00029581024562237886,0.0007699385033286886,0
506621,1088,532.7262106714325,520.7238406799273,0,0,3.113434761270786e-05,0.00030439154011707725,0
507121,1089,525.1206488243027,532.558702327017,0,0,0.0006439009406497675,0.0010702904378783026,0
507621,1090,518.2903457042809,538.6359502442765,0,0,0.00036988917489216204,0.00043662857845739385,0
508121,1091,524.0646137870922,533.6338411311165,0,0,6.040333598137176e-05,0.0002015612829210084,0
508621,1092,526.2613347843967,527.3261883520697,0,0,0.0005005837278226947,0.0005665581365290599,0
509121,1093,510.9169692802136,538.7217233272636,0,0,0.00017019159067896587,0.00027282023948221293,0
509621,1094,501.8479516076464,527.2700509864917,0,0,8.8192031919214e-05,0.00047009170877531525,0
510121,1095,512.0634427652653,536.028165366711,0,0,6.510122904914574e-05,0.00026540831411090126,0
510621,1096,526.3915948460386,539.8878083785814,0,0,0.00029298778051584415,0.00032995336410133195,0
511121,1097,521.6066715200063,544.3916573617836,0,0,0.0002407715432509838,0.0004046228580766258,0
511621,1098,518.4202233055873,532.4904058961708,0,0,0.00018551916844834103,0.0003768341099773569,0
512121,1099,493.91107507445815,543.6576055067987,0,0,0.00016431068780881948,0.0005448537538523279,0
512621,1100,521.8245244428599,542.6813681582322,0,0,0.0003322084110011434,0.0005062421574611087,0
513121,1101,507.6307412475212,528.0946936718739,0,0,0.00023338590067208408,2.301627263424101e-05,0
513621,1102,539.5042622916976,549.5472975298024,0,0,2.5169794601224163e-05,0.0001686714868214903,0
514121,1103,514.3235627394411,540.2013359771576,0,0,0.000516190387727909,0.0005546075625828188,0
514621,1104,524.7400319979567,539.9300463016278,0,0,0.00025341369674383523,0.0006568308806007094,0
515121,1105,525.3941923013194,542.3638574660803,0,0,0.00012900676703967107,0.0004796755162631325,0
515621,1106,541.8180723240455,518.1693435768807,0,0,0.0006106459950198662,0.0007811355176124357,0
516121,1107,523.0882174383971,541.0671743294029,0,0,0.00037695246507912756,0.0006348790993061103,0
516621,1108,527.2001431591939,535.1442052292446,0,0,1.2069028481127996e-05,9.66775259795168e-05,0
517121,1109,526.4711947584444,543.6819352467777,0,0,0.0002241637041931447,0.00012673807926164444,0
517621,1110,530.5218816061325,539.6015843087205,0,0,0.0003576114882483517,0.00034050160988780736,0
518121,1111,518.5463609084668,530.5512433092005,0,0,0.0009264916298143255,0.0005034049760128106,0
518621,1112,496.3385898346002,540.8872042331408,0,0,1.0894824156626499e-05,0.0004198884158699114,0
519121,1113,543.0219317476444,543.0800348793342,0,0,0.00047957579446834716,0.0004483962264590519,0
519621,1114,539.9825895807638,522.2779682481122,0,0,0.00033852395594045616,0.00018645607911808176,0
520121,1115,518.0655501921186,527.6280057587899,0,0,0.0003766846862735131,0.0005020160742107421,0
520621,1116,528.8300717174674,540.5464280573706,0,0,0.00021417681288753862,0.00043729457734601926,0
521121,1117,522.8541177655807,538.5677774897883,0,0,0.00040166806634725364,0.0002273143897676261,0
521621,1118,529.8125630874139,539.6463692282753,0,0,0.00019594976468000595,0.0002776502387146082,0
522121,1119,514.5382245111016,552.6785105684688,0,0,0.00027686262472875013,0.0007368370499517132,0
522621,1120,506.4302609273612,517.1950988025551,0,0,0.0002538405072918219,0.00036268691310420366,0
523121,1121,526.0737706229668,548.057418669235,0,0,0.0003762488980811226,0.0003480976496303085,0
523621,1122,527.5341371376836,531.4289725190899,0,0,0.0006724788212340519,0.0005643428816368336,0
524121,1123,531.0942609273674,541.26827964154,0,0,0.0004637208349323411,0.0006909004673016665,0
524621,1124,525.5827386390323,528.0382530710942,0,0,0.0004576768460265963,0.0007869350555792596,0
525121,1125,518.6859307657993,514.240249706377,0,0,0.00017719101830146702,0.0004447327864307331,0
525621,1126,533.075400026999,536.7817416172267,0,0,0.0004245833364975618,0.0004250291869605751,0
526121,1127,522.3643396142811,537.0367150338302,0,0,0.0002818522871273919,0.0004721637932144617,0
526621,1128,524.4654955270386,530.8293863083446,0,0,0.0003218837664166838,0.0005963701096730676,0
527121,1129,524.8845852964446,537.1006555287033,0,0,0.000242502557332944,0.00025086103968224524,0
527621,1130,533.9562695433543,540.2476087407131,0,0,0.00024714926835656055,0.0003801978572629065,0
528121,1131,490.9690518459969,542.101711668247,0,0,0.000245763485380527,0.0003900181206234425,0
528621,1132,527.4648922617555,536.6839039314257,0,0,0.0006263224621527444,0.00040931358316481805,0
529121,1133,527.1519629644921,536.2223740602602,0,0,0.00013827153297451335,0.00043185605823476124,0
529621,1134,523.2586129455262,549.9392196374656,0,0,0.00014953089942421402,0.0012762501258606514,0
530121,1135,522.5436777212115,528.297275736347,0,0,0.0006487521382695731,0.0010860555361024995,0
530621,1136,507.1423583313396,534.4241333681956,0,0,0.0004186062855782799,0.0005241682625873384,0
531121,1137,515.9904820098368,533.0895284372153,0,0,0.0004779324611137795,0.0006586896949208703,0
531621,1138,519.483954394426,513.7914257994205,0,0,0.0008432484804137373,0.0006563158437037422,0
532121,1139,497.62763684989926,516.2400636727482,0,0,0.0005414143582637789,0.0003724118920881375,0
532621,1140,522.415046420799,531.9305343922781,0,0,0.0007555184198371664,0.00034172937016162995,0
533121,1141,503.7792764169141,529.5556217734078,0,0,0.0005698463241744669,0.000624086457719533,0
533621,1142,518.8256108459007,544.2177373831339,0,0,9.809070050222333e-05,0.0005692785037806385,0
534121,1143,524.767349873555,543.261806834468,0,0,0.0004778618260259799,0.00034426666266262586,0
534621,1144,541.3070329451585,534.3312815962933,0,0,0.00024294539405153554,0.0002442441495442379,0
535121,1145,528.7434326929266,552.303441683475,0,0,0.00016811869820643666,0.0002436088719805599,0
535621,1146,524.7494392960505,535.3924924394554,0,0,0.0004724775231950218,0.0007685976726931391,0
536121,1147,504.9356718934016,533.2436373700946,0,0,0.00013094698933168122,0.0007524166162890128,0
536621,1148,527.2283620364149,542.1222750296331,0,0,0.00019317975080800152,0.00047014028901814917,0
537121,1149,511.52580487757797,533.7294382775744,0,0,0.0002169153254482722,0.0008613749958242438,0
537621,1150,535.4061293243429,533.5263978413165,0,0,0.0009995541669199682,0.000569035087517165,0
538121,1151,535.0933132637041,537.7215732331867,0,0,0.0008495567773160051,0.000450813614584339,0
538621,1152,526.7264055025387,536.7095069679755,0,0,0.0006822524207484776,0.00039580069794360886,0
539121,1153,517.5909450330296,535.4525200525109,0,0,0.0003504767861106821,0.0007196948736529517,0
539621,1154,548.057019449053,550.2060815674653,0,0,0.0002918408690605767,0.0006872343452934536,0
540121,1155,530.6940094637723,542.5958693816403,0,0,0.0005190599604961019,0.0008465831271574776,0
540621,1156,531.4880916253117,532.0069376863748,0,0,0.0005412015300333774,0.0004968597516931518,0
541121,1157,525.8568241757841,536.1259589119672,0,0,0.0003248643903511321,8.002870387860228e-05,0
541621,1158,542.0534597441622,548.004358964379,0,0,0.000316482847074792,0.00032192898644393486,0
542121,1159,542.6730422219835,550.2905425030965,0,0,0.00020091918663631229,0.0005431599612431453,0
542621,1160,522.254247759996,536.444389756587,0,0,0.0004307988341630675,0.0007601438656906515,0
543121,1161,521.5662698971947,540.6638877765146,0,0,0.0003729489678015751,0.00046798297915357824,0
543621,1162,514.5735296750289,544.3022588682835,0,0,0.00011763830821367389,0.00010463296986357656,0
544121,1163,535.8040458888479,542.7437819993237,0,0,0.00010069391154823787,0.0001816297814943607,0
544621,1164,522.6426087848084,531.4302343834462,0,0,0.00024863061688895383,0.00037307394473805,0
545121,1165,533.2845261259289,541.5740219504448,0,0,0.000504874740915932,0.0006116646634883199,0
545621,1166,519.8035658307542,541.9707284088433,0,0,0.0006451943978827876,0.00045186750837976385,0
546121,1167,517.543120364882,537.737858683213,0,0,0.0005180193853427588,0.00012947328322823312,0
546621,1168,539.001860349396,558.2046028629102,0,0,0.0002170797507275301,0.0002457349519157321,0
547121,1169,516.5339981764722,532.7439337295357,0,0,0.00035273592919384927,0.0006397324806510519,0
547621,1170,535.339754719888,546.3274623170066,0,0,0.00033310400065962944,0.0003471198247927827,0
548121,1171,504.40335143368094,543.1862569700369,0,0,0.0006217510644409599,0.0003536530821637159,0
548621,1172,520.1696460194092,525.1509007302692,0,0,0.0003013414298587186,0.0006355262091557374,0
549121,1173,528.7721077082342,552.3598866764571,0,0,0.00021162751610426359,0.0003536685431724109,0
549621,1174,534.746556065644,536.464115958006,0,0,0.0002503507568879386,0.0003787176907245348,0
550121,1175,535.8743828037118,540.7994137908066,0,0,0.0007258244387952225,0.000513219289226655,0
550621,1176,530.3002769271603,530.3265355526544,0,0,0.0004992567869481346,0.0002609434647118472,0
551121,1177,526.3591328813308,529.3742589133126,0,0,0.000609147896697453,0.0005162069905792674,0
551621,1178,519.2545955996632,545.8735089731442,0,0,0.0007468506007935951,0.000528728781365704,0
552121,1179,536.1639056282834,550.6323037254466,0,0,0.0003437170453982168,0.0001766221783749512,0
552621,1180,529.2433330436066,538.4914054456863,0,0,0.0005997544864878348,0.0006187853701998927,0
553121,1181,537.1956855125054,548.0346028527025,0,0,0.00024330781767987366,0.00038663429870539604,0
553621,1182,543.9345462953153,557.9678884911597,0,0,0.0005637937871161442,0.0011912607520972668,0
554121,1183,553.1114514831368,559.7753612176845,0,0,0.00036271858659622227,0.0002889598766010345,0
554621,1184,521.8735980187188,562.1792251744369,0,0,0.0002876353037549061,0.0002379229815259735,0
555121,1185,533.3823195993397,555.7941592934301,0,0,5.998773971702731e-05,0.0008762801338365737,0
555621,1186,536.6283149503283,551.6769782716275,0,0,0.00021585256719028803,0.00041660996560144415,0
556121,1187,536.8681558186705,554.3304155305003,0,0,0.0007519731400744523,0.0005206582329126326,0
556621,1188,524.7747600775645,543.8816898749355,0,0,0.0005820661503076938,9.506035014871799e-05,0
557121,1189,538.8128025194515,551.593159008984,0,0,0.00035282614879698785,0.0004258851991306981,0
557621,1190,527.7388901423587,543.1425342306565,0,0,0.0003859796266027964,0.0004493397313129737,0
558121,1191,527.9147064788256,540.0364620861186,0,0,0.00024275972463565833,0.0005180875305460337,0
558621,1192,516.6990739939885,536.1940854729868,0,0,0.0006519836912665513,0.0009237728332921234,0
559121,1193,537.7486612166929,549.4339708195471,0,0,0.00019279778195549168,0.0005938207081237862,0
559621,1194,521.8075356025819,541.2739506500224,0,0,0.00026021079955465185,0.0004281868077754891,0
560121,1195,537.7980811840121,535.3693174963306,0,0,0.0008529863910512025,0.0006541187929129172,0
560621,1196,545.9808457556337,548.6932053801584,0,0,0.00023498446672920619,0.00028575044545518357,0
561121,1197,513.3961536627879,531.0401399759978,0,0,0.0003509035184458904,0.0007058944322576647,0
561621,1198,531.6063482178674,542.0801304522358,0,0,0.0001794559940714744,0.000895820944090427,0
562121,1199,528.5804196581146,552.4206026168614,0,0,0.00041029982799689103,0.0002810706843405385,0
562621,1200,509.7740800052128,531.3381085408736,0,0,0.0007752737496563992,0.0007664629392910486,0
563121,1201,540.4880777047205,556.9969086434876,0,0,0.0002924501623700663,0.00034821511922174703,0
563621,1202,535.7178482046063,538.1669182967223,0,0,0.00039040196022680233,0.000600951125566721,0
564121,1203,521.8229575899271,537.0783406041189,0,0,0.00040700355657548087,0.0003154320350811904,0
564621,1204,533.8481487866579,548.1638055686127,0,0,0.0004744121773722954,0.0001818870622256416,0
565121,1205,522.6603495025873,549.5385288646252,0,0,0.0005025639951064248,0.0004252346052768331,0
565621,1206,534.9754780326856,564.3363016100409,0,0,0.0004053610734717623,0.00023987002527610144,0
566121,1207,532.9364753472898,551.6560244728807,0,0,0.00029363884014381615,0.0010262934178449034,0
566621,1208,544.3945130522961,536.367873852839,0,0,0.0005468031416508864,0.0005010481377835803,0
567121,1209,538.6086742123342,540.6002839824157,0,0,0.000326178612333879,0.0003337154174301677,0
567621,1210,515.830699098653,539.5898804171856,0,0,0.00044525189262949703,0.0005845388799886853,0
568121,1211,536.9398199567481,556.4597319626288,0,0,0.00048151977291911036,0.0008038540036468036,0
568621,1212,533.071662854366,536.5186721227045,0,0,0.00029113218354318536,4.231182799078933e-05,0
569121,1213,510.62528296067904,541.849819452321,0,0,0.0005345812920311345,0.0007105841768021502,0
569621,1214,546.0398498427329,544.6158517952581,0,0,0.0006780291641655498,0.000759223461351691,0
570121,1215,544.5491842885014,529.2011278026101,0,0,0.0005342634163331623,0.0007141230539325948,0
570621,1216,541.8072549067139,547.1924985585188,0,0,0.0004096907757833283,0.0009823574618925838,0
571121,1217,533.8503858546048,548.4875808657431,0,0,0.0006769484112170676,0.00047655206613377737,0
571621,1218,530.8355095257128,544.2418135369504,0,0,0.0004675828855262271,0.00044398428128100253,0
572121,1219,526.7931273310265,546.022474347617,0,0,0.0005656822498353512,0.0006394194636670987,0
572621,1220,528.6920632698584,547.602013420391,0,0,0.0002267531775133128,0.0003644685049572134,0
573121,1221,516.0187587576698,535.3656438591127,0,0,0.00037598772090495334,0.00018427090396230092,0
573621,1222,527.8760377576402,547.5916156260514,0,0,0.00025701263091343747,0.0005963937658467573,0
574121,1223,481.5626573981629,535.0970170746965,0,0,0.0003158969360619845,0.0005563994337072887,0
574621,1224,529.1470542948773,538.1811151454497,0,0,0.0004294237930480525,0.0006926815681821399,0
575121,1225,533.0007790870523,550.2231812923907,0,0,0.0005940122031285215,0.0008856235147744505,0
575621,1226,532.3645031028495,549.2155365389347,0,0,0.0005736996873822406,0.0006419980725885007,0
576121,1227,536.990302430018,550.288598083112,0,0,0.00027647628861968967,0.0005742124805468284,0
576621,1228,500.53465358211815,529.4139742574743,0,0,0.000697670345278534,0.0005170483602088387,0
577121,1229,527.4680200069912,557.1141704104383,0,0,0.0002481419875309523,0.0016158683052016002,0
577621,1230,523.1417041081346,535.9225316976165,0,0,0.0005022612542316369,0.0002233586301491316,0
578121,1231,501.68849132863096,538.196666955513,0,0,0.0003049807356290312,0.0001239720450919266,0
578621,1232,518.3927645016366,530.2001767915598,0,0,2.3425273050047718e-05,0.0003007443956957542,0
579121,1233,527.4324438965467,536.2963323434576,0,0,0.000430214082760285,0.0006891811578889265,0
579621,1234,532.5285419764972,541.4555054643199,0,0,0.00031532850130435336,0.0002789550941597412,0
580121,1235,522.9507178164723,529.1364499585575,0,0,0.0004903427503797633,0.00016939350114287134,0
580621,1236,517.1133795908963,513.5248373761856,0,0,0.0005192905948199598,0.0005791332009244489,0
581121,1237,510.62337089341105,544.4568590450796,0,0,0.0004163712473502703,0.0003738439464953595,0
581621,1238,525.0795802246063,530.5996002348048,0,0,0.0002997623998572356,0.00040071558813889094,0
582121,1239,540.6741986996454,538.2213639133555,0,0,0.0004388049340529023,0.00021744044018611006,0
582621,1240,506.7728570618868,533.4219304594742,0,0,0.00020190873737381846,0.00040379587617838004,0
583121,1241,543.2732799123381,544.4014755709097,0,0,0.00026874559010586416,0.00016211160458715458,0
583621,1242,530.6888098619567,544.2721153365276,0,0,5.7296822875890225e-05,0.0006709909713282032,0
584121,1243,536.9591243211041,552.2676797750104,0,0,0.00025924708850068854,0.0001929580288767838,0
584621,1244,530.8990523008263,543.3147005400169,0,0,0.00036835048144393776,0.00016496849330386418,0
585121,1245,524.8866533779798,550.8823467994456,0,0,0.0004147748231852449,0.00019231461829872688,0
585621,1246,532.8934269802279,549.6677188688116,0,0,0.0003325341499129698,0.000496414171974198,0
586121,1247,513.5199423999661,539.97472571088,0,0,0.00048475792017958,0.0005773408400226344,0
586621,1248,540.2081563529957,531.8796002227762,0,0,0.0004951768069050469,0.00019264501260427336,0
587121,1249,538.8030762716212,541.9334608582859,0,0,0.00015640680768386997,0.0003065088616841894,0
587621,1250,522.4990287917199,545.3022840234183,0,0,0.0007035347087021662,0.00040028714885440464,0
588121,1251,537.5047826270056,559.2336520996075,0,0,0.0007239041647522667,0.00035596181981354264,0
588621,1252,537.238749338358,545.1020865243619,0,0,0.00028021398789856126,0.00017238441395783755,0
589121,1253,538.2567064396098,548.2242998935144,0,0,0.0003068511730021464,0.00031335278718941205,0
589621,1254,533.8863671749546,539.202936894299,0,0,0.0009740458309458849,0.00023774380664729362,0
590121,1255,532.0997209680704,528.6336303060112,0,0,0.0004920377912561224,0.0004820974523378366,0
590621,1256,531.2924040752463,547.498933489966,0,0,0.00018745606885891322,0.0004631735488309697,0
591121,1257,477.9367939065492,498.37929937302016,0,0,0.0002295855806804962,0.00016632266932406492,0
591621,1258,515.0644875078267,544.0898113377397,0,0,0.0002165243628891965,0.00018365257464032471,0
592121,1259,528.5379681460736,549.7251190030446,0,0,0.0004408209605163118,0.0003326379517301938,0
592621,1260,533.4068837775894,539.0067198399191,0,0,0.0003468585518492316,0.00022155731090580627,0
593121,1261,542.8276691241196,543.174917320358,0,0,0.00034219826441112656,0.00042560312802115296,0
593621,1262,527.6739974856885,543.3675701236356,0,0,0.0006219137080425725,0.0002957632204026213,0
594121,1263,542.6155746559375,549.8313503733777,0,0,0.0006459946006839429,0.00021480903572780876,0
594621,1264,534.014170827226,559.7285565641421,0,0,0.00019494318494209505,0.00014823785560233823,0
595121,1265,536.1669818526195,542.0450676144623,0,0,0.0006162395923614797,0.0004317867458320025,0
595621,1266,540.3167768823249,539.2397257658914,0,0,0.0005187219347832435,0.0003937101653057016,0
596121,1267,543.8566507458321,545.336106368424,0,0,0.00022589535629166397,0.0006566854919198032,0
596621,1268,536.1603363126792,544.0852713429655,0,0,0.00024892180002644823,0.0010555856285588147,0
597121,1269,529.082378339004,544.0537575241408,0,0,0.0007085325132676543,0.001059511604854151,0
597621,1270,545.699205948699,531.441472055664,0,0,0.0008953994452303528,0.0005397754471421459,0
598121,1271,524.2126410365466,525.3883792414197,0,0,0.00039900916836888207,0.0001782875038650412,0
598621,1272,549.2228532758106,544.9491082591964,0,0,0.00042562612591892017,0.00024111289742078773,0
599121,1273,528.7715180518996,533.5840731702601,0,0,0.000344055443162829,0.00047468080355607466,0
599621,1274,536.7721582505027,530.1378169452411,0,0,0.0004448187744090542,0.00033225427991385407,0
600121,1275,525.305562439108,533.3874548651063,0,0,0.0006062516442304636,0.0003764821581555501,0
600621,1276,518.7680314661964,517.7978724226246,0,0,0.0006513380821844746,0.00042742376277601067,0
601121,1277,525.1892006009828,541.9001502306924,0,0,0.0005071373234202465,0.00012680414664721222,0
601621,1278,537.625428242251,526.2070619802676,0,0,0.00100658422273943,0.00034257621301078884,0
602121,1279,531.0207050757414,526.5468708284405,0,0,0.0005168260556729311,0.0004236548604941377,0
602621,1280,542.2866087211191,522.4508068371065,0,0,0.0005303052701144159,0.00036332108047469716,0
603121,1281,524.6800600352877,536.2236237183688,0,0,0.0005287454756776034,0.0002417478374912804,0
603621,1282,545.8037407882197,544.3324415800083,0,0,0.00019865586068044301,8.969207002976237e-05,0
604121,1283,536.1431941966844,546.6741461082462,0,0,0.0004985941366705656,0.0005069965773883664,0
604621,1284,524.1171767308616,542.9509929720028,0,0,0.0003436456232313322,0.00038561315153569695,0
605121,1285,524.2732067126689,548.6770759312408,0,0,0.0003527096237916131,0.00026347317476114947,0
605621,1286,528.8195752677135,545.8514447530924,0,0,0.00020381763051770705,0.0007634709684037931,0
606121,1287,521.7764845120593,541.80081493454,0,0,0.000712256551164306,0.00035446835387283504,0
606621,1288,540.62522783318,550.5855075439155,0,0,0.0005134969971086345,0.0007280132641423307,0
607121,1289,513.6633757148762,529.8575466469367,0,0,0.000874126963258036,0.0002196772027334373,0
607621,1290,539.8926549218542,550.7141157171562,0,0,0.0005261542413302436,0.0002394988383264133,0
608121,1291,533.7663011060971,542.1436105159862,0,0,0.00027578808162820545,0.0005481179374175629,0
608621,1292,528.8084745814166,554.8009628348702,0,0,0.0005420100887599049,0.0003086570290144529,0
609121,1293,488.20028752303716,535.3674424591259,0,0,0.000670453499878763,0.0006688181349725649,0
609621,1294,517.8309021160771,538.2106298668004,0,0,0.00032321980480828026,0.0005110873960561127,0
610121,1295,496.65026112300694,528.0923638699992,0,0,0.0006595042362399792,0.0003443226880874732,0
610621,1296,540.4238254182223,526.1307163713107,0,0,0.00036003825476478205,0.00015735982088589627,0
611121,1297,524.6732806178437,544.4701092740285,0,0,0.0003601449951735868,0.0004948565632222205,0
611621,1298,532.1645646089544,556.8818109057656,0,0,0.0005407661947634009,0.00033754218811245853,0
612121,1299,533.8230148924163,526.2181062007486,0,0,0.0011437355272479182,0.0005431643839899079,0
612621,1300,530.7248515799163,536.4375673121907,0,0,0.001003346139985341,0.0010877702539653865,0
613121,1301,529.5543075730319,544.7102684222583,0,0,0.0005047423738807543,0.0005153216112924664,0
613621,1302,529.6104897611555,530.3326183800177,0,0,0.0006373612339058967,0.000393266724162874,0
614121,1303,542.5965826499269,529.3997243639348,0,0,0.000519558444808147,0.0001970975516526122,0
614621,1304,518.4634350165783,537.7896644236927,0,0,0.0004218420872949769,0.0005413716633600433,0
615121,1305,539.2781136122071,543.4854189580572,0,0,0.000525313144755977,0.00032871246944623383,0
615621,1306,532.0086110392516,551.9835432431572,0,0,0.0006254078030842953,0.0002979261590249918,0
616121,1307,525.1597726742527,543.4481054915994,0,0,0.0006406066963476563,3.079157381744222e-05,0
616621,1308,531.2007543977002,538.500491273282,0,0,0.0008974079430788333,0.00013540073749765668,0
617121,1309,545.8215548203227,551.1786708796354,0,0,0.00047769132971950455,0.000323059435199815,0
617621,1310,542.3786835999812,532.2858001494886,0,0,0.0009730759948180979,0.0008075781224653226,0
617757,1311,156.40904935698168,107.0985393954397,0,1,0.0024378730287214863,0.00223598088221441,1
618257,1312,548.7378213931867,561.3762670681233,0,0,0.0005678295658808312,0.0006503761922567122,0
618757,1313,538.7689996352849,550.3552726497413,0,0,0.001146498277182948,0.0005424131580442194,0
619257,1314,534.2349363788084,556.7777366404894,0,0,0.00043036092573120656,0.00017473069807165495,0
619757,1315,516.1041409917295,540.897732782344,0,0,0.0004186966984344931,0.00016732343272297576,0
620257,1316,544.5496853619082,526.9211870556784,0,0,0.001169112746929106,0.00021155459659512248,0
620757,1317,533.1248576569891,535.038750573556,0,0,0.0004220679136107893,0.00021635015120126378,0
621257,1318,549.5554393996995,546.6338943556055,0,0,0.0007510100481212822,0.0007911062823166173,0
621757,1319,545.9421182280593,534.6030202139564,0,0,0.0004888551589919167,0.000310077983707199,0
622257,1320,537.9863237223058,547.8953981739837,0,0,0.00030843257307825806,0.0005320758475732801,0
622757,1321,535.0186132055948,552.5950182646603,0,0,0.000639764412192703,0.0006203263532801164,0
623257,1322,522.574105508613,541.2947541857945,0,0,0.0005594954164580417,0.00035755977725426255,0
623757,1323,543.3154523736564,533.3861264420706,0,0,0.00037257643063191127,0.00041488572168152117,0
624257,1324,529.7845203104828,486.8354484717519,0,0,0.00035174352780433134,0.0003577278676232649,0
624757,1325,554.7044553405715,559.7164714048063,0,0,0.0006145963395602472,0.00016204424352938627,0
625257,1326,544.1406387658261,542.819839767963,0,0,0.00017372153593799694,0.0004756810060214402,0
625757,1327,526.2959368058858,544.3063470197468,0,0,0.0008996186296703655,0.000716178494470718,0
626257,1328,545.4010992855686,560.7412039213536,0,0,0.00028745798797585284,0.00033140540542214887,0
626757,1329,540.6042395467897,538.8282195425138,0,0,0.0009481021337169452,0.00040644858512272264,0
627257,1330,534.41352663432,545.5472528103777,0,0,0.0005695129980554286,0.0007919366814210741,0
627757,1331,528.2792420392271,539.4416613356871,0,0,0.0004899570004549196,8.585536518037916e-05,0
628257,1332,528.5835763440026,534.7282107376326,0,0,0.0005441685535934466,0.0005135128658588763,0
628757,1333,534.0995945996572,531.9377648834,0,0,0.0005451056933673056,0.0006833651130979539,0
629257,1334,538.0362197868924,551.1883335264572,0,0,0.00046454061127068977,0.00043387217637525335,0
629757,1335,547.884177749888,541.1474847163915,0,0,0.0008427283919345794,0.0005651745640401526,0
630257,1336,530.8738005236562,550.1689480745337,0,0,0.0005807517828981757,0.0003105785438378345,0
630757,1337,514.6093723742911,541.9478188856177,0,0,0.000531414179356925,0.0003487993172758581,0
631257,1338,537.36940087757,547.86818643539,0,0,0.00018828531970691166,0.0005268308574936257,0
631757,1339,527.8343382106527,535.4902449490947,0,0,0.0009550516591826467,0.0006431479480871169,0
632257,1340,543.8235509002996,528.6762992299846,0,0,0.0005812702387685877,0.0005917305773084185,0
632757,1341,539.3928230137253,548.4568720404569,0,0,0.001014725554011902,0.0003792579421351684,0
633257,1342,523.8590210753146,553.1157170813112,0,0,0.0007020136526054924,0.0005449935137450721,0
633757,1343,527.526666590377,553.367289055438,0,0,0.0004181652100752338,0.0003499857043055859,0
634257,1344,537.4258205751638,554.4108133467118,0,0,0.0007353442210604283,0.00024494656358279687,0
634757,1345,528.2324666362307,554.1951954648457,0,0,0.0005430000624784159,0.0004666949393424688,0
635257,1346,525.0882613417677,548.5435563095286,0,0,0.0006003789021075867,0.0005191103894762635,0
635757,1347,521.9721418977808,544.5780216727358,0,0,0.0005882905648013908,0.0007356007409799236,0
636257,1348,542.7309095989932,557.0152588288765,0,0,0.0006167491315137483,0.00032132748300415425,0
636757,1349,549.1069154437224,548.3497485625427,0,0,0.0007950429585051681,0.0003008806613095632,0
637257,1350,547.1322210044075,539.3089029162339,0,0,0.0005202101167796884,0.0003528121774256538,0
637757,1351,544.0824770546383,541.599638215263,0,0,0.0002889183712290043,0.0005436757381809635,0
638257,1352,534.7078609523577,530.8583960652437,0,0,0.0007330338294068576,0.0011013560947787716,0
638757,1353,546.7642823554421,548.8011885944744,0,0,0.0009419354898208282,0.0004183781656564079,0
639257,1354,539.5436989215336,531.0467464867532,0,0,0.0005776963585522979,0.0005257557316864898,0
639757,1355,532.7772798822848,524.2188336902938,0,0,0.00042981159103912497,0.00020896891839824243,0
640257,1356,530.005973819388,547.7229607050654,0,0,0.0004454200485605739,0.000282459454589315,0
640757,1357,488.88300615858634,527.7494998706542,0,0,0.0005876221624406388,0.0014480877529240693,0
641257,1358,534.2081110826288,547.567433257157,0,0,0.0007171145863059615,0.0002811741988108293,0
641757,1359,543.502557055722,545.0213621982459,0,0,0.0003041865714467877,0.0006374187175829188,0
642257,1360,538.4440911289137,540.6163231636582,0,0,0.0009477901838496379,0.0001785451300955007,0
642757,1361,540.3284395551752,544.0123370766078,0,0,0.0009864864409402602,0.0003171239436262054,0
643257,1362,540.2207985286764,557.6436907770336,0,0,0.0005433081389660089,0.00034829005525876096,0
643757,1363,556.1739996952457,544.7956231077112,0,0,0.0008876847082753732,0.0003779317171778411,0
644257,1364,535.2937237463452,532.0210842744159,0,0,4.501815665213038e-05,0.00042315057663789614,0
644757,1365,489.30712103541094,499.3752320267174,0,0,0.000937318916631795,0.0011798567771592328,0
645257,1366,535.4551896805723,500.77425939886666,0,0,0.0006569495943588348,0.0006866681536252603,0
645757,1367,534.0754377836934,530.793757857079,0,0,0.0009198524505763593,0.00050416849017899,0
646257,1368,540.4547898064138,533.629748041731,0,0,0.0011756254571522922,0.0006987144396037357,0
646757,1369,540.5476363395351,542.3806100812926,0,0,0.00087565397840399,0.000538774028260785,0
647257,1370,548.7380294595503,554.8646419273654,0,0,0.0005745643408797932,0.0006195952995116512,0
647757,1371,532.0735606545323,551.2217569269554,0,0,0.0005324972051031658,0.00040588848383939496,0
648257,1372,528.5810847721585,528.2729281807667,0,0,0.0007808243388878749,0.0004262952921647052,0
648757,1373,530.1751499650547,532.9282508435157,0,0,0.0007454549587715063,0.0006219171093833983,0
649257,1374,522.8014478252163,533.9658586936612,0,0,0.0008994384618874507,0.0004358803795384773,0
649757,1375,544.2901454288451,539.8721632964468,0,0,0.0007714495818277566,0.000553053853381332,0
650257,1376,538.5957914521827,538.7167187873154,0,0,0.0010574031001308218,0.001104783377484667,0
650757,1377,475.4610463364424,551.7429566866052,0,0,0.00039902539169057804,0.0008563028928184435,0
651257,1378,540.2763896303665,535.7539808844905,0,0,0.0014800009935034973,0.0005827991260170295,0
651757,1379,527.6857704545508,545.4888671367567,0,0,0.0004646575965334785,0.0002636283388650132,0
652257,1380,511.8671199312071,543.1116924970152,0,0,0.0007714794250454936,0.0005368906792737108,0
652757,1381,559.4982595558387,544.7282665376079,0,0,0.0007136395546151262,0.0006819275201779378,0
653257,1382,540.3407686934457,556.6889011563593,0,0,0.0005660316725782644,0.00043191453109369055,0
653757,1383,562.3767759660967,553.3505100260605,0,0,0.0007994475749836963,0.0002511719383983491,0
654257,1384,540.6482767755259,545.438312436215,0,0,0.0007175313296597517,0.0006828142806206465,0
654757,1385,548.627831079363,539.5431134824062,0,0,0.0012996611105264954,0.00043829060864775604,0
655257,1386,535.0055396607247,535.1946527105841,0,0,0.0007124151244174837,0.00021147466942772846,0
655757,1387,542.2865694422015,545.1356712488459,0,0,0.0010854087358520708,0.0008178508324877775,0
656257,1388,531.9258462227676,533.7628750520892,0,0,0.0008098700159850675,0.0005203347081062866,0
656757,1389,547.0264298150184,533.0140523659048,0,0,0.0007302865773508402,0.00041922146084230627,0
657257,1390,546.4738361165206,503.01162250344896,0,0,0.0006110261230153186,0.0004993847026766115,0
657757,1391,552.1833989007639,545.0714392257669,0,0,0.0006600459569873442,0.00016293748602294454,0
658257,1392,551.3473806571822,551.0436794687046,0,0,0.0003244362596171013,0.0003754681639521879,0
658757,1393,523.399792672336,544.786350921152,0,0,0.00031623745649514174,0.0004042627462808282,0
659257,1394,547.3039202493751,537.9243698461529,0,0,0.0007032953633660415,0.0003295557724423708,0
659757,1395,546.1861490871261,506.60427098218764,0,0,0.0006382516794963459,0.0002364825413040765,0
660257,1396,553.3093114359107,538.839138281788,0,0,0.0004757794490543498,0.0005645235251282481,0
660757,1397,530.2244239501888,542.1003186642794,0,0,0.00045054547029056024,0.0002433405867210854,0
661257,1398,552.4854686522211,531.4810684494854,0,0,0.0007063791084356496,4.522426111483772e-06,0
661757,1399,554.0375894783626,545.890362771892,0,0,0.0006718140637874485,0.00023857255544341933,0
662257,1400,525.2193394469548,529.1807899628178,0,0,0.0008335450854529472,0.0002835863578137386,0
662757,1401,524.0622317995393,522.1975329581469,0,0,0.00039345600576064964,0.0003588924991775929,0
663257,1402,545.0561705430617,538.9657545036616,0,0,0.0003405547322294059,7.505871114109527e-05,0
663757,1403,530.6027790598258,548.6748020235868,0,0,0.0006578946721037856,0.0004331366261041611,0
664257,1404,538.9562497725128,545.3240722276406,0,0,0.0004936992839687924,0.0004405190357928871,0
664757,1405,545.7337466134115,543.9606220405035,0,0,0.0008961474474905928,0.0004137576295431955,0
665257,1406,530.8198748801284,537.7881819382333,0,0,0.000702844354793571,0.00020183306795318432,0
665757,1407,551.8789839753111,535.4566212264967,0,0,0.00020828653528976525,0.0003391716537789704,0
666257,1408,539.4136052952502,532.1570279022213,0,0,0.0008195858282506293,0.0005768765836191718,0
666757,1409,548.7538550387147,507.5130002197244,0,0,0.001047573393002984,0.0005237694454018757,0
667257,1410,543.2737061249856,547.7709515505088,0,0,0.0009544821167813932,0.00039317336752211807,0
667757,1411,554.2253269025224,549.7476204320415,0,0,0.0006341923522464843,0.0005439237816089088,0
668257,1412,542.4874864490586,546.4110407404905,0,0,0.00042383355384291346,0.0006779811338913693,0
668757,1413,520.3013279271406,522.1517764541549,0,0,0.0006665288168401337,0.0006039457865683282,0
669257,1414,528.1198027760662,524.0208863781744,0,0,0.0012034184325399218,0.0005290565399435051,0
669757,1415,552.4916994718982,539.0620132104644,0,0,0.0006935530035916808,0.0010249308433322906,0
670257,1416,550.9839360909543,526.6089164916518,0,0,0.0005339934860402178,0.0011423038174011907,0
670757,1417,549.671439899435,529.6512156780866,0,0,0.00038207816012050285,0.00027206749980241324,0
671257,1418,545.0143371212936,533.1837422463971,0,0,0.0006723692109231257,0.0005739177695810045,0
671757,1419,552.981961882355,534.1324321847429,0,0,0.0011353388632396873,0.000458029974714068,0
672257,1420,556.2789874276133,546.4069108267712,0,0,0.0005086228018766894,0.0006754284449843595,0
672757,1421,481.4691691570204,455.669099219697,0,0,0.0007042596972222084,0.0002739560831702231,0
673257,1422,547.4596057849574,524.7923116408668,0,0,0.0006013018330435009,0.0003661098259723234,0
673757,1423,506.70142175387787,512.2573580358201,0,0,0.0007679763858018438,0.0003624793656372546,0
674257,1424,532.9883205699862,515.5331148903202,0,0,0.0006148197900076301,0.000764348521686785,0
674757,1425,533.5830055620692,549.4580729553624,0,0,0.00031532398037222356,0.00042739285809817,0
675257,1426,551.4014807050781,527.0078370439323,0,0,0.0007389211268816286,0.00032310365173166,0
675757,1427,522.8230926831147,525.078032445275,0,0,0.0004984963206476097,0.00048732849707662035,0
676257,1428,538.6683723705507,524.2719115273868,0,0,0.0010948203839687347,0.00014995309696617845,0
676757,1429,545.9027628698693,519.6488659470435,0,0,0.0008054065581196657,7.680301855728343e-05,0
677257,1430,541.5895479464995,549.7424791843246,0,0,0.0007531296782807971,0.00022942275772988008,0
677757,1431,539.6960904254776,552.9660719450295,0,0,0.0008638601349937334,0.00018404425871521184,0
678257,1432,536.8812107465207,551.4261052542245,0,0,0.0004953091630248057,0.0003730594833588509,0
678757,1433,531.2999090753526,542.0277167244961,0,0,0.000690552410273949,0.0004057623032563482,0
679257,1434,531.0412134270475,550.4093872144895,0,0,0.0005142706227307318,0.0004937606760388892,0
679757,1435,542.7084022789514,526.6190347908185,0,0,0.0005778597276729667,0.00010181041305463836,0
680257,1436,544.8164357626966,542.1448211143866,0,0,0.000812046269025558,0.0005796604231510299,0
680757,1437,546.9302623791804,551.6156683453435,0,0,0.0007264759750375407,0.00025188742093588994,0
681257,1438,540.1787043486906,538.1707101039915,0,0,0.0007626061384937609,5.1348248376135174e-05,0
681757,1439,556.5999214801549,547.8682451896327,0,0,0.0004986216348439271,0.0004081097070138498,0
682257,1440,529.8022792027375,492.6810804073404,0,0,0.000987938618558505,0.003931276948890313,0
682757,1441,549.9722651863641,533.2233192361573,0,0,0.00046218253252988044,0.00059554276382111,0
683257,1442,545.5198097177534,534.5178026095498,0,0,0.000397398924355749,0.0006920874733752065,0
683757,1443,500.41311997828035,535.0234828383245,0,0,0.0004097746667173054,0.00029454495240540914,0
684257,1444,525.2728993769683,556.4183111050444,0,0,0.0007808544091253314,0.0005463995200833171,0
684757,1445,553.9493530422761,540.6392145492832,0,0,0.0004016299125938165,0.0007611596493036879,0
685257,1446,550.0471954152713,537.5046267924731,0,0,0.0010172833534051596,0.0008529250113369734,0
685757,1447,524.2047771161408,513.3533336205026,0,0,0.0005758206746844297,0.0006199479598908346,0
686257,1448,530.5514184204933,536.0533563066058,0,0,0.0005251650015839362,0.000820907273483427,0
686757,1449,534.2253962486943,542.7418373373243,0,0,0.0007412555473826052,0.0010448821395121646,0
687257,1450,549.2595345629277,501.48221404128265,0,0,0.0005382050081365766,0.0014929868562310051,0
687757,1451,538.4163621355605,546.4502009686175,0,0,0.000271020010336187,0.0008435566291350034,0
688257,1452,523.4768883663504,534.0059821541126,0,0,0.0006221573259238734,0.00021518061733239246,0
688757,1453,538.3749085489137,523.8369330491795,0,0,0.0009170951454039001,0.0005294070037149544,0
689257,1454,534.9447109829357,518.9557409263458,0,0,0.0011011862140838892,0.0003746119617197172,0
689757,1455,555.5817789618519,534.2074225484309,0,0,0.00030654716893000573,0.0006876571498669205,0
690257,1456,555.5279906115427,507.6403421165884,0,0,0.001012184354516991,0.0011874770786416747,0
690757,1457,518.1304538012743,493.58920838244563,0,0,0.00012848763441356998,0.0010720070210285136,0
691257,1458,552.2531388634922,532.8612401937155,0,0,0.0005470778448504435,0.0007889820175311835,0
691757,1459,556.9421461300423,532.0773006330318,0,0,0.000693511520231702,0.0005225973022030753,0
692257,1460,564.3373991997773,529.0268632109337,0,0,0.0006219602415967753,0.0005520763290579778,0
692757,1461,529.2332682363542,537.1804381756441,0,0,0.0006308122560144005,0.00022259304104361102,0
693257,1462,543.551728485426,531.4630952736459,0,0,0.0005732499350459736,0.0004488924871891644,0
693757,1463,523.9847643544258,504.74265271174335,0,0,0.0003937196635225151,0.000439878579033002,0
694257,1464,557.1804726436571,524.5052386835525,0,0,0.000552742108361973,0.0011398278322038834,0
694757,1465,534.7080781571195,528.0098875367253,0,0,0.0006568699376939315,0.0004886198359109906,0
695257,1466,549.1028796660653,540.4884442294913,0,0,0.00036703796546871226,0.0006030439012265394,0
695757,1467,546.8895312674027,540.6990544049041,0,0,0.0004986069117922157,0.00043239356265161637,0
696257,1468,544.2797485929821,543.0572520715399,0,0,0.0004429062109098332,0.00037671854450193064,0
696757,1469,530.416239015029,557.7949457663028,0,0,0.0003989525412776527,0.00013423089160113924,0
697257,1470,555.9983155457966,480.92135644303306,0,0,0.0003398177402177004,0.0006487017078548983,0
697757,1471,537.6660608469567,547.5924433596847,0,0,0.00047645558628239094,0.0006147423288450115,0
698257,1472,530.0926901298328,536.4751144368415,0,0,0.0005285109156751512,0.0006125515750205766,0
698757,1473,520.6989851474826,525.2140322191046,0,0,0.0004936256568867834,0.0005421017010575136,0
699257,1474,527.2437556485029,544.602378103145,0,0,0.0006175010772109861,0.0009895040658050803,0
699757,1475,544.8989747149398,547.6210169254248,0,0,0.0005653655619958818,0.000889426476667424,0
700257,1476,543.0710127458983,554.1439791246438,0,0,0.0008453741128564103,0.0008945099231367732,0
700757,1477,532.1257215750655,526.1510700188951,0,0,0.000746035502251901,0.000410996054985698,0
701257,1478,542.388625215945,551.5777540222322,0,0,0.0007887702778648394,0.0009014895590857446,0
701757,1479,540.9578332586066,539.5129655817705,0,0,0.00039335755383359996,0.0002922948953659303,0
702257,1480,530.0172719057532,542.5058706806386,0,0,0.0003081917086795963,0.00047580566849900235,0
702757,1481,531.8910628544704,522.044287053231,0,0,0.0004555746951637277,0.0007693900570673254,0
703257,1482,531.0904331065422,534.0116854967785,0,0,0.0005723114810919206,0.0005383659881127586,0
703757,1483,490.5345440983351,520.4208098566723,0,0,0.0006932755691610147,0.0006466412534489822,0
704257,1484,545.7240122522486,521.1502547310944,0,0,0.0003993087162804341,0.00027435073348326715,0
704757,1485,540.7567115971215,554.5404294289408,0,0,0.000522939038540416,0.00027312584679695784,0
705257,1486,543.0958696250219,537.173561006997,0,0,0.0007210175252433395,0.0002650409254176569,0
705757,1487,552.1503760988885,531.5650556894886,0,0,0.00017216886851536127,0.00034256625474923043,0
706257,1488,522.2732397596066,535.8579041919864,0,0,0.0004133687275954713,0.0002874794175013458,0
706757,1489,545.5058131652092,555.5668195000192,0,0,0.0005124361449867389,0.00033560985226474544,0
707257,1490,524.5855535629365,535.1346704170888,0,0,0.0005453401126292725,0.0005705537348730297,0
707757,1491,516.6157463269295,532.5498969689237,0,0,0.0004325081640419056,0.0013506487933996959,0
708257,1492,532.522680495322,537.0349188105753,0,0,0.00047396693472482465,0.0009667118958507157,0
708757,1493,525.2998002949047,533.0326584949229,0,0,0.000484254806099491,0.0008223275887179132,0
709257,1494,525.4312703956456,519.0901989002043,0,0,0.0007647544383898797,0.0005500904442698929,0
709757,1495,542.0825504321343,532.5446968670852,0,0,0.0011512072762765912,0.0005801249706648304,0
710257,1496,544.8009842680142,531.0485915071164,0,0,0.0006375820731069263,0.0007600401258956235,0
710757,1497,548.4498497617699,553.7905516316684,0,0,0.0001679909266155697,0.0004398405520993768,0
711257,1498,546.5486368279476,535.9800021623115,0,0,0.0004144208369429562,0.00010689630020798725,0
711757,1499,531.1224293796294,548.723085542787,0,0,0.0005976823792552958,0.0010724346233668954,0
712257,1500,551.0752114602516,545.6715049358776,0,0,0.0006339828786944741,0.0006063914588383857,0
712757,1501,551.7991812174758,542.7843682697176,0,0,0.0009558638085128134,0.0009622549787841168,0
713257,1502,559.0578169441972,540.8704644438902,0,0,0.001100691806511248,0.00019308464776249362,0
713757,1503,551.4493237377808,539.4870976996369,0,0,0.00028258805588490956,0.00018823891441485245,0
714257,1504,548.2941385041112,543.9311757869151,0,0,0.0005092044708499672,0.00017139039822131717,0
714757,1505,536.2753991370935,541.4091969299549,0,0,0.0006497591497186513,0.0006783115276542481,0
715257,1506,543.7445282953355,542.9500604443084,0,0,0.0005766741749604987,0.0009394765437686932,0
715757,1507,546.6796337811926,547.9144439596879,0,0,0.0008447810845717864,0.00020477590110684274,0
716257,1508,554.0863323570268,554.0218453604447,0,0,0.0005467302846479889,0.0005915772926634168,0
716757,1509,538.4560943674122,536.1109036809057,0,0,0.0010402967116977136,0.0008748364349235427,0
717257,1510,535.6532248004564,527.4313241996348,0,0,0.0007146982847697585,0.0003192588465396621,0
717757,1511,547.7157830609847,539.2224288228225,0,0,0.0005723514824095692,0.00033929255128620185,0
718257,1512,529.2509208559214,549.2662438750293,0,0,0.0004908863971121075,0.0007462341005449564,0
718757,1513,550.0978975660354,534.7944896815533,0,0,0.0005192881387173562,0.00036615563853243765,0
719257,1514,536.7233889047125,527.9285628909053,0,0,0.0005897374473428554,0.00022719202460916226,0
719757,1515,534.6057531764485,531.7149129018513,0,0,0.0002637788325579237,0.0006706053627465253,0
720257,1516,528.9101314373703,544.4631924579475,0,0,0.0005062233340950913,0.0011535261347824725,0
720757,1517,540.5269353556571,535.3121020726559,0,0,0.0006489977773642183,0.0007226364265264741,0
721257,1518,533.1459453637847,543.6872319456646,0,0,0.0006027063709348407,0.0012105761464068926,0
721757,1519,550.0415785520253,548.2784717384769,0,0,0.0006943592575701662,0.0005265811432008763,0
722257,1520,509.2171162757766,549.7432327528459,0,0,0.0007371657377375535,0.00029028120782078926,0
722757,1521,542.1372481717951,548.9679370347878,0,0,0.00043949769936387954,0.00018425001776437627,0
723257,1522,524.473721472248,529.6629092499998,0,0,0.0006770777449090858,0.0005598992177702645,0
723757,1523,520.6544079917799,550.1338335897167,0,0,0.00044507476751389294,0.0006061595150868355,0
724257,1524,532.4712954237102,544.9433113896617,0,0,0.0006825684890528715,0.0003025031777849165,0
724757,1525,521.8308711680711,537.8962725298109,0,0,0.0009499774799681597,0.0005954440420505906,0
725257,1526,538.8823152235551,544.0032636943058,0,0,0.0008022894194622214,0.0003335008909628207,0
725757,1527,557.4639938767364,548.227455605237,0,0,0.000547110527962499,0.00042712673230054426,0
726257,1528,549.0066592655913,539.3391516178382,0,0,0.0004348111902754766,0.0002662872086325574,0
726757,1529,541.5575673934692,556.0124927077738,0,0,0.0005612719888002058,0.0002614582270545478,0
727257,1530,547.650967161085,552.6518020942051,0,0,0.0007595511975335306,0.0002990751558948664,0
727757,1531,539.4876161721979,543.287793161237,0,0,0.0009725698314558251,0.0008747169414000265,0
