step,episode,reward_r1,reward_r2,falls_r1,falls_r2,hits_r1,hits_r2,winner
500,0,354.81831693856867,362.78255632498247,0,0,0.0001936073732564289,0.00027664156283360535,0
1000,1,365.33365779003947,356.3505153919026,0,0,0.00035470306304017865,0.00026419721313535044,0
1500,2,367.69207700146217,366.4401388115207,0,0,0.0004372021167089756,0.0005229059386386932,0
2000,3,368.50034116108264,364.00637854990504,0,0,0.0002460564133488459,0.0005344738135994661,0
2500,4,361.62877796943775,364.9076089668119,0,0,0.00028684666248369415,0.0001307994075394676,0
3000,5,368.9191725518529,373.07436343807166,0,0,0.0003163789528360571,0.00025560008951848597,0
3500,6,359.05771170118015,359.47838867177865,0,0,0.0006959465281057352,0.0008028120078959128,0
4000,7,361.99210200103613,378.0695651607529,0,0,0.0002834989648563876,0.0006899898784005832,0
4127,8,68.80574702512762,112.49216744136906,1,0,0.0011237256625117877,0.0012314250793962615,2
4627,9,348.7530461583061,362.18749041324685,0,0,0.0015474581914326371,0.0008392714098794301,0
5127,10,361.93899075563735,379.114803212161,0,0,0.001134613129214655,0.0007079354397510851,0
5627,11,337.1757243808904,369.6976259807468,0,0,0.0007332974070072837,0.00025582701763927,0
6127,12,342.42482751632554,373.03064206601357,0,0,0.0005662041785820489,0.0002135939657783519,0
6291,13,146.0918264441383,93.50892654104494,0,1,0.0012436223687439909,0.001718607057674827,1
6325,14,54.544305283891106,14.503474851217906,0,1,0.001651422970083065,0.0024494611832838165,1
6825,15,353.42987303548404,359.14617641275555,0,0,0.00041763949407380696,0.0003462943510868001,0
7325,16,374.2036599166583,365.5038855389447,0,0,0.0001275843132126106,0.00017076683675160286,0
7448,17,112.9899317305373,63.01909409018141,0,1,0.0006094806813850591,0.0012145183436292216,1
7537,18,88.3759930867496,39.17851584219192,0,1,0.0005984616675130415,0.0014915162410202739,1
7718,19,151.35772338501715,111.59075709351187,0,1,0.0008386777292823604,0.00234331204540576,1
7820,20,62.00414026996846,60.53057242073816,1,1,0.0018122735054874957,0.0029202652051133916,0
7920,21,97.88824815043913,47.49869449093505,0,1,0.000949534079911135,0.0015603941495617448,1
7998,22,41.83950922353095,36.01002030712752,1,1,0.0023599814681677395,0.002646169955667909,0
8498,23,344.6738741342637,284.27624121902966,0,0,0.0005718796145567889,0.00039042727101091894,0
8998,24,350.21710295828984,315.98344184446063,0,0,0.0004424532181014522,0.00047504189910592507,0
9130,25,71.5212612862873,127.39323943091819,1,0,0.0005555601682677419,0.0005439259677712305,2
9335,26,178.20459229351115,127.12955551792126,0,1,0.0007119710455746721,0.0006427009022068226,1
9835,27,377.34026707433554,352.5118425039829,0,0,0.0003603730698232697,0.0001154881271770055,0
10335,28,367.17680166833463,349.004349401167,0,0,0.001160082934395669,0.0005535180367537064,0
10403,29,37.69496119074401,36.60099862570221,1,1,0.002459798319404645,0.004484769326999696,0
10663,30,224.0639688320191,178.3908338652006,0,1,0.001252827740008536,0.0015149877218341237,1
11163,31,374.3235772958438,346.04490688791856,0,0,0.0008031802360730976,0.000506392873300012,0
11663,32,360.7688453954974,367.0428357860901,0,0,0.0003323861867344338,0.0003812606136540906,0
12163,33,353.196926911099,360.7279540637637,0,0,0.0002745485704103118,0.0004380163869362887,0
12316,34,83.46802387737985,140.19921996358258,1,0,0.0016023003732721236,0.0010062937368797724,2
12816,35,376.51968827644356,383.20980136428517,0,0,0.0005841521896822493,0.00035115109560263287,0
13057,36,161.21715724912877,205.4547302088406,1,0,0.0012897720389746362,0.001248250765556618,2
13159,37,57.847265399301335,116.15759075304035,1,0,0.003093935988784826,0.0026571896483068786,2
13659,38,395.6786716269582,368.0021843281623,0,0,0.0006441368766142948,0.0005523656775035164,0
13708,39,25.943045674090946,67.49160629721712,1,0,0.0014446468011054367,0.00044665444074491674,2
13971,40,191.1009092305921,221.83699290545152,1,0,0.0014002732556050689,0.0007488623546714004,2
14039,41,32.369094939553435,29.70602811062819,1,1,0.00023479979886743864,0.0013187816362032088,0
14539,42,377.08977658467455,405.5098202530136,0,0,0.0006171648429580434,0.0005612140326108608,0
15039,43,374.1387672942731,384.13229645154604,0,0,0.0003324694899830534,0.00019521491660700504,0
15275,44,186.83417649694988,159.20268297524876,0,1,0.0010243282367571863,0.0015105642220376802,1
15483,45,174.29074054374368,139.08631412506307,0,1,0.00106399018930284,0.0009704427779522938,1
15983,46,366.77065357199166,372.90465016895206,0,0,0.0004362151820425981,0.0008907855205887263,0
16483,47,395.1152036955595,337.66457984530973,0,0,0.0004615766084383954,0.0003994277352216424,0
16697,48,191.293876969686,129.39126963113375,0,1,0.0020423852197357676,0.0009835378749993209,1
17070,49,323.0066280971795,255.41297389931714,0,1,0.000722179535541898,0.0004564679370250209,1
17570,50,399.4863732101018,385.2248359676716,0,0,0.0005353984436213925,0.00045561747018528997,0
17731,51,101.61444519086307,152.24262220286954,1,0,0.0026171060986903945,0.0019391811311343563,2
18231,52,377.27752105526736,348.08361522019055,0,0,0.00020875901700935149,0.00018690783305884556,0
18731,53,301.58780988432716,388.0066339854472,0,0,0.0002584675708100124,9.768066543506385e-05,0
19231,54,279.55817610289705,375.2400463117286,0,0,0.000101388419004797,0.00023301650381494688,0
19731,55,349.19387890452606,374.1845909332255,0,0,0.00029486701015662227,3.885763931090263e-05,0
20231,56,372.5847200776745,375.9569378205299,0,0,0.0001604448610368613,9.993134052591991e-05,0
20381,57,84.16993736269876,144.60046330994805,1,0,0.0008070255838131181,0.0015631220991427647,2
20881,58,340.0331820977668,395.49519056869656,0,0,0.0005676169164146577,0.0003286599349235452,0
21381,59,388.00378264768426,361.0047734588306,0,0,0.0003326384925499865,0.0008670768797222251,0
21552,60,100.3686583210025,138.00826821464494,1,0,0.0007600259929954246,0.0007232000260033853,2
22052,61,364.2159203832537,335.8149878498187,0,0,0.00030802533533004977,0.00010915028489036039,0
22552,62,386.02634355673723,364.0772331325746,0,0,0.00044488483696537476,0.00032141973162641313,0
23052,63,377.4855114966404,400.8232201905886,0,0,0.000642215245908004,0.00038538842312303126,0
23552,64,380.08359146730265,402.43284925328646,0,0,0.0003808506096421777,0.0003966573482493748,0
23625,65,83.28913864776567,38.183465316809695,0,1,0.001203352240756833,0.003732366384296623,1
23684,66,82.23758159902454,29.096923881808927,0,1,0.0017905959677616933,0.003934816041678465,1
23739,67,25.393427171235924,81.73158282551395,1,0,0.002080995981895045,0.0043356073417616554,2
24239,68,402.7514381729913,405.9818005656834,0,0,0.000790888288946506,0.0010993778717652786,0
24739,69,403.21691950644487,406.67105348113694,0,0,0.0008812631589000159,0.0007341574996160716,0
24849,70,60.67818733000262,123.35495183186144,1,0,0.0033162825811055853,0.0019907230196587983,2
25186,71,241.6991754299695,304.7112261461624,1,0,0.002234904066345408,0.001503995118890885,2
25686,72,386.3512664550798,366.8178466286923,0,0,0.0005403315129339575,0.0010861236616028292,0
26186,73,386.5967794984104,361.9698901004481,0,0,0.0007079159056809414,0.0005471631891036644,0
26686,74,388.1086205048106,353.43240709027054,0,0,0.00043795028103960716,0.00044505436249277577,0
26916,75,196.51466881317137,153.16468067822285,0,1,0.001369965456644783,0.0019672934621253893,1
27416,76,371.7416994917652,367.98297023415563,0,0,0.0010889882618456716,0.0008231047834097794,0
27436,77,4.510993689160486,47.72169882121466,1,0,0.002259708269939968,0.003105294986182452,2
27936,78,399.17800865776775,360.43902757609334,0,0,0.0005346510610651603,0.0003541812749188364,0
27954,79,0.9068401635248122,0.4899467704347913,1,1,0.00014483936423763063,0.0012609479728097758,0
28454,80,382.1342605002183,388.15623894159285,0,0,0.000408194707571002,0.0010160683647628033,0
28954,81,391.6376699007589,384.3199205876359,0,0,0.0008397992036919667,0.001146438419556404,0
29454,82,358.737038107659,411.6396453557296,0,0,0.00035319779517154176,0.0003870661260144135,0
29590,83,128.38372245567072,81.40676781472138,0,1,0.001062247452439999,0.00155156421013612,1
30090,84,388.71933095612,391.7865330913445,0,0,0.0007300744331509576,0.0006362653159536013,0
30590,85,387.2745394687709,379.28666831260006,0,0,0.0008864151881704202,0.0006749986539778739,0
30661,86,40.74611242363878,38.12604001674062,1,1,0.002283121692828891,0.0020441338595927616,0
31161,87,370.8667309193798,333.38984267137823,0,0,0.0005875661091125489,0.0009814136059710773,0
31661,88,362.97703478520066,405.24518161398674,0,0,0.0004188266358649485,0.0008300537292769032,0
31799,89,84.07158752015333,130.72822868238237,1,0,0.0013083211947665578,0.0014415422627784946,2
31871,90,90.27767048386274,38.038001549220425,0,1,0.0024435891964071175,0.0020983240187565683,1
32009,91,143.78558127574752,88.98019176982183,0,1,0.0032208703032475207,0.0022109588821176453,1
32509,92,391.8736305321598,378.7076457721446,0,0,0.001061589957565898,0.001019757133633134,0
32675,93,156.21486352890926,102.20209120649177,0,1,0.003100779292317765,0.0016230234093673997,1
33175,94,378.31904994635744,397.0652339083236,0,0,0.0009630295472034947,0.00087529604868722,0
33675,95,393.4547061962974,407.1482534014815,0,0,0.0011495060511034505,0.0012291208300638232,0
34175,96,378.0256067082559,375.7814502602751,0,0,0.00032688475550844725,0.0002404725022474911,0
34386,97,187.75680675499714,143.29928348868634,0,1,0.0018092197147504853,0.0029668735819140786,1
34476,98,105.07082025104063,53.826256205122064,0,1,0.0015009044046930657,0.0035959002612473393,1
34976,99,392.67155496778713,398.9314637887239,0,0,0.001006372103864354,0.001254394830477113,0
35018,100,20.704859868161208,15.52503936883111,1,1,0.0018496591024722842,0.0017428223738381705,0
35219,101,189.55082664528788,137.6997705659623,0,1,0.0021502414537236886,0.0023559769868584535,1
35266,102,25.7924629152321,68.03550275385955,1,0,0.002346979037563467,0.0014689911273021888,2
35389,103,126.8707220968456,76.79123437987383,0,1,0.003354240929222564,0.003740856818473395,1
35450,104,34.018378831779714,90.67750124265112,1,0,0.004924811972273406,0.007418635797415151,2
35950,105,401.1849181854794,406.92852037471386,0,0,0.0017727787536108426,0.0020830546537953004,0
36029,106,47.743490334587904,51.85604208225706,1,1,0.003129952534479681,0.005132185507843142,0
36529,107,368.6179896792326,390.72720349165536,0,0,0.0006970034321715633,0.0007359281237240349,0
37029,108,387.54392812962203,399.25399951081886,0,0,0.0007224165851523564,0.0010109776944240553,0
37529,109,382.6269550077467,394.3572686623373,0,0,0.0010011262715224705,0.0007562415706575321,0
38029,110,372.70524324152507,384.76132560865835,0,0,0.0006450216311585448,0.0004845769167642875,0
38335,111,187.48580298459564,259.39735169088107,1,0,0.0005859159102984405,0.0009051436300621648,2
38835,112,366.45003391993515,388.04123597694615,0,0,0.0004587995221491784,0.0005296310471003524,0
39335,113,381.2943232122532,396.9554570305555,0,0,0.00044054600130906196,0.0007099356272004873,0
39835,114,375.7992021995917,402.0972401178788,0,0,0.0007116003713641736,0.0009103420312963255,0
40335,115,392.3499706380884,424.1799689142606,0,0,0.0005382486214497851,0.0008971127641317628,0
40551,116,141.84629031210014,206.10257393410512,1,0,0.002296556925153055,0.002528366946478674,2
41051,117,373.17333380988487,403.7942308615061,0,0,0.0010020471769286341,0.001086590587631479,0
41551,118,391.48506552907605,412.6604167203456,0,0,0.000614949232602921,0.0008011677176213086,0
42051,119,367.45541001823506,411.3412791354448,0,0,0.00046269859865403985,0.0005911303912851158,0
42209,120,147.57530177603735,95.45679102876511,0,1,0.0017674987485105408,0.0015205815064699185,1
42709,121,380.99816617181233,395.5391407937193,0,0,0.0007512837152369599,0.0007931856235984593,0
43209,122,366.55774023595245,377.81822091297505,0,0,0.001285770373470254,0.0011009234558565619,0
43280,123,38.249731576161864,90.0841396441483,1,0,0.0026875874302611648,0.0012947790307454206,2
43339,124,26.379606063062162,80.754367551109,1,0,0.0019821310909737713,0.0009472492814543726,2
43839,125,404.7762554699836,413.495442986604,0,0,0.0014080167150815651,0.0005023938030993911,0
43994,126,159.80616480312435,104.43043878002891,0,1,0.005367981604960986,0.0033136139907840845,1
44494,127,393.2542542834893,408.13854380373573,0,0,0.0006843156034371308,0.0012023648493534106,0
44616,128,127.15833985056311,84.99508725128149,0,1,0.0027674807643223607,0.002820831971459448,1
44816,129,146.16048141492044,192.08479593396623,1,0,0.002384488882035281,0.001499585061247487,2
45316,130,388.79051009895244,405.7758334002178,0,0,0.0007525276773286293,0.0005655410945189185,0
45420,131,59.11525762940765,111.77525188599621,1,0,0.0022893785040003782,0.0019000795817884371,2
45522,132,110.24061289247031,57.64841102031413,0,1,0.0025204140679166106,0.003942293903175436,1
45619,133,53.00517793392086,101.35245908821395,1,0,0.001981332472538832,0.002696191259764766,2
45743,134,74.85865746163967,76.39987887454552,1,1,0.001430931139563525,0.002443653785825982,0
46243,135,409.2246160217946,415.5830400767742,0,0,0.0004270962789489206,0.00047882945600127955,0
46743,136,388.22515915528805,394.79617714941156,0,0,0.0006637539245151046,0.0009364447128726382,0
47243,137,386.4816156506931,402.77509837875334,0,0,0.0007266889741847016,0.0009726438111938333,0
47743,138,409.56724524654555,408.53908208057027,0,0,0.0010082086506896918,0.0008113820061807146,0
47891,139,94.2017617967989,141.91142989929486,1,0,0.0020636452630240732,0.0015648167072916197,2
48391,140,405.41488284425566,416.37894178846426,0,0,0.0006779855532076417,0.0008007436186952783,0
48640,141,247.80263926981903,181.2760058002964,0,1,0.0033552453061340007,0.002241313500019078,1
49140,142,411.7089497050398,390.5210895656041,0,0,0.0005246488297091709,0.0005844101426316664,0
49640,143,381.81251792939054,415.98776497825463,0,0,0.0011979452779915414,0.0004502021525478893,0
50140,144,409.2328530098278,431.50083720821357,0,0,0.001032596308884176,0.0006889382880765307,0
50640,145,416.02091614023277,424.3635217948629,0,0,0.0011151863998117766,0.0014199319338825368,0
51140,146,428.7206574794018,431.6314085502937,0,0,0.00045677732063506885,0.0003901202452943346,0
51640,147,392.092744272805,419.3424512467096,0,0,0.00023851778650820865,0.00019837075002849711,0
52140,148,424.7206246863227,432.6030763370977,0,0,0.0006580029380991408,0.0007703218823443883,0
52640,149,399.8085323264824,402.6186272244301,0,0,0.0006501339817524604,0.0008768046643665004,0
52840,150,190.59591808233125,142.27761219353988,0,1,0.0007053067582669031,0.0020927220133158827,1
53340,151,395.1961628260123,427.2178191097563,0,0,0.0010983467637793753,0.0007433953887588992,0
53840,152,402.72203209167986,409.52861989119384,0,0,0.000519413774572566,0.0004338793745371893,0
54340,153,404.1752589727403,411.75703754413905,0,0,0.0006137916066558521,0.0017264180284967227,0
54479,154,93.24862375166899,142.5192641023513,1,0,0.00286270141795985,0.003416534087977229,2
54691,155,153.0946067017872,196.54568787969822,1,0,0.001224966851534766,0.0017505910711535565,2
55191,156,411.07857069684593,394.579640460255,0,0,0.0006797395390933493,0.0011278546561462497,0
55691,157,417.67287573787706,430.0244783527434,0,0,0.0009473169814099142,0.0010910153740829277,0
56191,158,419.7892829041674,424.40851343903523,0,0,0.001630707993274145,0.000867811101918548,0
56343,159,103.66008705249844,159.0957020047128,1,0,0.0014084700902448127,0.0017521500591231778,2
56383,160,15.488039823332159,16.94751756983532,1,1,0.0003124631974357561,0.00595091585244047,0
56413,161,6.072293502509641,61.15563167674104,1,0,0.0022890375580200497,0.0030030451957600525,2
56913,162,376.7984371801165,398.1767860044008,0,0,0.0006979463430623761,0.0004827135719894391,0
57197,163,248.41782010909972,202.60958434052642,0,1,0.0027323388996917117,0.0016780822280148089,1
57446,164,212.72667344493783,179.61415542312915,0,1,0.0010875033968192102,0.001005657435220616,1
57946,165,395.7319949156277,399.96701308225784,0,0,0.001136568181492288,0.0011139614158733107,0
58058,166,122.99089785802747,70.91511536579182,0,1,0.006058108785768532,0.005175891072542336,1
58113,167,73.46577212211216,30.91210833611787,0,1,0.003151604784501643,0.00826919798674964,1
58613,168,424.88185719266045,402.86977160513055,0,0,0.0004561422805624188,0.00030456442037144095,0
59113,169,398.60321870758173,418.4431102248318,0,0,0.0006477691377943526,0.0011883152080415956,0
59361,170,226.95431082793928,175.98653194245563,0,1,0.001365054685157441,0.0011454679244958927,1
59861,171,423.2067284220242,420.5770848085568,0,0,0.0012182936405935247,0.0011628399924010979,0
60361,172,415.2499891294247,401.1601460066417,0,0,0.0004236324301170838,0.0007323948460152687,0
60861,173,404.8634112057228,417.6861224664075,0,0,0.0009417257523267289,0.0008245744497082202,0
61046,174,124.61843737444312,184.01024555454623,1,0,0.0013582554497861517,0.0012782159108626265,2
61546,175,345.6432127744376,395.3715433623143,0,0,0.0069100649628733605,0.0007012051006789138,0
62046,176,363.31006175078136,385.2930553399514,0,0,0.009482584046240477,0.0009964603196652023,0
62546,177,418.9205329632937,406.60837219195383,0,0,0.0004203546683666576,0.0004787377489791738,0
63046,178,406.0538225089494,433.44215585864526,0,0,0.00029991492751430156,0.0004699610871296925,0
63546,179,419.8581950680873,423.8277691892008,0,0,0.0004909925296682284,0.0006068251640803708,0
64046,180,415.26885452395493,431.2269305892259,0,0,0.00026686496160507726,0.0003552023111303485,0
64546,181,428.6381439882686,430.9016464602802,0,0,0.0008316648407744732,0.000710682596243044,0
64697,182,142.82712381932254,101.5630199345077,0,1,0.001411119610077988,0.0020811244820495966,1
65197,183,430.50295090424254,421.17170356133323,0,0,0.0007384234719263915,0.0007335947350011245,0
65697,184,430.3548267169157,422.4398934224285,0,0,0.0006177514315234976,0.0007662468551027536,0
65775,185,41.43043415982636,97.40708012849254,1,0,0.004960216834026196,0.0036642833862801337,2
66275,186,414.5147653984207,436.9307832062104,0,0,0.00037794597826197953,0.0005575146432090986,0
66775,187,416.7078317759873,423.6445579181943,0,0,0.000665565156779674,0.0007577943754781993,0
67275,188,424.3102228230635,406.2746138716253,0,0,0.0009510282676113715,0.000760154408507666,0
67549,189,241.12389379660664,199.1829981376576,0,1,0.0009070717951676706,0.000969251339762732,1
68049,190,423.0201530336365,416.0171987860844,0,0,0.0005267855772661238,0.0004956392278517337,0
68549,191,413.3352974213569,406.4687883630991,0,0,0.00022092442285234423,0.0004773240607692398,0
69049,192,431.6704285829164,415.6922695538202,0,0,0.00039906298255420694,0.0004065383072334813,0
69549,193,431.8719994391992,427.46447261489436,0,0,0.0007184100441012072,0.0006266125303245185,0
69766,194,212.2756448239209,160.15962058504516,0,1,0.0018494482071479954,0.0021486415624621088,1
69785,195,4.543345307170647,46.534714039002196,1,0,0.004894609091928536,0.004648818258756982,2
69944,196,109.12611164712236,165.1103840580577,1,0,0.004037195588066165,0.0029870900634548082,2
70108,197,108.96069251876953,165.51544514475196,1,0,0.0016820878252868782,0.002331253974259568,2
70608,198,435.42529126364076,446.2958940678422,0,0,0.0014686064534741175,0.0012891632963526374,0
70751,199,142.22528175380847,100.15288733544523,0,1,0.0039404988782222585,0.004039006596491189,1
70852,200,104.55630150690912,56.3062988677471,0,1,0.000855576256603696,0.0006900802756267258,1
71352,201,427.01493664677133,428.2594116091295,0,0,0.0006552693574282155,0.0010455583718991617,0
71434,202,49.506330219814885,100.2348353602932,1,0,0.00540893505645562,0.004333011934453453,2
71934,203,429.0768878022613,419.1682658322912,0,0,0.00048636961860031404,0.0006418593359812787,0
72172,204,208.71113983887946,169.90007795581334,0,1,0.0020356698965422327,0.0008190593379938909,1
72672,205,433.24049674071074,410.9906173930218,0,0,0.0009003803717017515,0.0005932365552227842,0
72940,206,219.41882774138548,186.48926413424763,0,1,0.0011072637182240395,0.001687996874260476,1
73440,207,438.4263004365784,412.0974181959345,0,0,0.00034779176171895665,0.0003836011140663173,0
73940,208,405.3415017645765,398.87584241786874,0,0,0.0005258696403592095,0.00028300968131251257,0
74440,209,434.2563498053086,424.4110349164213,0,0,0.0006314761886395063,0.00033517724734108596,0
74940,210,409.03599161913445,397.2357086386179,0,0,0.0007517154214924628,0.0005881262180687048,0
75113,211,153.8923056065035,116.58190935868588,0,1,0.0009556929472754474,0.0024887539182109194,1
75613,212,415.4404616381088,410.23748259477895,0,0,0.0006163845572540965,0.0007701310386850196,0
76113,213,425.67811331766023,414.69790346807827,0,0,0.0005481088425312773,0.0008250258138916425,0
76613,214,441.05065208452464,426.7648979085572,0,0,0.00034095439808113265,0.0004793422694291429,0
77113,215,417.57059631938216,399.3838148291514,0,0,0.0011523807747524212,0.0006168335132246948,0
77613,216,435.40290304808093,418.6227151309717,0,0,0.0007356929117314755,0.0007302531984509228,0
78113,217,426.41898616253457,416.69010238343395,0,0,0.00018723799504544378,0.0006355481250078477,0
78613,218,430.88257254248697,407.81930557115174,0,0,0.0003890696688791643,0.00027641459785715175,0
78711,219,66.99119129228879,112.07812861435843,1,0,0.003850789749505094,0.003355445435462616,2
78893,220,132.7966422093261,186.72364386550237,1,0,0.0023613458099629296,0.0015900621747139874,2
79393,221,432.2409486954448,413.2420304449871,0,0,0.0007002287830179574,0.0007327204295289247,0
79558,222,112.98709216323469,162.41196843654163,1,0,0.002486607371130909,0.0020145962406320304,2
79705,223,134.89878521963414,85.19910870195835,0,1,0.0007490360676090674,0.0012710988117421273,1
79855,224,145.812959020888,100.70530026898285,0,1,0.0015195426179957306,0.0015234669865155585,1
80355,225,404.71557238607767,402.9192646263544,0,0,0.001000618011712168,0.0009294981120421031,0
80594,226,216.80396428738595,160.39335854702966,0,1,0.002672697865648693,0.0011911933161001162,1
81094,227,418.8413607262107,426.1344975081756,0,0,0.0005205942801422303,0.0004943192560565991,0
81594,228,425.38490475454967,406.5788412240197,0,0,0.0003033737437906976,0.0006677740003427494,0
82094,229,435.11157304352383,421.0282265135823,0,0,0.0005746304168736092,0.0004597889168164075,0
82594,230,408.265876569393,380.59645440362806,0,0,0.00039371393643650393,0.000569152200905247,0
83094,231,430.73340813298915,434.21907281147264,0,0,0.0009138864191141026,0.001241182409316465,0
83594,232,411.00952358725107,393.34931285943094,0,0,0.0009880981054294004,0.0009616286591356596,0
84094,233,439.48694904688824,419.9791721467423,0,0,0.0007032826938143673,0.0007730089530030436,0
84594,234,413.0128609079565,418.55942526293836,0,0,0.0007410616395840707,0.0009914223622009015,0
84809,235,132.15393156804026,193.30340333584425,1,0,0.001921417793249396,0.0013906489719951842,2
85309,236,424.6487477085155,408.9604472626704,0,0,0.0006830858412107431,0.0009865416877186727,0
85809,237,430.8121243607456,396.52029955489456,0,0,0.0005632518844374799,0.0003373740082565247,0
86309,238,426.82367258362086,393.8051018321871,0,0,0.0007798804040705809,0.0006798454611267355,0
86809,239,416.41765328215945,432.6284870755373,0,0,0.000320511522414784,0.00014389549421892818,0
87309,240,428.1036279762406,411.7734115674088,0,0,0.0005066720608203285,0.0003907459098094875,0
87809,241,407.6082803500921,419.15329280257515,0,0,0.00026611268732436213,0.0001867791936289058,0
88309,242,434.2690108169435,432.8132063310735,0,0,0.00033110044539617553,0.00025859293126709684,0
88809,243,420.5301261678773,405.86769924006444,0,0,0.0005627992719215542,0.0005453723251498201,0
89309,244,420.5077772244485,387.5006377849035,0,0,0.0006740423138963409,0.0010605451991786646,0
89809,245,414.5535475289881,413.06565481963816,0,0,0.00020064259770617647,0.0007906245853102363,0
90111,246,241.4615377963744,289.5097404883807,1,0,0.0017351921915042313,0.0008698864680389825,2
90254,247,141.74070104790997,94.61876219269945,0,1,0.002331155152512796,0.0016807933477764009,1
90442,248,174.89218906297248,133.83276498829258,0,1,0.0021472442362836094,0.0022174135776996326,1
90942,249,431.80744391904153,413.2164621622346,0,0,0.0007519026941852787,0.0008533903009151072,0
91442,250,434.54960554097056,427.5274232892957,0,0,0.0005441274344859403,0.0005786430004277367,0
91942,251,431.42541310944944,415.1790238518096,0,0,0.0006328550844159447,0.000744906632767313,0
92442,252,435.12143102669097,430.54390438400196,0,0,0.000750840205696263,0.000832550023850034,0
92942,253,437.47307851059225,442.9927333317963,0,0,0.0004785576299831404,0.0003477566290719874,0
93442,254,441.02093310252036,438.7571720327278,0,0,0.0005387462106737728,0.0007621630181671476,0
93591,255,152.74059239637836,96.65852271916125,0,1,0.0021585840070148404,0.0018553945827216515,1
93828,256,168.7500079781837,229.6829751708555,1,0,0.002687830564327791,0.002661325320963775,2
94328,257,443.1180593369276,442.8984930368425,0,0,0.0009511476795291878,0.0007405827293678626,0
94828,258,439.5359669855903,415.2885666525521,0,0,0.0007888273031453737,0.0002888142099080722,0
94999,259,167.8142171270994,114.40130095968698,0,1,0.0013453620471318819,0.0007576626766645396,1
95499,260,421.9928141861722,425.8785718387588,0,0,0.0009791421006987164,0.0006851895974456958,0
95999,261,440.01665077108987,409.3946933554304,0,0,0.0008596251979763296,0.00042682669074511426,0
96499,262,443.97422200842857,422.2011520817336,0,0,0.0010841357002623149,0.0007008941581066653,0
96999,263,443.5757557181211,418.25433656321735,0,0,0.0007271087036886777,0.00035793236598881086,0
97499,264,420.7075628835904,442.95567988394,0,0,0.0006306194484560183,0.0008706316923514619,0
97999,265,435.5427270378542,431.12267272409804,0,0,0.0005714558960907517,0.0007132615643266566,0
98499,266,439.23632066934925,408.8992472141933,0,0,0.0005207857947568744,0.0007919531030570209,0
98999,267,436.5425746525342,414.95759544304326,0,0,0.0010013901405148114,0.00047819955966102884,0
99087,268,53.086548785593536,104.01467900168994,1,0,0.004053846874189048,0.002977964853054014,2
99587,269,445.07403143507344,428.3742677807012,0,0,0.0005437742659574131,0.0006333268126144413,0
100087,270,438.49096718455263,431.4664500847036,0,0,0.0004805862255716558,0.00034267506582412227,0
100587,271,451.9212231683842,457.9808296271633,0,0,0.0007319452635241488,0.0006019510708041243,0
101087,272,446.9340200227816,426.7707155953024,0,0,0.0007475890903784162,0.0003196350905785247,0
101587,273,432.0209422247493,420.185889260992,0,0,0.0016493040179493624,0.0008864738222600858,0
101720,274,90.078206728755,137.7039234381254,1,0,0.0023165268890496526,0.0026608838878870974,2
102220,275,445.81238290953814,438.87809934942004,0,0,0.0005060439401284549,0.00024764148803323453,0
102720,276,427.02030708016105,425.34806370269047,0,0,0.000486367191339599,0.0007420088034551623,0
103220,277,445.1904457435187,433.6919490320184,0,0,0.0007303460344121209,0.0005026358652585837,0
103720,278,426.2180657115527,420.5720441980716,0,0,0.0006884926889972246,0.00082164746948874,0
104220,279,449.42022166572355,445.1762887054065,0,0,0.0007818586673648428,0.00052011723959164,0
104720,280,438.14575837320626,415.69659993511846,0,0,0.0004374443083567058,0.0007216492382529644,0
105220,281,422.24852381830624,420.1799037774726,0,0,0.0006847968143513318,0.0008826690838210582,0
105720,282,429.2301870709008,420.90157564154646,0,0,0.000617721523422902,0.0004539327660343608,0
106220,283,444.7493426929267,426.5638688778463,0,0,0.0004760652933353146,0.0004574543987690079,0
106493,284,265.9586004069035,217.1152427422658,0,1,0.0011262854000338614,0.001449224782373991,1
106993,285,441.57045698912043,429.01394585489055,0,0,0.0007678370613825257,0.0004483749710379612,0
107493,286,437.591715331662,400.3126927767322,0,0,0.0005458731102476832,0.0006398495729742502,0
107676,287,183.0941064623456,135.62272082237587,0,1,0.0016272699705985694,0.0017430371148506715,1
108176,288,437.12783359512224,401.62711032188236,0,0,0.0005033711288187971,0.000572920770101211,0
108676,289,446.92955084327593,422.12935776790374,0,0,0.0007113008575479818,0.0005776015350852211,0
108924,290,235.66831365872054,182.6027618924826,0,1,0.002060797617974211,0.0014457693766460951,1
109012,291,104.00135546263328,48.80964860843967,0,1,0.003174250461519902,0.002339754648721597,1
109150,292,94.80043409368879,151.19962510007952,1,0,0.0026319354791502925,0.002443389183724244,2
109650,293,446.067680650901,451.3777665613135,0,0,0.0003347764441352507,0.0006391226649477106,0
110150,294,446.1188034649584,450.59783930951005,0,0,0.0006212946057205078,0.0006499092055197732,0
110650,295,439.5429402413525,439.28717772023316,0,0,0.00069536881970675,0.0003472455789592358,0
111150,296,440.593061810716,436.34873959318685,0,0,0.0007120617186282096,0.0005485035830226371,0
111650,297,434.78147199951616,434.36492365528886,0,0,0.0009332516698548367,0.0006155406716150401,0
111883,298,222.85659361874545,180.93229929825424,0,1,0.0016457451103385813,0.0008752119398750547,1
112102,299,205.70406194510772,165.17719389657125,0,1,0.0011964330324655901,0.001375939338612014,1
112316,300,210.0586482195381,157.69304035402524,0,1,0.0011958923000822891,0.0011654756166859367,1
112816,301,435.3839984773037,423.06931295739804,0,0,0.0010171524194684128,0.0007012896802893766,0
113316,302,432.3200316374005,446.6781318533626,0,0,0.0005452286133716761,0.0009148616102739717,0
113816,303,447.6553096600278,416.7105403649561,0,0,0.0005093198009251873,0.00044989802461459,0
114316,304,443.91170331822104,441.55917467388866,0,0,0.000711944145171182,0.00040950710631489567,0
114816,305,453.0082681167658,426.75922906889485,0,0,0.0010497529334447303,0.0007045168443109507,0
115104,306,234.58053834146997,284.7964448145267,1,0,0.0010714819998498587,0.001686916449744797,2
115170,307,41.95294215293273,36.350589629926056,1,1,0.004499511497061445,0.003063669809078331,0
115670,308,448.9328245032173,454.31458605193023,0,0,0.0002780064094619818,0.0004952649688249347,0
116170,309,446.6914640143542,438.2930810925451,0,0,0.0010324227811457744,0.000302846772022799,0
116670,310,430.42877220290035,414.68430094140814,0,0,0.000734033830337152,0.0003778308208649254,0
117170,311,420.0662652655262,412.1331854907202,0,0,0.0006776522976446253,0.0003652930672861408,0
117427,312,234.94608919905403,193.47194066236807,0,1,0.0017889671420053908,0.0014718898201199677,1
117927,313,449.88131489129233,438.2232732166506,0,0,0.001041163769906,0.0008351565298454547,0
118046,314,127.20868714349395,79.02234940216835,0,1,0.0024547835958363047,0.002257192593659065,1
118546,315,452.6441762898393,444.67338314658315,0,0,0.0007495925020062473,0.0008032067264107644,0
119046,316,408.8480183099387,449.6937700365381,0,0,0.0007364376170460091,0.0008416547863460604,0
119546,317,445.09501934359895,410.4944510572096,0,0,0.0004553204266212382,0.000430994978068741,0
120046,318,440.4933686144512,436.07889630538693,0,0,0.0006642240366302409,0.0005372906852791324,0
120546,319,428.9480455308212,455.2005523522802,0,0,0.001217751601566942,0.0009188480858436972,0
121046,320,424.32813301428666,429.5683195473317,0,0,0.0006593575716326672,0.000326835205998227,0
121546,321,440.7075515749544,442.90233889528247,0,0,0.0006781512282826265,0.0005051796713645926,0
122046,322,441.67612005077666,447.1791036571555,0,0,0.0010094125661358683,0.0007614520694991955,0
122546,323,443.5291811543524,441.80702584909614,0,0,0.0005127765517946056,0.000781379821621503,0
123046,324,441.7641908173176,433.4194579233136,0,0,0.0008170494854186146,0.00039269078241278073,0
123546,325,444.83049811177295,440.85452019015133,0,0,0.0009940390701589428,0.0011969887669265474,0
123660,326,75.9798900174945,82.56449428525704,1,1,0.0027809608297450234,0.0030533147852991054,0
123683,327,2.4535337204837084,3.379063682565203,1,1,0.0054340148466957925,0.00306792697575418,0
124183,328,416.28358741740396,431.6887889731304,0,0,0.0007519615626441386,0.0004303522155936512,0
124683,329,429.0910950082419,445.3567856586346,0,0,0.0009462703791079104,0.0004255594281654291,0
125183,330,431.3856711920947,436.35405383523437,0,0,0.0008290795952996536,0.0007932917114625536,0
125683,331,400.8903075417725,432.27818927768516,0,0,0.0013485873336195687,0.001150286009690838,0
125859,332,176.2385512107141,132.48086097206647,0,1,0.0018422944178673037,0.0014283367992200516,1
126359,333,434.02538159871756,432.6395751336869,0,0,0.000984335027820587,0.0008323701750379762,0
126859,334,443.59111803140775,418.88434817760987,0,0,0.0006718708293353565,0.0006230779124136339,0
127359,335,426.79234731613315,439.4776282607799,0,0,0.0013362640088820294,0.0007906332332996112,0
127859,336,461.98474658452943,449.08909543948283,0,0,0.000980369041954634,0.0003502315835743474,0
128359,337,456.6934197148259,463.9493532738418,0,0,0.0007332596033249918,0.0008818521485860364,0
128859,338,452.4281189056222,453.5091974932237,0,0,0.0007918811088830248,0.00017212555173443166,0
129359,339,460.5580241990945,450.19205664924823,0,0,0.00106555125384367,0.000880465861284114,0
129490,340,140.36641636591682,88.41777888222093,0,1,0.004031677901128951,0.002661898297642846,1
129990,341,468.55064068775505,450.1718313010092,0,0,0.0011186094898550806,0.0009050287738297262,0
130490,342,459.3716956586618,457.9324694437877,0,0,0.0005610173782748842,0.0005888753467411298,0
130990,343,452.0843551995772,448.14009379387727,0,0,0.0006341962344723716,0.000649863946534231,0
131112,344,122.11007991331934,77.49179290667827,0,1,0.001903356848589363,0.0019312019046666066,1
131301,345,142.25354863933714,202.6791356243207,1,0,0.0025006534207341257,0.001770413976741608,2
131801,346,460.51744732922174,452.9177319417124,0,0,0.0010544558794427514,0.0002481896108774806,0
132002,347,208.0763130944095,151.83018543015623,0,1,0.0032847433229273378,0.0030250489172950683,1
132083,348,50.36402701557438,102.89102942003981,1,0,0.004740165621414229,0.003302255191147795,2
132583,349,467.88453979296827,453.01976163356306,0,0,0.00035705033344398453,0.000504868957508582,0
133083,350,434.8084849905178,454.29607759226826,0,0,0.0007084039587565263,0.0005297151038233559,0
133583,351,471.8796824809106,448.08525663722696,0,0,0.0011699090896549282,0.0010464008317843934,0
134083,352,428.0395140594135,432.7629768799016,0,0,0.0005334189074839375,0.000676634085382635,0
134583,353,445.60629654654224,466.07949417804133,0,0,0.0008092373802297535,0.0012391072776374633,0
135083,354,419.09935301852215,450.32631157912573,0,0,0.0004818858096321947,0.000660209748166055,0
135313,355,226.12229383185004,180.72627428480016,0,1,0.0017525110179978014,0.002517759143265222,1
135813,356,457.4355654778457,435.3016285876661,0,0,0.00040010397506704275,0.00024394003136365492,0
135939,357,135.32673432708475,81.28246526431111,0,1,0.004083525718824827,0.002059410997592436,1
136112,358,133.3572897984222,167.04613168044875,1,0,0.002762054057523113,0.0016703667480003927,2
136612,359,461.0653796458608,438.31402219383693,0,0,0.000713286146562429,0.0005557132849303607,0
137112,360,434.3666866530276,424.5992906094903,0,0,0.000746148616221746,0.00044223180808055615,0
137612,361,433.98128746284334,444.0945145848402,0,0,0.0010612039870433214,0.0009690062669949147,0
138112,362,451.20323950484624,455.20952309999353,0,0,0.0009113636038526763,0.0005179976987296563,0
138612,363,447.67040455695394,457.6498156475263,0,0,0.0004293154357971039,0.00044992992085652223,0
139112,364,458.6660908468294,435.6673784971816,0,0,0.0008935811930217554,0.00041944303130330297,0
139612,365,460.2854735971963,459.14504365491416,0,0,0.0007830071337146611,0.0007084166139153266,0
140112,366,458.2082532185863,445.3748332856892,0,0,0.0016059950787836248,0.0017812049678098201,0
140612,367,438.7989061426218,455.5049309054771,0,0,0.0008855518920286564,0.0007547766861753624,0
141112,368,444.70481879042313,465.97989695143343,0,0,0.000890940377955066,0.000976707667688707,0
141395,369,237.06730770511373,288.26189578684676,1,0,0.0023893936412793166,0.001959624717288516,2
141895,370,446.04408945285815,443.17170430266333,0,0,0.0007536387553685782,0.0009043350287288042,0
142022,371,86.00075224531943,140.03178176648314,1,0,0.002347673610596884,0.0019626907866092526,2
142522,372,440.0237583556129,431.572760379312,0,0,0.0006484888346395266,0.0006242380983993933,0
143022,373,447.49258030515864,447.40392630313136,0,0,0.0009063109196520877,0.0007966739864404558,0
143208,374,186.49816656679127,135.37364613847313,0,1,0.002187145945536343,0.002223932766458884,1
143708,375,471.79849794599784,453.2677480856939,0,0,0.0005392423383353785,0.0005125638379732618,0
143873,376,118.29277090147384,177.59508382891204,1,0,0.0025677867474989085,0.0019452825709513446,2
144001,377,138.0343854341483,86.55664419474942,0,1,0.0024144389355486586,0.0008037726669220259,1
144176,378,176.0241593314629,130.70053650916248,0,1,0.0018243257037797572,0.002863606019117689,1
144676,379,462.42840701350644,445.2646638087071,0,0,0.0006453497505381933,0.000901041689445334,0
145176,380,450.0607449131767,442.57261539805114,0,0,0.0005365157825609606,0.000779759312492056,0
145676,381,446.33637516401836,446.92444341385834,0,0,0.000536887348641429,0.0004941530345694657,0
146176,382,464.39490011710797,466.066279301348,0,0,0.0009618068142676505,0.0005214236321088908,0
146433,383,251.51941328621848,213.88373671070616,0,1,0.0008953438949065627,0.0007524165742836213,1
146933,384,452.1293007780517,476.6549316021278,0,0,0.00048181745366195327,0.0006088559513330187,0
147155,385,218.36556970145563,175.50581060262635,0,1,0.00156647080311909,0.002797852994032393,1
147655,386,435.98993059478556,438.6312442667918,0,0,0.00022269300559184685,0.00031471481320917866,0
148155,387,476.025922631034,463.1452367769277,0,0,0.0004243065988018995,0.000618913095031354,0
148305,388,154.2663531877342,109.01854093346151,0,1,0.001571194061882297,0.0021352951108813702,1
148663,389,294.28554426075334,355.0564290064578,1,0,0.0019096582402857217,0.0013531618925690812,2
149163,390,454.28601806267557,459.90523565543674,0,0,0.0004821063800981118,0.0005791242643488732,0
149663,391,446.81776728484743,433.682424216916,0,0,0.0006688656255451129,0.0005134894817686906,0
150163,392,463.582488670814,451.0349384969386,0,0,0.0009370523317310948,0.0005174111162812712,0
150663,393,456.151810556383,433.66305114201805,0,0,0.0006562316226290727,0.00066170268667085,0
151027,394,350.34323559176335,304.28119947157023,0,1,0.001114859419139115,0.0011779619779499584,1
151527,395,469.35820632765177,459.3711083166591,0,0,0.0003112612163439388,0.0007298245814585018,0
152027,396,463.837150227449,458.3905938671398,0,0,0.0005563869700939281,0.0005252102838951499,0
152527,397,460.08946963170786,460.46563361360444,0,0,0.0007557786694141045,0.000440952605344257,0
153027,398,432.9049346286909,437.8991899292189,0,0,0.000409098943586368,0.0005602110899058905,0
153527,399,456.2694733153845,466.8719582109502,0,0,0.0006662375297398648,0.0008948650566577046,0
154027,400,462.2154043545211,454.683469200545,0,0,0.0006750030927350473,0.0007470531266297556,0
154527,401,453.4586366304633,433.68594547921066,0,0,0.0004360785888057133,0.0006746392667313642,0
154652,402,83.49515673413137,141.92979148022093,1,0,0.00199311347179084,0.0018072358902179561,2
155152,403,460.7633354723378,476.54672963376595,0,0,0.000874066656924306,0.0009302866318228072,0
155652,404,451.4199643273442,458.82548951051916,0,0,0.0003732340490144166,0.000639446399863344,0
156152,405,459.7471411926918,422.9988769094813,0,0,0.0008055552699087081,0.0008775421105361957,0
156652,406,450.2845399551419,460.18876233177275,0,0,0.0010307212549881218,0.000518343413606053,0
157152,407,443.6048495850446,452.73514403609346,0,0,0.0005212461353549902,0.0007796382851834621,0
157652,408,456.1690682904314,449.49101239326046,0,0,0.0008997667000486904,0.00044130493839048896,0
158152,409,481.1752809795444,458.77631835174213,0,0,0.0007194899297998509,0.0006220971381216134,0
158652,410,443.4650539742937,462.6431206522296,0,0,0.0010981268585532862,0.001400281470074766,0
158832,411,135.46271855602615,195.5192958698518,1,0,0.002107957779052708,0.0017036685117177357,2
158955,412,86.60065877595851,140.21802137692904,1,0,0.003697242678248771,0.003181894559063245,2
159116,413,163.1694346928416,117.38984046333596,0,1,0.0023644656178053018,0.002531785854782458,1
159616,414,461.7311753468052,448.19722976982337,0,0,0.0004702405016535822,0.0010222012575808663,0
160116,415,464.30603734746774,445.92433764517455,0,0,0.0017877815570095865,0.0013626226832332605,0
160616,416,465.46191074356733,437.85606779633923,0,0,0.000789550928425269,0.0006738478093093896,0
161116,417,462.8488296592982,471.3194846084682,0,0,0.0006966803071324245,0.0007635779083338238,0
161616,418,467.5986326884535,435.0264123935824,0,0,0.000944137185872563,0.0005535685921068854,0
161709,419,106.55899868657707,56.312293934130594,0,1,0.001628328742557703,0.0018498377263798144,1
162209,420,469.5429583999251,455.58543889981064,0,0,0.0006361022587064618,0.0005595193538020947,0
162709,421,453.39519712956746,446.3424128462332,0,0,0.0008299998029160828,0.0010696673095097536,0
163209,422,460.1437439252659,439.5126643278208,0,0,0.0008837633222120371,0.0008046945962338326,0
163709,423,470.24874820269173,449.9400805730857,0,0,0.0011137006959434732,0.0010428021209041409,0
163800,424,58.343811769723914,63.25863044815064,1,1,0.004807225421924849,0.0035938808270865766,0
163841,425,15.158624718483882,69.85321100367008,1,0,0.0019267998560720378,0.0024045457763956874,2
164341,426,471.53462382308453,482.81400328768797,0,0,0.0010013024878816632,0.0009298932587520084,0
164841,427,466.0906905268928,463.073317034093,0,0,0.0009667717098580031,0.0007070156898230683,0
165341,428,437.6516284503143,450.2398079477803,0,0,0.0011955928309188824,0.0006092883951163519,0
165841,429,467.9237908109593,415.94614196206294,0,0,0.0006111910889923562,0.0006942926583410486,0
166341,430,468.44120272413426,474.0702073803551,0,0,0.0010519097605234725,0.0007871486795786582,0
166841,431,447.5972180365261,457.3708828651157,0,0,0.0012256359738021664,0.000962898906015706,0
167341,432,479.3150954101421,438.07122209551613,0,0,0.001374752403135224,0.0009813224845226238,0
167841,433,465.07307270379647,444.8861317304248,0,0,0.0004433038294594241,0.0008551894651635684,0
168341,434,418.00552641370604,445.4329526354916,0,0,0.0004296605682741128,0.0007880591719464537,0
168841,435,452.3476249492032,459.95372213914754,0,0,0.0007314146411010031,0.0006630660508250113,0
169341,436,461.8922266236053,477.1799254943716,0,0,0.0006150477688258352,0.0007115198475256131,0
169841,437,455.7155656145229,463.90077360774194,0,0,0.0010035875587267756,0.000976033560077461,0
170341,438,436.6278325339947,435.1818740152472,0,0,0.0005454580256818227,0.001199927272820865,0
170841,439,473.4970239690693,449.9781851497293,0,0,0.0010442268914178153,0.0003129444930324692,0
171341,440,431.942663362049,452.65439515614827,0,0,0.0007926355026364387,0.000528358265388363,0
171841,441,466.2568216427763,430.1910311318962,0,0,0.00041808592063833093,0.0005125851237786915,0
172341,442,464.1954738435356,457.236963802374,0,0,0.0007201698618808054,0.0004928614243696739,0
172427,443,52.61139811479849,104.73551868043909,1,0,0.004338582271381516,0.005293862082863671,2
172927,444,458.74618573751945,435.2593571012722,0,0,0.00066501921761508,0.0006511558149895057,0
173427,445,465.90294199906106,457.247268119385,0,0,0.0007940331469116193,0.0005024265969270958,0
173927,446,449.3870001230092,406.3058158498075,0,0,0.00048263499591903584,0.0009973176964212735,0
174427,447,466.44770327759335,405.78235895674976,0,0,0.0005419092669493071,0.0007140355598996571,0
174927,448,465.65021255763594,475.4309149631816,0,0,0.0005590793535061419,0.000331996487063562,0
175427,449,429.001910703632,452.24277746580145,0,0,0.0005168423214795952,0.0004670825409848644,0
175582,450,103.88143546642904,161.1834271941628,1,0,0.0015559715551813587,0.0018859243694971093,2
176082,451,463.7341867524589,447.55542591913473,0,0,0.0009799723488106455,0.0004386914768325548,0
176582,452,444.45185712299553,423.5431000780965,0,0,0.0008463707815869918,0.0004116221618283927,0
177082,453,448.1432056944346,443.30079228543843,0,0,0.0011850631276138543,0.0004724356678003272,0
177582,454,458.93589376191295,431.82027221647667,0,0,0.0005599178132365306,0.0007281646947484527,0
178082,455,436.5554032575412,438.63623592086384,0,0,0.0009171226318650629,0.0009648449127863573,0
178244,456,116.89483746982734,175.82702914023704,1,0,0.005107416800724784,0.004619513120923012,2
178744,457,452.83565777859627,428.379810629727,0,0,0.0006184910254160881,0.0005641615623278712,0
179244,458,446.0354827467262,438.2216477841899,0,0,0.0008731078613734197,0.0009318725190139788,0
179744,459,462.29702303650265,448.4463802551242,0,0,0.0004417942881814543,0.00024641244682606025,0
180244,460,446.3006714754318,446.3758888653508,0,0,0.0005040481266169277,0.0007994572568314312,0
180387,461,100.0618492521511,147.81907595877223,1,0,0.0024890099870557634,0.0015425596127870266,2
180887,462,463.50800097250305,458.90423039419727,0,0,0.0006696290395535912,0.0002645015522330462,0
181387,463,469.89618183773877,443.91107295903555,0,0,0.00030116082541863126,0.00026411353323305337,0
181887,464,452.54743661380337,418.8121056006058,0,0,0.001539142302599992,0.0005799615445060164,0
182154,465,222.2992788402618,256.35815758440697,1,0,0.0009036515886895883,0.0010788723994598413,2
182654,466,482.1855057562159,404.98137724591277,0,0,0.0006193928618790259,0.00041074083723716283,0
183154,467,483.06891510502834,432.23885462834744,0,0,0.0010110548647015364,0.0005763821370629094,0
183654,468,452.63086257258806,436.0299960863147,0,0,0.0011702896912813897,0.0006231620974180388,0
184154,469,486.77372746159114,458.75592300534,0,0,0.0006346853400289312,0.0006530831872211049,0
184338,470,174.0042292601014,116.14311006970526,0,1,0.0010407879388393238,0.0018751335510877709,1
184474,471,133.9573932766788,84.53866347186835,0,1,0.0012978469043140308,0.0015464692208182489,1
184615,472,145.42358016524918,94.98457989189725,0,1,0.003938378477714041,0.002377745324702758,1
185115,473,475.31915222876563,464.93157912765105,0,0,0.0009059404325157367,0.0007601348817808038,0
185615,474,441.66496255918776,421.4646838795009,0,0,0.0006822166428057016,0.0005551542635434275,0
186115,475,463.79246949143317,462.86674763251494,0,0,0.0009337751050057608,0.0005081854475774291,0
186615,476,452.65593850858227,429.3497611417621,0,0,0.0005786510153700545,0.0006159023921554746,0
187115,477,466.7439759146274,445.06156889993684,0,0,0.0004438039079725476,0.00018418089204030552,0
187615,478,452.1506886800744,415.32895926839615,0,0,0.0005582484517285093,0.00019653856960564846,0
188115,479,471.2944463723716,451.40457449985803,0,0,0.0006326637708253348,0.0009940272677622089,0
188292,480,128.58332362184288,178.20061860836412,1,0,0.001337571142132439,0.0007376364751783254,2
188792,481,459.3507625944163,440.9376356940482,0,0,0.000717418622021507,0.00012245299481338399,0
189292,482,447.6433406049937,468.884266913931,0,0,0.0008901019520559634,0.0006183237018489664,0
189507,483,201.21563732141385,172.81090674821817,0,1,0.0005700665024161875,0.0032142459093313573,1
189686,484,139.70517811073458,190.36177779852147,1,0,0.0017069538511784563,0.0030850786994041004,2
189776,485,96.07352784897355,55.97411258310007,0,1,0.0019086784256933476,0.005758760424307233,1
190276,486,448.7573502396436,434.31232072913167,0,0,0.0006041849720325946,0.00043668373674711833,0
190416,487,135.95857043831882,95.47465809469097,0,1,0.0015634027510963155,0.006739435346436261,1
190916,488,435.7550738555791,445.6990408125969,0,0,0.0010035869246585905,0.001596426990024345,0
190977,489,78.93135695808692,27.50158399570183,0,1,0.0014603750847124732,0.0015282752163460304,1
191477,490,442.14976441194574,451.6296971558457,0,0,0.0008838274051917267,0.0009677348570671833,0
191977,491,441.70088601228815,473.9427408383317,0,0,0.0005301754871754453,0.0007464904967315484,0
192477,492,470.6332832482222,485.18047856218783,0,0,0.000858120447905291,0.0010674312316153,0
192510,493,7.892235654990284,7.182348364678202,1,1,0.0017847735933636335,0.0010453579461283538,0
193010,494,471.45791116159296,458.92992764591514,0,0,0.0003866428930900396,0.0007969927659418665,0
193510,495,447.98516561780764,460.14201625333857,0,0,0.0007392097249166644,0.0009430222482314072,0
194010,496,468.36719747342346,471.6773081386044,0,0,0.0007424785163513589,0.0008266790109712557,0
194510,497,456.6881731363503,478.6690760248821,0,0,0.0006111758102041378,0.0006892313227346558,0
195010,498,459.74116334634243,452.34331884937365,0,0,0.0003800626997558261,0.00040290250244714456,0
195510,499,461.38416313004114,460.74455911107754,0,0,0.0016941309414485357,0.0008316541523425245,0
196010,500,467.31328706663203,470.20115483479884,0,0,0.000816486553955307,0.0008548853697574775,0
196510,501,486.98122150932306,497.79686326553673,0,0,0.0007509523909589675,0.0006514800941335802,0
197010,502,465.8551599764254,482.93593784994397,0,0,0.0007376584672173199,0.0009011660279488451,0
197510,503,457.5943829823241,485.7772809272715,0,0,0.000410289838810609,0.000559006434280771,0
198010,504,426.8871832201668,475.8025178607158,0,0,0.0004335396024283683,0.0013021608662002362,0
198510,505,429.7791795837409,464.44221128857043,0,0,0.0015885274574488075,0.0016876422253807668,0
199010,506,480.2053639879422,465.1581768345198,0,0,0.0020527717430601352,0.0011771238519462305,0
199510,507,446.40123406289695,475.5051913160763,0,0,0.0005314029084803138,0.0005849273911332291,0
200010,508,462.9049818834209,490.7446386779675,0,0,0.0002658235198291713,0.0009292829117191076,0
200510,509,459.97481198805826,485.7137107253432,0,0,0.0010143933176228115,0.0010599015919528195,0
201010,510,454.5906693808082,471.8071143429158,0,0,0.0004256566714459948,0.000960444669737812,0
201278,511,265.9439318067415,230.4196880566319,0,1,0.0008023415740756405,0.002006878913581955,1
201778,512,473.4079323149297,480.1750419929477,0,0,0.0006707953886106647,0.0007703558671741608,0
201882,513,61.33749249694799,119.02387163851333,1,0,0.0015395875911109005,0.002060460646051761,2
202382,514,467.0402521638279,502.55010952833175,0,0,0.0010238520151120035,0.001061192059257556,0
202512,515,143.76048306499075,89.46033974590944,0,1,0.0029210654972501244,0.0032141429589811646,1
202630,516,130.73442082292152,78.48989080986951,0,1,0.002387129623297289,0.0026821269734477672,1
202743,517,127.01805863477762,87.0862820546816,0,1,0.002248923002724613,0.0023605038011037115,1
203243,518,472.11269589180625,480.2770309149468,0,0,0.00040403181526685176,0.0006302216974086557,0
203743,519,435.8484781719388,481.24607398885524,0,0,0.000693668482551089,0.0006377565864210226,0
204243,520,447.7781611975258,470.1656224388344,0,0,0.0010474193494312732,0.0008674223208609113,0
204743,521,467.22743401455926,465.5877516647785,0,0,0.0010193231478048538,0.0011023220170442109,0
205243,522,446.9587940667221,487.14920989712834,0,0,0.0012900698509389372,0.0011018327512206168,0
205743,523,475.68173939653633,489.78336751992634,0,0,0.0009530634039827478,0.0009647010274182264,0
206243,524,468.29307716508043,478.59820437077383,0,0,0.0008884479504786841,0.0010386975047509551,0
206743,525,454.2713617939702,490.6317509979703,0,0,0.0007425476714575336,0.0009293591491050971,0
206993,526,195.23096003450183,242.33521206092257,1,0,0.0022689699395934608,0.0017173298879759585,2
207493,527,476.796367031431,457.67719904046027,0,0,0.0011813377679497754,0.001009862788015395,0
207993,528,475.2762525406146,469.45507634057947,0,0,0.0004811997211407854,0.0008974902046663861,0
208493,529,474.0756668546419,458.2616485853698,0,0,0.000803212181969451,0.000788750721644832,0
208657,530,170.6006604143519,119.07742542033974,0,1,0.0033231546172753468,0.002493716413769398,1
209157,531,457.8378939838316,478.4339250813062,0,0,0.0008334636809322479,0.0006922458063977991,0
209290,532,95.66221510122102,148.69186864626863,1,0,0.0031521311065454962,0.002956138469815281,2
209406,533,83.68303036343552,129.13361363174656,1,0,0.0048406204399260135,0.0018752673895209308,2
209906,534,450.470031220004,478.00748249021837,0,0,0.000585545742168745,0.0009683785595909197,0
210406,535,462.44799242194404,447.4356966270025,0,0,0.0005749811700061922,0.00035105930025084727,0
210906,536,395.1948281601963,478.14896765347487,0,0,0.00034298129672217327,0.000551429385784984,0
211406,537,473.64846701987176,421.1310420514274,0,0,0.0008891353838541266,0.0006810699818166853,0
211906,538,475.14163310093835,434.7037040894399,0,0,0.0007804548098153057,0.0010668839261646552,0
212074,539,114.33257986423304,174.31781271620957,1,0,0.0017791766227083687,0.00224078120716611,2
212224,540,115.60141996564046,157.18672613111923,1,0,0.0019202940229250131,0.0019634465247187803,2
212724,541,476.29537809715373,438.85571560544867,0,0,0.0005533150277132005,0.00031416697909535487,0
213224,542,482.78416569857154,421.8204866215864,0,0,0.0004920150013593518,0.0005155103236264029,0
213724,543,470.3434393732863,440.29399112749405,0,0,0.00104684254567699,0.0009433108295359806,0
214224,544,475.10216500383007,467.64085618337555,0,0,0.0006699039866690614,0.000611126835892323,0
214724,545,476.13552460146246,451.27886426541943,0,0,0.0012015246174108193,0.0012639588687293455,0
215224,546,450.9081369898947,462.0414044618484,0,0,0.0007124854242803604,0.0007183906650106628,0
215724,547,478.610067769134,487.5739000196579,0,0,0.0009579361096261224,0.0011421269544257932,0
216224,548,457.58771716861645,478.69668438154923,0,0,0.0010037773110618555,0.0009964715277321892,0
216724,549,451.1434778554497,465.57032596807187,0,0,0.0008547457093142633,0.0010781386277745465,0
217224,550,460.91771193840526,469.6475768696733,0,0,0.0007224945588766318,0.00031373270914971367,0
217724,551,478.9933425472909,473.74798111062125,0,0,0.000955679770571749,0.0015350221007828944,0
218224,552,461.5676434164807,427.6856768269094,0,0,0.0007531209203149602,0.0008355587015925197,0
218724,553,484.1619851071078,474.5181579943911,0,0,0.0007623068119050085,0.0008392676948831424,0
219224,554,479.3724036282567,491.8046421027618,0,0,0.0007886754876347342,0.0007946243269417994,0
219724,555,460.09466684478195,445.36826094438345,0,0,0.0007112199891177674,0.0004311068636673015,0
220224,556,483.28856385596106,480.9647265885664,0,0,0.000856936566245904,0.0010079906409243599,0
220724,557,484.0532099060559,481.9022008236609,0,0,0.0006147105536064524,0.001213469056570469,0
221224,558,454.97414340601176,465.89670734650537,0,0,0.000962698174706127,0.0007711568525875043,0
221724,559,452.16080324452065,462.38778942831647,0,0,0.0008010962478310028,0.0006017880559885488,0
222224,560,473.660672941149,468.3562417695376,0,0,0.000992527322045272,0.0005862496169462485,0
222724,561,466.61615397422406,490.54004313780376,0,0,0.0006688686115687163,0.0009450974865307537,0
223224,562,474.4464654800316,484.3214954936623,0,0,0.0005670722992797095,0.00098939253552521,0
223724,563,493.7261340143953,440.9410133305635,0,0,0.0007504962126387747,0.0008921940819875864,0
224224,564,430.96132009308906,462.2243901165052,0,0,0.0007512709087043603,0.0004768795208199168,0
224724,565,473.5213078587686,471.9719963827463,0,0,0.0010151151677616327,0.0007516613417078938,0
225224,566,483.4438937217863,491.90348119878087,0,0,0.000636641336359815,0.0010583192253001135,0
225724,567,491.0310620294773,503.87777190692975,0,0,0.0012323601904057886,0.0015282260721206948,0
226224,568,439.92202894995035,472.15216849787316,0,0,0.0008990485475374243,0.0011922525758088767,0
226724,569,484.86706473634325,449.44301063463115,0,0,0.0007307931331214892,0.0006655315040962874,0
227224,570,476.79536617409536,481.8589494581074,0,0,0.0008795704618613466,0.0009312384719306337,0
227724,571,475.51816596290223,477.90676431692134,0,0,0.000741906515808932,0.001125916675992634,0
228224,572,494.8974911525719,488.32420568634905,0,0,0.0006938133699124664,0.0008188354958526215,0
228390,573,122.6894039695231,176.22302309186048,1,0,0.0028176429629750807,0.00375330302134632,2
228890,574,488.6023559999485,494.57256400255,0,0,0.001207830944285482,0.0011774564753166974,0
229390,575,460.6204021804959,491.4584129535636,0,0,0.0009904619929159576,0.0010061494100601462,0
229890,576,470.2298621133839,468.79771139099535,0,0,0.0008333919368824549,0.0014836712341804977,0
230390,577,486.819978022392,497.983377932209,0,0,0.0005735827168130414,0.00137400521731845,0
230890,578,482.16958799919485,476.7790972753588,0,0,0.0007479100661995562,0.000496555162346941,0
231390,579,492.17320724360053,496.18641835775003,0,0,0.00038914217121844457,0.0006893463727999956,0
231890,580,456.6749885480135,430.2102972031635,0,0,0.0005563241364887051,0.00021965800614167028,0
232390,581,447.4732808067749,473.79886370482154,0,0,0.0010537470900869983,0.0010184709941191922,0
232890,582,498.15752789611435,485.414584868405,0,0,0.0009717002557680612,0.0008220606933995058,0
233390,583,485.30049571355823,474.53887404077335,0,0,0.0009313241825173938,0.0009776900319033422,0
233890,584,463.31076435014455,471.77688987803424,0,0,0.0012089077338428077,0.0005024055712989935,0
234390,585,494.00506720287825,465.41047727571106,0,0,0.0007563925938723389,0.0007332714553765075,0
234890,586,456.1358932101829,506.93042742265703,0,0,0.0006402856870819115,0.0009483164583880022,0
235390,587,485.4286578463306,501.45314077355647,0,0,0.0008665367440031889,0.001264312876926645,0
235890,588,475.91643328585525,485.40842459255333,0,0,0.00045870579004839813,0.0006211510015722361,0
236390,589,481.8641868285171,476.0379356949292,0,0,0.00045975127645132125,0.0010024109153702883,0
236890,590,490.50477070181273,480.99416601904744,0,0,0.0008861231106622455,0.0009781762101142896,0
237390,591,478.98236114509825,480.3719064704937,0,0,0.001192819475047537,0.001201901581151333,0
237407,592,3.5135880720338726,47.75164937679152,1,0,0.006485886977972178,0.0006610356662787784,2
237591,593,200.53833362174058,140.97412294933477,0,1,0.0019764827445369246,0.0015412996406684379,1
237613,594,53.6776368289917,-0.010526327653693102,0,1,0.008385894194222835,0.008481304159329585,1
238113,595,457.2546721476026,487.74270214000995,0,0,0.0006259336431329937,0.000662815580886942,0
238613,596,471.45385695842356,474.9632190750384,0,0,0.0009124032136515521,0.0010829567588678663,0
239113,597,471.5410003714549,490.11929885496136,0,0,0.0002542312339633203,0.0007257681935856369,0
239613,598,475.8628443139797,487.55021823053244,0,0,0.0006347508710391426,0.0012670705584070525,0
239774,599,129.4211553594977,171.39548727806078,1,0,0.004408648183996785,0.002145460585039131,2
240274,600,476.5907390846352,497.146093677928,0,0,0.0007323567928405364,0.0009112063926849289,0
240774,601,492.69471508917036,506.1844475416408,0,0,0.0016137286199510296,0.00139060370817471,0
241274,602,477.48133228742364,488.84989051426555,0,0,0.0006608666400657653,0.0012469942425360834,0
241419,603,102.4841153145216,166.05348418231335,1,0,0.0009898754267175752,0.0036232733570940585,2
241512,604,54.12602489349357,96.37228576869953,1,0,0.004566248696561772,0.00043625033031452314,2
241679,605,123.50849749020568,174.08356877078535,1,0,0.004962311622015045,0.0024600515526885954,2
242179,606,503.78161517676017,488.9005753102103,0,0,0.001240841331511776,0.0007614663308848586,0
242364,607,136.7634692909609,187.5753395604999,1,0,0.004371309808061904,0.003788723467521923,2
242512,608,102.17661585039089,148.83853131484395,1,0,0.0026662374138818295,0.0025015317817031896,2
243012,609,485.2044353016179,499.452072570362,0,0,0.0006752886754894258,0.0012838221566895762,0
243130,610,84.18776740240746,132.26309783043388,1,0,0.0055416771772700876,0.0011247985734263626,2
243630,611,495.3441660341645,519.1414924579352,0,0,0.0006423881571684221,0.0007641028901193143,0
243724,612,105.6227930390859,51.21610007164821,0,1,0.000615190266582442,0.0012097866340924435,1
244224,613,478.44406250923663,505.9114343374516,0,0,0.0009235395634755617,0.0009361954048770842,0
244724,614,482.61172755965686,488.38410291223755,0,0,0.0013414672667775404,0.0009395087973836423,0
245224,615,497.8794759385278,487.4097963120028,0,0,0.0006204825169374613,0.0009378646891043007,0
245724,616,462.04279651556357,478.40181089769845,0,0,0.0007815572880903946,0.0015281876749660406,0
246224,617,508.3891931647894,492.15652981946715,0,0,0.0007167183710343131,0.00040924128019900947,0
246394,618,155.5060614152843,117.70869718898314,0,1,0.0006232158378005723,0.0018934918549060396,1
246412,619,1.4272643682120716,-2.51024298680338,1,1,0.002291932215357376,0.002924477920874645,0
246912,620,473.1074208180629,472.6650964146767,0,0,0.0010131671096096397,0.0011830724259695754,0
247412,621,456.3530480632921,488.0982122730063,0,0,0.0007726208466832823,0.0009613395005058429,0
247912,622,499.80353102501795,492.46391404710164,0,0,0.0005831979901693757,0.0003156838762227133,0
248412,623,483.49406811191295,508.8408710803427,0,0,0.0007533034656641951,0.0008219353594169312,0
248912,624,478.84822641367174,459.8816493567765,0,0,0.0005067853045932488,0.00042665399440580947,0
249412,625,489.7278858231062,489.37706602780617,0,0,0.0004365326154170339,0.0005808936311252066,0
249912,626,490.0867088351227,488.0836021296984,0,0,0.0005674608527544477,0.0008742933043823454,0
250412,627,482.71053759233524,473.1162806887759,0,0,0.00043983286143943023,0.00023859705132964342,0
250912,628,467.84028287881716,481.43800805847815,0,0,0.0007891948539368392,0.0014430973428244242,0
251412,629,451.14195113631575,495.33535241508713,0,0,0.0007226680785370859,0.0010947467926673985,0
251912,630,475.78486627267773,486.7578596571702,0,0,0.00020322288375550592,0.0006363945494989822,0
251934,631,52.25641602666987,1.2355091994222676,0,1,0.007074333207477418,0.005370116108904251,1
252434,632,467.68265327476587,491.0490607299061,0,0,0.0007144410504048872,0.0007059392672695442,0
252934,633,482.8024791729284,484.04240697174674,0,0,0.00048643284156645944,0.0005185002701248581,0
253434,634,470.24595496062085,460.70434798689746,0,0,0.0004982835795599972,0.0003360205016848083,0
253934,635,499.11241651497033,482.3986644819948,0,0,0.0006142184516962896,0.000338877417303978,0
254434,636,465.3678324851188,483.7795708761713,0,0,0.0005824910191282398,0.0011607557993469104,0
254934,637,473.4035930291465,452.95789217370395,0,0,0.00045848031930246315,0.0002488188407859981,0
255434,638,489.9407046895337,463.2135968422566,0,0,0.000931188274424227,0.00044261710268748733,0
255934,639,487.4173357521936,441.18590688003,0,0,0.00038535450097555783,0.00021084273514404916,0
256434,640,451.5329945570341,432.1261992925444,0,0,0.0005419358999454561,0.00037707187586140476,0
256934,641,474.2157098036956,483.17394824745696,0,0,0.0006123979297301974,0.0005528478963642703,0
257434,642,461.60166983118944,460.38517881482505,0,0,0.0006247557918936894,0.0005017543962965416,0
257934,643,472.76497221846404,470.0448012660314,0,0,0.0005776996417074351,0.00029951216023438564,0
258434,644,472.8066691306989,460.9751456000399,0,0,0.0005716224475369661,0.00022162876472591933,0
258934,645,498.2582343653478,475.5590063760193,0,0,0.0008470396344925491,0.0005985874066960277,0
259434,646,490.4594801623897,481.83999853711754,0,0,0.0004968343964351551,0.0005270676570419773,0
259934,647,477.4981330703907,487.0724970895752,0,0,0.00036750513590476835,0.00044317536833119256,0
260104,648,168.17150984364605,125.24768550987869,0,1,0.002984575870577686,0.004111587720002525,1
260604,649,482.1325896978828,493.217027768241,0,0,0.00043550754892849415,0.0005935055687472807,0
261104,650,484.86491088522763,484.62285024822773,0,0,0.00037930565770809337,0.00028627678250094975,0
261604,651,476.87566401728253,497.5206583698246,0,0,0.0005014055652409436,0.0006964945723972314,0
262104,652,472.238711825813,477.1109510091657,0,0,0.0006089360579933717,0.000448389173466255,0
262604,653,484.9126525417658,478.1609392614181,0,0,0.0008115218992002412,0.0010191740996200063,0
263104,654,464.66314856994603,455.68628613255373,0,0,0.0009137475328734402,0.0007169179488747741,0
263604,655,479.70756567596044,486.52129366114735,0,0,0.0005547880259156926,0.0002957440073924775,0
264104,656,474.3085098487016,484.2445932732627,0,0,0.00040635187363928803,0.0006522053508698082,0
264604,657,494.1941895781978,499.08172289300086,0,0,0.0005882515778511372,0.0004458417335968114,0
265104,658,486.59204602179807,493.7579708437286,0,0,0.0011155591210342507,0.0008579973625764576,0
265604,659,510.90555062100486,495.50064344429495,0,0,0.0004109365210305064,0.0001843688976688532,0
266104,660,485.9518800597278,502.15933813917917,0,0,0.0007714925745348588,0.0003680653391052291,0
266604,661,477.2776489687373,463.1015665996147,0,0,0.001544168890294281,0.0011723600964246082,0
267104,662,465.02776179457555,495.0588936891307,0,0,0.0009743914729004712,0.0006980689191525306,0
267604,663,470.8728168918978,488.2158249531902,0,0,0.0005032179016601125,0.0010482298393253242,0
268104,664,487.3143031540261,492.74261165631805,0,0,0.0006619601909620591,0.0008902827646127506,0
268604,665,452.1300264972227,486.1141697344517,0,0,0.0008970593682641807,0.0012698566989023724,0
269104,666,472.2204424201706,478.0570761646794,0,0,0.0004928393214296077,0.0003750639523685935,0
269604,667,459.5976007840691,490.1441940566103,0,0,0.00080753768775766,0.0009559329965265908,0
270104,668,482.99800455800226,490.9878987274167,0,0,0.0004211830325359163,0.00015117647375037472,0
270604,669,465.3099353552903,484.6092532086935,0,0,0.0008574300400397219,0.0004904351157018565,0
271104,670,471.42356590784624,496.4150956835896,0,0,0.0005989466175900923,0.0005628611956042264,0
271604,671,490.52973999550795,484.1065430346415,0,0,0.0006009659728392808,0.00043707123525581415,0
272104,672,489.24964946533896,464.9032912890093,0,0,0.0008999081428101295,0.00063605572745741,0
272604,673,487.8900821268433,478.1460157273117,0,0,0.0011554877412637125,0.0007093858160713108,0
272873,674,202.71521194405054,243.74525797712076,1,0,0.0014553342758518361,0.0009664382106398455,2
273373,675,468.35503186538483,488.07853747924025,0,0,0.000971631018061053,0.0005146753544665417,0
273873,676,495.8794373714342,455.07805800516263,0,0,0.0008814211148020777,0.0007973026974782312,0
274373,677,481.19636540080245,470.69155511042374,0,0,0.0009521921236094153,0.00033019875233083416,0
274873,678,481.33798253755725,457.32291335482796,0,0,0.0009501971247211041,0.0004017608356527689,0
275373,679,471.5892595797104,474.3084661776758,0,0,0.001405276300330626,0.0007969593266883828,0
275873,680,463.278732716928,495.958776608991,0,0,0.0007958181062992039,0.0017697326180452968,0
276373,681,486.19098284086044,488.9010712574941,0,0,0.0005122319869295874,0.0009089893648649152,0
276572,682,210.87994637818042,153.97205784400757,0,1,0.002648892281831236,0.004109962201063763,1
277072,683,457.0464613411306,495.1652276386633,0,0,0.00039128725534207093,0.000860140121630859,0
277572,684,496.43333565193353,482.89398840321985,0,0,0.0007076189196037992,0.000266937359027254,0
278072,685,490.93474270432085,470.5988239624636,0,0,0.0008029713215234822,0.00031855112401306396,0
278572,686,464.25000156006587,444.007395068188,0,0,0.001088609903579898,0.000261093467140214,0
279072,687,489.1432416984173,470.5091597944426,0,0,0.0009705263180403242,0.0009403508770440038,0
279572,688,503.9124980861775,487.60617493745093,0,0,0.0010810215996318422,0.0009927284334068206,0
280072,689,467.11618599060563,430.64726732053913,0,0,0.0009874991868260496,0.0008007988882938635,0
280124,690,30.4196277631268,29.91610438836248,1,1,0.005367853135933618,0.0031070793661110174,0
280624,691,480.5315320287802,479.6798696907547,0,0,0.0011693598116437954,0.0007666779045817605,0
281124,692,506.5827630409093,478.9544400206257,0,0,0.000658204007649838,0.0002680424084855477,0
281624,693,485.0763678499584,480.12719011584903,0,0,0.0010648491549927887,0.0011292302121390055,0
282124,694,488.03630060569753,479.50245457461887,0,0,0.0010336962703826006,0.0005684660964398037,0
282624,695,473.81549520017745,431.09128773784187,0,0,0.002044352736514232,0.0008564197399100005,0
283124,696,467.9747478595123,482.3908422289293,0,0,0.00086810837664411,0.0006075756644625788,0
283624,697,495.4699227074715,477.0995077755978,0,0,0.0009075453668181841,0.00035415380504341654,0
284124,698,470.2919699488921,469.2264259409767,0,0,0.0009150218589765481,0.0008530254381983009,0
284624,699,458.5405453995394,408.8325088243793,0,0,0.0019575249857177513,0.000738843175188773,0
285124,700,497.59205464326885,462.49861866593653,0,0,0.00041913378769697706,0.0001390656278702667,0
285624,701,498.87853914732,463.55530891857353,0,0,0.0005312860197679018,0.0006781109772808516,0
286124,702,508.9255711429555,478.7745365140926,0,0,0.0006023638401956592,0.000512387677424103,0
286624,703,478.1564436668572,467.693398336911,0,0,0.0009043147208136486,0.0009031784518563497,0
287124,704,497.85827702231524,462.0845268157325,0,0,0.0015009090075543837,0.0011128344714397332,0
287624,705,455.8013480246933,484.50586592616867,0,0,0.00057114822481707,0.0006867589437422507,0
288124,706,484.7942546918221,442.3253803080779,0,0,0.0006824387155321991,0.00038917617145289065,0
288624,707,479.41560664843854,447.67488360536777,0,0,0.00046052731912872276,0.00036376943245031954,0
288775,708,169.57285853216283,107.59122438904012,0,1,0.002427044557880435,0.002105629038526102,1
289275,709,465.1896876861433,440.9659773516576,0,0,0.0020544089937085223,0.001202614733397047,0
289775,710,495.29173600825146,481.8649531939359,0,0,0.0006058906648931687,0.0011162459957076074,0
290275,711,494.36209934234574,490.67010078926313,0,0,0.0007963224826093753,0.0009611491754416467,0
290775,712,497.50946562224414,492.38915899687777,0,0,0.0007177553394798669,0.0004154573210391955,0
291275,713,487.3503233432748,477.2620287322538,0,0,0.0007315981919942795,0.0002532352904889159,0
291775,714,489.49836176818025,476.74868278985844,0,0,0.0007012716905522162,0.000555123746642487,0
292275,715,485.7091601800498,470.70527624844283,0,0,0.0005995963222730863,0.0006198396700991888,0
292775,716,510.93607195797966,510.10148104908603,0,0,0.000665947866730996,0.00033745884399706013,0
293275,717,502.14823194515236,501.3147397148986,0,0,0.0006743739699841886,0.0002928272339229363,0
293775,718,482.95994413719194,427.69854626308154,0,0,0.002250014553442849,0.0011496159733382265,0
294275,719,511.5774544699571,493.38931267789025,0,0,0.001062253079934267,0.0003297699436058567,0
294775,720,489.691399281679,472.0206701689226,0,0,0.0009005878103225539,0.0002923412718095778,0
295275,721,485.7908848050027,478.50257301408874,0,0,0.0004631270282364294,0.0008404489682268145,0
295775,722,498.1929827283618,445.08390057899277,0,0,0.0008898979118124892,0.00037975756204843643,0
296275,723,501.12504831757656,488.3551120977719,0,0,0.0008042260775623451,0.0006001318376217563,0
296775,724,501.89145984783124,479.8653715596906,0,0,0.001115627572059691,0.0009744989035661338,0
296923,725,143.24418766374708,94.47990171023321,0,1,0.0019859619026796047,0.0008260632851838012,1
297423,726,467.1134410198138,442.68737663796577,0,0,0.0009040838493593607,0.000846085724872046,0
297923,727,508.1977580994673,495.00698455954216,0,0,0.0014722846089943737,0.0012688712705492663,0
298423,728,498.6186614338232,496.3175279796436,0,0,0.0008375347789632549,0.0016884160844227228,0
298923,729,467.2739306293978,372.98598052602745,0,0,0.0026650101747042795,0.0006757158929157016,0
299423,730,504.5516889018624,461.82310293458585,0,0,0.0008574457850169538,0.0009895375868598322,0
299923,731,512.077669341764,458.34225365600275,0,0,0.0006610829606791012,0.00041793079213322127,0
300423,732,477.9750253051085,451.37566766313876,0,0,0.000922176425976843,0.0007765891394754461,0
300454,733,12.28949712123472,6.141558801333012,1,1,0.005709589190705152,0.003833598838950409,0
300954,734,474.4914506939505,430.177135465643,0,0,0.0008173213799649457,0.0002615397002328958,0
301454,735,500.5095587046174,497.16469409191217,0,0,0.000370000053037884,0.00022694337881677012,0
301954,736,488.9164080217572,472.1820151118697,0,0,0.0005737502918933472,0.0009651233805615796,0
302454,737,478.0243977571753,433.83561292183634,0,0,0.0005585056123269429,0.00036836452567746183,0
302954,738,502.39952514558166,509.86330090330523,0,0,0.0005083112388345308,0.00033062058278031094,0
303350,739,389.1532669286462,304.6751789815634,0,1,0.001347528396183672,0.0011599716421698645,1
303508,740,164.5252980189851,102.51007454621283,0,1,0.0018918342934898138,0.0013231672847233906,1
304008,741,456.93697743075285,453.46247973667045,0,0,0.0008401732358512445,0.0006904400225691057,0
304508,742,484.17738278839124,484.8556256908694,0,0,0.0008950945511399994,0.0009952666769018161,0
305008,743,481.7079137618314,483.1716916273477,0,0,0.0004916354473404214,0.0005911242390151657,0
305508,744,462.62785368125543,434.6373036318019,0,0,0.0011250118550769344,0.0010429859891640577,0
306008,745,495.2113864071516,486.5119693901462,0,0,0.0006498860371052931,0.000726169345594594,0
306508,746,503.00136602225575,473.2742466256203,0,0,0.0008967383186651804,0.0007008366442899758,0
307008,747,465.26266298869746,446.8074287196803,0,0,0.0009445207955647497,0.0007642334440232305,0
307508,748,471.6922516952253,465.88254049338747,0,0,0.00040703153587346965,0.0005729719576108922,0
308008,749,469.28962429702676,414.23084981617137,0,0,0.0011302725214157906,0.0004157076008435603,0
308508,750,484.8875374623334,432.44206910603583,0,0,0.0009860081269993356,0.0009463593597959728,0
309008,751,482.47802844615126,461.486621263411,0,0,0.0004965847259567915,0.0007057691148597593,0
309281,752,283.4149564023347,203.38030580949106,0,1,0.0014887204258585728,0.0018615910446844466,1
309781,753,476.89301933397513,431.2273456795096,0,0,0.0018508219519586364,0.0011276768439299125,0
310281,754,498.00022998179634,474.0559157444143,0,0,0.00028896479384357416,0.00044849913612211785,0
310781,755,511.07891305838206,482.04992642792564,0,0,0.0008297319384555689,0.00018520569217594715,0
311281,756,510.6239255199092,490.81957089469876,0,0,0.0008616571944483391,0.0005256876265691703,0
311781,757,484.6682291715792,444.40582048548356,0,0,0.001334254757642178,0.0005836782858201088,0
312281,758,504.9360407926397,492.95498999809377,0,0,0.0008470262278682267,0.0006766845832071412,0
312781,759,518.6303223579213,489.0983836164672,0,0,0.0007291388962142595,0.00018953178015521528,0
313281,760,515.1233927579674,477.82704066965806,0,0,0.0008720419593816459,0.00033296086330927616,0
313781,761,494.0373119078006,478.78600006189384,0,0,0.00037034118569760345,0.0006951383028673027,0
314281,762,506.26835879264326,478.0993577643854,0,0,0.0012287727662437316,0.0006502471451687643,0
314781,763,509.2941556666679,474.66308873045284,0,0,0.0012574224398685398,0.0019764901553795747,0
315281,764,519.8087838614401,494.92906619633675,0,0,0.0010758644599035585,0.0006271804487120241,0
315781,765,507.7348513875252,460.16442102858804,0,0,0.000764664228295112,0.0003357593763860448,0
316281,766,518.521148180557,482.76723298272077,0,0,0.0010198888657533662,0.0003286120468042852,0
316781,767,496.94120550342086,465.9837478610557,0,0,0.0006860267154466073,0.0006230666485421773,0
317281,768,468.84927639414957,433.1742547464408,0,0,0.0007705973661795379,0.0005069223150244502,0
317781,769,515.4072024653102,490.1684872542368,0,0,0.0006316567040541353,0.0009815759995075713,0
318281,770,446.1386365329396,366.7962451512996,0,0,0.001490639546337455,0.0005164575741344147,0
318781,771,479.53004886258657,445.56305873923077,0,0,0.0007941119898233257,0.0005721149832091282,0
319281,772,505.7116031036422,498.56026545434344,0,0,0.000873636524809076,0.00034222039142556764,0
319781,773,501.6800306469663,441.5645709113663,0,0,0.0009023593415262969,0.0009346079200013833,0
320281,774,486.7296397740999,421.57178990293534,0,0,0.0010372475229733034,0.00039558631727634877,0
320781,775,487.3612910100769,466.73834140349805,0,0,0.0007788986105414025,0.000659765570408458,0
321281,776,518.0079184689905,514.839152047183,0,0,0.0008031389849172341,0.0006665562594612242,0
321781,777,506.5583709429798,476.1700710993839,0,0,0.0009645847896363451,0.0004913468620852308,0
322281,778,497.8858173554897,467.46609673527666,0,0,0.0004731276456398402,0.0002992535380727448,0
322781,779,506.3562315814614,496.2576729436408,0,0,0.0013702696800565752,0.0010471058426081504,0
323090,780,342.7825123585075,274.15626586119197,0,1,0.0010987719101717643,0.0017352309364065549,1
323590,781,471.0951468518031,414.7235969911625,0,0,0.0013525665222777227,0.0014471658327269887,0
324090,782,475.31796257136415,402.2440064199086,0,0,0.0019430883865099297,0.0006856274481517337,0
324590,783,440.43414635050596,324.7172129720193,0,0,0.0014220351123068655,0.00042080711588707867,0
325090,784,503.82547999703195,468.8940988042383,0,0,0.000780497885944449,0.00026557826309402154,0
325590,785,509.32952934384537,495.7381768740288,0,0,0.0006531137673767658,0.0005945040431540563,0
326090,786,511.90192829598845,462.4778868673105,0,0,0.00033597304451363,0.0003868702062181624,0
326590,787,516.1898835701666,488.7003776983418,0,0,0.0013033496113617764,0.0006302125422331504,0
327090,788,503.033666599209,469.97143045396285,0,0,0.0007916307776218787,0.00011957239127108251,0
327590,789,505.89223550061234,471.473940675918,0,0,0.0006833013681778706,0.0004053236650280337,0
328090,790,511.5404434964497,495.62007713608966,0,0,0.0005523984655200461,0.0008558672190719511,0
328259,791,181.11944555956953,127.32732260372384,0,1,0.0023076963872025297,0.0012028977550642224,1
328759,792,478.212092135249,446.13465147780215,0,0,0.0008396368848775453,0.000277021028472317,0
329259,793,494.3529177504132,472.91293401025814,0,0,0.0008230015561696884,0.0004283431449228652,0
329759,794,504.8364398751696,478.3206815458127,0,0,0.0004883588810994771,0.0005235092504039928,0
330259,795,503.1639540352477,480.52704876150244,0,0,0.0004115715962925324,0.0006245632020220319,0
330759,796,511.4632977551489,473.26884476475504,0,0,0.0006848434081143677,0.00043049504310401176,0
331259,797,496.501956616499,442.2417975821116,0,0,0.0007685680237741088,0.0007922323244590059,0
331418,798,110.64985634079915,163.46538926001438,1,0,0.000416699157423651,0.002303260280587902,2
331918,799,506.45151176123676,462.28573751062567,0,0,0.0002792926936276369,0.0002693644946704519,0
332418,800,499.9417179405973,472.81279898337385,0,0,0.00041279058545548445,0.0005980465415135687,0
332918,801,503.2263192459992,486.1522295392198,0,0,0.0005995127472960863,0.00047293770547972015,0
333418,802,473.955226541231,409.14638903617157,0,0,0.0008599200503695341,0.0002374108224760205,0
333918,803,483.22472609938654,416.0364764588681,0,0,0.0003742645622227021,0.00010913828876135234,0
334418,804,504.9635443292408,463.8050619827945,0,0,0.00038065452673749495,0.00021575141160347044,0
334918,805,478.63882547238774,457.3295750199727,0,0,0.0003989890082649346,0.00038406409639875794,0
335418,806,483.2038112821633,479.45130022361127,0,0,0.00033146254585591795,0.000623445858456811,0
335918,807,523.8615520375653,489.17448105886734,0,0,0.0005403591756278691,0.00016981749739201227,0
336418,808,508.68779999897436,462.05065927586963,0,0,0.0005673786728140064,0.00023930413155137908,0
336918,809,509.418960928278,480.83175757180567,0,0,0.0003580362195391184,0.00018352025146822025,0
337418,810,502.96560404956404,487.74179547346483,0,0,0.00024164122034298343,0.00043988391635092577,0
337918,811,517.5204124806558,489.4205452255948,0,0,0.0006617753852265687,0.000145479578697314,0
338418,812,501.3147757334582,482.0396928139559,0,0,0.00046929426624519986,0.00010856025253152949,0
338918,813,507.94617280847893,504.4690555616866,0,0,0.0005394243547471441,0.00024589660660912595,0
339418,814,460.6874912190314,415.58273447876553,0,0,0.0013605648674414304,0.0007282275931078919,0
339918,815,499.25773678822856,474.9887774691546,0,0,0.00040234442060322674,0.0006411905641302849,0
340418,816,488.4352165911891,458.7017625017369,0,0,0.00029924357600933006,0.0003148817583768659,0
340918,817,492.6660939388061,456.55065338623245,0,0,0.0007060127543922658,0.0002529374578803877,0
341418,818,505.91570340253156,480.94624716520804,0,0,0.0006913028042369976,0.00017803280117196688,0
341918,819,496.51088213397543,468.87123053586254,0,0,0.0003975096580070301,0.00010357324226681431,0
342418,820,494.5796664021812,465.9593789598601,0,0,0.0008242229646525212,0.0003177092525599211,0
342918,821,488.8004710935371,479.90455887607516,0,0,0.0002817298609552883,0.00017217274585475153,0
343418,822,510.50748815311294,492.79221039300074,0,0,0.0005742057897417342,0.00015543137019068224,0
343918,823,506.0224038400066,478.04129027297853,0,0,0.0005187330696187042,0.0001921778137441902,0
344418,824,516.9833778331131,492.21213318096994,0,0,0.0008861101912959193,0.00022683069555197493,0
344918,825,511.1028879674106,480.3305498212491,0,0,0.0005800683144552975,0.00013066826459332746,0
345418,826,510.4126751650609,489.2572078136384,0,0,0.0007391817299982427,0.00029632588013019047,0
345918,827,510.8631142669996,503.08047546019213,0,0,0.0007342110089792625,0.0003065707916291868,0
346418,828,475.50480406565987,482.82249296184386,0,0,0.00047595683148362065,0.00021119868559952448,0
346918,829,508.2660818211531,486.5930775262604,0,0,0.0008267031107480325,0.0002523016242617751,0
347418,830,521.7191880187318,484.5812627255568,0,0,0.0005697228104287684,0.0003423682951126859,0
347918,831,515.6312433307065,491.98671009177343,0,0,0.0007372375381695285,0.0002751065011091852,0
348418,832,504.1007303265435,468.18373918817326,0,0,0.00057876800177842,0.0003624016845448324,0
348918,833,518.1057796900492,471.68958127029583,0,0,0.0002725911245411363,0.00034756193839200644,0
349418,834,498.66568663488715,477.62137445616645,0,0,0.00020624110812844648,0.00035098779119246363,0
349918,835,502.6681626781745,457.07718360248634,0,0,0.0007926381650818901,0.00020315631329692602,0
350418,836,504.49361552987597,449.3405176176179,0,0,0.00039636440575264634,3.097229654812969e-05,0
350918,837,492.70059294612565,439.84368120242283,0,0,0.00046733214835644843,0.00019717360456258964,0
351418,838,506.0359235929249,467.271291610108,0,0,0.0003590512548101938,0.00022393356160629703,0
351918,839,481.33302072434856,467.2526340757222,0,0,0.0002488656842912984,0.00025702189514784454,0
352418,840,503.72460792929144,482.9044484088493,0,0,0.0004886597938003909,1.620553357913501e-05,0
352918,841,496.115766734835,471.02894463987354,0,0,0.0008824428743391988,8.019228426841276e-05,0
353418,842,510.30947810441916,492.86032722729635,0,0,0.0002830898853912701,5.691097352132836e-05,0
353918,843,478.04915939605473,494.9609648139116,0,0,0.0003298865753916319,9.69193495092412e-05,0
354418,844,512.6573715315361,491.3343719584378,0,0,0.0004952211457910955,0.0003761149629944308,0
354918,845,501.70957937787307,499.096501218637,0,0,0.00037730380340185367,0.00034336150738275867,0
355418,846,492.21573375508274,476.00282012015356,0,0,0.00042553507243313414,0.00041228219876491775,0
355918,847,496.22145518022586,487.08461380405384,0,0,0.0004589892281243174,0.0006012456396701639,0
356418,848,486.9410122320021,449.42358338657175,0,0,0.0010909600282028374,0.000584272872285403,0
356918,849,513.8152920564172,490.0284166493344,0,0,0.0007464026764676257,0.00013621928833582134,0
357391,850,508.03796891859554,411.405190109211,0,1,0.0006802837776299705,0.0004182728617229078,1
357891,851,511.7109560513822,491.1997909224594,0,0,0.0004951498467345721,0.00018783331631804252,0
358391,852,470.07124536486776,474.5220813627819,0,0,0.00031493060198039543,0.0008520364571169479,0
358891,853,487.455335404127,483.87544087216884,0,0,0.00017231003384439778,0.00023279141124409256,0
359391,854,496.29315412546686,487.1146496800591,0,0,0.00013728122517088506,0.00012181261090050216,0
359891,855,513.5608765782692,486.422866677947,0,0,0.0004266301152048384,0.00028517158612494824,0
360391,856,479.60735982470607,474.3660743041448,0,0,9.976424906989443e-05,5.6357339862462117e-05,0
360891,857,487.24605681023905,454.36645841898047,0,0,0.000314610950434047,5.303171591933693e-05,0
361391,858,506.5084803572032,469.92613544031735,0,0,0.0007116244664642008,0.00016757446007549884,0
361891,859,518.7442012936035,491.95728090137817,0,0,0.00020016280377049917,7.332288961714492e-05,0
362391,860,513.0292097751028,487.91619263574876,0,0,0.00036311190367582135,0.00023147375814382875,0
362891,861,511.8899012541615,488.6672358784711,0,0,0.0008204808948666763,0.0004956406526809553,0
363391,862,506.7046675259343,488.8712003764215,0,0,0.0004130254467393658,0.000320604252164494,0
363891,863,511.42382673935043,479.85858605563925,0,0,0.0007468725401791962,0.0005751235236190311,0
364179,864,310.1878989384604,239.13011677491943,0,1,0.001172436557566846,9.73348149343733e-05,1
364679,865,492.20944623497775,469.01578530106076,0,0,0.00047916785046514,0.0002305680479644632,0
365179,866,518.2294377580769,480.09136044393773,0,0,0.00039783480788009107,0.0003578812467529744,0
365679,867,511.8892118427771,501.71334011013056,0,0,0.0005071392311419493,0.0004988755446053602,0
366179,868,515.797713303595,473.6875041339199,0,0,0.0005613135721626559,0.00031654813172866204,0
366679,869,519.6504355740448,493.82611535624426,0,0,0.000529748606010766,0.000930472449385027,0
367179,870,484.2054951160106,485.07772810923956,0,0,0.0007197077042046482,0.00023523470411427398,0
367679,871,487.1242816562879,500.8845241385698,0,0,0.0007919501079523987,0.0007082797250769101,0
368179,872,486.5011565410899,467.47177430127715,0,0,0.0005915623701935645,0.0002632339967237078,0
368521,873,358.0527516204196,296.7211289364,0,1,0.0006817244694682756,0.0010540549837766747,1
368739,874,222.92617961765876,170.3461615999393,0,1,0.0011227089540553356,0.002057419542796696,1
369239,875,502.5460047578633,487.81618668504876,0,0,0.0007640647569750505,0.00038873450548014435,0
369739,876,506.7206570143908,483.883606498035,0,0,0.0009090265988343548,0.0004975874474740385,0
370239,877,501.935592853755,482.6678578207826,0,0,0.00033620445094019767,1.938330992497937e-06,0
370739,878,514.5433786396073,500.7248479176115,0,0,0.0005155370476012833,0.0003735546461777122,0
371239,879,510.29872525085983,496.5497411014445,0,0,0.0006874058139749952,0.00041615777914936477,0
371739,880,505.95729709655296,503.12674331479224,0,0,0.0006075237412198215,0.000504762876148749,0
372239,881,511.7353752570623,504.7817085482549,0,0,0.0007179386981212117,0.0003245846276123767,0
372739,882,492.6746708437986,472.9251188003835,0,0,0.000368693040385525,0.00033605321514659884,0
373239,883,511.94614256956606,503.4631801664989,0,0,0.0004762818602812946,0.00041581975738714627,0
373739,884,515.0513811474417,496.85743007192275,0,0,0.0005941999694541488,0.00011662034521791399,0
374239,885,509.0830324581763,513.2483159201233,0,0,0.0007127125738201102,0.00023913735555072276,0
374739,886,502.34309897614884,490.44500603466275,0,0,0.0004601881764693149,0.0003556696662291029,0
375239,887,500.0965141259644,463.9210806525608,0,0,0.0011604037859050777,0.0004736208947721277,0
375739,888,507.51476557124727,477.4922256773972,0,0,0.0001687593669524072,0.0006892660157623223,0
376239,889,507.44123839315256,490.9306212547054,0,0,0.0009194859940770142,0.00024151774057572248,0
376739,890,508.85420930628896,508.4398703020677,0,0,0.0006437115799720013,0.0003081112176538769,0
377239,891,494.74716124252905,493.16590678108395,0,0,0.0003713862570870337,0.000273946702953612,0
377739,892,512.4481815589278,501.66865168241674,0,0,0.0002603317852070603,0.00027510436881393715,0
378239,893,517.0117028825442,515.0284377444317,0,0,0.0004962915584407977,0.0005241280740843394,0
378739,894,501.07094708886706,508.52956010940903,0,0,0.000316592827704748,0.0004185798758007628,0
379239,895,486.9216708261319,469.64433826081995,0,0,9.31006817660586e-05,0.00036567618772776736,0
379537,896,303.9855145356524,225.6084686244181,0,1,0.0009682950853943889,0.0012873884793133065,1
380037,897,502.0053367150737,485.81304342857214,0,0,0.0007040572632058487,0.0005787984380119869,0
380537,898,510.6748201995702,494.5285917275294,0,0,0.0003217458888823534,0.00010736720568777167,0
381037,899,499.3454170047814,489.66063516506574,0,0,0.0005525100173803446,0.00014906499216635788,0
381537,900,496.9445323650398,491.54384580653925,0,0,0.0007119803935468811,0.00023716407895597703,0
382037,901,505.1762429263957,514.9559498490413,0,0,0.0005304539344740733,0.00037978952120659205,0
382537,902,517.3335745401909,505.3137970029575,0,0,0.0006554104264353149,0.0003341093515007936,0
383037,903,478.3620747138904,504.76702702962365,0,0,0.00039035730727977495,0.00048430930640747886,0
383537,904,503.90906413226384,487.29592397609565,0,0,0.0005367601345819147,0.0006721165622034526,0
384037,905,483.4644442779327,502.233739606124,0,0,0.0001686071278813066,0.0003740939300698217,0
384537,906,499.04542949978514,496.7198560369434,0,0,0.0007010914621186888,0.0007965879938838915,0
385037,907,504.6036997166485,502.81917510480196,0,0,0.00026364066403546457,0.0004515055034759662,0
385537,908,505.60863378785666,504.9712281532102,0,0,0.000545527518990779,0.00037061692305792647,0
386037,909,502.44716403219104,474.83879428090336,0,0,0.0005126515025435205,0.0004969016530501424,0
386537,910,517.0815783496653,497.8452411968805,0,0,0.0002765267500980046,0.0007777555416601786,0
387037,911,494.14242331208976,491.2845293083346,0,0,0.000315997520546623,0.00032220951084115606,0
387537,912,490.6602606886404,490.8773853866491,0,0,0.0003213987450668149,0.0004130264500652855,0
388037,913,492.84273440919753,478.5754355151398,0,0,0.000365443888969764,0.0004747127288304455,0
388537,914,514.0516102086933,514.977144973203,0,0,0.0005310630912602077,0.00018256469627171606,0
389037,915,505.9865535182272,503.59931186677085,0,0,0.000865639739112815,0.0003978901274960591,0
389537,916,508.3199503094822,493.44889151767643,0,0,0.0006895848256848334,0.0002212203992180376,0
390037,917,510.22195251189146,505.50237988126514,0,0,0.000753255209868721,0.00046730512895095863,0
390537,918,503.1644290054279,493.9325737797225,0,0,0.000758604505475903,0.00035096540025097224,0
391037,919,507.29963232449387,504.9024297396592,0,0,0.0002117903985108235,0.0004791185849146903,0
391537,920,518.6809470421384,507.00335926702013,0,0,0.0007673305660206397,0.0004176859594062043,0
392037,921,508.9703081196223,510.50984403333325,0,0,0.0004079772030031878,0.00014629776517249152,0
392537,922,496.8100314334961,484.6812118166451,0,0,0.0004257067534067535,0.00041199645436886174,0
393037,923,507.0936791825439,489.09308626251055,0,0,0.00018663627308725234,0.0003655784355332927,0
393537,924,500.88433601699506,508.6129278366352,0,0,0.00029813660043923084,0.0003183816933274179,0
394037,925,510.2788648263152,518.4517149096268,0,0,0.0002956836047768396,0.00026806687229576624,0
394537,926,510.92379364352337,495.89450199752673,0,0,0.0002802180176835588,0.0006758337481928106,0
395037,927,509.5118912952344,505.32588949149346,0,0,0.0003575888255831437,0.0003200009496968614,0
395537,928,505.827836819458,493.26907642726695,0,0,0.00045296111288964326,0.0007901813400672916,0
396037,929,512.0377519553714,493.05417502209707,0,0,0.00042952401867137394,0.00022685235358891926,0
396537,930,509.71260237454555,503.2535415008826,0,0,0.00033563259057409493,0.0010751828926730037,0
397037,931,505.9339864128771,513.8284071334862,0,0,0.0007304445081454995,0.00047198695772761204,0
397537,932,524.1075185941661,504.73167580217796,0,0,0.0012656344882998791,0.0005906782677688112,0
398037,933,512.2676348416837,510.91823479266435,0,0,0.00038872023873255906,0.0003395259933930218,0
398537,934,503.660503887575,506.52492798282213,0,0,0.0005263073179349908,0.0004248127596786336,0
399037,935,515.339008143973,499.2888126963369,0,0,0.0007252134426059432,0.0005716269171562382,0
399537,936,515.4276321370206,503.4930392959057,0,0,0.00040070981115785076,0.0004864784174819756,0
400037,937,500.77240449701617,494.1912101200033,0,0,0.0009439007522045017,0.0007189144140187847,0
400537,938,513.271402392594,502.66000080028226,0,0,0.0004919536810091808,0.0011598186397708964,0
401037,939,509.9619940289509,511.15055169500937,0,0,0.0006252736755260188,0.000665814943475349,0
401537,940,487.1411108615477,484.95845376734985,0,0,0.0004397689903838642,0.0003436724848530874,0
402037,941,505.2738321581328,460.7534317132225,0,0,0.00017267262180414522,0.0003044280371563476,0
402537,942,500.3403094520846,498.8600427075599,0,0,0.0002253937497850327,0.0003634375865511622,0
403037,943,502.4545754415729,498.1539381827018,0,0,0.0009454704699535481,0.0004928156018423164,0
403537,944,506.20772094251566,513.895879103465,0,0,0.00011099066941790428,0.000357998379022037,0
404037,945,492.22723023131124,475.22018833757903,0,0,0.00016751801927833697,0.000838667878158657,0
404537,946,502.96457398715927,500.68258369344994,0,0,0.00047053398609136484,0.0002915796694592586,0
405037,947,511.49692050373625,494.8600746912984,0,0,0.0008666940371986092,0.0008697922935287691,0
405537,948,514.8524829513519,475.0387946743562,0,0,0.00012247450902885934,0.00023733279834592164,0
406037,949,510.7078556660885,484.14687215526465,0,0,0.0008059854407243615,0.0004330465334328835,0
406537,950,502.89922328678665,486.5764481351282,0,0,0.0004059346675481157,0.0006359588729825982,0
407037,951,512.9188346271646,505.65590923603577,0,0,0.0004116010909768585,0.00038275786158081793,0
407537,952,511.29855464924054,487.4449885007882,0,0,0.0006121723613378649,0.00036372136809225807,0
408037,953,508.13142701071655,501.29703061909674,0,0,0.0003390605187670883,0.00028978589450737196,0
408537,954,512.4753696460883,505.51328562397987,0,0,0.000597969268358813,0.0003083204653772109,0
409037,955,499.71100517473207,506.79816069723944,0,0,0.0002695977735516801,0.0006104492443437976,0
409537,956,518.8973816763928,506.6119415367031,0,0,0.000576797137451665,0.00030109101283167135,0
410037,957,497.6299435640332,501.35862722286413,0,0,0.0005565505906865277,0.000623860722478945,0
410537,958,505.965265836862,503.5921950226868,0,0,0.0012543000148657602,0.0007048965360355821,0
411037,959,503.1640347850457,500.9718170080801,0,0,0.0005040060008773047,0.0007888348966637159,0
411537,960,508.75575712602335,503.4525622823069,0,0,0.00033479551614341873,0.00034768892207444097,0
412037,961,503.51904711332367,501.6676284033085,0,0,0.00035537996200227966,0.0002587772112855456,0
412537,962,513.0552453189896,499.4928180892027,0,0,0.00033661337931029166,0.00044820998388140547,0
413037,963,506.2705732111609,505.92396306219223,0,0,0.0004773059912462029,0.000505489352039706,0
413537,964,490.008749446222,499.2922931815223,0,0,0.0003649849055839753,0.00045317505398059386,0
414037,965,512.274549182096,491.1081477129021,0,0,0.0003199387283614656,0.0001932782017596917,0
414537,966,505.24997994171923,504.7049146315088,0,0,0.0007320495113344815,0.0008994353543711408,0
415037,967,506.2090563767667,482.7579690533979,0,0,0.0004076758705129437,0.0002860433162557327,0
415537,968,508.3966540225986,505.47088107551303,0,0,0.0008765922636207564,0.0006593941955956855,0
416037,969,503.15073804886737,497.93882405370925,0,0,0.00032121649311031493,0.00036595196321219104,0
416537,970,512.0433711232725,508.72997392953715,0,0,0.0007701996841035334,0.0004896381432830992,0
417037,971,522.8180645317897,518.3587867115954,0,0,0.00021354296201950987,0.0002729699399303328,0
417537,972,498.405693728138,492.56800402367224,0,0,0.0004556311282624574,0.00019768649482264396,0
418037,973,475.99368188350905,509.5811779863096,0,0,0.0003260159723973972,0.00020382951653379188,0
418537,974,503.82427972282267,500.60520078031084,0,0,0.0005892095365184468,0.0005125248725916696,0
419037,975,505.68219854330914,499.7136358427349,0,0,0.0006509996495969455,0.00042776582436636725,0
419537,976,474.61774033699436,509.21885770570844,0,0,0.000412324687482551,0.0004346846570484635,0
420037,977,475.7773907174975,490.20125435350263,0,0,0.00044327994741993773,0.0005591912037111825,0
420537,978,500.44366234914577,506.01696195808165,0,0,0.0006987279079012347,0.0005045723608187764,0
421037,979,488.1331124113823,486.1444669209492,0,0,0.0011181825423722208,0.0009542476459039669,0
421537,980,490.4215497586186,499.6846364755526,0,0,0.0003108099511189862,0.00047801415628479226,0
422037,981,502.33573144202256,508.1313543687395,0,0,0.0006138295511445951,0.0006769971236745562,0
422537,982,499.698825552271,510.983192391823,0,0,0.00034094031324032314,0.000471921958702929,0
423037,983,509.7509435329431,509.01117521892866,0,0,0.0009659150610183681,0.0005454617607757449,0
423537,984,526.2478630385853,519.5028932623123,0,0,0.0006904929780096747,0.0002843285413601081,0
424037,985,514.8830548051704,515.4086062180182,0,0,0.0005751988858928383,0.00021177581628747564,0
424537,986,509.4482012933368,504.89028779895585,0,0,0.00042106401008614803,0.00018217158702765187,0
425037,987,481.98913793897214,510.8805341529034,0,0,0.0011619541964631001,0.0005822646051224152,0
425537,988,517.2374969405442,516.8034046099424,0,0,0.000848900022425382,0.0005194907973020519,0
426037,989,504.680532997646,512.3839621421841,0,0,0.0006077540250967147,0.0006713238493537492,0
426537,990,493.2859990144975,489.158099286948,0,0,0.0006791942667967767,0.0006975385768331842,0
427037,991,509.69791667771324,506.6694944188782,0,0,0.00021948239407585722,0.0003825751542885383,0
427537,992,510.2663546070613,497.70503861438056,0,0,0.0009020940475279821,0.0005450501237668852,0
428037,993,507.51186071573204,504.70890950224356,0,0,0.00045296896977252573,0.0007520348219543454,0
428537,994,497.83965169589925,503.6217428196202,0,0,0.00025198074153213616,0.0005206247696258801,0
429037,995,509.0340113108118,519.5950596126638,0,0,0.00047220841719454584,0.00020758722880070423,0
429537,996,518.903179715067,515.9013328697938,0,0,0.0003162143933164185,0.000505453058937234,0
430037,997,503.3494533845091,499.28206808241623,0,0,0.00032022822236737943,0.0005462347839798896,0
430428,998,348.8619521140433,393.8972379972138,1,0,0.0004952853737069163,0.0011976017897330515,2
430928,999,503.50859108031807,502.2505999563399,0,0,0.0006543211558457427,0.0006486614642755379,0
431428,1000,522.6042579849709,511.80217366471237,0,0,0.000623112685913345,0.0003109971387967853,0
431928,1001,518.8595113348525,503.88282613911684,0,0,0.0006588560930246656,0.0004272983017086737,0
432428,1002,493.9517976021863,483.160366621033,0,0,0.0005128224203351954,0.0005164397053321096,0
432928,1003,519.351965429036,493.92245166418803,0,0,0.0006159621359271924,0.000393167146093967,0
433428,1004,519.9402311097323,499.17782456091476,0,0,0.0007113091257374247,0.00020292188400512453,0
433928,1005,497.6389220445305,509.2471668025223,0,0,0.0008340159080864494,0.0010522509615996413,0
434428,1006,507.81062265202706,495.7249586800688,0,0,0.000490808528669359,0.0004570905742587311,0
434928,1007,500.077903970823,505.0685930269255,0,0,0.00015097659263745426,0.0006579806069697451,0
435428,1008,488.33346435972834,494.35883110090657,0,0,0.0002541234832605999,0.00047656705520979367,0
435928,1009,512.0123632468969,489.591662927864,0,0,0.00041131137263745435,0.00020912408565989355,0
436428,1010,506.9327796168145,483.90172706926364,0,0,0.0006181508468255403,0.0003451310624484604,0
436928,1011,518.5369479753341,502.10722676606395,0,0,0.0002396898909875102,0.0007511598589222747,0
437428,1012,516.1973918083364,509.6784722808708,0,0,0.0006192456232365866,0.0002908826514567345,0
437928,1013,511.2173185822992,492.4778837132203,0,0,0.0005737162928812786,0.0006360891823461226,0
438428,1014,523.1934333145165,503.9883616267036,0,0,0.0003947472594788773,0.00046530034606747885,0
438928,1015,508.4274850588687,496.9800703036497,0,0,0.0007725588082292842,0.0008539206889951352,0
439428,1016,500.30286302683805,513.0632249149303,0,0,0.00022277546000700304,0.0004386540248296589,0
439928,1017,514.7178220655812,499.8529359622179,0,0,0.0004942848482395767,0.00041298536442085297,0
440428,1018,520.8976940016126,506.5707466178102,0,0,0.00041094114167648045,0.0006314212289303486,0
440928,1019,527.4447915511282,508.6498716735882,0,0,0.0004392985336261475,0.00031489936082177474,0
441428,1020,516.7847616524814,494.8677863399129,0,0,0.0007579610102739849,0.00041269699296219483,0
441928,1021,513.3857298634825,508.38488244588206,0,0,0.0004454930798311061,0.00022995214501628293,0
442428,1022,527.8325811598457,515.512180841859,0,0,0.0005855652086244969,0.0004522573699606892,0
442928,1023,515.7812020463133,495.46203833035327,0,0,0.0009942931132590506,0.000336276123275396,0
443401,1024,514.212726077679,454.01433051702725,0,1,0.0003177892626850953,0.0005214255188434616,1
443901,1025,517.3611860023021,484.3813622517505,0,0,0.0011136954590530124,0.00027620532832326817,0
444401,1026,498.0197905575744,516.7198492808486,0,0,0.0001453864470452462,0.0004839176396109609,0
444901,1027,494.57301632968176,491.57559295431156,0,0,0.0004029787393193921,0.0005036208604450633,0
445401,1028,523.9288379980135,500.7098561051811,0,0,0.00025600235991615934,0.0002712390049131852,0
445901,1029,513.0818546649791,495.9183972006425,0,0,0.0006087272967422635,0.0006909082012303706,0
446401,1030,504.64268540550995,503.04938782157683,0,0,0.0006574952506315665,0.0007973891225229215,0
446901,1031,498.64997310678825,480.0277372808688,0,0,0.0006149392891949794,0.00019917429488128038,0
447401,1032,525.4406305775426,516.9381732823055,0,0,5.843668123231826e-05,0.0005174204648102741,0
447901,1033,508.8446953798428,513.7529586782881,0,0,0.0002587476182488609,0.00044784494929659595,0
448401,1034,499.9294282574385,501.41984284561386,0,0,0.0004212226687781838,0.000533931935156542,0
448901,1035,502.12231631763007,502.1637149408021,0,0,0.00022966817500097092,0.0006920565281133623,0
449401,1036,499.15274613094107,470.93651445509596,0,0,0.0004826968712355091,0.00037456588173696127,0
449901,1037,518.5617060270833,493.156389077434,0,0,0.0009585083035953744,0.00035180330358818197,0
450401,1038,522.7065824799869,509.67078775489193,0,0,0.0002981625469933764,0.00030191961958908896,0
450901,1039,510.4810198633717,497.709514895933,0,0,0.001158039627409537,0.00019886330776582018,0
451401,1040,511.06124342349335,499.84589193943725,0,0,0.0005160950910436977,0.00028773378098919994,0
451901,1041,519.4935521075073,507.74289573324046,0,0,0.00022527693196329322,0.00023551545051148345,0
452401,1042,498.3336478166131,490.92253939548823,0,0,0.0005126827907009496,0.0008172941861553393,0
452901,1043,518.1053041465265,504.41364578366733,0,0,0.00020749855356642482,0.00032121964481781777,0
453401,1044,530.8903889503507,515.8689097589314,0,0,0.0006695008342192531,0.00031018320026277057,0
453901,1045,496.7608483092526,503.5113547491329,0,0,0.00022127207623105842,0.0008386793968521419,0
454401,1046,513.9049098177716,492.29049775056046,0,0,0.00044771382081020423,0.0004624260183892787,0
454901,1047,514.4561887549696,517.1451779151878,0,0,0.00021295198956925698,0.0003842695864716496,0
