step,episode,reward_r1,reward_r2,falls_r1,falls_r2,hits_r1,hits_r2,winner
500,0,269.7976888790242,265.24623216254236,0,0,0.00046278577694617743,0.00040067054855762884,0
1000,1,274.2789800178934,267.87315387876566,0,0,0.00022744299249991497,0.00015216105997990236,0
1154,2,68.81682146164985,113.3756647284562,1,0,0.0005587078853889806,0.0013119578369213572,2
1654,3,273.5545619821713,274.19271977490973,0,0,0.00030240076444395256,0.00040254197993972357,0
1798,4,59.95019603058602,103.34823918887405,1,0,0.0014621944071364096,0.0007472730684398768,2
1981,5,128.49041034952876,81.73303676228339,0,1,0.0011583411783196308,0.0009398375936635393,1
2145,6,67.37049651074392,74.23039806615705,1,1,0.0015259418101583122,0.0014978098429837283,0
2645,7,279.52534997973413,278.41138824990577,0,0,0.0008338010028410957,0.000801314520645443,0
3145,8,279.5327096521756,279.3800138051009,0,0,0.0005428867888751372,0.0004750339683015072,0
3645,9,272.01673018537656,275.96787108537154,0,0,0.0006745843671030949,0.0004361281325867692,0
4145,10,264.9636725277042,278.0055158820642,0,0,0.0005350635047606636,0.0006440171218521793,0
4273,11,52.182866707035544,99.98818505592413,1,0,0.0008499387481917563,0.002220223272780864,2
4773,12,276.64576872419593,275.59953608385723,0,0,0.000493768446803098,0.0003026279477499034,0
5273,13,271.4378899992942,279.42960791163546,0,0,0.0002258573467426886,0.0002391153649248865,0
5393,14,47.62148785609053,93.25935818264519,1,0,0.0011869245341469409,0.0014186624635694602,2
5507,15,46.71494228317414,93.00116641067127,1,0,0.0012702535999725689,0.0005323228242476913,2
6007,16,276.00788719719003,276.26759639585634,0,0,0.0007420961293236346,0.0008844227895961178,0
6130,17,97.25212285498304,55.629867739787,0,1,0.00218652703707735,0.0032261192474251745,1
6630,18,283.51452249415786,280.8268869935292,0,0,0.0004975743367686063,0.00035251375478039616,0
6711,19,72.03960984391577,28.944465079882047,0,1,0.00017005347524648798,0.0018403972479790016,1
6859,20,112.8679429552021,62.99218038311986,0,1,0.0023654218653576466,0.0008984068352138246,1
6913,21,16.439099839598345,57.93243009721576,1,0,0.004262298345434242,0.0017797330840110715,2
7138,22,105.51526016965903,147.42256733248416,1,0,0.0007771971000225456,0.001238448302248075,2
7638,23,281.6783741483393,272.8116799351716,0,0,0.0004722584532473548,0.00016072173986722533,0
8138,24,272.4207703099383,276.37550879730793,0,0,0.0004283378084625673,0.0004424762299417919,0
8638,25,282.00039226993965,259.6040432300669,0,0,0.000147512976427882,9.580608010454619e-05,0
8717,26,18.268511111137503,27.964372719614744,1,1,7.033204408037056e-05,0.0004234987325637938,0
8836,27,47.20230813438649,46.332894438197705,1,1,0.001322045749386932,0.0012612543487079617,0
8982,28,107.35875310714201,57.49962457085668,0,1,0.0004972457156328706,0.00037706694194217336,1
9482,29,278.25661260553227,268.01939694264024,0,0,0.0005902137759513657,0.00036430084285126677,0
9490,30,36.506136912898235,-16.490149402744045,0,1,0.011119770133773054,0.00026346097404344353,1
9501,31,38.752993374921886,-15.586398236466728,0,1,0.012203872403316145,0.0008806409049381593,1
9518,32,45.26877849824461,-10.384749393316454,0,1,0.005967607851985778,0.003397010164280341,1
10018,33,265.1449478365282,269.970352200412,0,0,0.0004481141063120749,0.00012440854926787611,0
10077,34,16.765975844680952,64.81977179140125,1,0,0.0033309722234031486,0.0023160380731675383,2
10577,35,256.9765384977046,259.5229177124664,0,0,0.0005775933244554907,0.0002584902807128793,0
11077,36,248.24691418371884,255.08581997114317,0,0,0.00020186831548268437,0.0003577662241357331,0
11577,37,264.0945185008068,271.76486512984985,0,0,0.00018215603048305453,0.00024678228535789684,0
11758,38,127.55304252269559,83.59192025613112,0,1,0.001870237156772871,0.0036835939973580657,1
11831,39,21.324288229940034,68.60557782112129,1,0,0.0009109118433454998,0.0004000909102873316,2
11855,40,47.910751050696035,-7.1495303074545795,0,1,4.919095823393918e-05,0.0021184308449651496,1
11976,41,61.45425031855747,96.07876583481546,1,0,0.005676077957813714,0.0014317654149050589,2
12017,42,10.215599316864733,1.424664512231086,1,1,0.007600912395165382,0.001839088094128296,0
12060,43,10.090509006156264,55.375326859078456,1,0,0.0008176121209222688,0.0020640840694985127,2
12166,44,45.89058117347796,86.25710950631445,1,0,0.0029517939032688597,0.0001737019781469341,2
12195,45,-4.51366459363868,46.681590879264775,1,0,0.003966359031169336,0.0016308243536341488,2
12273,46,26.471566076180988,71.08229904434775,1,0,0.005572685548143229,2.907130829464456e-05,2
12379,47,44.10408630281225,82.77009416263712,1,0,0.006936548056285186,0.0002555631084726806,2
12537,48,70.08597986337115,117.35581575897285,1,0,0.0015861148194953544,0.0018208514214840645,2
13037,49,289.5545689185091,277.7444491918475,0,0,0.0007237471238182691,0.0005656665373558154,0
13537,50,288.29625299574775,274.8959187941049,0,0,0.0003879768052893738,0.0003017435823480875,0
14037,51,275.0952687142768,259.2147987051848,0,0,0.00021318242278139084,0.0001969160554653497,0
14537,52,280.3432460640727,267.52606701611944,0,0,0.00019845134873513716,0.0003542424340706535,0
15037,53,276.24471994229697,291.8124391009957,0,0,0.0007543745491695729,0.0009428502205923118,0
15537,54,273.49912660458494,291.4243433622575,0,0,5.7421661348785385e-05,8.928281547575289e-05,0
16037,55,272.9229065875211,283.3458186116625,0,0,0.0006952560475614472,0.0005783165577238343,0
16161,56,91.55198825347503,49.774584607791915,0,1,0.0006019686902004622,0.00024294057947344314,1
16661,57,263.82628238558397,280.25996926952735,0,0,0.00030672734764104564,5.922948627699743e-05,0
17161,58,271.1381634758614,275.7436411703435,0,0,9.90724750605189e-05,6.98729438665804e-05,0
17341,59,85.12375302229884,117.82651775084362,1,0,0.000855505285066113,0.0007363708027374518,2
17841,60,286.90954975146593,269.5859821127621,0,0,0.0002487956995810237,0.00020889028316529196,0
17930,61,80.2485634233049,34.06903439397471,0,1,0.0034178843562465773,0.003135071666867932,1
17989,62,15.918811465745307,20.624874622003272,1,1,0.00430719378606939,0.0030186541899778177,0
18021,63,-3.2811894294439483,2.9543054884379423,1,1,0.001606884420978441,0.001545714786284267,0
18300,64,200.5325296310956,137.76297574501925,0,1,0.004718031812017901,0.004350805163505146,1
18532,65,162.78321078595494,107.9068403679328,0,1,0.0011875810976784158,0.0015109069160904,1
18556,66,-4.297189818333864,47.89010513625998,1,0,0.007423417594357887,0.009223044234054352,2
18601,67,8.209286895553689,11.28220728247609,1,1,0.009974746480446267,0.010932335321530325,0
18660,68,13.709321795690652,69.3813307405103,1,0,0.0022037869344726027,0.005983103654876258,2
18896,69,173.7502680352673,113.90678500403334,0,1,0.005119744091267475,0.0027029695240054557,1
18948,70,9.634666167984456,63.679875158241046,1,0,0.0017022668433908537,0.0014067318890704636,2
18998,71,9.171433095458585,60.977626281563474,1,0,0.002766383825000941,0.003701413749190421,2
19111,72,40.51446121588183,47.98403349658358,1,1,0.0017146858165669851,0.0027548600785797937,0
19318,73,149.7214159518572,93.13836955137953,0,1,0.0025224846046956705,0.0016463019473086317,1
19818,74,272.0867742310355,266.36682001947804,0,0,0.0007456519076213658,0.0003105692683132764,0
20318,75,250.82821188587312,256.56462809010003,0,0,9.341885187955805e-06,7.090919150192029e-05,0
20818,76,248.92515903763723,275.77955219334285,0,0,7.311000299888658e-05,0.00018736882462211147,0
21318,77,257.4727579262099,277.5430086826247,0,0,0.00016149903300984595,0.00018057242784892823,0
21818,78,262.4048152467869,263.6016938775377,0,0,0.00010410052169727096,0.00015578290043141103,0
22318,79,248.32466411825888,266.8020326208646,0,0,0.0002475991446757485,0.0011074099898138337,0
22344,80,41.748171645770206,-0.9138749855653359,0,1,1.9198406902641462e-05,0.0014520108754124935,1
22844,81,257.8760801937083,280.59301049749985,0,0,5.358351313279196e-05,3.737779478190272e-05,0
23344,82,278.40164166652073,285.7545231317739,0,0,0.00034369683125339267,0.000611771067240022,0
23844,83,280.94333836688935,267.1094609572398,0,0,0.0004031497899989719,0.000814576283896301,0
24344,84,282.7817405767222,274.26764929880824,0,0,0.00024525963777486775,0.000478808439839588,0
24387,85,10.519689420507543,52.598070795598815,1,0,0.00303872449785048,0.0011705743118960168,2
24540,86,78.77054701379868,117.83506490414493,1,0,0.0029853256965648874,0.0028930861150179865,2
24556,87,-3.6420252412860243,-11.647231076117386,1,1,0.0020833390757799995,0.001379244248404474,0
25056,88,293.114761572822,274.3163665174247,0,0,0.0013701187593925435,0.0017287483408018188,0
25079,89,-0.15442894942956187,-8.279344916688022,1,1,0.004050510752466625,0.0037487805408540262,0
25579,90,294.1537012197298,272.2097792731877,0,0,0.00038942847847475535,0.0006475943399674354,0
26079,91,288.06656625626454,262.71543665710044,0,0,0.001048527055264949,0.0005560163867275931,0
26579,92,277.56591455841533,271.8318746711325,0,0,0.00044389815895237033,0.0006634222611731222,0
27079,93,282.572203899003,270.0194311003791,0,0,0.0007344562735787383,0.000532891083864001,0
27579,94,290.660557899405,289.51532166099463,0,0,0.0007616955716679572,0.00109720418857733,0
28079,95,278.9724241837719,279.9894085332241,0,0,0.0006356433181595637,0.0005640042196097574,0
28579,96,282.21609876066344,284.45897860791223,0,0,0.0004692946581812537,0.00024028622710357857,0
29079,97,258.3722737365494,285.4279988167061,0,0,0.0005350264497559963,0.00032865763044604394,0
29579,98,245.7379682157114,286.44628025576156,0,0,0.000149045624709495,0.00024259386470564036,0
30079,99,268.1297390957816,295.5270551414351,0,0,0.00026711115494062104,0.0006797117046226776,0
30579,100,279.20811407198414,290.23608546287664,0,0,0.0006167537744759178,0.0006267233803143718,0
30628,101,13.394251023175968,55.2354943764112,1,0,0.004744386193466728,0.0006174418867541378,2
30719,102,79.87469142256519,36.232615864610324,0,1,0.0027858545459870537,0.003628398275143412,1
30743,103,-0.5012877145793517,-8.961574346193695,1,1,0.0026893977615738054,0.0012720895214871739,0
30874,104,97.33741240684397,59.16352184343798,0,1,0.0013698902482975769,0.002949749129360754,1
31374,105,289.14295558957934,273.8625675439307,0,0,0.0003226799901308137,0.0004273981726597921,0
31513,106,61.148486043959934,102.4371315877435,1,0,0.001984552375407583,0.0018733553914061128,2
31564,107,16.56678508288228,59.380392037000824,1,0,0.0022115467795838744,0.003246957428912841,2
31722,108,69.45251847388411,113.50257572976214,1,0,0.0009616855437819467,0.0021985077468528675,2
31984,109,136.5075426803957,172.73885525351162,1,0,0.002655651033031744,0.0019453978184745715,2
32484,110,296.1277691606041,277.3090241057879,0,0,0.0005560903677209941,0.0004446567331595133,0
32984,111,297.8240937068214,257.93550027396327,0,0,0.0008040157181327221,0.0003691658566102358,0
33211,112,106.14477066365822,142.65199328626696,1,0,0.0008184422695734054,0.0005434548771968064,2
33711,113,277.9458749471254,271.765297317748,0,0,0.0002884526596351898,4.9932414405515826e-05,0
34211,114,289.33735129071545,277.8136555156698,0,0,0.00016214122160930833,0.00032422347434129834,0
34711,115,293.1782774943899,270.51472241080063,0,0,0.0003782418658776916,0.0005286985238588915,0
34852,116,63.14838734409942,104.03352171687445,1,0,0.00041198435002072264,0.0007644472841368485,2
35352,117,307.57574730085094,275.1437425354391,0,0,0.00025186390449202957,0.00039328965492071977,0
35852,118,298.1449473278696,281.09777838809515,0,0,0.0005236958024727997,0.0007067392248743715,0
36202,119,196.82779396639393,225.33107417547464,1,0,0.0009734197111021718,0.00041367723874829565,2
36341,120,71.72623143146924,106.24129570018091,1,0,0.005717384744336529,0.0024254897577651786,2
36841,121,296.0043496708997,287.6589540500479,0,0,0.001100702700779575,0.000516433323759263,0
37341,122,293.2983453662286,286.37736984838284,0,0,0.0010282488967412158,0.000743341865104626,0
37841,123,290.40082452708174,292.79369827766317,0,0,0.001089574605091434,0.0006720399047075321,0
38037,124,91.8157196883322,136.19154626236997,1,0,0.0016805141970755127,0.0017385417872590098,2
38537,125,270.3824839841036,275.47804908888065,0,0,0.0009251983020917024,0.0008474970223459313,0
39037,126,294.3316183685647,291.2251404022067,0,0,0.00045443331662354706,0.0004401527957737672,0
39537,127,288.0550673042289,286.6775225677014,0,0,0.0008585964919792216,0.0008872106095177058,0
40037,128,297.9655829895508,282.70816128103115,0,0,0.0007589377173341069,0.0006947683901177587,0
40537,129,291.62167618004054,295.864681916672,0,0,0.00031262152588597524,0.00048740629934351467,0
40690,130,113.62429519166488,70.17651370161445,0,1,0.0016073828576189876,0.0021980420315495177,1
41190,131,294.66093539700677,291.25227899728014,0,0,0.0009408058418556409,0.0005375692217839685,0
41472,132,190.7919503436304,149.22683037303494,0,1,0.0011213634231922445,0.0015819948729508385,1
41594,133,50.84986523203747,94.90500091506925,1,0,0.001891427088226654,0.0015849591575516485,2
41784,134,138.30954229930492,90.05054536702764,0,1,0.0023659718409948464,0.0015107046241921304,1
42284,135,298.82339458970125,277.764136658667,0,0,0.0007388991271964961,0.000585843180721692,0
42784,136,297.43179289413644,286.6981108847808,0,0,0.0011761008325802415,0.0006840143043413102,0
43284,137,300.4525561448861,282.6503817792954,0,0,0.0012793719283839097,0.0009748939098042817,0
43398,138,49.830015312851884,89.06635910955325,1,0,0.003366141498691767,0.0010019814957341708,2
43898,139,292.30009533694033,287.859834611407,0,0,0.0006858936544765096,0.0010155770921328807,0
44398,140,296.16077679097594,286.9158430584468,0,0,0.0012322418263957984,0.0010048166832058653,0
44643,141,166.9043980196276,118.17593163003433,0,1,0.0011806341664539798,0.0009427672062908691,1
44929,142,198.17398100484584,140.74622401100726,0,1,0.0016152214317040664,0.0008720209766419202,1
45429,143,297.47580075249425,280.7456482367162,0,0,0.0011926820704673698,0.0008309834296471096,0
45929,144,296.7422706280761,281.9804094932073,0,0,0.0015595578246451673,0.0008920799504178067,0
45971,145,2.4634536260979374,62.52426991799103,1,0,0.0032145604243459767,0.00680490413446412,2
46471,146,288.824579969854,276.30355975345776,0,0,0.0015905672766218658,0.001040287031098441,0
46546,147,73.57821183679746,25.93410037777696,0,1,0.0038485106708072356,0.0019835661019704724,1
46736,148,95.01442320299239,135.31367678797338,1,0,0.002456801457587988,0.001975478460973673,2
46779,149,1.428441617295725,11.022225668971288,1,1,0.0009094038533861929,0.0030711693450551705,0
47279,150,298.9629570830136,285.3028394239493,0,0,0.001693694206063134,0.0013084747285967728,0
47614,151,222.57030105925256,170.66221371344443,0,1,0.0021005493875553612,0.0018785037382019532,1
47960,152,194.72355814048015,224.29194676035044,1,0,0.00378986741262204,0.0010520117807735264,2
47994,153,-3.198210362019463,53.94682134587737,1,0,0.0005227786084753709,0.0009905729196003354,2
48020,154,-6.840100287848713,51.664420088184286,1,0,0.001865694287033828,0.0023218654689085272,2
48520,155,296.8443268707107,292.39296836678466,0,0,0.0011512713978439777,0.0005438162318343976,0
48574,156,8.230286608412442,17.240403734026096,1,1,0.0033659969376286405,0.003685160687758595,0
48675,157,83.15153121509607,40.971080663713956,0,1,0.0007514812689801706,0.0024115766421222017,1
49175,158,290.3763739214944,283.88023796066955,0,0,0.001095220906062122,0.0009123149800821503,0
49469,159,196.23505453860446,151.82458111555667,0,1,0.0015528124854384975,0.0014077591507341974,1
49969,160,275.23871340771217,289.9005908843339,0,0,0.00046536138215750884,0.0008221924618245576,0
50026,161,59.469912973467146,16.89209235479916,0,1,0.003785280237905159,0.004170896874391717,1
50526,162,290.36233740020873,293.5291835896181,0,0,0.0005218148940198993,0.0004268364774643789,0
51026,163,271.3230292847003,288.9399165515324,0,0,0.0005134210627852526,0.0006737953568948243,0
51293,164,177.86415964997548,142.03183313395803,0,1,0.001446125302391428,0.0020812667653073535,1
51453,165,111.33970679618312,71.77951631290219,0,1,0.0015219077268947769,0.001322019427683664,1
51953,166,270.1353752878005,290.93281782649166,0,0,0.00041095941092876814,9.494362708515289e-05,0
52453,167,295.47259354648344,292.93550152152375,0,0,0.0007187879138565134,0.00043731169041899873,0
52615,168,72.07935568697897,121.45395523247271,1,0,0.0013369206082419506,0.001207971116673568,2
53115,169,292.18326562468656,290.5890146132912,0,0,0.0002962753528098195,0.0002575008164154748,0
53459,170,173.1475973089482,233.01405289928675,1,0,0.0009507232099022374,0.0014707123488177476,2
53959,171,284.58007344006046,296.7364491538124,0,0,0.00043219916969387183,0.0007564621649383083,0
54459,172,275.9999565530183,295.25854058060185,0,0,0.0005282006923017596,0.0008173519701002709,0
54578,173,88.2253763537709,48.570325065828655,0,1,0.0010163326218499372,0.001071902627947798,1
55078,174,281.433897614012,295.19689341739826,0,0,0.0007748425867825636,0.0011947366111760116,0
55109,175,-4.375198857541358,4.24725726114097,1,1,0.0022640737288258735,0.0042512106191840236,0
55609,176,290.73768291703874,302.707521650136,0,0,0.0006356357697595667,0.0014821309648696502,0
55782,177,120.3985367844019,80.10855675112089,0,1,0.0003061604306290972,0.0008050515637139585,1
56128,178,227.08456404263492,183.99694395422475,0,1,0.0006721801409727645,0.0002888416187050904,1
56257,179,95.58233175263116,52.4947490944043,0,1,0.0008412966818521704,0.000892351902476483,1
56757,180,279.47026313010514,279.28682003683576,0,0,0.00030531514115162946,0.00040235547664833204,0
57257,181,277.7630907829912,275.1493187393115,0,0,0.00041232776130111545,0.0004297133768268931,0
57757,182,286.62868551292223,278.08583848343835,0,0,0.0006016207258780888,0.000724729225652528,0
58257,183,287.67338904772083,279.138918086035,0,0,0.0007420081176088931,0.0006045980479180022,0
58280,184,0.8232041093493585,-7.816076770673796,1,1,0.010743441192728237,0.009843851717954417,0
58780,185,286.41352911826533,282.87944032223066,0,0,0.0005730470399228415,0.0006274478330434691,0
59280,186,298.08029919646043,279.1462343159179,0,0,0.0005791469622032588,0.00038741051764874134,0
59780,187,282.93492351097706,291.34330999512963,0,0,0.0006465094385436928,0.00033575057303028826,0
59952,188,85.01264865168554,126.99632270341307,1,0,0.00233279648366539,0.0017956868432532141,2
60452,189,300.242521227871,305.2682701786332,0,0,0.0003493379628677547,0.001321796048620062,0
60553,190,82.55009521432311,38.14970209892578,0,1,0.002708841047379405,0.0036230742989295977,1
61053,191,290.10782721660684,291.91962586702675,0,0,0.0007099752736775222,0.00034999141235489417,0
61553,192,295.2964613918822,296.9846660727575,0,0,0.000610347042251974,0.0008551908031944984,0
61609,193,60.608131444793884,16.395844587601353,0,1,0.0027813381402172453,0.0037521498941208565,1
61704,194,81.21938912925275,38.49430375858326,0,1,0.0013525647916669634,0.0014691449814091251,1
61962,195,173.52472461646522,128.43097224111773,0,1,0.0009436900335250993,0.001308798487474685,1
62462,196,294.00584447777476,304.49870282814953,0,0,0.0003603235202122386,0.0006127467747325515,0
62484,197,-8.055212307547754,-2.1149121043667094,1,1,0.003996733732045132,0.0027629509505856407,0
62705,198,160.45446011935826,114.23864720461313,0,1,0.001911322235351446,0.0019309446465979145,1
63205,199,288.9106426956179,299.93007612956256,0,0,0.00030766233645520186,0.0003276294083984419,0
63705,200,301.6164491369383,303.27638537156145,0,0,0.0006041357519729511,0.0008046909837746741,0
64205,201,298.1184874880092,300.6115537670296,0,0,0.0006152720320320185,0.001024243252226802,0
64326,202,97.93811884144188,53.16785989109016,0,1,0.002184635066684117,0.0014824555986046014,1
64826,203,302.5884899259476,283.62425347606444,0,0,0.0007041652255350132,0.0003340678407781101,0
65026,204,135.69496666989195,98.03115463243631,0,1,0.0008377246281046828,0.00040459883336119737,1
65242,205,148.6118937919923,97.95941295338407,0,1,0.0013607606100554308,0.000923525519324052,1
65742,206,288.43318658465955,296.3487026134958,0,0,0.0002824726864221204,0.00036015767482056315,0
66242,207,297.25053869156955,272.82023347743143,0,0,0.00039917040593892317,0.00032733428428213503,0
66742,208,281.1372360772631,278.32716582158577,0,0,0.00034054249552627257,0.0005322165966542869,0
66938,209,140.42832699096272,98.71648731378752,0,1,0.0021880804299264102,0.00164663652614358,1
67438,210,282.18534646847786,296.4010425978247,0,0,0.00023918580176021434,0.0004527559795150455,0
67938,211,296.510233661748,292.72076777385,0,0,0.0006070415135618267,0.0008969614243509582,0
68438,212,291.3383705447435,292.3560080684169,0,0,0.00031705397647438304,0.0002437740961650052,0
68938,213,300.66614894580374,298.6247610338634,0,0,0.0005718081336668373,0.0007825579871600657,0
69036,214,40.90874278245931,84.05399179029195,1,0,0.00176239271240604,0.0020025463635441917,2
69277,215,124.53567574228467,169.10398714989455,1,0,0.0017537108738827178,0.002141837606140756,2
69777,216,295.06489905992356,288.6107584007694,0,0,0.0005968554543623793,0.0007799549115743505,0
69951,217,124.57951123729734,88.91040789976445,0,1,0.002236581102415932,0.003504219752017101,1
70451,218,294.89772950325715,302.46601398927004,0,0,0.0004963073422194123,0.0006559967931576133,0
70531,219,32.44344309997874,78.42342310047059,1,0,0.00387416710843657,0.003963573690111434,2
71031,220,297.69379746138935,294.2900348152203,0,0,0.0012773045278078059,0.0008317899268929326,0
71531,221,292.65895406213474,294.17822572716415,0,0,0.0003686250955355514,0.00027693045456999514,0
71912,222,213.17887785559083,256.8110282414462,1,0,0.0004036203243707277,0.00027965016720552367,2
72412,223,295.8918717981669,298.17693774397657,0,0,0.0002674101729454619,0.00025589317184131216,0
72912,224,298.82328375565794,295.8202870225361,0,0,0.0004446421578340147,0.00029362227329205766,0
73412,225,301.4746347498101,293.91878223619483,0,0,0.000217646935509296,0.00019431764476680112,0
73912,226,286.42997495336806,282.77237494117173,0,0,0.000116575814994926,0.00014919887220896235,0
74076,227,127.98515252365601,75.35573330865867,0,1,0.00163477181786093,0.0016322751526263303,1
74576,228,299.47544121874085,303.19740884258874,0,0,0.0006433483669469411,0.0003438213245949253,0
75076,229,297.2943083133427,299.8101801651181,0,0,0.0005497346922816144,0.0005976725476999271,0
75141,230,25.664046669569924,66.95263504329566,1,0,0.002128145342130154,0.003206472970970256,2
75266,231,97.45834702300868,55.588955538010566,0,1,0.0019724875740380022,0.0037833833687999246,1
75766,232,305.2395107751063,288.86346723298317,0,0,0.0007972483781745875,0.0006818124981814919,0
76266,233,301.9752444205044,296.3842282568419,0,0,0.0006183518346662828,0.000802108377641237,0
76331,234,22.869093849246898,64.91088304999023,1,0,0.004481193987146331,0.0017557233419451864,2
76831,235,289.8187110091938,297.02007926061833,0,0,0.0006222984716158087,0.0005914521064959617,0
77331,236,301.85168493991506,305.20000152224713,0,0,0.0011392890868660115,0.0007220470494114459,0
77521,237,97.07619830161504,138.51730236468612,1,0,0.0024722673445674768,0.0015322326196874044,2
77910,238,216.1318732433004,256.39413506468924,1,0,0.0007260895072949583,0.0003821605545891507,2
78112,239,143.8898355937866,101.21031279769004,0,1,0.0013438525746574386,0.0014980637945012066,1
78526,240,228.4511552070051,271.8276413992574,1,0,0.001248364874303281,0.0010568738337327968,2
79026,241,302.3502557288267,306.924696943192,0,0,0.000735649742094107,0.0010230161319202743,0
79098,242,24.446231216160168,74.65609756125177,1,0,0.002577230093463601,0.002217250121711957,2
79598,243,292.3376410414003,300.813052510957,0,0,0.000600975190822316,0.0006470088617741304,0
79715,244,57.181298083625805,102.83894894104161,1,0,0.005489412946812616,0.0037427093473961317,2
79776,245,20.224107489690756,64.34794935842123,1,0,0.003254109659445889,0.004358933616447913,2
80276,246,298.692799578526,307.9219533520425,0,0,0.0012983658169459056,0.0013400008815182694,0
80487,247,149.1778498943801,107.34145703606652,0,1,0.0027289603728983818,0.002285455880456568,1
80641,248,70.70804217546683,121.67585185752328,1,0,0.0016115186812132487,0.0021922992549409694,2
81141,249,293.34823262706203,307.4144906145645,0,0,0.0006546988031338856,0.0011820095805094937,0
81641,250,295.8834468540459,298.41380165757005,0,0,0.0008524926399189626,0.0007116610454032433,0
81705,251,19.122481069720045,66.24271295673032,1,0,0.003056564973665039,0.003253746471822541,2
82205,252,237.1072335004104,298.4997084806805,0,0,0.001476312261355748,0.0002539882979443837,0
82345,253,62.10934973550842,112.33699900263358,1,0,0.0021798945587815388,0.002167205718097831,2
82369,254,2.394139956303789,-6.679021217223124,1,1,0.012430339262069358,0.006022241170432846,0
82488,255,90.96171176553693,53.643975440523114,0,1,0.0012472395290504571,0.004294556658079486,1
82988,256,298.7124644236194,293.9832140549875,0,0,0.00020457579415928857,0.0004303359596668963,0
83172,257,93.36519377616395,136.831351453481,1,0,0.004909337169861642,0.001481393244479316,2
83672,258,257.49925431828876,305.477144178505,0,0,0.0005645876389089995,0.0006398712795047692,0
84172,259,285.54876661940654,305.1978562187873,0,0,0.0003530351701173854,0.0004952862680227619,0
84193,260,-1.8169906933821096,-7.565761526334587,1,1,0.0026530599290413813,0.0017901294447010634,0
84693,261,303.3031402595939,309.6674167344368,0,0,0.0005979719649354458,0.0006178249717316968,0
85193,262,286.83917834249445,307.9318404638201,0,0,0.000217188296946343,0.0005661901876258018,0
85693,263,295.0021500363781,304.6949737385104,0,0,0.00016292096516252628,0.00023651654727069904,0
86193,264,288.94983096448084,297.0314331663937,0,0,0.0006738686755127082,0.0006703242857741417,0
86693,265,299.77451898168687,312.81770312560064,0,0,0.0002519491308738267,0.0003118491272667391,0
87193,266,282.1334476070445,285.3535539605314,0,0,0.0004384037763628539,0.00023303564155491456,0
87693,267,293.1456473983371,309.9716015680324,0,0,0.00011577609569106893,0.00020420677338066955,0
88193,268,277.13156096175135,292.3056025473896,0,0,0.00022505312027532265,0.0003486413210020579,0
88693,269,298.1152746984284,296.72242120995736,0,0,0.0003099328437436004,0.0003043463047996898,0
89193,270,291.68969213807407,300.21673869967236,0,0,0.0004499588555081861,0.0002972105324845237,0
89693,271,291.05834049974476,293.0393717863503,0,0,0.00034751241559050316,0.0002409778262977603,0
90193,272,294.9423843597985,310.0817752548355,0,0,0.0006415719186810288,0.0008021993843395053,0
90693,273,291.24453767361786,307.3144324008482,0,0,0.0007750358831033884,0.00018166635956136417,0
90908,274,154.39415929752147,114.77343587797169,0,1,0.0018989975752771223,0.0018379786794441599,1
91008,275,84.09920676784836,43.450389017064424,0,1,0.0008407415924647787,0.0018607048843713376,1
91508,276,300.87109463126035,307.16031882636383,0,0,0.0006795992980525164,0.0009252555061672712,0
92008,277,296.75334427763414,300.70141259837004,0,0,0.0014537413263869762,0.0007347521840559663,0
92508,278,282.31547194373974,309.5944484633868,0,0,0.0004990231901758262,0.0008175954119179582,0
93008,279,297.16629720165247,307.43840340734556,0,0,0.0006562754638867251,0.0006424383987370911,0
93508,280,302.8114671001944,306.80864418813394,0,0,0.0005207125917313378,0.0006267451133057547,0
94008,281,307.1102929085728,297.92054507946636,0,0,0.0005302793973563414,0.0004945919181124579,0
94139,282,99.99003191261846,55.850475834733686,0,1,0.0014776600223899133,0.0015709879038384121,1
94224,283,36.28818263615817,29.88293607465309,1,1,0.004190112987787055,0.0031243168259217123,0
94413,284,106.8984937838855,144.38702589816248,1,0,0.0046796812759532435,0.001834134355443356,2
94489,285,27.65940386089881,74.31795096017716,1,0,0.0021557330244781655,0.002946804509458899,2
94989,286,305.18016232218474,294.1226389530007,0,0,0.00026208471875817065,0.0006368832803319613,0
95489,287,305.13034551649736,305.70578680249974,0,0,0.0006476931026810683,0.0006589038376468036,0
95989,288,305.1957781043213,273.62682240317446,0,0,0.0012421984912316757,0.0007532220200456534,0
96025,289,4.942484493612042,-0.05525698517684674,1,1,0.0031521220921244325,0.0026408686468284166,0
96525,290,311.4083967087137,289.9174888916553,0,0,0.0009582413550842217,0.00033992265243345605,0
96728,291,98.30878381507624,148.20211546113356,1,0,0.0018575781666907993,0.001949348544748751,2
96930,292,108.50008985036465,143.09686136099765,1,0,0.0033506599990507525,0.002102634423480545,2
97430,293,293.6897622653134,287.50951688963164,0,0,0.00043528587051891,0.00021509202518174157,0
97562,294,59.780141263386994,107.75821630852796,1,0,0.0020762720733587545,0.002137123660056443,2
98062,295,303.17531986071316,291.0253645568564,0,0,0.0008763637923881399,0.0005284718310409136,0
98225,296,76.36171797629373,125.27723859778595,1,0,0.0023736648916718598,0.001346231230021431,2
98391,297,74.06352783628788,120.61464670801908,1,0,0.0012738167184287036,0.0004907327712666624,2
98891,298,299.77284979924485,300.214159650257,0,0,0.00018556774447402857,0.00028191950754596,0
99078,299,89.94740732421477,138.1203914068241,1,0,0.0017455844902055531,0.0012371224194922,2
99578,300,299.7572109537365,291.78328157139583,0,0,0.00045118045942054005,0.00022497062622247295,0
100078,301,296.1294307494922,298.28436316837406,0,0,0.0008053075858400107,0.0002607276709266236,0
100197,302,51.569779035610104,102.10039210355563,1,0,0.0034629878258672277,0.003447024374197083,2
100697,303,295.41239429193695,301.2058821571002,0,0,0.0005464611480479685,0.0005567078852324823,0
101197,304,293.03247956064405,301.0649546897298,0,0,0.00046183139476789806,0.0004512638974185315,0
101353,305,120.44153129355387,70.86670208921049,0,1,0.0030769834728095026,0.0013566412214981926,1
101853,306,282.72288821961797,272.951097552064,0,0,0.0011209750758950678,0.0003488636303343946,0
102030,307,132.69529979185623,86.26378766349362,0,1,0.00272598855964385,0.0012359091853799311,1
102530,308,295.7900706476318,294.5293121218114,0,0,0.00038555829027983845,0.00027118385794655455,0
103030,309,291.55261510273584,301.6871903772931,0,0,0.0003693743530633082,0.0005784689467897836,0
103530,310,282.6645660319138,300.4242849044802,0,0,0.0006788187836258658,0.0007154665452867866,0
103682,311,79.15338671485038,122.45089365050394,1,0,0.005228746209277614,0.003102253163325458,2
103785,312,88.34310802976087,43.36065837636792,0,1,0.0021420182482397524,0.0013630870727439348,1
104285,313,299.9673378705438,298.7974029570671,0,0,0.0011679842343429942,0.0006265364708841279,0
104785,314,304.33504345538313,303.0986043745887,0,0,0.00057596775575521,0.0006731883973160533,0
105072,315,196.43660719918185,152.81488984477193,0,1,0.0014519651736542708,0.001239183823176341,1
105572,316,291.5623952107981,308.89020212502027,0,0,0.0007749292653202132,0.0009610315602587192,0
106072,317,291.83777269859877,303.6077367890998,0,0,0.0008104851334849922,0.001016825271837525,0
106158,318,34.38112540146501,28.19815601027093,1,1,0.0021367777610518373,0.003527683779814668,0
106244,319,31.02294620897628,77.47249207803625,1,0,0.0032087451348570104,0.0027202463934067776,2
106744,320,290.2406709640728,303.12090466176943,0,0,0.0005607780280238399,0.0006051630091802541,0
107244,321,293.1021874565576,310.72605892320814,0,0,0.000544742760425348,0.0008811723282531576,0
107744,322,299.0206183703517,299.1122760380128,0,0,0.0003974831372797673,0.0006478005820053328,0
108244,323,290.1917884647436,296.86952628679177,0,0,0.0002908968465944142,0.0007934387908653472,0
108744,324,300.85427202077943,307.95755387079555,0,0,0.0005742558078959256,0.0006473378815791152,0
109244,325,299.9170741560423,301.0602215694184,0,0,0.0014005843410679264,0.0013611960016333253,0
109744,326,304.90145000390163,311.7421678071981,0,0,0.00045417162930492757,0.000960593675994277,0
109887,327,110.43894653589295,62.908109786956004,0,1,0.001367389952980268,0.001360041043347085,1
110059,328,130.38678033788926,84.10889702053585,0,1,0.0039149347925034935,0.0018632368446145993,1
110559,329,302.5367127872094,303.13900163000073,0,0,0.0006538008287217437,0.0008059763984556223,0
111059,330,305.32345748769353,308.9409804494299,0,0,0.0006100287256947372,0.0006797672558282945,0
111559,331,308.32159265048625,299.3704108536855,0,0,0.0008569229894507662,0.0003344080020167311,0
112059,332,302.08964960117794,304.6061118461122,0,0,0.0006753485720334299,0.0005391318682149567,0
112559,333,300.5549116584935,284.38812736658315,0,0,0.001019477017514711,0.0006302461989558825,0
113059,334,304.72693342126695,302.1932436734917,0,0,0.0006691483508408647,0.0007917915457436449,0
113559,335,302.07615806695145,306.2834233862525,0,0,0.0008828144771749708,0.0012665881854215136,0
114059,336,290.9096389549965,306.3869817870401,0,0,0.0007592415999279158,0.0005611411009789598,0
114111,337,15.944333122269612,57.828222508281804,1,0,0.005815430758415436,0.0027405870150289504,2
114611,338,307.4822393724315,308.8017945181057,0,0,0.0006883468168787453,0.0008049843199001367,0
115111,339,302.5656633184136,303.6969713412683,0,0,0.0006056337702832872,0.0005872092873664835,0
115611,340,303.50660339247537,304.5593410854656,0,0,0.0005343156289415136,0.0006188661036447522,0
116111,341,311.1343340480513,304.98957477999403,0,0,0.000831809997257045,0.0007060987335776561,0
116611,342,296.83411957212064,306.9902955376426,0,0,0.0005258435934970727,0.0005114418489267739,0
117111,343,296.9443164660985,301.8950514618706,0,0,0.00037378834621536086,0.00044028064270435987,0
117611,344,299.292586979147,306.71097887765944,0,0,0.0005311282045872938,0.0002332617293966147,0
118111,345,303.72701141739725,308.9121771120015,0,0,0.0005336334020010813,0.0004339419424475477,0
118611,346,305.2039010195217,310.4527867686202,0,0,0.0007741794765292113,0.0005802898695544949,0
119111,347,304.1400403257,316.85925837412975,0,0,0.0006244679418238216,0.0007807830433394918,0
119611,348,301.03587653543,315.93017952378807,0,0,0.0007903307405189575,0.0008314422845493855,0
120111,349,294.5755294734256,296.3468102334244,0,0,0.0006371621945952214,0.000473672634766102,0
120284,350,89.22064416994428,130.97304122397674,1,0,0.00252134588092778,0.001992655732160445,2
120784,351,303.8922008957331,311.89293072083507,0,0,0.000481902291443907,0.0005777790561410958,0
121284,352,299.5631678437735,308.04625283283997,0,0,0.000830143769537638,0.000766822194506805,0
121471,353,89.6434871647187,133.8746822828336,1,0,0.002120838602627405,0.000782321057839719,2
121971,354,304.33547823025464,298.3434260935114,0,0,0.0006038694862144174,0.0002221365028651454,0
122471,355,295.08706864891457,300.08972558575573,0,0,0.0007513107433803148,0.000665706965701663,0
122607,356,110.52867137625398,63.814506119696546,0,1,0.0029084357767217377,0.001631370879992038,1
123107,357,301.2813416065613,306.37379481393754,0,0,0.0009496935596820926,0.0003719599206770364,0
123361,358,134.8811471768613,178.1788094897748,1,0,0.0023397253778447316,0.0014039254610195763,2
123861,359,300.9428088499935,314.17755441937805,0,0,0.0005807333809128792,0.0006002041877205833,0
124361,360,303.3552174092537,310.01953572888925,0,0,0.0009144885867077252,0.0004632903037824665,0
124496,361,103.21611013036349,61.98584846554368,0,1,0.0005229986169227866,0.0017632993365563907,1
124996,362,301.64884209007266,311.7806647550797,0,0,0.00038699841093248227,0.0007676729241077823,0
125496,363,302.31975715317645,314.3629658845192,0,0,0.0007151586292166156,0.0003811428174684865,0
125644,364,119.01106076591009,77.04564733752389,0,1,0.0020731705856293038,0.0030778034309235395,1
126144,365,306.06773226851914,309.7537446788124,0,0,0.0003825920366368483,0.0005427940112725835,0
126644,366,308.41379175496,319.29704092361203,0,0,0.0004872645285441988,0.0005644211487233678,0
127144,367,299.8248394886588,304.6804557305494,0,0,0.00031943253566293195,0.00030984221874948603,0
127644,368,300.10181867935245,314.15638573753284,0,0,0.0003331534063877546,0.0009911444457903764,0
127745,369,87.30483800060188,41.1962155149148,0,1,0.0019501069727409378,0.0016296051239003872,1
127889,370,113.12421613439217,65.65290251712213,0,1,0.0013981138002479956,0.0009350747720332774,1
128389,371,298.02491901948963,313.67308721583265,0,0,0.00047026633942751924,0.0005522313512312432,0
128549,372,122.65105529756454,81.432427263007,0,1,0.0007607241893062654,0.002014486269919785,1
129049,373,309.44233605562647,312.55063677441507,0,0,0.0006076262515602124,0.0006362195653824598,0
129549,374,304.8210623642184,311.31462717346824,0,0,0.00041413849972146347,0.0006631426229684771,0
130049,375,300.56445280414596,316.9240811449125,0,0,0.00035772672133670694,0.0005067580295377254,0
130549,376,306.3700035707935,317.4420768802078,0,0,0.00046521518232106764,0.0003552501373505048,0
131049,377,307.46684332342767,310.57844205956343,0,0,0.00033486710473013296,0.0007112651836922255,0
131549,378,308.3201482875158,309.4266032654186,0,0,0.0004849810112297948,0.0004710233430988534,0
132049,379,308.3994591993728,313.00080620318823,0,0,0.00041097597184151986,0.0007002078426265106,0
132549,380,313.2883105763268,309.83917423720214,0,0,0.0005773655720541254,0.0006455264715852579,0
133049,381,301.87816990397255,315.32609395649564,0,0,0.00037554197784861226,0.0006251692399932342,0
133549,382,301.0104044412195,308.7700467321047,0,0,0.00034582934085284944,0.0005256840745100191,0
134049,383,303.024096607895,299.85542404795257,0,0,0.0006188495147156749,0.0002753834332274704,0
134186,384,107.02858313628901,58.93065800971542,0,1,0.001996498511681783,0.001591213546358291,1
134686,385,310.3744920135003,307.6393387283168,0,0,0.0003038547316294062,0.0006855828490288772,0
135186,386,308.8016386362377,301.9743525728487,0,0,0.0009538909872850319,0.00038324915323935616,0
135686,387,312.1334590387336,311.8046363193904,0,0,0.0005274093405454955,0.0009366225249571086,0
136186,388,310.71146496962035,307.04412907976496,0,0,0.0006202820904251564,0.0003540057689640305,0
136686,389,315.1527002413564,305.29269098694715,0,0,0.0009643157430187101,0.0004806978101813059,0
136904,390,157.9366194190613,114.37064159077897,0,1,0.0017314207833609918,0.001028039134198641,1
137404,391,311.839365965926,309.9264268068461,0,0,0.0005485430202372927,0.0005031829736305315,0
137904,392,318.22275433804396,312.14081213838415,0,0,0.00041122100617135143,0.0007937296381660729,0
138404,393,314.18085141848735,312.3668147972757,0,0,0.0004876441585991102,0.0004459750499302027,0
138904,394,304.21126491660414,301.68973827406586,0,0,0.0003927013740160148,0.00048478810179955186,0
139404,395,314.47461822072574,315.27134103390546,0,0,0.0005985326176958971,0.000542344113718964,0
139904,396,299.71669268103994,301.5260324616666,0,0,0.0005071358097651134,0.0004802107825944695,0
140404,397,313.03737252542777,307.6454203945852,0,0,0.00025795196358093474,0.0002864678939699512,0
140696,398,199.06856611951284,142.54176478953528,0,1,0.0009313137884407511,0.0006887173895520283,1
141196,399,297.25796544115707,305.6101522002904,0,0,0.0006242598541851425,0.00024472801306554067,0
141696,400,316.2787393685269,307.2641164864462,0,0,0.0007996926134774293,0.0005631337097807525,0
142196,401,314.46377229349605,313.6569258877949,0,0,0.00047158661723155544,0.0011798456135056166,0
142696,402,307.83347800017987,292.9360366177671,0,0,0.00030957727377970166,0.0004820472077226006,0
142969,403,192.52440756688347,152.61243267692316,0,1,0.0006308118668662574,0.0013429057180837567,1
143469,404,301.8989543792398,312.39380126315956,0,0,0.00018614479323350347,0.0006281681990482237,0
143797,405,214.38720752449416,176.85312144143754,0,1,0.0006990861897817811,0.000816333252603723,1
144297,406,308.2233793292865,313.3368388056715,0,0,0.0005111426204941441,0.0004997030035943429,0
144797,407,306.1279564694655,307.0372014580353,0,0,0.00037405980239272864,0.0003974187316142403,0
145297,408,295.6734920831554,308.56266650028743,0,0,0.0002553923405179343,0.00031331317142428374,0
145797,409,301.9725723305196,315.6635941065084,0,0,0.000602444236942577,0.0004194496101215796,0
146023,410,159.4276089703194,115.05660440008464,0,1,0.001093749315518697,0.0006086575732393734,1
146523,411,309.18517891098315,314.7194373474319,0,0,0.0006074889875511216,0.0007303389950165026,0
147023,412,305.5098408684198,313.9970340866518,0,0,0.0002093392053163577,0.0006475921734934978,0
147523,413,299.86157380402295,299.9453541556409,0,0,0.00031841650796374997,0.0005184366385986772,0
148023,414,303.96046766000745,314.9270016915052,0,0,0.0006842477519589306,0.0011717936786331269,0
148523,415,301.01128558637265,310.34427716451097,0,0,0.0003526583505976182,0.0007243108775466424,0
149023,416,301.98402398733674,307.899483431694,0,0,0.00023181652479702802,0.00012443163787183604,0
149523,417,311.3935426992869,315.38401800102616,0,0,0.0004118646365366174,0.0005350394997110131,0
150023,418,306.0221778688243,319.05214482231906,0,0,0.0003548284616256866,0.0002741335584281913,0
150011,0,-16.18683626189697,-5.436770960711645,1,1,0.00022049465053657852,0.013300077442698843,0
150511,1,298.0360819948828,316.0731755309951,0,0,0.00045801241081518395,0.0005306773619824602,0
151011,2,292.09545498924024,312.21766687704735,0,0,0.00033146828677654876,0.0005152729386157542,0
151511,3,284.25527055029096,272.17797375311903,0,0,0.00017109840761795475,0.005357302894086247,0
152011,4,283.4644602138116,279.97428654599565,0,0,0.00020338443580031468,0.000253631903612636,0
152511,5,266.4584510780319,261.42998196416994,0,0,0.002964532426492426,0.0007701802679825438,0
153011,6,378.6527037073637,179.4646796818548,0,0,0.043262864635892594,0.0003475471389888429,0
153025,7,41.0510629436306,-13.947601468820448,0,1,0.00822956340692735,0.003058437892386869,1
153049,8,1.37379400003584,-6.326944725579207,1,1,0.005791195127231076,0.003911710347380682,0
153111,9,27.826440865338213,18.204160100560873,1,1,0.008989649593568443,0.00652627158391558,0
153611,10,282.3949151306638,300.9221192993449,0,0,0.0004905676648232617,0.00074543258909264,0
154111,11,286.4721399965292,267.10955807625373,0,0,0.00025685134159787444,8.15117855160458e-05,0
154611,12,281.34770386206117,303.5795709773331,0,0,0.0006538983135450164,0.0004138013698139529,0
155111,13,296.220124244951,297.9409974893625,0,0,0.00044705735402977696,0.00034014959114337615,0
155611,14,287.9484079363865,294.0507779590657,0,0,0.000687620774355759,0.0006267410363208219,0
156111,15,248.7986085741259,301.2871817386168,0,0,0.0008648077278418333,0.0007592380446455381,0
156611,16,230.95361398365768,253.4109116724179,0,0,0.001741982781640049,0.00012843995708808505,0
157111,17,231.3120441827844,290.1342250671275,0,0,0.00012870009380474762,0.0002348646626635473,0
157611,18,269.9842170199371,299.6745559893594,0,0,0.00015654120832341533,0.00042726428464269267,0
158111,19,286.2606821092079,304.88230132065974,0,0,0.0004942206466139744,0.0006750019687570703,0
158611,20,298.0540939309796,301.6603183952586,0,0,0.0007681761423287706,0.0006476482691591973,0
159111,21,284.23755111909696,277.9824086034135,0,0,0.0003718293720616786,0.0005671353803137306,0
159611,22,288.3793750308134,290.67505059836276,0,0,0.00030008587636272464,0.0003314352885269022,0
159852,23,166.10773128424538,117.14638949322892,0,1,0.0007181343316564564,0.001401480674486388,1
160352,24,296.8464608110089,274.956814857497,0,0,0.0006785450459810626,0.0006545357571899291,0
160852,25,305.21356055175835,286.56495031162285,0,0,0.0008210765738168042,0.0005994338434042527,0
161352,26,312.57852128191155,298.6707237448312,0,0,0.0004404668690557791,0.00035324832300761557,0
161852,27,296.73113460165206,298.0926356731185,0,0,0.00041997996264398884,0.00031802141276615983,0
162352,28,282.35842441345585,280.5495206939057,0,0,0.0005778982711705862,0.000727933305335476,0
162852,29,294.01167778049506,299.8219272633617,0,0,0.0005939887662034366,0.0003703179780232534,0
163352,30,291.3256518601653,297.8312909822485,0,0,0.0004976548698766681,0.0008106342782264935,0
163398,31,13.371888165960737,5.556365103922392,1,1,0.007440784885841446,0.0027652403312637295,0
163898,32,300.8939765208833,294.89905275422893,0,0,0.0009834919991298817,0.0009123022374561531,0
164398,33,295.1691554109918,300.5456478597017,0,0,0.00036545855612084613,0.00043211493683752183,0
164521,34,54.47238696484374,101.2897662342609,1,0,0.0010107611870330871,0.0011056975860851627,2
165021,35,293.1554779981685,312.3292146848712,0,0,0.0006127495936276136,0.0007048790454816256,0
165194,36,80.17884658266009,131.68566886600712,1,0,0.0013876850968791846,0.002959092014207848,2
165694,37,300.6536329963929,301.1404994227862,0,0,0.00044492349066640877,0.0006914395073482874,0
166194,38,303.1753766392089,287.27809043905717,0,0,0.0006623884610704459,0.0006525374954266846,0
166694,39,310.16697853318357,298.38247994145456,0,0,0.00035157082526247375,0.00040380529767587356,0
167194,40,296.4414468278499,303.0795588616886,0,0,0.0006102763125761231,0.0005426349278117368,0
167694,41,308.5154002171561,297.69052602129756,0,0,0.0005734207802290313,0.0004727501191723672,0
168194,42,292.08905413701723,297.13083987055296,0,0,0.0005586846219519776,0.00040179800046551205,0
168694,43,298.6849620964611,289.7046137680179,0,0,0.0011752222803466659,0.0005442058155198078,0
168852,44,128.46997694138747,91.8454053330387,1,0,0.05910757068909471,0.0005576596922438157,2
168908,45,74.62686345088699,9.48885421469473,0,1,0.012238625286117652,0.0024367923905414045,1
169021,46,88.63049542718016,68.50711037674331,1,0,0.06140776757558256,0.0017654152836320757,2
169521,47,343.38281635979985,245.48384373324785,0,0,0.034263745923536544,0.00033945271632729936,0
170021,48,322.874479677457,246.51557638058668,0,0,0.030045618271011258,0.00019553796478640706,0
170521,49,324.6750582699996,242.1096253774542,0,0,0.03055196657880132,0.00032283862756569867,0
171021,50,328.6775679664837,245.3761167468057,0,0,0.030513541119318692,0.00030552097482055163,0
171521,51,292.03843577774666,288.813643568191,0,0,0.0002876461463687289,0.00031327285486985694,0
172021,52,285.3732107457936,296.8481878194497,0,0,0.0008419748973362576,0.0005705496873560488,0
172521,53,294.5377177918222,283.92467768309143,0,0,0.00040963187108673474,0.00027543139267762205,0
172653,54,67.9946346512798,96.3883966045417,1,0,0.015875300750508168,0.0009060180413123953,2
173153,55,347.8471368132157,257.9041108350744,0,0,0.02868741160539724,0.00022415918323967602,0
173653,56,292.6792092489845,296.36801693347434,0,0,0.000742036578595483,0.0007214360551298092,0
173744,57,66.74691989155336,22.44600541687,1,1,0.039598015347020184,0.0011982490328718033,0
173912,58,144.29536721242073,61.395107820031726,0,1,0.023660924688580224,0.0022731846651984572,1
174412,59,306.7234203625045,287.97632175981516,0,0,0.0011505406441170622,0.0007420659566712082,0
174437,60,-7.401414906283753,-1.2704154261549263,1,1,0.0010980578946099414,0.0021851518509028727,0
174937,61,289.22301516239077,295.91764078293886,0,0,0.00037378359737052927,0.0007669038159323824,0
175437,62,308.1590149846668,288.7256503260463,0,0,0.001883082264109722,0.0006355262896861033,0
175937,63,330.06327610058366,252.6688428872614,0,0,0.024946303055448378,0.00019359877944121287,0
176437,64,308.6520009805707,302.19676198624154,0,0,0.0008182464042704754,0.0007752850111248706,0
176937,65,294.4721428434107,294.5810060265624,0,0,0.00040314605401616454,0.0005805085156379969,0
177114,66,89.31538667527926,130.39288699257426,1,0,0.0037020361318535915,0.001780271288728987,2
177614,67,276.1059078730074,288.8752628356525,0,0,0.0003804078366282123,0.0007710637993125492,0
178114,68,303.83059770317226,302.09009603828986,0,0,0.0007366092857798393,0.0009995611797840513,0
178614,69,288.5911245662715,279.0152244132857,0,0,0.00016665738384730744,0.0003195456057248523,0
179114,70,304.20246263411724,298.0258506555578,0,0,0.0003072826206970029,0.000536059319691046,0
179614,71,295.9545444904978,300.16126197556156,0,0,0.00035757978249187074,0.0007577673924718212,0
180114,72,293.77773151403284,287.9360868290298,0,0,0.0003408500283245771,0.00038366310859566535,0
180148,73,7.080840617997879,-2.77312539706395,1,1,0.0027763633089422646,0.0018117452341654696,0
180648,74,274.48155806934875,298.5306086152807,0,0,0.0008492398383657249,0.0010044907401434433,0
181148,75,300.373191602942,295.17065083087465,0,0,0.0009581231162576735,0.0007042304123603902,0
181403,76,133.36607173690027,182.656197141724,1,0,0.0018762221141038573,0.002846764742166566,2
181903,77,323.1501637084978,283.04897041803883,0,0,0.011810956829595877,0.0005357884226690632,0
182403,78,290.0301208163849,295.87002209923946,0,0,0.0008261952562001722,0.0007473650655498795,0
182903,79,297.07909821112054,293.029735425223,0,0,0.0005225059414762655,0.000778906472345819,0
183403,80,295.2760912956191,302.69764890557167,0,0,0.0004344461760572133,0.000418735262636482,0
183903,81,304.6643402431151,292.1609115773228,0,0,0.011208993917505137,0.0006688985163145515,0
184403,82,295.5082156229258,291.795316968162,0,0,0.0006256936173012191,0.0004650724845654577,0
184903,83,302.9249881028935,300.07918109125706,0,0,0.007158554830875902,0.0006177849887781378,0
185019,84,97.13182436557433,47.63969348749043,0,1,0.002269646405124687,0.0017630765592344614,1
185519,85,305.07052648670026,301.9348620475873,0,0,0.0007910516543919126,0.0013903756305708773,0
186019,86,288.27857126981604,286.7235423325499,0,0,0.0002327899926398574,0.0004117327028099965,0
186519,87,300.1344410416035,297.7818642030027,0,0,0.0007826070022729896,0.0010632316678544024,0
187019,88,303.4894558430079,288.53350655480534,0,0,0.014633042163434879,0.0010035252052011513,0
187519,89,294.6347325301508,301.4978139122418,0,0,0.0004872039391359869,0.00044978821160402695,0
188019,90,302.1790101530745,310.6301777013586,0,0,0.0005663573677005266,0.0009030961147038579,0
188346,91,177.14325699539046,209.5233655705433,1,0,0.003530169773536096,0.001644295508971061,2
188555,92,101.88803587953464,148.59286217009955,1,0,0.001587508845692928,0.00214474262644143,2
189055,93,415.0378948634532,206.5011587116421,0,0,0.048195149608337075,0.0001099171183042454,0
189555,94,370.1473321488178,247.59418250233963,0,0,0.03715299753825088,0.0005704826681677369,0
190055,95,357.60702994964754,267.92043696585887,0,0,0.032589432551883436,0.0013695028054903737,0
190555,96,364.23812184998866,256.01621919900106,0,0,0.032747745307900505,0.0012944589430967093,0
191055,97,326.51677615556156,286.255824859862,0,0,0.010392052611377678,0.0002429148024832954,0
191555,98,376.1465758742326,247.96129761843423,0,0,0.03513282138154758,0.000555300148823015,0
192055,99,380.7273103001978,241.15487153972964,0,0,0.03903405790523875,0.0004099927471281764,0
192555,100,389.3618738456752,247.9093065759904,0,0,0.03960500048318453,0.0006600609510357513,0
193055,101,295.6238690701319,286.68326524508103,0,0,0.011434968182699122,0.00108432543500192,0
193364,102,204.9421786280505,192.46284846445926,1,0,0.029138091416381684,0.0016455743989014237,2
193864,103,349.6482597385003,254.71628750746981,0,0,0.025640854483168028,0.0005858923254954669,0
194364,104,289.10554944278726,301.67763762701,0,0,0.000571879768880139,0.000543042484956339,0
194864,105,288.5833624816315,300.00067498918355,0,0,0.0010515993343703004,0.0007894797924795744,0
195221,106,195.98717568234702,246.9407397354086,1,0,0.001364887420107897,0.0014534749540679468,2
195721,107,295.61203151229364,298.81527873856965,0,0,0.0007652799423936492,0.0006725643519195797,0
196221,108,351.5584606905812,269.1159505263754,0,0,0.025862952523540286,0.0008887110167068895,0
196721,109,303.79989075081016,291.4180291720384,0,0,0.008151750331037953,0.0009416668925561276,0
197221,110,294.4474482297982,291.3631986249113,0,0,0.0006403551793457703,0.0007342530908949365,0
197721,111,329.7969842411204,266.25488186471716,0,0,0.019163559821462086,0.00011530297525858904,0
198221,112,404.6298007591283,229.70408531001706,0,0,0.04422556205242602,0.0006379947276121064,0
198526,113,147.51701782970522,202.4996343270205,1,0,0.001054059904026489,0.0014076297979894708,2
199026,114,362.7890861014507,259.12925513107376,0,0,0.029173054809412045,0.0005133677822372284,0
199526,115,313.3293507627631,272.25546826948084,0,0,0.014347530565857218,0.0012077779549255568,0
200026,116,290.4538963149904,302.68183539964673,0,0,0.0003212895623537872,0.0007260131089051785,0
200526,117,359.7007574254999,251.9835476586262,0,0,0.030556379111885634,0.0007316301472643094,0
200833,118,235.39983974971898,171.38551397714636,1,0,0.043470172580699754,0.001218394103710031,2
201333,119,282.37158667304396,293.5681923474104,0,0,0.0006245808801952933,0.000475395643899604,0
201551,120,132.52246037701968,146.71080911589019,1,0,0.019085816810612992,0.0009777705985803873,2
202051,121,291.687423695174,302.29653177773923,0,0,0.0009450688690900604,0.0007533012852212622,0
202551,122,395.1581862823015,238.9010436914349,0,0,0.0421973921489401,0.0009904518907577892,0
203051,123,342.0547668941962,266.2713009386253,0,0,0.024331555078422235,0.0005961611441864424,0
203262,124,121.85443799078098,142.82549327340791,1,0,0.013359086450923739,0.0009263963156626475,2
203762,125,418.62836182054195,233.2574293171206,0,0,0.04844848072431752,0.0007211568031514662,0
204262,126,281.0025585802629,306.57590545622065,0,0,0.00047983831394854507,0.00043381234144748097,0
204762,127,300.42939803000854,294.84175226183584,0,0,0.005984266064835153,0.0023988169540125233,0
205136,128,210.6342764551665,242.57713545651623,1,0,0.006729464199955409,0.0007200128953281816,2
205636,129,394.5933101562554,236.85576975376497,0,0,0.04269999785322625,0.0006412656420774084,0
206136,130,447.26014103345625,215.00727289972806,0,0,0.05794205577581132,0.00021542451848527113,0
206636,131,326.0222806101657,274.99421147031995,0,0,0.023417418770972413,0.00044093801818980365,0
207136,132,408.93640292018955,233.24547098784225,0,0,0.04858040687227444,0.0003901622594595951,0
207636,133,353.8179808586918,265.593697671764,0,0,0.031152755185322612,0.0008089293638635451,0
208136,134,355.0148112940628,245.18189346544736,0,0,0.03412861632731734,0.00017991378351087415,0
208636,135,317.17672386557393,265.10534782882695,0,0,0.02004114368912031,0.0010049387614117485,0
209136,136,340.500022520091,262.6012980943455,0,0,0.02706825556121064,0.0005557934904442085,0
209636,137,387.1356523565067,243.06209015519974,0,0,0.04270206147722482,0.00044234592197498303,0
210136,138,366.390873697901,239.0006675512614,0,0,0.039372404711778226,3.187787090715705e-05,0
210384,139,178.3784906782945,132.0626771065651,0,1,0.0013232730940707445,0.0009290274616336846,1
210626,140,235.9291780519454,90.29106450191178,0,1,0.04684618771804098,0.00011775275762456623,1
211126,141,339.92917198222096,320.1268159026798,0,0,0.042490831401091285,0.029681458052312662,0
211626,142,352.24882155556327,247.68530420582863,0,0,0.03399328848537543,0.0005438177485354652,0
212126,143,261.9458128251781,371.56670449223554,0,0,0.010603821910621479,0.03619081478600886,0
212626,144,239.5334655166376,405.02376538078755,0,0,0.02061625533572992,0.05290618165159439,0
212833,145,135.12951691975346,129.39573876757353,1,0,0.033916897920536725,0.0009255973220850296,2
213333,146,313.2539750586825,345.2000737285576,0,0,0.04080789912873327,0.04557928694005598,0
213833,147,277.41932996935134,390.4376701377077,0,0,0.033933490843025875,0.05810136415815834,0
214333,148,179.03871448572755,611.1760171124472,0,0,0.030282541547498484,0.1161511286384168,0
214833,149,194.3900184897737,562.3364368848182,0,0,0.027969446676238834,0.10410815855020022,0
215333,150,155.5870104759086,599.0822897686445,0,0,0.0236711052158193,0.11199117609290082,0
215833,151,138.66913485065794,613.1404798601898,0,0,4.134882998902685e-05,0.10690863766030637,0
216333,152,266.4944440749513,201.28622757130609,0,0,5.1208760864121506e-05,0.004988382502517861,0
216833,153,198.24496968892174,435.64271689233266,0,0,0.0,0.061198086574827566,0
217333,154,197.1134115598031,479.4967095076618,0,0,0.0,0.06980232279966846,0
217753,155,139.01337795304036,464.22936455468295,0,1,0.0,0.09419934459824045,1
218253,156,154.24736105274158,580.5758337834476,0,0,0.0,0.09847474883750444,0
218753,157,149.87750619719694,603.0840778954305,0,0,0.015368335585935982,0.1082091421197189,0
219253,158,154.08390043803774,518.1774398652898,0,0,3.0393170180308942e-06,0.08368229607815421,0
219753,159,150.44478932172606,509.6429146562479,0,0,0.0,0.08153866258613522,0
220253,160,256.0412517721789,360.67020959746236,0,0,0.023698190260305556,0.05297245784200582,0
220753,161,139.41065380911485,646.3000721970177,0,0,0.019321741014262303,0.1209308912655798,0
221253,162,132.36466564917467,560.1658262412635,0,0,0.0,0.09336718357193151,0
221753,163,120.15919315481871,628.7141550647311,0,0,3.2233227685423156e-05,0.11104868418816925,0
222253,164,188.11057582363432,625.7021740560556,0,0,0.0339036393982208,0.12138557420359547,0
222753,165,119.17085994306952,659.1729584285245,0,0,0.0,0.11795629445953729,0
223253,166,231.6645803213909,503.8788918703569,0,0,0.03507124488480641,0.09217529685590142,0
223753,167,119.1320504192386,818.311672364919,0,0,0.02818042200324986,0.16609325001809697,0
224253,168,275.71223168242113,787.9674599889021,0,0,0.0781495566300603,0.1766539596519097,0
224753,169,185.7657494480216,628.5444894659216,0,0,0.03197338245980177,0.12236961028296413,0
225253,170,119.78146784166346,653.8162110780737,0,0,1.6829462137919947e-05,0.11656318406946739,0
225753,171,205.37828320827933,572.3925647441611,0,0,0.03656296744871562,0.11003120130767309,0
226253,172,161.3504666701165,618.8843533826018,0,0,0.02145107831505735,0.11521491146028345,0
226753,173,235.8715070016696,652.387510823865,0,0,0.056156887799816535,0.13647120962547166,0
227253,174,164.25704359576895,597.4353567512113,0,0,0.01719506135438917,0.108588473708896,0
227753,175,201.28042303583635,571.8019857922236,0,0,0.03263950635750773,0.10818175378225586,0
228253,176,135.22772738138966,631.3937922051379,0,0,1.9519727312622974e-05,0.1104047949821588,0
228753,177,144.9689541550316,619.4387488336064,0,0,0.0,0.10604412762109017,0
229253,178,175.97456162695076,543.4665257880531,0,0,0.005942310661265225,0.09105983949717969,0
229753,179,135.1975747875037,625.3427594163,0,0,4.019200190972298e-05,0.10885551099068196,0
230253,180,242.1336265901455,396.77593947012093,0,0,0.020121047911162274,0.0600808121639908,0
230753,181,212.48149759082372,578.0304819659345,0,0,0.03514716539126419,0.11098776956620013,0
231253,182,121.02445236683724,625.6736536496359,0,0,0.0,0.10973143274017248,0
231753,183,212.47301815477667,568.4709644850763,0,0,0.032339865924980594,0.10711706175295525,0
232253,184,281.4876706422466,607.8795080473194,0,0,0.06397524477210172,0.12689929390374094,0
232753,185,201.92154015105672,577.4079790391685,0,0,0.034690228469502725,0.10959472098823844,0
233253,186,224.31860682277815,593.7225476078659,0,0,0.04787450776956856,0.11872039941098447,0
233753,187,230.38990377590738,482.39677613352296,0,0,0.031123690296154364,0.0828615706994143,0
234253,188,187.50105000614138,572.6143896857438,0,0,0.028750697241836452,0.1062615242043095,0
234753,189,223.570055058248,613.0570206577218,0,0,0.050008333730978266,0.12444862536423307,0
235253,190,175.8804051733358,591.3690798230732,0,0,0.02359931724149537,0.1091398425845895,0
235753,191,257.8501441172842,271.632030378686,0,0,0.0,0.022051172828900355,0
236253,192,273.0291661279874,534.76040574854,0,0,0.054649013165416566,0.10696702742873584,0
236753,193,150.37892677066208,612.8534891820635,0,0,0.0,0.10585668501333398,0
237253,194,242.4337032724072,499.4937193937384,0,0,0.03768206588871892,0.0919130233864724,0
237753,195,270.3468664646747,558.2656360915165,0,0,0.05435024994050697,0.11251391236110651,0
238253,196,220.5678213499525,530.4120596415086,0,0,0.03352530967164925,0.09730189303988401,0
238753,197,239.24957421404696,589.4169247341281,0,0,0.052459820865928895,0.11895075463624497,0
239253,198,256.002839759643,557.9013987750067,0,0,0.05362686669167973,0.11210528043966643,0
239753,199,291.9047045595422,539.246371664646,0,0,0.06205739130115107,0.11070782777320619,0
240253,200,246.09304864107838,564.1188373760838,0,0,0.05290859580342294,0.11325087047745579,0
240753,201,242.0886398794693,591.7336039199236,0,0,0.05315893109884542,0.12041733584378579,0
241253,202,170.34597050594817,587.1969130060671,0,0,0.019493815231133586,0.10545249759336263,0
241753,203,135.30346930605765,628.1456266302564,0,0,0.0,0.10999882478852731,0
242253,204,211.50479364237358,589.6457959281769,0,0,0.04200685706594603,0.11600682992040251,0
242753,205,257.3528865505318,552.4231248530934,0,0,0.05391370031294176,0.10952182727064479,0
243253,206,263.03875143632473,564.2907391691436,0,0,0.0549791599042974,0.11296294791323296,0
243753,207,236.86963835775734,570.9599491657061,0,0,0.04748479600745846,0.11249341823705086,0
244253,208,224.9330989131074,604.237106454041,0,0,0.04943654344883924,0.12130678059537514,0
244753,209,220.60382247217314,575.2247535050623,0,0,0.041830546444547284,0.11071899443529785,0
245253,210,237.91464629558183,566.240003118412,0,0,0.04725342106436415,0.11002091475877462,0
245753,211,218.61522908086167,587.3505220854215,0,0,0.04386319848571167,0.11539719808367926,0
246253,212,217.54958849665013,584.2585750574683,0,0,0.04317486686117589,0.11447533030467662,0
246753,213,195.90109475955612,601.6757418529459,0,0,0.03434935474772391,0.11575465034058888,0
247253,214,201.99469321615913,597.3930411088227,0,0,0.03939981992327562,0.1166515025119833,0
247753,215,121.26492820816273,611.3056507268739,0,0,0.0,0.10460621456401804,0
248253,216,240.95120704306916,508.7622660415135,0,0,0.04171164615310928,0.09434310181835148,0
248753,217,246.3563993855198,535.2198561445215,0,0,0.047145931461343715,0.10235702766134225,0
249253,218,236.3052638799827,530.644331990279,0,0,0.042233249957560774,0.101106732085867,0
249753,219,266.25380928334926,521.052304171426,0,0,0.05044342063873581,0.10066041416805502,0
250253,220,242.9441379624251,552.8397475619996,0,0,0.04484924569834011,0.1071393226358409,0
250753,221,268.9756041029407,481.6340137356198,0,0,0.046960502282667994,0.08808317855548253,0
251253,222,235.78487322077495,579.3103567568891,0,0,0.045774212486515156,0.11410145527902689,0
251753,223,215.75992767749656,528.687794690834,0,0,0.02907953995697515,0.09356628413675097,0
252253,224,242.64493954053071,423.1243385900805,0,0,0.02934005726103394,0.06863150933020952,0
252753,225,272.00487672334384,487.9954850264598,0,0,0.04686630649139504,0.09104807209336913,0
253253,226,246.5515891418381,515.7475012746555,0,0,0.04469755457486819,0.09729530275058655,0
253753,227,257.5472675932548,440.0967675143417,0,0,0.03992980454482341,0.07255839752398201,0
254253,228,266.5629712809793,465.2125589646822,0,0,0.04256587809792902,0.08080049055875226,0
254753,229,181.01876708903512,590.0355844772114,0,0,0.026410761317637085,0.10958837315598541,0
255253,230,166.94570028526957,549.2940847990816,0,0,1.3375783511502272e-05,0.08697388348677726,0
255753,231,150.80649505542155,585.8367170380217,0,0,7.095705206361644e-05,0.09853147802250481,0
256253,232,240.67275487112093,492.64878286813456,0,0,0.04117728697877983,0.08777856786082067,0
256753,233,195.9041712547431,491.9679146937835,0,0,0.0,0.07188550978010516,0
257253,234,227.65444863672312,520.2358567696571,0,0,0.03995851530202409,0.097149474547961,0
257753,235,163.54849001657973,569.9147632971121,0,0,4.5792150285236104e-05,0.09410410482700297,0
258253,236,171.49318097802836,594.7628739446046,0,0,0.023131889675611954,0.10984670198976228,0
258753,237,210.37866236624993,520.6823655142629,0,0,0.030014561129048625,0.08843558248569662,0
259253,238,164.61912926772484,573.2213820243637,0,0,9.429048156964602e-05,0.09456438380793139,0
259753,239,204.75061700779185,592.0732879981008,0,0,0.03899394636412437,0.11430844096512263,0
260253,240,139.7388768933179,629.1238526032832,0,0,0.0,0.10966304470673827,0
260753,241,144.07505289717741,612.2906174170538,0,0,0.0001104442019167558,0.10420819193920733,0
261253,242,135.90036353885594,631.9274050488426,0,0,0.00011958412121465554,0.11022071235193136,0
261753,243,123.76672557479998,672.5316344437535,0,0,8.557500200212627e-05,0.11943613572490143,0
262253,244,153.67998703898965,611.0864950460954,0,0,4.609423741757126e-05,0.1031121892925446,0
262753,245,146.36516042096818,619.7072093226608,0,0,5.396840975780573e-06,0.10742811005157232,0
263253,246,223.98437742985556,569.5534216704665,0,0,0.04295280933081832,0.11092130508055606,0
263753,247,156.9059619426397,602.4332235959108,0,0,8.235905502610034e-05,0.10103055182210768,0
264253,248,138.31268969070442,619.0083918674026,0,0,2.8244083672039498e-05,0.10685271294498691,0
264753,249,141.41069509323313,617.6018954671365,0,0,5.88202371378026e-05,0.10589455368185284,0
265253,250,161.28381127081124,604.5392767756388,0,0,0.00044789652389334373,0.10122797460633565,0
265753,251,204.82548444395218,536.380425246638,0,0,0.026551490293410276,0.09402290878556233,0
266253,252,213.53405261465554,588.8192288382838,0,0,0.03675670818787459,0.1127957570465639,0
266753,253,226.7470196700988,573.8125302244204,0,0,0.0344845572734933,0.10688477473084465,0
267253,254,202.04833211372443,608.1484615500582,0,0,0.031550227773015534,0.11603878707267115,0
267753,255,224.29724996841892,549.4619377978096,0,0,0.038122828944966075,0.10057553549163611,0
268253,256,264.04497922283264,528.92555373258,0,0,0.050254376357059254,0.09950322671905068,0
268753,257,242.13495781857222,588.8734448260371,0,0,0.04134813288510339,0.11382469843904716,0
269253,258,292.3100137812191,435.768972156007,0,0,0.03692843051092647,0.0648152808142958,0
269753,259,244.45213341389996,589.3794645124668,0,0,0.04984042383997593,0.1185446712598846,0
270253,260,257.1419594645621,546.0160755248021,0,0,0.05030228715317425,0.10681209373414488,0
270753,261,219.48586487984522,572.0519611176459,0,0,0.04360535752711387,0.1118318809788178,0
271253,262,172.82723075761575,562.2558756111608,0,0,0.02941183459717918,0.10042477668726152,0
271753,263,203.00752496002227,557.1275088026584,0,0,0.03550605909553571,0.10462685618847523,0
272253,264,221.93011732139368,592.0934470854419,0,0,0.046022732070216774,0.11702565522348327,0
272753,265,226.62952248540213,542.5594769027779,0,0,0.042108362390713604,0.1024760374775705,0
273253,266,259.09586695216535,503.9102093595237,0,0,0.04614158809770883,0.09311065181977662,0
273753,267,330.9868745118415,455.0156401078037,0,0,0.06191564457531472,0.08748203711887069,0
274253,268,244.76219943823577,557.99441550241,0,0,0.04872774674385045,0.1095403175623989,0
274753,269,261.7034491254622,580.8285086239812,0,0,0.05534013839472612,0.11782338171545953,0
275253,270,262.59671388868117,521.0233185861795,0,0,0.048410177151635876,0.09891632514797194,0
275753,271,241.5700085211088,551.4274891264328,0,0,0.044831273123818384,0.10480157602753067,0
276253,272,275.406293885383,456.78068136662597,0,0,0.04549163100758933,0.07935922155396946,0
276753,273,280.58386295813756,454.03429776553634,0,0,0.04377525807778219,0.0750816433309782,0
277253,274,237.9444612326618,524.6522618211344,0,0,0.032425415714269955,0.09094951862588158,0
277753,275,223.43137240571022,555.2903701903817,0,0,0.04167744498224369,0.10602396943951692,0
278253,276,273.73543443829254,509.59732975620767,0,0,0.04946504834991427,0.09495028472395838,0
278753,277,252.96917030582824,539.2376187735217,0,0,0.04531951319490578,0.10195538385009184,0
279253,278,256.08756906019335,528.8772059597261,0,0,0.04657448811682116,0.09995720842018664,0
279753,279,290.98132128194595,524.5299128012025,0,0,0.05475020151154985,0.10079251870240112,0
280253,280,258.92183299370396,543.6489287459322,0,0,0.04394319634464345,0.10143344895298366,0
280298,281,6.066971515727953,60.47938104810225,1,0,0.006421193079032139,0.0008180795094720951,2
280798,282,220.29703440799165,593.1471655059499,0,0,0.04491095872043295,0.11709445744642595,0
281298,283,208.44310189140697,590.7802764488233,0,0,0.03665438203230134,0.11178816929370293,0
281798,284,245.40877903184327,528.4643536809835,0,0,0.03672274913128724,0.09513627839235371,0
282298,285,240.06598523428684,563.767648942272,0,0,0.04545540532004626,0.11041949556576301,0
282798,286,205.15079243854046,602.5273466484556,0,0,0.037118718955742695,0.11594015033683894,0
283298,287,306.8087908272068,388.2566062277447,0,0,0.03712335510201038,0.052088159070986476,0
283798,288,449.30489121818476,596.4139290083189,0,0,0.10697286871228452,0.13564889168799296,0
284298,289,190.3665084779114,636.0914113260012,0,0,0.03944581090331022,0.12585588087014807,0
284798,290,263.89671228553163,516.9910980588912,0,0,0.04771607604214333,0.09675186279744939,0
285298,291,215.0937126037083,603.1478695855509,0,0,0.0384474570469709,0.11723408411393996,0
285798,292,239.24958927508007,648.6079446635001,0,0,0.056541583463859166,0.13577856658948306,0
286298,293,237.81249523618345,539.5243206137627,0,0,0.0369885345302776,0.09835986945788361,0
286798,294,237.69561811095966,601.3901873417728,0,0,0.05067272891029639,0.12056492996591815,0
287298,295,277.67581914050146,523.6833888133651,0,0,0.05325944584120033,0.10145958831739076,0
287798,296,260.9773185447816,519.5003555163996,0,0,0.046493704353228894,0.09495558117136377,0
288298,297,247.12111433239232,513.3920036367007,0,0,0.036910529108458115,0.09191010588949453,0
288798,298,150.59807981337255,584.663765586656,0,0,6.0187411719018414e-05,0.09731768283304879,0
289298,299,228.43810030195607,610.4941534649462,0,0,0.04260016426312662,0.12079413615828974,0
289798,300,217.66233270272588,595.3901924257096,0,0,0.03905141117523785,0.11539391253360037,0
290298,301,124.10561348636244,564.9262470493765,0,0,0.0,0.09183742577686879,0
290798,302,69.42939613228945,660.4075426817687,0,0,0.0,0.11751265763104034,0
291298,303,129.50589751226866,636.1054011784162,0,0,0.001454155492797188,0.11142669097257299,0
291798,304,215.77180455832544,600.524564896137,0,0,0.04244887278765997,0.11740514897120312,0
292298,305,131.13469800498856,640.3658815350976,0,0,8.616334030442191e-05,0.11207527386678524,0
292798,306,133.91752811742046,642.5797482720212,0,0,5.553977201839332e-06,0.11303502336580457,0
293298,307,180.01511505915147,542.8973527098416,0,0,9.619537622466466e-05,0.08296143938506752,0
293798,308,237.56320034853263,470.5389105352037,0,0,0.03363526819580886,0.07687368870007728,0
294298,309,335.31037253118694,740.0010409355247,0,0,0.08812746007011302,0.166848539072584,0
294798,310,184.91701658152732,577.8443147289166,0,0,0.0264913147348383,0.10573468035055512,0
295298,311,266.6821554143738,482.3854648090988,0,0,0.04285133183186034,0.08340121636143523,0
295798,312,264.3663162729595,504.52071238995944,0,0,0.046759690326393065,0.09050736910605205,0
296298,313,212.75642709697004,611.7216806012682,0,0,0.043887553359397806,0.12144821380773993,0
296798,314,171.31522794855255,598.7320604537241,0,0,0.03269612409769552,0.11400563135179147,0
297298,315,214.16011456729285,582.1012930337399,0,0,0.04062103534731084,0.11236874376764142,0
297798,316,244.28562329830734,576.6060554807656,0,0,0.04954932702236581,0.11421959398461072,0
298298,317,261.42128658135476,541.6467435015677,0,0,0.05170166406634762,0.10533654946340251,0
298798,318,274.3466540123784,467.2972868698081,0,0,0.043820059149634466,0.07996001961122678,0
299298,319,259.2681775129296,492.36133098919163,0,0,0.04086369495400669,0.08454644859665986,0
299798,320,222.5391694148746,558.8613771145302,0,0,0.04214076279397366,0.10766277836477457,0
300298,321,274.77922712042266,532.6084912899418,0,0,0.05235739081635805,0.10170595493220463,0
300798,322,277.20492762611207,543.0537918094715,0,0,0.05647436654967954,0.10778463809674911,0
301298,323,272.1509564012712,536.7161855059472,0,0,0.052454799158698745,0.10406380045086426,0
301798,324,327.15992893815815,389.4249762484367,0,0,0.05045067932914761,0.059106270653028266,0
302298,325,288.7204201088324,445.8979485467998,0,0,0.048378682039430757,0.07655247542627917,0
302798,326,319.43906046580696,382.40704784275033,0,0,0.04330331134294481,0.05159342577123369,0
303298,327,267.55064030770893,491.65432409663265,0,0,0.04607803883149015,0.08790073662190648,0
303798,328,369.4446226625366,317.64336946534405,0,0,0.05156813298388248,0.03542080802383092,0
304298,329,329.5085742802149,416.59324012743605,0,0,0.0543292457322446,0.06731977478026212,0
304798,330,235.8927771641358,601.9960965403918,0,0,0.049332441675813396,0.12050176304109642,0
305298,331,337.4624255695127,395.29500675405484,0,0,0.056231937951955524,0.0650502367429183,0
305798,332,199.10099733650256,559.4666607259155,0,0,0.028115667558032666,0.10020775559572348,0
306298,333,257.2985714670959,584.2112137720131,0,0,0.053830156410244454,0.1176601106499854,0
306798,334,247.0094876869515,544.1373575231252,0,0,0.04441747969073012,0.10152171746170736,0
307298,335,299.60520266719476,435.5387311955966,0,0,0.04694263434667837,0.07121312861182667,0
307798,336,409.3270795822141,205.14072699975898,0,0,0.05060969101993426,0.0,0
308298,337,378.87380480197544,301.0067748787183,0,0,0.05190772340580085,0.029217506561415942,0
308798,338,369.89955912739225,245.02613845892327,0,0,0.03198849955981581,4.033039482453835e-05,0
308843,339,5.116851624881633,11.769150844176984,1,1,0.0019249401318234194,0.0009850295871129643,0
309343,340,382.0988426733302,269.08297792181935,0,0,0.03958359969161444,0.01103259842057838,0
309843,341,438.24882715256336,201.9053735798694,0,0,0.057469860187092325,0.0,0
310343,342,372.2168602543891,250.26454419851927,0,0,0.032307690554000755,0.00032762219322235697,0
310495,343,112.40000568720123,93.4663546219813,1,0,0.046964515220877356,0.0001247127714065632,2
310995,344,308.0145253878554,447.5059969876775,0,0,0.05176890678678457,0.07821896796222981,0
311495,345,324.32555011144825,404.8692749700147,0,0,0.050809248919413866,0.06421294142152974,0
311995,346,251.5190016774371,542.8493845638925,0,0,0.04336359080468683,0.10245573643020939,0
312495,347,294.94951736788386,472.9200023058678,0,0,0.049835454840763835,0.08182270854959564,0
312995,348,246.39776020895994,547.686990488548,0,0,0.045718024652573706,0.10408511061556244,0
313495,349,423.5444083058839,215.9136410319009,0,0,0.05226054335445667,0.0,0
313995,350,233.65493121266903,594.047855784816,0,0,0.04995017827222739,0.11978142275056496,0
314495,351,192.5216482711354,534.9779609703804,0,0,0.018134032058314414,0.08921535557361863,0
314995,352,229.4585834539391,608.9971229500673,0,0,0.05316349122195094,0.12317221398891828,0
315495,353,276.3681698124787,491.79688697507714,0,0,0.04976035044597835,0.09152870667715468,0
315995,354,254.07140434340135,643.2039848273638,0,0,0.06033572889673239,0.13509090834066137,0
316495,355,210.16889752123996,613.4704012051923,0,0,0.04248755918948234,0.12116444365492288,0
316995,356,296.44504809248207,418.4578268333129,0,0,0.044102899912914315,0.06336567569480492,0
317495,357,416.79411689374564,719.3176655119836,0,0,0.1116658491652762,0.1708667778013308,0
317995,358,263.1665171246672,553.4477393676693,0,0,0.051324066182434486,0.10867571205254005,0
318495,359,268.89362015016775,539.1572290685606,0,0,0.04929466860523816,0.10274952433692676,0
318995,360,287.85747936456386,482.7135414889725,0,0,0.05136320807634368,0.08674495230168561,0
319495,361,261.2053709562126,514.7568670114663,0,0,0.04091760794791771,0.08940215640699253,0
319995,362,241.1843261653687,583.2692355592231,0,0,0.04974509631265048,0.11629826913143905,0
320495,363,260.06762864025814,606.1637115698433,0,0,0.05854156979521112,0.12586401721305462,0
320995,364,238.31768231340195,616.2819753117743,0,0,0.05590973348000065,0.12777844785731052,0
321495,365,258.45561166566273,606.4827306050613,0,0,0.05551331288435064,0.1247354917568814,0
321995,366,282.7433695267702,488.13227024586956,0,0,0.04856563510997926,0.08620549276213614,0
322495,367,236.8079727317733,626.9368399146233,0,0,0.05140075288662564,0.12768567016302898,0
322995,368,193.57855115012228,626.8245861223244,0,0,0.02751617102554759,0.11869270430539701,0
323495,369,222.1214922236798,601.9906237149382,0,0,0.047880447779501074,0.1193989219795417,0
323995,370,232.1964048815851,562.1362846507121,0,0,0.045462009505529956,0.10968728229524696,0
324495,371,363.6487713409853,307.42795765108514,0,0,0.047897225353127446,0.030052796586112072,0
324995,372,239.00051119674077,608.7960614600119,0,0,0.05333142052387402,0.12490671660089847,0
325495,373,229.85585128926883,640.5300863540331,0,0,0.048260754055950296,0.13006103454717466,0
325995,374,252.50222255985705,534.4456522911506,0,0,0.04774605925791114,0.09956165391091848,0
326495,375,255.45978774142412,603.7555655633778,0,0,0.05590707969342022,0.1240289689597209,0
326995,376,234.85694370966735,610.722427392952,0,0,0.050079350981077034,0.12385200840423022,0
327495,377,237.31241232366787,577.4914252050295,0,0,0.04784869554429303,0.11465291030822347,0
327995,378,209.61104957838646,617.8686723048269,0,0,0.04255763972217266,0.12272274647039848,0
328495,379,228.19100120593066,607.8252141575974,0,0,0.04105075968684349,0.11885023624726546,0
328995,380,246.02720375068975,597.3680737406523,0,0,0.053949194873224256,0.12158647113905774,0
329495,381,229.1735407436055,601.3401322888039,0,0,0.0495118477560845,0.12069023308322765,0
329995,382,231.9232333260314,608.9435365659056,0,0,0.04913657687374629,0.12268841053670093,0
330495,383,226.4077695747658,582.2850195808558,0,0,0.03135979798749929,0.10804600073395434,0
330995,384,247.4172429435313,595.9763735805271,0,0,0.04884783625222462,0.11957487769429175,0
331495,385,249.90120446266081,602.689409938273,0,0,0.05171717518685043,0.12283981325551072,0
331995,386,287.56098943983665,492.8456357304292,0,0,0.04898310557488793,0.08706701933638389,0
332495,387,248.28523377835228,582.0702022291559,0,0,0.04878848938318752,0.11472702811371824,0
332995,388,230.6194261884564,609.0287411977193,0,0,0.04926022637435207,0.123067737943155,0
333495,389,270.0837118145709,558.0014453147905,0,0,0.055721641178124594,0.11275984017908908,0
333649,390,63.722408850009465,229.35544447219232,1,0,0.060364853234297314,0.12893477245222973,2
334149,391,273.0675966692268,619.4686793798589,0,0,0.06081376779479098,0.12922230931199744,0
334649,392,236.8013586768177,629.0743767795071,0,0,0.05292465212375838,0.12922026110074633,0
335149,393,238.8947666239625,579.0409515185853,0,0,0.04245102866398391,0.10723076775490559,0
335649,394,217.37438191851274,591.870831590579,0,0,0.02789149080959519,0.10901457666570684,0
336149,395,271.6224594428706,557.5477166698847,0,0,0.052729039505536666,0.10809122428659378,0
336649,396,235.95845538074036,591.1423771431247,0,0,0.043813453149752844,0.11583411759049544,0
337149,397,271.1546859549337,530.3533291109751,0,0,0.047224957828270506,0.09914779030945195,0
337649,398,256.1556944635329,615.3922499436147,0,0,0.05341738975825654,0.1249118748913723,0
338149,399,313.2545022774995,495.5069426001079,0,0,0.05809327727284613,0.09298688170680684,0
338649,400,280.7948785901139,627.955297446579,0,0,0.06166843375657369,0.13053109065930113,0
339149,401,289.93630779044196,533.6480449807802,0,0,0.052808768175177566,0.1010564457419694,0
339649,402,242.91400068257465,582.7801222641399,0,0,0.047527586057745194,0.11441843105239129,0
340149,403,403.9747103059528,231.95864675035676,0,0,0.04041937554297593,0.0,0
340649,404,434.3251241808121,221.8667789951409,0,0,0.05028465218726175,8.333713577340328e-05,0
341149,405,283.9564463663794,505.773541575601,0,0,0.04849117052088429,0.09077011427203842,0
341649,406,263.3341963376335,575.782001967273,0,0,0.0519884566074055,0.11300995936176828,0
342149,407,299.7128517574672,385.61802166853846,0,0,0.041812539355639285,0.050885703000245704,0
342188,408,78.79270489664067,-6.83609629649535,0,1,0.07800352814719122,0.0012202217733707098,1
342688,409,402.24713220485006,240.4478424879188,0,0,0.03687600969436259,8.265693169242971e-05,0
342855,410,79.37961499771168,193.44913445610325,1,0,0.04741468582123334,0.08638944368850093,2
342886,411,75.34052352701751,-14.226205415617752,0,1,0.09779187413187804,0.0006459625286819926,1
343386,412,264.39004211263364,550.4547574170829,0,0,0.048355519951959754,0.10686203946037462,0
343886,413,256.97228946718656,605.2293545295504,0,0,0.054305108509679276,0.12404096523891517,0
344386,414,269.77710976263836,527.6835030240821,0,0,0.05399968548304984,0.10007519507032536,0
344886,415,405.660964136891,219.797010371381,0,0,0.0392370708873209,6.318458317153459e-05,0
345386,416,276.62857835161253,602.559804780722,0,0,0.05944648401201692,0.1246820225283436,0
345886,417,496.8968571415138,173.80322342232765,0,0,0.07463201366762423,6.664214513567617e-05,0
346386,418,413.5272009542219,223.24233859374283,0,0,0.041092489308727775,2.9565211524870172e-05,0
346886,419,462.7796191294613,190.88412813273305,0,0,0.062248636745318844,5.3197359826587836e-05,0
347386,420,443.03292882863514,190.80024913505764,0,0,0.06034712897594813,0.0,0
347886,421,268.46554674358515,592.7283589524401,0,0,0.056327739040770416,0.1214922527618881,0
348386,422,274.814141874902,521.8465419524816,0,0,0.04421085308971031,0.09590216643819313,0
348886,423,491.4406726227693,166.52036542936443,0,0,0.0730367119040765,0.00016124196029724814,0
349386,424,267.6268900871513,545.9021596735693,0,0,0.05529924622796187,0.1085216612666218,0
349886,425,327.6857801565258,524.4279948759795,0,0,0.07373834824779317,0.11006136919686686,0
350386,426,327.43889704099144,489.221854871349,0,0,0.06997725365528262,0.09682295617572344,0
350886,427,388.7704506861641,463.1411504155444,0,0,0.08178585146658678,0.09459587763069979,0
351386,428,304.8707008088433,538.4394419464357,0,0,0.07091294869644668,0.11366042460505911,0
351886,429,274.18701231830386,556.1891236230612,0,0,0.06358829363877969,0.11276434175625022,0
352386,430,302.82080891926665,544.2984600059452,0,0,0.07132194758592673,0.11400105335854482,0
352886,431,345.35127870736494,497.8580137674544,0,0,0.0730835797975377,0.1014975852963873,0
353386,432,323.60277971544264,535.9500054740668,0,0,0.07682629334375969,0.11518791164946897,0
353886,433,256.67000154582274,618.08057742053,0,0,0.052414083184430416,0.12630864553154686,0
354386,434,260.01066067382874,592.7882919170426,0,0,0.05194275233289206,0.11927808890401555,0
354886,435,290.8291125216335,579.6432059251135,0,0,0.06258558269427755,0.11978829977039711,0
355386,436,205.2066782011262,605.5271765681252,0,0,0.02527308520441087,0.10719615913764456,0
355886,437,349.893820254729,538.8381894196292,0,0,0.08364608173329986,0.11743241892532327,0
355920,438,3.0701501047020834,75.66302969269235,1,0,0.07050052357288505,0.1291426863127519,2
356420,439,227.6470694381877,582.6008358345096,0,0,0.03733747103053979,0.11196987341683483,0
356920,440,335.3330578250757,544.85096838202,0,0,0.077213794512502,0.11731024978283268,0
357420,441,226.09127315416313,635.3650721564035,0,0,0.03967831766196109,0.122869820103759,0
357920,442,212.09461705236416,622.7300517473473,0,0,0.035839095144621254,0.12103440682455463,0
358420,443,253.98326882853738,537.0620527391762,0,0,0.03974626375735716,0.09683434652489631,0
358920,444,254.58477031097937,567.5707087439035,0,0,0.04655179787058408,0.1100130445541438,0
359420,445,251.7521870410839,585.8085596051731,0,0,0.04863125841430968,0.11702950879985671,0
359920,446,318.8200480421229,722.4323075553816,0,0,0.08582776481523172,0.16213209993476996,0
360420,447,290.15124726806795,548.7645946499333,0,0,0.05281941783866588,0.10160768648293676,0
360920,448,290.732911151563,562.4149658423617,0,0,0.0601208644105245,0.11410489795313304,0
361420,449,247.53937444754777,631.2939884779203,0,0,0.053539767448007286,0.1303199501235329,0
361920,450,251.629544902099,581.3042450024853,0,0,0.04875456600461692,0.11516721097938203,0
362420,451,254.80789425224006,605.2306833701327,0,0,0.051920150545691005,0.12258644846704393,0
362453,452,75.52712195096383,-9.989786333505593,0,1,0.10063055274100319,0.016356863128518754,1
362953,453,252.25451022308502,657.599019102796,0,0,0.05661473099641453,0.1366073949268842,0
363453,454,294.56903019576146,569.7313377635502,0,0,0.06000801068842366,0.11649635733957692,0
363953,455,262.7084919597251,656.2886997675004,0,0,0.05963412124155369,0.13656147033275226,0
364017,456,79.8793333366724,35.518441325571644,0,1,0.06664002227796968,0.07321094078412223,1
364517,457,284.5023411673746,566.2080005012965,0,0,0.057279377892964146,0.11477938736953987,0
365017,458,281.1570861463269,532.9239709805436,0,0,0.04525446140236642,0.09739992376931501,0
365517,459,291.9737452844519,545.073837287095,0,0,0.061311713343043694,0.11151599917325747,0
366017,460,263.41335412474433,584.6765442279825,0,0,0.05091961366747159,0.11648919058019448,0
366517,461,270.25779344679904,587.2640193782381,0,0,0.05407431850887615,0.11716102432975481,0
366585,462,96.20896818576675,70.61834254562199,0,1,0.11203375163828874,0.14823180617535517,1
367085,463,267.88261961898723,587.8525365807706,0,0,0.05550068714330946,0.1176602505559375,0
367585,464,271.8981267066462,565.9013088119973,0,0,0.05992890718125686,0.11546605571222032,0
368085,465,261.34459255160925,607.7210389056016,0,0,0.05390946387209194,0.12353570517546011,0
368585,466,259.9661555608338,579.4638279401626,0,0,0.04916180134894967,0.11497122180359065,0
369085,467,264.02630971353176,588.0044693609278,0,0,0.052325110105070786,0.11862600926409556,0
369585,468,337.05838149353053,528.0759751488079,0,0,0.07251556493740446,0.1102419536034896,0
370085,469,289.4341100189155,561.9180036276066,0,0,0.05841829177807587,0.1110163053976449,0
370585,470,284.7922842372256,575.4437633534609,0,0,0.059784413175661855,0.1175071254002544,0
371085,471,331.2960508624046,486.40032386212187,0,0,0.06118028912369534,0.09289447410038779,0
371585,472,245.58493171055352,619.4917590514286,0,0,0.050961005533522064,0.12495042121080323,0
372085,473,319.1881916714558,525.6962713371221,0,0,0.06378632249887531,0.10566096149782495,0
372585,474,351.23801102639123,513.4298982748466,0,0,0.08036579936810277,0.10991751146322586,0
373085,475,337.6283827404049,525.2651159799668,0,0,0.07343887434290457,0.11036345441817565,0
373585,476,243.13980720201323,605.383115415708,0,0,0.04556756840955887,0.11888648880115668,0
374085,477,271.8671270922936,581.8498670044052,0,0,0.05223116257324308,0.11414647056787035,0
374585,478,251.9206265662061,586.173860594505,0,0,0.04783006386681715,0.113325362199691,0
375085,479,233.95971911929266,615.7725569158997,0,0,0.049285300212641034,0.12433168706578475,0
375585,480,316.6725527669535,543.6018614744446,0,0,0.061075812117452395,0.10887367046872198,0
376085,481,487.6433074697332,190.89075307838147,0,0,0.06771977313970913,0.00010864850687243719,0
376585,482,308.31015891202566,531.5106566949082,0,0,0.07088904313383196,0.1110624895390098,0
377085,483,329.62959570262217,527.7687953671511,0,0,0.07264960862749315,0.1101846917002518,0
377585,484,364.6415828520066,447.97662414037944,0,0,0.07261602214434687,0.08519805541303288,0
378085,485,276.9735118460665,620.3606656427296,0,0,0.06003427539312397,0.12830900974116613,0
378585,486,366.5285461723907,440.8459189058024,0,0,0.06729286762236791,0.08069726599616042,0
379085,487,420.6607172635749,226.9895659041942,0,0,0.04704937920372711,5.840384062592689e-05,0
379585,488,441.1177400471606,220.01839121247113,0,0,0.0520256971664459,5.0520624181699515e-05,0
380085,489,361.9271367207747,392.2433366579005,0,0,0.05662409702827689,0.05995622178501956,0
380585,490,430.8955112599845,306.07827765581203,0,0,0.0737345705398276,0.04128808660261938,0
381085,491,298.7766517461237,561.8093573321034,0,0,0.059831379035245595,0.11350734849813393,0
381585,492,372.50770096884924,508.3607431605897,0,0,0.08788282726098513,0.1112228477328639,0
382085,493,341.39242305256573,539.7361483029658,0,0,0.08060622009050396,0.11684031429341638,0
382585,494,290.1675743983156,547.5163036805491,0,0,0.06216439759074787,0.11142333586424864,0
383085,495,148.2167807956838,689.6284984327043,0,0,0.02446853744673335,0.13140754266567176,0
383199,496,78.45910557371309,38.02544498603068,1,1,0.044375994767763986,4.3574133368917225e-06,0
383699,497,319.1119436772285,541.7616605849524,0,0,0.06632187969471348,0.10851322373515583,0
384199,498,371.7108160854315,575.6232897193339,0,0,0.08258576766809235,0.12321985563033135,0
384699,499,336.3009087748527,539.9010792158131,0,0,0.07950475661138141,0.11665968644735096,0
385199,500,187.03209165286478,646.6072608340357,0,0,0.027599685863070798,0.12131989439687585,0
385699,501,404.31856029310353,450.3263049856505,0,0,0.08919175071473476,0.09324537189631162,0
386199,502,162.24986293252982,636.032686847867,0,0,0.013160230730118032,0.11268846201450275,0
386699,503,198.79369246252975,694.8726372422497,0,0,0.039927012563361765,0.14005245745830375,0
387199,504,363.0859092471711,684.8652262012832,0,0,0.0933709685805506,0.15627071570902393,0
387699,505,376.6243415801646,491.87957547921695,0,0,0.08733610566898031,0.10735014510766214,0
388199,506,250.92840083982887,712.1769921346992,0,0,0.054594884203287015,0.1463607378138287,0
388699,507,354.5633755141224,508.1410815836926,0,0,0.08311579132108877,0.10900718246707722,0
388794,508,101.90569689436735,101.12585561622679,0,1,0.07083576107076706,0.1274179078599012,1
389294,509,383.31419814532785,484.2330517022619,0,0,0.08723145413356453,0.10269633761262903,0
389794,510,378.82821318543375,505.4749477037665,0,0,0.08945228075834376,0.11111115119407372,0
390294,511,157.54726145772403,665.9069928313019,0,0,0.01822113450837284,0.1251048066996971,0
390794,512,233.51025827033712,471.4357083434724,0,0,0.01204281727660043,0.06108905614320643,0
391294,513,271.7694872721846,616.7085885141805,0,0,0.060848067416180124,0.12792740086195464,0
391794,514,350.30736156273355,529.8462011699138,0,0,0.08347708251854283,0.11479820740686343,0
392294,515,319.0193062485672,661.4459594215102,0,0,0.07889504732533015,0.14564156065199865,0
392794,516,344.6492266643039,545.672661354396,0,0,0.08227528485307313,0.11902290997553144,0
393294,517,360.86343059739517,599.2351289955698,0,0,0.09204711898565862,0.13649165377365952,0
393794,518,372.5843025507226,510.77188328897984,0,0,0.08862697754934314,0.11203388271100227,0
394294,519,372.4949294761742,530.7335598519213,0,0,0.09036833585680036,0.11795742080341848,0
394794,520,443.76487416677224,611.4693038977074,0,0,0.10613628118639612,0.13834522200674718,0
395294,521,315.439260575067,578.5189435057499,0,0,0.0770636052875448,0.12493151332505793,0
395794,522,186.48984456156825,592.4426223490022,0,0,0.015558481288218146,0.10367548884406619,0
395951,523,62.5382916266391,191.76878125212735,1,0,0.03773238912993759,0.08529180534898358,2
396451,524,373.4571764105028,467.6672815952808,0,0,0.08030431086189493,0.09493595364447116,0
396951,525,158.47439002026297,703.2400613145925,0,0,0.017924743880035315,0.12908110206704299,0
397451,526,162.9920774744982,656.9447263077025,0,0,0.024225445237772775,0.12416265692850148,0
397951,527,274.91425898026347,637.1988004940673,0,0,0.05779601039721286,0.1311560086813216,0
398451,528,316.3458592930697,607.4167352803576,0,0,0.07847032885684686,0.13323283813523354,0
398951,529,336.6658746918056,605.2138751448366,0,0,0.08194375721608664,0.13356172745913905,0
399451,530,222.39330571353042,679.9251073380915,0,0,0.044710429539459196,0.1382813192516042,0
399951,531,347.69646070116266,514.5095685375928,0,0,0.08147621028886426,0.11050936441236787,0
400451,532,343.8110294684029,519.329370580834,0,0,0.08058586205109879,0.11071946442826279,0
400951,533,214.2599005826395,647.05352470182,0,0,0.03785602762702627,0.1258675118781453,0
401451,534,528.7569608839783,228.29550312132565,0,0,0.0944170958935182,0.031426521983664586,0
401951,535,181.64533071316416,646.1703448636063,0,0,0.02264661612186999,0.12125509273083884,0
402451,536,370.40867696601737,510.09064330779375,0,0,0.08636079775285048,0.1113984275011524,0
402951,537,262.7880273698054,685.5880224666645,0,0,0.06678350847736722,0.14853436766115613,0
403451,538,375.55212570490625,497.54279189549595,0,0,0.08622408059411717,0.10700374114535469,0
403735,539,242.06070319437015,196.85767793807798,0,1,0.05451674714237651,0.05557332430503417,1
404235,540,358.24366302100395,543.0779702862907,0,0,0.08678115745892498,0.11977445216022978,0
404268,541,-10.409104484219501,88.06339500114643,1,0,0.03941451399239978,0.1637823980431406,2
404768,542,349.09311352142356,637.3304780868729,0,0,0.09296737424149895,0.14574884770670496,0
405268,543,368.2527731981119,642.444939944997,0,0,0.09902418866113369,0.14948953580429994,0
405768,544,204.77118607747468,680.3623415819612,0,0,0.041972802604042916,0.13691521162905682,0
406268,545,364.6929323394694,514.3224848624899,0,0,0.08593521796182736,0.11190865036441638,0
406498,546,198.10469770625724,182.00204222951032,0,1,0.06641564036759251,0.07701145651715018,1
406998,547,268.504219670188,593.0124712479736,0,0,0.0551470142444846,0.1206722452395474,0
407498,548,278.79218706069787,589.1494064670845,0,0,0.055453314610460255,0.11969175766251254,0
407998,549,364.3740995705801,550.9555438868042,0,0,0.0884010628924038,0.1219604141966489,0
408498,550,372.899403346588,547.3504733409841,0,0,0.09068456299004099,0.1221978059747096,0
408998,551,374.4993835999874,476.1818200420604,0,0,0.08101902469427864,0.09693173983820481,0
409498,552,370.7880421457696,508.29903369028244,0,0,0.08656534387809252,0.11095348119842852,0
409998,553,345.3973036798482,595.386457069234,0,0,0.0863788053463509,0.13243620848918122,0
410498,554,339.5668785009346,616.2641173124746,0,0,0.08563636710094821,0.13797461322597587,0
410998,555,252.74180877037193,658.1392590572972,0,0,0.06090527908861198,0.13912316542752726,0
411498,556,380.7397575170642,521.8673451521548,0,0,0.09004791508243985,0.11443407916478276,0
411998,557,345.33908607155723,521.9438877352954,0,0,0.08106466635864766,0.11122608365756036,0
412498,558,390.8511230844782,524.158318738292,0,0,0.09472743003882209,0.11768789802037392,0
412998,559,293.2370108544849,630.3928596023385,0,0,0.06869586875118054,0.13466855259324556,0
413498,560,374.3712849032373,492.40876254977945,0,0,0.08557280721889902,0.10519907222983697,0
413998,561,188.86368055770228,655.667216524748,0,0,0.02538244289426023,0.12342939546501872,0
414498,562,332.2605401648248,528.1900464988337,0,0,0.07475774093939734,0.11085793774015733,0
414998,563,362.9272325959155,490.0832747401891,0,0,0.08096261163184787,0.10020276699619421,0
415498,564,344.06345310791437,576.7507128965126,0,0,0.08506870275299738,0.12646594306599784,0
415998,565,337.69788116541525,551.0808076645296,0,0,0.08140226261055601,0.11811824380460413,0
416498,566,388.9558925354217,433.47029966772783,0,0,0.08218424082568404,0.08486387575944399,0
416998,567,212.16210888934535,646.2186609813726,0,0,0.032600273155161584,0.12296741563923,0
417498,568,334.3203559750017,559.0272565435504,0,0,0.07920660946651814,0.11940009909159977,0
417998,569,243.3176495604704,654.1181648340932,0,0,0.051218903090111775,0.13364914305934492,0
418498,570,316.4761863032669,568.1864411449222,0,0,0.07732309903259303,0.121060838141044,0
418998,571,383.1343078784252,599.0528347563944,0,0,0.09796333622690795,0.1382521704781279,0
419498,572,298.7615435863031,581.7049038819603,0,0,0.06827250420757379,0.12088958929174198,0
419998,573,400.429000973446,609.6793356502952,0,0,0.09802364408367098,0.14040862649814775,0
420498,574,365.221817780753,526.2061942764332,0,0,0.08654969659144934,0.11465506529178127,0
420998,575,380.0431175267916,617.6896915020258,0,0,0.0992667780223391,0.1432673835612709,0
421498,576,351.10544414220544,512.811923074662,0,0,0.08207960916936638,0.11014757649296898,0
421998,577,335.3844312421874,576.5371340655058,0,0,0.08270912568344456,0.12494374322120827,0
422498,578,408.3114222931172,414.37580525618654,0,0,0.07226389026065948,0.07293949713063587,0
422998,579,369.1220484805619,556.7428497156443,0,0,0.09216594096332563,0.1248291996863266,0
423498,580,441.84315085153855,346.51495303549757,0,0,0.08336534681588831,0.05687825913119094,0
423998,581,316.35586437241074,589.5581162635989,0,0,0.07787204082186633,0.12824909927290515,0
424498,582,346.212023128204,530.3981790418447,0,0,0.08028212079893048,0.11382650065184254,0
424998,583,320.4308762022013,586.3043378745962,0,0,0.07977850333732527,0.12798348870139176,0
425498,584,342.6572745415966,590.4921883455872,0,0,0.08341190679862275,0.12908506018253665,0
425998,585,384.56322415426854,528.4801738451254,0,0,0.09267833469491439,0.1183562069070576,0
426498,586,355.9613034539884,531.3528388394718,0,0,0.08429576810717866,0.11622641008187017,0
426998,587,356.58111166606386,521.669145630625,0,0,0.08460312267406514,0.11330729026317954,0
427498,588,372.1494447004722,518.8046378056263,0,0,0.08777203835157998,0.11263277630780658,0
427998,589,354.0924102085449,630.6673132717475,0,0,0.08161625993814342,0.13868366058589968,0
428498,590,586.7302741779463,308.6527646648955,0,0,0.11481476858126351,0.06102177930198908,0
428998,591,382.36672053486103,545.0236977504479,0,0,0.09280365074227716,0.12246555802473781,0
429498,592,282.47879731466304,625.1655140642968,0,0,0.06383952678644868,0.13087679981896386,0
429998,593,340.52425348446883,574.7628445562921,0,0,0.08171335898188979,0.12474473024468642,0
430498,594,397.4468302888975,333.3432514185494,0,0,0.064515282267641,0.04490667458647895,0
430998,595,313.2387896691288,578.336670391105,0,0,0.0727651660619259,0.12187458399726407,0
431498,596,357.29478168629953,582.1189637974401,0,0,0.0853564779313767,0.12894798805324595,0
431998,597,360.1894798268142,581.6564959619194,0,0,0.09051947980731741,0.1320409663416833,0
432498,598,379.884092947799,515.4960651581993,0,0,0.09015982700370243,0.1143181399650397,0
432998,599,499.7910370367446,191.470112419764,0,0,0.06727364363319135,0.00038390075006701084,0
433498,600,356.4219118675413,590.5285661218925,0,0,0.08839936915187678,0.1325131810138947,0
433998,601,336.14589435573373,594.4975070847723,0,0,0.0826955227822611,0.1291095397915191,0
434498,602,318.7080596794168,708.0132159391317,0,0,0.08289592523004433,0.1591906875942997,0
434998,603,303.9671626799505,640.4969643692755,0,0,0.07522106606604587,0.13999869957818936,0
435498,604,336.2496327694241,600.7608010359539,0,0,0.08174276814614277,0.13231481529466957,0
435998,605,401.34620942552,543.3037571103634,0,0,0.09714653893620326,0.12182470384873766,0
436498,606,350.513075206841,554.876373705537,0,0,0.08397385070255442,0.12153387921871886,0
436998,607,315.38081477887596,607.2845991936706,0,0,0.07650425081647753,0.13204923799334334,0
437498,608,256.02272622738775,639.6910613034707,0,0,0.057053564842337416,0.13267424511172282,0
437998,609,332.2232938838181,656.186443138759,0,0,0.08690241610478361,0.14875759996603685,0
438027,610,-2.1667318877378143,54.313248109904464,1,0,0.007524642963515295,0.001526668812800812,2
438527,611,235.71015603796386,677.3146911902477,0,0,0.046087626344621734,0.13713873217928627,0
439027,612,397.13936227817277,510.51580812252325,0,0,0.09382560796431863,0.11318179721099056,0
439527,613,408.7961323286765,620.3415814023385,0,0,0.09852533502045309,0.14271817427807307,0
440027,614,313.09261477276533,657.3333436301026,0,0,0.07674768754046442,0.14391611423924233,0
440527,615,364.83821299813235,605.5510902353234,0,0,0.08954729640614366,0.1358167121272088,0
441027,616,200.22525355110722,659.0169073388168,0,0,0.030686370391772553,0.12647922949841803,0
441527,617,381.382501493149,539.4129656669567,0,0,0.09117154974614802,0.119110566337875,0
442027,618,337.22467064690477,589.6566889467057,0,0,0.08040686778198178,0.1293976625584431,0
442527,619,378.85820460323873,649.1558705075026,0,0,0.10068079554520934,0.15226075111847304,0
443027,620,424.9561190072492,518.702289569184,0,0,0.09871092414011445,0.11666419192441009,0
443527,621,659.5096389542545,126.33221224839217,0,0,0.1091590570571837,0.0006902196673250404,0
444027,622,359.68792594821696,590.2226819565142,0,0,0.09167029461146824,0.13364851827766028,0
444527,623,302.2188056093162,595.9571577480316,0,0,0.07064312795268946,0.12567055818431003,0
445027,624,690.2618435756758,298.0335396095803,0,0,0.14214124738104117,0.07027065764703501,0
445527,625,338.9542273376151,570.8037084036882,0,0,0.0802143572778697,0.12441673186113847,0
446027,626,334.82206058557415,571.6870962164118,0,0,0.07117050141075554,0.11939728556137916,0
446527,627,289.0257761013798,622.7266786822245,0,0,0.0678048824292741,0.1324627842719303,0
447027,628,338.0209062237641,587.8847957008144,0,0,0.08075188390917629,0.12878448171268336,0
447527,629,337.36726945217924,648.3880712295678,0,0,0.08102612900437323,0.1431631283714474,0
448027,630,302.2025817201608,632.6308573010715,0,0,0.07692276967265178,0.13825776802488018,0
448527,631,284.5182380239914,650.2872399301856,0,0,0.05974227009970224,0.13557603438223392,0
449027,632,397.78799075257433,660.6985883175788,0,0,0.09859615753111144,0.15264063903058606,0
449527,633,353.42844879211214,606.1715674565222,0,0,0.08889092307019107,0.13604582680162478,0
450027,634,188.39477993549187,690.3236007716303,0,0,0.027345762282837804,0.1333122174141788,0
450527,635,349.54044636430143,644.708043693603,0,0,0.0837942970110342,0.1431536470505733,0
451027,636,199.41777011350382,691.4825231841029,0,0,0.035668466459271554,0.1377524521475868,0
451527,637,321.57105903631185,633.9136005029814,0,0,0.08160702664814556,0.14061303800776856,0
452027,638,366.6341861928715,630.8740844441735,0,0,0.0874326865962609,0.14133733819842423,0
452527,639,316.91404056278617,628.6911505657689,0,0,0.07433680328214397,0.13679572269433352,0
453027,640,337.725140400163,607.0684189739512,0,0,0.08390544398424031,0.13459218864183736,0
453527,641,293.01407116457557,661.8696882200146,0,0,0.06636012276247058,0.14083980573301186,0
454027,642,294.4619483997774,639.3833681975507,0,0,0.06497166761978963,0.13526847904335373,0
454527,643,254.24751056788267,695.976875441226,0,0,0.05263367077193522,0.144632932413487,0
455027,644,395.01383456357235,632.2546998921116,0,0,0.09602942620853433,0.14539559010131245,0
455527,645,321.9036599937057,653.5342687607587,0,0,0.07871535756982627,0.14341513263039996,0
456027,646,198.2196876867496,683.5785325202128,0,0,0.03138826121804055,0.1339889449530206,0
456527,647,423.5198122092371,605.8148153645365,0,0,0.10844796906255946,0.1437314543120246,0
457027,648,304.85483455772186,647.4258776818725,0,0,0.06828536106728184,0.13915855481003925,0
457463,649,249.4634045650902,601.3780724397852,0,1,0.058696101720731586,0.15053538869132463,1
457963,650,354.44142833680195,610.9442745015727,0,0,0.08908707610659813,0.13717847994184207,0
458463,651,333.510293809824,636.785539738708,0,0,0.07896894226019675,0.13987702765459534,0
458963,652,261.12641114820605,672.8933134627429,0,0,0.06064907016649549,0.14143586508793382,0
459463,653,270.6917453935505,662.8351639704548,0,0,0.056555559651527976,0.13774335467539153,0
459963,654,199.94293857598421,729.0433582639025,0,0,0.03753174092498025,0.14692861458653528,0
460463,655,228.79801795882216,691.4801513136285,0,0,0.043665705575593676,0.1401195518471552,0
460963,656,305.9581139436915,653.4980967629754,0,0,0.06977238429665863,0.14036779351852155,0
461463,657,250.37136195944578,712.7218588573897,0,0,0.05208326365822595,0.14833793622020167,0
461963,658,388.4089387093542,595.7484113368037,0,0,0.09450483353353628,0.13539227456106323,0
462463,659,229.45461384829238,672.1696688003411,0,0,0.04453951836769128,0.13570883788278224,0
462963,660,240.7728106546745,686.0568544397375,0,0,0.044378151632747775,0.13908452720959327,0
463463,661,363.7441909956179,678.8055383340562,0,0,0.0908706645083067,0.15433260792529946,0
463963,662,210.58433109618093,688.0471806659508,0,0,0.0347549993120575,0.1363228651381139,0
464463,663,344.1585882043807,643.7540122959931,0,0,0.0893326790167456,0.1454193003801595,0
464963,664,333.3746651859088,649.6177056543455,0,0,0.08787802431092051,0.1462487527322372,0
465463,665,359.0126944251092,585.28621508972,0,0,0.08812455761120067,0.1300167773632988,0
465963,666,188.91747065093617,716.1435330612929,0,0,0.03174505604940034,0.14170121878283182,0
466463,667,400.35223847733283,623.5582292200969,0,0,0.0935186110366829,0.14204835465764318,0
466963,668,265.25865685559853,650.912608896406,0,0,0.05995951119393174,0.1368982470061314,0
467463,669,217.6950772459001,741.7923638498221,0,0,0.04194699561740726,0.151476256519254,0
467963,670,271.5648304896538,677.8290175693134,0,0,0.05776917565685635,0.14209190590423187,0
468463,671,248.49154016435722,717.0254884731388,0,0,0.05182449973950721,0.1490884056025825,0
468963,672,340.71878708024184,581.0832691393985,0,0,0.07297143678067795,0.11786643189560296,0
469463,673,226.71690874049787,695.0316120047326,0,0,0.040976828368267916,0.14061342097890722,0
469963,674,237.02238428449104,682.0893492686628,0,0,0.0433309356941252,0.13778784876415218,0
470463,675,275.409381914216,638.2341222843498,0,0,0.057452846700670114,0.131982517189919,0
470963,676,203.91277899281638,685.5775020013649,0,0,0.0349324399029628,0.1357115818272129,0
471463,677,200.16776263136023,698.904575277259,0,0,0.0348438164653899,0.13866260417518309,0
471963,678,187.6454489572765,725.42768530605,0,0,0.031618667956364095,0.14389100090237827,0
472463,679,349.19922738878347,615.8862710912749,0,0,0.08892019723058868,0.13855662347994635,0
472963,680,183.10653659364996,728.7316082752301,0,0,0.033275948774084886,0.14569406038751456,0
473463,681,295.209504131231,673.6029406943546,0,0,0.06321142669368908,0.1429492316379711,0
473963,682,362.15292364951983,595.3518293458311,0,0,0.08979734437379304,0.13305576893354487,0
474463,683,159.45398785059402,688.5072924106328,0,0,0.021271320829543708,0.1311535070351607,0
474963,684,229.65167264854261,669.9453391350411,0,0,0.04075813923267389,0.13433875956278712,0
475463,685,176.6548763758509,727.9189047005992,0,0,0.028304948034773285,0.1431306741007602,0
475963,686,290.7833858140483,664.4023227285079,0,0,0.06987316782928772,0.14237527658768487,0
476463,687,298.41484538512566,689.5732083354254,0,0,0.07397494544901986,0.1514136162748117,0
476963,688,233.5323697961804,737.5825213795865,0,0,0.050833222992394685,0.15413993941601165,0
477463,689,329.1571913439018,651.7205038585366,0,0,0.08212469447535323,0.1436904426785224,0
477963,690,167.66717207803313,659.1795779995317,0,0,0.01510647567705202,0.12230037725399169,0
478463,691,175.53051861025116,701.2790698210827,0,0,0.022195476085221925,0.1344758133136464,0
478963,692,162.2596585251804,726.4516016255811,0,0,0.021127232111779474,0.1400016074685887,0
479463,693,194.45705853273932,712.0063477579768,0,0,0.029442513852007045,0.14020493430328093,0
479963,694,213.65325126030925,687.0428097430582,0,0,0.034992980545819015,0.13599059665778165,0
480463,695,378.1546821243207,630.8323145402998,0,0,0.09965506203287727,0.14618517797412192,0
480963,696,199.69963406493056,693.2029243266434,0,0,0.02939994474803385,0.1348784264568546,0
481463,697,475.83399113882354,328.02911124527554,0,0,0.09184343972227092,0.057662650267186415,0
481963,698,228.17039110499942,717.8531367147427,0,0,0.04305038982615996,0.14615166073063365,0
482463,699,217.90250400029822,656.2259028108487,0,0,0.03182039816290342,0.12678551581648065,0
482963,700,358.6395308787315,647.5276119709737,0,0,0.09412612085048878,0.14936829404403953,0
483463,701,253.67432079490223,716.0917517811992,0,0,0.05355026660148919,0.1496380774074272,0
483963,702,223.33747413442376,700.1333607728395,0,0,0.039795146912021614,0.14065433697002153,0
484463,703,278.9397427827511,697.8235840478495,0,0,0.05964618480595714,0.14780890512764153,0
484963,704,286.46571749374937,680.1583731000051,0,0,0.05775135561729113,0.14209762941266932,0
485463,705,241.12111502497797,662.8455315009339,0,0,0.04299454314867078,0.13240909957478136,0
485963,706,216.06474039357366,679.0968291654846,0,0,0.03387398539035433,0.13122855046419976,0
486463,707,213.3387691255282,715.4601974209924,0,0,0.038688091168023214,0.14405981646929344,0
486963,708,388.247600524131,652.516141933197,0,0,0.10304665144387387,0.15344929904916627,0
487463,709,168.19280530426454,700.2728243677816,0,0,0.02762052450853387,0.13570036408843833,0
487963,710,244.7179897147832,600.4104161029805,0,0,0.030602635987088872,0.10377080724660519,0
488463,711,292.72545181849597,757.6960371597777,0,0,0.0706227380354505,0.16656966699383235,0
488963,712,289.62323144741583,674.1952074064585,0,0,0.06054346852818072,0.1417766673422377,0
489463,713,185.4057780310266,698.7587613052822,0,0,0.026072959866283107,0.13548309182789256,0
489963,714,240.6031235005626,696.7945756530133,0,0,0.04563965694220853,0.14214925526083252,0
490463,715,367.20186454462305,668.0962510487459,0,0,0.09225557708928525,0.1524860392098434,0
490912,716,266.06366966849123,648.9980310752738,0,1,0.05891387561966197,0.156838593220043,1
491412,717,226.83820800367786,691.0157181919778,0,0,0.040438426297999874,0.13846379694962885,0
491912,718,372.43008777635123,692.202611830487,0,0,0.09572101586885541,0.15935644376343358,0
492412,719,352.0256513310525,611.5141080925731,0,0,0.074403552313514,0.13117460694409455,0
492912,720,248.315576490036,738.7934268705925,0,0,0.055613305511803816,0.15595877877953337,0
493412,721,275.2685359328813,620.9777650210586,0,0,0.05290675057843713,0.12591723709257907,0
493912,722,544.4263909916975,801.0862131199407,0,0,0.15022646498860193,0.20455388692528223,0
494412,723,367.8231135854146,634.7817072779245,0,0,0.08998365625700332,0.14370942048811827,0
494912,724,370.2512402718529,664.834218523631,0,0,0.0877970603960382,0.14964812202044872,0
495412,725,368.52877561972025,651.8039783583622,0,0,0.09536490896909401,0.14895483179348068,0
495427,726,-11.620432998592836,47.30720671816535,1,0,0.011289775074919847,0.029422555216141646,2
495927,727,325.4888924534591,672.3974802205342,0,0,0.07113613611124983,0.14349810587530307,0
496427,728,301.8177395735502,600.2688728157086,0,0,0.06423223253141469,0.12532189538206637,0
496927,729,337.55600267540075,653.1096004154082,0,0,0.08280706790860695,0.14481492550063516,0
497427,730,283.7711269714564,682.9203610398321,0,0,0.05983164909467174,0.14311925760777608,0
497927,731,246.80726838033664,653.3640505018939,0,0,0.04643570076428826,0.13111391177964637,0
498427,732,318.5017131609213,668.6797178282386,0,0,0.0801267886472915,0.14762096232059543,0
498927,733,396.81782862194206,658.2924276335193,0,0,0.09382830948965228,0.14974955997884556,0
499427,734,406.40759859643504,641.1981078308822,0,0,0.09617879284798345,0.14621832835077772,0
499927,735,240.60269476644942,726.9453821642584,0,0,0.04944673998556092,0.1510425965916449,0
500427,736,322.96880492094806,680.1855467109917,0,0,0.07128602735032168,0.14625998239551913,0
500927,737,374.05848337025344,637.760715055428,0,0,0.08195650508291165,0.13995672042065033,0
500943,738,-11.157970006752251,45.99688722983429,1,0,0.0,0.0007486915840227458,2
500960,739,-10.210015617085196,45.149845383481164,1,0,0.004028906755139263,3.2490958550756234e-05,2
500975,740,-13.494066748871614,49.83481057597018,1,0,0.00011635057625140726,0.04247990074604753,2
501475,741,336.865848030656,691.3628838627905,0,0,0.07578353911024319,0.15141653533005628,0
501975,742,387.4345955363565,678.7945426437582,0,0,0.09683986447529158,0.15600819935600943,0
502475,743,456.8873329445148,609.7966020298809,0,0,0.10741690281237563,0.14250783113399812,0
502975,744,429.74369192427196,610.5707225712163,0,0,0.10260204124989551,0.14105093868519572,0
503475,745,372.03041870134604,717.8719934945909,0,0,0.09619562845473807,0.16646475756645965,0
503975,746,493.7397992000449,606.3849862191436,0,0,0.12158462245607195,0.14661825880739962,0
504475,747,587.5759007881735,705.691856237667,0,0,0.14798228517872125,0.18031120885889354,0
504975,748,288.5732713237378,662.7871742328782,0,0,0.0607048874231568,0.1392055507581929,0
505475,749,484.4012085824111,618.7280023915001,0,0,0.11973996357823145,0.1491181957731014,0
505499,750,77.63277335891864,-19.051800489898636,0,1,0.15647895904852424,0.002193667526600046,1
505999,751,484.17237082925294,652.5593561124289,0,0,0.12230390163111625,0.15923783069705097,0
506499,752,890.9319885925623,221.61166666027233,0,0,0.18800259196993,0.06328400626433324,0
506900,753,498.0443558730038,112.08207170284578,0,1,0.08269500261960168,0.0007119109855016954,1
507400,754,170.52913753532854,634.2368514022244,0,0,0.021028242849102444,0.11683864734479842,0
507415,755,40.653577373120704,-12.958919605774902,0,1,0.008561711231432654,0.001908539599081704,1
507915,756,368.3981719184552,695.2362944460947,0,0,0.08736624056219099,0.15606617214617322,0
508415,757,521.2373127062535,182.91659316102695,0,0,0.07702180079652686,0.0001002030281716602,0
508915,758,572.4545317841722,151.86618362655167,0,0,0.09101535728081868,0.00034486627191052544,0
509415,759,316.3916953639105,651.9138742389588,0,0,0.08285512651730743,0.14484168108977333,0
509915,760,431.5242604609249,680.0662670122165,0,0,0.1053964578584894,0.15902524430291615,0
510415,761,623.2670898462809,597.4474974652802,0,0,0.15440027475328222,0.15604391547672306,0
510457,762,7.388616347429409,92.91080003907057,1,0,0.07693546597524611,0.15286356612279597,2
510957,763,533.5589022675214,172.33375073488466,0,0,0.07277359942543044,0.000312823627723313,0
511383,764,782.8268994192932,4.313302424555285,0,1,0.16345807727340397,5.02438691217763e-05,1
511883,765,163.81038105644728,684.0357760679311,0,0,0.020127518453979264,0.12979512725905604,0
512383,766,632.8911886442929,129.05237703208246,0,0,0.106534781816453,0.00033536237311916845,0
512883,767,303.4264044758111,596.3091972701052,0,0,0.07331556057180005,0.1269123936705354,0
513383,768,442.2180665884661,602.528544287589,0,0,0.11037924898324934,0.1410570476377614,0
513458,769,133.34767716344732,-3.058417153072501,0,1,0.10567035885714414,0.006284795648593299,1
513622,770,298.08457607900255,4.700067340686484,0,1,0.14533307720529084,0.0002208739876724024,1
514122,771,573.3484234527326,154.89886758660583,0,0,0.08785304894467641,0.00017858622414311772,0
514622,772,402.73535888023315,597.6102662046252,0,0,0.09885360840577716,0.13670618492035067,0
514759,773,183.17275849448697,26.126476080722867,0,1,0.08126952040588019,0.0006184211900377788,1
515259,774,554.3792233110144,658.2412532183222,0,0,0.13836737252173473,0.16477727605812018,0
515759,775,424.9665774333364,672.7578244085788,0,0,0.09881583856344382,0.15449888027601216,0
516259,776,347.35678049606,249.235886922834,0,0,0.02405237837311345,0.00045777023852145354,0
516759,777,281.9709404938971,649.0786401172545,0,0,0.054170693490333134,0.13288169153199203,0
517259,778,434.8491899081235,217.51094608871347,0,0,0.0506374346637813,0.0002037321769723182,0
517759,779,733.1984802611214,94.54681784194884,0,0,0.12888767561021702,0.0001819820396230095,0
518259,780,278.36149169237746,628.2311429033626,0,0,0.06109572976744625,0.1306659572661047,0
518759,781,409.652006381895,229.39927766836846,0,0,0.040086114004141096,0.00035233584801553746,0
519259,782,372.75475745410176,560.1951307833183,0,0,0.08689997333451878,0.12212276090924862,0
519297,783,3.641952538596218,74.09613373162745,1,0,0.054209501794337006,0.09817351962122682,2
519797,784,502.5534918849906,190.58740969232647,0,0,0.07156398937863627,0.0004211678337426419,0
520297,785,228.12994238360065,692.9537167799236,0,0,0.05129195661690248,0.14291111023639994,0
520655,786,204.67139902538247,471.95976874182765,0,1,0.04564310700768965,0.1351888628430182,1
521155,787,185.25151678491878,694.5383099767073,0,0,0.02471015155126659,0.13277871126339388,0
521655,788,255.20514074174207,628.3855022397637,0,0,0.050078767793133465,0.12754791873451227,0
521670,789,-11.9750423790419,-3.66066704643557,1,1,0.0009135956515377584,0.0,0
521862,790,294.6272309887434,184.20884143686905,0,1,0.1617626895149667,0.13222350685413745,1
521928,791,93.59126905669959,61.24147263108313,0,1,0.1050438679872582,0.12172941201911909,1
521966,792,11.184736056462292,50.844561162974564,1,0,0.04338637966862954,0.00034563473362277667,2
522057,793,122.17552832921841,64.0578524170382,0,1,0.0991943416301434,0.08806803340731612,1
522557,794,394.67230972826087,593.8423526701057,0,0,0.09061134508200036,0.1320566639310649,0
523057,795,664.7543676815353,175.24701165970006,0,0,0.12082007815183096,0.019885111649707167,0
523557,796,195.75302262680395,739.9032084597812,0,0,0.03290428691100803,0.14803149168171742,0
524057,797,215.4165447540979,736.6492072887282,0,0,0.038729118224663656,0.14880327008084113,0
524557,798,359.6221433689872,606.4260444649942,0,0,0.08818703553672876,0.13485267577957322,0
525057,799,236.84035169292966,713.8055644129173,0,0,0.04342336353143735,0.14469861677387183,0
525557,800,277.93902649522624,705.3098414576084,0,0,0.05642511906445763,0.14720620011242633,0
526057,801,460.9257224429027,622.9453693018007,0,0,0.10499106870019122,0.14467022446414543,0
526557,802,348.19504067587656,693.7815774370694,0,0,0.07565687911613937,0.15107743772169813,0
527057,803,363.05339490007947,692.5674498404771,0,0,0.08049775015364401,0.15294164072436342,0
527557,804,211.0374655586584,702.4898423134941,0,0,0.03607254661838331,0.138938631540338,0
527938,805,187.7718687415227,547.2718904050618,0,1,0.03696364034238812,0.1487349324151919,1
528438,806,338.47990655716956,744.0182261521278,0,0,0.07902956932211193,0.16175504981424985,0
528938,807,289.2950108209375,752.3622914877452,0,0,0.062444802318085836,0.1593777574437079,0
529438,808,201.50388443169354,715.800653231329,0,0,0.03188171538441511,0.14126995855528174,0
529938,809,191.33315483266034,734.9483001324155,0,0,0.031133509557530244,0.14482372826288217,0
530438,810,340.82384823021636,553.8038221106514,0,0,0.06800617120131175,0.10883230900025011,0
530938,811,227.06693056677295,729.7449417812633,0,0,0.043526013498384,0.1492013761273983,0
531438,812,568.7783941150677,656.1218199355479,0,0,0.141632499267857,0.16612938788387593,0
531938,813,446.3144310892513,713.4439084968127,0,0,0.11119420148167017,0.16879668534613415,0
532438,814,378.0563547915353,756.4807868109228,0,0,0.09173706650330765,0.17251407805922628,0
532938,815,723.1350496933974,598.554115062973,0,0,0.18215599334380292,0.16691606786433777,0
533438,816,211.0500432574922,722.4755220827436,0,0,0.03595948940911524,0.14301741206363175,0
533938,817,448.31461742351695,650.071538200251,0,0,0.1123514981229701,0.15333865608154637,0
534438,818,368.19656087528836,564.782186918177,0,0,0.08415316403639123,0.12108105759837215,0
534938,819,618.2175021394288,624.4670424295151,0,0,0.1555403080592083,0.16356050652829876,0
535438,820,597.124725903556,628.3166821725309,0,0,0.14867241266961348,0.16215125663598115,0
535938,821,643.345119646677,596.2164022207467,0,0,0.15816744129783525,0.15777687383204847,0
536438,822,322.6588122127636,731.508656227367,0,0,0.07208511859309284,0.15952153485262177,0
536938,823,558.9388274739432,156.95043756214437,0,0,0.08789661131420798,5.470325341742286e-05,0
537438,824,265.2799833926928,710.6714259322358,0,0,0.051798929288483855,0.14702487227641117,0
537938,825,587.0796276515536,676.5064961715991,0,0,0.1469963814876044,0.17254828106076178,0
538438,826,630.8586920227132,625.3296046282895,0,0,0.15775192703875043,0.1644778175575499,0
538938,827,581.3007036092471,623.1694813462434,0,0,0.14375295911891223,0.15907768563741423,0
539438,828,548.8750930779611,670.6487417871155,0,0,0.13904434999115797,0.16917438699194443,0
539938,829,525.8321813879146,679.596585795914,0,0,0.13633213416750725,0.1695732785973516,0
540438,830,435.8089376809748,648.8312583849067,0,0,0.10831286147620812,0.152433095843282,0
540938,831,703.3234467540307,726.3626672551579,0,0,0.18853102446098782,0.19861240119531037,0
541438,832,772.1206416545339,657.9350548869601,0,0,0.20008281699575442,0.1869871387692688,0
541938,833,610.6673094118496,661.5242469839923,0,0,0.1522067601797892,0.1709020591096582,0
542257,834,505.7754761910144,374.6821980965195,0,1,0.1875512092447074,0.16711657844959937,1
542487,835,419.38621878363824,10.05676861504567,0,1,0.15327718319095998,0.001572163729099163,1
542987,836,701.6552576275461,660.9852111559642,0,0,0.17947173945198083,0.18042994164450904,0
543099,837,123.35338682132179,73.86069037436566,0,1,0.07146801826405984,0.06699613569306169,1
543599,838,369.2092927001448,699.4098832035863,0,0,0.08112595921205505,0.15442011754921584,0
544099,839,782.1037777717804,635.0620053432133,0,0,0.20060285251354884,0.18111411021717133,0
544599,840,786.3246681466026,630.3574246132808,0,0,0.2003453983403754,0.17958738516026218,0
544620,841,-7.963727165558467,-1.9241627786182214,1,1,0.005224204953482059,0.0010923198423738395,0
545120,842,776.6869859768173,649.5972151295086,0,0,0.1995106629633691,0.18365439672324474,0
545620,843,544.4804851255708,161.30124434546508,0,0,0.08607214380026974,7.523077800423269e-05,0
545642,844,-8.196539451434392,44.215885704220284,1,0,0.00798320496132992,0.002647619189518031,2
546142,845,842.9687610611542,602.8422455394107,0,0,0.21420110219109942,0.17789233341300423,0
546161,846,-8.921983121065814,47.13893199066088,1,0,0.002409709842531589,0.0,2
546661,847,768.5813792408297,647.1733740831768,0,0,0.19343101532710302,0.18143724915013665,0
547161,848,316.4832815962096,689.6386925686802,0,0,0.06725930174069893,0.14777005250141276,0
547661,849,496.356500296169,697.1584714826085,0,0,0.12181388558657943,0.16774647884674848,0
548161,850,812.3985564481029,629.9303965315003,0,0,0.20345514830714514,0.1802423513415262,0
548300,851,213.14109739672406,144.818852217939,0,1,0.15885616655353593,0.15171968490003127,1
548797,852,576.956025548354,634.5399893966116,0,1,0.13254449617616032,0.15962126112971284,1
549297,853,613.335980680469,627.1300217582857,0,0,0.14875744512060063,0.16151771261042452,0
549797,854,743.6712736367118,622.0039263602944,0,0,0.1856115444593739,0.17338154233893155,0
550199,855,570.3565492578883,575.8369560451237,1,0,0.18778249449710108,0.18639181044512598,2
550284,856,93.268549977888,153.69421370180322,1,0,0.17300918331988893,0.18742903641626452,2
550512,857,338.95713019884806,346.67411938454427,1,0,0.20240954300258976,0.1944963370518664,2
551012,858,687.6074467919815,619.0845104059996,0,0,0.16852893703113253,0.16520649711903823,0
551512,859,724.5929719931206,633.7012004780304,0,0,0.18021601925263755,0.17313589775793806,0
551585,860,36.466071935895165,156.43425426832448,1,0,0.10756206081184279,0.19261503408382477,2
551705,861,97.01393907457799,149.1919404225126,1,1,0.12107973619807581,0.1604834005998384,0
552147,862,632.6784186075582,652.640514193833,1,0,0.19058008304466595,0.19371814175265312,2
552266,863,141.72670182279646,99.45070720369473,0,1,0.09526394650485971,0.09879943528117628,1
552349,864,134.4116498251075,91.89390739796283,0,1,0.15323483050294662,0.1641329817573744,1
552849,865,781.0937724544367,699.0651833910925,0,0,0.20181401598568813,0.1964969258181776,0
553349,866,795.8222870774591,599.1075082367839,0,0,0.19675914670415673,0.17067386402299062,0
553773,867,612.2699848368319,565.5135959278525,1,0,0.18682947422665938,0.17411064292819453,2
554273,868,813.2463053141742,674.4134764786621,0,0,0.20913224799194788,0.19271588897787084,0
554313,869,42.10506958170126,42.172399143311296,1,0,0.1275697604345713,0.0,2
554365,870,22.53686718497593,68.16502049674713,1,1,0.10840277799294201,0.17736235661353625,0
554467,871,159.1348964275147,177.454244302033,1,0,0.22962516627286667,0.20643007479940853,2
554629,872,213.77343415257602,153.69026611828093,0,1,0.12368384828054799,0.12012558442475564,1
555129,873,930.189395398729,561.6311753595238,0,0,0.2321748699417001,0.1744464288239338,0
555629,874,394.567603066504,639.2053914506597,0,0,0.08750451796656407,0.14057253184191537,0
556109,875,733.3571417922926,582.0498930238898,1,1,0.19895692095804257,0.17672039292150035,0
556132,876,-5.842369533549563,-1.7405130535788373,1,1,0.00825303232839809,0.0,0
556150,877,-9.77600362470601,46.09874635402376,1,0,0.0015832620018967805,0.0010523788901868332,2
556650,878,872.5660676233218,554.7024434811419,0,0,0.2157449140284766,0.16681251979572437,0
556846,879,307.42820236324445,293.3872276607033,1,0,0.216222606744819,0.19050545087784992,2
557346,880,870.5448487939533,534.0769314147227,0,0,0.21197764163257346,0.16082615812202053,0
557366,881,-6.828683234372566,44.73293669642149,1,0,0.010556170713628979,0.00022765962230752857,2
557395,882,-1.4355420767444862,47.491585323578875,1,0,0.013993520120226017,0.0027775448584359272,2
557416,883,-4.541976587489108,44.388010733619005,1,0,0.019582221778108706,0.00013634667264525278,2
557440,884,-6.9153225650372665,-0.30492690462818217,1,1,0.0012338162643933776,0.001158354169384756,0
557673,885,441.6554534696439,39.3002550517529,1,0,0.1801410795281224,0.00023865212744534934,2
557695,886,-5.9042292544224875,42.996807611617605,1,0,0.012005144413839668,0.001570866081900888,2
557747,887,71.96979933338902,40.58133329963729,1,0,0.15859209534612753,0.00023151779977367842,2
557774,888,-5.169175024306789,49.38031218476997,1,0,0.0056594524550172675,0.0,2
557794,889,-8.068357611014871,-3.366919424339983,1,1,0.004169017778486372,0.00027470057562091986,0
557818,890,-6.422134236059689,49.73433758232892,1,0,0.005465748127150834,0.0023118720241685764,2
557861,891,31.542391673985666,47.914176044037205,1,0,0.08253615780634377,3.46765882853076e-05,2
558361,892,503.33606987128667,562.1490045394683,0,0,0.11084296741515633,0.13099081985435257,0
558546,893,220.79295549747889,268.1676374102157,1,0,0.1591306315754661,0.1631433370918001,2
559046,894,782.2443837600855,82.48907973334065,0,0,0.13767843164670537,0.00033988988761618044,0
559546,895,818.2257392743951,553.1464254845083,0,0,0.2003295429804059,0.1608875864106553,0
560046,896,866.6688360882446,549.6835621527023,0,0,0.21213498029710126,0.16378038091777378,0
560094,897,50.51443400415975,45.57667608621567,1,0,0.1207892059920388,0.0009220167043296227,2
560594,898,835.8092229940676,550.7605483354723,0,0,0.2057311237732799,0.16299312206661828,0
560654,899,72.82613074732107,47.488795818819135,1,0,0.13213282613192237,0.0018321383449405103,2
560865,900,378.2055214472392,48.009299321656,1,0,0.17124888492330667,0.0003792936504565496,2
561365,901,800.7819378688804,540.9239866330352,0,0,0.19476019451195545,0.15680936733357248,0
561827,902,709.4261435338502,595.2615110677887,1,0,0.19730606386941046,0.1728259761568285,2
562327,903,512.5928462077622,171.2120912029713,0,0,0.07861750885922865,0.00029940304506218153,0
562827,904,696.8250905835523,563.2322519921595,0,0,0.16750163696049045,0.15223280918265558,0
562874,905,55.20451641997302,39.327261834709944,1,0,0.1299708923176138,0.001793288951375199,2
563374,906,830.5763206084439,608.6354932977778,0,0,0.20796798275007322,0.1761980419467987,0
563874,907,786.4959778750555,682.7828906262624,0,0,0.20378984633149036,0.19260531564095443,0
564374,908,530.4544142605351,577.6046106236607,0,0,0.11991089372564387,0.13723309233607928,0
564874,909,712.2259825193364,660.5025037709551,0,0,0.17727453203610172,0.17765839736696598,0
565374,910,732.6813553931045,604.1220377202808,0,0,0.17899239870304648,0.16498199453250406,0
565874,911,795.0480206729346,611.3055608234945,0,0,0.2008100346527065,0.17475184202562516,0
566374,912,805.6932865550755,595.2434931745214,0,0,0.20022748706189547,0.17056477316968235,0
566874,913,777.0538760813836,585.5092454444064,0,0,0.19161816993421635,0.1656623073337828,0
567374,914,796.6798652072863,596.413735655788,0,0,0.19885481582816175,0.1700430986449372,0
567874,915,427.5138052859661,457.84910994265226,0,0,0.07957447831617223,0.08890115358478014,0
568134,916,519.3247047661005,-2.4449300389996864,0,1,0.17419810626205076,0.00023855623032276968,1
568163,917,-1.787601198753375,46.378300797315006,1,0,0.013001516653528899,0.00043259943732822207,2
568663,918,716.3312784352433,569.160991950865,0,0,0.17200317092263026,0.15478478500166018,0
568690,919,-1.9144324912543986,49.3439265381119,1,0,0.01913348909465468,3.745409501775309e-05,2
569190,920,791.8867141016206,614.5778345962536,0,0,0.20050184856102438,0.1756294367950265,0
569690,921,616.1695239334625,134.9692535837825,0,0,0.10121252674516358,0.0005730441960510574,0
570190,922,800.038907284748,579.9665813441632,0,0,0.19793296106612948,0.16654924216866612,0
570684,923,956.9267176988957,9.536756429255718,0,1,0.1716126358233122,0.0005444849004037514,1
571184,924,832.1234224541444,661.2293642012914,0,0,0.21507601505063825,0.1913459656202041,0
571684,925,854.4718336763617,613.9111135946046,0,0,0.21632832771188873,0.18097736921117216,0
572184,926,1100.6620664891307,-31.452760034350625,0,0,0.21107209253741024,0.00027362355501633716,0
572684,927,904.9986581907204,584.439832583024,0,0,0.2281380769606157,0.17788579192644988,0
573184,928,804.2085523923973,557.2965215415713,0,0,0.19625722783903754,0.16070720171018313,0
573684,929,773.0460530239262,551.9664222725198,0,0,0.18796795386734974,0.15615462350877857,0
574184,930,777.9307556613787,556.0819480178513,0,0,0.18810928873479363,0.157119317378581,0
574684,931,805.2770407000485,559.9483996138417,0,0,0.1976548638762568,0.16106720441338787,0
575184,932,720.3266394546982,570.4505936547845,0,0,0.17167690156551885,0.15483064458613158,0
575684,933,789.9289983273935,573.8536688763724,0,0,0.19374715067296103,0.16365111346500144,0
576184,934,816.7054190130342,131.3003708315862,0,0,0.1477144539096851,0.01921594828357998,0
576684,935,764.3417950847954,570.0690912242134,0,0,0.18380181616919794,0.15856699791572262,0
577184,936,669.0939441252386,547.05973604731,0,0,0.15557343457764858,0.14357444827763743,0
577684,937,942.9137017718347,29.0226138311566,0,0,0.1694718455430782,0.00022053133125624953,0
578184,938,738.8905410591768,591.1053449012437,0,0,0.1779817659511825,0.16109695906878468,0
578302,939,51.03917262281975,93.4421564284513,1,0,0.006426577076091558,0.0008629257227043719,2
578566,940,478.5409237243392,46.78513082639784,1,0,0.1721701701201651,0.00036934135122085424,2
579066,941,749.1692533984177,697.5955464331169,0,0,0.194359384638012,0.1928214563980517,0
579566,942,896.7113177164055,650.4832366736351,0,0,0.22999477075992808,0.19359928743590843,0
580066,943,789.0455362265753,568.2771386401035,0,0,0.19071588611979384,0.1607913544067145,0
580566,944,781.9632199179734,599.9131486596835,0,0,0.19149381718940206,0.16811212888471191,0
581066,945,878.6471713580719,614.4774686434777,0,0,0.22291811495667427,0.1828371558014767,0
581566,946,779.0371578257287,582.1282697680583,0,0,0.18997712487828236,0.16376478439718498,0
582066,947,1007.2107222013251,13.006668858329647,0,0,0.18495419450178646,0.00024973090589364627,0
582566,948,788.017834778318,688.9051539570103,0,0,0.20528924760809616,0.19397160324850674,0
582860,949,151.41344171146983,188.22477191296983,1,0,0.007139495373613166,0.00031544472340796446,2
583360,950,740.4319033068641,623.7734688523741,0,0,0.1816474118430305,0.1703747674936544,0
583502,951,236.47022850778774,46.411121113234856,1,0,0.16157017324482195,0.0007418531217196258,2
583587,952,31.296845350709518,77.08050220607892,1,0,0.005685900160929152,0.002060020351953978,2
584087,953,754.5785570356546,555.1294342996914,0,0,0.18024912838104876,0.1541201747251271,0
584402,954,523.9354396149257,37.39616116143938,0,1,0.13094114504811993,0.0008697579397923625,1
584902,955,726.4187887483545,605.2539878053456,0,0,0.17594510183664913,0.16343020669774105,0
585402,956,825.8598231221375,633.7877313425482,0,0,0.20938284528859666,0.18281452109000637,0
585902,957,1025.2617729136016,75.39948995044946,0,0,0.1995668312954884,0.02480393978699717,0
586402,958,800.4019335941383,573.0259967104219,0,0,0.19666280172855846,0.16445347398645785,0
586902,959,812.1964499231406,548.3423384848822,0,0,0.1971982109811032,0.15858377983322353,0
587402,960,795.2656001397052,594.6641785768464,0,0,0.19441603127557008,0.16728224522999607,0
587902,961,941.8791458704601,176.0594260550168,0,0,0.1828365662513931,0.04780204807151947,0
588402,962,804.4062844286096,551.3642327792726,0,0,0.19575132679657042,0.15912825634839145,0
588902,963,832.8612269002133,629.3505360717008,0,0,0.20963643105941424,0.18158716843290998,0
589402,964,806.6360726007423,596.597247383239,0,0,0.20140627470336234,0.17159978090829395,0
589902,965,835.8182359452035,561.6575269646377,0,0,0.20432885144699492,0.164003696039262,0
590025,966,112.59274036745502,32.52977467154728,1,1,0.06940708311406624,0.0021131568562905356,0
590525,967,729.1594501401407,560.4071456776336,0,0,0.172138851239184,0.15142680916221044,0
591025,968,734.8464243519787,588.5083348398233,0,0,0.17732358230953874,0.16041680530180144,0
591525,969,777.818319609501,597.6919787329944,0,0,0.19029270756337835,0.1675521926997087,0
592025,970,794.7922371593784,259.89314885678,0,0,0.15469060146972927,0.0613525011844319,0
592525,971,774.2833303990989,541.9188148155336,0,0,0.18592649295110011,0.15220168266096945,0
592916,972,704.5439569785364,54.07798335721753,1,0,0.1670813131288928,0.00022193120313695488,2
593150,973,338.97663636623764,29.29673048676591,1,1,0.12000011462816709,0.0004611890941244526,0
593650,974,1055.5933021306835,-6.2079927912532495,0,0,0.19681863787740658,0.0004405924853006014,0
593723,975,104.71252531774914,41.911834090953356,1,0,0.1436029122697853,0.0017691524130143098,2
594223,976,920.9662287379797,37.10036456849933,0,0,0.16465193016631122,0.0006520246292017658,0
594384,977,151.1721629295235,67.15704571118457,0,1,0.02925408027046118,0.0007390523516301744,1
594486,978,39.89082534857717,85.18697431865507,1,0,0.0026427812760412973,0.00025238948467504955,2
594986,979,909.2335252069289,46.96849172331639,0,0,0.15938772597495493,0.00012799905827172624,0
595379,980,743.3938197899428,56.27821346890728,1,0,0.17540284218607494,0.00038844306449991337,2
595879,981,805.7159348446728,607.4083282946349,0,0,0.20092384392715407,0.1740481358868968,0
596379,982,772.8286429045581,585.5102618901701,0,0,0.18853658988600844,0.16336981615923424,0
596879,983,828.8538791995987,553.7689155167445,0,0,0.20225441063816113,0.16171102168553425,0
597379,984,754.4122681122857,628.8796423593791,0,0,0.18782655620628017,0.17405019832143398,0
597879,985,844.6079630675031,596.2776306870226,0,0,0.210725109536029,0.17311951645447837,0
598379,986,825.8549734579325,617.4070669069064,0,0,0.2063906630864819,0.17689331276939632,0
598879,987,792.0450562910563,639.3732781269094,0,0,0.2000981432189338,0.18112665903676367,0
599379,988,832.4149360293075,607.7267234955509,0,0,0.20812996251549912,0.17622019510764894,0
599879,989,858.6017881532614,571.883388974916,0,0,0.21430963233570008,0.1698748526666933,0
600379,990,689.1654755368618,664.7954444920457,0,0,0.1730689047516651,0.17744348296709703,0
600879,991,782.0528927078902,633.6159266660361,0,0,0.19694052308474833,0.17844201081597527,0
601379,992,806.0932240954324,660.2578341725618,0,0,0.20772939968191986,0.18805864943253672,0
601879,993,735.9966852282287,647.0318496601451,0,0,0.18346473403226093,0.17645791967206026,0
602379,994,731.7880733600965,670.7568492262428,0,0,0.18742390076127902,0.1838659563453986,0
602879,995,721.3920382178748,685.3306046659424,0,0,0.18488610552966947,0.18658423842754046,0
603379,996,766.4576394404515,660.3514288052676,0,0,0.19470919650286586,0.18435402544262053,0
603879,997,802.8864407403364,582.9156745684159,0,0,0.19751638091316032,0.166936558733503,0
604379,998,753.762650935905,648.1157946419276,0,0,0.18890708818790458,0.17950678355112198,0
604879,999,760.2213252066322,581.8983947605362,0,0,0.18547680520875356,0.16253828571515752,0
605379,1000,836.7551878054749,678.0545631848813,0,0,0.21623467799378332,0.19510864664941358,0
605879,1001,795.3624122952223,641.8785419888561,0,0,0.20128973792348098,0.18154765104438866,0
606379,1002,839.36804138325,698.2400562883475,0,0,0.21933466061617424,0.2011951577352739,0
606879,1003,804.8541010741167,650.1916419356535,0,0,0.2049187824483034,0.18484882139351547,0
607379,1004,772.2642376885443,606.3870875357426,0,0,0.1911460380489164,0.16999042789626384,0
607879,1005,824.64774833801,662.019025916076,0,0,0.21066657881664946,0.19017760373232231,0
608379,1006,860.0647874241297,718.8622379916206,0,0,0.22612587201471876,0.20797890675687006,0
608879,1007,852.9735112198879,678.8941876917984,0,0,0.221565860853286,0.19783177935197527,0
609379,1008,761.1055805315858,705.2092658808833,0,0,0.19803972674370912,0.19596940499606655,0
609879,1009,806.764351699808,744.2728273052036,0,0,0.21389255096572637,0.21040014282779101,0
610379,1010,883.693338791044,680.7251127234401,0,0,0.23049769687531882,0.2018728740147987,0
610879,1011,941.8157929753747,692.1186213728438,0,0,0.2470434549379104,0.20993694221386008,0
611379,1012,878.8564958943886,614.6570571391028,0,0,0.22119687712522618,0.18300122260993454,0
611879,1013,917.611373463841,667.3032222022597,0,0,0.23731664970342578,0.20054033018077008,0
612379,1014,925.8514256091609,625.8497244664991,0,0,0.2349933374165461,0.19027764625337376,0
612879,1015,250.92069220041165,674.8620006477728,0,0,0.04663574479327553,0.13566593097866247,0
613379,1016,933.1258893249671,617.4016400788842,0,0,0.23754646220695214,0.18902341897263375,0
613879,1017,917.7635911164402,622.7350940858561,0,0,0.23386589394164542,0.18828631122937892,0
614379,1018,898.8327281126625,650.2996007944506,0,0,0.23017575761788872,0.19377324235766352,0
614879,1019,912.1735526442043,684.1642434798399,0,0,0.23744428474162288,0.2046479418106447,0
615379,1020,1028.585612660965,670.576707919059,0,0,0.26865840680975367,0.21102193342911013,0
615879,1021,936.8237547007633,684.667323372029,0,0,0.24403763685623298,0.20667639446623357,0
616123,1022,396.0084663332236,436.6053705271796,1,0,0.2357113623229714,0.23726720292005343,2
616623,1023,930.9803529105486,686.5581178042115,0,0,0.24182524278413242,0.20595063247391304,0
617123,1024,901.646513318463,736.7467534901867,0,0,0.23915321978986082,0.21726395357305803,0
617623,1025,917.332536544958,713.6656796634793,0,0,0.24102031999111914,0.2129031229024594,0
617934,1026,402.9372603280991,432.7899943369608,0,1,0.15785976177044458,0.18532843849144434,1
618065,1027,104.91087109224945,223.11443366470115,1,0,0.1162555170413024,0.17325702335889648,2
618565,1028,950.7843222667265,643.4040386393795,0,0,0.24434385775048478,0.19708619460264595,0
618865,1029,508.9916930121066,409.0748620497963,1,0,0.2242671951823651,0.1878044536744386,2
619365,1030,441.51960449665313,686.4122744809729,0,0,0.10290477743744753,0.15973351787085296,0
619865,1031,662.3688856509439,632.5749092287149,0,0,0.16137842575079034,0.1667661117191506,0
620365,1032,890.1397235923667,643.3984877558457,0,0,0.22773730077975798,0.19183925276971003,0
620865,1033,925.2614779164815,635.9907464031741,0,0,0.23585898569788635,0.1922304548592491,0
621365,1034,943.8379521877351,664.7888338658167,0,0,0.2448000449694535,0.20200633793750677,0
621820,1035,337.14117321953734,651.1802494019247,0,1,0.07665406682279187,0.1609554400304505,1
622320,1036,1020.20262767525,646.3956111867359,0,0,0.2645242688984728,0.204838620486367,0
622812,1037,836.5933764542079,622.0319544825155,1,0,0.21688839575830868,0.17763520112358513,2
623312,1038,802.0848459742784,627.8024915218708,0,0,0.19918741751599722,0.17785887950182064,0
623812,1039,824.3194820783906,602.7976808321844,0,0,0.2046340168193162,0.17416965847576701,0
624312,1040,948.2983629719153,652.7551214622844,0,0,0.24449462090028362,0.19926417459240114,0
624812,1041,926.5202704581026,648.3601352767412,0,0,0.23780190863422676,0.19591951077544661,0
625312,1042,905.3720976154967,612.5783829824777,0,0,0.2282372879445353,0.18355937113623036,0
625812,1043,937.8263563762221,632.526287021834,0,0,0.2398371979880599,0.1935690128472517,0
626312,1044,821.294752032044,672.3326142451045,0,0,0.20983138924644973,0.19207843332683835,0
626766,1045,778.1505047998173,652.0207671822834,1,0,0.22803416095224877,0.20056412321661157,2
627266,1046,970.3777157107695,647.3658642483447,0,0,0.2519495401893414,0.20025307242682744,0
627766,1047,977.2514593480037,662.8001062171265,0,0,0.2550655994346328,0.20558709753328758,0
628266,1048,872.5271350471166,561.5182997760811,0,0,0.21389146356197652,0.16769273304070276,0
628766,1049,958.8754561520204,666.6135251874503,0,0,0.2499780426455446,0.20384817206721978,0
629084,1050,559.9313347216172,486.18153568584734,1,0,0.24179388646078953,0.2127329059766974,2
629584,1051,1008.5353561165894,621.9152992967544,0,0,0.25829498814444385,0.1962502288258963,0
630084,1052,961.1636871409224,707.5241189969041,0,0,0.25392264879122267,0.21508781797593476,0
630584,1053,963.5134551743771,676.3298149284769,0,0,0.2526392773113747,0.20760184661013614,0
631084,1054,1018.1768988056564,654.1537178929182,0,0,0.2648950295573188,0.2074699855300139,0
631584,1055,945.3315187072837,710.1654566370655,0,0,0.24873496468057232,0.21391408327795391,0
632084,1056,963.4934029990238,656.4085039540939,0,0,0.25059422703117096,0.20218327905797887,0
632584,1057,1012.2220831897829,654.4267596399254,0,0,0.263741704809517,0.20638809001595654,0
633084,1058,996.8748469298464,704.3363012071725,0,0,0.26489624976735887,0.21855787106643437,0
633584,1059,961.512142609478,696.427607283377,0,0,0.2532798423275595,0.2123743628988318,0
634084,1060,985.9831553244215,709.0509724721628,0,0,0.26040629155295797,0.21795087333491572,0
634584,1061,929.5216537957406,695.2964384332179,0,0,0.24347195015095646,0.20861246251756135,0
635084,1062,970.497003049088,687.0428588218064,0,0,0.25325151630014126,0.21028362592404293,0
635584,1063,1009.3521097323897,672.6483538309041,0,0,0.265016210932365,0.21097526625534294,0
636084,1064,939.8992954621301,634.605438613588,0,0,0.24094345075710205,0.19420094892288306,0
636584,1065,948.8224495444409,589.2586251115395,0,0,0.23885823347060978,0.18280449784299144,0
637074,1066,912.0061881575109,630.012518486152,1,0,0.24288842673670502,0.1899168844635084,2
637574,1067,938.5407244380581,623.1091794252458,0,0,0.23906856709504873,0.19077953523873117,0
637800,1068,386.93597933064984,333.5631885249223,1,0,0.23392844310000097,0.19920832096208885,2
638300,1069,925.0211275601866,197.49090613920174,0,0,0.18396317493779604,0.05369498183709114,0
638800,1070,1009.8460570693054,602.7266854713556,0,0,0.25774178407989484,0.19135954323790783,0
639300,1071,1033.302347042969,652.9788723236964,0,0,0.26893754158566446,0.2068327761604341,0
639800,1072,866.285221049863,668.8076676353692,0,0,0.2223029383118086,0.19607233475219368,0
640300,1073,1002.1055302003542,676.2908654015536,0,0,0.26165388103159226,0.211048465983826,0
640800,1074,1007.4079923475898,628.7702814290371,0,0,0.2586224854529288,0.19823672441736767,0
641300,1075,986.2374998117849,725.3852919849577,0,0,0.26243599151990665,0.22203864338374923,0
641800,1076,966.8941811918279,635.5237526579931,0,0,0.24793127647384822,0.19541891799500674,0
642300,1077,1023.2227774557794,704.7460066986034,0,0,0.2705518244296523,0.22097965974387343,0
642800,1078,956.9610052618891,616.2349239968855,0,0,0.24393547396047804,0.1904261964095198,0
643300,1079,973.208082582218,651.1503244047086,0,0,0.25179486229571013,0.2013093479979078,0
643800,1080,970.8273208510898,622.5604417615813,0,0,0.24909554731368863,0.19365644859815914,0
644300,1081,953.1552297547041,625.7949753537282,0,0,0.24429816837222562,0.19373382080225343,0
644800,1082,903.2799447136462,674.2036943946262,0,0,0.233722603154721,0.20080431266654372,0
645300,1083,930.4187423349518,641.1937350441231,0,0,0.23749889707861538,0.19445372788483758,0
645800,1084,1043.1881425394338,593.4294918831234,0,0,0.2642584808927045,0.19209871571705864,0
646300,1085,981.9488550567556,619.7109060990399,0,0,0.2518194963991178,0.19428849158686007,0
646800,1086,1008.33433848929,663.9015921533105,0,0,0.261819346854218,0.20800330167526807,0
647145,1087,664.1354869639107,489.760765327005,1,0,0.25634484779471944,0.20618172669534474,2
647645,1088,1051.0189991663224,683.9408180717592,0,0,0.27523810340233645,0.21756637463722225,0
648145,1089,907.2652262946631,632.0650051461216,0,0,0.23064885296059945,0.19048639868851652,0
648645,1090,992.273596028617,695.107805092044,0,0,0.2598004247226806,0.2144815046321256,0
649145,1091,1016.9312993851964,642.5071215289744,0,0,0.2622904552146354,0.20362290406710123,0
649645,1092,1022.3354193622097,650.1412052720011,0,0,0.26482822226372105,0.20602462293203772,0
650145,1093,1042.345062134218,679.9862181375323,0,0,0.2719859197742713,0.21531578769116966,0
650645,1094,978.6607768050798,615.0607895359536,0,0,0.24943477164708402,0.1922229628889824,0
651145,1095,941.372950172827,666.7206506126005,0,0,0.24273557836539292,0.2019635576298996,0
651645,1096,990.2503286174976,639.2664116969158,0,0,0.25478263161706255,0.19998408258667602,0
652145,1097,1032.895653312014,665.1989619341988,0,0,0.2684217339982199,0.21140031204798237,0
652645,1098,977.1569179340638,605.6889845035554,0,0,0.24791184934347354,0.18970729689684487,0
653145,1099,1004.8869133535562,685.2728418572908,0,0,0.2627338261220049,0.2132886069325449,0
653645,1100,1006.0402955872162,593.1774063952313,0,0,0.2531607336298945,0.18651864668556917,0
654145,1101,953.2492024905465,626.6305666886592,0,0,0.2426520618077444,0.1927157126576401,0
654645,1102,1003.6535800463806,640.6285025738651,0,0,0.2583163715984882,0.2017430686300187,0
655145,1103,1036.0285323144253,701.0731972648936,0,0,0.2734392973127982,0.22071799590108995,0
655645,1104,957.0475089825528,653.2381361616145,0,0,0.24584790656079325,0.19990707387797382,0
656145,1105,988.1652752634594,685.1640560405698,0,0,0.25772483666311236,0.21150232327247853,0
656645,1106,989.4730276929926,737.9913530934601,0,0,0.2632910719176814,0.2251256454982919,0
656759,1107,130.4441960112784,146.14832198775545,0,1,0.10864238635579482,0.16182606583465203,1
657259,1108,1037.9240259637718,678.2146197613486,0,0,0.27326506250297156,0.21534741984818548,0
657759,1109,1056.7607507007647,679.3826985650205,0,0,0.2784169879768554,0.2173130104863844,0
657780,1110,-6.870286577797858,42.21385572151079,1,0,0.008865922612025703,0.0,2
658025,1111,443.7050554647361,377.0077672762615,1,0,0.24809639595142424,0.21317566772654833,2
658525,1112,1032.288951234678,664.1079400492824,0,0,0.2673332410381677,0.20911311244303457,0
659025,1113,1021.0710078050708,688.5949633717747,0,0,0.2677492636983633,0.2159915234245693,0
659525,1114,974.4218984817959,565.4178528989784,0,0,0.24037970509323034,0.17701855896457255,0
659566,1115,4.550935152672569,54.14373055626437,1,0,0.007594061753158702,0.0008755323757943563,2
660066,1116,1088.6235877532104,617.8913223928282,0,0,0.2798975948450522,0.20352124620584242,0
660104,1117,-4.320107471299943,68.36649891077018,1,0,0.007722744567913838,0.062392034123751175,2
660604,1118,1061.8858958542335,620.6440226079403,0,0,0.2724051083858806,0.20136043296434267,0
660636,1119,-3.21137929730212,4.155445361810102,1,1,0.0002641156302402606,0.00045821301633347793,0
660662,1120,-4.48156767394978,49.582574511863854,1,0,0.008401581340191287,0.00018235080575865843,2
660690,1121,-4.312209770802333,2.327459876277466,1,1,0.006809600547906146,0.00568402945207157,0
661190,1122,962.6215538407746,627.4467398343178,0,0,0.24484029519255263,0.19332290962082713,0
661690,1123,1055.5382712846115,678.1951322792289,0,0,0.27630547972416414,0.21672706092261929,0
661733,1124,5.529262854279789,58.338426053035946,1,0,0.005817007026388874,4.37396184723889e-05,2
662233,1125,1044.6736816645764,669.6677596040143,0,0,0.2736144808827498,0.21333512299098245,0
662264,1126,-0.9460118937477233,47.75341502018587,1,0,0.010491983857008566,0.0009950655973546742,2
662319,1127,11.790980719518696,62.41534731069309,1,0,0.002729653192619566,0.00018080705978108715,2
662819,1128,916.4567804198365,690.5561805290414,0,0,0.23739118330857506,0.20612207141161293,0
662850,1129,-3.599869858401501,0.6443876509706321,1,1,0.0032909279473121865,0.00043563569507305106,0
662908,1130,15.786314653863183,59.97571074776296,1,0,0.009342069205321421,0.0009124616101796193,2
662953,1131,6.613058392071551,9.8872362356332,1,1,0.0051503606943197645,0.0007820974623302424,0
662976,1132,-9.25862173620325,45.987334091924936,1,0,0.0041368114336417725,0.007639752810117566,2
663003,1133,-5.355243878475163,2.490627628253371,1,1,0.004205136553509722,0.0009254650366308175,0
663053,1134,10.453165336060543,61.405806760475514,1,0,0.004465329807287857,0.0025320128595358593,2
663102,1135,8.666472705923631,56.042392172056964,1,0,0.0033540639894117444,0.0,2
663128,1136,-6.660923927952885,50.213237121854945,1,0,0.0010127919588382144,0.0004949395470108533,2
663448,1137,674.4010584650496,15.864683651379645,1,0,0.2025478234108872,0.00014063563742534144,2
663503,1138,13.80550322495857,57.87094611237574,1,0,0.008606400751302014,5.430118249453828e-05,2
663562,1139,11.785945000659858,64.69857819722458,1,0,0.003196553473252172,5.709811741467312e-06,2
663608,1140,6.7816397989223915,55.44485724421922,1,0,0.007290104458715613,0.001432536774874135,2
663744,1141,74.24793408609278,97.18864406382608,1,0,0.015932636121674955,0.0007760972400328374,2
664244,1142,1054.4238916220513,617.2752079686795,0,0,0.2708191456659325,0.20045900990038543,0
664392,1143,66.91192765575073,111.81870799657314,1,0,0.011880042124466026,0.0008007053320931362,2
664784,1144,194.06465675517225,232.41556072540385,1,0,0.0071266649932689745,0.0003230783086666982,2
664820,1145,4.946246927683081,51.15976801845825,1,0,0.020611722010393994,0.00043250815449667756,2
665320,1146,205.95244081200156,427.94015151574865,0,0,0.014029931623485198,0.05662398557800725,0
665360,1147,1.7260896038444358,56.06090674493495,1,0,0.008381079520544715,0.000771009045611198,2
665440,1148,31.07694427140495,73.0712708672522,1,0,0.01530892516227668,0.000785255674865158,2
665506,1149,19.283887701713635,20.48328898898815,1,1,0.010615832223317,0.000315550265192452,0
665709,1150,101.00285524684611,134.5507380670481,1,0,0.007808191038357899,0.0001470751498455418,2
666084,1151,733.8757620473651,37.63828086880427,1,0,0.18585708229756878,0.0009046810055245492,2
666584,1152,1021.8469420484392,712.7811936785295,0,0,0.26952458077279107,0.2215739741198904,0
667084,1153,1187.3144312138718,-56.28874558551452,0,0,0.2287105196130336,0.00047864777153419034,0
667584,1154,1025.080469163457,666.2162779687571,0,0,0.2669039797259523,0.20951382724376721,0
668084,1155,1041.5578150917888,663.960948611556,0,0,0.2712041126386716,0.21119772407213083,0
668584,1156,1193.1412111757263,-75.6286114127186,0,0,0.2330369436831821,0.0002828688211747694,0
669084,1157,998.4478598926195,651.0563534830984,0,0,0.25768122086192485,0.20304838384929141,0
669584,1158,1043.3903718402046,601.9281829811052,0,0,0.26497394774694844,0.19267641352098774,0
670084,1159,1070.7493684422416,644.3694666641851,0,0,0.27789210854589436,0.20842727105406367,0
670584,1160,985.1770827158779,717.3504415445124,0,0,0.25919212047873635,0.21921580866470597,0
670624,1161,38.19030424234276,45.342836346124244,1,0,0.1166396776441753,0.007566412937893721,2
671124,1162,991.8329534917601,655.268859789758,0,0,0.2565138424419367,0.20441700757493222,0
671282,1163,315.335975277346,24.049118193902785,1,0,0.19950036438457344,3.857336212576273e-05,2
671782,1164,1029.4954752411084,617.7602251505641,0,0,0.26393177493022574,0.19654678000093717,0
672282,1165,1083.3912469453926,388.5046471593075,0,0,0.25388300061275115,0.13201127077034705,0
672782,1166,1028.9746791036625,747.5221333882803,0,0,0.2744857669449385,0.23046806623999136,0
673282,1167,1041.898667768752,687.2255926668965,0,0,0.27263847507239036,0.2160462422301257,0
673782,1168,714.3849576914679,721.3470483054408,0,0,0.1842738163454206,0.1940742093594178,0
674282,1169,474.18223543824894,205.5385420129401,0,0,0.05409051667489173,0.00041662814319094646,0
674780,1170,967.1551678922077,115.94529080020493,1,0,0.18820469912865173,0.020182623330274613,2
675280,1171,897.0498500029247,52.42649522151644,0,0,0.15865535232962186,0.0011876631816866614,0
675780,1172,1108.0449458029643,-23.736105169241853,0,0,0.20931330634995055,0.0017828155083650164,0
676280,1173,291.8730626694046,255.74946176423853,0,0,0.011328968529500102,0.0008261550983520059,0
